ingredient,frequency,Dietrx_Category
salt,7673,Additive
onion,8856,Vegetable
butter,4337,Dairy
water,4128,Additive
garlic clove,6529,Herb
olive oil,5388,Plant Derivative
sugar,1807,Additive
egg,1852,Meat
tomato,3473,Vegetable
black pepper,3847,Spice
garlic,4156,Herb
milk,1319,Dairy
pepper,2601,Spice
salt pepper,2531,Spice
flour,1389,Cereal
cinnamon,1287,Additive
parsley,2087,Spice
lemon juice,1800,Beverage
purpose flour,1134,Cereal
vegetable oil,2366,Additive
cumin,2658,Spice
carrot,2509,Vegetable
cream,1792,Dairy
ginger,2629,Spice
cilantro,2369,Herb
parmesan cheese,1719,Dairy
soy sauce,2588,Condiment
beef,501,Meat
oregano,1620,Spice
potato,1298,Vegetable Tuber
green onion,1975,Herb
brown sugar,902,Additive
oil,1446,Additive
basil,1166,Herb
chicken broth,5913,Meat
lemon,1136,Fruit
lime juice,1232,Beverage
extra virgin olive oil,836,Plant Derivative
chicken breast,5396,Meat
white sugar,290,Additive
mushroom,1413,Fungi
paprika,1349,Vegetable Fruit
bay leaf,1401,Plant
chili powder,1308,Spice
garlic powder,1107,Herb
thyme,1344,Herb
cornstarch,1469,Maize
celery,1477,Herb
red onion,833,Vegetable
cheddar cheese,935,Dairy
nutmeg,515,Spice
vanilla extract,8,Additive
cayenne pepper,1077,Spice
red pepper flake,1025,Vegetable
honey,710,Plant Derivative
white wine,1485,Beverage-Alcoholic
coriander,1045,Herb
red bell pepper,1165,Vegetable Fruit
tomato paste,876,Vegetable
salt black pepper,908,Vegetable Fruit
chicken,3589,Meat
mozzarella cheese,542,Dairy
tomato sauce,682,Condiment
almond,536,Nuts and Seeds
clove,578,Spice
kosher salt,675,Additive
bacon,645,Meat
worcestershire sauce,422,Additive
red pepper,854,Vegetable Fruit
green bell pepper,828,Vegetable Fruit
turmeric,878,Spice
cream cheese,304,Dairy
rice,1073,Cereal
heavy cream,622,Dairy
mayonnaise,401,Condiment
egg yolk,176,Meat
vanilla,4,Legume
sesame oil,879,Essential Oil
shallot,809,Seafood
green pepper,602,Vegetable
chicken stock,2668,Meat
scallion,804,Herb
zucchini,569,Vegetable
salsa,696,Condiment
spinach,517,Vegetable
canola oil,577,Plant Derivative
green chilies,750,Vegetable
shrimp,550,Seafood
sea salt,345,Additive-Salt
breadcrumb,425,Bakery
orange juice,329,Fruit
lime,572,Fruit
raisin,305,Fruit
red wine,358,Beverage-Alcoholic
cucumber,320,Gourd
jalapeno pepper,470,Spice
beef broth,144,Meat
coconut milk,816,Fruit
egg white,214,Meat
curry powder,892,Herb
yellow onion,638,Vegetable
rosemary,544,Herb
black bean,667,Legume
avocado,396,Essential Oil
feta cheese,302,Dairy
flour tortilla,667,Bakery
red wine vinegar,285,Plant Derivative
coconut,175,Beverage
dijon mustard,335,Condiment
mint,288,Herb
walnut,102,Nuts and Seeds
mustard,204,Spice
black olive,333,Plant
lemon zest,289,Fruit
fish sauce,736,Condiment
basil leaf,344,Herb
cheese,398,Dairy
sesame seed,419,Cereal
cumin seed,285,Spice
vinegar,284,Plant Derivative
corn,508,Maize
pork,394,Meat
white pepper,574,Spice
allspice,311,Spice
margarine,240,Additive
pea,527,Legume
balsamic vinegar,277,Additive-Vinegar
chicken breast half,1681,Meat
monterey jack cheese,550,Dairy
gingerroot,567,Spice
white vinegar,284,Plant Derivative
chive,299,Vegetable
onion powder,333,Spice
plain yogurt,394,Dairy
orange,145,Fruit
white onion,412,Vegetable
dill,220,Herb
ketchup,231,Additive
italian seasoning,327,Herb
apple,114,Fruit
peanut oil,529,Plant
jalapeno,356,Spice
flat leaf parsley,285,Spice
corn tortilla,569,Bakery
green bean,262,Cereal
ham,264,Meat
ricotta cheese,116,Dairy
cabbage,274,Vegetable
eggplant,119,Vegetable
whipping cream,166,Dairy
garam masala,394,Spice
rice vinegar,345,Additive-Vinegar
peanut,372,Nuts and Seeds
bell pepper,324,Vegetable Fruit
caster sugar,29,Additive
celery rib,416,Herb
pecan,55,Nuts and Seeds
banana,57,Fruit
mint leaf,188,Herb
leek,413,Vegetable
pine nut,216,Nuts and Seeds
cardamom,196,Spice
plain flour,132,Cereal
cilantro leaf,348,Herb
chocolate,31,Plant Derivative
caper,210,Fruit
chicken thigh,1174,Meat
buttermilk,82,Dairy
strawberry,9,Fruit
grain rice,472,Cereal
swiss cheese,193,Dairy
garlic salt,281,Spice
bread,106,Bakery
lettuce,241,Vegetable
confectioner ' sugar,4,Additive-Sugar
plum tomato,211,Vegetable
cold water,169,Additive
rom tomato,206,Vegetable
chickpea,190,Legume
cocoa powder,34,Seed
cooking oil,310,Additive
cherry tomato,172,Fruit
white rice,382,Cereal
cider vinegar,153,Plant
mango,145,Fruit
vegetable broth,43,Dish
cayenne,220,Vegetable
cooking spray,217,Additive
pineapple,133,Beverage
black peppercorn,216,Spice
italian sausage,181,Meat
yogurt,228,Dairy
shortening,42,Additive
lamb,90,Meat
sherry,348,Beverage-Alcoholic
orange zest,103,Fruit
maple syrup,58,Additive
bean,123,Legume
tomato juice,200,Vegetable
sage,292,Herb
beef stock,42,Meat
spaghetti,172,Cereal
spring onion,190,Herb
coriander leaf,217,Herb
wheat flour,32,Cereal
steak,76,Fish
hot water,144,Additive
icing sugar,5,Additive-Sugar
turkey,185,Meat
kalamata olive,181,Plant
cream mushroom soup,305,Dish
tomato puree,210,Vegetable
tabasco sauce,162,Additive
white wine vinegar,149,Plant Derivative
peanut butter,267,Additive
olive,194,Plant
sauce,203,Additive
beer,131,Beverage
turmeric powder,156,Spice
oyster sauce,337,Seafood
marjoram,163,Spice
pasta,191,Cereal
basmati rice,263,Cereal
bean sprout,281,Legume
brown rice,221,Cereal
red chilies,184,Vegetable
fennel seed,127,Herb
almond extract,3,Nuts and Seeds
brandy,81,Beverage-Alcoholic
coriander seed,160,Herb
broccoli,234,Flower
vegetable stock,20,Vegetable
lemongrass,291,Herb
chocolate chip,4,Additive
ice,2,Additive
tofu,115,Plant Derivative
caraway seed,70,Spice
french bread,61,Bakery
mustard seed,52,Vegetable
red chili powder,128,Vegetable
green olive,160,Plant
tortilla chip,214,Bakery
cottage cheese,43,Dairy
rum,30,Beverage-Alcoholic
ghee,99,Dairy
chili sauce,160,Condiment
coffee,5,Beverage Caffeinated
sharp cheddar cheese,130,Dairy
hoisin sauce,226,Condiment
kidney bean,89,Legume
artichoke heart,178,Flower
cornflour,171,Maize
apricot,161,Fruit
garbanzo bean,158,Legume
self raising flour,6,Cereal
cornmeal,54,Maize
heavy whipping cream,122,Dairy
red potato,122,Vegetable Tuber
pineapple juice,67,Beverage
italian parsley,128,Spice
button mushroom,182,Fungi
pinto bean,116,Legume
seasoning salt,145,Additive
oat,9,Cereal
spaghetti sauce,87,Condiment
molasses,39,Additive
corn kernel,174,Maize
kernel corn,173,Maize
tarragon,178,Herb
bread flour,6,Cereal
hard egg,104,Meat
cashew,186,Nuts and Seeds
yellow bell pepper,136,Vegetable Fruit
water chestnut,264,Vegetable
saffron,222,Spice
date,40,Fruit
dark brown sugar,75,Additive-Sugar
asparagus,138,Vegetable
sherry wine,196,Beverage-Alcoholic
cauliflower,83,Flower
confectioner sugar,1,Additive-Sugar
pepper sauce,147,Condiment
green pea,159,Legume
mexican cheese,179,Dairy
peppercorn,137,Spice
cocoa,6,Seed
sausage,116,Dish
grain white rice,252,Cereal
cream chicken soup,564,Meat
white bread,61,Bakery
prosciutto,151,Meat
coriander powder,125,Herb
puff pastry,70,Bakery
parmigiano reggiano cheese,124,Dairy
ice cube,1,Additive
sun tomato,148,Vegetable
shiitake mushroom,194,Fungi
cranberry,57,Fruit
curry leaf,64,Herb
broccoli floret,178,Flower
provolone cheese,65,Dairy
red chili pepper,128,Vegetable
couscous,227,Dish
apple cider vinegar,83,Plant
bread crumb,113,Bakery
chorizo sausage,161,Meat
raspberry,6,Fruit
golden raisin,97,Fruit
cumin powder,125,Spice
mirin,120,Beverage-Alcoholic
greek yogurt,104,Dairy
lasagna noodle,66,Cereal
corn syrup,19,Maize
blueberry,8,Fruit
lime wedge,138,Fruit
lentil,110,Legume
lime zest,115,Fruit
chili pepper,116,Spice
currant,58,Fruit
horseradish,24,Vegetable
romaine lettuce,106,Vegetable
thyme leaf,126,Herb
sauerkraut,55,Vegetable
vodka,18,Beverage-Alcoholic
salmon fillet,27,Fish
rice wine vinegar,138,Additive-Vinegar
russet potato,98,Vegetable Tuber
tortilla,158,Dish
beef bouillon cube,32,Meat
baby spinach,111,Vegetable
tahini,27,Dish
penne pasta,128,Cereal
romano cheese,89,Dairy
egg noodle,116,Meat
salmon,17,Fish
oregano leaf,100,Spice
chipotle chile adobo,130,Vegetable
vegetable,97,Vegetable
goat cheese,49,Dairy
pork chop,80,Meat
tomatillo,160,Vegetable
dark soy sauce,175,Condiment
cannellini bean,162,Legume
beef stew meat,26,Meat
green chili pepper,114,Vegetable
snow pea,161,Legume
hazelnut,14,Nuts and Seeds
cardamom pod,119,Spice
dill weed,68,Herb
sake,120,Beverage-Alcoholic
saffron thread,174,Spice
arborio rice,236,Cereal
rice wine,160,Beverage-Alcoholic
pork tenderloin,95,Meat
stewing beef,19,Meat
gruyere cheese,56,Dairy
pistachio,39,Nuts and Seeds
peach,24,Fruit
pita bread,69,Bakery
pumpkin,73,Fruit
onion soup mix,48,Dish
dark chocolate,9,Plant
green chili,69,Vegetable
chicken bouillon cube,404,Meat
nut,10,Nuts and Seeds
enchilada sauce,141,Condiment
cherry,23,Additive
creme fraiche,82,Dairy
tomato soup,36,Dish
baby carrot,95,Vegetable
ginger root,122,Spice
lemon wedge,88,Fruit
chilies,110,Spice
gelatin,7,Additive
barbecue sauce,73,Condiment
celery seed,48,Spice
granny smith apple,64,Fruit
red capsicum,89,Vegetable
cream tartar,2,Fruit
crabmeat,54,Seafood
beef steak,11,Meat
linguine,103,Cereal
dark rum,31,Beverage-Alcoholic
italian tomato,86,Vegetable
marinara sauce,61,Additive
baking potato,64,Vegetable
english cucumber,37,Gourd
red kidney bean,57,Legume
butternut squash,124,Fruit
lettuce leaf,68,Vegetable
parsley flake,85,Spice
pear,13,Fruit
vanilla essence,1,Additive
elbow macaroni,48,Cereal
large shrimp,71,Seafood
self rising flour,12,Cereal
radish,53,Vegetable
cake flour,3,Cereal
pepperoni,31,Meat
mustard powder,45,Spice
lemon peel,53,Fruit
parsnip,50,Vegetable
beet,33,Vegetable
sunflower oil,55,Plant Derivative
pesto sauce,78,Herb
vanilla ice cream,0,Dish
spice,39,Spice
green cabbage,63,Vegetable
beef brisket,11,Meat
turnip,59,Vegetable
corn oil,82,Maize
grape tomato,69,Vegetable
mussel,75,Seafood
superfine sugar,8,Additive-Sugar
italian breadcrumb,104,Bakery
orzo pasta,159,Cereal
pancetta,74,Meat
tomato green chilies,130,Spice
pie crust,35,Bakery
parsley leaf,68,Spice
apple juice,42,Fruit
rose water,16,Additive
anchovy fillet,34,Fish
spinach leaf,76,Vegetable
blue cheese,43,Dairy
green chile pepper,89,Vegetable
new potato,56,Vegetable Tuber
star anise,86,Spice
celery salt,59,Spice
half cream,66,Dairy
garlic paste,95,Herb
red chile,67,Vegetable
poppy seed,25,Spice
sultana,38,Fruit
pineapple chunk,104,Beverage
rice flour,27,Cereal
bamboo shoot,160,Plant
white flour,21,Cereal
ginger paste,91,Spice
yellow pepper,71,Spice
rice noodle,129,Cereal
prune,69,Fruit
red lentil,69,Legume
vanilla bean,1,Legume
cajun seasoning,98,Plant Derivative
feta,40,Dairy
jasmine rice,132,Cereal
pork shoulder,65,Meat
anise seed,26,Spice
baby spinach leaf,75,Vegetable
iceberg lettuce,74,Vegetable
kaffir lime leaf,127,Plant
soya sauce,108,Condiment
chili flake,76,Spice
spanish onion,67,Vegetable
yukon gold potato,62,Vegetable
chicken bouillon,284,Meat
italian bread,19,Bakery
pork loin,60,Meat
serrano pepper,62,Vegetable
onion flake,65,Spice
prawn,61,Seafood
kosher salt black pepper,75,Spice
chili,46,Spice
hamburger,26,Bakery
chicken wing,274,Meat
dark sesame oil,61,Essential Oil
beef tenderloin,9,Meat
triple sec,2,Beverage-Alcoholic
clam,55,Seafood
sage leaf,78,Herb
asafoetida powder,15,Additive
italian salad dressing,71,Condiment
mascarpone cheese,17,Dairy
angel hair pasta,91,Cereal
ginger garlic paste,86,Spice
tuna,10,Fish
orange peel,25,Fruit
mace,60,Spice
applesauce,11,Fruit
baguette,36,Bakery
red cabbage,39,Vegetable
coconut cream,60,Fruit
broth,41,Vegetable
fig,18,Fruit
golden syrup,1,Plant Derivative
poblano chile,91,Vegetable
fennel bulb,48,Herb
phyllo pastry,26,Bakery
beef roast,7,Meat
white bean,71,Legume
phyllo dough,32,Bakery
chuck,20,Meat
monterey jack pepper cheese,62,Dairy
yellow cornmeal,24,Maize
yellow squash,65,Fruit
fenugreek seed,37,Herb
habanero pepper,48,Condiment
lemon pepper,74,Spice
maraschino cherry,0,Beverage-Alcoholic
okra,49,Vegetable
lard,34,Meat
leg lamb,15,Meat
swiss chard,58,Vegetable
guacamole,97,Dish
palm sugar,78,Additive-Sugar
cremini mushroom,67,Fungi
double cream,23,Dairy
chinese five spice powder,78,Spice
hungarian paprika,66,Vegetable
white mushroom,71,Fungi
pimiento,75,Condiment
quinoa,44,Cereal
hamburger bun,20,Bakery
ice water,12,Additive
sherry wine vinegar,41,Beverage-Alcoholic
poblano pepper,87,Vegetable
portabella mushroom,45,Fungi
cognac,34,Beverage-Alcoholic
black mustard seed,17,Vegetable
pecorino romano cheese,36,Dairy
grain mustard,55,Condiment
kale,78,Vegetable
chili paste,83,Plant Derivative
head cabbage,38,Vegetable
nonstick cooking spray,56,Additive
sun tomato oil,48,Vegetable
yellow mustard,20,Spice
chuck roast,16,Dish
table salt,45,Additive
dill pickle,26,Herb
extra beef,19,Meat
salad green,56,Vegetable
mexican oregano,62,Spice
napa cabbage,71,Vegetable
veal,44,Meat
wonton wrapper,50,Herb
creamy peanut butter,89,Additive
fettuccine,62,Cereal
chicken bouillon granule,218,Meat
jalapeno chile,50,Spice
garam masala powder,50,Spice
pork sausage,34,Meat
american cheese,32,Dairy
arugula,22,Vegetable
beef bouillon,13,Meat
papaya,30,Fruit
red chile pepper,59,Vegetable
roast beef,5,Meat
fine breadcrumb,37,Bakery
green chile,73,Vegetable
panko breadcrumb,71,Bakery
teriyaki sauce,72,Condiment
wine vinegar,22,Plant Derivative
beef chuck,16,Meat
sirloin,16,Meat
vegetable shortening,19,Additive
coconut oil,34,Fruit
french baguette,10,Bakery
sunflower seed,17,Plant Derivative
bok choy,90,Vegetable
pizza sauce,24,Additive
queso fresco,61,Dairy
roasting chicken,211,Meat
beef chuck roast,12,Meat
thai basil,79,Herb
watercress,40,Plant
serrano chilies,52,Vegetable
oatmeal,6,Cereal
tamarind paste,51,Fruit
salad oil,35,Plant Derivative
chili pepper flake,48,Spice
part mozzarella cheese,29,Dairy
scallop,28,Seafood
wine,40,Beverage-Alcoholic
yoghurt,42,Dairy
asiago cheese,47,Dairy
velveeta cheese,42,Dairy
macaroni,26,Plant
catsup,25,Additive
fennel,39,Herb
five spice powder,66,Spice
rigatoni pasta,48,Cereal
nori,13,Seafood
port wine,33,Beverage-Alcoholic
taco sauce,35,Condiment
wild rice,77,Dish
marshmallow,0,Bakery
marsala wine,86,Beverage-Alcoholic
orange bell pepper,43,Vegetable Fruit
penne,39,Cereal
apple cider,29,Beverage-Alcoholic
lemon juice zest,31,Beverage
sirloin steak,16,Meat
harissa,43,Vegetable
pearl barley,49,Beverage-Alcoholic
pizza crust,42,Bakery
tamari,23,Condiment
tart apple,19,Fruit
grand marnier,2,Beverage-Alcoholic
meat,17,Meat
vermouth,50,Beverage-Alcoholic
chicken leg,189,Meat
splenda sugar substitute,21,Vegetable
wheat bread,17,Bakery
cashew nut,72,Nuts and Seeds
cauliflower floret,20,Flower
picante sauce,46,Condiment
polenta,32,Dish
cardamom powder,20,Spice
thyme leave,47,Herb
berry,1,Berry
hot sauce,42,Additive
apricot jam,19,Fruit
black eyed pea,30,Legume
chipotle chile,54,Spice
brown onion,59,Vegetable
colby monterey jack cheese,62,Dairy
pizza dough,17,Bakery
asparagus spear,25,Vegetable
barley,41,Cereal
macadamia nut,23,Nuts and Seeds
watermelon,3,Fruit
chili oil,63,Plant Derivative
nonfat milk,16,Dairy
red chili,29,Vegetable
fettuccine pasta,48,Cereal
plantain,44,Fruit
vidalia onion,40,Vegetable
orange marmalade,30,Fruit
tea,1,Plant
olive oil cooking spray,46,Additive
parsley sprig,41,Spice
adobo seasoning,63,Additive
jicama,21,Vegetable
anchovy,15,Fish
irish cream,0,Dairy
kiwi fruit,9,Fruit
semolina,3,Cereal
soymilk,10,Plant Derivative
beef sirloin steak,6,Meat
raspberry jam,1,Fruit
rotini pasta,42,Cereal
serrano chili,30,Spice
red chili pepper flake,56,Spice
vegetable oil cooking spray,33,Additive
gorgonzola,37,Dairy
pepperoncini pepper,16,Vegetable
adobo sauce,39,Additive
beef rib,14,Meat
noodle,29,Cereal
stew meat,8,Meat
egg substitute,15,Dish
ladyfinger,0,Vegetable
great northern bean,63,Legume
kielbasa,45,Meat
rhubarb,3,Vegetable
ancho chile powder,45,Vegetable
lamb shoulder,26,Meat
pie shell,4,Bakery
onion salt,28,Spice
vanilla sugar,1,Additive-Sugar
cilantro stem,61,Herb
crouton,43,Bakery
alfredo sauce,67,Dish
beef sirloin,13,Meat
cardamom seed,25,Spice
irish whiskey,4,Beverage-Alcoholic
mango chutney,56,Spice
porcini mushroom,55,Fungi
white chocolate,1,Plant Derivative
thyme sprig,38,Herb
ginger powder,40,Spice
tilapia fillet,17,Fish
rye flour,2,Cereal
green cardamom,37,Spice
pistachio nut,22,Nuts and Seeds
chicken drumstick,151,Meat
english muffin,8,Bakery
extra tofu,13,Plant Derivative
thai fish sauce,56,Condiment
wide egg noodle,20,Meat
green cardamom pod,43,Spice
wheat tortilla,37,Bakery
corn flake,28,Maize
fontina cheese,34,Dairy
mint sprig,11,Herb
fish fillet,7,Fish
chili garlic sauce,61,Additive
chipotle pepper,34,Spice
cooking oat,2,Cereal
orange juice concentrate,26,Fruit
pumpkin puree,24,Fruit
scotch bonnet pepper,50,Spice
tomato ketchup,35,Additive
clam juice,21,Beverage-Alcoholic
blackberry,2,Fruit
beef bouillon granule,6,Meat
fine sea salt,17,Additive-Salt
bulk italian sausage,21,Meat
sriracha sauce,41,Condiment
hot italian sausage,38,Meat
italian salad dressing mix,45,Additive
malt vinegar,15,Plant Derivative
sea scallop,22,Seafood
ziti pasta,12,Cereal
apricot preserve,25,Fruit
beef consomme,8,Meat
celery leaf,34,Herb
cotija cheese,26,Dairy
graham cracker crumb,0,Bakery
shell pasta,58,Cereal
chocolate syrup,1,Plant Derivative
miso,17,Spice
nonfat cream,31,Dairy
part ricotta cheese,13,Dairy
salami,7,Fish
sambal oelek,45,Dish
club soda,3,Additive
cointreau liqueur,1,Beverage-Alcoholic
plum,14,Fruit
savory,29,Herb
sugar snap pea,47,Legume
chili bean,26,Dish
potato starch,26,Vegetable
wheat germ,5,Cereal
white potato,25,Vegetable
allspice berry,18,Spice
galangal,48,Spice
sea salt black pepper,21,Spice
white pearl onion,33,Vegetable
cooking apple,7,Fruit
dark beer,15,Beverage
daikon radish,23,Vegetable
grenadine,0,Plant Derivative
guinness stout,10,Beverage-Alcoholic
navy bean,30,Legume
rotel,48,Spice
turkey breast,28,Meat
vermicelli,46,Cereal
virgin olive oil,22,Additive
baby corn,51,Maize
cool whip,0,Dairy
cream corn,39,Maize
pecan half,5,Nuts and Seeds
white fish fillet,18,Fish
green enchilada sauce,81,Condiment
hot chili pepper,41,Vegetable
artichoke,26,Flower
bow tie pasta,43,Cereal
chicken liver,130,Meat
cranberry juice,1,Beverage
brussels sprout,13,Vegetable
chicken stock cube,129,Meat
salt pork,21,Meat
sourdough bread,13,Dish
basil pesto,33,Herb
creole seasoning,34,Spice
green lentil,15,Legume
squid,13,Seafood
brown lentil,21,Legume
italian plum tomato,29,Vegetable
rosemary leaf,28,Herb
rotel tomato,52,Vegetable
farfalle pasta,37,Cereal
flax seed,4,Nuts and Seeds
chicken breast fillet,125,Meat
corn chip,24,Maize
pumpkin seed,26,Nuts and Seeds
whiskey,9,Beverage-Alcoholic
white breadcrumb,16,Bakery
burgundy wine,17,Beverage-Alcoholic
cod fish fillet,6,Fish
cream celery soup,35,Dish
hot red pepper flake,30,Spice
ranch dressing,38,Condiment
white rum,4,Beverage-Alcoholic
cantaloupe,3,Fruit
italian cheese,30,Dairy
masa harina,31,Maize
chipotle powder,34,Spice
fish stock,7,Fish
green capsicum,37,Vegetable Fruit
ham hock,45,Meat
herbes de provence,42,Herb
chickpea flour,10,Legume
chile,24,Spice
gruyere,18,Dairy
lamb shank,43,Meat
pork loin chop,25,Meat
brie cheese,21,Dairy
canadian bacon,18,Meat
gouda cheese,19,Dairy
chicken stock vegetable,119,Meat
mandarin orange,25,Plant Derivative
rutabaga,23,Vegetable
chicken meat,118,Meat
cod,15,Fish
flat leaf italian parsley,25,Spice
bacon dripping,19,Meat
clear honey,25,Plant Derivative
fish,7,Fish
pork rib,17,Meat
tamarind pulp,10,Fruit
pico de gallo,41,Condiment
bulgur,13,Cereal
meatball,26,Dish
simple syrup,0,Additive
cheese tortellini,33,Dish
chinese cabbage,34,Vegetable
gin,6,Beverage-Alcoholic
juniper berry,14,Berry
sumac,22,Spice
vanilla pudding mix,0,Dish
head cauliflower,14,Flower
jumbo shrimp,20,Seafood
milk ricotta cheese,4,Dairy
red enchilada sauce,60,Condiment
bailey irish cream,0,Beverage-Alcoholic
corn tortilla chip,33,Maize
savoy cabbage,26,Vegetable
coffee granule,2,Beverage Caffeinated
almond paste,2,Nuts and Seeds
anaheim chilies,45,Spice
fenugreek leaf,25,Herb
rump roast,2,Meat
hot paprika,37,Vegetable
oyster,8,Seafood
rosemary sprig,24,Herb
tomato green chile pepper,37,Spice
beef gravy,6,Dish
hot pepper,22,Spice
manchego cheese,14,Dairy
rye bread,11,Bakery
semolina flour,5,Cereal
black sesame seed,14,Nuts and Seeds
deli ham,21,Meat
madeira wine,27,Beverage-Alcoholic
ranch dressing mix,27,Condiment
pepper flake,18,Vegetable
shrimp paste,28,Seafood
bourbon,10,Beverage-Alcoholic
head garlic,27,Herb
lamb chop,8,Meat
lemon extract,1,Fruit
ra el hanout spice mix,30,Spice
bouquet garni,34,Spice
chick pea,26,Legume
curd cottage cheese,3,Dairy
fava bean,12,Legume
filet beef,9,Meat
panir,1,Dairy
pasta shell,22,Cereal
bamboo skewer,38,Plant
espresso,0,Beverage
grape,15,Fruit
hominy,42,Maize
liquid honey,22,Plant Derivative
saffron strand,36,Spice
ginger ale,2,Beverage-Alcoholic
lime juice zest,28,Beverage
mix,2,Dish
yellow pea,16,Legume
ancho chile,48,Vegetable
aubergine,6,Vegetable
courgette,12,Vegetable
duck,25,Meat
pork loin roast,21,Meat
beef tenderloin steak,10,Meat
black cardamom pod,26,Legume
sushi rice,6,Cereal
pork butt,24,Meat
pumpkin pie spice,4,Spice
purple onion,10,Vegetable
szechuan peppercorn,35,Spice
taco shell,18,Bakery
vanilla yogurt,1,Dairy
vegetable juice,16,Beverage
anchovy paste,13,Fish
pimento olive,31,Dish
plain nonfat yogurt,17,Dairy
ramen noodle,39,Cereal
white chocolate chip,0,Plant Derivative
champagne,3,Beverage-Alcoholic
deli roast beef,0,Meat
urad dal,3,Legume
hoagie,9,Bakery
lima bean,23,Legume
milk chocolate,1,Beverage
red bean,30,Legume
coffee liqueur,1,Beverage-Alcoholic
hot chili sauce,26,Condiment
limeade concentrate,1,Beverage
pork roast,20,Meat
cooking sherry,33,Beverage-Alcoholic
dark corn syrup,6,Maize
egg wrap,21,Meat
french onion soup,7,Vegetable
green tomato,7,Vegetable
hot green chili pepper,23,Vegetable
hot red chili pepper,21,Vegetable
italian sausage link,16,Meat
lump crabmeat,12,Seafood
rice vermicelli,23,Cereal
thai chile,32,Vegetable
agave nectar,3,Additive
chunky peanut butter,39,Additive
cinnamon sugar,3,Additive
green apple,18,Fruit
lite olive oil,25,Plant Derivative
natural yoghurt,31,Dairy
red grape,20,Fruit
romaine lettuce leaf,17,Vegetable
biscuit,11,Bakery
black tea,2,Beverage
ha avocadoes,10,Essential Oil
pea carrot,28,Vegetable
arrowroot,17,Vegetable
bay seasoning,17,Spice
espresso powder,0,Beverage
grain brown rice,34,Cereal
jumbo pasta shell,7,Cereal
no boil lasagna noodle,14,Cereal
silken tofu,12,Plant
streaky bacon,28,Meat
bacon bit,16,Meat
chervil,16,Herb
graham cracker,0,Bakery
splenda granular,3,Vegetable
walnut half,9,Nuts and Seeds
dark red kidney bean,14,Legume
demerara sugar,2,Additive-Sugar
orange blossom water,0,Essential Oil
shortcrust pastry,8,Dish
tuna steak,6,Fish
yellow cake mix,0,Dish
baking chocolate,2,Plant
butter bean,9,Legume
glace cherry,2,Additive
hummus,22,Dish
orange flower water,1,Essential Oil
pork sparerib,6,Meat
squash,28,Fruit
banana pepper,13,Vegetable
coleslaw mix,16,Condiment
grainy mustard,17,Condiment
pecorino cheese,0,Dairy
rump steak,1,Meat
thai chili sauce,30,Condiment
andouille sausage,44,Meat
beef mince,5,Meat
channa dal,3,Legume
escarole,53,Vegetable
ice cream,0,Dish
kirsch,2,Beverage-Alcoholic
manicotti,8,Cereal
mexican tomato,30,Vegetable
pam cooking spray,14,Additive
pimento,16,Condiment
tamarind juice,23,Fruit
bouillon cube,6,Dish
grape leaf,20,Plant
grapefruit juice,2,Beverage
japanese eggplant,14,Vegetable
philadelphia cream cheese,9,Dairy
red apple,13,Fruit
single cream,18,Dairy
strawberry jam,0,Fruit
tuna water,6,Fish
wheat pita bread,18,Cereal
almond milk,4,Nuts and Seeds
beetroot,3,Vegetable
ciabatta,14,Bakery
coconut extract,8,Beverage
gherkin,7,Gourd
kiwi,2,Fruit
pomegranate seed,12,Fruit
saltine cracker,11,Bakery
skirt steak,6,Meat
white button mushroom,26,Fungi
broiler fryer chicken,80,Meat
chow mein noodle,36,Cereal
genoa salami,2,Meat
ketjap manis,28,Condiment
lebanese cucumber,10,Gourd
madras curry powder,27,Herb
mascarpone,3,Dairy
peanut oil vegetable,35,Plant Derivative
syrup,0,Plant Derivative
vegetable bouillon cube,3,Dish
burrito flour tortilla,18,Dish
chicken tender,78,Meat
coconut flake,7,Beverage
english mustard,4,Spice
lemonade,1,Beverage
nonfat milk powder,5,Dairy
tamari soy sauce,13,Condiment
walnut oil,8,Essential Oil
ancho chilies,30,Vegetable
baby bok choy,24,Vegetable
bacon grease,16,Meat
chicken bouillon powder,76,Meat
chipotle pepper adobo sauce,24,Additive
dashi,15,Dish
fajita seasoning mix,43,Spice
orange juice zest,10,Fruit
rotel tomato chilies,29,Dish
season salt,24,Additive
sesame seed oil,25,Cereal
summer squash,12,Fruit
tarragon vinegar,16,Additive-Vinegar
bay scallop,17,Seafood
cayenne powder,23,Vegetable
chicken breast meat,76,Meat
mango powder,4,Spice
string bean,14,Cereal
dark raisin,9,Fruit
green grape,16,Fruit
italian turkey sausage,19,Meat
lime peel,12,Fruit
edamame,12,Legume
fenugreek,15,Herb
miracle whip,11,Dairy
navel orange,7,Fruit
pearl onion,18,Vegetable
pomegranate juice,10,Fruit
rice paper,11,Cereal
barbeque sauce,15,Condiment
plum sauce,24,Condiment
red leaf lettuce,13,Vegetable
tarragon leaf,22,Herb
white peppercorn,18,Maize
amarula cream liqueur,1,Beverage-Alcoholic
baby pea,22,Legume
cheddar cheese soup,21,Dairy
french green bean,20,Cereal
french onion,15,Vegetable
honey mustard,16,Condiment
kaiser,7,Bakery
nonfat plain yogurt,18,Dairy
almond meal,1,Nuts and Seeds
baby portabella mushroom,19,Fungi
green peppercorn,13,Spice
key lime juice,3,Beverage
lemon pepper seasoning,26,Spice
mushroom stem,18,Fungi
red snapper fillet,6,Fish
salmon steak,3,Fish
soda water,0,Beverage
bulb garlic,20,Herb
chicken thigh fillet,70,Meat
collard green,18,Vegetable
garlic granule,13,Herb
guajillo chilies,22,Spice
mini chocolate chip,0,Additive
roast,1,Meat
tapioca,7,Vegetable
white hominy,30,Maize
chestnut,21,Fruit
marsala,26,Beverage-Alcoholic
milk chocolate chip,0,Additive
polish sausage,16,Meat
tapioca flour,5,Vegetable
tapioca starch,13,Vegetable
udon noodle,26,Cereal
vegetable stock chicken,69,Meat
wasabi paste,3,Vegetable
acorn squash,13,Fruit
cider,14,Beverage-Alcoholic
cream coconut,9,Fruit
jaggery,2,Additive
lager beer,11,Beverage-Alcoholic
monterey jack cheddar cheese,31,Dairy
no salt tomato,23,Vegetable
pomegranate molasses,12,Fruit
pork belly,11,Meat
potato flake,7,Vegetable
suet,1,Dish
thai red chili pepper,13,Spice
white cheddar cheese,10,Dairy
chicken cutlet,67,Meat
chinese noodle,28,Cereal
pineapple tidbit,22,Beverage
rice krispies,1,Cereal
soba noodle,11,Cereal
stout beer,2,Beverage-Alcoholic
blue curacao,0,Beverage-Alcoholic
brown mustard seed,5,Vegetable
chuck steak,2,Meat
extra sharp cheddar cheese,8,Dairy
grapeseed oil,16,Essential Oil
lemon grass,31,Essential Oil
ouzo,0,Beverage-Alcoholic
safflower oil,12,Plant Derivative
shaoxing wine,30,Beverage-Alcoholic
bisquick baking mix,10,Cereal
butter margarine,8,Additive
colby cheese,16,Dairy
halibut fillet,3,Fish
mung bean sprout,6,Legume
passion fruit,0,Fruit
xanthan gum,0,Plant Derivative
bread dough,0,Bakery
coconut rum,1,Beverage-Alcoholic
crab,11,Seafood
fire tomato,28,Vegetable
green chili salsa,30,Condiment
italian spice,10,Spice
mushroom soup,15,Dish
risotto rice,25,Cereal
wasabi,3,Vegetable
yam,11,Vegetable
artificial sweetener,5,Vegetable
baby shrimp,10,Seafood
bratwurst,5,Dish
chambord raspberry liquor,1,Beverage-Alcoholic
dill sprig,5,Herb
lobster,7,Seafood
matzo meal,12,Bakery
parmigiano,8,Dairy
rocket,8,Herb
stilton cheese,10,Dairy
amaretto liqueur,0,Beverage-Alcoholic
cranberry sauce,8,Fruit
ginger juice,15,Spice
lobster tail,12,Seafood
sirloin tip roast,2,Meat
belgian endive,7,Vegetable
cherry pie filling,0,Dish
chocolate square,3,Plant Derivative
dark molasses,7,Additive
muenster cheese,16,Dairy
pastry crust pie,1,Bakery
white bread flour,0,Cereal
arugula leaf,10,Vegetable
baby potato,11,Vegetable Tuber
celery root,9,Vegetable
chicken tenderloin,60,Meat
french bean,7,Cereal
fusilli,7,Cereal
golden delicious apple,7,Fruit
hot dog,2,Dish
hot pepper sauce,17,Additive
idaho potato,10,Vegetable Tuber
milk powder,3,Dairy
pickling salt,0,Additive-Salt
rabbit,14,Meat
radicchio,9,Vegetable
spaghetti noodle,17,Cereal
sugar syrup,0,Plant Derivative
turbinado sugar,4,Additive-Sugar
wheat pastry flour,0,Cereal
white balsamic vinegar,7,Plant Derivative
white corn,12,Maize
white kidney bean,19,Legume
wild mushroom,19,Fungi
black coffee,4,Beverage
coffee powder,0,Beverage
cooking wine,20,Beverage-Alcoholic
crisco,3,Additive
jam,1,Fruit
lobster meat,10,Seafood
mexican chocolate,18,Plant Derivative
trout,2,Fish
vegetarian bean,1,Legume
za'atar spice mix,6,Spice
chile pepper,17,Spice
corn cob,8,Maize
greek oregano,6,Spice
pomegranate,7,Fruit
vanilla pod,1,Legume
white sesame seed,11,Cereal
anise extract,0,Spice
beefsteak tomato,8,Vegetable
chili seasoning mix,10,Spice
epazote,17,Herb
frying chicken,57,Meat
mexicorn,13,Maize
peel,0,Fruit
pork fillet,4,Meat
red pepper sauce,21,Spice
serrano chile pepper,10,Vegetable
spanish olive,17,Plant
wasabi powder,5,Vegetable
white cabbage,13,Vegetable
white miso,8,Spice
white pepper powder,15,Spice
anaheim chili,18,Spice
biscuit mix,0,Dish
black vinegar,21,Additive-Vinegar
boston lettuce,14,Vegetable
bulgar wheat,7,Cereal
capsicum,15,Vegetable Fruit
citron,0,Fruit
custard powder,0,Dish
halloumi cheese,1,Dairy
head iceberg lettuce,11,Vegetable
pineapple ring,10,Beverage
tortellini,13,Cereal
baby arugula,16,Vegetable
black bean sauce,18,Condiment
bouillon,10,Dish
dough,4,Cereal
hing,0,Spice
linguine pasta,10,Cereal
lipton onion soup mix,5,Dish
nonfat yogurt,12,Dairy
oyster mushroom,15,Fungi
red snapper,2,Fish
roquefort cheese,3,Dairy
sweetcorn,9,Maize
veal cutlet,9,Meat
cabbage leaf,8,Vegetable
cheese ravioli,8,Dairy
chocolate pudding mix,0,Dish
creme de cacao,0,Plant Derivative
emmenthaler cheese,5,Dairy
french fry,7,Dish
ghee butter,10,Dairy
heirloom tomato,3,Legume
lavender,11,Flower
lime leaf,32,Plant
margarita mix,7,Dish
mexican corn,13,Maize
natural peanut butter,16,Additive
sugar substitute,6,Vegetable
beef base,5,Meat
camembert cheese,7,Dairy
chicken part,53,Meat
chinese wine,25,Beverage-Alcoholic
golden mushroom soup,6,Dish
potato traditional,9,Vegetable Tuber
beef shank,6,Meat
bibb lettuce,12,Vegetable
chinese mushroom,32,Fungi
ear corn,3,Maize
egg beater substitute,4,Meat
ha avocado,6,Essential Oil
hash brown,16,Dish
lemon lime beverage,1,Beverage
sea bass fillet,5,Fish
sofrito sauce,9,Condiment
yellow mustard seed,7,Spice
butterscotch chip,0,Additive
golden brown sugar,4,Additive
hash brown potato,6,Vegetable Tuber
masala,13,Spice
raspberry vinegar,3,Additive-Vinegar
romaine lettuce heart,15,Vegetable
rum extract,2,Beverage-Alcoholic
salad dressing,17,Dish
sparkling water,0,Beverage
alfalfa sprout,3,Legume
limoncello,1,Additive
marmalade,5,Additive
nam pla,17,Condiment
spaghetti squash,7,Fruit
vanilla pudding,0,Dish
wheat spaghetti,15,Cereal
beef eye,1,Meat
brown rice flour,2,Cereal
cake,0,Dish
cellophane noodle,22,Dish
focaccia bread,12,Bakery
kumara,6,Vegetable
mustard oil,7,Plant
nigella seed,6,Nuts and Seeds
peppermint extract,0,Essential Oil
pimento pepper,7,Condiment
bulk pork sausage,3,Meat
dashi stock,8,Dish
greek olive,6,Plant
mushroom cap,9,Fungi
nectarine,7,Fruit
oriental sesame oil,18,Essential Oil
scotch whisky,4,Beverage-Alcoholic
sparerib,3,Meat
szechwan pepper,13,Spice
vegemite,3,Condiment
beef liver,6,Meat
beef stock cube,1,Meat
brown mustard,3,Vegetable
chili paste garlic,21,Plant Derivative
chinese rice wine,18,Beverage-Alcoholic
crawfish tail,6,Seafood
farmer cheese,3,Dairy
fine salt,4,Additive
head broccoli,12,Flower
masa harina flour,13,Maize
no salt tomato sauce,9,Condiment
potato flour,4,Vegetable
ranch bean,12,Legume
rock salt,5,Additive
spicy brown mustard,4,Condiment
straw mushroom,32,Fungi
tap water,5,Additive
venison,1,Meat
banana liqueur,0,Beverage-Alcoholic
champagne vinegar,5,Plant Derivative
chocolate baking square,0,Plant Derivative
chocolate ice cream,0,Dish
duck breast,11,Meat
glutinous rice,14,Cereal
golden caster sugar,1,Additive
grapefruit,5,Beverage
kielbasa sausage,8,Meat
muscovado sugar,3,Additive-Sugar
pastry,3,Dish
sazon goya,17,Spice
turkey sausage,17,Meat
almond essence,0,Nuts and Seeds
almond flour,3,Nuts and Seeds
bonito flake,3,Fish
brown basmati rice,14,Cereal
calvados,11,Beverage-Alcoholic
center pork chop,5,Meat
corn husk,19,Maize
dill seed,2,Herb
espresso coffee,0,Beverage
head romaine lettuce,13,Vegetable
littleneck clam,8,Seafood
midori melon liqueur,0,Beverage-Alcoholic
pea pod,25,Legume
pesto,10,Herb
pineapple chunk juice,22,Beverage
raspberry preserve,2,Fruit
ricotta,1,Dairy
salt cod fish,0,Fish
tahini paste,4,Dish
anise,7,Spice
bulgur wheat,10,Cereal
cane sugar,1,Additive
chicken stock powder,44,Meat
custard,0,Dish
gluten flour,2,Cereal
pigeon pea,12,Condiment
potato chip,14,Dish
rose petal,0,Flower
turkey bacon,12,Meat
wheat pasta,9,Cereal
apple pie filling,0,Fruit
arbol chile,12,Spice
banana leaf,5,Fruit
beef cube,1,Meat
catfish fillet,4,Fish
cooking tapioca,5,Vegetable
corn niblets,12,Maize
gravy,3,Dish
horseradish sauce,1,Additive
lemonade concentrate,0,Beverage
mandarin orange segment,8,Plant Derivative
mexican chili powder,11,Spice
mini marshmallow,0,Bakery
mutton,2,Meat
neufchatel cheese,9,Dairy
orange extract,1,Beverage
sandwich bread,4,Bakery
yellow lentil,7,Legume
yellow potato,11,Vegetable
apricot nectar,8,Fruit
chinese egg noodle,21,Meat
cod fillet,10,Fish
dressing,7,Dish
floury potato,6,Vegetable Tuber
french mustard,8,Condiment
gnocchi,14,Vegetable Tuber
grain bread,1,Bakery
grape juice,4,Beverage
green plantain,8,Fruit
honeydew melon,3,Fruit
hot chili powder,14,Spice
pastry dough,3,Bakery
pork bean,1,Dish
pork shoulder roast,12,Meat
rack lamb,5,Meat
red radish,4,Vegetable
sandwich bun,1,Bakery
stevia,1,Vegetable
tagliatelle pasta noodle,8,Cereal
tiger shrimp,3,Seafood
white cake mix,0,Dish
baby clam,4,Seafood
baby red potato,10,Vegetable Tuber
bocconcini,8,Dairy
bourbon whiskey,9,Beverage-Alcoholic
broad bean,5,Legume
celeriac,4,Vegetable
corn muffin mix,6,Maize
cubanelle pepper,17,Vegetable
curd,4,Dairy
graham cracker crust,0,Bakery
ham steak,7,Meat
heart palm,6,Vegetable
hot salsa,14,Condiment
liqueur,0,Beverage-Alcoholic
mccormick seasoning,13,Spice
oat bran,0,Cereal
passion fruit pulp,0,Fruit
pepperoni sausage,2,Meat
portabella mushroom cap,5,Fungi
tuna olive oil,1,Fish
brioche bread,2,Bakery
buckwheat flour,0,Cereal
chicken base,40,Meat
cracker crumb,4,Bakery
craisins,8,Fruit
hard salami,0,Meat
hot mustard,2,Spice
lasagna,1,Cereal
malibu rum,0,Beverage-Alcoholic
panko bread crumb,12,Bakery
red chili sauce,15,Condiment
ro tel tomato,12,Vegetable
serrano chili pepper,14,Vegetable
sourdough starter,0,Dish
swede,3,Vegetable
tempeh,2,Plant
vanilla wafer,0,Dish
vital wheat gluten,1,Cereal
anaheim chile pepper,10,Spice
basil sprig,7,Herb
black mushroom,19,Fungi
butter lettuce,8,Vegetable
coriander sprig,11,Herb
dark chocolate chip,1,Plant
gluten,0,Cereal
london broil beef,1,Meat
nicoise olive,8,Plant
pepperjack cheese,10,Dairy
pernod,8,Beverage-Alcoholic
prosciutto ham,11,Meat
ranch salad dressing,18,Dish
red chili paste,13,Spice
red tomato,4,Vegetable
rib beef,6,Meat
sausage meat,4,Dish
seltzer water,2,Beverage
serrano ham,5,Meat
shoyu,10,Condiment
spearmint,2,Herb
vanilla vodka,0,Beverage-Alcoholic
vegetable oil peanut,15,Plant Derivative
wheat bran,0,Cereal
yellow rice,26,Cereal
cooking onion,12,Vegetable
eggnog,0,Dish
haddock fillet,2,Fish
italian flat leaf parsley,14,Spice
lamb loin chop,5,Meat
orecchiette,10,Cereal
peach schnapps,2,Beverage-Alcoholic
rib eye steak,0,Meat
salt water,4,Additive-Salt
sea salt pepper,2,Spice
soybean,4,Plant Derivative
taco flour tortilla,14,Bakery
tomato basil pasta sauce,11,Condiment
apricot half,13,Fruit
baking cocoa,1,Seed
berry cranberry sauce,8,Fruit
browning sauce,1,Condiment
butternut pumpkin,7,Fruit
chicken breast tender,37,Meat
chile powder,11,Spice
chocolate curl,0,Plant Derivative
cream cottage cheese,1,Dairy
cream soup,8,Dish
fontina,3,Dairy
french onion soup mix,8,Dish
head lettuce,8,Vegetable
island dressing,3,Condiment
japanese soy sauce,11,Condiment
oxtail,4,Meat
penne rigate,10,Cereal
red cayenne pepper,9,Vegetable
ritz cracker,8,Bakery
salad leaf,6,Dish
sultana raisin,3,Fruit
summer savory,5,Herb
tuna vegetable oil,3,Fish
ajwain,4,Spice
beef bouillon powder,2,Meat
broccoli rabe,9,Flower
consomme,1,Meat
flounder fillet,3,Fish
gold tequila,2,Beverage-Alcoholic
green mango,1,Fruit
jalapeno chile pepper,10,Spice
mung bean,6,Legume
pastry flour,0,Cereal
red cherry,0,Fruit
san marzano tomato,6,Vegetable
tangerine,2,Fruit
tomatillo salsa,16,Condiment
water artichoke heart,10,Flower
almond butter,5,Nuts and Seeds
berbere,10,Spice
chicken fillet,35,Meat
chicken leg quarter,35,Meat
dinner,2,Bakery
farina,0,Cereal
garlic pepper seasoning,9,Spice
havarti cheese,5,Dairy
herring fillet,1,Fish
jarlsberg cheese,3,Dairy
juice,8,Beverage
lavender flower,3,Flower
marzipan,0,Dish
portobello mushroom,15,Fungi
purpose white flour,2,Cereal
riesling wine,14,Beverage-Alcoholic
slab bacon,9,Meat
sole fillet,3,Fish
sugar cube,0,Additive
vegan margarine,2,Additive
bean thread noodle,19,Legume
challah,0,Bakery
cherry pepper,9,Spice
coriander root,9,Herb
cornish hen,13,Maize
garlic oil,11,Essential Oil
german chocolate,0,Plant Derivative
lamb meat,5,Meat
lamb stock,0,Meat
lukewarm water,1,Additive
mozzarella ball,4,Dairy
natural bran,1,Cereal
pace picante sauce,9,Condiment
palm oil,7,Plant Derivative
quark,1,Dairy
spiral pasta,4,Cereal
vegetable protein,1,Vegetable
yucca root,17,Vegetable
apple juice concentrate,5,Beverage
baby lima bean,10,Legume
chile paste,11,Condiment
cream sherry,8,Beverage-Alcoholic
enoki mushroom,7,Fungi
fine semolina,0,Cereal
german chocolate cake mix,0,Plant Derivative
halibut,6,Fish
kosher salt pepper,9,Spice
marshmallow creme,0,Bakery
mineral water,0,Additive
mustard green,6,Vegetable
onion seed,6,Vegetable
quince,1,Fruit
red pepper paste,5,Spice
sponge cake,0,Bakery
steel oat,1,Cereal
strawberry preserve,0,Fruit
texas toast bread,2,Bakery
tomato basil oregano garlic,14,Spice
trout fillet,0,Fish
watercress leaf,6,Plant
wonton skin,8,Herb
ancho chili,11,Vegetable
bitter melon,4,Vegetable
caesar salad dressing,12,Dish
caribbean jerk seasoning,13,Spice
chestnut mushroom,7,Fungi
citron peel,0,Fruit
creme de menthe,0,Beverage-Alcoholic
edam cheese,2,Dairy
endive,3,Vegetable
fajita seasoning,11,Spice
fillet,2,Fish
galliano,1,Beverage-Alcoholic
gelatin powder,1,Additive
grit,7,Cereal
haddock,2,Fish
lamb fillet,3,Meat
new mexico chile,13,Spice
pasilla chile,13,Vegetable
pecan nut,1,Nuts and Seeds
pretzel,1,Bakery
red thai chile,7,Spice
salt substitute,5,Additive
seitan,1,Plant
sorrel,4,Herb
star anise pod,9,Spice
swordfish steak,2,Fish
table cream,11,Dairy
tzatziki,8,Condiment
wide rice noodle,10,Cereal
brazil nut,2,Nuts and Seeds
bread cube,4,Bakery
bulk sausage,8,Dish
cheddar,1,Dairy
chili without bean,1,Dish
cola,1,Beverage
cooking barley,8,Cereal
garlic chive,8,Herb
german mustard,5,Condiment
granola cereal,0,Cereal
green leaf lettuce,3,Vegetable
jamaican jerk spice,10,Spice
jeera powder,4,Spice
kasseri cheese,2,Dairy
pink grapefruit,0,Beverage
red beet,1,Vegetable
rice cereal,1,Cereal
spanish rice,12,Cereal
wakame,7,Seafood
wheat flour tortilla,4,Bakery
wheat penne,9,Cereal
white corn tortilla,18,Bakery
white fish,6,Fish
white tequila,0,Bakery
almond flavoring,0,Nuts and Seeds
asadero cheese,5,Dairy
bay seasoning tm,7,Spice
buttermilk biscuit,2,Bakery
chayotes,8,Vegetable
clove garlic,7,Herb
coffee bean,0,Plant
creme de cassis,1,Beverage-Alcoholic
extra large egg,2,Meat
filet mignon,2,Fish
fine sugar,2,Additive-Sugar
garlic crouton,13,Bakery
hot dog bun,0,Bakery
linguica sausage,7,Meat
lychee,3,Fruit
merlot,6,Beverage-Alcoholic
mostaccioli pasta,2,Cereal
oil black olive,1,Plant
oleo,1,Additive
pork cutlet,6,Meat
pumpernickel bread,2,Bakery
red jalapeno chile,6,Vegetable
rib,0,Herb
tart cherry,1,Fruit
vegetable bouillon granule,3,Dish
wheat bread crumb,4,Bakery
white wheat flour,1,Cereal
baharat,9,Spice
baking apple,0,Fruit
beef sausage,1,Dish
bun,1,Bakery
chanterelle mushroom,6,Fungi
chocolate shaving,0,Plant Derivative
crawfish,7,Seafood
fingerling potato,6,Vegetable
flat rice noodle,7,Cereal
four cheese mexican,5,Dairy
gingersnap,1,Bakery
glutinous rice flour,2,Cereal
green tea,1,Beverage
green zucchini,4,Vegetable
jalapeno juice,12,Beverage
loaf french bread,2,Bakery
louisiana sauce,11,Condiment
mortadella,2,Dairy
naan bread,8,Bakery
passion fruit juice,1,Fruit
pastry shell,2,Bakery
pickling cucumber,0,Vegetable
plum jam,6,Fruit
porridge oat,0,Cereal
pre mozzarella cheese,6,Dairy
rice milk,1,Beverage
seashell pasta,9,Cereal
sirloin beef,2,Meat
spanish rice mix,12,Cereal
tandoori paste,21,Spice
au jus mix,1,Meat
back bacon,6,Meat
bran cereal,1,Cereal
breakfast sausage,2,Meat
bucatini pasta,1,Cereal
candy sprinkle,0,Plant Derivative
caramel sauce,1,Additive
carnation milk,1,Dairy
chocolate morsel,1,Plant Derivative
coconut flour,0,Cereal
corn tortilla strip,19,Bakery
cream cheese spread,3,Dairy
ear corn cob,3,Maize
fruit preserve,0,Fruit
fryer chicken,28,Meat
gorgonzola cheese,6,Dairy
icing,0,Additive
lamb stew meat,3,Meat
lemon thyme,3,Herb
liver,2,Meat
new mexico chile powder,11,Spice
peach juice,3,Fruit
peach preserve,3,Fruit
pot roast,2,Meat
red salmon,1,Fish
ruby port,1,Beverage-Alcoholic
salad,6,Dish
sardine,1,Fish
snow pea pod,10,Legume
tomato jalapeno,8,Vegetable
turkey meat,18,Meat
white cheese,4,Dairy
white sauce,5,Dish
yellow tomato,2,Vegetable
bean paste,2,Legume
beef marrow,2,Meat
cheddar monterey jack cheese,11,Dairy
chili bean paste,8,Dish
corn flake crumb,9,Maize
crust,0,Bakery
demi glace,1,Condiment
fruit cocktail,0,Beverage
garlic flake,4,Herb
hazelnut liqueur,1,Beverage-Alcoholic
king prawn,3,Seafood
leaf lettuce,6,Vegetable
lemon curd,1,Fruit
mahi fillet,3,Fish
mesclun,2,Dish
mincemeat,3,Meat
orange wedge,5,Fruit
pappardelle pasta,5,Cereal
plain white flour,1,Cereal
pork neck,0,Meat
red currant,0,Fruit
roast pork,5,Meat
sirloin tip steak,0,Meat
spelt flour,0,Cereal
steak seasoning,4,Spice
sticky rice,2,Cereal
stock cube,3,Meat
tart shell,0,Bakery
tomato garlic,6,Herb
vegetable bouillon,2,Dish
vegetable carrot,7,Vegetable
wheat lasagna noodle,3,Cereal
apricot brandy,0,Beverage-Alcoholic
bean sauce,8,Legume
bechamel sauce,2,Condiment
bosc pear,4,Fruit
calamari,5,Seafood
caramel,0,Plant Derivative
chard leaf,3,Vegetable
chicken stock beef,26,Meat
chinese sausage,12,Dish
clementine,2,Fruit
coleslaw,4,Condiment
cornbread,9,Maize
currant jelly,4,Fruit
deli turkey,0,Meat
digestive biscuit,0,Bakery
dill leaf,5,Herb
double crust pie,3,Bakery
flat bread,8,Bakery
greek salad dressing,9,Dish
green chili sauce,9,Condiment
green salsa,10,Condiment
hamburger meat,4,Bakery
kasuri methi,4,Spice
mango juice,2,Fruit
oat flour,0,Cereal
ponzu sauce,8,Condiment
pork sausage link,5,Meat
red chile powder,3,Vegetable
spaghettini,3,Cereal
splenda brown sugar,1,Additive-Sugar
teriyaki marinade,12,Condiment
treacle,1,Additive
wheat hamburger bun,5,Bakery
winter squash,7,Fruit
agave syrup,1,Additive
amaretti cooky,0,Dish
apple butter,1,Fruit
asian chili sauce,8,Spice
asian pear,3,Fruit
baking mix,1,Dish
balsamic vinaigrette,7,Additive
besan,2,Cereal
bird eye chile,6,Vegetable
bitter,0,Beverage-Alcoholic
buttery cracker,6,Dairy
cabbage kimchi,3,Vegetable
cannellini,8,Legume
cherry brandy,0,Beverage-Alcoholic
coca cola,5,Beverage
crisco shortening,1,Additive
cube steak,1,Meat
curly leaf parsley,2,Spice
egg wash,4,Meat
grain wild rice,15,Cereal
greek feta cheese,0,Dairy
halibut steak,5,Fish
jalapeno jack cheese,5,Dairy
lamb cutlet,5,Meat
lardons,3,Meat
leaf thyme,8,Herb
macaroni noodle,6,Plant
mango pulp,0,Fruit
melon,0,Fruit
methi seed,2,Spice
millet,1,Cereal
orange section,5,Plant Derivative
pistachio pudding mix,0,Dish
pork mince,5,Meat
snap pea,9,Legume
soup,8,Dish
soy flour,3,Plant Derivative
spaghetti sauce mix,2,Condiment
spanish olive oil,6,Plant Derivative
sumaq,5,Spice
tangerine juice,6,Beverage
white cornmeal,1,Maize
angel food cake,0,Dish
asian sesame oil,4,Essential Oil
avocado oil,4,Essential Oil
baby onion,4,Vegetable
bagel,1,Bakery
black forest ham,1,Meat
caramel topping,0,Additive
cashew half,10,Nuts and Seeds
chardonnay wine,10,Beverage-Alcoholic
cheese spread,2,Dairy
chocolate cake mix,0,Plant Derivative
citric acid,0,Spice
corkscrew macaroni,5,Cereal
english pea,8,Legume
green creme de menthe,0,Beverage-Alcoholic
guava,0,Fruit
hokkien noodle,12,Cereal
hunt tomato sauce,3,Condiment
kikkoman soy sauce,8,Condiment
kombu,1,Seafood
kumquat,4,Fruit
mango nectar,2,Plant Derivative
maple extract,0,Additive
mexican crema,12,Dairy
mozzarella,3,Dairy
parma ham,9,Meat
pink bean,2,Legume
pomegranate syrup,5,Plant Derivative
prosciutto di parma,10,Meat
queso blanco,7,Dairy
red miso,3,Spice
seasoning italian salad dressing mix,6,Dish
spanish chorizo,15,Meat
stone mustard,5,Spice
sun tomato paste,6,Condiment
taco cheese,7,Dairy
thai peanut sauce,11,Nuts and Seeds
toor dal,0,Legume
tripe,3,Meat
wheat breadcrumb,4,Bakery
white creme de cacao,0,Beverage-Alcoholic
white raisin,1,Fruit
white shoepeg corn,8,Maize
yellow capsicum,7,Vegetable Fruit
bartlett pear,2,Fruit
beef chuck steak,2,Meat
beef tongue,0,Meat
butterscotch schnapps,0,Plant Derivative
campbell tomato soup,5,Dish
caramel ice cream topping,0,Additive
cassava,3,Vegetable
chili bean sauce,9,Dish
chocolate bar,0,Plant
cinnamon bark,4,Additive
citrus peel,1,Fruit
dark soya sauce,9,Condiment
ditalini,10,Cereal
fennel leaf,2,Herb
garlic butter,4,Dairy
green coriander,3,Herb
haricot bean,6,Legume
israeli couscous,10,Cereal
italian bread french,0,Bakery
italian green bean,6,Cereal
italian turkey sausage link,10,Meat
kashmiri chili powder,6,Spice
key lime,2,Beverage
oriental flavor ramen noodle,4,Cereal
pandan leaf,11,Herb
poblano chile pepper,8,Spice
pork steak,7,Meat
raisin bread,0,Bakery
stew beef chunk,3,Meat
stuffing mix,10,Dish
vanilla soymilk,0,Plant Derivative
veal stock,2,Meat
vegetable oil olive,7,Plant Derivative
yellow hominy,8,Maize
aleppo pepper,4,Spice
barley flour,1,Cereal
beef rump roast,0,Meat
black bean garlic sauce,7,Condiment
black soy sauce,7,Condiment
boursin cheese,9,Dairy
cabernet sauvignon wine,4,Beverage-Alcoholic
cacao,1,Plant Derivative
celery heart,4,Herb
cherry juice,1,Beverage
chinese vegetable,9,Vegetable
cinnamon raisin bread,0,Bakery
coffee crystal,0,Beverage
coffee ice cream,0,Dish
cornbread mix,3,Dish
dripping,3,Meat
fleur de sel,1,Additive
french bread italian,1,Bakery
fruit chutney,8,Condiment
goose,4,Meat
hot chicken broth,21,Meat
hot noodle,4,Cereal
kale leaf,10,Vegetable
lamb steak,2,Meat
loaf bread,1,Bakery
miso paste,1,Spice
morel,8,Fungus
nuoc nam,5,Condiment
pancake mix,2,Dish
popped popcorn,1,Dish
pork baby back rib,0,Meat
portobello mushroom cap,2,Fungi
range egg,0,Meat
red pepper cayenne,3,Vegetable
red pepper powder,3,Spice
rose wine,2,Beverage-Alcoholic
rotisserie chicken,22,Meat
sharp white cheddar cheese,3,Dairy
sun tomato pesto,9,Vegetable
tomato green chile,3,Spice
truffle,4,Fungi
turkey broth,4,Meat
vanilla bean paste,0,Legume
veal shank,6,Meat
white poppy seed,7,Spice
white truffle oil,2,Additive
ajinomoto,11,Additive
anchovy oil,4,Additive
anise oil,0,Additive
apple jelly,3,Fruit
apple pie spice,0,Spice
beef stock chicken,20,Meat
black cumin seed,4,Spice
black salt,1,Additive-Salt
bottom roast,1,Meat
brown button mushroom,4,Fungi
burdock root,9,Spice
chayote,12,Vegetable
cheese food,2,Dairy
chicken turkey,21,Meat
chihuahua cheese,5,Dairy
chocolate coffee bean,0,Plant Derivative
cream milk,2,Dairy
cream wheat,2,Cereal
dumpling wrapper,2,Dish
egg bread,0,Meat
epazote leaf,6,Herb
eye roast,2,Meat
fennel powder,6,Herb
fuji apple,1,Fruit
fusion liqueur,0,Beverage-Alcoholic
garlic olive oil,4,Plant Derivative
grill seasoning,7,Spice
guar gum,2,Plant Derivative
guava nectar,1,Fruit
italian pork sausage,1,Meat
jerk seasoning,6,Spice
jiffy cornbread mix,2,Dish
mackerel,0,Fish
marshmallow cream,0,Bakery
masa corn flour,6,Maize
meat stock,0,Meat
non milk,3,Dairy
octopus,0,Seafood
oregano flake,2,Spice
piri,6,Spice
pita pocket,6,Bakery
reg,10,Spice
sazon seasoning,8,Spice
seafood,6,Seafood
shoulder lamb chop,4,Meat
spicy mustard,2,Condiment
tomato basil,4,Vegetable
tostada,7,Dish
vanilla flavoring,0,Additive
acinus di pepe pasta,11,Cereal
anjou pear,2,Fruit
baby bella mushroom,8,Fungi
beef dripping,0,Meat
beef hot dog,1,Dish
beef suet,1,Meat
bottom steak,0,Meat
cashew butter,9,Nuts and Seeds
catfish,1,Fish
chipotle chile powder,3,Spice
cranberry bean,10,Fruit
english mustard powder,1,Spice
flax seed meal,1,Nuts and Seeds
fritos corn chip,1,Maize
garlic head,7,Herb
gemelli pasta,6,Cereal
ginger beer,0,Beverage-Alcoholic
gochujang,8,Spice
grain,9,Cereal
habaneros,4,Spice
hot italian sausage link,4,Meat
hot sausage,2,Dish
italian meatball,3,Dish
korean red pepper paste,5,Spice
lemon twist,3,Fruit
lovage,5,Essential Oil
marjoram leaf,4,Spice
mizithra cheese,3,Dairy
oil olive,4,Plant Derivative
pak choi,4,Vegetable
pastry double crust pie,0,Bakery
raspberry liqueur,0,Beverage-Alcoholic
rotelle pasta,5,Cereal
shiitake mushroom cap,5,Fungi
spicy sausage,5,Dish
tabasco jalapeno sauce,3,Condiment
tia maria,0,Bakery
turkey pepperoni,2,Meat
vanilla wafer crumb,0,Dish
vegetable stock powder,0,Vegetable
velveeta mexican cheese,7,Dairy
wheat berry,3,Berry
wheat bread flour,0,Cereal
white corn syrup,0,Maize
wood ear mushroom,9,Fungi
adzuki bean,0,Legume
asparagus tip,4,Vegetable
baby rocket,3,Vegetable
bean curd,6,Legume
bing cherry,2,Fruit
black treacle,0,Additive
blood orange,0,Fruit
butter lettuce leaf,5,Vegetable
calorie margarine,3,Additive
catalina dressing,2,Condiment
cavatappi pasta,3,Cereal
chicken breast strip,19,Meat
chicken quarter,19,Meat
chicken strip,19,Meat
chinese chili sauce,6,Condiment
chipotle chile pepper,6,Spice
chipotle hot sauce,2,Condiment
chocolate sprinkle,0,Plant Derivative
clamato juice,3,Beverage
dog bun,0,Bakery
field mushroom,3,Fungi
fillet salmon,2,Fish
fine bread crumb,2,Bakery
fruit juice,1,Fruit
frying oil,6,Additive
goat meat,1,Meat
graham cracker pie crust,0,Bakery
graham wafer crumb,0,Bakery
green banana,1,Fruit
green chile pepper lengthwise,4,Vegetable
green chili paste,6,Vegetable
italian tomato sauce,3,Condiment
jalapeno chilies,6,Spice
kirby cucumber,2,Gourd
liquid pectin,0,Additive
mango salsa,3,Spice
matzo cake meal,0,dish
mochiko rice flour,2,Cereal
muesli,0,Cereal
pancetta bacon,7,Meat
paneer,0,Dairy
pasilla pepper,9,Vegetable
popcorn,0,Maize
pork stew meat,3,Meat
ravioli,2,Dairy
red shallot,4,Vegetable
rib celery,9,Herb
rice bran oil,6,Cereal
rice bubble,0,Cereal
ricotta salata,0,Dairy
sago,1,Cereal
shell macaroni,2,Cereal
soy yogurt,4,Dairy
steak grain,6,Fish
swiss chard leaf,3,Vegetable
tuna oil,0,Fish
turkish bread,4,Bakery
venison steak,1,Meat
bay leaf powder,4,Plant
beef stock broth,0,Meat
bermuda onion,4,Vegetable
bottom beef roast,2,Meat
broccoli stem,5,Flower
calf liver,1,Meat
canning salt,1,Additive
caraway,3,Spice
chia seed,0,Nuts and Seeds
chocolate candy bar,0,Plant Derivative
cocktail sauce,0,Condiment
coconut powder,3,Fruit
corn flour,4,Maize
creole mustard,0,Condiment
dulce de leche,0,Dish
frisee,1,Vegetable
gala apple,4,Fruit
grape jelly,1,Fruit
green serrano chilies,4,Vegetable
hellmann mayonnaise,2,Condiment
kelp,3,Seafood
kraft italian dressing,4,Dish
lime jell o gelatin,0,Additive
maui onion,1,Vegetable
mexican rice,9,Dish
mint extract,0,Herb
non vanilla yogurt,1,Dairy
nopales,3,Plant
onion juice,0,Vegetable
pearl tapioca,0,Vegetable
pectin,0,Additive
pineapple preserve,6,Fruit
pink peppercorn,3,Maize
pisco,0,Beverage-Alcoholic
pork butt roast,0,Meat
potato gnocchi,6,Vegetable Tuber
purple cabbage,5,Vegetable
red delicious apple,2,Fruit
rice powder,5,Cereal
sazon goya con culantro y achiote,5,Spice
sea bass,2,Fish
serrano pepper jalapeno,4,Vegetable
silver beet,3,Vegetable
silver tequila,1,Beverage-Alcoholic
spam,4,Meat
stove stuffing mix,8,Dish
strawberry syrup,0,Plant Derivative
stuffing,7,Additive
sunflower seed oil,6,Plant Derivative
taco,4,Dish
tamale,1,Dish
thai chile pepper,4,Vegetable
tomato onion garlic,9,Dish
torn salad green,3,Dish
tri color spiral pasta,2,Cereal
tuna fish,2,Fish
veal shoulder,5,Meat
white radish,3,Vegetable
white vermouth,5,Beverage-Alcoholic
artichoke bottom,6,Flower
beef flavor ramen noodle,1,Cereal
beef oxtail,1,Meat
bengal dal,2,Legume
black bean paste,3,Legume
black currant,0,Fruit
boston lettuce leaf,1,Vegetable
brown bread,1,Bakery
buffalo mozzarella,1,Dairy
carrot juice,3,Beverage
cayenne pepper sauce,2,Vegetable
celery flake,8,Herb
cheese sauce,1,Dairy
chicken soup,17,Meat
chinese black mushroom,7,Fungi
chocolate milk,0,Beverage
chunk tuna,1,Fish
dill pickle relish,0,Herb
dipping sauce,3,Condiment
egg wrapper,0,Meat
fettuccini pasta,8,Cereal
file powder,8,Herb
filet mignon steak,1,Fish
fine egg noodle,5,Meat
frankfurter,4,Meat
garlic bread,2,Bakery
golden rum,0,Beverage-Alcoholic
grain dijon mustard,2,Condiment
green asparagus,0,Vegetable
green tea powder,0,Beverage
jelly,0,Berry
lemon lime soda,0,Beverage
longhorn cheese,0,Dairy
mung dal,1,Legume
onion ring,3,Vegetable
oregano sprig,5,Spice
parsley root,1,Spice
pepper jack cheese,6,Dairy
pink salmon,2,Fish
pita chip,5,Bakery
pork back rib,0,Meat
pork hock,2,Meat
russian salad dressing,6,Dish
self rising cornmeal,0,Maize
sherry vinegar,5,Beverage-Alcoholic
star fruit,3,Fruit
steak sauce,2,Condiment
stewing chicken,17,Meat
stewing lamb,0,Meat
tart green apple,2,Fruit
tri tip steak,2,Meat
turnip green,6,Vegetable
vinaigrette,3,Plant Derivative
white grape juice,1,Fruit
agar,1,Additive
baby eggplant,1,Vegetable
beef cube steak,1,Meat
black caviar,1,Fish
black cumin,2,Spice
brownie mix,0,Dish
chicory lettuce,2,Vegetable
chipotle salsa,9,Condiment
chive onion cream cheese,2,Dairy
cocktail onion,4,Vegetable
coconut sugar,0,Additive
coconut water,0,Fruit
conch,1,Fish
crab meat,2,Seafood
crimini mushroom,3,Fungi
dark cherry,1,Additive
duck leg,5,Meat
fillet catfish,0,Fish
frank red sauce,8,Condiment
garlic infused olive oil,3,Essential Oil
grouper fillet,0,Fish
habanero sauce,6,Spice
hazelnut oil,3,Nuts and Seeds
herb stuffing mix,7,Herb
herring,0,Fish
italian tomato paste,4,Condiment
kimchi,7,Dish
lingonberry,0,Fruit
loaf ciabatta,2,Bakery
no salt tomato paste,3,Vegetable
non dairy topping,0,Dairy
orange food coloring,3,Additive
peanut sauce,8,Nuts and Seeds
pig foot,1,Meat
pink grapefruit juice,1,Beverage
plain soymilk,2,Plant Derivative
pouring cream,2,Dairy
premade puff pastry,1,Bakery
ranch seasoning mix,7,Spice
red bliss potato,2,Vegetable
root beer,1,Beverage-Alcoholic
sazon goya coriander annatto,3,Condiment
sesame paste,2,Dish
spanish paprika,2,Vegetable
sparkling wine,0,Beverage-Alcoholic
spring green,7,Herb
stevia powder,0,Vegetable
tabasco brand chipotle pepper sauce,4,Condiment
taro root,3,Herb
toffee,0,Dish
truffle oil,5,Additive
veal scallopini,6,Meat
vegetarian beef,0,Meat
wedge lime,5,Fruit
yellow cherry tomato,3,Fruit
yellow zucchini,2,Vegetable
albacore tuna,1,Fish
almond liqueur,0,Nuts and Seeds
beef heart,0,Meat
beef rump,1,Meat
black rice,0,Cereal
blackberry jam,1,Fruit
brinjal,1,Vegetable
butterscotch pudding mix,0,Plant Derivative
calrose rice,6,Cereal
carom seed,1,Spice
catalina salad dressing,1,Condiment
chocolate frosting,0,Plant Derivative
choy sum,5,Vegetable
cinnamon swirl bread,0,Bakery
co lettuce,4,Vegetable
copha,0,Additive
corona beer,3,Beverage
cranberry juice cocktail,0,Beverage
curly endive lettuce,3,Vegetable
danish blue cheese,2,Dairy
espresso coffee powder,0,Beverage
european cucumber,2,Vegetable
eye chile,4,Vegetable
farro,4,Cereal
guajillo chile,5,Vegetable
jiffy corn muffin mix,1,Maize
karo syrup,1,Plant Derivative
limeade,1,Beverage
link sausage,3,Dish
lukewarm milk,0,Dairy
maple flavoring,1,Plant Derivative
maraschino cherry juice,0,Beverage-Alcoholic
meal flour,0,Cereal
mint jelly,1,Fruit
mint sauce,3,Herb
mole,11,Condiment
oil canola,3,Plant Derivative
oil vegetable,3,Plant Derivative
onion soup,1,Vegetable
peach half,1,Fruit
pickapeppa sauce,7,Additive
pork leg,1,Meat
potato reg,1,Vegetable Tuber
prime rib roast,3,Meat
process american cheese,5,Dairy
purslane,0,Plant
range chicken,15,Meat
rapeseed oil,4,Additive
rose syrup,0,Flower
sambhar powder,0,Spice
sazon goya seasoning,7,Spice
sesame,0,Cereal
shin beef,1,Meat
snail,1,Seafood
sponge cake finger,0,Bakery
sriracha hot sauce,2,Condiment
thai pepper,4,Vegetable
tomato oil,5,Vegetable
tostada shell,4,Dish
triple sec liqueur,0,Beverage-Alcoholic
turkey kielbasa,6,Meat
vegetable stock cube,0,Vegetable
vegetarian worcestershire sauce,0,Additive
vermicelli rice noodle,1,Cereal
white asparagus,1,Vegetable
white chicken meat,15,Meat
wondra flour,3,Cereal
zucchini lengthwise,1,Vegetable
adobo sauce chipotle pepper,2,Additive
anisette,0,Spice
baby back rib,2,Meat
bean dip,2,Legume
beef loin steak,1,Meat
bengal,0,Legume
black cherry,1,Additive
black lentil,3,Legume
broccoli coleslaw mix,6,Flower
brown mushroom,3,Fungi
buckwheat groat,1,Cereal
bulb fennel,4,Herb
buttermilk baking mix,2,Dish
carob powder,0,Additive
chevre cheese,1,Dairy
chianti wine,2,Beverage-Alcoholic
chicken drummettes,14,Meat
chocolate cookie crumb,0,Dish
chocolate liqueur,0,Beverage-Alcoholic
coffee creamer,0,Beverage Caffeinated
colby jack cheese,2,Dairy
cornichons,0,Maize
crisp bacon,1,Meat
deli chicken,14,Meat
egg yolk water,1,Meat
extra wide egg noodle,3,Meat
fajita flour tortilla,4,Dish
fillet tilapia,2,Fish
french bread cube,1,Bakery
french bread dough,0,Bakery
french lentil,1,Legume
french onion dip,1,Vegetable
fruit peel,0,Fruit
garlic herb seasoning,7,Herb
garlic juice,1,Herb
glutinous white rice,1,Cereal
grouper,0,Fish
guava paste,1,Fruit
hamburger bun sesame seed,2,Cereal
hard,0,Dairy
hot pepper flake,4,Vegetable
hot red pepper,1,Vegetable
kabocha squash,3,Fruit
kirschwasser,0,Beverage-Alcoholic
kohlrabi,2,Vegetable
lotus root,5,Plant
lumpia skin,0,Dish
mango puree,0,Fruit
melon liqueur,0,Beverage-Alcoholic
methi leaf,3,Spice
mexican tomato sauce,4,Condiment
millet flour,1,Cereal
multigrain bread,1,Bakery
nacho chip,2,Dish
no salt ketchup,0,Additive
nonfat cottage cheese,1,Dairy
o'brien potato,2,Vegetable
onion mushroom soup mix,0,Dish
parsley stem,5,Spice
pickling onion,1,Vegetable
pork shank,3,Meat
raspberry syrup,0,Plant Derivative
red pesto sauce,3,Spice
romaine leaf,1,Vegetable
rose lime juice,0,Beverage
sorghum flour,0,Cereal
soy margarine,1,Additive
spanish peanut,1,Nuts and Seeds
sprout,4,Legume
squid ring,3,Seafood
strawberry jell o gelatin dessert,0,Additive
string,3,Cereal
szechuan bean sauce,7,Legume
tang orange crystal,0,Fruit
tangerine peel,5,Fruit
tartar sauce,0,Condiment
tea leaf,1,Beverage
thai basil leaf,9,Herb
thai chili paste,7,Condiment
thyme honey,1,Dish
tomato basil garlic oregano,6,Spice
tomato passata,3,Vegetable
vanilla powder,0,Legume
veal steak,2,Fish
vegan butter,0,Dairy
vegetable juice cocktail,3,Beverage
veggie crumbles,0,Vegetable
vinaigrette dressing,3,Dish
white rice flour,1,Cereal
aioli,1,Dish
ancho chile pepper,2,Vegetable
asian fish sauce,6,Condiment
baby artichoke,1,Flower
baby octopus,0,Seafood
barberry,4,Fruit
beef rib roast,0,Meat
beef tenderloin fillet,6,Meat
biscuit dough,2,Dish
black grape,1,Fruit
blackening seasoning,3,Spice
blackstrap molasses,1,Additive
cajun spice,3,Plant Derivative
chestnut puree,0,Fruit
chicken chunk,13,Meat
chicken giblet,13,Meat
chicken rice soup,13,Meat
chile sauce,2,Condiment
chinese eggplant,4,Vegetable
chunk chicken,13,Meat
cinnamon sugar mixture,0,Additive
citrus infused vodka,0,Beverage-Alcoholic
cooking brown rice,6,Cereal
cool whip topping,0,Dairy
corn oil vegetable,3,Plant Derivative
crema,6,Dairy
cuban bread,0,Bakery
dark creme de cacao,0,Beverage-Alcoholic
enchilada mix,5,Condiment
french ladyfinger cooky,0,Bakery
galangal root,11,Spice
gingersnap cooky,0,Bakery
gravy mix,2,Dish
green cherry,0,Additive
habanero,1,Spice
hard cheese,1,Dairy
head bok choy,8,Vegetable
heinz ketchup,2,Additive
hibiscus flower,0,Fruit
horseradish cream,0,Dairy
jalapeno chili,5,Spice
jalapeno pepper juice,5,Spice
kingfish,0,Fish
korean red pepper powder,2,Spice
lard vegetable oil,1,Plant Derivative
large mushroom,4,Fungi
laurel leaf,2,Plant
lea perrins worcestershire sauce,1,Condiment
leaf basil,2,Herb
lemon balm,0,Spice
lemon verbena leaf,0,Fruit
log goat cheese,0,Dairy
macaroni cheese,5,Dairy
mange tout pea,4,Legume
manicotti shell,3,Cereal
masoor dal,1,Legume
matzo,2,Bakery
mccormick taco seasoning,5,Spice
mcintosh apple,2,Fruit
milk cream,1,Dairy
nacho cheese flavor doritos,6,Dairy
onion paste,6,Vegetable
orange blossom honey,0,Plant Derivative
paneer cheese,0,Dairy
pizza cheese,2,Dairy
potato water,0,Vegetable Tuber
pudding,0,Dish
quail,5,Meat
recaito,2,Spice
red bean paste,0,Legume
red table wine,0,Beverage-Alcoholic
rose essence,0,Essential Oil
roux,6,Additive
salad shrimp,3,Seafood
sausage link,1,Dish
seafood seasoning,1,Seafood
shortbread cooky,0,Dish
snow pea sprout,3,Legume
soy milk,1,Plant Derivative
soy mozzarella cheese,0,Dairy
spicy pork sausage,3,Meat
spinach fettuccine,2,Cereal
tuna brine,1,Fish
vanilla syrup,0,Additive
vegan cream,0,Dairy
vegetarian oyster sauce,3,Seafood
waffle,2,Dish
wheat cereal,0,Cereal
wheat cracker,1,Bakery
white bread wheat,0,Bakery
anise flavoring,0,Spice
apple brandy,2,Beverage-Alcoholic
armagnac,3,Beverage-Alcoholic
asian chili garlic sauce,4,Condiment
asian chili paste,6,Vegetable
backfin crab meat,0,Seafood
bacon strip,5,Meat
banana pepper ring,2,Vegetable
bean black,1,Legume
beef shoulder,0,Meat
beef tip,0,Meat
beet juice,0,Vegetable
black greek olive,1,Plant
black walnut,0,Nuts and Seeds
blade steak,2,Fish
blueberry pie filling,0,Dish
bouillon granule,1,Meat
bran flake,0,Cereal
brine,3,Additive
broiler chicken,12,Meat
buffalo meat,0,Meat
butter flavor shortening,1,Additive
campbell cheddar cheese soup,4,Dairy
cavenders purpose greek seasoning,1,Spice
cheese whiz,3,Dairy
cherry preserve,0,Additive
chicken leg thigh,12,Meat
chinese barbecue pork,7,Meat
chocolate chunk,0,Plant Derivative
chocolate wafer,0,Plant Derivative
chorizo,3,Meat
clove powder,2,Spice
coconut milk powder,4,Plant Derivative
coconut pecan frosting,0,Additive
cooking grit,2,Cereal
corn bread mix,6,Dish
cornflakes cereal,3,Maize
cornstarch paste,8,Maize
cream tomato soup,1,Vegetable
creme de banane,0,Beverage-Alcoholic
crookneck yellow squash,2,Fruit
crystal sugar,0,Additive-Sugar
cucumber lengthwise,0,Gourd
deep dish pie crust,1,Bakery
eagle brand milk,0,Dairy
egg tomato,1,Dish
extra finely sugar,1,Additive-Sugar
extra large shrimp,2,Seafood
garlic sauce,1,Condiment
globe eggplant,0,Vegetable
gooseberry,0,Fruit
green taco sauce,4,Additive
guava juice,0,Fruit
ham stock,0,Meat
hard alcoholic cider,3,Beverage-Alcoholic
hershey chocolate syrup,0,Plant Derivative
honey dijon mustard,3,Condiment
horseradish root,0,Vegetable
hot red chilies,2,Vegetable
jellied cranberry sauce,0,Fruit
kewra essence,3,Essential Oil
knorr vegetable soup mix,0,Dish
lamb liver,0,Meat
lamb rack,1,Meat
large curd cottage cheese,0,Dairy
lemon leaf,1,Fruit
lemon pudding mix,2,Dish
loaf italian bread,1,Bakery
loaf white bread,1,Bakery
maida flour,2,Cereal
malt extract,0,Beverage
mandarin orange section,3,Plant Derivative
manzanilla olive,4,Fruit
mature cheddar cheese,1,Dairy
meat beef,2,Meat
meat chicken,12,Meat
meatless sauce,2,Additive
meatless spaghetti sauce,2,Condiment
mushroom soy sauce,4,Condiment
new york strip steak,0,Meat
non cooking spray,6,Additive
non dairy coffee creamer,1,Beverage Caffeinated
orange bitter,0,Beverage-Alcoholic
pack pumpkin,5,Fruit
parmesan romano cheese mix,2,Dairy
peach nectar,0,Plant Derivative
pepper onion,5,Vegetable
pepperoncini pepper juice,1,Vegetable
pinot grigio wine,2,Beverage-Alcoholic
pizza crust dough,1,Bakery
polska kielbasa,3,Meat
pork sirloin roast,3,Meat
pudding mix,0,Dish
rag pasta sauce,2,Additive
red burgundy wine,2,Beverage-Alcoholic
salt white pepper,3,Spice
sambal oelek chili paste,4,Spice
satay sauce,5,Condiment
shirataki noodle,1,Cereal
shortcut bacon,2,Meat
sofrito,3,Condiment
soup stock,2,Dish
spanish olive pimento,2,Plant
strawberry ice cream,0,Dish
sucanat,0,Additive
sugar pumpkin,3,Fruit
tahini sauce,2,Dish
tamarind chutney,2,Plant Derivative
tandoori spice mix,5,Spice
tawny port,3,Beverage-Alcoholic
thai green chili,4,Spice
toblerone chocolate bar,0,Plant
tonic water,0,Beverage
tuna fillet,1,Fish
vegan mayonnaise,0,Condiment
vegan parmesan cheese,1,Dairy
vegetable suet,0,Dish
vegetarian sausage,0,Dish
wattleseed,0,Nuts and Seeds
white chocolate baking square,0,Plant Derivative
yellow bean,6,Legume
zinfandel,0,Beverage-Alcoholic
advocaat,0,Beverage-Alcoholic
agave,2,Additive
ahi tuna,0,Fish
albacore tuna water,0,Fish
anaheim pepper,3,Spice
ancho pepper,7,Vegetable
angelica,0,Herb
avocado dip,1,Essential Oil
baby carrot lengthwise,3,Vegetable
baby green pea,7,Legume
barbecue seasoning,1,Spice
beef meat,2,Meat
beef tip steak,0,Meat
besan flour,3,Cereal
bird chile,2,Vegetable
black tea leaf,1,Beverage
black truffle,2,Fungi
braising steak,1,Fish
breadcrumb bread,1,Bakery
brie,0,Dairy
broccoli slaw mix,5,Flower
candlenut,6,Nuts and Seeds
cannelloni tube,4,Cereal
carnaroli rice,5,Cereal
chicken flavor bouillon,11,Meat
chinese chive,0,Vegetable
chinese pea pod,6,Legume
chinkiang vinegar,4,Additive-Vinegar
cilantro root,3,Herb
coconut essence,2,Beverage
coconut meat,1,Fruit
cookie,0,Dish
cooking,3,Fruit
cooking rice,1,Cereal
cool whip lite,0,Dairy
coriander cilantro,1,Herb
cream onion soup,3,Vegetable
dark cooking chocolate,0,Plant
dark rye bread,0,Bakery
deep dish pie shell,0,Bakery
deep frying oil,1,Additive
dill pickle spear,2,Herb
dish pie shell,0,Bakery
double cream heavy,1,Dairy
dream whip,0,Dairy
dutch cocoa,0,Seed
edible silver foil,0,Vegetable
equal sugar substitute,0,Vegetable
fiddlehead,1,Vegetable
fillet cod,0,Fish
french haricot vert,3,Legume
french vanilla ice cream,0,Dish
fruit raisin,0,Fruit
garlic sausage,3,Meat
garlic scape,0,Herb
ginger snap,0,Spice
gluten soy sauce,4,Condiment
godiva chocolate liqueur,0,Beverage-Alcoholic
green jalapeno pepper,1,Spice
green olive brine,4,Plant
grenadine syrup,0,Plant Derivative
hamburger patty,0,Bakery
hot oil,2,Additive
iceberg lettuce leaf,3,Vegetable
jack daniel whiskey,1,Beverage-Alcoholic
japanese cucumber,2,Gourd
jumbo egg,0,Meat
kluski noodle,4,Cereal
lamb kidney,0,Meat
lamb neck,0,Meat
lamb rib chop,0,Meat
lemon cake mix,0,Dish
lime sherbet,0,Fruit
liquid egg substitute,0,Dish
loin lamb,2,Meat
maple sugar,0,Additive
mar bar,0,Plant
meat broth,1,Vegetable
mexican beer,3,Beverage-Alcoholic
nacho cheese soup,5,Dish
nacho cheese tortilla chip,6,Dish
nonfat vanilla yogurt,0,Dairy
oaxaca cheese,1,Dairy
oil lard,2,Additive
orange lentil,3,Fruit
orzo,4,Cereal
pancake syrup,1,Plant Derivative
patis,4,Fish
peach liqueur,0,Fruit
pepperoncini,2,Vegetable
peri,1,Spice
pheasant,4,Meat
pie apple,0,Fruit
pita pocket bread,1,Bakery
polish kielbasa,3,Meat
pudding rice,0,Cereal
purple potato,0,Vegetable Tuber
red caviar,0,Fish
red grapefruit,1,Beverage
rindless bacon,1,Meat
rock sugar,5,Additive
ruby red grapefruit juice,1,Beverage
rum flavoring,1,Beverage-Alcoholic
russet baking potato,2,Vegetable Tuber
rustic bread,2,Bakery
rye cocktail bread,1,Bakery
scotch,1,Beverage-Alcoholic
shichimi togarashi,1,Spice
shiso leaf,1,Herb
smelt,0,Fish
soda cracker,1,Bakery
spaetzle noodle,1,Cereal
stir fry beef,0,Meat
strawberry liqueur,0,Fruit
sugar icing,0,Additive-Sugar
taco chip,1,Dish
tart cooking apple,1,Fruit
tomato chutney,1,Condiment
tomato vegetable juice cocktail,2,Beverage
tony chachere seasoning,0,Spice
turkey chicken,11,Meat
veal chop,1,Meat
vegetable broccoli,0,Flower
wax bean,2,Legume
white crab meat,2,Seafood
white grape,4,Fruit
white tuna water,0,Fish
white zinfandel wine,3,Beverage-Alcoholic
amchur powder,0,Spice
anise liqueur,0,Beverage-Alcoholic
basil chiffonade,1,Herb
bean pork,0,Dish
bean thread,6,Legume
beef tamale,1,Dish
beet leaf,2,Vegetable
black fungus,7,Spice
bologna,0,Meat
bolognese sauce,0,Additive
breadstick dough,0,Cereal
brown bean sauce,3,Legume
brown sauce,2,Additive
butter flavor crisco,0,Additive
calorie mayonnaise,3,Condiment
canola oil cooking spray,3,Plant Derivative
cheese curd,0,Dairy
cheez whiz,6,Dairy
cherry syrup,0,Additive
chicken gizzard,10,Meat
chicken stock water,10,Meat
chile de arbol pepper,1,Spice
chinese duck sauce,4,Meat
chinese mustard,2,Spice
cornbread stuffing mix,5,Dish
cornstarch roux,6,Maize
crab boil,2,Seafood
cranberry juice concentrate,1,Beverage
creamy goat cheese,0,Dairy
crisp rice cereal,1,Cereal
dark chicken meat,10,Meat
dark chili powder,2,Vegetable
dashi powder,0,Dish
dessert topping,0,Additive
devil food cake mix,0,Dish
durkee onion,3,Vegetable
eel,1,Seafood
english walnut,0,Nuts and Seeds
erythritol,0,Additive
fettuccini noodle,3,Cereal
french bread lengthwise,0,Bakery
fusilli pasta,2,Cereal
garbanzo flour,0,Legume
ginger syrup,0,Plant Derivative
glace ginger,0,Spice
graham wafer,0,Bakery
grain bun,2,Bakery
green cardamom seed,3,Spice
green pepper strip,2,Spice
green salad,0,Vegetable
green shrimp,2,Seafood
guajillo chile pepper,5,Vegetable
hawaiian bread,2,Bakery
head escarole,5,Vegetable
head green cabbage,1,Vegetable
head red cabbage,3,Vegetable
hunt tomato paste,2,Vegetable
irish cream liqueur,1,Beverage-Alcoholic
italian chicken sausage,9,Meat
italian hoagie bun,2,Bakery
italian vegetable,2,Vegetable
jalapeno pepper lengthwise,2,Spice
japanese mayonnaise,1,Condiment
jerusalem artichoke,2,Flower
kamaboko,5,Seafood
kefalotiri,1,Dairy
knorr chicken bouillon,9,Meat
kosher dill pickle,1,Herb
kraft parmesan cheese,2,Dairy
large marshmallow,0,Bakery
lavash bread,2,Bakery
lemon yogurt,0,Dairy
lemonade mix,1,Beverage
lime gelatin,0,Fruit
lingonberry preserve,1,Fruit
live lobster,2,Seafood
lotus seed,0,Nuts and Seeds
macadamia,1,Nuts and Seeds
macadamia nut oil,0,Essential Oil
macaroni cheese mix,0,Dish
macaroon,0,Dish
mace blade,0,Spice
meal bread,1,Bakery
metaxa brandy,0,Beverage-Alcoholic
meyer lemon,2,Fruit
morton lite salt,3,Additive
no cook lasagna noodle,0,Cereal
oil peanut,2,Plant
olive vegetable oil,1,Plant Derivative
orange jell o,0,Additive
orange liqueur juice,0,Fruit
orange twist,1,Fruit
parmesan,5,Dairy
pawpaw,0,Fruit
peppadew pepper,1,Vegetable
peppermint candy,0,Additive
pie dough,2,Cereal
piquillo pepper,3,Spice
plain gelatin,0,Additive
pork liver,1,Meat
pork sauce,0,Meat
prego spaghetti sauce,1,Condiment
puff pastry shell,3,Bakery
red hot pepper,2,Vegetable
red onion ring,3,Vegetable
red pepper yellow,4,Spice
red plum,0,Fruit
red swiss chard,3,Vegetable
rib eye,0,Meat
rub,2,Herb
sambal chili paste,4,Dish
scotch whiskey,3,Beverage-Alcoholic
screwpine leaf,2,Herb
seafood stock,0,Seafood
season italian dressing,1,Dish
sesame oil vegetable,4,Plant Derivative
sichuan peppercorn,4,Spice
southwest seasoning,3,Spice
spinach tortilla,2,Dish
starch,3,Vegetable
stock chicken,10,Meat
strawberry gelatin,0,Additive
sugar maple syrup,0,Additive
sugar vanilla pudding mix,0,Dish
taco meat,0,Meat
tandoori masala,4,Spice
tex mex cheese,2,Dairy
thai rice noodle,5,Cereal
tomato bouillon,3,Dish
tomato green pepper onion,6,Dish
unsulphured molasses,0,Additive
vanilla wafer cooky,0,Dish
vegetable cooking spray,2,Additive
vegetarian chicken,10,Meat
venison roast,0,Meat
wedge lemon,3,Fruit
wesson oil,2,Additive
wheel brie cheese,1,Dairy
white horseradish,0,Vegetable
white tuna,2,Fish
wild blueberry,0,Fruit
yellow moong dal,0,Legume
almond half,1,Nuts and Seeds
almond nut,0,Nuts and Seeds
amchoor powder,0,Spice
amchur,0,Spice
amish friendship bread starter,0,Bakery
anchovy filet,1,Fish
angel flake coconut,0,Fruit
asian chili oil,6,Plant Derivative
au jus sauce,0,Additive
baby beet,1,Vegetable
bake buttermilk flaky biscuit,0,Bakery
banana lengthwise,0,Fruit
beef blade roast,3,Meat
beef cap,0,Meat
beef neck,2,Meat
beef soup,0,Meat
beef stock powder,0,Meat
black mission fig,0,Fruit
bodied red wine,1,Beverage-Alcoholic
borlotti bean,1,Legume
brand rice,7,Cereal
bread white,0,Bakery
butter cooking spray,3,Additive
cactus,1,Plant
cake pastry flour,0,Cereal
calabaza squash,3,Fruit
calorie bread,0,Bakery
calorie sweetener,2,Additive
campbell french onion soup,3,Dish
campbell golden mushroom soup,1,Dish
campbell southwest pepper jack soup,3,Dairy
candy,1,Additive
cauliflower head,2,Flower
cereal,0,Cereal
chai tea,0,Beverage
char siu sauce,2,Additive
chicken ramen noodle,9,Meat
chicken seasoning,9,Spice
chocolate sandwich cooky,0,Bakery
ciabatta bread,1,Bakery
clam broth,1,Beverage-Alcoholic
cocoa mix,0,Seed
cod fish,0,Fish
colby,2,Dairy
coleslaw mix cabbage carrot,1,Condiment
comte cheese,1,Dairy
corn flake cereal,0,Cereal
corn niblet,1,Maize
cornstarch water,7,Maize
cream cheese frosting,0,Dairy
cream cheese herb,2,Dairy
cream half,1,Dairy
cream soda,0,Dairy
cream whipping,1,Dairy
creamy butter,3,Additive
crisco cooking oil,1,Additive
curry sauce,5,Additive
dark muscovado sugar,1,Additive-Sugar
de arbol,3,Vegetable
deli beef,0,Meat
dungeness crab,2,Seafood
escargot,2,Seafood
extra oil,2,Plant Derivative
flavor fruit jam,0,Fruit
french onion ring,3,Vegetable
fruit strawberry,0,Fruit
funghi porcini,3,Fungi
gem lettuce,2,Vegetable
graham flour,0,Cereal
green pepper ring,3,Vegetable
gyoza skin,1,Herb
hard apple cider,3,Beverage-Alcoholic
heath candy bar,0,Plant
herbes de,5,Herb
hickory smoke salt,0,Additive-Salt
honey peanut,2,Plant Derivative
horseradish mustard,0,Condiment
hot coffee,0,Beverage
irish mist liqueur,0,Beverage-Alcoholic
jalapeno pepper cheese,2,Dairy
jello gelatin,0,Additive
jelly bean,0,Dish
jerk sauce,4,Additive
jimmy dean sausage,0,Dish
key lime zest,0,Fruit
kirsch liqueur,0,Beverage-Alcoholic
korean chili paste,5,Plant Derivative
lamb backstraps,2,Meat
lemon balm leaf,1,Spice
lemon gelatin,1,Additive
lemon myrtle,1,Fruit
lemon sorbet,0,Fruit
lettuce green,2,Vegetable
manila clam,1,Seafood
matcha green tea powder,0,Beverage
milk chocolate candy bar,0,Plant
milk chocolate melt,0,Beverage
milk mozzarella,1,Dairy
moisture part mozzarella cheese,1,Dairy
monkfish,1,Fish
napa cabbage leaf,2,Vegetable
natural almond,2,Nuts and Seeds
non dairy milk substitute,1,Dish
nonstick vegetable cooking spray,0,Additive
nut almond,0,Nuts and Seeds
nut walnut,0,Nuts and Seeds
oil vinegar dressing,4,Plant Derivative
orange roughy fillet,0,Fruit
orange sherbet,0,Beverage
ortega taco seasoning,3,Spice
peanut butter chip,0,Additive
peanut oil corn,2,Plant Derivative
pear half,0,Fruit
petite pea,2,Legume
picante salsa,0,Condiment
pickling,0,Additive-Salt
pie pastry,1,Bakery
pignoli nut,2,Nuts and Seeds
pinhead oat,0,Cereal
pizza sauce spaghetti,0,Condiment
plain breadcrumb,3,Bakery
pork broth,0,Meat
pork loin steak,2,Meat
pork meat,3,Meat
pork stock,0,Meat
portuguese bread,3,Bakery
purpose seasoning,1,Spice
ranch dip mix,3,Condiment
range egg yolk,0,Meat
reblochon cheese,0,Dairy
red date,5,Fruit
red jalapeno,1,Spice
red pasta sauce,0,Dish
remoulade sauce,0,Condiment
roast beef gravy,0,Meat
romano bean,3,Legume
rotini noodle,3,Cereal
salsa con queso,2,Condiment
sardine oil,1,Additive
shimeji mushroom,4,Fungi
shrimp stock,1,Seafood
soman noodle,2,Cereal
southeast asian fish sauce,2,Condiment
soybean paste,3,Plant Derivative
spicy hot,0,Additive
strawberry jelly,0,Fruit
sumac powder,0,Spice
sunflower oil vegetable,0,Plant Derivative
swordfish,0,Fish
tangerine zest,0,Fruit
tenderloin,1,Meat
thai seasoning,4,Spice
tomato olive oil,3,Plant Derivative
tomato onion,1,Dish
tomato pesto,4,Dish
tri tip roast,0,Meat
turkey breast tenderloin,4,Meat
turkey ham,4,Meat
turkey leg,2,Meat
turkey stock,1,Meat
vanilla custard powder,0,Dish
veal stock beef,0,Meat
vegetable seasoning,3,Vegetable
vegetarian bacon,0,Meat
veggie burger,0,Dish
vermicelli pasta,2,Cereal
wheat egg noodle,2,Meat
wheat linguine,3,Cereal
wheat rotini,2,Cereal
white pea bean,0,Legume
yellow chile,3,Vegetable
yellow corn,2,Maize
yellow miso,0,Spice
ancho chili pepper,3,Spice
annatto oil,3,Plant Derivative
apple juice orange,0,Fruit
arabic spice,4,Spice
azuki bean,0,Legume
baby dill pickle,0,Herb
baby leek,4,Vegetable
baby swiss cheese,0,Dairy
bacardi rum,0,Beverage-Alcoholic
baker german chocolate,0,Plant
bamboo,3,Plant
beef ravioli,1,Dish
beef rib eye roast,0,Meat
beef sirloin tip,0,Meat
beef stock vegetable,0,Meat
blue cheese dressing,4,Dairy
blue cheese salad dressing,5,Dairy
blue food coloring,0,Additive
boil rice,3,Cereal
breadfruit,1,Fruit
brown ale,1,Beverage-Alcoholic
brown rice vinegar,0,Additive-Vinegar
buffalo,1,Meat
buffalo wing sauce,6,Condiment
cabbage carrot coleslaw mix,2,Condiment
caerphilly cheese,0,Dairy
caper salt,0,Additive
carambola,1,Fruit
caramel syrup,0,Plant Derivative
carb flour tortilla,4,Bakery
caribbean jerk marinade,3,Additive
cashew nut paste,5,Nuts and Seeds
castor sugar,0,Additive-Sugar
champignon mushroom,2,Fungi
cherry heering,0,Additive
cherry liqueur,1,Additive
chicken back,8,Meat
chicken gravy,8,Meat
chicken noodle soup mix,8,Meat
chicken stock broth,8,Meat
chinese celery,4,Herb
chinese wheat noodle,1,Cereal
chinese white rice vinegar,1,Beverage-Alcoholic
chipotle chile adobo sauce,2,Vegetable
chive blossom,1,Vegetable
chocolate hazelnut nutella,0,Additive
chocolate hazelnut spread,0,Additive
chocolate wafer crumb,0,Additive
cocktail mix,0,Dish
cooking couscous,3,Cereal
cooky,0,Dish
corn oil peanut,4,Plant Derivative
cream asparagus soup,3,Dish
cream cheese chive,4,Dairy
creamy salad dressing,1,Dish
culantro,0,Herb
dal,1,Legume
dark cocoa,0,Plant
double gloucester cheese,0,Dairy
dukkah,1,Spice
dumpling,3,Dish
earl grey tea,0,Plant
elderberry,0,Fruit
ener egg substitute,1,Dish
extra large egg yolk,1,Meat
fatty bacon,4,Meat
fine herbes,3,Additive-Sugar
flax seed oil,0,Essential Oil
foie gras,3,Dish
french vanilla coffee creamer,0,Dish
fruit pectin,0,Additive
fryer,8,Meat
ginger marmalade,1,Additive
ginger wine,1,Beverage-Alcoholic
gingersnap cookie,0,Bakery
gingersnap crumb,0,Bakery
glace pineapple,0,Beverage
green chile paste,2,Vegetable
green ginger,3,Spice
green maraschino cherry,0,Beverage-Alcoholic
green mushroom,1,Fungi
green tea leaf,1,Beverage
hawaiian sea salt,3,Additive-Salt
hazelnut meal,0,Nuts and Seeds
heather honey,1,Plant Derivative
herb seasoning mix,2,Spice
hickory bacon,2,Meat
hickory barbecue sauce,0,Condiment
honeydew,1,Fruit
hot red chile,2,Spice
irish moss,0,Herb
italian salami,0,Fish
jagermeister,0,Beverage-Alcoholic
jalapeno pepper serrano,2,Vegetable
jalapeno sauce,2,Condiment
jalapeno seasoning salt,2,Additive-Salt
jamaican jerk seasoning,3,Spice
jigger triple sec,0,Beverage-Alcoholic
jigger vodka,0,Beverage-Alcoholic
kipfler potato,1,Vegetable
kittencal taco seasoning mix,2,Spice
kraft italian salad dressing,3,Condiment
lamb leg steak,1,Meat
lavender honey,2,Plant Derivative
leaf oregano,3,Spice
lemon essence,0,Fruit
lemon grass root,1,Vegetable
lime powder,4,Spice
link italian sausage,0,Meat
liquid seasoning,1,Spice
liverwurst,1,Dish
locatelli cheese,2,Dairy
maple bacon,2,Meat
marie biscuit,0,Bakery
meat pork,0,Meat
melba toast,3,Bakery
mexican cornbread mix,1,Dish
mochiko,1,Cereal
mustard paste,3,Spice
nacho cheese,2,Dairy
nanami togarashi,0,Spice
non greek yogurt,0,Dairy
nonstick vegetable oil cooking spray,1,Additive
olive tapenade,1,Dish
onion white,2,Vegetable
orange soda,0,Fruit
orecchiette pasta,3,Cereal
oven cooking,1,Fruit
oven lasagna noodle,2,Cereal
panettone,0,Bakery
papaya nectar,0,Fruit
pasta dough,1,Cereal
pasta sauce mushroom,1,Dish
peach syrup,0,Plant Derivative
peanut oil sunflower,1,Plant
pepper ring,0,Spice
persimmon pulp,0,Herb
pico de gallo salsa,2,Condiment
pina colada nonalcoholic drink mix,0,Dish
pinot noir wine,3,Beverage-Alcoholic
pita,2,Bakery
pizza seasoning,3,Spice
pomelo fruit,1,Fruit
poppy seed filling,0,Spice
porterhouse steak,0,Fish
portuguese chourico,0,Meat
prosecco,0,Beverage-Alcoholic
purple plum,1,Fruit
purpose dinner crepe batter,2,Dish
queso fresco cheese,2,Dairy
quince paste,2,Fruit
raclette cheese,1,Dairy
raspberry jelly,0,Fruit
red bird eye chili,2,Vegetable
red fresno chile,2,Vegetable
red maraschino cherry,0,Fruit
red paprika,1,Vegetable
red raspberry,0,Fruit
red rice,3,Cereal
sage sprig,3,Herb
salt beef,1,Meat
salt seasoning,4,Additive-Salt
sandwich,0,Dish
sauvignon blanc wine,5,Beverage-Alcoholic
serrano chile,3,Vegetable
sirloin roast,2,Meat
smart balance butter spread,1,Dairy
soya flour,0,Cereal
soya milk,0,Plant Derivative
sparkling white wine,0,Beverage-Alcoholic
spicy italian sausage,2,Meat
stew vegetable,1,Vegetable
tamarind extract,0,Plant Derivative
tobiko,0,Fish
tomato salsa,2,Condiment
turkey gravy,1,Meat
turkey tenderloin,2,Meat
umeboshi,1,Fruit
valencia orange,1,Fruit
veal scallop,2,Seafood
vegetable chicken stock,8,Meat
vegetable oil corn,1,Plant Derivative
vegetable soup,1,Dish
vegetable soup mix,0,Dish
vol au vent case,1,Vegetable
walla onion,4,Vegetable
wheat english muffin,0,Bakery
wheat macaroni,4,Cereal
white bread cube,2,Bakery
white corn kernel,5,Maize
white meat chicken,8,Meat
yellow rice mix,4,Cereal
young ginger root,3,Spice
agar flake,1,Additive
ahi tuna steak,0,Fish
almond oil,1,Nuts and Seeds
alphabet pasta,3,Cereal
andes mint candy,0,Herb
baby back pork rib,0,Meat
baby corn cob,4,Maize
bay shrimp,0,Seafood
bean soup mix,2,Dish
beau monde seasoning,0,Spice
beef burger,0,Bakery
beef consomme soup,0,Meat
beef rib eye steak,0,Meat
beef stock bouillon,1,Meat
beef stock consomme,1,Meat
berry sugar,0,Additive
biscuit baking mix,1,Dish
biscuit crumb,0,Bakery
bitter chocolate,1,Plant Derivative
black dal,1,Legume
black plum,1,Fruit
bleu cheese salad dressing,4,Dairy
blood orange juice,0,Fruit
bonnet chile pepper,3,Vegetable
bread butter pickle,0,Dish
bread wheat,1,Bakery
broccoli carrot cauliflower mix,2,Flower
brown breadcrumb,2,Bakery
bulk hot italian sausage,0,Meat
butter cracker,3,Dairy
butter shortening,0,Additive
cake mix,0,Dish
california avocado,0,Fruit
calimyrna fig,0,Fruit
cannoli shell,0,Seafood
chayote squash,2,Vegetable
cheddar monterey cheese,2,Dairy
cheerio oat cereal,0,Cereal
cherry jam,0,Additive
cherrystone clam,2,Seafood
cheshire cheese,0,Dairy
chicken gravy mix,7,Meat
chicken nugget,7,Meat
chile pequins,1,Vegetable
chile salsa,2,Condiment
chili pod,3,Spice
chinese chili paste,3,Plant Derivative
chinese hot mustard,2,Spice
chipotle chili sauce,2,Condiment
chipotle paste,2,Condiment
chocolate cake,0,Dish
chocolate powder,0,Plant Derivative
chunk tuna water,0,Fish
chunky spaghetti sauce,1,Condiment
cinnamon graham cracker,0,Bakery
clam shell,2,Seafood
coconut juice,3,Beverage
coconut liqueur,0,Beverage
coleslaw dressing,1,Condiment
cream mushroom garlic soup,2,Dish
cream rice,0,Cereal
dark mexican beer,0,Beverage
dark rye flour,0,Bakery
dashi kombu kelp,0,Condiment
date syrup,0,Fruit
dessert apple,0,Fruit
dessert wine,0,Beverage-Alcoholic
dozen oyster,0,Seafood
duckling,0,Meat
el paso enchilada sauce,4,Condiment
el paso taco seasoning mix,4,Spice
extra turkey breast,1,Meat
falafel mix,0,Dish
fillet halibut,0,Fish
fillet sole,0,Fish
fine bulgur,1,Cereal
fireball whiskey,1,Beverage-Alcoholic
fish cake,1,Dish
flounder,2,Fish
four bean mix,0,Dish
french breadcrumb,0,Bakery
french vanilla pudding,0,Dish
frog leg,1,Dish
fromage frais,1,Dairy
garbanzo bean chickpea,0,Legume
garlic alfredo sauce,2,Condiment
ginger puree,3,Spice
ginseng root,6,Vegetable
gluten self raising flour,0,Cereal
gourd,0,Fruit
goya adobo pepper,3,Spice
goya sazon,1,Dish
green cabbage head,0,Vegetable
green red bell pepper,2,Vegetable Fruit
ham shank,1,Meat
head napa cabbage,1,Vegetable
head red leaf lettuce,0,Vegetable
head savoy cabbage,1,Vegetable
hearty white bread,1,Bakery
hershey cocoa,0,Seed
hintz cocoa powder,0,Seed
hollandaise sauce,1,Condiment
italian pepper,2,Spice
jackfruit,0,Fruit
jalapeno lengthwise,4,Spice
jalapeno pepper seed,1,Spice
jalapeno serrano pepper,3,Vegetable
jamaican rum,1,Beverage-Alcoholic
japanese pumpkin,2,Fruit
japanese sake,2,Beverage-Alcoholic
konbu,1,Seafood
laughing cow cheese,0,Dairy
lavender blossom,1,Flower
lemon herb seasoning,2,Meat
lemon jell o gelatin,0,Additive
linguini pasta,2,Cereal
lox,1,Fish
mackerel fillet,0,Fish
mahi,2,Fish
mango liqueur,0,Fruit
manicotti pasta,2,Cereal
maraschino juice,0,Beverage-Alcoholic
matzo cracker,2,Bakery
mccormick grill seasoning,3,Spice
melon ball,0,Fruit
meringue,0,Bakery
mexican tomato jalapeno pepper,0,Vegetable
milk yogurt,2,Dairy
moose,0,Meat
mozzarella string cheese,0,Dairy
mushroom broth,0,Fungi
mushroom liquid,2,Fungi
nacho flavor tortilla chip,2,Dish
nori sushi,1,Seafood
oil butter,1,Plant Derivative
olive brine,2,Plant
olive juice,2,Plant
oriental vegetable,2,Vegetable
pad thai rice noodle,2,Cereal
pasta noodle,2,Cereal
pastry pie crust,0,Bakery
peach brandy,0,Beverage-Alcoholic
peking duck,4,Meat
pepper jelly,3,Vegetable
pepper paste,2,Condiment
pie crust mix,0,Bakery
pig tail,0,Meat
piloncillo cone,1,Additive-Sugar
pineapple juice orange,2,Beverage
pineapple syrup,2,Fruit
pink lemonade concentrate,0,Beverage
pizza topping,1,Spice
pod cardamom,4,Spice
pork butt shoulder,2,Meat
pork rib rack,0,Meat
pork sausage casing,0,Meat
pork shoulder butt,3,Meat
pork skin,1,Meat
prickly pear,3,Fruit
purpose baking mix,1,Dish
quail egg,2,Meat
queso anejo,4,Dairy
queso sauce,3,Condiment
ra el hanout spice,2,Spice
radish sprout,1,Vegetable
rapini,1,Vegetable
raspberry gelatin powder,0,Additive
raspberry juice,0,Fruit
red chile pod,3,Vegetable
red cooking wine,2,Beverage-Alcoholic
red pepper jelly,0,Spice
red spanish onion,0,Vegetable
reposado tequila,1,Beverage-Alcoholic
request cream mushroom soup,2,Dish
rice wrapper,0,Cereal
rye meal,0,Bakery
saffron powder,1,Spice
sauerkraut juice,0,Vegetable
sausage casing,0,Dish
seasoning sauce,3,Condiment
sicilian olive,1,Plant
sirloin tip,2,Meat
skor english toffee bit,0,Gourd
sourdough baguette,0,Bakery
spaghetti sauce meat,1,Condiment
spicy bean,2,Legume
spicy salami,0,Fish
spicy tomato sauce,2,Condiment
spicy vegetable juice,2,Vegetable
stewing veal,2,Meat
strawberry yogurt,0,Dairy
sugar chocolate pudding mix,0,Dish
tamarind pod,1,Fruit
tapenade,0,Dish
tex mex seasoning,2,Spice
tikka paste,5,Spice
tomato concentrate,1,Vegetable
tomato pasta sauce,1,Condiment
turkey breast half,3,Meat
turkey carcass,2,Meat
vegetable drumstick,0,Vegetable
vegetable oil butter,2,Plant Derivative
vegetable oil lard,1,Plant Derivative
wheat baguette,0,Bakery
wheat noodle,3,Cereal
white bread dough,0,Bakery
white miso paste,0,Spice
white mustard seed,2,Vegetable
wild rice mix,2,Dish
winter savory,1,Herb
wolf brand chili,0,Spice
absinthe,0,Beverage-Alcoholic
agave tequila,0,Beverage-Alcoholic
almond halve,1,Nuts and Seeds
amaretto almond liqueur,0,Beverage-Alcoholic
andouille sausage link,4,Meat
apple liqueur,0,Fruit
apple ring,0,Fruit
aquavit,0,Beverage-Alcoholic
asian chile pepper sauce,3,Condiment
baby arugula leaf,0,Vegetable
baby back rib rack,0,Meat
baby calamari,0,Seafood
baby portobello mushroom,3,Fungi
balsamic vinaigrette dressing,2,Additive
balsamic vinaigrette salad dressing,2,Additive
barramundi fillet,0,Fish
bean green chilies,0,Vegetable
beef gravy mix,0,Dish
beef jerky,0,Meat
beef rice roni,0,Dish
beef schnitzel,0,Meat
beef tenderloin roast,0,Meat
beefy mushroom soup,0,Dish
black cardamom,3,Legume
braeburn apple,0,Fruit
bratwurst sausage,0,Dish
bread mix,2,Dish
bread stuffing mix,3,Dish
breadcrumb italian,1,Bakery
breast half,6,Meat
brown bean,0,Legume
brown rice syrup,0,Cereal
buddig beef,1,Meat
budweiser beer,0,Beverage
burger,0,Dish
burrito seasoning mix,0,Spice
butter bud,2,Dairy
butter cooky,1,Dairy
buttermilk pancake mix,0,Dish
campanelle pasta,3,Cereal
campbell chicken soup,6,Meat
canning,0,Additive-Salt
cantaloupe ball,1,Fruit
caper brine,1,Fruit
cavender greek seasoning,0,Spice
center bacon,2,Meat
cheddar cheese mexican,0,Dairy
cheese soup,2,Dish
chestnut flour,0,Nuts and Seeds
chicken breast halve,6,Meat
chicken carcass,6,Meat
chicken flavor stuffing mix,6,Meat
chile adobo sauce,0,Condiment
chile garlic sauce,4,Condiment
chile oil,1,Plant Derivative
chinese bean paste,1,Legume
chinese red vinegar,3,Additive-Vinegar
chocolate candy,0,Additive
chocolate fudge topping,0,Additive
cilantro sprig,2,Herb
cipollini onion,2,Vegetable
cocktail frank,0,Beverage
coconut flavoring,1,Beverage
coconut ice cream,0,Dish
coconut macaroon,0,Beverage
cod steak,0,Fish
cointreau,0,Beverage-Alcoholic
cold butter,2,Dairy
cold milk,0,Dairy
corn black bean salsa,3,Condiment
corn cereal,0,Maize
corn pepper,1,Maize
crab leg,1,Seafood
cream chicken mushroom soup,6,Meat
cream mushroom soup chicken,6,Meat
cream shrimp soup,0,Seafood
cream topping,0,Additive
creamy italian dressing,1,Spice
creamy italian salad dressing,0,Dish
crisp taco shell,0,Dish
crispix cereal,0,Cereal
crumb topping,0,Bakery
dark semi chocolate,0,Plant
decorator sugar,0,Additive
deer meat,0,Meat
deli salami,0,Fish
dhaniya powder,1,Spice
dill pickle juice,0,Herb
ditali pasta,3,Cereal
dragee,0,Dish
dutch process cocoa powder,0,Plant
earth balance margarine,1,Additive
eau de vie,0,Beverage-Alcoholic
edamame green,0,Legume
eggplant lengthwise,0,Vegetable
el enchilada sauce,1,Condiment
el taco seasoning,2,Spice
elderflower cordial,0,Fruit
emmentaler cheese,1,Dairy
english toffee bit,0,Gourd
espresso bean,0,Legume
feta cheese basil tomato,1,Dairy
filo pastry,1,Bakery
fine italian breadcrumb,2,Bakery
fine noodle,1,Cereal
fish ball,4,Fish
fish bouillon cube,1,Fish
fish oil,4,Fish
fish stock chicken,6,Meat
five spice seasoning,2,Spice
flageolet bean,4,Legume
foot hog casing,0,Dish
french vanilla pudding mix,0,Dish
frito corn chip,3,Maize
fruit apricot,1,Fruit
fruit sugar,0,Additive
ganache,0,Additive
garlic pepper,2,Vegetable
gluten breadcrumb,1,Cereal
gluten vanilla extract,0,Essential Oil
grain tortilla,3,Dish
granola,0,Cereal
greek dressing,2,Condiment
greek pita bread,0,Bakery
green chili powder,2,Vegetable
green pepper red,1,Vegetable Fruit
grey poupon dijon mustard,2,Condiment
habanero chile pepper,0,Condiment
hake fillet,0,Fish
hard egg yolk,0,Meat
havarti dill,2,Dairy
head leaf lettuce,0,Vegetable
head romaine,2,Vegetable
heinz tomato ketchup,3,Additive
high white bread,1,Bakery
hormel chili,0,Spice
italian plum,1,Fruit
italian prune plum,0,Fruit
jalapeno pepper ring,1,Spice
japanese sushi rice,1,Cereal
jigger tequila,0,Beverage-Alcoholic
jigger whiskey,0,Beverage-Alcoholic
kaiser hamburger bun,0,Bakery
kalonji,0,Spice
kentucky bourbon,0,Beverage-Alcoholic
kikkoman teriyaki sauce,1,Condiment
king oyster mushroom,2,Fungi
korean red pepper flake,1,Spice
kraft mexican,3,Dairy
ladyfinger cooky,0,Vegetable
lamb rib,1,Meat
leaf spinach,0,Vegetable
lemon pudding,0,Dish
lemon thyme leaf,1,Herb
lily bud,3,Flower
lime twist,0,Fruit
lipton beefy onion soup mix,0,Dish
lite milk,5,Dairy
loaf sourdough bread,0,Bakery
mandarin orange juice,1,Fruit
marcona almond,0,Nuts and Seeds
meatloaf mix beef,1,Meat
merlot wine,1,Beverage-Alcoholic
mexican bean,1,Legume
mexican chili bean,0,Legume
mint flake,0,Herb
mission fig,2,Fruit
mulato chile,3,Vegetable
mutton chop,1,Meat
natural cane sugar,0,Additive-Sugar
non yogurt,2,Dairy
nuoc cham sauce,2,Condiment
oetker vanilla sugar,0,Additive-Sugar
oil chicken,6,Meat
oil tomato,2,Vegetable
okra pod,0,Vegetable
onion hamburger bun,0,Bakery
orange juice pineapple,2,Beverage
oreo cookie crumb,0,Dish
ortega chile,4,Spice
oxo beef cube,0,Meat
oyster cracker,1,Seafood
pareve margarine,0,Additive
parmesan romano cheese,1,Dairy
partridge,1,Meat
pate,2,Dish
pattypan squash,0,Fruit
pea pearl onion,1,Vegetable
peanut oil sesame,3,Essential Oil
peasant bread,2,Bakery
peppermint schnapps,0,Herb
pierogi,1,Dish
pierogies,1,Dish
pillsbury pie crust,0,Bakery
pineapple orange juice,1,Beverage
pinto bean chili sauce,3,Dish
pinto bean jalapeno pepper,0,Legume
pork fatback,1,Meat
pork knuckle,0,Meat
pot barley,1,Cereal
pumpkin pie filling,0,Bakery
quark cheese,0,Dairy
rack baby back pork rib,0,Meat
raisin bran cereal,0,Cereal
ranch dip,0,Condiment
raspberry jell o gelatin,0,Additive
raspberry sherbet,0,Beverage
raspberry vodka,0,Beverage-Alcoholic
red bird eye chilies,1,Vegetable
red cherry pepper,1,Vegetable Fruit
red chile flake,0,Vegetable
red cinnamon candy,0,Additive
red glace cherry,0,Fruit
red pepper oil,0,Vegetable Fruit
red wine vinaigrette,3,Beverage-Alcoholic
rice cake,0,Dish
rice vermicelli noodle,1,Cereal
rose,0,Additive
rosemary needle,1,Herb
rye breadcrumb,1,Bakery
salt garlic powder,2,Herb
salt tomato sauce,2,Condiment
saltine crumb,0,Bakery
sauce hot,3,Condiment
sauterne white wine,3,Beverage-Alcoholic
savoiardi cooky,0,Bakery
seed,0,Spice
seville orange,1,Fruit
shake n bake,5,Meat
shoestring potato,1,Vegetable Tuber
shrimp cracker,2,Seafood
snake bean,1,Legume
soba noodle buckwheat,1,Cereal
sockeye salmon,0,Fish
soho lychee liqueur,0,Beverage-Alcoholic
soy cheese,1,Dairy
soy cream,0,Dairy
soybean oil,2,Additive
sparkling apple cider,0,Beverage-Alcoholic
speck,0,Meat
spice essence,1,Spice
spice mix,2,Spice
spinach linguine,2,Vegetable
spinach pasta,3,Cereal
sponge,0,Bakery
sriracha asian garlic sauce,1,Condiment
sriracha chili garlic sauce,1,Condiment
sriracha garlic sauce,0,Condiment
steak fillet,3,Fish
steak meat,1,Fish
stone dijon mustard,2,Condiment
sugar orange gelatin,1,Additive
super,0,Additive-Sugar
swordfish fillet,2,Fish
szechuan sauce,4,Additive
taco bell seasoning mix,0,Spice
tamarillo,0,Fruit
tamarind concentrate,1,Plant Derivative
tart crust,0,Bakery
teff flour,1,Cereal
teriyaki marinade sauce,3,Condiment
thai red chili pepper jalapeno,2,Spice
thompson grape,0,Fruit
thymol seed,0,Spice
tiger prawn,4,Seafood
tip roast,0,Meat
tom yum paste,4,Additive
tomato basil garlic,1,Herb
tomato bisque soup,3,Dish
tomato clam juice cocktail,0,Beverage-Alcoholic
tomato herb,1,Vegetable
tomato jalapeno pepper,2,Spice
tonkatsu sauce,0,Additive
torn romaine lettuce,0,Vegetable
turkey thigh,2,Meat
vanilla cake mix,0,Dish
vanilla custard,0,Dish
vanilla frosting,0,Legume
veal fillet,1,Meat
vegan cheddar cheese,0,Dairy
vegan mozzarella cheese,0,Dairy
vegetable pepper,4,Spice
vegetarian beef strip,0,Meat
vienna sausage,2,Dish
weetabix,0,Cereal
wheat pasta shell,2,Cereal
wheat pizza dough,0,Bakery
wheat rotini pasta,1,Cereal
white cooking wine,2,Beverage-Alcoholic
white flour tortilla,5,Bakery
wishbone italian dressing,3,Condiment
wrapper,2,Herb
yautia,1,Plant
yellow squash lengthwise,1,Fruit
yellow summer squash,1,Fruit
yolk egg noodle,0,Meat
zest lemon,0,Fruit
absolut citron vodka,0,Beverage-Alcoholic
aji yellow paste,2,Condiment
alfredo sauce mix,1,Dish
anaheim chile,0,Spice
angel food cake mix,0,Dish
appenzeller cheese,0,Dairy
apple pie,0,Fruit
apple schnapps,0,Fruit
argan oil,1,Plant Derivative
arrowroot powder,2,Vegetable
asian dressing,1,Dish
baby salad leaf,1,Vegetable
baby tomato,2,Fruit
bacardi dark rum,0,Beverage-Alcoholic
baker semi chocolate,0,Plant
baking chocolate square,2,Plant Derivative
balsamic dressing,1,Dish
basil oil,1,Essential Oil
bean bacon soup,0,Dish
bean pinto,2,Legume
bear meat,0,Meat
beef kidney,0,Meat
beef ramen noodle,0,Cereal
beef skirt steak,2,Meat
beef tenderloin filet,0,Meat
beef tip roast,0,Meat
black bean soup,1,Dish
black chinese mushroom,2,Fungi
black currant jelly,0,Fruit
black onion seed,0,Vegetable
black pudding,0,Dish
black turtle bean,3,Legume
blackberry brandy,0,Beverage-Alcoholic
blue crab,0,Seafood
blue grape,0,Fruit
bread grain,0,Bakery
breakfast sausage link,1,Meat
broccoli cheese soup,0,Dish
broccoli spear,2,Flower
brown cardamom pod,2,Spice
brown sugar substitute,1,Additive-Sugar
brut champagne,1,Beverage-Alcoholic
buckwheat noodle,1,Cereal
bulb shallot,0,Seafood
burrata cheese,0,Dairy
butter cake mix,0,Dish
butter flavoring,0,Additive
buttermilk ranch salad dressing mix,2,Dish
butternut squash lengthwise,1,Fruit
campbell fiesta nacho cheese soup,3,Dish
canadian whiskey,0,Beverage-Alcoholic
candy bar,0,Plant
candy corn,0,Maize
caperberries,0,Fruit
carb tortilla,0,Bakery
cascabel chile,1,Spice
cashew cream,2,Nuts and Seeds
center pork loin chop,1,Meat
cham sauce,1,Additive
char siu pork,1,Meat
cheesecake,0,Dairy
chevre cheese goat,0,Dairy
chevre goat cheese,0,Dairy
chicken breast tenderloin,5,Meat
chicken breast turkey,5,Meat
chicken consomme,5,Meat
chicken gumbo soup,5,Meat
chicken half,5,Meat
chicken portion,5,Meat
chicken rice roni,5,Meat
chicken soup powder,5,Meat
chicken stock fish,5,Meat
chile guajillos,2,Spice
chile sauce garlic,2,Condiment
chili con carne,0,Spice
chinese cooking wine,1,Beverage-Alcoholic
chinese mustard green,3,Spice
chinese salt,3,Additive
chinese white rice wine,4,Beverage-Alcoholic
chocolate biscuit,0,Plant Derivative
chocolate chip cooky,0,Additive
chocolate cooky,0,Bakery
chocolate drink mix,0,Dish
chocolate flavor pudding pie filling mix,0,Dish
chocolate icing,0,Plant Derivative
chop suey vegetable,3,Vegetable
chunk pineapple,1,Beverage
chunky pasta sauce,1,Additive
chunky tomato pasta sauce,1,Additive
cilantro salsa,4,Condiment
cinnamon baking chip,0,Additive
cinnamon oil,0,Additive
cloud ear mushroom,3,Fungi
cold white rice,0,Cereal
coleman mustard,0,Spice
cooking polenta,1,Dish
cool water,0,Additive
corn chex,0,Maize
corn sugar,0,Maize
corn tostada,2,Bakery
cornflake crumb,1,Maize
crabmeat crab,1,Seafood
cracker meal,0,Bakery
cream broccoli soup,2,Dish
cream chicken soup mushroom,5,Meat
cream heavy,1,Dairy
cream milk powder,0,Dairy
creamy caesar salad dressing,2,Dish
daikon,1,Vegetable
dark chocolate melt,0,Plant
dark cocoa powder,0,Plant
de provence,0,Herb
delicata squash,0,Fruit
diet lemon lime soda,0,Beverage
dolcelatte,3,Dairy
double pie crust,1,Bakery
drinking chocolate,0,Plant Derivative
duck breast half,0,Meat
dulce de leche ice cream,0,Dish
dungeness crabmeat,0,Seafood
earth balance natural buttery spread,0,Additive
eat apricot,2,Fruit
egg lengthwise,1,Meat
egg tortellini,2,Meat
egg yolk white,0,Meat
enchilada sauce green,1,Condiment
enchilada sauce red,2,Condiment
english cheese,0,Dairy
english toffee,0,Gourd
english toffee bar,0,Gourd
enriched flour,0,Cereal
extra shrimp,0,Seafood
family tea,0,Plant
fast chicken soup base,5,Meat
feta cheese tomato,4,Dairy
fig preserve,0,Fruit
fillet red snapper,0,Fish
fine vermicelli,1,Cereal
fire oil,3,Additive
fish fillet halibut,0,Fish
fish roe,0,Fish
fish steak,0,Fish
flake,0,Spice
french thyme,3,Herb
fresno chile pepper,2,Vegetable
fruit jam,0,Fruit
fruit syrup,0,Plant Derivative
fudge topping,0,Additive
galanga root,2,Spice
garlic basil,0,Herb
garlic herb goat cheese,2,Dairy
garlic salt pepper,1,Spice
ginger cube,1,Spice
ginger green chili paste,0,Vegetable
gjetost cheese,4,Dairy
glace apricot,0,Fruit
goat milk,0,Dairy
godiva dark chocolate bar,0,Plant
goya extra virgin olive oil,2,Plant Derivative
goya garlic,3,Herb
grain wheat flour,1,Cereal
greek vinaigrette salad dressing,0,Condiment
green chile enchilada sauce,2,Condiment
green chutney,1,Additive
green decorator sugar,0,Additive
green mung bean,0,Legume
green pumpkin seed,0,Nuts and Seeds
green tomatillo sauce,2,Condiment
guava jelly,1,Fruit
gumbo file powder,1,Spice
habanero hot sauce,0,Condiment
haldi powder,0,Spice
hard taco shell,1,Bakery
hatch chile,1,Vegetable
hazelnut syrup,0,Nuts and Seeds
heinz chili sauce,0,Additive
hemp seed,0,Spice
hibiscus,0,Flower
hormel chili without bean,0,Dish
ice cream cone,0,Dish
jalapeno jelly,1,Spice
jalapeno pepper sauce,1,Condiment
jalapeno powder,0,Spice
jalapeno seed,2,Spice
japanese bread crumb,1,Bakery
kabuli channa,0,Legume
kaffir lime zest,1,Herb
kecap manis,1,Condiment
kefalograviera cheese,0,Dairy
kiwi liqueur,0,Fruit
korean chile powder,0,Spice
korean pepper paste,2,Spice
korean radish,0,Vegetable
kraft mexican cheese,3,Dairy
lady finger cooky,0,Bakery
lamb broth,0,Vegetable
lamb stock cube,0,Meat
lamb tenderloin,2,Meat
lasagna pasta,2,Cereal
lavender oil,0,Additive
lemon juice concentrate,1,Beverage
lemon peel strip,0,Fruit
lemon verbena,0,Fruit
licorice,1,Herb
liquid egg white,0,Meat
liquid gravy browner,2,Dish
liquid pepper sauce,2,Condiment
lo mein noodle,2,Cereal
longan,2,Plant
loose tea,0,Plant
macaroni pasta,3,Cereal
madeira cake,0,Dish
malibu coconut rum,1,Beverage-Alcoholic
malt biscuit,0,Bakery
mandarin segment,0,Plant Derivative
mango chunk,0,Fruit
mango rum,0,Beverage-Alcoholic
marinara sauce pasta,2,Condiment
masa dough,1,Maize
matzo farfel,1,Bakery
mccormick,2,Spice
mediterranean oregano,0,Spice
mexican four cheese,0,Dairy
meyer dark rum,0,Beverage-Alcoholic
mezcal,0,Beverage-Alcoholic
microwave popcorn,0,Maize
mint chocolate chip,0,Additive
mint chocolate chip ice cream,0,Dish
miso soup mix,0,Dish
moist white cake mix,0,Dish
moose roast,0,Meat
morton nature seasoning,1,Spice
mostaccioli noodle,1,Cereal
mozzarella cheddar cheese,2,Dairy
mung bean noodle,1,Legume
mushroom beef gravy,0,Dish
mushroom gravy,0,Fungi
mushroom gravy mix,0,Fungi
nacho cheese dip,0,Dairy
natural greek yogurt,0,Dairy
nonfat greek yogurt,2,Dairy
nopalitos,0,Plant
nut cashew,0,Nuts and Seeds
olive black green,1,Plant
olive green,2,Plant
orange gelatin,0,Additive
orange juice apple,0,Fruit
orange juice lime,0,Beverage
orange juice liqueur,0,Fruit
orange pekoe tea,1,Beverage
orange pepper,1,Vegetable Fruit
organic carrot,1,Vegetable
oyster juice,2,Seafood
paad thai sauce,2,Condiment
pancake,1,Dish
panela cheese,1,Dairy
panko crumb,0,Bakery
paradise mango rum liqueur,0,Beverage-Alcoholic
parmesan asiago romano cheese,0,Dairy
pastis,0,Bakery
pastry crust,0,Bakery
pear juice,1,Beverage
pearl sugar,0,Additive-Sugar
pepper oil,2,Spice
peppercorn ranch dressing,1,Condiment
perch,0,Fish
phyllo,0,Bakery
pickling vinegar,0,Spice
pie filling,0,Dish
pillsbury biscuit,0,Bakery
pina colada mix,1,Dish
pink lemonade,0,Beverage
piquillo pepper red,2,Vegetable Fruit
pista,0,Nuts and Seeds
pizza,1,Bakery
pizza crust mix,0,Bakery
plantain leaf,2,Plant
plum brandy,0,Beverage-Alcoholic
plum wine,1,Beverage-Alcoholic
pomegranate paste,2,Fruit
pomegranate powder,0,Fruit
pork bouillon cube,0,Dish
pork medallion,1,Meat
pork rib roast,1,Meat
pork shoulder blade roast,1,Meat
pork shoulder chop,1,Meat
pork trotter,0,Meat
potato bread,1,Vegetable Tuber
potato lengthwise,1,Vegetable Tuber
protein powder,0,Spice
prune juice,0,Fruit
pumpkin flesh,2,Fruit
pumpkin spice,0,Spice
ra el hanout,3,Spice
rack pork sparerib,0,Meat
radiatore pasta,1,Cereal
rainbow trout,0,Fish
rajma,0,Legume
raspberry jelly crystal,0,Fruit
red chili oil,0,Plant Derivative
red currant jam,1,Fruit
red grape juice,0,Fruit
red green cherry,0,Additive
red hot sauce,3,Additive
red miso paste,1,Spice
red pear tomato,0,Vegetable
red pepper strip,1,Vegetable
red peppercorn,0,Spice
red raspberry preserve,0,Fruit
red thai chili pepper,1,Vegetable
red yellow bell pepper,2,Vegetable Fruit
rice brown,1,Cereal
rice chex,0,Cereal
rice cracker,1,Cereal
rice noodle vermicelli,1,Cereal
rigatoni,2,Cereal
ring bologna,0,Meat
ritz cracker crumb,1,Bakery
robusto cheese,1,Dairy
rose extract,1,Essential Oil
rosewater,1,Additive
rusk,0,Bakery
rustic white bread,1,Bakery
rye bread pumpernickel,0,Bakery
salt italian herb seasoning,0,Spice
sardine tomato sauce,0,Condiment
sashimi grade tuna,0,Fish
saskatoon berry,1,Berry
scamorza cheese,0,Dairy
scotch bonnet chile pepper,1,Spice
sea bream,0,Additive-Salt
seafood cocktail sauce,0,Condiment
seasoning salt pepper,1,Spice
sesame chili oil,2,Essential Oil
sesame seed paste,1,Dish
shell crab,1,Seafood
shiitake mushroom water,1,Fungi
shiraz wine,0,Beverage-Alcoholic
shrimp without tail,3,Seafood
simple syrup sugar,0,Plant Derivative
sole,1,Fish
soup meat,0,Meat
soup mix,0,Dish
sourdough bread french,0,Bakery
soy chorizo,0,Meat
soy crumbles,0,Bakery
spanish rice vermicelli mix,2,Cereal
spanish saffron thread,1,Spice
spice rub,1,Spice
spicy bulk sausage,1,Dish
spinach fettuccine pasta,0,Cereal
spinach noodle,0,Vegetable
spinach tortellini,0,Vegetable
splenda sugar baking,0,Vegetable
spray cooking,1,Additive
spring,0,Herb
squirrel,1,Meat
stew meat beef,0,Meat
stir,4,Dish
stir fry oil,3,Dish
stock beef,0,Meat
strawberry puree,0,Fruit
strength chicken broth,5,Meat
strip steak,0,Fish
sugar apricot jam,3,Fruit
sugar orange marmalade,1,Fruit
sugar strawberry jam,0,Fruit
sunflower margarine,0,Additive
super fine sugar,0,Additive-Sugar
swanson chicken broth,5,Meat
taco bell home ' n chunky salsa,1,Condiment
taleggio,0,Dairy
tamarind soup mix,2,Dish
tarragon sprig,3,Herb
tart red cherry,0,Fruit
thai chili garlic sauce,1,Additive
thai red chili paste,1,Condiment
tomato basil oregano,0,Vegetable
tomato jam,0,Vegetable
tomatoe,1,Vegetable
torn basil leaf,0,Herb
torn spinach leaf,2,Vegetable
tri color rotini pasta,0,Cereal
tropical fruit salad,1,Dish
turkey chili,0,Meat
turkey meatball,3,Meat
turkey wing,0,Meat
turmeric root,4,Spice
tzatziki sauce,1,Condiment
vanilla flavor pudding pie filling mix,0,Dish
vanilla liqueur,0,Legume
vanilla schnapps,0,Legume
veal demi glace,1,Additive
veal kidney,0,Meat
veal knuckle,0,Meat
veal roast,1,Meat
veal schnitzel,2,Meat
vegan cheese,1,Dairy
vegan worcestershire sauce,0,Condiment
vegetable oil cooking,1,Additive
vegetable oil sesame,2,Plant Derivative
vegetable stock base,1,Vegetable
vegetarian chili,1,Vegetable
vegetarian fish sauce,0,Condiment
vegetarian ham,0,Meat
velveeta cheese product,2,Dairy
venison loin,1,Meat
watermelon ball,1,Fruit
watermelon juice,0,Beverage
wheat angel hair pasta,2,Cereal
wheat beer,1,Beverage-Alcoholic
wheat elbow macaroni,3,Cereal
wheat toast,0,Cereal
whipping cream heavy,0,Dairy
white pita bread,3,Bakery
white port,1,Beverage-Alcoholic
white truffle,2,Additive
white wine worcestershire sauce,1,Condiment
whitefish fillet,0,Fish
wildflower honey,1,Plant Derivative
winter melon,2,Fruit
yakisoba noodle,1,Cereal
yellow cake mix white,0,Dish
yellow curry powder,2,Herb
yellow sugar,0,Additive-Sugar
zucchini blossom,1,Vegetable
absolut vodka,0,Beverage-Alcoholic
agar powder,0,Additive
alcohol,0,Beverage-Alcoholic
alfalfa,1,Legume
almond extract vanilla,0,Additive
almond filling,1,Dish
almond powder,1,Nuts and Seeds
almond syrup,0,Plant Derivative
amaretti cookie,0,Dish
amber beer,1,Beverage
amchoor mango powder,0,Spice
angostura aromatic bitter,1,Condiment
angostura worcestershire sauce,0,Condiment
anise pod,2,Spice
anisette liqueur,0,Spice
apricot fruit,0,Fruit
apricot half juice,0,Fruit
apricot jelly,0,Fruit
artichoke heart brine,0,Flower
asian basil,0,Herb
atkins baking mix,1,Dish
avocado leaf,1,Essential Oil
baby chicken,4,Meat
baby corn lengthwise,0,Maize
baby lettuce spring green,2,Vegetable
badia complete seasoning,1,Spice
bagel chip,1,Bakery
bagoong,1,Additive
ball pizza dough,0,Bakery
balsamic glaze,1,Dish
banana chip,0,Fruit
banana pudding mix,0,Dish
banana squash,2,Fruit
barley malt,0,Cereal
basa fillet,0,Fish
basic pizza dough,0,Bakery
basil pesto sauce,0,Additive
bean thread vermicelli,1,Legume
becel margarine,1,Additive
beef back rib,0,Meat
beef chuck shoulder pot roast,0,Meat
beef loin,3,Meat
beef medallion,0,Meat
beef onion soup mix,0,Dish
beef pot roast,0,Meat
beef steak fillet,0,Meat
beef t steak,0,Meat
beef tripe,0,Meat
biryani spice mix,0,Spice
bite mozzarella cheese ball,0,Dairy
black bean dip,0,Legume
black currant jam,0,Fruit
black fig,1,Fruit
black olive tapenade,1,Plant
black red pepper,1,Spice
black soybean,2,Legume
black truffle oil,1,Plant
blackberry preserve,0,Fruit
blue corn tortilla,3,Dish
blue corn tortilla chip,3,Bakery
bluefish,0,Fish
boca burger,0,Dish
bolillo,0,Cereal
bonito shaving,0,Fish
bottlegourd,0,Vegetable
braunschweiger sausage,0,Meat
breadcrumb panko,2,Bakery
breadcrumb white bread,0,Bakery
bresaola,0,Meat
broccoli raab,1,Flower
brown sausage,0,Dish
brown stock,0,Dish
brown wild rice mix,3,Cereal
bulk hot pork sausage,0,Meat
butter cake,0,Dish
butter extract,0,Additive
butter oil,0,Plant Derivative
buttercream frosting,0,Dairy
buttermilk biscuit dough,0,Dish
cake crumb,0,Dish
california almond,2,Nuts and Seeds
california chile pod,1,Spice
canadian cheddar cheese,2,Dairy
canadian rye whisky,0,Beverage-Alcoholic
candle nut,2,Nuts and Seeds
candy cane,0,Additive
canola cooking spray,1,Additive
cape gooseberry,0,Fruit
caribou,0,Meat
carrot diagonally,1,Vegetable
challah bread,0,Bakery
chapati flour,0,Cereal
cheese cheddar,0,Dairy
cheese italian,0,Dairy
cherry candy bar,0,Plant
cherry gelatin,0,Additive
cherry grape tomato,0,Vegetable
cherry jell o,0,Additive
chicken breast cutlet,4,Meat
chicken noodle soup,4,Meat
chicken stock salt,4,Meat
chicken stock turkey,4,Meat
chicken stuffing mix,4,Meat
chicken taco seasoning mix,4,Spice
chicken vegetarian seasoning,4,Meat
chile pepper jam,2,Spice
chili hot bean,0,Legume
chili olive oil,2,Plant Derivative
chinese bean,0,Legume
chinese black vinegar,1,Additive-Vinegar
chinese chili garlic sauce,1,Condiment
chinese chili paste garlic,3,Plant Derivative
chinese pancake,1,Dish
chinese red chile bean paste,2,Legume
chipotle chili pepper,0,Spice
chipotle mayonnaise,1,Condiment
chipotle sauce,3,Condiment
chocolate fudge pudding mix,0,Dish
chocolate graham cracker,0,Bakery
chocolate liqueur godiva,0,Beverage-Alcoholic
chocolate milk mix,0,Beverage
chocolate pudding,0,Dish
chocolate ripple biscuit,0,Plant Derivative
chocolate sauce,0,Plant Derivative
chocolate wafer cooky,0,Bakery
choice,1,Dish
chunky tomato onion garlic sauce,0,Condiment
cinnamon red hot candy,0,Additive
cinnamon schnapps,0,Additive
classico tomato basil pasta sauce,1,Additive
cocktail rye bread,0,Bakery
coconut butter,0,Fruit
coconut cream pudding mix,1,Dish
coffee extract,0,Beverage Caffeinated
concord grape,0,Fruit
cooking cream,2,Dairy
cooking oil lard,1,Additive
corn relish,2,Maize
cornbread muffin mix,1,Dish
cranberry jelly,1,Fruit
cream chicken soup mix,4,Meat
cream mushroom soup celery,2,Dish
creme de cassis liqueur,0,Beverage-Alcoholic
crisp chow mein noodle,1,Cereal
culantro cilantro,4,Herb
cupcake,0,Dish
curd cheese,0,Dairy
currant juice,0,Fruit
dark amber maple syrup,0,Additive
dark balsamic vinegar,0,Additive-Vinegar
dark chocolate square,1,Plant
dashi soup,1,Dish
de leche,0,Dish
deer,0,Meat
deli pepperoni,0,Meat
deli rotisserie chicken,4,Meat
dirty rice mix,1,Cereal
double cream whipping,0,Dairy
dr pepper cola,1,Spice
duck egg,0,Meat
duncan hines yellow cake mix,0,Dish
each salt black pepper,0,Spice
each salt pepper,1,Spice
el taco seasoning mix,0,Spice
elderberry flower,0,Fruit
enchilada seasoning,3,Spice
extra coffee,0,Beverage Caffeinated
extra olive oil,2,Plant Derivative
extra pork,0,Meat
extra spicy seasoning,2,Spice
fesh coconut,1,Beverage
feta cheese herb,1,Dairy
fiesta mexican cheese,2,Dairy
fiesta nacho cheese soup,3,Dish
fillet grouper,0,Fish
fillet rainbow trout,0,Fish
fillet swai fish,0,Fish
fillet walleye,1,Fish
fine cornmeal,0,Maize
fish stock vegetable,0,Vegetable
flavoring,0,Additive
fontinella cheese,3,Dairy
freekeh,0,Cereal
freestone peach,0,Fruit
french haricot vert green bean,0,Cereal
french sandwich,0,Dish
french vanilla non dairy coffee creamer,0,Dairy
frito bean dip,0,Condiment
fry bread,0,Bakery
fudge brownie mix,0,Dish
fuggles hop,0,Beverage-Alcoholic
gammon steak,1,Fish
garbanzo bean liquid,0,Legume
garlic cheese,0,Dairy
garlic grapeseed oil,2,Essential Oil
garlic herb couscous mix,0,Herb
garlic herb spreadable cheese,2,Dairy
garlic seasoning,0,Herb
garlic sprout,1,Herb
germain elderflower liqueur,0,Beverage-Alcoholic
ginger biscuit,0,Spice
gluten bread,0,Cereal
gluten flour rice,0,Cereal
godiva white chocolate liqueur,0,Beverage-Alcoholic
goji berry,0,Berry
golden sultana raisin,1,Fruit
goya sofrito sauce,2,Condiment
grain alcohol,0,Beverage-Alcoholic
grain breadcrumb,0,Bakery
grain cereal,0,Cereal
grain paradise,0,Cereal
grain wild rice mix,0,Cereal
grapefruit juice concentrate,0,Beverage
grapefruit zest,0,Beverage
greek natural yoghurt,1,Dairy
greek vinaigrette,0,Additive
green cardamom powder,0,Spice
green glazed cherry,0,Additive
green papaya,0,Fruit
green pepper flake,2,Vegetable Fruit
green sugar,0,Additive
guajillo chile powder,0,Vegetable
half milk,1,Dairy
ham spread,0,Meat
harusame noodle,1,Cereal
hatch chile pepper,1,Vegetable
hearty bread,0,Bakery
herb salt,1,Additive-Salt
herman sourdough starter,0,Dish
hershey bar,0,Plant
hershey chocolate chip,0,Additive
hershey chocolate kiss,0,Plant Derivative
high milk chocolate,0,Plant
home bread,1,Bakery
hominy grit,0,Maize
honey comb,0,Plant Derivative
honey mustard dressing,3,Plant Derivative
hot chocolate mix,0,Beverage
hot egg noodle,2,Meat
hot red pepper sauce,2,Condiment
hp steak sauce,0,Condiment
huckleberry,0,Fruit
ice cream topping,0,Additive
ice wine,0,Beverage-Alcoholic
idaho baking potato,0,Vegetable
italian pastina,2,Spice
italian sausage spaghetti sauce,0,Meat
italian seasoning basil,1,Herb
italian seasoning oregano,2,Herb
jalapeno havarti cheese,0,Dairy
jamon serrano,0,Meat
jelly crystal,0,Fruit
jigger peach schnapps,0,Beverage-Alcoholic
jigger rum,0,Beverage-Alcoholic
jose cuervo tequila,0,Beverage-Alcoholic
juice lime,1,Beverage
jumbo black olive,0,Plant
kashmiri chilies,1,Spice
kashmiri red chili powder,0,Spice
kidney bean sauce,0,Legume
korean red chili pepper flake,2,Spice
korean rice cake,0,Dish
korean sesame oil,0,Essential Oil
korean soy bean paste,0,Condiment
kraft catalina dressing,0,Condiment
kraft english cheese spread,1,Dairy
kraft mexican four cheese,1,Dairy
lamb leg chop,0,Meat
lancashire cheese,0,Dairy
land o ' lake butter,0,Dairy
lasagne noodle,1,Cereal
lebanese bread,2,Bakery
leek soup mix,3,Dish
leek white green,1,Vegetable
lemon basil,1,Herb
lemon flavoring,0,Fruit
lemon marmalade,0,Additive
lemon soda,0,Beverage
lemon vinaigrette,1,Additive
lemongrass paste,1,Herb
licorice root,0,Herb
lime cordial,0,Fruit
lime marmalade,0,Additive
lingonberry jam,0,Fruit
liquid shrimp crab boil seasoning,1,Spice
loaf challah,0,Bakery
lobster stock,0,Seafood
lotus leaf,3,Plant
lychee heavy syrup,0,Fruit
lychee juice,0,Fruit
macadamia half,1,Beverage
mahleb,0,Spice
major grey chutney,1,Additive
mandarin orange syrup,2,Plant Derivative
mango peach salsa,2,Condiment
marinara sauce pizza,0,Condiment
matchstick carrot,1,Vegetable
meatloaf,0,Dish
melon seed,0,Fruit
menudo spice mix,3,Spice
meringue nest,0,Bakery
meringue powder,0,Bakery
mexican chorizo,1,Meat
mexican hominy,2,Maize
milk greek yogurt,2,Dairy
minado perfect sushi rice,0,Cereal
minestrone soup,0,Dish
mini tart shell,0,Bakery
mint powder,0,Herb
multi grain bread,1,Bakery
multicolored candy sprinkle,0,Plant Derivative
multicolored sprinkle,0,Plant Derivative
mushroom button,1,Fungi
mushroom soup mix,0,Dish
mutton mince,0,Meat
mutton neck,0,Meat
my take sneaky orange puree,0,Fruit
nature seasoning,0,Spice
new mexico chile pod,0,Spice
new mexico red chile powder,0,Spice
no salt chicken broth,4,Meat
no salt corn,1,Vegetable
no yolk noodle,1,Cereal
non dairy creamer,0,Dairy
nonfat cheddar cheese,0,Dairy
nonstick cooking,0,Additive
nut oil,1,Essential Oil
nutella chocolate hazelnut spread,0,Additive
oil corn,1,Maize
oil enough,2,Additive
olive black,1,Plant
orange curacao liqueur,0,Beverage-Alcoholic
orange essence,0,Fruit
ortega taco sauce,1,Condiment
pale ale,0,Beverage-Alcoholic
pancit noodle,3,Cereal
pandan extract,0,Additive
panko japanese bread crumb,1,Bakery
paprika vera,3,Vegetable
party rye,0,Cereal
passion fruit nectar,1,Fruit
pasta sauce meat,0,Meat
pea corn,0,Maize
pea green,0,Legume
peach heavy syrup,0,Plant Derivative
peach jam,0,Fruit
peameal bacon,0,Meat
peanut oil olive,3,Plant Derivative
pear half juice,0,Beverage
pearl couscous,2,Cereal
pepper bacon,1,Spice
pepper jalapeno,0,Spice
peppermint,0,Herb
phyllo tart shell,0,Bakery
pie,0,Dish
pig,1,Meat
piloncillo brown sugar,0,Additive-Sugar
pilsner beer,0,Beverage
pimento green olive,0,Dish
pineapple concentrate,1,Beverage
pineapple juice concentrate,1,Beverage
pineapple sherbet,0,Beverage
piri sauce,1,Additive
pistachio ice cream,0,Dish
pita bread wheat,0,Cereal
pizza dough crust,0,Bakery
plum jelly,2,Fruit
plum preserve,1,Fruit
plum rom tomato,0,Vegetable
plum tomato liquid,2,Vegetable
pod okra,0,Vegetable
pomegranate aril,0,Fruit
pomegranate concentrate,1,Fruit
pomfret fish,0,Fish
popped corn,0,Maize
poppy seed paste,2,Spice
pork breakfast sausage,0,Meat
pork filet,0,Meat
pork sirloin,2,Meat
potato homestyle,1,Vegetable Tuber
potato pierogies,0,Vegetable Tuber
potato southwest hash brown,0,Dish
preserve,0,Fruit
progresso italian breadcrumb,1,Bakery
pumpkin seed oil,0,Nuts and Seeds
puree,0,Vegetable
quaker oat,0,Cereal
queso asadero mexican cheese,1,Dairy
quinoa flour,1,Cereal
radiatore,0,Cereal
ranch fiesta dip mix,0,Condiment
raspberry cranberry juice concentrate,0,Beverage
raspberry vinaigrette salad dressing,0,Condiment
rava,0,Cereal
red bird eye chile,0,Vegetable
red chile paste,4,Spice
red chili flake,3,Spice
red leicester cheese,0,Dairy
red pepper seasoning,1,Vegetable Fruit
red pumpkin,0,Fruit
red raspberry jam,0,Fruit
red thai pepper,2,Spice
rib eye steak each,1,Meat
rice flour brown,0,Cereal
rice krispies cereal,0,Cereal
rice pilaf mix,2,Dish
ro tel mexican festival tomato,2,Vegetable
ro tel tomato pepper,2,Vegetable
rock shrimp,2,Seafood
royal icing,0,Additive
rub seasoning,2,Spice
runner bean,0,Legume
safflower oil corn,2,Maize
sage derby cheese,1,Dairy
salad macaroni,0,Plant
salad seasoning mix,0,Spice
salt lemon pepper,1,Spice
saltine,1,Bakery
sansho pepper,4,Vegetable
sargento mexican cheese,2,Dairy
saudi kabsa spice mix,4,Spice
sausage dripping,0,Dish
sausage gravy,0,Dish
sazon con,1,Dish
scalloped potato mix,0,Dish
season italian salad dressing mix,1,Dish
serving cooking spray,2,Additive
sesame ginger marinade,3,Condiment
sesame ginger salad dressing,1,Dish
sesame salt,1,Additive
shanghai noodle,0,Cereal
shaoxing rice wine,2,Beverage-Alcoholic
sharp provolone cheese,0,Dairy
shitake mushroom,0,Fungi
shoepeg corn,1,Maize
shortcrust pastry dough,1,Bakery
shrimp bouillon cube,1,Dish
side bacon,1,Meat
simple syrup water,0,Additive
skin chicken thigh,4,Meat
skor candy bar,0,Plant
sloe gin,0,Beverage-Alcoholic
soda cracker crumb,0,Bakery
sorrel leaf,1,Herb
sourdough breadcrumb,0,Bakery
southern comfort liqueur,0,Beverage-Alcoholic
southern hash brown potato,1,Dish
southwestern chicken strip,4,Meat
soy bean oil,2,Legume
soy cheddar cheese,0,Dairy
soy protein,0,Plant Derivative
soya granule,1,Condiment
spaghetti sauce garlic,0,Condiment
spanish mackerel,0,Fish
sparerib rack,1,Meat
spice cake mix,0,Spice
spreadable goat cheese,1,Dairy
spring onion leaf,0,Herb
squash blossom,1,Fruit
standing rib roast,0,Meat
stir fry seasoning,1,Dish
strawberry cream cheese,0,Dairy
strawberry jelly crystal,0,Fruit
sugar cookie mix,0,Additive
sugar crystal,0,Additive
summer squash lengthwise,0,Fruit
sun tomato puree,0,Vegetable
superfine sugar caster,0,Additive-Sugar
sushi,2,Dish
sysco chicken base,4,Meat
taco bell sauce,1,Additive
taco bell seasoning,0,Spice
tamarind soup base,1,Dish
tart baking apple,0,Fruit
tempura flour,1,Cereal
tempura shrimp,0,Seafood
tender,0,Meat
tennessee whiskey,0,Beverage-Alcoholic
texas pete sauce,2,Additive
thai tea,0,Plant
thousand island dressing,0,Dish
tofutti cream,0,Dairy
togarashi,0,Spice
tomato basil feta cheese,0,Dairy
tomato basil garlic seasoning,1,Herb
tomato dressing,2,Condiment
tomato garlic olive oil,2,Plant Derivative
tomato sauce basil garlic oregano,1,Condiment
tomato sauce mushroom,0,Condiment
tomato soup mix,2,Dish
tri pasta,1,Cereal
tubetti pasta,2,Cereal
turkey breast cutlet,1,Meat
turkey giblet,1,Meat
turkey liver,1,Meat
turkish coffee powder,0,Beverage
tuscan bread,1,Bakery
tuscany seasoning,1,Spice
tuvar dal,0,Legume
vanilla chip,0,Legume
vanilla coffee creamer,0,Legume
vanilla greek yogurt,0,Dairy
vanilla sugar extract,0,Additive
veal medallion,1,Meat
veal mince,1,Meat
veal stock chicken,4,Meat
veg vegetable,1,Vegetable
vegan cream cheese,0,Dairy
vegan sugar,0,Additive
vegetable beef soup,1,Meat
vegetable choice,0,Vegetable
vegetable corn,0,Maize
vegetable corn oil,1,Plant Derivative
vegetable green bean,2,Cereal
vegetable margarine,0,Additive
vegetable oil not olive,1,Plant Derivative
vegetable stock mushroom,0,Vegetable
vegetarian beef stock cube,0,Meat
vegetarian chicken broth,4,Dish
vegetarian chicken stock,4,Dish
vegetarian parmesan cheese,0,Dairy
venison stew meat,0,Meat
vitamin c powder,0,Spice
walleye fillet,0,Fish
water chestnut flour,3,Nuts and Seeds
water tuna,1,Fish
watermelon schnapps,0,Beverage-Alcoholic
wheat biscuit,0,Bakery
wheat bread grain,0,Bakery
wheat fusilli,0,Cereal
wheat gluten,0,Cereal
wheat penne pasta,1,Cereal
white american cheese,0,Dairy
white anchovy,0,Fish
white baking chocolate,0,Plant Derivative
white chicken,4,Meat
white chocolate liqueur,0,Beverage-Alcoholic
white chocolate wafer,0,Additive
white corn tortilla chip,2,Bakery
white lentil,0,Legume
white peach,0,Fruit
white pumpkin,0,Fruit
wide noodle,0,Meat
wild duck,0,Meat
wine sauerkraut,0,Vegetable
wok oil,2,Additive
wonton,1,Herb
worchestershire sauce,0,Additive
xylitol sugar substitute,0,Vegetable
yellow bean sauce,0,Additive
yellow corn flour,0,Maize
yellow mung bean,0,Legume
yellow peach,0,Fruit
yellow pear tomato,2,Vegetable
yellow white corn,0,Maize
yellowfin tuna steak,0,Fish
zest orange,1,Fruit
zwieback toast,0,Bakery
absolut kurant vodka,0,Beverage-Alcoholic
absolut mandarin vodka,0,Beverage-Alcoholic
aji amarillo chili paste,0,Vegetable
aji amarillo pepper,0,Vegetable
ajwain seed,0,Spice
alligator meat,0,Meat
almond cookie,0,Nuts and Seeds
almond macadamia nut,0,Nuts and Seeds
alphonso mango,0,Fruit
alpine lace swiss cheese,0,Dairy
amaranth flour,0,Herb
amarula liqueur,0,Beverage-Alcoholic
amber rum,0,Beverage-Alcoholic
anchovy essence,1,Fish
anejo cheese,1,Dairy
animal cracker,0,Bakery
anise extract oil,0,Spice
apple jack,0,Beverage-Alcoholic
apricot fruit spread,0,Fruit
apricot juice,1,Fruit
apricot marmalade,1,Fruit
apricot preserve peach,2,Fruit
apricot syrup,1,Fruit
arabic bread,1,Bakery
artisan bread,1,Bakery
asiago parmesan cheese,0,Dairy
asian five spice powder,0,Spice
asian noodle,1,Cereal
asian vegetable,1,Vegetable
astragalus root,1,Spice
au jus gravy,0,Additive
baby salad green,1,Dish
bacardi limon,0,Beverage-Alcoholic
ball mozzarella cheese,0,Dairy
balsamic salad dressing,0,Additive
banana blossom,0,Fruit
banana flavoring,0,Fruit
banana ketchup,1,Condiment
bar,0,Plant
barbeque seasoning,0,Spice
barilla no boil lasagna noodle,1,Cereal
basil olive oil,0,Essential Oil
bass fillet,0,Fish
bavarian sauerkraut,2,Vegetable
bean kidney,1,Legume
bearnaise sauce,1,Additive
beef bacon,0,Meat
beef brain,0,Meat
beef chicken,3,Meat
beef double bouillon cube,1,Meat
beef each,0,Meat
beef eye roast,0,Meat
beef gravy granule,0,Dish
beef roast seasoning,0,Meat
beef silverside,0,Meat
beef stew,0,Meat
beef stew seasoning,0,Meat
beef stock granule,0,Meat
beef stock veal,0,Meat
beef tri tip,0,Dish
beefy onion soup mix,0,Dish
beet green,0,Vegetable
bel paese cheese,1,Dairy
bell seasoning,0,Spice
berbere seasoning,1,Spice
betel leaf,0,Plant
betty crocker sugar cookie mix,0,Dish
bird eye chili,0,Vegetable
bison,0,Meat
bisto gravy mix,0,Dish
black cardamom seed,0,Legume
black olive paste,2,Plant
black sesame,0,Nuts and Seeds
black sticky rice,0,Cereal
blackberry syrup,0,Fruit
bleu cheese,1,Dairy
blue cornmeal,0,Maize
blue crab meat,0,Seafood
blue curacao liqueur,0,Beverage-Alcoholic
blueberry wine,0,Fruit
bluefish fillet,0,Fish
bock beer,1,Beverage-Alcoholic
borage leaf,0,Herb
bovril powder,0,Spice
bran,0,Cereal
brandy extract,0,Beverage-Alcoholic
brandy flavoring,0,Beverage-Alcoholic
bratwurst link,1,Dish
bread cracker crumb,0,Bakery
bread out,1,Bakery
breadcrumb bread crumb,1,Bakery
breadcrumb cracker crumb,0,Bakery
breadcrumb gluten,0,Cereal
breadcrumb wheat,0,Cereal
brioche,0,Bakery
brown,0,Additive-Sugar
brown beef gravy,0,Dish
brown gravy,0,Dish
brown onion coarsely,2,Vegetable
brown onion soup mix,2,Dish
brown rice pasta,2,Cereal
brown sesame seed,0,Cereal
brussels sprout lengthwise,1,Vegetable
bud beer,0,Beverage
buddha pizza pie crust,0,Bakery
buffalo sauce,0,Condiment
bulk chorizo sausage,0,Dish
bulk spicy pork sausage,0,Meat
burghul wheat,0,Cereal
burgundy cooking wine,0,Beverage-Alcoholic
burrito,0,Spice
bush bean,0,Legume
butterfinger candy bar,0,Plant
buttermilk ranch dressing,1,Condiment
butternut,1,Nuts and Seeds
cabbage coleslaw,1,Condiment
caciocavallo,0,Dairy
cactus leaf,0,Plant
cadbury bournville cocoa,0,Seed
caesar flavor crouton,1,Plant Derivative
cake tofu,1,Plant Derivative
california vegetable,0,Vegetable
california walnut,0,Nuts and Seeds
camomile tea,0,Plant
campbell beef consomme soup,1,Meat
campbell cream celery soup,1,Dish
canadian rye,1,Meat
cantal cheese,0,Dairy
capacola sausage,0,Dish
caper berry,0,Fruit
caper juice,0,Beverage
caramel sundae syrup,0,Plant Derivative
caribbean sauce,0,Additive
caribbean seasoning,2,Spice
caribou roast,0,Meat
carp,1,Fish
carrot lengthwise,1,Vegetable
cashew paste,1,Nuts and Seeds
cavatelli pasta,0,Cereal
cavenders greek seasoning,0,Spice
center pork loin roast,1,Meat
chachere seasoning,0,Spice
chai tea mix,0,Beverage
chai tea teabags,0,Beverage
challah egg bread,0,Meat
challah french bread,0,Bakery
chana dal,0,Legume
chang chinese noodle,0,Cereal
chard,0,Vegetable
chavrie goat cheese,0,Dairy
cheese choice,3,Dairy
cheese food velveeta,0,Dairy
chermoula,0,Condiment
cherry cola,0,Additive
cherry tomato half,0,Fruit
cherry vodka,0,Beverage-Alcoholic
chicken apple sausage,3,Dish
chicken bullion cube,3,Meat
chicken cube,3,Meat
chicken curry powder,3,Meat
chicken drumettes,3,Meat
chicken patty,3,Meat
chicken seasoning mix,2,Spice
chicken skin,3,Meat
chicken stock meat,3,Meat
chicken stock pork,3,Meat
chicken stock veal,3,Meat
chicken tender breast,3,Meat
chicken wing sauce,2,Meat
chile de arbol,1,Spice
chili green,1,Vegetable
chimichurri sauce,1,Additive
chinese barbecue sauce,1,Condiment
chinese black bean sauce,0,Additive
chinese bun,1,Bakery
chinese rock sugar,0,Additive-Sugar
chinese sesame paste,0,Dish
chipolata sausage,1,Dish
chipotle chilies adobo sauce,0,Vegetable
chipotle pepper puree,1,Vegetable
chocolate bit,0,Plant Derivative
chocolate buttercream,0,Additive
chocolate chip milk,0,Additive
chocolate egg,0,Meat
chocolate flavor nesquik powder,0,Plant Derivative
chocolate hazelnut,0,Additive
chourico sausage,1,Meat
chunky applesauce,0,Fruit
ciabatta bun,0,Bakery
ciabatta french bread,0,Bakery
citrus juice,0,Beverage
citrus peel lemon,0,Fruit
citrus zest,0,Fruit
claret wine,0,Beverage-Alcoholic
clear tequila,0,Beverage-Alcoholic
clear vanilla extract,0,Essential Oil
clear vegetable stock,0,Vegetable
clementine juice,0,Fruit
club cracker,0,Bakery
coco pop cereal,0,Cereal
coconut amino,1,Beverage
coconut biscuit,0,Beverage
cod fillet portion,0,Fish
coffee ice cube,0,Additive
coffee mate,0,Beverage Caffeinated
colby longhorn cheese,2,Dairy
contadina tomato paste,0,Vegetable
cooking liquid,0,Additive
cooking oil enough,1,Additive
cooking oil vegetable,0,Additive
cooking sake,1,Beverage-Alcoholic
coriander coarsely,1,Herb
coriander cumin powder,0,Spice
corn meal,0,Maize
corn tostada shell,1,Bakery
cornflakes cereal crumb,1,Maize
cornmeal rolling,1,Maize
crab crabmeat,0,Seafood
cranberry apple juice,0,Beverage
cranberry jam,0,Fruit
cranberry raspberry juice,0,Beverage
crayfish,0,Seafood
crayfish tail,0,Seafood
cream may,2,Dairy
cream spinach soup mix,0,Meat
cream substitute,2,Dairy
cream syrup,0,Dairy
creamy cucumber salad dressing,1,Dish
creamy horseradish sauce,0,Condiment
crisco nonstick cooking spray,2,Additive
croissant dough,0,Cereal
cross rib roast,0,Meat
crystal sauce,0,Additive
cube bread,0,Bakery
cucumber juice,0,Beverage
cucuzza,1,Fruit
cuervo gold tequila,0,Beverage-Alcoholic
cuervo tequila,0,Beverage-Alcoholic
daikon sprout,1,Vegetable
dairy cream,1,Dairy
dairy margarine,0,Additive
danish pumpernickel bread,0,Bakery
dark ale,0,Beverage-Alcoholic
dark baking chocolate,0,Plant
dark grape juice,0,Beverage
dark jamaican rum,0,Beverage-Alcoholic
dark roast coffee,0,Legume
delicious apple,0,Fruit
dessert topping mix,0,Additive
dijonnaise mustard,0,Spice
dinner dough,0,Bakery
dish pie crust,0,Bakery
doubanjiang,1,Condiment
double cream heavy whipping,0,Dairy
double tomato paste,0,Vegetable
dressing mix,2,Condiment
drink mix,0,Dish
duck liver,2,Meat
dumpling skin,0,Dish
durian,0,Fruit
durum flour,0,Cereal
ear baby corn,1,Maize
egg bun,0,Meat
egg white powder,0,Meat
egg white salt,0,Meat
egg white water,1,Meat
el green chilies,2,Vegetable
elk meat,0,Meat
empanada wrapper,0,Herb
enchilada sauce mix,0,Condiment
eucalyptus oil,0,Additive
everclear alcohol,0,Beverage-Alcoholic
extra broad egg noodle,1,Cereal
extra cheddar cheese,0,Dairy
extra cream,0,Dairy
extra large egg white,0,Meat
extra silken tofu,0,Plant Derivative
extra virgin oil,1,Plant Derivative
extract,0,Additive
fajita chicken strip,3,Meat
fatty pork,1,Meat
fennel green,1,Herb
fettuccine noodle,1,Cereal
fideo noodle,1,Cereal
fideo pasta,1,Cereal
fillet mahi,0,Fish
fillet rockfish,0,Fish
fillet sea bass,0,Fish
fine dutch rusk crumb,0,Cereal
fish fillet choice,0,Fish
fish stock clam juice,0,Beverage-Alcoholic
flake coconut,0,Beverage
flakey biscuit,1,Bakery
flaky pastry dough,1,Bakery
flat,1,Spice
flat egg noodle,1,Meat
flat noodle,0,Cereal
food mayonnaise,1,Condiment
four cheese ravioli,0,Dairy
frangelico liqueur,0,Beverage-Alcoholic
frank red hot sauce,2,Additive
french bread baguette,0,Bakery
french breadstick,0,Bakery
french dijon mustard,2,Condiment
french italian bread,2,Bakery
french potato,1,Vegetable Tuber
french tarragon,0,Herb
french vanilla cake mix,0,Dish
fritos chili cheese corn chip,0,Maize
fromage blanc,0,Dairy
fructose,1,Additive
fruit apple,0,Fruit
fruit cocktail juice,0,Beverage
fruit jelly,0,Fruit
fruit pectin crystal,0,Additive
fruit punch,0,Beverage
fruit sauce,1,Additive
fruit spread,0,Fruit
fruit yogurt,0,Dairy
gai lan,1,Flower
garlic bread crumb,1,Bakery
garlic chili sauce,0,Condiment
garlic olive oil couscous,2,Plant Derivative
garlic onion pasta sauce,1,Additive
garlic onion spaghetti sauce,0,Condiment
garlic red pepper spice mix,1,Vegetable Fruit
garlic toast,0,Herb
german sausage,0,Dish
gherkin pickle,0,Vegetable
ginger brew,0,Spice
gluten bread mix,0,Bakery
gluten cornflour,1,Maize
goat milk feta,1,Dairy
goat stew meat,0,Dish
gochujang chili paste,1,Plant Derivative
gold tequila white,0,Beverage-Alcoholic
golden beet,0,Vegetable
golden graham cereal,0,Fruit
golden superfine sugar,0,Additive-Sugar
gomashio,0,Condiment
goose liver pate,0,Meat
gorgonzola dolce blue cheese,1,Dairy
goya cumin,1,Spice
goya flour tortilla,1,Dish
goya white vinegar,1,Plant Derivative
graham cracker crumb crust,0,Bakery
graham cracker square,0,Bakery
grain spelt flour,0,Cereal
grape cherry tomato,0,Berry
grape jam jelly,0,Fruit
grape nut cereal,1,Fruit
gray salt,0,Additive
greek honey,0,Plant Derivative
green chile salsa,3,Spice
green manzanilla olive,0,Plant
green pepper sauce,2,Condiment
green pigeon pea,2,Legume
green salad leaf,1,Vegetable
green seasoning,1,Spice
green sugar crystal,0,Additive
green swiss chard,1,Vegetable
grey poupon mustard,0,Condiment
groundnut,0,Nuts and Seeds
gulf shrimp,1,Seafood
hamburger helper mix beef pasta,0,Cereal
hamburger relish,0,Bakery
hamour fillet,0,Fish
hard clam,0,Seafood
hard goat cheese,0,Dairy
hatch green enchilada sauce,3,Condiment
hazelnut butter,0,Nuts and Seeds
hazelnut coffee,0,Beverage Caffeinated
hazelnut extract,0,Nuts and Seeds
head celery,1,Vegetable
head radicchio,0,Vegetable
head white cabbage,1,Vegetable
hearty beef stock,0,Meat
heavy double cream,1,Dairy
heinz sauce,1,Additive
heinz worcestershire sauce,0,Additive
hellmanns mayonnaise,0,Condiment
hen,2,Meat
herb salad dressing,0,Dish
herb seasoning,2,Spice
herring wine sauce,0,Additive
high chocolate,0,Plant Derivative
high dark chocolate,0,Plant Derivative
himalayan salt,0,Additive
hog casing,0,Meat
hoja santa,1,Meat
home beef gravy,0,Dish
honey barbeque sauce,0,Condiment
honey maid graham cracker crumb,0,Bakery
honey syrup,0,Plant Derivative
honeycomb beef tripe,1,Meat
hot chili bean,0,Spice
hot chili oil,1,Plant Derivative
hot cocoa,0,Seed
hot couscous,1,Dish
hot milk,0,Dairy
house seasoning,0,Spice
hung curd,1,Dairy
hunt spaghetti sauce,1,Condiment
hunt tomato,0,Condiment
ice cold water,0,Additive
ice more,0,Additive
indonesian soy sauce,1,Condiment
injera bread,0,Bakery
iodized salt,0,Additive
irish bacon,1,Meat
irish cream coffee creamer,0,Dairy
irish potato,1,Vegetable Tuber
irish soda bread,0,Bakery
irish whiskey jameson,0,Beverage-Alcoholic
italian herb basil,0,Condiment
italian hoagie,1,Bakery
italian pasta,1,Cereal
italian pasta sauce,0,Additive
italian sauce,0,Additive
italian sausage beef,0,Meat
italian sausage turkey,1,Meat
italian tomato juice,0,Vegetable
italian tomato soup,0,Vegetable
jalapeno bean dip,0,Condiment
jalapeno heat,0,Spice
jalapeno juice pepper,0,Spice
jalapeno salsa,1,Condiment
jalapeno serranos,0,Spice
jam cream,0,Dairy
jamaican jerk sauce,1,Additive
japanese curry roux,0,Dish
japanese noodle,1,Cereal
japanese rice,0,Cereal
japanese turnip,1,Vegetable
jasmine edible flower,0,Flower
jewish rye bread,0,Bakery
jigger gold tequila,0,Beverage-Alcoholic
jigger melon liqueur,0,Beverage-Alcoholic
jigger silver tequila,0,Beverage-Alcoholic
juice from one lime,0,Beverage
juice jalapeno,1,Spice
jumbo egg yolk,0,Meat
kamut flour,0,Cereal
kangaroo meat,0,Meat
kangaroo mincemeat,0,Meat
karela,0,Vegetable
kasha,2,Cereal
kashk,0,Dairy
khoya milk,0,Dairy
king hawaiian bread,0,Bakery
knorr french onion soup mix,0,Vegetable
kohlrabi bulb,2,Vegetable
kokum,0,Fruit
konbu dashi,1,Seafood
korean chile paste,3,Condiment
korean chili flake,0,Spice
korean red pepper,1,Spice
korean rib beef chuck flanken,0,Meat
kraft cheese,1,Dairy
kraft classic herb salad dressing,1,Dish
kraft english cheese,0,Dairy
kraft greek salad dressing,0,Dish
kraft mayonnaise,0,Condiment
kraft milk cheddar cheese,0,Dairy
kraft monterey jack cheese,3,Dairy
kraft mozzarella,2,Dairy
kraft sesame dressing,0,Dish
kraft tomato salad dressing,1,Dish
labneh,1,Dairy
laksa paste,2,Additive
lamb blade chop,0,Meat
lamb breast,0,Meat
lamb mince,1,Meat
lamb sausage,1,Meat
lamb shoulder chop,1,Meat
lamb sirloin,0,Meat
lao powder,2,Spice
large lima bean,0,Legume
lavender bud,0,Flower
leaf,1,Plant
lemon concentrate,0,Beverage
lemon filling,0,Dish
lemon orange peel,0,Fruit
lillet blanc,0,Beverage-Alcoholic
limoncello lemon liqueur,0,Beverage-Alcoholic
limoncello liqueur,0,Beverage-Alcoholic
lingonberry sauce,0,Condiment
linguine rice noodle,3,Cereal
lipton beef onion soup mix,2,Dish
liquid chicken stock,3,Meat
liquid egg,1,Meat
liquor,0,Beverage-Alcoholic
live blue crab,0,Seafood
live dungeness crab,1,Seafood
liver pate,0,Meat
liver sausage,0,Dish
loaf brioche bread,0,Bakery
loaf french bread italian,0,Bakery
loose black tea leaf,0,Beverage
loquat,1,Fruit
lump sugar,0,Additive
lumpfish caviar,0,Fish
luncheon meat spam,0,Meat
lychee liqueur,0,Beverage-Alcoholic
mac n,0,Vegetable
mae ploy chili sauce,1,Condiment
mafalda pasta,0,Cereal
mai fun rice noodle,3,Cereal
malibu coconut liqueur,0,Beverage
malt drink powder,0,Cereal
mandarin orange peel,0,Fruit
mandarin pancake,1,Dish
mango ice cream,0,Dish
manicotti noodle,0,Cereal
margarine butter,0,Additive
margarine spread,1,Additive
maria cooky,0,Bakery
marinara pasta sauce,1,Condiment
marinara sauce garlic,2,Condiment
marinara sauce spaghetti,1,Condiment
masa,2,Maize
masa harina mix,2,Maize
mccormick italian seasoning,1,Herb
meat dripping,0,Meat
meat sauce,0,Meat
meat stock vegetable,0,Vegetable
meat turkey,1,Meat
meatloaf seasoning mix,0,Spice
melon liqueur midori,0,Beverage-Alcoholic
mesquite marinade,1,Dish
mexican cheese cheddar,2,Dairy
mexican cheese food,1,Dairy
mexican hot sauce,1,Condiment
mexican lime,0,Fruit
mexican rice mix,0,Cereal
mexican sauce,1,Condiment
mexican taco cheese,2,Dairy
meyer lemon juice,1,Beverage
milk raisin,0,Dairy
mini hamburger bun,0,Bakery
mini meatball,3,Dish
mint apple jelly,1,Fruit
mirin asian wine,1,Beverage-Alcoholic
mirin rice wine,0,Beverage-Alcoholic
mirliton,1,Vegetable
mocha coffee,0,Beverage
mojo criollo,0,Condiment
monkfish fillet,0,Fish
morningstar farm spicy black bean burger,0,Condiment
moroccan lemon,1,Fruit
morton tender,0,Additive
mountain bread,0,Bakery
mung bean overnight,0,Legume
muscat wine,0,Beverage-Alcoholic
mustard oil vegetable,0,Plant Derivative
natural chunky peanut butter,2,Nuts and Seeds
natural yoghurt greek,0,Dairy
natural yoghurt greek yogurt,0,Dairy
neufchatel cheese cream,0,Dairy
neutral oil,0,Additive
new england clam chowder,0,Seafood
new mexico red chilies,0,Vegetable
no bean chili,0,Dish
no boil lasagna,0,Cereal
no yolk egg noodle substitute,0,Meat
non creamy caesar salad dressing,0,Dish
non dairy cheddar cheese daiya,0,Dairy
non iodized salt,0,Additive-Salt
nonfat chicken broth,3,Dish
nonfat parmesan cheese,0,Dairy
northern white bean,3,Legume
nut peanut,0,Nuts and Seeds
nut pistachio,0,Nuts and Seeds
nutty wheat flour,0,Cereal
oil meat,1,Additive
oil more,0,Additive
oil veg,0,Additive
oka cheese,0,Dairy
okonomiyaki sauce,1,Additive
olive kalamata,0,Plant
olive oil meat,0,Plant Derivative
olive salad,0,Dish
onion garlic crouton,2,Bakery
onion gravy mix,0,Dish
onion lengthwise,2,Vegetable
onion soup mix lipton,0,Dish
orange breakfast drink mix,0,Dish
orange cake mix,0,Dish
orange potato,1,Vegetable
orange sauce,0,Condiment
orange vodka,0,Beverage-Alcoholic
oven deli chicken,3,Meat
oven no boil lasagna noodle,0,Cereal
panini bread,1,Bakery
panko,0,Bakery
passion fruit puree,0,Fruit
passionfruit syrup,0,Fruit
passover wine,0,Beverage-Alcoholic
pasta choice,1,Cereal
pasta water,0,Additive
pastina,4,Cereal
pastry cream,0,Dairy
pav bhaji masala,0,Spice
pea shoot,1,Legume
peach fruit,0,Fruit
peach half juice,0,Fruit
peach sorbet,0,Dish
peach yogurt,0,Dairy
peanut brittle,0,Nuts and Seeds
peanut oil safflower,1,Plant
pear nectar,0,Fruit
pear syrup,0,Plant Derivative
pear vodka,0,Beverage-Alcoholic
pecan meal,0,Dish
penne rigate wheat,0,Cereal
peppered bacon,2,Meat
pepperidge farm herb stuffing,0,Dish
peppermint leaf,0,Herb
peppermint tea,0,Plant
perch fillet,0,Fish
pheasant breast,1,Meat
pheasant breast half,0,Meat
phyllo pastry dough,0,Bakery
pie crust pastry,0,Bakery
pignolis,1,Nuts and Seeds
pillsbury buttermilk biscuit,0,Bakery
pillsbury classic pizza crust,0,Bakery
pillsbury reg,0,Spice
pimenta moida,0,Condiment
pimento paste,0,Condiment
pimenton,2,Vegetable
pimiento green olive,1,Dish
pimiento strip,2,Condiment
pineapple juice apple,0,Beverage
pineapple rum,0,Beverage-Alcoholic
pineapple sage,0,Herb
piri pepper,1,Vegetable Fruit
pita bread crosswise,0,Bakery
pizza sauce marinara,0,Condiment
plain croissant,1,Bakery
plantain chip,0,Fruit
plum juice,0,Fruit
poblano pepper green,0,Vegetable
poppyseed filling,0,Dish
pork blade steak,1,Meat
pork chicharron,0,Meat
pork heart,0,Meat
pork herb sausage,1,Meat
pork rib chop,0,Meat
pork shoulder steak,0,Meat
pork spare rib,0,Meat
pork tenderloin crosswise,1,Meat
pork tenderloin each,0,Meat
pork tenderloin roast,0,Meat
pork tongue,0,Meat
pork vegetable oil,1,Plant Derivative
portuguese chourico sausage,0,Dish
potato cheese pierogies,1,Dairy
potato garlic,0,Herb
potato salad,0,Vegetable Tuber
progresso plain bread crumb,1,Bakery
prosecco sparkling wine,0,Beverage-Alcoholic
prosecco wine,1,Beverage-Alcoholic
pumpernickel,0,Bakery
pumpkin seed pepitas,1,Nuts and Seeds
purple basil,0,Herb
queso asadero,0,Dairy
rag pasta sauce chunky tomato,1,Condiment
raita,2,Dish
ranch salad dressing mix,0,Condiment
range egg white,0,Meat
raspberry balsamic vinegar,0,Additive-Vinegar
raspberry leaf,0,Fruit
raspberry puree,0,Fruit
raspberry sorbet,0,Fruit
realemon juice,0,Beverage
red chili pod,1,Vegetable
red chilli padi,0,Spice
red enchilada sauce green,2,Condiment
red green pepper,1,Vegetable Fruit
red hot candy,0,Additive
red kashmiri chilies,1,Vegetable
red pepper from,0,Vegetable Fruit
red pepper green,2,Vegetable Fruit
red pepper lengthwise,1,Vegetable Fruit
red sauce,0,Condiment
red spaghetti sauce,1,Additive
red zinfandel wine,1,Beverage-Alcoholic
redfish fillet,0,Fish
reg dressing,0,Dish
request cream chicken soup,3,Meat
restaurant tortilla chip,0,Bakery
rhodes dinner,0,Bakery
rice paper wrapper,2,Cereal
rice pudding,0,Cereal
rice starch,0,Cereal
rindless streaky bacon,2,Meat
rioja wine,0,Beverage-Alcoholic
roast chicken seasoning,3,Spice
roast lamb,2,Meat
robiola cheese,1,Dairy
rock lobster tail,0,Seafood
romaine lettuce torn,2,Vegetable
root,1,Spice
root vegetable,1,Vegetable
rosarita bean,0,Legume
rose hip,0,Additive
rotel reg green chilies,1,Vegetable
rotel tomato cilantro,0,Vegetable
rotisserie chicken meat,3,Meat
sage pork sausage,1,Meat
salad cream,0,Dairy
salmon roe,0,Fish
salt herring fillet,0,Fish
salt onion powder,1,Spice
sambuca liqueur,0,Beverage-Alcoholic
sandwich pepperoni,0,Meat
sardine fillet,0,Fish
sauce peri,2,Additive
sausage choice,1,Dish
sauterne wine,0,Beverage-Alcoholic
scrapple,0,Dish
sea bream fillet,0,Fish
self rising cornmeal mix,0,Maize
serrano pepper optional jalapeno,1,Vegetable
sesame cracker,1,Bakery
sesame oil peanut,0,Essential Oil
sesame salad dressing,2,Condiment
sesame vegetable oil,0,Plant Derivative
shaoxing cooking wine,2,Beverage-Alcoholic
shark steak,0,Fish
sharp cheddar,1,Dairy
sheep milk cheese,0,Dairy
shiro miso,1,Spice
shortbread,0,Bakery
shreddies cereal,0,Cereal
shrimp lengthwise,0,Seafood
sichuan pepper,3,Spice
sichuan red chili oil,1,Plant Derivative
silver cachou,0,Vegetable
single malt scotch whiskey,0,Beverage-Alcoholic
single trifle sponge,0,Bakery
skin salmon fillet,0,Fish
skor toffee,0,Dish
snap pea pod,1,Legume
some salt pepper,0,Spice
sorghum,0,Cereal
sourdough french bread,2,Bakery
southwest chipotle seasoning,0,Spice
soya oil,0,Additive
soybean oil vegetable,1,Plant Derivative
soybean sprout,1,Plant Derivative
soymilk lite,0,Plant Derivative
spaghetti sauce pizza,0,Condiment
spaghetti seasoning,0,Cereal
spaghetti tomato sauce,0,Condiment
spanish chorizo sausage,1,Meat
spanish ham,0,Meat
spear asparagus,0,Vegetable
special k cereal,0,Cereal
spice paste,1,Spice
spicy chili bean,0,Legume
spicy sesame oil,1,Essential Oil
spray,0,Additive
sprig lavender,0,Flower
sriracha asian chili sauce,1,Condiment
steamer clam,1,Seafood
stock vegetable,0,Vegetable
stolichnaya vodka,0,Beverage-Alcoholic
stone wheat flour,0,Cereal
strawberry cream liqueur,0,Beverage-Alcoholic
strawberry jam raspberry,0,Fruit
strawberry juice,0,Beverage
string cheese,1,Dairy
submarine bun,0,Bakery
success rice,0,Cereal
sugar bean,1,Legume
sugar cookie dough,0,Additive
sugar ice cream cone,0,Dish
sugar lemon gelatin,0,Additive
sugar water,1,Additive
superfine castor sugar,0,Additive-Sugar
surimi crabmeat,1,Seafood
sushi nori,0,Seafood
swedish meatball,1,Dish
tabasco pepper sauce,1,Condiment
tabouli mix,1,Dish
taco cheese mexican,2,Dairy
taco seasoning mix seasoning,0,Spice
tamarind,1,Fruit
tandoori masala powder,3,Spice
tapatio sauce,2,Additive
tart,0,Fruit
tasso,2,Meat
tatsoi,1,Vegetable
tea biscuit,0,Bakery
tempeh bacon,0,Meat
tepin chilies,1,Spice
tequila liqueur,0,Beverage-Alcoholic
thai bird eye chile,2,Vegetable
thai chile sauce,1,Condiment
thai chili paste garlic,1,Condiment
thai eggplant,2,Vegetable
thai holy basil,3,Herb
thai holy basil ok,1,Herb
thai jasmine rice,1,Cereal
thai rice,1,Cereal
thai sauce,0,Condiment
three cheese tortellini,1,Dish
tia maria coffee liqueur,0,Beverage-Alcoholic
tilapia,0,Fish
toast bread,0,Bakery
toffee bit,0,Meat
tofu shirataki noodle,1,Cereal
tofutti better than cream cheese,0,Dairy
togarashi pepper,2,Spice
tomatillo green tomato,1,Vegetable
tomato bouillon chicken flavor,3,Meat
tomato cilantro,2,Vegetable
tomato green pepper celery onion,1,Vegetable
tomato italian herb,2,Herb
tomato juice cocktail,0,Beverage
tomato onion garlic basil,1,Dish
tomato oregano salad dressing,1,Dish
tomato relish,0,Vegetable
tomato rice soup,0,Dish
tomato sauce herb,1,Condiment
tomato seasoning,0,Vegetable
tomato wedge,0,Vegetable
topside steak,0,Fish
torn arugula leaf,1,Herb
torn spinach,0,Vegetable
tortilla strip,2,Dish
tubetti,1,Cereal
turkey drumstick,2,Meat
turkey fillet,1,Meat
turkey italian sausage,2,Meat
turkey neck,1,Meat
turkey polish kielbasa,0,Meat
turkey sausage link,1,Meat
umeboshi plum paste,1,Fruit
unripe banana,0,Fruit
up vegetable,1,Vegetable
vanilla almond milk,0,Nuts and Seeds
vanilla flavor pudding pie filling,0,Dish
vanilla protein powder,0,Legume
veal breast,1,Meat
veal escalopes,2,Meat
veal liver,1,Meat
veal loin,1,Meat
veal shoulder roast,0,Meat
vegan chocolate chip,0,Additive
vegetable corn green bean,1,Cereal
vegetable cube,1,Dish
vegetable flake,1,Vegetable
vegetable oil enough,1,Plant Derivative
vegetable peanut oil,1,Plant Derivative
vegetable stock cube water,1,Vegetable
vegetable zucchini,1,Vegetable
vegetarian beef broth,0,Dish
veggie crumbles beef,0,Meat
velveeta pepper jack cheese,0,Dairy
venison chop,0,Meat
venison tenderloin,0,Meat
vienna bread,0,Bakery
violet syrup,0,Plant Derivative
vodka marinara sauce,0,Condiment
wagon wheel macaroni,0,Cereal
walnut liqueur,0,Beverage-Alcoholic
water cracker,0,Additive
wensleydale cheese,1,Dairy
wesson vegetable oil,1,Plant Derivative
westphalian ham,1,Meat
wheat bagel,0,Bakery
wheat bread white,0,Bakery
wheat chex,0,Cereal
wheat hair pasta,2,Cereal
wheat pizza crust,0,Bakery
wheat sandwich bread,0,Bakery
wheat self rising flour,0,Cereal
wheat wrap,2,Dish
whipping cream milk,0,Dairy
white bread brown,0,Bakery
white burgundy,1,Beverage-Alcoholic
white cardamom pod,0,Spice
white chocolate curl,0,Plant Derivative
white chocolate pudding pie filling mix,0,Plant Derivative
white corn flour,0,Cereal
white crabmeat,0,Seafood
white cranberry juice,0,Beverage
white creme de menthe,0,Beverage-Alcoholic
white sandwich bread,0,Bakery
white yam,1,Vegetable
whitefish,0,Fish
whiting fish fillet,0,Fish
wild salmon,0,Fish
willamette hop,0,Beverage-Alcoholic
wine red,2,Beverage-Alcoholic
wish italian salad dressing,1,Condiment
wooden cocktail,0,Beverage
yabbies,1,Seafood
yam potato,2,Vegetable Tuber
yam root,0,Vegetable
yellow bean paste,1,Legume
yellow beet,0,Vegetable
yellow cheese,0,Dairy
yellow corn grit,1,Maize
yellow grit,0,Dish
yellow rock sugar,0,Additive
yogurt cheese,0,Dairy
yoshida gourmet sauce,1,Additive
young coconut,1,Fruit
young roasting chicken,3,Meat
young spinach leaf,1,Vegetable
za'atar,0,Spice
zest lime,0,Fruit
10x sugar,0,Additive
2bleu pizza sauce,0,Additive
abalone without shell,0,Seafood
air popped popcorn,0,Dish
aji bell pepper,1,Vegetable Fruit
aji panca chile,0,Spice
aji panca chilies,1,Spice
alaskan king crab leg,1,Seafood
albacore,0,Fish
almond below,0,Nuts and Seeds
almond brickle chip,0,Nuts and Seeds
almond coarsely,1,Nuts and Seeds
almond coconut,0,Beverage
almond flour meal,0,Nuts and Seeds
almond golden,0,Nuts and Seeds
almond macaroon,0,Nuts and Seeds
almond meal flour,0,Nuts and Seeds
almond milk coconut,0,Fruit
almond milk rice,0,Nuts and Seeds
almond overnight,0,Nuts and Seeds
almond purpose flour,0,Nuts and Seeds
almond sugar,0,Additive
almond toast,2,Nuts and Seeds
alouette spreadable cheese herb,0,Dairy
alpine touch seasoning,0,Spice
amaranth,0,Herb
amaretto di saronno liqueur,0,Beverage-Alcoholic
amaro liqueur,0,Beverage-Alcoholic
amberjack fillet,0,Fish
american cheese choice,0,Dairy
american cheese food,0,Dairy
american cheese spread,0,Dairy
anchovy caper,0,Fish
anejo tequila,0,Beverage-Alcoholic
angel hair coleslaw,2,Cereal
angelica leaf,0,Herb
animal cracker cooky,0,Bakery
anise water,0,Additive
anjou pear pkg,0,Fruit
ao nori,0,Seafood
apple grape cherry juice,1,Beverage
apple juice apricot,0,Fruit
apple syrup,0,Fruit
applewood ham,0,Meat
apricot by water,1,Additive
apricot chutney,2,Fruit
apricot filling,0,Fruit
apricot fruit jam,1,Fruit
apricot glaze,0,Fruit
apricot liqueur,0,Fruit
apricot nectar juice,0,Fruit
apricot pineapple preserve,0,Fruit
apricot preserve jam,1,Fruit
arbol chili powder,0,Spice
arepa flour,0,Cereal
aroma seasoning,1,Spice
arrack liqueur,0,Beverage-Alcoholic
arrowroot starch,0,Vegetable
artichoke heart juice,1,Flower
artichoke heart oil,0,Flower
artificial vanilla flavoring,0,Essential Oil
asiago mozzarella cheese,2,Dairy
asian peanut oil,0,Plant
asian salad green,0,Vegetable
asian sesame dressing,0,Essential Oil
asian sesame paste,2,Essential Oil
atta flour,0,Cereal
au gratin potato,1,Vegetable Tuber
au gratin potato mix,0,Vegetable Tuber
averna amaro,0,Beverage-Alcoholic
avgolemono sauce,1,Additive
avocado cilantro dressing,0,Fruit
avocado relish,2,Fruit
baby asparagus,0,Vegetable
baby corn crosswise,1,Maize
baby corn ear,0,Maize
baby mustard cress,0,Spice
baby spinach carrot,0,Vegetable
baby turnip,1,Vegetable
bacon crosswise,0,Meat
bacon joint,0,Meat
bacon sausage,1,Meat
baharat seasoning,1,Spice
baharat spice mix,1,Spice
bailey caramel cream,0,Beverage-Alcoholic
baja chipotle marinade,1,Spice
baja chipotle sauce lime juice,1,Beverage
bake pie crust,1,Bakery
bakery white bread,0,Bakery
ball mozzarella,0,Dairy
ball mozzarella cheese bocconcini,0,Dairy
balsamic syrup,1,Plant Derivative
balsamic vinegar optional,0,Additive-Vinegar
balsamic vinegar red wine sugar,0,Additive-Vinegar
balsamic vinegar white,0,Additive-Vinegar
bamboo leaf,1,Plant
bamboo toothpick,0,Plant
banana bread,0,Fruit
banana crosswise,0,Fruit
banana extract,0,Essential Oil
banana flower,0,Fruit
banana leaf bamboo,0,Fruit
banana orange juice concentrate,0,Fruit
banana syrup,0,Fruit
banger,0,Dish
bar chocolate candy,0,Plant Derivative
barbecue bean,0,Legume
barilla lasagna noodle,0,Cereal
barilla marinara sauce,1,Condiment
barley malt syrup,0,Cereal
basic french tart dough pate brisee,0,Dish
basic marinara sauce,0,Condiment
basic meatball,0,Dish
basic wheat french crepe,0,Dish
basil seasoning,0,Herb
basil seed,0,Herb
bay,1,Plant
bean chickpea,0,Legume
bean curd skin,0,Legume
bean flour,0,Cereal
bean liquid,0,Legume
bean mix,1,Legume
bean moist kidney,0,Legume
bean navy,0,Legume
bean pink,0,Legume
bean stock,0,Legume
beau monde spice,1,Spice
beaufort cheese,1,Dairy
becel oil,1,Additive
beef arm roast,0,Meat
beef bouillon paste,0,Meat
beef bouillon stock,0,Meat
beef broth chicken,2,Meat
beef cheek,0,Meat
beef chuck meat,1,Meat
beef chuck shoulder steak,0,Meat
beef frankfurter,0,Meat
beef knuckle meat,0,Meat
beef marinade,1,Meat
beef rib eye,0,Meat
beef ribeye steak,0,Meat
beef seasoning,0,Meat
beef shoulder chuck roast,0,Meat
beef stock salt,0,Meat
beef stock water,0,Meat
beef tip gravy,0,Dish
beef tip meat,0,Meat
beef tortellini,0,Meat
beef tri tip roast,0,Dish
beef tri tip steak,0,Dish
beef vegetable barley soup,0,Meat
belacan,0,Seafood
belacan shrimp paste,0,Seafood
belgian endive leaf,0,Vegetable
belgian waffle,0,Dish
bell pepper green,1,Vegetable Fruit
bell pepper stir fry mix,0,Vegetable Fruit
bell pepper vinegar sauce,0,Vegetable Fruit
berry juice,0,Berry
better than bouillon chicken soup base,1,Meat
betty crocker hamburger helper,1,Bakery
betty crocker poundcake mix,0,Dish
betty crocker sugar,0,Additive
betty crocker super moist white cake mix,0,Dish
betty garlic potato,0,Vegetable Tuber
bialy bun,0,Bakery
bibb lettuce leaf,0,Vegetable
bird custard powder,0,Dish
bird seed,0,Spice
biscuit count,0,Bakery
bison meat,0,Meat
bisquick heart smart mix,2,Cereal
bite cauliflower floret,1,Flower
bite salad green,1,Vegetable
bitter almond,0,Nuts and Seeds
bitter cocoa powder,0,Seed
bitter lemon soda,0,Beverage
black bean lime juice,1,Dish
black bean rice mix,0,Legume
black millet flour,0,Cereal
black oil olive,2,Plant
black olive brine,0,Plant
black olive juice,0,Plant
black patent malt,0,Cereal
black raisin,0,Fruit
black raspberry jam,0,Fruit
black sesame paste,0,Nuts and Seeds
black tea green,0,Beverage
black truffle salt,0,Additive-Salt
black white sesame seed,0,Nuts and Seeds
blackberrie,0,Fruit
blackberry liqueur,0,Fruit
blade pot roast,0,Meat
blade roast,0,Meat
blanco tequila,0,Beverage-Alcoholic
blender hot sauce,2,Condiment
blood orange wedge,0,Fruit
blood sausage,0,Dish
blue,0,Dairy
blue cheese crumbles,0,Dairy
blue corn posole,0,Maize
blue tequila,0,Beverage-Alcoholic
blueberry jam,0,Fruit
blueberry preserve,0,Fruit
blueberry syrup,0,Fruit
blueberry yogurt,0,Dairy
boil brown rice,1,Cereal
bombay sapphire gin,0,Beverage-Alcoholic
bonito fish,0,Fish
bonito tuna,0,Fish
borage,0,Herb
boursin garlic herb spreadable cheese,1,Dairy
boursin spreadable cheese herb,1,Dairy
bratwurst bun,0,Dish
bread breadcrumb,0,Bakery
bread french,0,Bakery
bread machine flour,0,Cereal
bread water,0,Additive
bread without crust,0,Bakery
breadcrumb make,0,Bakery
breadcrumb wheat bread,0,Bakery
breast meat chicken,2,Meat
brioche bread egg,0,Meat
brioche bun,0,Bakery
brisling sardine,0,Fish
broccoli carrot water chestnut mix,2,Vegetable
broccoli cheddar cheese soup,1,Dairy
broccoli sauce,0,Flower
broccoli sprout,1,Flower
brown chicken stock,1,Meat
brown rice cereal,1,Cereal
brown sugar twin,0,Additive
browning seasoning sauce,0,Condiment
buffalo steak,0,Fish
bugle flavor snack,0,Dish
bull energy drink,0,Beverage
bull eye barbecue sauce,0,Condiment
burata cheese,0,Dairy
burger crumbles,0,Bakery
burgundy snail,0,Beverage-Alcoholic
burrito seasoning,0,Spice
bush red bean,0,Legume
bushmills irish whiskey,0,Beverage-Alcoholic
bushmills whiskey,0,Beverage-Alcoholic
butter croissant,0,Dairy
butter flavor extract,0,Additive
butter pecan cake mix,0,Dish
butter powder,1,Dairy
buttercream,0,Dairy
buttercream filling,0,Dairy
butterfish,0,Fish
buttermilk salad dressing mix,2,Dish
butternut snap biscuit,0,Bakery
butternut squash puree,0,Fruit
butternut squash soup,1,Fruit
butterscotch,0,Plant Derivative
ca n't believe not butter spray,1,Dairy
cabbage chickpea,0,Vegetable
cabbage kimchi juice,1,Vegetable
cacao powder,0,Spice
cacho de cabra pepper,0,Spice
cajeta caramel topping,0,Additive
cajun,2,Plant Derivative
cajun cake,0,Plant Derivative
cajun seasoning meat magic,0,Plant Derivative
calabash gourd,0,Fruit
calabaza,1,Fruit
calamari tube,0,Seafood
calf ' liver,0,Meat
calf foot,0,Meat
california fig,2,Fruit
california vegetable broccoli,2,Flower
calorie cranberry juice cocktail,0,Beverage-Alcoholic
calorie cream cheese,0,Dairy
calorie italian dressing,0,Spice
camp coffee,0,Beverage Caffeinated
campbell beef consomme,1,Meat
campbell chicken broth,2,Meat
campbell cream broccoli soup,2,Dish
campbell cream chicken soup,2,Meat
campbell creamy chicken verde soup,2,Meat
campbell creamy tomato soup,1,Vegetable
campbell mushroom soup,2,Dish
campbell vegetable soup,0,Dish
candy chocolate,0,Plant Derivative
candy orange,0,Fruit
cannellini bean overnight,0,Legume
cannellini white kidney bean,1,Legume
canola margarine,0,Additive
caper liquid,0,Fruit
captain morgan rum,0,Beverage-Alcoholic
caramel apple dip,0,Additive
caramel bit,0,Plant Derivative
caramel coloring,1,Plant Derivative
caramel swirl ice cream,0,Dish
caravella limoncello,0,Additive
carb ketchup,0,Additive
carb pasta,0,Cereal
carb spaghetti sauce,0,Condiment
caribe chile pepper,0,Spice
carne asada spice mix,0,Spice
carnitas,0,Meat
carnitas pork,0,Meat
carob chip,0,Bakery
carrot curl,2,Vegetable
cassava meal,1,Vegetable
cassava root,1,Vegetable
caster superfine sugar,0,Additive-Sugar
caviar,0,Fish
cayenne pepper hot sauce,1,Additive
celery powder,0,Herb
center filet mignon,0,Fish
cento italian tomato,1,Vegetable
ceylon tea,0,Plant
chaat masala,0,Spice
challah brioche bread,0,Bakery
chamomile flower,0,Fruit
champagne biscuit,0,Beverage-Alcoholic
champagne white wine,0,Beverage-Alcoholic
champagne wine,0,Beverage-Alcoholic
chardonnay wine pinot grigio,1,Beverage-Alcoholic
cheddar cheese cube,1,Dairy
cheddar cheese sauce,0,Dairy
cheddar cheese soup nacho,1,Dish
cheddar jack cheese,0,Dairy
cheemo perogies,0,Dish
cheese cloth,0,Dairy
cheese cracker,2,Dairy
cheese danish,0,Dairy
cheese mexican,0,Dairy
cheese product,0,Dairy
cheese velveeta,2,Dairy
cheesecake flavor pudding pie filling,0,Dish
cheesecake flavor pudding pie filling mix,0,Dish
cherimoya,0,Fruit
cherry baking chip,0,Additive
cherry soda,1,Additive
chestnut honey,1,Plant Derivative
chicken beef,2,Meat
chicken biscuit cracker,2,Meat
chicken bouillon mix,2,Meat
chicken bread stuffing mix,2,Meat
chicken breast veal,2,Meat
chicken broth beef,2,Meat
chicken broth garlic,2,Meat
chicken burger,2,Meat
chicken cracker,2,Meat
chicken frankfurter,2,Meat
chicken heart,2,Meat
chicken leg meat,2,Meat
chicken neck,2,Meat
chicken noodle mix,2,Meat
chicken pate,2,Meat
chicken rice pilaf mix,2,Dish
chicken salad,2,Meat
chicken seitan strip,2,Meat
chicken stock boil,2,Meat
chicken stock bouillon,2,Meat
chicken stock cube water,2,Meat
chicken stock dashi,2,Meat
chicken stock ok,2,Meat
chicken stock paste,2,Meat
chicken stock powder vegetable,2,Meat
chicken stock this essential,2,Meat
chicken stove stuffing mix,2,Meat
chicken taquitos,2,Dish
chicken tender ``,2,Meat
chicken vegetable stock,2,Meat
chickpea garbanzo bean,0,Legume
chickpea liquid,0,Legume
chile bean sauce,0,Additive
chile negro pepper,0,Spice
chile padi,1,Spice
chile piquin powder,0,Spice
chilean sea bass,0,Fish
chili cheese corn chip,0,Maize
chili garlic sauce thai,0,Spice
chili heat,0,Spice
chili infused vodka,0,Beverage-Alcoholic
chili lime seasoning,1,Spice
chili oil red pepper flake,1,Spice
chili paste ginger,0,Spice
chili red,0,Spice
chili seasoning,0,Spice
chimayo chili powder,0,Spice
chinese almond,0,Nuts and Seeds
chinese barbeque pork,0,Meat
chinese black bean paste,2,Legume
chinese egg noodle nest,2,Meat
chinese egg noodle vermicelli,2,Cereal
chinese flower pepper,0,Spice
chinese ham,1,Meat
chinese link sausage,0,Dish
chinese mushroom water,1,Fungi
chinese pork,0,Meat
chinese radish,2,Vegetable
chinese red sauce,0,Condiment
chinese roast pork,1,Meat
chinese turnip,0,Vegetable
chinese wolfberries,1,Vegetable
chinese yellow noodle,1,Cereal
chipotle cheddar cheese,1,Dairy
chipotle chile pepper adobo sauce,1,Vegetable
chipotle chile puree,1,Vegetable
chipotle chili,1,Spice
chipotle chili flake,0,Spice
chipotle chili mayonnaise,0,Spice
chipotle marinade,0,Spice
chipotle pepper powder,0,Spice
chipotle seasoning mix,1,Spice
chocolate chip cookie mix,0,Additive
chocolate chip ice cream,0,Plant Derivative
chocolate cocoa,0,Plant Derivative
chocolate cocoa content,0,Plant Derivative
chocolate coin,0,Plant Derivative
chocolate confectioner coating,0,Plant Derivative
chocolate dark,0,Plant
chocolate dessert crepe,0,Dish
chocolate fudge sauce,0,Plant Derivative
chocolate graham cracker crumb,0,Bakery
chocolate malt,0,Beverage-Alcoholic
chocolate mexican,1,Additive
chocolate mix,0,Dish
chocolate mousse mix,0,Dish
chocolate peanut,0,Plant Derivative
chocolate sponge cake,0,Bakery
chocolate spread,0,Additive
chocolate swiss,0,Plant Derivative
chocolate vermicelli,0,Plant Derivative
chocolate wafer cookie,0,Plant Derivative
choice beef stew,0,Meat
chorize sausage,0,Dish
chorizo de bilbao sausage,1,Meat
chorizo sausage diagonally,1,Meat
chorizo sausage link,2,Meat
chourico,0,Meat
chourico pork sausage,0,Meat
chow,0,Cereal
choy chop suey vegetable,0,Vegetable
christophene,1,Fruit
chuck arm pot roast,0,Dish
chuck roast meat,0,Meat
chunk,1,Beverage
chunky blue cheese dressing,0,Dairy
chunky natural peanut butter,0,Nuts and Seeds
ciabatta lengthwise,0,Gourd
ciabatta sandwich,1,Dish
cilantro cream,0,Condiment
cilantro cream sauce,0,Condiment
cinnamon syrup,0,Additive
citron vodka,0,Beverage-Alcoholic
citrus zest orange,0,Fruit
clamato juice vegetable,0,Beverage
classic stir fry sauce,0,Additive
clean spinach,0,Vegetable
clear apple juice,0,Fruit
clear broth,1,Meat
clear chicken stock,2,Meat
clear jel,0,Plant Derivative
clementine zest,0,Fruit
cling peach half,0,Fruit
cloudberry jam,0,Fruit
cloudy apple juice,0,Fruit
clover honey,0,Plant Derivative
clover sprout,2,Vegetable
cobb loaf,0,Bakery
cocktail,0,Beverage
cocktail wiener lengthwise,0,Meat
cocoa baking,0,Seed
coconut gel,0,Beverage
coconut paste,1,Beverage
coconut shelf stable,0,Beverage
coconut sugar crystal,2,Additive
coconut syrup,0,Plant Derivative
coconut vinegar,2,Plant Derivative
coconut yogurt,0,Dairy
codfish,0,Fish
coffee chicory,0,Beverage Caffeinated
coffee filter,0,Beverage Caffeinated
cointreau orange liqueur,0,Beverage-Alcoholic
cola do not,0,Beverage
cola drink,0,Beverage
cold,0,Additive
cold roast,0,Additive
collard green crosswise,1,Vegetable
color coleslaw,0,Condiment
comino,0,Spice
complete seasoning cumin,0,Spice
conch meat,0,Meat
confectioner sugar frosting,0,Additive-Sugar
contadina tomato sauce,0,Condiment
cookie crumb,0,Plant Derivative
cooking grain wild rice mix,1,Cereal
cooking oil corn,0,Additive
cooking spray oil,1,Additive
cooking spray olive oil,0,Additive
cooking vegetable oil,1,Additive
cooking white rice,1,Cereal
cooking wild rice,1,Cereal
cooky cream ice,0,Dish
cooper sharp cheese,0,Dairy
coriander chutney,0,Herb
coriander seed powder,0,Herb
corn beef hash,1,Meat
corn black bean,2,Legume
corn bread muffin mix,0,Maize
corn bread stuffing mix,1,Dish
corn cake,0,Maize
corn muffin bread mix,0,Maize
corn sauce,2,Maize
cornish hen each,2,Maize
cotija,0,Dairy
court bouillon,0,Dish
couscous wheat,2,Cereal
crab boil seasoning,1,Seafood
crab cake,0,Seafood
crab claw meat,0,Seafood
crab juice,0,Seafood
crabmeat shrimp,0,Seafood
crabmeat strip lengthwise,0,Seafood
cracker barrel tex mex cheese,2,Dairy
cracker breadcrumb,0,Bakery
cracker meal breadcrumb,0,Bakery
craig boysenberry jam,0,Fruit
crawfish meat,1,Seafood
crawfish tail meat,1,Seafood
cream celery soup mushroom,1,Dish
cream cheddar cheese soup,1,Dish
cream cheese neufchatel,0,Dairy
cream cheese onion,1,Dairy
cream chicken soup celery,2,Meat
cream chicken soup may,2,Meat
cream flour,0,Cereal
cream greek yogurt,0,Dairy
cream horseradish sauce,0,Condiment
cream mushroom soup golden,1,Dish
cream not,0,Dairy
cream optional,0,Dairy
cream sauce,2,Condiment
cream soup chicken,2,Meat
creamy milk,1,Dairy
creamy natural peanut butter,0,Additive
creamy salad dressing miracle whip,0,Condiment
creamy tomato soup,1,Vegetable
creole seasoning seasoning,1,Spice
crepe batter,0,Dish
crisco oil,0,Additive
crisco reg,0,Additive
crisco reg ; vegetable shortening,0,Additive
crisco vegetable oil,1,Plant Derivative
crisp onion,0,Vegetable
crisp red apple,0,Fruit
crispbread cracker,0,Bakery
crowder pea,0,Legume
crown royal whiskey,0,Beverage-Alcoholic
crumb crust,0,Bakery
crust pizza dough,0,Bakery
crust topping,0,Bakery
crystal malt,0,Plant Derivative
crystal orange drink mix,0,Dish
cuban bread french,1,Bakery
cube french bread,0,Bakery
cube gingerroot,0,Spice
cucumber ranch salad dressing,0,Dish
cucumber relish,0,Gourd
culinary lavender,0,Flower
cupcake liner,0,Dish
curd yogurt,0,Dairy
curing salt,0,Additive
custard cream,0,Dairy
custard powder not,0,Dish
cuttlefish,0,Seafood
darjeeling tea,0,Beverage
dark bread,0,Bakery
dark brown sesame oil,0,Essential Oil
dark cherry juice,0,Beverage
dark chocolate cake mix,0,Dish
dark chocolate couverture,0,Plant
dark chocolate frosting,0,Plant
dark chocolate shaving,0,Plant
dark meat chicken,2,Meat
dark pumpernickel bread,0,Bakery
dark rye pumpernickel bread,0,Bakery
dark turkey meat,1,Meat
dasheen leaf,1,Plant
dashi fish stock,1,Fish
dashi no moto,1,Dish
date honey,0,Plant Derivative
date sugar,0,Additive
date syrup molasses,0,Additive
deep onion,0,Vegetable
deer chop,0,Meat
del monte tomato green chilies,1,Spice
deli bun,0,Bakery
deli pastrami,0,Meat
deli roast pork loin,0,Meat
deli turkey breast,0,Meat
dende oil,1,Additive
diana sauce,0,Additive
diet cola,0,Beverage
diet sprite,0,Beverage-Alcoholic
dipping chocolate,0,Plant Derivative
dog bun bratwurst,0,Dish
don julio tequila,0,Beverage-Alcoholic
double whipping cream,0,Dairy
doughnut,0,Cereal
dove breast,1,Meat
dream dessert topping mix,0,Additive
dream whip dessert topping,0,Dairy
dream whip topping mix,0,Dairy
dreamfields penne rigate,0,Cereal
drumstick leaf,0,Plant
duck confit,0,Meat
duck quarter,1,Meat
duck sauce,2,Meat
duck stock,0,Meat
dukka,0,Dish
dulce de milk,0,Dish
dulse,0,Seafood
duo penotti chocolate hazelnut spread,0,Additive
durkee onion ring,1,Vegetable
dutch process cocoa,0,Seed
earl grey,0,Condiment
earl grey teabags,0,Beverage
earth balance buttery,0,Dairy
edamame bean,0,Legume
edible rose petal,0,Flower
egg bread white,0,Meat
egg custard,0,Meat
egg water,0,Meat
egg well,0,Meat
egg white replacer,0,Meat
egg white yolk,0,Meat
egg yolk milk,0,Meat
egg yolk save,0,Meat
eggnog support,0,Dish
eggplant oil,0,Vegetable
egusi seed,1,Spice
el,0,Spice
el bean,0,Legume
el pato salsa,2,Condiment
el tequila,0,Beverage-Alcoholic
elephant garlic,0,Herb
elephant garlic clove,0,Herb
elk,1,Meat
emeril itailian essence,1,Essential Oil
emirati yellow chicken stock,2,Dish
energy drink,0,Beverage
english row pale malt,0,Cereal
espresso granule,0,Beverage
espresso powder optional,0,Beverage
essence chicken powder,2,Meat
essence seasoning seasoning,0,Spice
eucalyptus essential oil,0,Additive
extra beef turkey breast,0,Meat
extra coriander,2,Herb
extra egg yolk,0,Meat
extra ham,2,Meat
extra hot horseradish,0,Vegetable
extra sauce,2,Additive
extra sirloin,0,Meat
extra vegetable oil spread,0,Plant Derivative
extra wide lasagna noodle,0,Cereal
fajita meat,1,Meat
falafel,0,Dish
faretti biscotti liqueur,0,Beverage-Alcoholic
farina cereal,0,Cereal
farl soda bread,0,Bakery
farmhouse bread,0,Bakery
fatback,0,Meat
favourite pasta sauce,0,Additive
feijoa,0,Fruit
fennel head,1,Herb
fennell seed,0,Spice
feta parmesan cheese,0,Dairy
fiber one bran cereal,1,Cereal
fiddlehead fern,0,Vegetable
fiesta fajita seasoning mix,1,Spice
fig jam,0,Fruit
fig leaf,0,Fruit
filet mignon cube,0,Fish
fillet fish,0,Fish
fillet flounder,1,Fish
fillet haddock,0,Fish
fillet white fish,1,Fish
fillet whitefish,0,Fish
filter coffee,0,Beverage Caffeinated
fine brown breadcrumb,0,Bakery
fine cracker crumb,0,Bakery
fine graham cracker crumb,0,Bakery
fine semolina flour,0,Cereal
fine white bread crumb,0,Bakery
fine white breadcrumb,0,Bakery
finnan haddock,0,Fish
fish bouillon,0,Fish
fish curry powder,1,Spice
fish fillet cod,0,Fish
fish fillet mahi,0,Fish
fish fillet red snapper,1,Fish
fish stock granule,0,Fish
fish vegetable stock,0,Vegetable
flake cereal,0,Cereal
flan,0,Dish
flat indian bean,0,Legume
flat porter beer,0,Beverage-Alcoholic
flathead fillet,0,Fish
flavor fruit jelly,0,Fruit
flavor jam,0,Fruit
flavorful olive,0,Plant
flour tortilla mix,1,Bakery
focaccia,1,Bakery
four cheese,0,Dairy
four cheese pasta sauce,0,Additive
fragrant rose petal,0,Flower
frank sauce,0,Additive
french bread brown,0,Bakery
french cheddar onion,0,Vegetable
french cheese,0,Dairy
french green lentil,1,Legume
french onion cheddar,2,Vegetable
french sandwich bun,0,Bakery
french toast,0,Dish
french vanilla cool whip,0,Dairy
fruit almond,0,Nuts and Seeds
fruit blueberry,0,Fruit
fruit bread,0,Bakery
fruit cocktail syrup,0,Beverage
fruit nectar,0,Fruit
fruit pie,0,Fruit
fruit raspberry jam,0,Fruit
fruit salad,0,Dish
frying oil pork lard,0,Additive
gaeta olive,0,Plant
gai lan chinese broccoli,1,Flower
garae tteok korean glutinous rice cake,0,Dish
garam masala seasoning,1,Spice
garbanzo bean flour,0,Legume
garden vegetable spaghetti sauce,0,Condiment
garlic basil spread,0,Herb
garlic chile paste,0,Spice
garlic herb butter,0,Dairy
garlic herb pasta sauce,0,Additive
garlic herb salad dressing mix,0,Dish
garlic hummus,1,Herb
garlic mayonnaise,0,Condiment
garlic onion mix,1,Dish
garlic potato,0,Herb
garlic puree,0,Herb
garlic sauce mayonnaise cream pepper,1,Additive
garnet yam,0,Vegetable
gay lea cream,1,Dairy
gelling sugar,0,Additive
gerber oatmeal cereal,0,Cereal
germain liqueur,0,Beverage-Alcoholic
german chocolate cake mix pudding,0,Dish
german cooking chocolate,0,Plant Derivative
german gherkin,0,Condiment
german salami,1,Fish
german sauerkraut,0,Vegetable
gewurztraminer wine,1,Beverage-Alcoholic
ghee oil,0,Dairy
ghirardelli chocolate chip,0,Additive
ghirardelli white chocolate baking bar,0,Plant Derivative
gimmie sausage flavor,0,Dish
ginger grain,0,Spice
ginger preserve,0,Spice
gingernut biscuit,0,Bakery
gingerroot ginger,0,Spice
ginkgo nut,0,Nuts and Seeds
glace de viande,0,Meat
gluten breadcrumb egg,1,Meat
gluten chicken stock,2,Meat
gluten pasta,0,Cereal
gluten pasta notta,0,Cereal
gluten vegetable stock,0,Vegetable
goat cheese chevre,0,Dairy
goat cheese cream,0,Dairy
goat cheese feta,0,Dairy
goat horn pepper green chile,0,Vegetable
goat milk yogurt,0,Dairy
gochugaru,0,Spice
gochujang korean chili paste,0,Plant Derivative
godiva liqueur,0,Beverage-Alcoholic
gold medal purpose flour,0,Cereal
gold medal wondra flour,1,Cereal
goldschlager cinnamon schnapps,0,Additive
goose breast,0,Meat
goose liver,0,Meat
goya alcaparrado,2,Additive
goya chicken bouillon,2,Meat
goya corn tortilla,1,Dish
goya guacamole,0,Dish
goya maria bolachas,0,Dish
goya mojo criollo,0,Additive
goya mojo juice,2,Condiment
goya oregano leaf,1,Spice
goya salsita,0,Spice
goya sazon seasoning,0,Spice
goya sazonador total,0,Spice
goya seasoning,0,Spice
goya vegetable oil,0,Additive
grain cracker,0,Bakery
grain english muffin,0,Bakery
grain lasagna noodle,0,Cereal
grain rye bread,0,Bakery
grain sushi rice,0,Cereal
grain white rice not,0,Cereal
grana padano cheese,0,Dairy
granary bread,0,Bakery
grand marnier liqueur,0,Beverage-Alcoholic
grape juice concentrate,0,Beverage
grapefruit section,0,Beverage
gravy master,0,Dish
great,1,Legume
great northern bean overnight,1,Legume
greek olive kalamata,0,Plant
greek pepper,0,Spice
greek vinaigrette dressing,0,Plant Derivative
greek yogurt cream,0,Dairy
green bird eye chilies,0,Vegetable
green chard leaf,0,Vegetable
green garlic clove,0,Herb
green giant create vegetable,2,Cereal
green giant kernel corn,0,Maize
green giant mushroom,1,Fungi
green greek olive,0,Plant
green hot pepper,1,Vegetable
green hot pepper sauce,1,Condiment
green hot sauce,2,Condiment
green mussel,0,Seafood
green olive tapenade,0,Plant
green peppercorn brine,1,Spice
green pimento olive,1,Dish
green snap pea,2,Legume
green tea powder matcha,0,Beverage
green thai chile,0,Spice
green thai chili pepper,0,Spice
green tomatillo,1,Vegetable
grey poupon,0,Condiment
guacamole seasoning mix,2,Spice
guava shell syrup,0,Fruit
gum arabic,1,Plant Derivative
gyoza,2,Dish
gyoza wrapper,1,Dish
gyro meat,0,Meat
gyro pita bread,0,Bakery
habanero chile,1,Spice
habanero pepper sauce,1,Condiment
haggis,0,Dish
hamburger bun hard,0,Bakery
hamour fish,0,Fish
handfulls fusilli,0,Cereal
hard bread,0,Bakery
hard corn taco shell,0,Maize
hard kaiser,1,Dairy
hard red wheat berry,0,Berry
hard taco,1,Bakery
hash brown patty,0,Vegetable Tuber
hatch green chile pepper,2,Spice
hawaiian barbeque sauce,0,Additive
head,1,Flower
head baby bok choy,0,Vegetable
head butterhead lettuce,1,Vegetable
head chinese cabbage,0,Vegetable
head garlic clove,0,Herb
head iceberg,0,Vegetable
heineken lager beer,0,Beverage-Alcoholic
heinz beef gravy,0,Meat
heinz tomato paste,1,Additive
heirloom tomato brandy wine,0,Legume
heirloom tomato red,1,Legume
helix snail,0,Meat
hemp milk,0,Dairy
hendrick gin,0,Beverage-Alcoholic
herb garlic feta,0,Herb
herb lemon soup mix,0,Dish
herb stuffing cube,2,Herb
herb vinegar,1,Plant Derivative
herbal tea,0,Plant
herbes de thyme,1,Herb
herradura reposado tequila,0,Beverage-Alcoholic
herradura silver tequila,0,Beverage-Alcoholic
hershey milk chocolate chip,0,Additive
hershey syrup,0,Plant Derivative
hi gluten flour,0,Cereal
hibiscus edible flower,0,Flower
hibiscus petal,0,Flower
hickory salt,0,Additive
hickory smoke barbeque sauce,0,Additive
high balsamic vinegar,0,Additive-Vinegar
high protein flour,0,Cereal
high rye bread,0,Bakery
high white chocolate,0,Plant Derivative
himalayan pink salt,0,Additive
hoagie sandwich bun,0,Bakery
home chicken stock,2,Meat
hominy white bean,2,Legume
hon dashi,0,Dish
honey barbecue sauce,1,Additive
honey butter,0,Dairy
honey dijon salad dressing,1,Dish
honey garlic barbecue sauce,2,Additive
honey garlic sauce,1,Condiment
honey rum glaze,0,Plant Derivative
honey wheat bread,0,Bakery
honeycomb candy,0,Plant Derivative
honeydew melon baller,0,Plant Derivative
honeysuckle white,0,Plant Derivative
hormel turkey pepperoni,0,Meat
horn salt,0,Additive
horse meat,0,Meat
hot,0,Additive
hot air popped corn,0,Maize
hot banana pepper,0,Vegetable
hot capicola,0,Additive
hot chile pepper,1,Vegetable
hot chili,0,Vegetable
hot chili flake,0,Spice
hot corn,0,Maize
hot dog diagonally,0,Dish
hot new mexico pepper,2,Spice
hot pepper cayenne,0,Condiment
hot red pepper lengthwise,0,Vegetable
hot sopressata,0,Additive
hot spice,0,Spice
hot thai chile,2,Vegetable
hot wide egg noodle,0,Meat
hpnotiq liqueur,0,Beverage-Alcoholic
hungarian pepper,0,Spice
hungarian salami,0,Fish
hungarian wax chile,1,Spice
hungarian wax pepper,2,Spice
hungry jack biscuit,0,Bakery
hyssop,2,Herb
impastata ricotta,0,Dairy
indian chili powder,1,Spice
individual pizza crust,0,Bakery
individual sponge cake,0,Bakery
infant cereal,0,Cereal
irish farmhouse cheese,0,Dairy
irish whiskey bourbon,0,Beverage-Alcoholic
italian brandy,0,Beverage-Alcoholic
italian bread dough,0,Bakery
italian bread pizza crust,1,Bakery
italian bread sourdough,0,Bakery
italian bread white,0,Bakery
italian cheese parmesan,0,Dairy
italian dressing french,0,Spice
italian dressing mix,1,Spice
italian herb mix spice,0,Spice
italian herb seasoning basil,0,Condiment
italian herb seasoning oregano,0,Condiment
italian olive oil,0,Plant Derivative
italian parmesan dressing,0,Spice
italian pepper red,0,Vegetable Fruit
italian pizza crust,0,Bakery
italian salad dressing choice,1,Condiment
italian salad green,0,Condiment
italian salad mix,1,Dish
italian sausage meat,2,Dish
italian seasoning basil oregano,1,Herb
italian spice oregano,1,Spice
italian vermouth,0,Beverage-Alcoholic
italian vinaigrette,0,Plant Derivative
jalapeno black eyed pea,0,Legume
jalapeno cheddar cheese dip,0,Dairy
jalapeno coarsely,0,Spice
jalapeno cream cheese,1,Dairy
jalapeno green olive,1,Plant
jalapeno hot,0,Spice
jalapeno more,0,Spice
jalapeno pepper choice,1,Vegetable
jalapeno pepper hot,0,Vegetable
jalapeno pepperoncini pepper,1,Vegetable
jalapeno pickling liquid,0,Spice
jalapeno poblano pepper,0,Spice
jam jelly,0,Fruit
jam preserve,0,Fruit
jamaican caribbean jerk seasoning,1,Spice
jamaican curry powder,1,Herb
jamaican spice mixture,2,Spice
jameson irish whiskey,0,Beverage-Alcoholic
jamison irish whiskey,0,Beverage-Alcoholic
japanese chili oil,1,Plant Derivative
japanese potato,0,Vegetable
japanese sesame oil,0,Essential Oil
japanese sesame paste,1,Dish
japanese sushi white rice,0,Cereal
jasmine rice white,0,Cereal
jasmine tea,0,Plant
jeera,0,Spice
jeera seed,0,Spice
jello vanilla pudding mix,0,Dish
jerk chili paste,1,Plant Derivative
jerk marinade,1,Additive
jerk paste,1,Meat
jersey caramel,0,Plant Derivative
jigger cointreau,0,Beverage-Alcoholic
jigger cranberry juice,0,Beverage
jigger grenadine syrup,0,Condiment
jigger triple sec liqueur,0,Beverage-Alcoholic
jigger vermouth,0,Beverage-Alcoholic
jimmy dean hot sausage,0,Dish
jimmy dean maple sausage,0,Dish
jo mama world famous spaghetti,0,Cereal
joint beef,0,Meat
jonathan apple,0,Fruit
jones dairy farm canadian bacon,0,Meat
jose cuervo gold tequila,0,Beverage-Alcoholic
juice lemon,1,Beverage
julienne celery,0,Vegetable
jumbo lump crab meat,0,Seafood
jumbo lump crabmeat,0,Seafood
kaiser bun,1,Bakery
kama moroccan spice,1,Spice
kangaroo shank,0,Meat
kangaroo tail,0,Seafood
kansa city bbq sauce,1,Additive
karaage coating mix,1,Additive
karo syrup white,0,Maize
kashmiri chile pepper,0,Spice
kashmiri garam masala,0,Spice
kataifi pastry,0,Dish
keen mustard,0,Spice
kelp powder,0,Seafood
key lime yogurt,0,Beverage
kidney,0,Legume
kikkoman panko bread crumb,0,Bakery
kikkoman teriyaki baste pineapple,0,Condiment
kikkoman teriyaki marinade sauce,0,Additive
kikkoman thai chili sauce,1,Condiment
king crab leg,0,Seafood
kirschwasser cherry schnapps,0,Additive
kitchen bouquet browning sauce,0,Additive
kite string,0,Cereal
kittencal no fail buttery flaky pie pastry crust,0,Bakery
kiwi juice,0,Fruit
knob gingerroot,1,Spice
knorr chicken stock powder,2,Meat
knorr parma rosa sauce mix,2,Dish
knorr seasoning,0,Spice
kombu dashi stock,1,Dish
konbu kelp,0,Seafood
korean,0,Vegetable
korean bean paste,0,Legume
korean date,1,Fruit
korean fish cake,0,Dish
korean rice,0,Cereal
koshi,0,Condiment
kraft calorie catalina salad dressing,0,Condiment
kraft macaroni cheese,0,Dish
kraft macaroni cheese mix,0,Dish
kraft mayo mayonnaise,0,Condiment
kraft mexican finely four cheese,1,Dairy
kraft milk mozzarella cheese,0,Dairy
kraft moisture part mozzarella cheese,0,Dairy
kraft reg ; parmesan cheese,0,Dairy
kraft tex mex cheese,0,Dairy
kraft tuscan house italian dressing,2,Dish
lacinato kale,2,Vegetable
laksa leaf,0,Plant
lamb gravy,0,Meat
lamb kidney beef,0,Meat
lamb lettuce,0,Vegetable
lamb roast dripping,0,Meat
lamb sauce,0,Additive
lamb shoulder blade chop,0,Meat
lamb shoulder steak,0,Meat
lard cooking oil,1,Additive
lard crisco,0,Meat
lard dripping,0,Meat
lard peanut oil,2,Meat
lard salad oil,1,Plant Derivative
large black olive,0,Plant
laughing cow swiss cheese,0,Dairy
lavender sugar,0,Additive
lawrys garlic salt,1,Spice
layer cake,0,Dish
leaf mint,0,Herb
leg lamb meat,2,Meat
leg veal,0,Meat
leicester cheese,0,Dairy
lemon drink mix,0,Dish
lemon extract almond,0,Nuts and Seeds
lemon jelly,0,Fruit
lemon lime beverage club soda,0,Beverage
lemon orange,0,Fruit
lemon sherbet,0,Fruit
lentil sprout,0,Legume
lettuce head,0,Vegetable
libby pumpkin,0,Fruit
like these two seasoning,0,Spice
limburger cheese,0,Dairy
lime concentrate,0,Beverage
lime cream,0,Dairy
lime segment,0,Fruit
lime soda,0,Beverage
linguica,0,Meat
link beef sausage,1,Meat
link chorizo,1,Meat
lipton garlic soup mix,1,Dish
lipton secret onion soup mix,0,Dish
lipton secret savory herb garlic soup mix,2,Dish
liquid coffee creamer,0,Beverage Caffeinated
liquid egg product,0,Meat
liquid stevia,0,Additive
lite peach,0,Fruit
lite silken extra tofu,0,Plant Derivative
lite topping,0,Additive
live crawfish,0,Seafood
loaf egg bread,0,Meat
lobster head,0,Seafood
lobster ravioli,0,Seafood
lobster shell,0,Seafood
lobster tail meat,0,Seafood
loin veal chop,0,Meat
loose green tea leaf,0,Beverage
loose italian sausage,0,Meat
lop chong,1,Dish
louisiana hot link sausage,1,Meat
louisianna sauce,1,Additive
lump crab,0,Seafood
lump crab meat,0,Seafood
macadamia nut almond,1,Nuts and Seeds
macadamia nut syrup,0,Nuts and Seeds
macapuno,0,Fruit
macapuno string,0,Dairy
macaroni cheese dinner mix,0,Dish
macintosh apple,0,Fruit
mackerel better,0,Fish
magic shell ice cream topping,0,Additive
maifun,1,Cereal
maitake mushroom,1,Fungi
maize meal,1,Bakery
maldive fish,0,Fish
malt powder,0,Cereal
mandarin juice,0,Beverage
mandarin orange zest,0,Plant Derivative
mango cheek,1,Fruit
mango ginger chutney,1,Condiment
mango hot sauce,1,Additive
mango jelly crystal,0,Fruit
mango syrup,0,Plant Derivative
mango yogurt,1,Dairy
manioc flour,0,Cereal
manioc starch,0,Cereal
manouri cheese,0,Dairy
manwich mix,0,Dish
maple,1,Plant Derivative
maple flavor,0,Plant Derivative
maple pancake syrup,0,Additive
margarita salt,0,Additive
marlin,0,Fish
marlin steak,0,Fish
martha white yellow cornbread mix,2,Dish
marzipan paste,0,Additive
masago smelt roe,0,Fish
masoor red lentil,0,Legume
mauby bark,0,Additive
mccormick beef seasoning,0,Meat
mccormick beef stew seasoning,0,Meat
mccormick black pepper,0,Spice
mccormick brown gravy mix,0,Dish
mccormick chili seasoning mix,0,Spice
mccormick fajita seasoning mix,1,Spice
mccormick grill mate seasoning,0,Spice
mccormick salad supreme seasoning,0,Dish
mccormick season,1,Additive-Salt
mccormick spicy italian sausage,0,Meat
mccormick taco seasoning mix,0,Spice
meat chicken breast shrimp,2,Meat
meat pork beef,0,Meat
meat vegetable,0,Meat
meatloaf mix beef pork veal,0,Spice
meatloaf mixture beef,1,Meat
medjool date,0,Fruit
mein noodle,1,Cereal
merguez italian sausage,2,Dish
meringue cooky,0,Bakery
mesquite seasoning mix,1,Spice
metal skewer bamboo,1,Plant
mexican caramel sauce cajeta,0,Additive
mexican cheese taco,0,Dairy
mexican chicken rice pilaf mix,2,Dish
mexican chilies,2,Spice
mexican chocolate cocoa powder,2,Seed
mexican chorizo sausage,0,Meat
mexican cocoa,1,Seed
mexican corn green pepper,0,Spice
mexican crema cream,2,Dairy
mexican crema creme,1,Dairy
mexican maria cooky,0,Bakery
mexican red sauce,0,Condiment
mexican seasoning mix,1,Spice
mexican seasoning mix ii,0,Spice
mexican squash,0,Fruit
mexican vanilla extract,0,Essential Oil
mexican vegetarian meat substitute,0,Meat
mexicorn kernel corn,0,Maize
middle eastern red pepper,0,Vegetable Fruit
milk ball,0,Dairy
milk chocolate cocoa,0,Beverage
milk soy,0,Plant Derivative
mince meat,0,Meat
mincemeat pie filling,0,Dish
mineral spirit,0,Additive
mini cheese ravioli,1,Dairy
mini meringue,0,Bakery
mini pepper,0,Vegetable Fruit
mini pepperoni,0,Meat
mini pita pocket,0,Bakery
mint candy,0,Herb
mint chocolate liqueur,0,Plant Derivative
mint oreo cooky,0,Herb
mint relish,0,Herb
mint vinaigrette,1,Herb
mix powder,0,Spice
mochi rice,0,Dish
mochi rice cake,2,Dish
mochi square,0,Dish
mole sauce,0,Condiment
monkfish steak,0,Fish
montasio cheese,0,Dairy
montreal chicken seasoning,2,Spice
moong bean,0,Legume
moose rump roast,0,Meat
moose steak,0,Fish
morel mushroom,0,Fungi
morningstar farm veggie bacon strip,0,Meat
morrocan seasoning,0,Spice
morton kosher salt,0,Additive-Salt
morton tender salt,0,Additive
moscatel vinegar,0,Plant Derivative
mozart black chocolate liqueur,0,Plant Derivative
mud crab,0,Seafood
muffin,0,Bakery
mugwort,0,Herb
mulling spice,0,Spice
multi grain,1,Bakery
multi grain cereal,0,Bakery
multi grain english muffin,0,Bakery
multi grain flour,0,Bakery
multi peppercorn,0,Spice
mung bean flour,0,Legume
mushroom brown,1,Fungi
mushroom cremini,0,Fungi
mushroom crimini,1,Fungi
mushroom juice,0,Fungi
mushroom portobello,0,Fungi
mushroom stock,1,Fungi
muskmelon,0,Fruit
mustard mayonnaise,0,Condiment
my greek seasoning,2,Spice
myoga,0,Spice
nacho cheese chip,1,Dish
natural,0,Nuts and Seeds
natural yoghurt yogurt,2,Dairy
navy bean overnight,0,Legume
neapolitan ice cream,0,Dish
neutral vegetable oil,0,Plant Derivative
new mexico pepper,0,Spice
new red chile pod,2,Vegetable
new red potato,0,Vegetable Tuber
new york steak,0,Meat
newman balsamic salad dressing,0,Dish
no kidney bean,0,Legume
no salt pinto bean,0,Legume
no salt tomato juice,0,Vegetable
non buttermilk,0,Dairy
non cottage cheese,0,Dairy
non hydrogenated vegan margarine,0,Additive
non meat spaghetti sauce,0,Condiment
non pam cooking spray,0,Additive
non pareils,0,Additive-Salt
non spray,1,Additive
non tortilla chip,1,Dish
nonfat spicy bean,0,Legume
nonfat wheat tortilla,0,Bakery
nonstick cooking peanut oil,0,Plant
noodle egg,0,Meat
nopalitos cactus,0,Plant
nori komi furikake,0,Seafood
nostimini herb mix,1,Meat
nu salt substitute,0,Additive
nuoc mam,0,Condiment
nut coconut,0,Beverage
nut fruit,0,Nuts and Seeds
nut hazelnut,0,Nuts and Seeds
nut liqueur,0,Nuts and Seeds
nut macadamia,0,Nuts and Seeds
nut pecan,0,Nuts and Seeds
nutri grain cereal,0,Cereal
oat bran wheat,0,Cereal
oat cereal,0,Cereal
oatabix biscuit,0,Bakery
oil coconut,0,Fruit
oil cooking,0,Additive
oil cooking spray,0,Additive
oil crisco,0,Additive
oil neutral,0,Additive
oil plus extra,0,Plant Derivative
oil rice,0,Cereal
oil sunflower,1,Plant Derivative
oil tuna,0,Fish
oil vinegar salad dressing,0,Dish
okinawa soba noodle,0,Cereal
okonomi sauce,0,Additive
okra lengthwise,0,Vegetable
olive bread,1,Bakery
olive green black,1,Plant
olive oil vinaigrette dressing,1,Plant Derivative
olive optional,2,Plant
olive peanut oil,0,Plant Derivative
olive pomace oil,0,Plant Derivative
olive salad mix,0,Dish
omani spice,2,Spice
onion flake powder,0,Spice
onion keep,0,Vegetable
onion puree,1,Vegetable
onion seasoning mix,0,Spice
onion soup mix water,0,Dish
onion yellow,1,Vegetable
orange extract lemon,0,Fruit
orange infused vodka,0,Beverage-Alcoholic
orange juice lemon,0,Beverage
orange juice lemon lime,0,Beverage
orange muscat wine,1,Beverage-Alcoholic
orange pepper yellow,1,Vegetable Fruit
orange roughy,0,Fruit
orange strip,0,Fruit
orange yogurt,0,Fruit
oreo cookie pie crust,0,Bakery
organic baby spinach,1,Vegetable
organic chicken stock,2,Meat
organic italian tomato,0,Vegetable
organic lavender flower,0,Flower
organic marinara sauce,1,Condiment
organic red potato,0,Vegetable Tuber
organic rose petal,0,Flower
organic wheat breadcrumb,0,Bakery
oriental flavor mix ramen noodle,2,Cereal
oriental ramen noodle,0,Cereal
ortega bean,0,Legume
ortega taco seasoning mix,1,Spice
oscar mayer bacon,0,Meat
ouzo extract,0,Beverage-Alcoholic
ox kidney,0,Legume
oxtail soup mix,1,Dish
oyster liquid,0,Seafood
oyster liquor,0,Seafood
pad thai noodle,0,Cereal
palm vinegar,2,Plant Derivative
palmas green chili sauce,2,Spice
pancake batter,1,Dish
panch phoran,0,Spice
panch phoron,0,Spice
papaya paste,1,Fruit
paprika chipotle powder,0,Spice
paprika gravy,1,Vegetable
paprika paste,0,Vegetable
paprika pimenton,0,Vegetable
parisienne essence,0,Additive
parkay margarine,0,Additive
parmagiano reggiano cheese,0,Dairy
parmigiano reggiano,1,Dairy
parmigiano reggiano cheese shaving,0,Dairy
parmigiano reggiano romano cheese,2,Dairy
parsley sauce,0,Condiment
part cottage cheese,0,Dairy
pasilla chile pepper,1,Spice
pasilla chile powder,1,Spice
passata tomato,1,Vegetable
passion fruit syrup,0,Beverage
pasta cooking liquid,0,Additive
pasta sauce marinara,0,Additive
pasta sauce romano,1,Additive
pasta sauce tomato,0,Condiment
pasta shape,0,Cereal
pastry dough crust pie,0,Bakery
pastry single crust pie,0,Bakery
patna rice,1,Cereal
patty pan squash,0,Fruit
pb peanut butter,2,Additive
pea flour,0,Legume
pea overnight,0,Legume
pea pod diagonally,1,Legume
pea water,1,Additive
peach baby food,0,Dish
peach chutney,0,Condiment
peach pie filling,0,Dish
peach preserve apricot,0,Fruit
peach puree,0,Fruit
peanut oil extra,0,Plant
peanut oil salad,1,Plant
peanut oil separately,2,Plant
peanut oil substitute,1,Plant
peanut powder,1,Nuts and Seeds
pear brandy,0,Beverage-Alcoholic
pear heavy syrup,0,Plant Derivative
pear juice apple,0,Fruit
pear liqueur,1,Fruit
pecorino siciliano cheese,0,Dairy
pepitas pumpkin seed,0,Nuts and Seeds
pepper flake hot,1,Vegetable
pepper hot,0,Vegetable
pepper red,1,Vegetable
pepper salami,0,Spice
pepper sauce cayenne,0,Vegetable
pepper sesame oil,0,Essential Oil
pepperidge cinnamon swirl bread,0,Bakery
pepperidge farm stuffing,1,Dish
peppermint candy cane,0,Additive
peppermint oil,0,Essential Oil
pepperoni salami,0,Meat
pequin pepper,0,Spice
percent agave tequila,0,Beverage-Alcoholic
perciatelli,0,Cereal
perdue chicken breast,2,Meat
perfect egg pasta,0,Meat
persian cucumber,0,Gourd
persimmon,0,Fruit
pesto basil sauce,2,Condiment
pesto sauce mix,2,Additive
petite potato,1,Vegetable Tuber
petite tomato,0,Vegetable
peychaud bitter,0,Beverage
philadelphia cooking creme,1,Dairy
philadelphia neufchatel cheese,0,Dairy
picante sauce taco,0,Condiment
pickerel fillet,0,Fish
pickle chip,0,Additive
pickle persian cucumber,0,Gourd
pickle spear,0,Herb
picnic ham,0,Meat
pig ear,0,Meat
pig foot butcher,1,Meat
pig head,0,Meat
pig stomach,0,Meat
pigeon pea paste,0,Condiment
pigeon pea romano bean,0,Condiment
pillsbury buttermilk count,0,Dairy
pillsbury pie dough,0,Cereal
pillsbury pizza crust,1,Bakery
pillsbury pizza dough,0,Bakery
pimento strip,1,Spice
pimiento pepper,0,Spice
pimm liqueur,0,Beverage-Alcoholic
pineapple cube,1,Fruit
pineapple essence,0,Beverage
pineapple extract,0,Fruit
pineapple orange banana juice,0,Beverage
pineapple ring juice,0,Beverage
pineapple sauce,0,Beverage
pineapple tidbit juice,0,Beverage
pink champagne,0,Beverage-Alcoholic
pink curing salt,0,Additive
pink kidney bean,0,Legume
pinot grigio,0,Beverage-Alcoholic
pippin apple,0,Fruit
pisco brandy,0,Beverage-Alcoholic
pita bread chip,0,Bakery
pitta bread,0,Bakery
pizza crust base,0,Bakery
pizza dough bread machine,0,Bakery
pizza sauce pasta,0,Additive
pizza sauce spicy,0,Additive
plaice fillet,0,Fish
plain oatmeal,0,Cereal
plain potato chip,0,Vegetable Tuber
plum baby food,0,Dish
plum heavy syrup,0,Fruit
plum puree,0,Fruit
plum tomato juice,1,Vegetable
poblano chilies,1,Vegetable
polish beef sausage,0,Meat
polyunsaturated margarine,0,Additive
pomelo juice,0,Beverage
popcorn shrimp,1,Seafood
poppy seed dressing,0,Spice
pork back,0,Meat
pork blade roast,1,Meat
pork blood,0,Meat
pork brisket,0,Meat
pork bun,0,Meat
pork casing,0,Meat
pork chop loin,1,Meat
pork chop tenderloin,1,Meat
pork crackling,0,Meat
pork gravy mix,0,Dish
pork pate,0,Meat
pork picnic roast,0,Meat
pork ramen noodle,0,Cereal
pork roast butt,0,Meat
pork sausage dean,1,Meat
pork sirloin tip roast,1,Meat
pork spare rib rack,0,Meat
pork stock chicken,2,Meat
pork turkey,1,Meat
pork veal,0,Meat
port wine gelatin mix,0,Beverage-Alcoholic
porter,0,Beverage-Alcoholic
potato butter,0,Dairy
potato cheddar pierogies,1,Vegetable Tuber
potato cheese filling,0,Vegetable Tuber
potato crisp,1,Vegetable Tuber
potato noodle,0,Vegetable Tuber
potato onion pierogies,1,Vegetable Tuber
potato puree,0,Vegetable Tuber
potato red,1,Vegetable Tuber
potato variety,0,Vegetable Tuber
poundcake mix,0,Dish
pouring custard,0,Dish
pre,0,Dairy
pre pizza crust,0,Bakery
pre pizza dough,1,Bakery
prego mushroom italian sauce,1,Condiment
prego pasta sauce,0,Additive
prego traditional italian sauce,1,Condiment
prickly pear syrup,0,Plant Derivative
process cheese sauce,0,Dairy
progresso french onion soup,0,Dish
proof grain alcohol,0,Beverage-Alcoholic
proof rum,0,Beverage-Alcoholic
proof vodka,0,Beverage-Alcoholic
provolone mozzarella cheese,1,Dairy
prudhomme magic seasoning,0,Spice
prune filling,0,Fruit
prune juice water,0,Fruit
pub mustard,0,Condiment
pumpernickel breadcrumb,0,Bakery
pumpernickel cocktail bread,0,Bakery
purple yam,0,Vegetable
queen olive,0,Plant
quesadilla,2,Dish
queso mexican cheese,0,Dairy
queso ranchero,0,Dairy
rabbit joint,1,Meat
rabbit meat,2,Meat
rack pork baby back rib,0,Meat
rack pork back rib,0,Meat
rack pork rib,0,Meat
rack venison,1,Meat
rag pasta sauce italian,0,Additive
ramen noodle chicken,2,Meat
ramen noodle soup base,0,Cereal
ranch chili bean,1,Legume
raspberry flavoring,0,Fruit
raspberry ice cream,0,Dish
raspberry jam apricot,0,Fruit
raspberry kool aid,0,Fruit
raspberry lemonade concentrate,0,Fruit
raspberry preserve jam,0,Fruit
raspberry sauce,0,Condiment
raspberry schnapps,0,Fruit
raspberry spreadable fruit,0,Fruit
raspberry vinaigrette,1,Plant Derivative
raspberry yogurt,0,Dairy
really bread,0,Bakery
rectified alcohol,0,Beverage-Alcoholic
red baking apple,0,Fruit
red bean overnight,0,Legume
red bean rice mix,1,Legume
red beet juice,0,Vegetable
red bell pepper lengthwise,1,Vegetable Fruit
red chicory,0,Spice
red chile enchilada sauce,0,Condiment
red chile pepper pod,0,Spice
red chile sauce,2,Spice
red chili diagonally,2,Vegetable
red chili garlic sauce,2,Condiment
red chili paste miso,1,Spice
red chilies chili pepper flake,1,Spice
red chilies lengthwise,1,Vegetable
red decorator sugar,0,Additive
red fresno chile pepper,1,Spice
red glazed cherry,0,Fruit
red green bell pepper,0,Vegetable Fruit
red green yellow pepper,1,Spice
red jalapeno chile chili,0,Vegetable
red jalapeno pepper,0,Vegetable
red kale leaf,2,Vegetable
red lumpfish caviar,0,Fish
red mill gluten flour,0,Cereal
red new mexico chile,2,Spice
red new potato,1,Vegetable Tuber
red pear,0,Vegetable
red pepper bell,0,Vegetable Fruit
red pepper chili flake,0,Spice
red pepper paste sauce,0,Spice
red pepper piquillo,0,Vegetable Fruit
red pepper pod,1,Spice
red pepper relish,0,Vegetable Fruit
red pie cherry,0,Fruit
red pimento sauce,0,Spice
red potato brown,1,Vegetable Tuber
red potato total,1,Vegetable Tuber
red river cereal,0,Cereal
red rooibos tea leaf,0,Beverage
red rose petal,0,Flower
red serrano chilie,1,Spice
red serrano pepper,0,Vegetable Fruit
red skin white potato,0,Vegetable
red snapper steak,0,Fish
red sugar crystal,0,Additive
red taco sauce,0,Condiment
red thai chile pepper,2,Spice
red thai chili paste,1,Condiment
red wine vinegar salad dressing,0,Plant Derivative
red yellow pepper,0,Spice
reggiano parmesan cheese,2,Dairy
rell bell pepper,0,Vegetable
rennet,0,Meat
reposada tequila,0,Beverage-Alcoholic
requeson cheese,1,Dairy
request tomato soup,0,Dish
rib fillet,0,Meat
rice bubble krispies,0,Cereal
rice cream,0,Cereal
rice crumb,0,Cereal
rice krispies generic,0,Cereal
rice noodle thai,2,Cereal
rice roni,0,Cereal
rice seasoning,0,Cereal
rice syrup,0,Cereal
rice wine vinegar garlic,0,Additive-Vinegar
ridge gourd,0,Fruit
risotto mix garden vegetable,0,Vegetable
ro tel tomato onion,1,Vegetable
roast chicken,2,Meat
roast turkey,0,Meat
robin hood oat,0,Cereal
robin hood purpose flour,0,Cereal
rock candy syrup,0,Plant Derivative
rock cornish game hen,0,Meat
rolo chocolate,0,Plant Derivative
rom plum tomato,0,Vegetable
romaine salad green,1,Vegetable
romanesco cauliflower,0,Flower
romano parmesan cheese,0,Dairy
romano pasta sauce,1,Additive
rome apple,0,Fruit
romulo olive oil,0,Plant Derivative
rooibos tea leaf,0,Beverage
root beer extract,0,Beverage-Alcoholic
rosamarina pasta,1,Cereal
rosarita traditional bean,1,Legume
rose bud,0,Additive
rouladen beef,0,Meat
rum cream liqueur,0,Beverage-Alcoholic
rustic french bread,0,Bakery
rutland cheese,0,Dairy
rye cracker,0,Bakery
rye flake,0,Cereal
rye mountain bread,0,Bakery
rye toast,0,Cereal
safflower oil sunflower,0,Plant Derivative
safflower oil vegetable,0,Plant Derivative
saffron rice mix,0,Cereal
sage sausage,0,Meat
salad dressing mix,0,Condiment
salad green lettuce,0,Vegetable
salad green mix,0,Vegetable
salad green romaine,0,Vegetable
salad olive,0,Dish
salad potato,0,Vegetable Tuber
salad vegetable,0,Dish
salba seed,0,Spice
salsa con,1,Condiment
salsa con queso sauce,0,Condiment
salsa verde green,2,Condiment
salt cayenne pepper,1,Vegetable
salt chicken broth,2,Dish
salt garlic herb seasoning,1,Herb
salt herb seasoning,1,Additive-Salt
salt lemon herb seasoning,0,Condiment
salt meat,0,Additive
salt pepper chicken,2,Spice
salt pepper white,0,Spice
salt taco seasoning,1,Additive-Salt
saltine cracker breadcrumb,0,Bakery
samosa quesadilla,0,Bakery
sandwich sauce,0,Additive
sao biscuit,0,Bakery
sashimi grade,0,Fish
satsuma mandarin orange,0,Fruit
satsuma orange,0,Fruit
sauce chili,0,Condiment
sauce chipotle,0,Condiment
sauce choice,1,Additive
sauce heinz,0,Additive
sauce tabasco,1,Condiment
sauerkraut filling,0,Vegetable
sauza tequila,0,Beverage-Alcoholic
savory beef gravy,0,Meat
scan meatball,0,Dish
scarlet runner bean,0,Legume
schmaltz chicken,2,Meat
scotch bonnet sauce,1,Additive
sea urchin roe,0,Additive-Salt
seafood sauce,0,Additive
seal meat,0,Meat
search ultimate spaghetti pizza pasta sauce,0,Condiment
season,0,Additive
season salad dressing mix,1,Condiment
season salt pepper,1,Spice
seasoning salt black pepper,1,Spice
seed oil,0,Essential Oil
self rising cake flour,0,Cereal
self rising corn meal mix,0,Maize
self rising white cornmeal,0,Maize
self rising yellow cornmeal,0,Maize
serrano pepper thai chile,1,Vegetable
sesame oil chili,0,Essential Oil
sesame oil cooking,1,Essential Oil
sesame oil sunflower,1,Essential Oil
sesame paste tahini,0,Dish
sesame powder,0,Spice
shaoxing wine sherry,1,Beverage-Alcoholic
shark fillet,0,Fish
sharp american cheese,0,Dairy
sharp canadian cheddar cheese,0,Dairy
sharp cheese,0,Dairy
sheep milk feta cheese,0,Dairy
shell clam,0,Seafood
shell shrimp,0,Seafood
shiitake mushroom black chinese,2,Fungi
shoestring carrot,1,Vegetable
shoestring french fry,0,Vegetable Tuber
shortbread crust,0,Bakery
shortening butter,0,Additive
shrimp broth,0,Seafood
shrimp chicken,2,Meat
shrimp juice,0,Seafood
shrimp meat,0,Seafood
shrimp shell,0,Seafood
shrimp stock chicken,2,Meat
sicilian pizza dough,1,Bakery
side pork,1,Meat
single pie crust,0,Bakery
sirloin beef tip,0,Meat
sirloin lamb chop,0,Meat
sirloin pork chop,0,Meat
sirloin steak crosswise,0,Meat
sirloin steak grain,0,Meat
skin pork belly,0,Meat
skirt steak crosswise,0,Meat
slender asparagus spear,1,Vegetable
slightly bread,1,Bakery
slightly egg white,0,Meat
smart balance butter,0,Dairy
smokies sausage,0,Dish
smucker sundae syrup,0,Plant Derivative
snail shell,0,Meat
snoek,0,Fish
snow,1,Legume
snow crab leg,1,Seafood
soda bread,0,Bakery
soda bread farl,0,Bakery
sofrito seasoning,1,Additive
sorghum molasses,0,Additive
soul seasoning,0,Spice
soup shank,0,Dish
soup vegetable,0,Dish
sourdough,1,Bakery
sourdough bread italian,0,Bakery
sourdough loaf,0,Bakery
southwestern salsa,0,Condiment
soy,1,Condiment
soy bean paste,0,Condiment
soy coffee creamer,0,Plant Derivative
soy cream cheese,0,Dairy
soy mayonnaise,0,Condiment
soy oil,0,Additive
soy sausage,0,Dish
soya wadi,0,Condiment
soybean flour,0,Cereal
spaetzle dumpling,2,Dish
spaghetti sauce cheese,0,Dairy
spaghetti sauce great,1,Condiment
spaghetti sauce mushroom,1,Condiment
spaghetti sauce pasta,0,Condiment
spaghetti sauce tomato,0,Condiment
spanish brandy,1,Beverage-Alcoholic
spanish chorizo pork sausage,2,Meat
spanish green olive,0,Plant
spanish mackerel fillet,0,Fish
spanish rice roni,0,Cereal
spanish seasoning,0,Spice
spanish virgin olive oil,0,Plant Derivative
sparkling white grape juice,0,Fruit
spice grill seasoning,0,Spice
spicy,0,Condiment
spicy barbeque sauce,1,Condiment
spicy bean curd,0,Legume
spicy bean sauce,1,Condiment
spicy cajun seasoning,0,Plant Derivative
spicy chicken sausage,2,Dish
spicy chili seasoning mix,0,Spice
spicy enchilada sauce,0,Additive
spicy fajita seasoning,0,Spice
spicy hard yellow cheese,0,Dairy
spicy juice,1,Beverage
spicy mayonnaise,2,Condiment
spicy peanut sauce,1,Nuts and Seeds
spicy portuguese sausage,0,Dish
spicy ranch dressing,0,Condiment
spicy red pepper pasta sauce,2,Condiment
spicy stir fry sauce,2,Additive
spicy thai chili sauce,0,Condiment
spicy tomato salsa,0,Condiment
spicy vegetable juice cocktail,0,Vegetable
spike seasoning,0,Spice
spinach leaf roughly,1,Vegetable
spinach souffle,0,Dish
spiracha chili sauce,0,Condiment
spiral ham,0,Meat
splash sesame oil,1,Essential Oil
splenda pack,0,Vegetable
sport pepper,0,Spice
sprig coriander,2,Herb
sprig lemon thyme,0,Herb
sprig parsley,1,Spice
sprig rosemary,1,Herb
spring onion white,1,Herb
spring water,0,Additive
square bean curd,0,Legume
square spring wrapper,1,Dish
square wonton wrapper,0,Dish
standing beef rib roast,0,Meat
steak mignon,0,Fish
steak roast,0,Fish
steak spice,0,Fish
stem ginger syrup,0,Plant Derivative
stew,1,Dish
stew beef,0,Meat
stiffly egg white,0,Meat
stir fry oil vegetable,2,Vegetable
stir fry sauce ginger,0,Condiment
stock either vegetable,0,Vegetable
stock water,0,Additive
stracchino cheese,0,Dairy
strawberry daiquiri concentrate,0,Fruit
strawberry essence,0,Fruit
strawberry extract,0,Plant Derivative
strawberry flavor danish dessert mix,0,Additive
strawberry flavor nesquik powder,0,Fruit
strawberry glaze,0,Fruit
strawberry ice cream topping,0,Dish
strawberry jam apricot,0,Fruit
strawberry sauce,0,Fruit
strip,0,Meat
strip orange,0,Fruit
stuffing cube,1,Additive
suckling pig,0,Meat
suey choy,0,Vegetable
sugar apricot preserve,0,Fruit
sugar candy sprinkle,0,Additive
sugar chocolate syrup,0,Plant Derivative
sugar cookie crumb,0,Dish
sugar jam,0,Additive
sugar jello,0,Additive
sugar jelly,0,Additive
sugar pudding mix,0,Additive
sugar raspberry gelatin,0,Additive
sugar snap pea pod,1,Legume
sugar sprinkle,0,Additive
sugar vanilla syrup,0,Plant Derivative
summer sausage,0,Dish
sunflower oil peanut,0,Plant
superfine sugar castor,0,Additive-Sugar
superfine white sugar,0,Additive-Sugar
surimi,0,Seafood
swai fish,0,Fish
swedish mustard,0,Spice
sweetbread,1,Bakery
swiss emmenthaler cheese,0,Dairy
swiss miss diet cocoa mix,0,Seed
szechwan chili sauce,1,Condiment
t type lamb chop,0,Meat
tabasco,0,Condiment
tabasco pepper,0,Spice
tabbouleh salad,1,Dish
taco corn tortilla,1,Bakery
taco sauce enchilada,0,Additive
taco seasoning chili seasoning mix,1,Spice
taco seasoning half,0,Spice
taco seasoning mix enchilada,0,Spice
taco seasoning salt,1,Additive-Salt
tagliatelle,0,Cereal
tail shrimp,0,Seafood
tajin seasoning,0,Spice
tam biscuit,0,Bakery
tamale dough,0,Maize
tamari sauce,0,Condiment
tamarind powder,0,Spice
tandoori color powder,2,Spice
tandoori masala paste,1,Spice
tandoori naan bread,1,Bakery
tapioca pearl,0,Vegetable
taro leaf,1,Herb
tasso ham,0,Meat
tbsp olive oil,0,Plant Derivative
tea mix powder,0,Beverage
tea powder,0,Beverage
tempura mix,0,Dish
tender spinach leaf,0,Vegetable
tender steak,0,Fish
tennis biscuit,0,Bakery
texas bean salsa,2,Additive
texas red enchilada sauce,0,Additive
thai basil chiffonade,2,Herb
thai chile green,1,Spice
thai chili paste vietnamese,0,Condiment
thai chili sauce paste,1,Condiment
thai chilies,1,Vegetable
thai garlic chile paste,2,Condiment
thai green chile,0,Vegetable
thai green chili paste,0,Condiment
thai kitchen coconut milk,0,Fruit
thai pepper garlic sauce,0,Additive
thai pepper pao chile,0,Vegetable
thai red chili pepper green,1,Spice
three bean salad,1,Dish
three cheese pasta sauce,0,Additive
three cheese spaghetti sauce,0,Additive
tiger sauce,0,Additive
tikka masala paste,1,Spice
tilapia fillet each,0,Fish
tilapia fish fillet,0,Fish
tilsiter cheese,0,Dairy
tip steak,1,Meat
toast cracker,0,Bakery
toast point,0,Bakery
toblerone chocolate,0,Plant Derivative
toffee ice cream,0,Dish
tofu cream,0,Plant Derivative
tofu pocket,0,Plant Derivative
toll house baking cocoa,0,Seed
tomato chili sauce,0,Additive
tomato powder,0,Vegetable
tomato rose,0,Vegetable
tomato spaghetti sauce,0,Condiment
tomato spicy red pepper,1,Vegetable
tomato tapenade,0,Vegetable
topping mix,1,Additive
torani orange syrup,0,Fruit
torn baby spinach leaf,1,Vegetable
torn basil,0,Herb
torn escarole,1,Vegetable
torn lettuce leaf,1,Vegetable
tortellini pasta,0,Cereal
tortilla flour,0,Bakery
tostada chip,1,Dish
tostitos salsa con queso,0,Condiment
toulouse sausage,1,Dish
traditional pasta sauce,1,Additive
transparent rice noodle,2,Cereal
trappey jalapeno,2,Spice
trassi oedang,1,Seafood
tri farfalle pasta,1,Cereal
triple cream brie cheese,0,Dairy
triple sec orange liqueur,0,Beverage-Alcoholic
tropical fruit cocktail,0,Beverage
tubular pasta,1,Cereal
tuna oil from white,0,Fish
turkey beef,0,Meat
turkey breakfast sausage,0,Meat
turkey breast chicken,2,Meat
turkey chili without bean,0,Meat
turkey escalopes,1,Meat
turkey gizzard,1,Meat
turkey mincemeat,2,Meat
turkey stock chicken,2,Meat
turkish bay leaf,0,Plant
tyson chicken strip,2,Meat
tzatziki cucumber dipping sauce,0,Condiment
up chicken,2,Meat
vanilla bean lengthwise,0,Legume
vanilla bean seed,0,Legume
vanilla cookie crumb,0,Dish
vanilla rum,0,Beverage-Alcoholic
vanilla sponge cake,0,Bakery
veal beef pork,0,Meat
veal meat,2,Meat
veal sausage,0,Dish
veal tenderloin,0,Meat
vegan nacho cheese,0,Dairy
vegan sausage link,0,Dish
vegan yogurt,1,Dairy
vegetable bell pepper,0,Vegetable Fruit
vegetable bouillon powder,0,Dish
vegetable broccoli carrot,1,Vegetable
vegetable canola oil,1,Plant Derivative
vegetable carrot green bean,1,Legume
vegetable chicken broth,2,Dish
vegetable cocktail,0,Beverage-Alcoholic
vegetable green onion,0,Herb
vegetable juice tomato,0,Beverage
vegetable mix,0,Vegetable
vegetable oil canola,1,Plant Derivative
vegetable oil rack,1,Plant Derivative
vegetable oil sunflower,1,Plant Derivative
vegetable olive oil,0,Plant Derivative
vegetable onion,1,Vegetable
vegetable pea,0,Legume
vegetable pea green bean,1,Cereal
vegetable red pepper,0,Vegetable Fruit
vegetable stock beef,0,Meat
vegetable stock broth,0,Dish
vegetable stock try chicken,2,Meat
vegetable stock water,0,Vegetable
vegetarian bouillon powder,1,Dish
vegetarian broth,0,Dish
vegetarian burger crumbles,0,Dish
vegetarian canadian bacon,0,Dish
vegetarian cheddar cheese,0,Dairy
vegetarian chicken broth mix,2,Dish
vegetarian chicken soup mix,2,Dish
vegetarian chicken strip,2,Meat
vegetarian meatball,0,Dish
vegetarian mincemeat,0,Dish
vegetarian pepperoni,0,Meat
vegetarian sausage link,0,Dish
vegetarian veggie crumbles,0,Vegetable
venison beef,0,Meat
venison chuck roast,0,Dish
venison meat,0,Meat
victoria green enchilada sauce,0,Condiment
victoria sponge cake,0,Bakery
vietnamese mint,2,Herb
vietnamese pate,0,Additive
vietnamese rice noodle,2,Cereal
vietnamese soy sauce,0,Condiment
vinaigrette salad dressing,1,Dish
vindaloo curry powder,0,Spice
vine tomato,0,Vegetable
vogals bread,0,Bakery
wafer biscuit,0,Bakery
waffle french fry,1,Dish
wakame salad,0,Dish
wasabi horseradish mayonnaise,0,Condiment
wasabi mayonnaise,0,Condiment
wasabi mustard,0,Spice
wasabi pea,1,Legume
water juice,0,Additive
water meat,0,Additive
water roux,0,Additive
watermelon wedge,0,Fruit
wedge brie cheese,0,Dairy
weight watcher white bread,0,Bakery
weisswurst sausage,0,Dish
wheat bread rye,0,Bakery
wheat bulgur,0,Cereal
wheat flake,0,Cereal
wheat flour noodle,0,Cereal
wheat french bread,0,Bakery
wheat grain,0,Cereal
wheat italian breadcrumb,1,Bakery
wheat orzo,0,Cereal
wheat pita,0,Cereal
wheat pita pocket,1,Cereal
wheat sandwich wrap,1,Bakery
wheat spaghettini,1,Cereal
wheat white flour,2,Cereal
wheat ziti,0,Cereal
whiskey rye,0,Beverage-Alcoholic
white bread crumb,0,Bakery
white bread crust,0,Bakery
white bread toast,0,Bakery
white breadcrumb wheat,0,Bakery
white brown rice,1,Cereal
white cheese sauce,1,Additive
white chicken stock,2,Meat
white cooking chocolate,0,Plant Derivative
white fish fillet halibut,0,Fish
white fish fillet orange roughy,0,Fish
white garlic,0,Herb
white grain rice,0,Cereal
white grape juice concentrate apple,2,Beverage
white grape vinegar,0,Plant Derivative
white grapefruit,0,Fruit
white icing,0,Additive
white italian bread,0,Bakery
white onion coarsely,1,Vegetable
white onion lengthwise,2,Vegetable
white onion vidalia,1,Vegetable
white pineau,0,Beverage-Alcoholic
white red snapper,1,Fish
white sauce mix,1,Additive
white sesame,0,Cereal
white toast,0,Bakery
white vegetable,1,Vegetable
white wheat bread,0,Bakery
white yellow hominy,0,Maize
white zinfandel,0,Beverage-Alcoholic
wholemeal bread,1,Bakery
wholemeal breadcrumb,1,Bakery
wholemeal pita bread,0,Bakery
wide,1,Meat
wide lasagna noodle,0,Cereal
width egg noodle,0,Meat
width rice vermicelli noodle,2,Cereal
wild boar,0,Dish
wild fennel,0,Spice
wild salmon fillet,0,Fish
williams chili seasoning mix,0,Spice
wine biscuit,0,Beverage-Alcoholic
wine champagne,0,Beverage-Alcoholic
winter squash puree,0,Fruit
wish asian dressing,0,Dish
wishbone italian salad dressing,1,Condiment
won ton wrapper,0,Dish
wood ear mushroom black,2,Fungi
yakisoba sauce,0,Additive
yellow,0,Vegetable
yellow banana pepper,0,Spice
yellow bean wax,0,Legume
yellow chili,0,Spice
yellow corn tortilla,1,Dish
yellow flat noodle,0,Cereal
yellow noodle,1,Cereal
yellow onion lengthwise,0,Vegetable
yellow onion skin,0,Vegetable
yellow pea green,0,Legume
yellow pepper red,0,Spice
yellow plum,0,Fruit
yellow red pepper,0,Spice
yellow taco shell,1,Bakery
yellow taro root,1,Herb
yellow watermelon,0,Fruit
yellow wax chile pepper,1,Spice
yellowfin tuna fillet,0,Fish
yellowtail fish fillet,0,Fish
yogurt starter,0,Dairy
young baby carrot,0,Vegetable
young okra pod,0,Vegetable
ziti,0,Cereal
zucchini italian tomato sauce,0,Vegetable
zwieback toast crumb,0,Bakery
`` pastry pie shell,0,Bakery
450g parrot fish red snapper,0,Fish
450g tomatillo,0,Vegetable
5oz gluten flour,0,Cereal
8x8 disposable aluminum cake pan,0,Dish
abalone sauce,0,Additive
aberdeen angus rib,0,Herb
aberdeen sirloin steak,0,Meat
acai berry sorbet,0,Beverage
aceto balsamico white,0,Plant Derivative
achiote paste rehydrate pepper,0,Spice
acorn,1,Fruit
acorn flour,0,Cereal
active gluten sourdough starter,0,Dish
active sourdough starter,0,Dish
additinal salt pepper,0,Additive
adobe seasoning,1,Spice
adobo sauce chilies,0,Additive
adobo seasoning cumin,0,Spice
advocaat egg liqueur,0,Meat
adzuki bean filling,0,Legume
adzuki bean paste,0,Legume
aerosol cream,0,Dairy
african bird pepper,1,Vegetable
african cream liqueur amarula,0,Beverage-Alcoholic
african millet,0,Cereal
agave coconut nectar,0,Additive
agave honey,0,Plant Derivative
agave nectar splenda,0,Additive
agave nectar syrup,0,Additive
agave silver tequila,0,Beverage-Alcoholic
agave sugar,0,Additive
agave syrup sugar,0,Plant Derivative
agave vegan,0,Additive
agave white tequila,0,Bakery
agostura bitter,0,Beverage-Alcoholic
ahi steak,0,Fish
ahi tuna loin,0,Fish
ahmed brand vermicelli,0,Cereal
aji,0,Additive
aji amarillo,0,Additive
aji amarillo chile paste,1,Spice
aji bell pepper jalapeno,0,Vegetable Fruit
aji chile,0,Spice
aji chili paste,0,Plant Derivative
aji mirin,1,Beverage-Alcoholic
aji mirin rice cooking wine,0,Beverage-Alcoholic
aji nori,0,Additive
aji panca chili paste,0,Plant Derivative
aji panca chilies pepper,0,Spice
aji pepper,1,Spice
ajies dulces chile pepper,0,Spice
ajies dulces pepper,0,Spice
ajmoh seed,0,Beverage
ajowan seed,0,Spice
ajvar tomato paste,0,Vegetable
aka parsnip parsley root,0,Spice
alaska king crab meat,0,Seafood
alaskan cod,0,Fish
albondigas soup,1,Dish
alcaparrado,0,Spice
alcaparrado green olive,0,Plant
alcaparrado mix,0,Dish
alcaparrado olive,1,Plant
aleppo pepper flake,0,Vegetable
aleppo pepper flake red,0,Vegetable
alfredo sauce parmesan cheese,1,Dish
alize,0,Beverage-Alcoholic
alize ' red passion liqueur,0,Beverage-Alcoholic
alize red passion liqueur,0,Beverage-Alcoholic
allegro seasoning marinade,0,Spice
allwhites ; egg white,0,Meat
almond are n't available,0,Nuts and Seeds
almond at brown,0,Nuts and Seeds
almond bark,0,Nuts and Seeds
almond bean grider,1,Nuts and Seeds
almond biscotti,0,Nuts and Seeds
almond biscotti bread,0,Nuts and Seeds
almond bread crumb,0,Nuts and Seeds
almond brown,0,Nuts and Seeds
almond brown butter,0,Nuts and Seeds
almond cashew,1,Nuts and Seeds
almond choice nut,0,Nuts and Seeds
almond coriander,0,Herb
almond edible flower,0,Flower
almond essence choice,0,Nuts and Seeds
almond essence vanilla extract,0,Additive
almond extract butter flavor,0,Nuts and Seeds
almond extract essence,0,Nuts and Seeds
almond extract lemon,0,Nuts and Seeds
almond extract like coconut glaze call,0,Nuts and Seeds
almond extract mint,0,Nuts and Seeds
almond extract oil,0,Nuts and Seeds
almond extract orange,0,Nuts and Seeds
almond extract roca syrup,0,Nuts and Seeds
almond flavoring extract,0,Nuts and Seeds
almond golden brown,0,Additive-Sugar
almond granola,0,Nuts and Seeds
almond great choice,0,Nuts and Seeds
almond kind,1,Nuts and Seeds
almond lamb,1,Meat
almond lemon essence,0,Fruit
almond lemon extract,0,Nuts and Seeds
almond lengthwise,0,Nuts and Seeds
almond liqueur orange,0,Beverage-Alcoholic
almond liqueur orange juice,0,Fruit
almond may,0,Nuts and Seeds
almond meal chip,0,Nuts and Seeds
almond meal combination breadcrumb,1,Nuts and Seeds
almond milk call,0,Nuts and Seeds
almond milk soy bread,0,Plant Derivative
almond more,0,Nuts and Seeds
almond non pan,0,Nuts and Seeds
almond nougat,0,Nuts and Seeds
almond oil hazelnut,0,Nuts and Seeds
almond oil olive,0,Plant Derivative
almond oil safflower,0,Plant Derivative
almond oil vegetable,0,Plant Derivative
almond one,0,Nuts and Seeds
almond optional,1,Nuts and Seeds
almond pastry cream,0,Dairy
almond per walnut,0,Nuts and Seeds
almond preferably,1,Nuts and Seeds
almond puree,0,Nuts and Seeds
almond rusk cooky,0,Nuts and Seeds
almond sesame seed,0,Cereal
almond sliver,0,Nuts and Seeds
almond toast cooky,0,Nuts and Seeds
almond volume,0,Nuts and Seeds
almond walnut,0,Nuts and Seeds
almond water,0,Additive
almond work,0,Nuts and Seeds
almost kai banana,0,Fruit
almost no knead rye bread,0,Bakery
aloha shoyu,1,Condiment
alouette spreadable cheese basil,0,Dairy
alpen chocolate,0,Plant Derivative
alpine lace ham,0,Meat
alpine lace roast beef,0,Meat
altoids peppermint candy,0,Additive
amaranth green,0,Herb
amaranth seed,0,Herb
amarena cherry,0,Fruit
amaretto almond syrup,0,Plant Derivative
amarula cream,0,Beverage-Alcoholic
amchoor,0,Spice
american bread,0,Bakery
american cheddar cheese,0,Dairy
amerindian seasoning,0,Spice
amish egg noodle,0,Meat
amount salt pepper,0,Spice
amp ; tahini sauce,0,Additive
amped up red pepper paste,0,Spice
amul cheese,0,Dairy
amul cream sauce,0,Additive
amy organic tomato basil pasta sauce,0,Additive
anaheim,1,Spice
anasazi bean,0,Legume
ancho chile seasoning,0,Vegetable
ancho chili paste,0,Vegetable
ancho chili powder,0,Vegetable
anchor bay buffalo sauce,0,Additive
anchovy again,0,Fish
anchovy be egg,0,Meat
anchovy essence herb such,0,Herb
anchovy filet oil,0,Fish
anchovy fillet oil,0,Fish
anchovy green olive,0,Plant
anchovy ikan,1,Fish
anchovy myeol chi,0,Fish
anchovy puree,0,Fish
anchovy shrimp,0,Seafood
andes creme de menthe baking chip,0,Beverage-Alcoholic
andes mint candy dinner,0,Herb
andes mint dinner,0,Herb
andes mint eight dinner,0,Herb
andes peppermint baking chip,0,Additive
andouille chicken sausage,1,Dish
anejo tequila liqueur,0,Beverage-Alcoholic
angel food cake sugar,0,Dish
angel orzo pasta,1,Cereal
angelica root,0,Herb
angie bella marinara sauce tomato pasta,0,Additive
animal bacon grease,0,Meat
anise essence,0,Spice
anise extract almond,0,Nuts and Seeds
anise extract cinnamon,0,Spice
anise extract flavoring,0,Spice
anise extract seed orange zest vanilla almond,0,Additive
anise flavoring oil,0,Additive
anise seed oil,0,Spice
anise seed powder,0,Spice
anisette extract,0,Spice
anisette flavoring,0,Spice
anjou pear cheese,0,Fruit
anjou pear mix,0,Fruit
annato oil,0,Additive
annato seed,0,Spice
annatto achiote powder,0,Spice
annie organic salad dressing,0,Dish
antelope cutlet,0,Meat
antelope steak,0,Fish
anzac biscuit,0,Bakery
apple barrel schnapps,0,Beverage-Alcoholic
apple chip,1,Fruit
apple chutney,1,Fruit
apple cider concentrate,0,Beverage-Alcoholic
apple cider drink mix,0,Beverage-Alcoholic
apple cider syrup,0,Beverage-Alcoholic
apple cinnamon bread mix,0,Dish
apple jelly apricot jam,1,Fruit
apple juice grape,0,Beverage
apple juice green grocer,0,Fruit
apple juice indian summer,0,Fruit
apple juice pineapple,0,Beverage
apple peach,1,Fruit
apple pie filling roughly,0,Fruit
apple preserve,0,Dish
apple vodka,0,Fruit
apple without peel,0,Fruit
apple yogurt,0,Fruit
applejack brandy,1,Beverage-Alcoholic
appleton goat cheese,0,Dairy
applewood bacon,1,Meat
applewood chip,0,Bakery
approximate salt,0,Additive
approximately galliano liqueur,0,Beverage-Alcoholic
approximately rice vermicelli,1,Cereal
appx each salt pepper,0,Additive
apricot california,1,Fruit
apricot cherry,0,Additive
apricot conserve,0,Fruit
apricot gelatin,0,Additive
apricot half pear juice,1,Fruit
apricot half syrup,1,Fruit
apricot half together,0,Fruit
apricot jam great,0,Fruit
apricot jam mango,0,Fruit
apricot jam optional,1,Fruit
apricot jam peach,0,Fruit
apricot jam pineapple,0,Fruit
apricot jam preserve,0,Fruit
apricot jam rum,0,Fruit
apricot mixture fruit,0,Fruit
apricot nectar orange juice,0,Beverage
apricot pepper jelly,0,Fruit
apricot pineapple jam,0,Fruit
apricot preserve cherry,0,Fruit
apricot preserve fruit chose,0,Fruit
apricot preserve pineapple,0,Fruit
apricot puree,1,Fruit
apricot spreadable fruit,0,Fruit
apricot tart,0,Fruit
apricot yogurt,0,Dairy
arab bread,0,Bakery
arab flat bread,1,Bakery
arabian pita bread,0,Bakery
arabic bread khobz,0,Bakery
arabic chili powder,1,Spice
arabic pita bread,0,Bakery
arachid oil,0,Additive
arak,0,Beverage-Alcoholic
arbol chile jalapeno,1,Spice
arbol chile red,1,Vegetable
arbol chile serrano jalapeno,0,Spice
arbol chili pod,0,Spice
archway dutch chocolate cooky,0,Plant Derivative
arctic char,0,Fish
arctic char fillet,0,Fish
arhar dal,0,Legume
arm roast,0,Meat
arm roast chuck,0,Dish
armoat seasoning,0,Spice
armour beef,0,Meat
armour italian meatball,0,Dish
arnold bread,0,Bakery
arnold grain bread,0,Bakery
arnott butternut,0,Plant Derivative
arnott granita biscuit,0,Bakery
arnott milk coffee biscuit,0,Dairy
arrow starch,0,Vegetable
arrowroot cooky,0,Vegetable
arrowroot flour,1,Cereal
arrowroot starch noodle,0,Cereal
artichoke aioli see,0,Flower
artichoke heart lengthwise,1,Flower
artichoke heart liquid,0,Flower
artichoke heart marinade,1,Flower
artichoke heart out,0,Flower
artichoke heart reese brandname,1,Flower
artichoke heart roughly,0,Flower
artichoke heart vegetable,0,Flower
artichoke marinade,1,Flower
artichoke oil,1,Additive
artichoke quarter,1,Flower
artisan boule,0,Bakery
artisan bread milk french,0,Bakery
artisan bun pistolettes,1,Bakery
artisan gluten flour,0,Cereal
artisan wheat bread,0,Bakery
artisanal bread,0,Bakery
arugula leaf mix,0,Vegetable
arugula salad leaf,0,Vegetable
asada meat,0,Meat
asadero mexican cheese,0,Dairy
asafoetida,0,Spice
ash gourd,0,Fruit
ashgrove wasabi cheese,0,Dairy
asiago cheese shaving,0,Dairy
asiago peppercorn salad dressing,0,Dish
asian,0,Fruit
asian bitter melon,0,Fruit
asian chicken chili sauce,1,Spice
asian chile paste,1,Spice
asian chili oil sesame,0,Essential Oil
asian chili paste garlic,0,Plant Derivative
asian chili pepper,0,Spice
asian chili sauce flake,0,Spice
asian chili sauce paste,0,Spice
asian chili sauce pepper,0,Spice
asian chili sauce pepper jelly,1,Spice
asian coleslaw mix,0,Condiment
asian dark sesame oil,1,Essential Oil
asian egg vermicelli,1,Meat
asian garlic red chile paste,1,Spice
asian garlic sauce,0,Additive
asian home chicken paste,1,Vegetable
asian hot chili oil,1,Plant Derivative
asian hot red bean paste,0,Legume
asian market sauce mix,0,Condiment
asian noodle pancit,0,Cereal
asian pea pod,1,Legume
asian plum wine,0,Beverage-Alcoholic
asian pork,0,Meat
asian radish,1,Vegetable
asian red chile sauce,1,Additive
asian red chili paste,1,Spice
asian red chili paste sauce,0,Spice
asian red chilies,1,Vegetable
asian rice noodle,0,Cereal
asian sardine,0,Fish
asian seasoning,0,Spice
asian sesame salad dressing,0,Dish
asian sesame seed oil,1,Essential Oil
asian sprout,0,Legume
asparagus soup mix,1,Dish
asst vegetable,0,Vegetable
asturian fabada bean lima,0,Legume
at least bread,0,Bakery
at least stem coriander,1,Herb
athenos feta cheese lemon garlic oregano,0,Dairy
atkins bakery white bread,0,Bakery
atlantic salmon fillet,0,Fish
atlantic sea bass,0,Fish
attar sugar syrup,0,Plant Derivative
au jus gravy mix,1,Additive
au jus mix gravy,0,Additive
au jus sauce roast beef stock,0,Meat
aunt jemima batter,0,Dish
aunt jemima pancake mix,0,Dish
australian bunya nut,0,Nuts and Seeds
australian tzatziki,1,Condiment
austrian crepe,0,Dish
authentic paprika,0,Vegetable
avalon steak seasoning,0,Spice
average veal sausage,0,Dish
avocado cream,0,Essential Oil
avocado crema,0,Essential Oil
avocado french vinaigrette,0,Plant Derivative
avocado leaf anise,0,Essential Oil
avocado pesto,0,Fruit
avocado ranch dressing,1,Additive
avocado tzatziki,0,Essential Oil
avocodo oil,0,Additive
azumaya square egg wrap,0,Meat
b bean,0,Legume
b liqueur,0,Beverage-Alcoholic
b oven bean,0,Legume
baba ghanoush eggplant dip,0,Vegetable
babka dough,0,Cereal
baby artichoke egg,0,Meat
baby bean,0,Legume
baby beet till tender,0,Vegetable
baby brie cheese,0,Dairy
baby cabbage,1,Vegetable
baby carrot crosswise,0,Vegetable
baby carrot parsnip,0,Vegetable
baby carrot water,0,Vegetable
baby chanterelle mushroom,0,Fungi
baby choy sum,1,Vegetable
baby corn coarsely,1,Maize
baby corn diagonally,1,Maize
baby corn green pepper,1,Vegetable
baby corn lengthways,0,Maize
baby corn spear,0,Maize
baby dill gherkin,0,Gourd
baby dutch yellow potato,1,Vegetable Tuber
baby eggplant crosswise,0,Vegetable
baby fennel bulb,1,Herb
baby french bean,0,Legume
baby gherkin,0,Gourd
baby goat meat,0,Meat
baby green pea pearl onion,0,Vegetable
baby green salad,1,Dish
baby grey summer squash,0,Fruit
baby king mushroom,1,Fungi
baby leaf lettuce,0,Vegetable
baby leek green part,1,Vegetable
baby lima bean butter,0,Legume
baby mustard cress garden,0,Spice
baby okra,1,Vegetable
baby oyster,1,Seafood
baby pattypan squash,0,Fruit
baby pea petite,0,Legume
baby pineapple,0,Beverage
baby portobella mushroom,0,Fungi
baby red pepper,0,Vegetable Fruit
baby spinach green,0,Vegetable
baby spinach grown,1,Vegetable
baby spinach leaf green,0,Vegetable
baby spinach leaf ok too,0,Vegetable
baby spinach leaf roughly,0,Vegetable
baby spinach leaf salad green,1,Vegetable
baby spinach leaf well,0,Vegetable
baby spinach perfect,0,Vegetable
baby spinach salad green,0,Vegetable
baby spinach too,0,Vegetable
baby squid,0,Seafood
baby summer squash,0,Fruit
baby taro root,0,Herb
baby white corn,1,Maize
baby white onion,1,Vegetable
baby white pearl onion,1,Vegetable
baby white turnip,0,Vegetable
bacardi,0,Beverage-Alcoholic
bacardi apple rum,0,Beverage-Alcoholic
bacardi pina colada concentrate,0,Beverage-Alcoholic
bacardi razz rum,0,Beverage-Alcoholic
bacardi vanilla rum,0,Beverage-Alcoholic
back fin crabmeat,0,Seafood
bacon end,0,Meat
bacon flavour,1,Meat
bacon horseradish dip,0,Meat
bacon meat,0,Meat
bacon optional,0,Meat
bacon salt,0,Meat
bacon seasoning,0,Meat
bacon stock,0,Meat
bacos bacon,0,Meat
bacos bacon bit,0,Meat
badam powder,0,Spice
badia brand complete seasoning,1,Spice
badia fajita seasoning mix,0,Spice
bagette bread,0,Bakery
baguette crosswise,0,Bakery
baguette french bread,0,Bakery
baguette loaf,0,Bakery
baguette white bread,0,Bakery
baharat aka middle east spice mix,1,Spice
baharat spice mix curry powder,0,Herb
bai kraprao,0,Spice
bailey caramel irish cream,0,Beverage-Alcoholic
bailey crea liqueur,0,Beverage-Alcoholic
bailey cream,0,Beverage-Alcoholic
bailey liquor,0,Beverage-Alcoholic
baja marinade,0,Dish
bake buttermilk,0,Dairy
bake n white bread,0,Bakery
bake tart shell,1,Bakery
baker chocolate baking square,0,Plant Derivative
baker chocolate square,0,Plant Derivative
baker dark chocolate square,0,Plant
baker german chocolate chip,0,Plant Derivative
baker gold leaf foil,0,Plant
bakery bread,0,Bakery
bakery bun,0,Bakery
bakery cinnamon raisin bread,0,Bakery
bakery french bread,0,Bakery
bakery sourdough bread,1,Dish
baking chocolate e,0,Plant
baking chocolate not,0,Plant
baking chocolate square cocoa powder,0,Plant Derivative
baking chocolate yes,0,Plant
baking cocoa chocolate,0,Plant
baking jelly apricot,0,Fruit
baking oil,0,Additive
baking pastry flour,0,Cereal
balkan yogurt,0,Dairy
ball bean noodle,1,Legume
ball stem ginger,0,Spice
ball white onion,0,Vegetable
balsamic,0,Additive-Vinegar
balsamic bacon salad dressing,0,Dish
balsamic basil,0,Herb
balsamic glaze vinegar,0,Additive-Vinegar
balsamic marinade,1,Dish
balsamic rice wine vinegar,0,Additive-Vinegar
balsamic vinaigrette olive oil vinegar dressing,0,Plant Derivative
balsamic vinegar dark cherry,0,Additive-Vinegar
balsamic vinegar fini,0,Additive-Vinegar
balsamic vinegar halal,0,Additive-Vinegar
balsamic vinegar kind sugar,0,Additive-Vinegar
balsamic vinegar red wine,0,Beverage-Alcoholic
balsamic vinegar red wine ok,0,Beverage-Alcoholic
balsamic vinegar rice wine,0,Additive-Vinegar
balsamic vinegar sugar,0,Additive-Vinegar
balsamic vinegar white dark,0,Additive-Vinegar
balsamic vinegar white vibrant,0,Additive-Vinegar
balsamic vinegar work,0,Additive-Vinegar
bamboo shoot strip,1,Plant
bamboo skewer overnight,0,Plant
bami noodle,1,Cereal
banana cake mix,0,Dish
banana cream pudding pie filling mix,0,Fruit
banana extract flavoring,0,Essential Oil
banana flower lengthwise,0,Fruit
banana ice cream,0,Dish
banana jelly,0,Fruit
banana leaf corn husk,0,Maize
banana leaf market,0,Fruit
banana leaf water,1,Additive
banana milk,0,Dairy
banana nice,0,Fruit
banana pepper brine,0,Vegetable
banana pepper cayenne,0,Vegetable
banana puree,0,Fruit
banana rum,0,Beverage-Alcoholic
bangus white fish fillet,0,Fish
bannock,0,Bakery
bar baking chocolate german,0,Plant Derivative
bar dark chocolate,0,Plant
bar german chocolate,0,Plant
bar milk chocolate candy,0,Plant
bar toblerone chocolate nougat,0,Plant
bar white baking chocolate,0,Plant Derivative
bara bread,0,Bakery
barbados molasses,0,Additive
barbados oh ho hot sauce,0,Condiment
barbados sugar,0,Additive
barbecue potato chip,0,Dish
barbecue rub,1,Spice
barbecue rub seasoning,0,Spice
barbecue sauce beef,0,Condiment
barbecue seasoning rub,0,Spice
barbecue spice,0,Spice
barely water,0,Additive
barenfang honey liqueur,0,Plant Derivative
barilla angel hair pasta,0,Cereal
barilla cheese tortellini,0,Dish
barilla flat lasagna noodle no boil,0,Cereal
barilla gluten penne,1,Cereal
barilla lasagna,0,Cereal
barilla linguine,0,Cereal
barilla marinara sauce pasta,0,Condiment
barilla plus spaghettini,0,Cereal
barley flour golden,0,Cereal
barley flour oat,1,Cereal
barley groat,0,Cereal
barley malt mash,0,Cereal
barley miso paste,0,Spice
barley nugget cereal,0,Cereal
barley pearl,0,Beverage-Alcoholic
barolo red wine,0,Beverage-Alcoholic
bartender sugar syrup,0,Additive
basic brown stock,0,Meat
basic butter crust,0,Dairy
basic chicken stock,1,Meat
basic crepe,1,Dish
basic crust pastry,0,Dish
basic orange sauce,0,Additive
basic pizza crust,0,Bakery
basic pizza dough sauce,0,Additive
basic spaghetti sauce,0,Condiment
basic taco fajita seasoning,0,Spice
basic white bread dough,0,Bakery
basic white stock,0,Dish
basil cheese tortellini,0,Dish
basil chiffonade stack,1,Herb
basil cream,0,Condiment
basil cream dressing,0,Additive
basil italian parsley,1,Spice
basil paste not,0,Herb
basil spice essence,0,Herb
basil vinaigrette dressing,0,Plant Derivative
basket cheese,0,Dairy
basket cherry tomato,0,Vegetable
basket grape tomato,0,Vegetable
basmati grain rice,1,Cereal
basmati rice pilaf,0,Cereal
bass,0,Fish
bass fillet bream,0,Fish
bass gut,0,Fish
basting mix,0,Dish
basting oil,0,Additive
batavia lettuce,0,Vegetable
bavarian beer vinegar,0,Beverage-Alcoholic
bavarian raspberry,0,Fruit
bavarian smokies,0,Dish
bay celery salt,0,Spice
bay laurel leaf,0,Plant
bay leaf karhi,0,Plant
bay powder,0,Plant
bay seasoning another spicy seasoning,0,Spice
bay seasoning optional,0,Spice
bbq marinade,0,Dish
bean black choice,0,Legume
bean black pinto etc kidney,0,Legume
bean cake,0,Dish
bean carrot vegetable mix,1,Vegetable
bean check,0,Legume
bean cheese,1,Dairy
bean cheese burrito,1,Dairy
bean chili,0,Dish
bean chili sauce,0,Dish
bean chilli,1,Legume
bean choice,1,Legume
bean cooking liquid,0,Additive
bean creamy,0,Legume
bean dark red kidney black,1,Legume
bean green,0,Cereal
bean green chile,0,Cereal
bean heinz,0,Legume
bean jalapeno,0,Spice
bean jalapeno dip,0,Spice
bean jalapeno pepper,0,Spice
bean make own,0,Legume
bean medley,0,Legume
bean medley kidney,0,Legume
bean mix kidney,0,Legume
bean night,0,Legume
bean no lentil,0,Legume
bean overnight,0,Legume
bean paste chili,0,Dish
bean paste sauce,1,Legume
bean patty,0,Legume
bean pea,0,Legume
bean red,0,Legume
bean seasoning,0,Legume
bean thread mung noodle,0,Legume
bean thread vermicelli noodle,1,Legume
bean vegan,0,Legume
bean vegetarian,0,Legume
bean veggie,0,Legume
bean white haricot,0,Legume
bear graham cracker,0,Bakery
bear lard,0,Meat
bear paw,0,Meat
bear roast,0,Meat
bear rump roast,0,Meat
bear steak,0,Fish
beau soleil oyster,0,Seafood
beaujolais wine merlot,0,Beverage-Alcoholic
bebere seasoning,0,Spice
bechamel,1,Condiment
bechemel cream,0,Dairy
beech mushroom,0,Fungi
beef arm pot roast,0,Meat
beef baby back rib rack,0,Meat
beef baby food,0,Meat
beef bacon dripping,0,Meat
beef base vegetable stock,0,Meat
beef bean chili,0,Meat
beef bisto,0,Meat
beef bouillon base,0,Meat
beef bouillon better than,0,Meat
beef bouillon concentrate,0,Meat
beef bouillon gravy,0,Meat
beef bouillon oxo,0,Meat
beef bouillon water bovril wate,0,Meat
beef bovril powder,0,Meat
beef bovril powder liquid,0,Meat
beef brisket meat,0,Meat
beef broth total,0,Meat
beef broth water,0,Meat
beef burger patty,0,Bakery
beef chili powder onion,0,Spice
beef chipolata sausage,0,Dish
beef chorizo sausage,0,Meat
beef chuck cross rib roast,0,Meat
beef chuck cube,0,Meat
beef chuck eye roast,0,Meat
beef chuck roast chunk,0,Meat
beef chuck roast grain,0,Meat
beef chuck roast meat,0,Meat
beef chuckeye roast,1,Meat
beef chunk roast,0,Meat
beef cocktail,0,Meat
beef consomme au jus sauce,0,Condiment
beef consomme french onion soup,0,Dish
beef consomme soup fiesta chili,0,Dish
beef consomme stock,0,Meat
beef cube steak meat,0,Meat
beef cube steak total,0,Meat
beef cutlet,0,Meat
beef cutlet each,0,Meat
beef dashida,0,Meat
beef demi glace,0,Meat
beef dinner,0,Meat
beef enchilada dinner bean,0,Meat
beef extract yeast,0,Additive-Yeast
beef eye steak fillet,0,Meat
beef filet mignon steak,0,Fish
beef filet steak,0,Meat
beef fillet,0,Meat
beef flat iron steak,0,Meat
beef frying steak strip,0,Meat
beef grain,1,Meat
beef gravy consomme,0,Meat
beef gravy shank,0,Meat
beef gravy stock,0,Meat
beef heart calf,0,Meat
beef heart meat,0,Meat
beef hot dog alright too pork,0,Dish
beef jerky tasajo,1,Meat
beef jerky venison,0,Meat
beef korean rib,0,Meat
beef lard burger,0,Bakery
beef link sausage,0,Meat
beef loin roast,0,Meat
beef loin sirloin roast,0,Meat
beef luncheon meat,0,Meat
beef marrow soup,0,Meat
beef medallion each,1,Meat
beef patty,0,Meat
beef pocket roast,0,Meat
beef pork roast,1,Meat
beef pork sparerib,1,Meat
beef pork tongue,1,Meat
beef prosciutto,0,Meat
beef rack,0,Meat
beef ravioli total,0,Dish
beef rib fine,0,Meat
beef rib pork,0,Meat
beef rib rack,0,Meat
beef ribeye roast,0,Meat
beef rice mix,0,Dish
beef roast jus sauce,0,Meat
beef roast seasoning seasoning,0,Meat
beef roulade,0,Meat
beef rump chuck,0,Meat
beef rump meat,0,Meat
beef rump pork shoulder,0,Meat
beef scallopini,0,Meat
beef shin,0,Meat
beef shoulder blade,0,Meat
beef shoulder pot roast,0,Dish
beef shoulder sirloin,0,Meat
beef shoulder tender roast,1,Meat
beef sirlion roast,0,Meat
beef sirloin roast,0,Meat
beef sirloin steak grain,0,Meat
beef sirloin strip,1,Meat
beef sirloin tip market,0,Meat
beef sirloin tip roast,0,Meat
beef skirt,0,Meat
beef soup mix,0,Dish
beef soup rib,0,Meat
beef soy crumbles,0,Bakery
beef spread,0,Meat
beef steak grain,0,Meat
beef stew meat chili,0,Meat
beef stewing meat,0,Meat
beef stock base,0,Meat
beef stock clove,1,Meat
beef stock concentrate,0,Meat
beef stock cube water,0,Meat
beef stock dark,0,Meat
beef stock duck,0,Meat
beef stock gravy mix,0,Meat
beef stock mix,0,Meat
beef stock neat,0,Meat
beef stock paste concentrate,0,Meat
beef stock pork,0,Meat
beef stock red wine sugar,0,Beverage-Alcoholic
beef stock sauce,0,Meat
beef stock water bullion,0,Meat
beef strip,1,Meat
beef strip steak,0,Meat
beef stroganoff sauce mix,0,Dish
beef tail,0,Meat
beef taquitos,0,Dish
beef taquitos chicken cheese,1,Dish
beef tenderloin carpaccio,0,Meat
beef tenderloin crosswise,0,Meat
beef tenderloin cube,0,Meat
beef tenderloin fillet filet mignon,0,Meat
beef tri tip sirloin,0,Meat
beef turkey,0,Meat
beef well,0,Meat
beef wiener,0,Dish
beefeater gin,0,Beverage-Alcoholic
beer are better,0,Beverage
beer bratwurst,0,Beverage
beer brown,0,Beverage
beer chipotle barbecue sauce,0,Condiment
beer lime flavor,1,Fruit
beer may,0,Beverage
beer white wine,1,Beverage-Alcoholic
beer yeast,0,Beverage
beet green leaf,1,Vegetable
beet horseradish sauce,0,Condiment
beet julienne,0,Vegetable
beet leaf green,0,Vegetable
beet must,0,Vegetable
belgian brown ale,0,Beverage-Alcoholic
belgian chocolate,0,Plant Derivative
belgian endive lengthwise,0,Vegetable
belgian pearl sugar,0,Additive
belgium bread italian,0,Bakery
bell chili pepper flake,0,Spice
bell pepper bruschetta topping,0,Vegetable Fruit
bell pepper red,0,Vegetable Fruit
bell pepper red green,0,Vegetable Fruit
bell pepper ring,0,Vegetable Fruit
bell pepper sauce,0,Vegetable Fruit
bell pepper strip,1,Vegetable Fruit
bell pepper yellow,0,Vegetable Fruit
beluga lentil,0,Legume
bengal dal yellow pea,0,Legume
bengali five spice mix,0,Spice
bergamot leaf,0,Plant
bergamot oil,1,Additive
bermuda falernum,0,Beverage-Alcoholic
berry blue gelatin mix,0,Additive
berry fruit,0,Berry
berry fruit juice,0,Fruit
berry hibiscus herbal tea flower,0,Berry
berry sauce,0,Fruit
berry syrup,0,Berry
berry yogurt,0,Dairy
bertolli tomato basil pasta sauce,0,Condiment
better ' n egg reg ;,0,Vegetable
better crocker chocolate frosting,0,Additive
better than bouillon,0,Dish
better than bouillon chicken base vegetable stock,1,Meat
better than bullion vegetable stock base,0,Vegetable
better than cream cheese substitute,0,Dairy
betty crocker butter cake mix yellow change ingredient,0,Dish
betty crocker cake mix,0,Dish
betty crocker chicken helper fettuccine alfredo,1,Meat
betty crocker fudge brownie mix,0,Dish
betty crocker german chocolate cake mix,0,Dish
betty crocker julienne potato,0,Vegetable Tuber
betty crocker lasagna hamburger helper mix beef pasta,0,Cereal
betty crocker potato cheddar,0,Vegetable Tuber
betty crocker super moist cake mix white,0,Dish
betty crocker super moist chocolate cake mix,0,Dish
beurre manie butter,0,Dairy
bias yellow bean,0,Legume
bibb boston lettuce,0,Vegetable
bick cocktail onion,0,Vegetable
bicks tangy dill relish,0,Herb
biga sponge active starter,0,Dish
bill secret teriyaki marinade,0,Additive
biltong,0,Meat
birch bark,0,Additive
bird chile pepper flake,0,Vegetable
bird chili,1,Spice
bird custard mix,0,Dish
bird custard powder vanilla,0,Dish
bird eye broccoli corn,0,Vegetable
bird eye chile red one,1,Vegetable
bird eye chili flake,0,Spice
bird eye pepper,1,Vegetable
birdseye white pearl onion,0,Vegetable
birthday cake,0,Dish
biryani,1,Dish
biryani masala powder,0,Spice
biryani spice mix biriyani seasoning,0,Spice
biscotti bread,0,Bakery
biscotti cookie crumb,0,Dish
biscuit buttermilk,0,Bakery
biscuit cheddar garlic,0,Herb
biscuit cooky,0,Bakery
biscuit dough variety,0,Dish
biscuit each,0,Bakery
biscuit graham cracker,0,Bakery
biscuit granita,0,Bakery
biscuit rose,0,Bakery
bison beef rib,0,Meat
bison roast,0,Meat
bison roast buffalo,0,Meat
bison sausage pepperoni seasoning,0,Meat
bison steak,0,Meat
bison tenderloin fillet,0,Meat
bisque crumb,0,Bakery
bisquick mix,0,Cereal
bisto powder,0,Spice
bit kombu,0,Seafood
bit salt black pepper,0,Spice
bite broccoli,0,Flower
bite broccoli floret,1,Flower
bite cheese cracker,0,Dairy
bite chunk cantaloupe,0,Fruit
bite corn chex,0,Maize
bite turkey,1,Meat
bite vegetable broccoli red pepper,0,Flower
bite vegetable cauliflower,0,Flower
bite wheat cereal,0,Cereal
bite wheat chex,0,Cereal
bite wheat pasta,0,Cereal
bitter ale,0,Beverage-Alcoholic
bitter almond essence,0,Nuts and Seeds
bitter almond extract,0,Nuts and Seeds
bitter almond oil,0,Nuts and Seeds
bitter chocolate baking,0,Plant
bitter chocolate baking cocoa,1,Plant
bitter chocolate chip,0,Additive
bitter gourd,0,Vegetable
bitter melon crosswise,0,Vegetable
bitter orange juice,0,Fruit
bitter orange juice half vinegar,1,Fruit
bitter orange peel,0,Fruit
bitter orange preserve,0,Beverage-Alcoholic
blachan,0,Seafood
black bean fiesta grillin,0,Legume
black bean green chilies,0,Vegetable
black bean overnight,0,Dish
black bean puree,0,Legume
black bean rice,0,Cereal
black bean sauce chili optional,1,Dish
black bean sauce garlic,1,Condiment
black bean sauce yellow,0,Condiment
black beluga lentil,0,Legume
black bengal dal,0,Legume
black bread,0,Bakery
black bread white,0,Bakery
black channa overnight,0,Dish
black channa water chickpea,0,Legume
black cherry balsamic vinegar,0,Plant Derivative
black cherry fruit spread,0,Additive-Vinegar
black cherry jam,0,Fruit
black cherry preserve,0,Additive
black cherry schnapps,0,Beverage-Alcoholic
black chickpea garbanzo bean,0,Legume
black chinese mushroom water,0,Fungi
black cloud ear mushroom,1,Fungi
black currant leaf,0,Fruit
black currant liqueur,0,Fruit
black eye bean,0,Legume
black eyed pea overnight,0,Dish
black fondant icing,0,Additive
black garbanzo bean,0,Legume
black goat meat,0,Meat
black green olive tapenade,0,Plant
black green spicy olive greek,0,Plant
black hot coffee,0,Beverage
black icing,0,Additive
black jamuns,0,Spice
black jelly bean,1,Legume
black juniper berry,0,Fruit
black lentil flour,1,Legume
black lentil paste,0,Legume
black licorice,0,Spice
black licorice string,0,Spice
black licorice twist,0,Spice
black mushroom water,1,Fungi
black nyons olive,0,Plant
black olive half,0,Plant
black olive lengthwise,0,Plant
black pepper hot sauce,0,Condiment
black pepper salt,0,Additive
black pudding cumin,0,Spice
black quinoa,0,Cereal
black raspberry liqueur,0,Beverage-Alcoholic
black red bean,1,Legume
black rice vinegar,0,Plant Derivative
black rum,0,Beverage-Alcoholic
black salt pepper,0,Additive
black sambuca,0,Spice
black sapote,0,Spice
black seed,0,Vegetable
black sesame oil,1,Essential Oil
black soy,0,Condiment
black soy bean,1,Legume
black spanish olive,0,Plant
black spanish olive brine,0,Plant
black squid ink pasta,1,Cereal
black tea like lipton yellow label,0,Beverage
black tiger shrimp,1,Seafood
black truffle oil white,0,Additive
black urad dal flour,0,Legume
black walnut flavoring,0,Nuts and Seeds
black yellow mustard seed,0,Vegetable
blackberry juice,0,Fruit
blackberry schnapps,0,Fruit
blackberry wine,0,Beverage-Alcoholic
blackcurrant juice,0,Beverage
blackening spice,0,Plant Derivative
blade roast cross rib,0,Meat
blanc de noirs champagne,0,Beverage-Alcoholic
blanc white cheese be,0,Dairy
bland oil,0,Additive
bleached sultana raisin,0,Fruit
blender hollandaise sauce,0,Additive
bleu de basque,0,Dairy
bliss potato,0,Vegetable
block cheddar cheese,0,Dairy
block dark chocolate square,0,Plant
block ice,0,Additive
block lard,0,Meat
block mexican chocolate,0,Plant Derivative
block pepperjack cheese,1,Dairy
block sharp cheddar cheese,1,Dairy
blood orange avocado oil ca n't this olive,0,Plant Derivative
blood sausage black pudding,0,Dish
blood sausage morcilla,0,Dish
bloomer bread,0,Bakery
blue brie cheese,0,Dairy
blue cheese dressing ranch salad,0,Dairy
blue cheese sauce,0,Dairy
blue crab claw,0,Seafood
blue crab crabmeat,0,Seafood
blue crab each ok,0,Seafood
blue crabmeat,0,Seafood
blue dragon sauce,0,Additive
blue dragon szechuan pepper stir fry sauce,0,Additive
blue edible flower,0,Flower
blue fruit blueberry,0,Fruit
blue gel,0,Dairy
blue potato,0,Vegetable
blue sauce,0,Additive
blue schnapps,0,Dairy
blue spirulina,0,Dairy
blueberry berry,0,Fruit
blueberry gelatin,0,Additive
blueberry jam complementary,0,Fruit
blueberry juice,0,Fruit
blueberry liqueur,0,Fruit
blueberry sauce,0,Fruit
blueberry schnapps,0,Fruit
blueberry topping,0,Fruit
blueberry vinegar,1,Additive-Vinegar
boboli pizza,0,Bakery
bocconcini cheese,0,Dairy
bocconcini mozzarella cheese,0,Dairy
bohemian malt syrup,0,Cereal
bolar roast,0,Meat
bolillo ciabatta bun,0,Bakery
bolillo crosswise,0,Meat
bolillo french,0,Bakery
bolillo type bread,1,Bakery
bolillos,0,Bakery
bolillos bread french,0,Bakery
bolner pinto bean seasoning salt,0,Legume
bologna beef,0,Meat
bologna sausage,0,Dish
bols banana liqueur,0,Beverage-Alcoholic
bols blue liquor,0,Dairy
bombay duck,0,Fish
bombay onion,0,Vegetable
bon appetit seasoning mix,1,Spice
bonito,0,Fish
bonito stock,0,Fish
borlotti bean cheat,0,Legume
borlotti bean cranberry,0,Legume
boston bibb,0,Vegetable
boston butt,0,Meat
boston butt pork shoulder roast,0,Meat
boston butt roast,0,Meat
boston pork bean,0,Dish
bottom pie crust,0,Bakery
bottom sirloin beef cap,0,Meat
boudoir biscuit,0,Bakery
bouillabaisse,1,Fish
bouillon powder,0,Dish
bouillon soup,0,Dish
bouquet garni spice,0,Spice
bourbon vanilla,0,Legume
boursin cream cheese,1,Dairy
boursin garlic cream cheese,0,Dairy
boursin heavy cream,0,Dairy
boursin herb,0,Dairy
bovril meat extract,0,Meat
bovril powder meat extract,0,Meat
bowl salad green,1,Vegetable
boysenberry preserve jam,0,Fruit
boysenberry syrup,0,Plant Derivative
braciola steak,0,Fish
bran cereal flake,0,Cereal
bran cereal protein powder,0,Cereal
bran flake cereal,0,Cereal
bran flake choice,0,Cereal
bran flour,0,Cereal
brand mango juice,0,Fruit
brandewijn,0,Beverage-Alcoholic
bratwurst black pudding,1,Dish
bratwurst knockwurst,0,Meat
bratwurst sandwich bun,0,Bakery
braunschweiger liverwurst,0,Meat
bread apple syrup,0,Fruit
bread baguette,1,Bakery
bread bakery,0,Bakery
bread bready,0,Bakery
bread brown,0,Bakery
bread bun,0,Bakery
bread bun hamburger,0,Bakery
bread butter type,0,Dish
bread by,0,Bakery
bread campagne,0,Bakery
bread challah,0,Bakery
bread choice,0,Bakery
bread ciabatta,0,Bakery
bread cracker,0,Bakery
bread croissant half,0,Bakery
bread crumb biscuit,0,Bakery
bread crumb choice,0,Bakery
bread crumb meat,0,Bakery
bread crust,0,Bakery
bread cube white,0,Bakery
bread depending,0,Bakery
bread diagonally,0,Bakery
bread dough pizza crust,0,Bakery
bread dressing,1,Bakery
bread dressing rice,0,Cereal
bread egg,0,Meat
bread farls,0,Bakery
bread fennel seed,0,Herb
bread french baguette choice,0,Bakery
bread garlic,0,Bakery
bread golden brown,1,Bakery
bread grain batter,0,Bakery
bread grain preferably,0,Bakery
bread hawaiian,0,Bakery
bread heavy,0,Bakery
bread hoagie,0,Bakery
bread improver knead,0,Additive
bread italian,0,Bakery
bread italian without seed,0,Bakery
bread loaf,0,Bakery
bread milk,0,Dairy
bread more creamier,1,Bakery
bread multi grain,0,Bakery
bread nice,0,Bakery
bread not hard,0,Bakery
bread panini,0,Bakery
bread publix supermarket ha,0,Bakery
bread pudding,0,Dish
bread raisin,0,Bakery
bread raisin pecan,0,Bakery
bread sandwich bun,0,Bakery
bread t clean,0,Bakery
bread toast,0,Bakery
bread wholemeal,0,Bakery
breadcrumb ? bread,0,Bakery
breadcrumb baking,0,Bakery
breadcrumb basil leaf pecorino,0,Herb
breadcrumb better,0,Bakery
breadcrumb bread mushy,0,Bakery
breadcrumb breakfast,0,Bakery
breadcrumb breton cracker work great,0,Bakery
breadcrumb butter cracker,0,Dairy
breadcrumb cake crumb,0,Dish
breadcrumb chicken,1,Meat
breadcrumb crumb,0,Bakery
breadcrumb do not bread crumb,0,Bakery
breadcrumb enough veal chop,0,Bakery
breadcrumb enought,0,Bakery
breadcrumb fine,0,Bakery
breadcrumb great,0,Bakery
breadcrumb italian flavor,0,Bakery
breadcrumb kikkoman panko,0,Bakery
breadcrumb loaf white bread,0,Bakery
breadcrumb make my own wheat bread,0,Bakery
breadcrumb meat,0,Bakery
breadcrumb milk,0,Dairy
breadcrumb mix,0,Spice
breadcrumb mix becomes,0,Spice
breadcrumb must be cracker crumb,0,Bakery
breadcrumb olive oil butter mixture,0,Plant Derivative
breadcrumb out,0,Bakery
breadcrumb panko bread crumb,0,Bakery
breadcrumb pork,0,Meat
breadcrumb pumpernickel,0,Bakery
breadcrumb ritz cracker,0,Bakery
breadcrumb salt,0,Additive
breadcrumb saltine,0,Bakery
breadcrumb special mix,0,Spice
breadcrumb thyme,1,Herb
breadcrumb total,0,Bakery
breadcrumb water,0,Additive
breadcrumb white,0,Bakery
breadcrumb white flour,1,Cereal
breadcrumb zwieback cooky,0,Bakery
breadstick cheese bread,0,Dairy
breadstick dough pillsbury,0,Cereal
breadstick french bread,0,Bakery
breakfast cereal,0,Cereal
breakfast cereal like raisin bran,0,Cereal
breakfast link sausage,0,Meat
breakfast pork sausage,0,Dish
breakstone cream,1,Dairy
breakstone knudsen cream,1,Dairy
brean sprout,0,Legume
breast veal,0,Meat
breeze non dairy beverage,1,Dairy
breyani spice below,0,Spice
brickle bit english toffee,0,Gourd
brickle dip,0,Condiment
brine feta cheese,0,Dairy
brine from gherkin,1,Gourd
brine from olive,0,Plant
brioche bread challah,0,Bakery
brioche breadcrumb,0,Bakery
brisee pie crust,0,Bakery
brisket,1,Meat
brisket dripping,0,Meat
brisket rub,0,Spice
britannia gin,0,Beverage-Alcoholic
british ale,0,Beverage-Alcoholic
broad bean sauce,1,Legume
broad leaf mustard green choy,0,Vegetable
broad rice noodle,0,Cereal
broccoli carrot cauliflower mix mixture,1,Flower
broccoli cauliflower mix,0,Flower
broccoli cauliflower red pepper mix,0,Flower
broccoli floweret,1,Flower
broccoli red pepper,0,Vegetable Fruit
broccoli slaw,1,Flower
broccolini coleslaw mix,1,Condiment
broiler,1,Meat
brook chili bean,0,Dish
broth oxtail,0,Vegetable
brothy bean broth,0,Vegetable
brown bean sauce black,0,Condiment
brown bean sauce market,0,Additive
brown bean sauce paste,0,Additive
brown beech mushroom,0,Fungi
brown beef stock broth,0,Meat
brown chicken stock beef bouillon more,1,Meat
brown chicken stock broth beef bouillon,1,Meat
brown chinese mushroom,0,Fungi
brown duck stock chicken,1,Meat
brown gravy mix too,0,Dish
brown green lentil,0,Legume
brown jasmine rice white,0,Cereal
brown linseed,0,Additive-Sugar
brown milk chocolate,0,Beverage
brown muscovado sugar,0,Additive-Sugar
brown onion large,0,Vegetable
brown onion roughly,0,Vegetable
brown possum stock,0,Dish
brown rice flour barley,0,Cereal
brown roux,0,Dish
brown spirit vinegar,0,Plant Derivative
brown stock beef,0,Meat
brown stock beef broth,0,Meat
brown stock beef pan dripping,0,Meat
brown stock chicken broth,1,Meat
brown sugar bean,0,Additive-Sugar
brown sugar cube,0,Additive-Sugar
brown sugar glaze,0,Additive-Sugar
brown veal stock chicken,1,Meat
brown white mushroom,1,Additive
brownie,0,Dish
bruce sauce,1,Additive
brussel sprout,0,Legume
brussels sprout sauce,0,Vegetable
brut prosecco,0,Beverage-Alcoholic
brut wine,0,Beverage-Alcoholic
bryndza cheese manouri,0,Dairy
btl lemonade,0,Beverage
btl traditional lemonade,0,Beverage
bucheron goat cheese,0,Dairy
buckwheat flake,0,Cereal
buckwheat soba noodle,0,Cereal
buddy breadcrumb,0,Bakery
buffalo chicken wing sauce,1,Condiment
buffalo hamburger,0,Bakery
buffalo stew meat,0,Meat
buffalo wing seasoning,1,Condiment
buglur wheat,0,Cereal
buitoni marinara sauce,0,Condiment
bulgarian buttermilk,0,Dairy
bulgher wheat,0,Cereal
bulghur wheat,0,Cereal
bulgogi marinade,0,Dish
bulk bratwurst,0,Dish
bulk breakfast sausage,0,Meat
bulk pork breakfast sausage,1,Meat
bulk pork sausage sage,0,Meat
bulk spicy italian turkey sausage,0,Meat
bulk taco seasoning mix,1,Spice
bulk turkey sausage,1,Dish
bull testicle,0,Vegetable
bun bread,0,Bakery
bun crosswise,0,Bakery
bun grain,0,Bakery
bun market,0,Bakery
bun noodle,0,Cereal
bun pita bread,0,Bakery
bun wheat,0,Cereal
bundle rice vermicelli,0,Cereal
burger bun,0,Dish
burgundy beef,0,Meat
burgundy cooking wine regina,0,Beverage-Alcoholic
burgundy olive,0,Plant
burgundy red wine,1,Beverage-Alcoholic
burgundy wine red,0,Beverage-Alcoholic
burrata cheese mozzarella,0,Dairy
burrito green beef bean,0,Cereal
burrito mix,0,Dish
burrito seasoning mix taco seasoning,0,Spice
burrito tortilla,0,Dish
burrito wheat tortilla,0,Bakery
bush black bean,0,Legume
bush chili sauce,0,Condiment
bush texas chili magic starter,0,Spice
bush tomato,0,Vegetable
bushmill irish whiskey,0,Beverage-Alcoholic
butcher string,0,Cereal
butt pork roast,0,Meat
butter almond,0,Nuts and Seeds
butter baking,0,Dairy
butter bread,0,Dairy
butter bread cinnamon raisin,0,Bakery
butter bud ca n't believe cooking spray,0,Additive
butter bud molly mcbutter,0,Dairy
butter cake mix betty crocker,0,Dish
butter cake mix vanilla,0,Dish
butter clam,0,Seafood
butter cookie,0,Dairy
butter cooking oil,0,Additive
butter cracker crumb,0,Bakery
butter ghee,0,Dairy
butter icing,0,Dairy
butter lettuce mix,0,Vegetable
butter mushroom,1,Dairy
butter naan,0,Bakery
butter no,0,Dairy
butter no cooking spray,0,Additive
butter pan dripping,0,Additive
butter paper,0,Dairy
butter pastry dough,0,Bakery
butter pea,0,Dairy
butter pecan ice cream,0,Dish
butter samneh without,0,Dairy
butter sprinkle,0,Dairy
butter substitute,0,Dairy
butter sugar,0,Dairy
buttercup squash,0,Fruit
butterfinger bar,0,Plant
butterfish fillet,0,Fish
buttermilk biscuit mix,0,Dish
buttermilk brushing,0,Dairy
buttermilk dressing,0,Condiment
buttermilk dressing cream cheese,0,Dairy
buttermilk dressing feta cheese,0,Dairy
buttermilk extra fluffy pancake mix,0,Dish
buttermilk flaky layer,0,Dairy
butternut extract,0,Additive
butternut pumpkin mm,1,Fruit
butternut pumpkin weight,0,Fruit
butternut squash 2lb,1,Fruit
butternut squash banana,1,Fruit
butternut squash chickpea,0,Fruit
butternut squash cube,0,Fruit
butternut squash dice,0,Fruit
butternut squash grater,0,Fruit
butternut squash hubbard,0,Fruit
butternut squash soup worry instead,0,Dish
butterscotch caramel liqueur,0,Beverage-Alcoholic
butterscotch caramel sauce,0,Additive
butterscotch chip butter,0,Additive
butterscotch chip toffee bit,0,Additive
butterscotch extract,0,Additive
butterscotch liqueur,0,Beverage-Alcoholic
butterscotch syrup ice cream topping,0,Additive
butterscotch topping,0,Additive
buttershots butterscotch schnapps,0,Additive
butterworth syrup,0,Plant Derivative
buttery,0,Dairy
buttery cracker crumb,0,Bakery
buttery potato,0,Vegetable Tuber
button mushroom oil,0,Fungi
by white roux,0,Additive
c red wine vinaigrette,1,Beverage-Alcoholic
ca n't believe not butter spread,0,Additive
ca not butter,0,Dairy
cabbage coleslaw mix,1,Condiment
cabbage cooking liquid,0,Vegetable
cabbage kimchi king,0,Vegetable
cabbage pepper,0,Spice
cabernet sauvignon,1,Beverage-Alcoholic
cabernet sauvignon red wine,0,Beverage-Alcoholic
cabernet sauvignon wine merlot,0,Beverage-Alcoholic
cabernet sauvignon wine red,0,Beverage-Alcoholic
cabo wabo tequila,0,Beverage-Alcoholic
cabot cheddar,0,Dairy
cabrales cheese,0,Dairy
cacao essence,0,Additive
cacao online,0,Beverage-Alcoholic
cacio di fossa cheese,0,Dairy
cacio di rom cheese,0,Dairy
cactus juice,0,Beverage
cactus prickly pear syrup,0,Plant
cadbury caramello chocolate,0,Plant Derivative
cadbury caramello chocolate bar,0,Plant
cadbury chocolate candy bar,0,Plant
cadbury dairy peppermint milk chocolate,0,Beverage
cadburys drinking chocolate,0,Plant Derivative
caesar ranch dressing,0,Condiment
caesar salad dressing italian,0,Condiment
caesar salad dressing mix,0,Dish
caesar salad dressing per person,1,Dish
caesar vinaigrette dressing,0,Plant Derivative
cajeta caramel,0,Additive
cajeta caramel sauce,0,Additive
cajeta caramel sauce mexican,0,Additive
cajeta mexican caramel sauce,0,Additive
cajeta mexican milk caramel,0,Additive
cajeta milk syrup,0,Plant Derivative
cajun blackening seasoning,0,Plant Derivative
cajun blackening spice,0,Plant Derivative
cajun crab boil seasoning,1,Seafood
cajun pepper,0,Plant Derivative
cajun pepper seasoning,0,Plant Derivative
cajun portobello sandwich avocado remoulade,0,Dish
cajun ranch sauce,0,Additive
cajun rice,0,Cereal
cajun sausage,0,Dish
cajun seasoning fajita seasoning mix,1,Spice
cajun seasoning salt pepper,0,Spice
cajun seasoning seasoning,0,Plant Derivative
cajun seasoning seasoning mix blackening seasoning seasoning,0,Plant Derivative
cajun seasoning spicy hot,1,Plant Derivative
cajun seasoning tb onion powder cayenne pepper leaf mexican oregano thyme,0,Vegetable
cajun seasoning tex mex seasoning,0,Plant Derivative
cajun tomato,0,Vegetable
cake base,0,Dish
cake batter,0,Dish
cake decoration,0,Dish
cake doughnut,0,Dish
cake food,0,Dish
cake konnyaku,1,Dish
cake mix yellow lemon,0,Dish
cake vodka,0,Beverage-Alcoholic
calabrian chili sauce,1,Condiment
calamansi juice,0,Beverage
calamansi juice green lime,0,Beverage
calamansi juice orange zest,1,Fruit
calamari steak,0,Fish
calamari water,0,Additive
calamata olive,0,Plant
calanda peach,1,Fruit
calanda peach half,0,Fruit
caldo chicken buillon seasoning,1,Spice
caldo seasoning,0,Spice
calende silver tequila,0,Beverage-Alcoholic
calf ' brain,1,Meat
calf foot cartilidge,0,Meat
calf foot lengthwise,1,Meat
calf head,0,Flower
calf tongue,0,Meat
california black fig,0,Fruit
california chardonnay wine,1,Beverage-Alcoholic
california chile pepper,1,Vegetable
california chilies mexico chile,0,Spice
california garlic salt,0,Spice
california vegetable cauliflower,1,Flower
callaloo leaf,1,Vegetable
callisons garlic herb,0,Herb
calorie butter,0,Dairy
calorie catalina salad dressing,0,Condiment
calorie extra vegetable oil spread,1,Plant Derivative
calorie hamburger,0,Bakery
calorie maple syrup,0,Additive
calorie orange marmalade,1,Additive
calorie russian salad dressing,0,Dish
calorie strawberry kiwi drink mix,0,Dish
calorie wheat bread,0,Bakery
cambell fiesta nacho cheese soup,0,Dish
cambozola cheese,0,Dairy
camelina oil,0,Additive
cameo apple,0,Fruit
campari liqueur,0,Beverage-Alcoholic
campari tomato,0,Vegetable
campbell bean bacon soup,0,Dish
campbell beef barley soup,0,Meat
campbell beef broth,0,Meat
campbell beef gravy,1,Dish
campbell beefy mushroom soup,0,Dish
campbell broccoli soup,0,Flower
campbell chunky,1,Dish
campbell chunky beef vegetable soup,0,Meat
campbell cream mushroom garlic soup,0,Dish
campbell cream mushroom soup,0,Dish
campbell cream shrimp soup,0,Seafood
campbell cream soup mushroom,1,Dish
campbell fiesta chili,0,Spice
campbell garlic,0,Herb
campbell golden mushroom,1,Dish
campbell nacho cheese soup,0,Dish
campbell new chowder soup,0,Seafood
campbell pork sauce,0,Meat
campbell ramen noodle,1,Cereal
campbell select harvest tomato soup basil,1,Dish
campbell shrimp soup,0,Seafood
campbell southwest nacho cheese soup,0,Dish
campbell spaghetti tomato sauce,0,Condiment
campells cream chicken soup,1,Meat
canada ginger ale,0,Beverage-Alcoholic
canadian brie cheese,1,Dairy
canadian club whiskey,0,Beverage-Alcoholic
canadian oka cheese brie,0,Dairy
canadian pork loin,0,Meat
canadian rye maple liqueur,0,Beverage-Alcoholic
canary bean,0,Legume
candico candy syrup,0,Plant Derivative
candid orange,0,Fruit
candle nut macadamia,1,Nuts and Seeds
candlenut macadamia nut,1,Nuts and Seeds
candy chocolate orange,0,Plant Derivative
candy coating,0,Plant Derivative
candy coating chocolate chip,0,Additive
candy coating shortening,0,Additive
candy crystal sugar,0,Additive
candy lemon,0,Fruit
candy sprinkle green,0,Plant Derivative
cane juice,0,Beverage
cane sugar piloncillo,0,Additive-Sugar
cane sugar water,0,Additive
cane vinegar,0,Plant Derivative
canful tequila,0,Beverage-Alcoholic
canilla extra grain rice,1,Cereal
cannalini bean,0,Legume
cannellini bean well,1,Legume
cannellini bean zolfini,0,Legume
cannellini white bean,1,Legume
cannellinni bean,0,Legume
cannelloni manicotti,0,Cereal
cannelloni noodle,0,Cereal
cannelloni pasta shell,0,Cereal
cannola oil,0,Additive
cannonball cabbage,1,Vegetable
canola oil olive,1,Plant Derivative
canola plus oil safflower,1,Plant Derivative
canola vegetable oil,0,Plant Derivative
canoli oil,0,Additive
cantaloupe chunk,0,Fruit
cantaloupe melon baller,0,Fruit
cantonese noodle,1,Cereal
cantonese roast pork,1,Meat
cantonese sauce,0,Additive
cap ' n crunch cereal,0,Vegetable
cap n crunch cereal,0,Fungi
capelin roe,0,Fish
capellini spaghettini,0,Cereal
capellini water,0,Additive
caper sauce,0,Additive
capicola hot,0,Additive
capicola mozzarella,0,Dairy
capocollo salami,1,Fish
caponata,0,Dish
cappelletti pasta,0,Cereal
cappuccino mix,0,Dish
cappuccino mix french vanilla,0,Dish
caprino cheese goat,1,Dairy
capsicum salsa,0,Vegetable Fruit
caramel candie,0,Plant Derivative
caramel candy,0,Plant Derivative
caramel coloring e liquid browning,0,Additive
caramel cube candy,0,Plant Derivative
caramel dip,0,Plant Derivative
caramel icing,0,Additive
caramel malt,0,Additive
caramel mexican cajeta,0,Additive
caramel milk chocolate candy bar,0,Additive
caramel popcorn,0,Maize
caramel sauce ice cream topping,0,Additive
caramel topping syrup,0,Additive
caraway powder,0,Spice
caraway pumpernickel bread,0,Bakery
caraway seed bowl,0,Spice
carb,1,Bakery
carb apple juice,0,Fruit
carb barbecue sauce,0,Additive
carb bread,1,Bakery
carb elbow macaroni,0,Cereal
carb italian salad dressing,1,Condiment
carb penne,0,Cereal
carcass catfish,0,Fish
carcass meat,1,Meat
cardamom extract,0,Spice
cardini greek salad dressing,0,Dish
cardoon water,0,Additive
caribbean habenero sauce,1,Additive
caribbean jerk seasoning seasoning,1,Spice
caribbean pepper sauce,0,Condiment
caribbean sauce jamaican hot,1,Condiment
caribou rib,0,Meat
caribou rump,0,Meat
caribou steak,0,Fish
carl buddig beef meat,0,Meat
carnaroli arborio rice,1,Cereal
carnauba paraffin wax,0,Legume
carne adovada mix,0,Dish
carne asada meat red,0,Meat
carne asada seasoning,0,Spice
carne seca beef,0,Meat
carob chocolate bar,0,Plant
carob syrup,0,Plant Derivative
carom seed ajwain,0,Spice
carp fillet,0,Fish
carp roe,0,Fish
carr cracker,0,Bakery
carribean caribbean jerk seasoning,0,Spice
carribean jerk marinade,0,Additive
carrom seed,0,Spice
carrot broccoli mix,1,Flower
carrot chunk,0,Vegetable
carrot crosswise,0,Vegetable
carrot french bean,0,Cereal
carrot green,0,Vegetable
carrot matchstick,0,Vegetable
carrot puree,0,Vegetable
casa italian meatball,0,Meat
casaba melon,0,Fruit
casbah brand gyro mix,0,Dish
cascabel chili,1,Spice
cascable chili,0,Spice
cashew milk,0,Dairy
cashew oil,0,Nuts and Seeds
cashew peanut powder,0,Nuts and Seeds
cassava starch,0,Vegetable
cassia bud,0,Beverage
cassia cinnamon,1,Additive
cassis liqueur,0,Beverage-Alcoholic
castelvetrano olive,1,Plant
caster sugar cake,0,Additive-Sugar
catalina dressing kraft,0,Condiment
catalina dressing russian,0,Condiment
catfish choice,0,Fish
catfish halibut,0,Fish
catfish meat,0,Fish
catfish snapper too,0,Fish
cava brut sparkling wine,0,Beverage-Alcoholic
cava white wine,0,Beverage-Alcoholic
cavatapi penne pasta,1,Cereal
cave gruyere,0,Dairy
cavendars greek seasoning,0,Spice
cavenders purpose greek seasoning salt yet,0,Additive-Salt
caviar optional,0,Fish
cavolo nero italian black cabbage,0,Vegetable
cayenne chili,1,Vegetable
cayenne chili pepper flake,0,Spice
cayenne red pepper,0,Vegetable
cayenne white pepper,0,Spice
cedar mexican martini mix,0,Cereal
celentano cheese tortellini,0,Dairy
celery crosswise,0,Herb
celery diagonally,0,Herb
celery juice,0,Herb
celery salt brisket,0,Spice
celery soup,1,Dish
cellentani pasta,0,Dish
cellophane casing,0,Dish
celtic sea salt,0,Additive-Salt
center beef tenderloin roast,0,Meat
center beef tenderoin roast,0,Meat
center deli,0,Meat
center king hawaiian bread,0,Bakery
center pork rib chop,0,Meat
center pork rib roast,1,Meat
center pork roast,0,Meat
center prime rib roast,0,Meat
center salmon fillet,0,Fish
center tenderloin,0,Meat
centre pork chop,0,Meat
centre pork loin roast,1,Meat
cepe mushroom,0,Fungi
cereal biscuit crumb,0,Maize
cereal cream,0,Cereal
cereal cream whipping,0,Dairy
cereal e bran corn flake,0,Cereal
cereal flake,1,Cereal
cereal mix,0,Cereal
certo liquid pectin,0,Additive
ceylon earl grey,0,Condiment
cha choy,1,Vegetable
chablis white,0,Beverage-Alcoholic
chablis white wine,1,Beverage-Alcoholic
chablis wine,1,Beverage-Alcoholic
chachery seasoning,0,Spice
chai liqueur,0,Beverage-Alcoholic
challah bread cinnamon swirl,0,Bakery
challah bread crumb breadcrumb,0,Bakery
challah bread hawaiian,0,Bakery
challah egg bread weight cube,1,Meat
challah italian bread,0,Bakery
cham sauce nuoc,1,Condiment
chambord,0,Beverage-Alcoholic
champagne brut,0,Beverage-Alcoholic
champagne club soda,0,Beverage
champagne grape,0,Beverage-Alcoholic
champagne italian sparkling wine,0,Beverage-Alcoholic
champagne pineapple juice,0,Beverage
champagne prosecco,0,Beverage-Alcoholic
champagne rest,0,Beverage-Alcoholic
champagne salad dressing,0,Dish
champagne sparkling wine,0,Beverage-Alcoholic
champagne yeast,0,Additive-Yeast
chana,0,Legume
chana dal bean,0,Legume
chang salad dressing,0,Dish
channa masala spice mix,0,Spice
chanterelle mushroom oyster,1,Fungi
chanterelle mushroom porcini,0,Fungi
chanterelle mushroom roughly,0,Fungi
chapatti flour,0,Cereal
char pork,0,Meat
char siu,0,Meat
char siu pork roast,0,Meat
char steak,0,Fish
chardonnay,0,Beverage-Alcoholic
chardonnay white wine,1,Beverage-Alcoholic
chardonnay wine grigio,0,Beverage-Alcoholic
chardonnay wine sauvignon blanc,1,Beverage-Alcoholic
chardonnay wine white,0,Beverage-Alcoholic
chari phutana seed cumin,0,Spice
charoli nut,0,Nuts and Seeds
chartreuse liqueur,0,Beverage-Alcoholic
chat masala oil vinegar,1,Spice
chavrie goat cheese garnishing,1,Dairy
chayote squash lengthwise,0,Vegetable
cheap,0,Beverage
cheap balsamic vinegar,0,Additive-Vinegar
cheap beer,0,Beverage
cheap crabmeat,0,Seafood
cheap dark liquor,0,Plant
cheap red wine,0,Beverage-Alcoholic
cheap steak,0,Fish
cheap whiskey,0,Beverage-Alcoholic
cheddar american cheese,0,Dairy
cheddar bratwurst sausage,0,Dish
cheddar cheese cilantro green onion,0,Dairy
cheddar cheese curd,0,Dairy
cheddar cheese dip,0,Dairy
cheddar cheese oaxaca,0,Dairy
cheddar cheese pepper jack,0,Dairy
cheddar cheese rectangle,0,Dairy
cheddar cheese sharp ideal,0,Dairy
cheddar cheese soup cream,0,Additive
cheddar cheese white,0,Dairy
cheddar colby cheese,0,Dairy
cheddar mozzarella cheese,0,Dairy
cheddar swiss cheese,1,Dairy
chee fah chile,0,Spice
cheerio oat cereal corn flake,0,Cereal
cheese alfredo sauce,1,Dish
cheese cottage,0,Dairy
cheese cream tomato green onion lettuce,1,Vegetable
cheese curd cheddar are yummy great,0,Dairy
cheese curd white cheddar,0,Dairy
cheese enchilada yummy red sauce,1,Additive
cheese feta,0,Dairy
cheese flavor spaghetti sauce,0,Additive
cheese frosting,0,Dairy
cheese garlic spaghetti sauce,0,Additive
cheese gnocchi,0,Dairy
cheese green chili pepper chilli,0,Vegetable
cheese leek soup,1,Dish
cheese monterey jack,0,Dairy
cheese nip,0,Dairy
cheese pizza mix,0,Bakery
cheese ranch dressing,0,Condiment
cheese ravioli meat,0,Dairy
cheese salsa dip,0,Additive
cheese sauce cheddar,0,Dairy
cheese sauce mozzarella,0,Dairy
cheese sauce queso,0,Condiment
cheese soup chicken,1,Dish
cheese soup mix,0,Dish
cheese tart,0,Dairy
cheese toast,0,Dairy
cheese tortellini spinach,0,Dish
cheesecake yogurt,0,Dairy
cheez cracker,0,Bakery
chef boyardee reg ; beef ravioli,0,Meat
cheriyaki glaze,0,Additive
chermoula dressing,0,Additive
chermoula marinade,0,Dish
cherry advocaat,0,Additive
cherry apricot,0,Additive
cherry blossom,0,Additive
cherry brandy liqueur,0,Beverage-Alcoholic
cherry chocolate bar,0,Plant
cherry compote juice,1,Beverage
cherry green,0,Additive
cherry heirloom tomato,0,Fruit
cherry herring liqueur,0,Additive
cherry jam apricot,0,Fruit
cherry jam raspberry,0,Fruit
cherry juice concentrate,0,Beverage
cherry kijafa wine,0,Beverage-Alcoholic
cherry liqueur extract,0,Additive
cherry liqueur nalewka babuni wine,0,Beverage-Alcoholic
cherry liquor,0,Additive
cherry oil,0,Additive
cherry pepper pt,0,Condiment
cherry pepper too,0,Condiment
cherry pie,0,Dish
cherry stem,0,Additive
cherry vanilla pastry cream,0,Dairy
cherry whiskey,0,Additive
chestnut meat,0,Fruit
chestnut spread,0,Fruit
chevre,1,Dairy
chevre cheese cream,0,Dairy
chevre cheese garlic,0,Dairy
chevre cheese tomato dill green onion,0,Dairy
chewy peasant bread,1,Bakery
chex cereal,0,Cereal
chi seasoning mix,0,Spice
chi taco seasoning green chilies onion,0,Herb
chia powder,0,Spice
chiabatta type bread,0,Bakery
chianti wine chardonnay,0,Beverage-Alcoholic
chick pea garbanzo bean,0,Legume
chicken bake yourself,1,Meat
chicken base better than bouillon granule,1,Meat
chicken base prefer brand vegeta,1,Meat
chicken base than bouillon might,1,Meat
chicken base water,1,Meat
chicken beef broth,1,Meat
chicken beef chorizo sausage,1,Meat
chicken beef tamale,1,Dish
chicken below,1,Meat
chicken blood vinegar,1,Meat
chicken bouillon concentrate,1,Meat
chicken breast beef,1,Meat
chicken breast broth,1,Meat
chicken breast cheat chunk,1,Meat
chicken breast chickien strip,1,Meat
chicken breast chunk,1,Meat
chicken breast half meat,1,Meat
chicken breast half rotissiere,1,Meat
chicken breast lengthwise,1,Meat
chicken breast like,1,Meat
chicken breast pepper,1,Meat
chicken breast rotisserie work great,1,Meat
chicken breast salt,1,Meat
chicken breast salt pepper,1,Meat
chicken breast stock,1,Meat
chicken breast tip,1,Meat
chicken breast turkey bacon,1,Meat
chicken breast white meat only,1,Meat
chicken breast yourself,1,Meat
chicken broccoli flavor rice roni,1,Cereal
chicken broth bouillon,1,Meat
chicken broth italian herb,1,Meat
chicken broth powder,1,Meat
chicken broth vegetable,1,Dish
chicken bullion optional,1,Meat
chicken carcass meat,1,Meat
chicken carcass meat remaining,1,Meat
chicken cheese enchilada soup,1,Dish
chicken chilli,1,Meat
chicken chilli chili,1,Meat
chicken coating mix,1,Spice
chicken consomme seasoning mix,1,Spice
chicken consomme soup seasoning mix,1,Spice
chicken consomme tomato soup,1,Dish
chicken consomme water,1,Meat
chicken crackling,1,Meat
chicken cube bouillon soup,1,Meat
chicken curry,1,Meat
chicken dark meat,1,Meat
chicken demi glace,1,Condiment
chicken fajita seasoning,1,Meat
chicken filling,1,Meat
chicken flavor rice vermicelli mix,1,Spice
chicken garlic rice vermicelli mix,1,Spice
chicken ham,1,Meat
chicken ham stock,1,Meat
chicken lamb stock,1,Meat
chicken large,1,Meat
chicken leg breast,1,Meat
chicken leg quarter water,1,Meat
chicken marinade,1,Meat
chicken marinade lea,1,Meat
chicken meat rotisserie,1,Meat
chicken mid joint wing,1,Meat
chicken mince,1,Meat
chicken optional,1,Meat
chicken oxo,1,Meat
chicken pasta,1,Meat
chicken pork,1,Meat
chicken pork butt,1,Meat
chicken pork stock,1,Meat
chicken pot roast,1,Meat
chicken potato chip,1,Dish
chicken prefer,1,Meat
chicken ramen noodle soup,1,Meat
chicken ravioli,1,Meat
chicken rice mix roni,1,Spice
chicken roast,1,Meat
chicken rotisserie,1,Meat
chicken salami pork,1,Meat
chicken salt,1,Additive
chicken sausage garlic flavor,1,Meat
chicken sausage spinach,1,Meat
chicken sausage turkey,1,Meat
chicken schnitzel,1,Meat
chicken seitan,1,Meat
chicken shake n bake,1,Meat
chicken shrimp,1,Meat
chicken souvlaki wrap,1,Meat
chicken spinach sausage,1,Meat
chicken stew,1,Meat
chicken stock base powder mix,1,Meat
chicken stock basic,1,Meat
chicken stock be,1,Meat
chicken stock better,1,Meat
chicken stock broth okay,1,Meat
chicken stock chili,1,Meat
chicken stock cube powder,1,Meat
chicken stock etc,1,Meat
chicken stock extra,1,Meat
chicken stock fillet,1,Meat
chicken stock giblet,1,Meat
chicken stock gluten,1,Meat
chicken stock half,1,Meat
chicken stock home,1,Meat
chicken stock hot,1,Meat
chicken stock ideally,1,Meat
chicken stock instead,1,Meat
chicken stock may,1,Meat
chicken stock may fish,1,Meat
chicken stock mix,1,Meat
chicken stock my,1,Meat
chicken stock not broth,1,Meat
chicken stock optional,1,Meat
chicken stock ordinary bullion cube are salty,1,Meat
chicken stock oxo cube,1,Meat
chicken stock parmesan cheese,1,Dairy
chicken stock powder cube,1,Meat
chicken stock powder cube instead,1,Meat
chicken stock powder water,1,Meat
chicken stock reduction,1,Meat
chicken stock reduction bouillon water,1,Meat
chicken stock salt broth,1,Dish
chicken stock salt pepper,1,Spice
chicken stock soup base that choice,1,Meat
chicken stock sub beef broth,1,Meat
chicken stock thigh,1,Meat
chicken stock try,1,Meat
chicken stock up,1,Meat
chicken stock vegetarian,1,Dish
chicken stock water base,1,Meat
chicken stock water bouillon cube,1,Meat
chicken stock water boullion granule,1,Meat
chicken stock white,1,Meat
chicken stock will,1,Meat
chicken strip breast meat,1,Meat
chicken taco meat,1,Meat
chicken tamale,1,Meat
chicken tamale beef,1,Dish
chicken tender strip,1,Meat
chicken tender tenderloin,1,Meat
chicken tender tyson,1,Meat
chicken that,1,Meat
chicken thigh breast,1,Meat
chicken thigh lengthwise,1,Meat
chicken thigh meat,1,Meat
chicken thigh smallest soak up most sauce,1,Meat
chicken topping,1,Meat
chicken tortellini,1,Meat
chicken tortellini cheese,1,Dish
chicken turkey sausage,1,Meat
chicken usually boil breast,1,Meat
chicken vegetable are,1,Dish
chicken vegetable broth,1,Dish
chicken vegetable choice,1,Dish
chicken wild rice,1,Dish
chicken wing drumettes,1,Meat
chickpea aka garbanza bean,0,Legume
chickpea bean,0,Legume
chickpea juice,0,Legume
chickpea noodle,0,Legume
chief green seasoning,1,Additive
chihuaua cheese,0,Dairy
chile cayenne,0,Vegetable
chile chili powder,0,Spice
chile con queso,0,Condiment
chile garlic butter,1,Dairy
chile jalapeno,0,Spice
chile jelly below,0,Spice
chile lime marinade,1,Fruit
chile negro,1,Spice
chile pepper thai chili sauce,1,Vegetable
chile puree,0,Spice
chile sauce without bean,0,Additive
chile seasoning,0,Spice
chile seed,0,Spice
chile vinaigrette,0,Additive
chilean sauvignon blanc,1,Beverage-Alcoholic
chili aji,0,Spice
chili beef bean,0,Meat
chili beef soup,0,Dish
chili cheese flavor corn chip,0,Maize
chili cheese flavor fritos corn chip,0,Maize
chili depending how,0,Spice
chili flake adjust,1,Spice
chili flake black,0,Spice
chili flake fun,1,Spice
chili flake hot,0,Spice
chili flake optional,0,Spice
chili flake pepper,0,Spice
chili flake red,0,Spice
chili flake tsp,0,Spice
chili flavor ranch black bean,0,Legume
chili garlic lime marinade,1,Condiment
chili garlic sauce better,1,Condiment
chili garlic sauce brand,0,Condiment
chili garlic sauce chilies red flake,0,Condiment
chili garlic sauce eat spicy,1,Condiment
chili garlic sauce market,0,Condiment
chili garlic sauce rooster brand,1,Condiment
chili garlic sauce sambal olek,0,Condiment
chili garlic sauce soybean paste,0,Condiment
chili hot pepper oil,1,Vegetable
chili lime salsa,0,Condiment
chili mayo,0,Condiment
chili meat,0,Meat
chili meat bean,0,Dish
chili mixture,0,Spice
chili n't mince,1,Spice
chili oil cayenne,0,Plant Derivative
chili oil cayenne salad,0,Plant Derivative
chili oil flake,1,Plant Derivative
chili oil layu,0,Plant Derivative
chili oil much heat,0,Plant Derivative
chili oil neutral,0,Plant Derivative
chili oil olive powder,0,Plant Derivative
chili oil peanut,0,Plant
chili oil rayu,1,Plant Derivative
chili oil sauce,0,Condiment
chili oil variety,0,Plant Derivative
chili paste asian sauce,0,Additive
chili paste basil leaf,1,Herb
chili paste bean,1,Dish
chili paste chilli,0,Plant Derivative
chili paste chilli water,0,Plant Derivative
chili paste flake,1,Spice
chili paste oil,1,Plant Derivative
chili paste oriental,0,Plant Derivative
chili paste pepper,0,Spice
chili paste pepper sauce,1,Condiment
chili paste powder,0,Spice
chili paste prik pao,0,Plant Derivative
chili paste prik pao oil,1,Condiment
chili paste puree,0,Plant Derivative
chili paste red chilies,0,Vegetable
chili paste red pepper,1,Vegetable
chili paste serrano,0,Vegetable
chili paste soybean oil,1,Plant Derivative
chili paste water,0,Plant Derivative
chili pepper flake heat,0,Spice
chili pepper flake jalapeno,0,Spice
chili pepper jam,0,Spice
chili pepper pasta,1,Spice
chili pepper poblano preferably,1,Spice
chili pepper sauce,0,Condiment
chili pepper sauce thai garlic,0,Additive
chili relish,0,Spice
chili sauce brown sugar,1,Additive-Sugar
chili sauce chilli do n't like too spicy,0,Condiment
chili sauce duck,0,Condiment
chili sauce mix,1,Condiment
chili sauce per,0,Condiment
chili sauce thai chli,1,Condiment
chili save remainder,0,Spice
chili seasoning mix mccormick seasoning,1,Spice
chili seasoning mix pepper,0,Spice
chili spicy,1,Legume
chili tomato,0,Vegetable
chili turkey,0,Spice
chili type bean black,0,Legume
chili vinegar,0,Plant Derivative
chilies below,1,Spice
chilies chili,0,Spice
chilies chili oil,1,Plant Derivative
chilies chilli powder,1,Spice
chilies like poblanos jalapeno bell pepper,0,Vegetable
chilies overnight,0,Spice
chilies red chili pepper flake,0,Spice
chilies roughly,0,Spice
chilies sauce,0,Additive
chilies thai red chili pepper,0,Spice
chilies wish,0,Spice
chilli chip,1,Spice
chilli dipping sauce,0,Condiment
chilli juice,0,Beverage
chilly chili pepper flake,0,Spice
chilpotle chili,0,Spice
chimichurri master mix rub,0,Spice
chimichurri sauce scallion,1,Additive
chimichurri seasoning,0,Spice
china grass,0,Essential Oil
chinata paprika,0,Vegetable
chinese,0,Vegetable
chinese barbeque sauce,0,Condiment
chinese bean garlic sauce,1,Additive
chinese bellflower sesame oil,0,Essential Oil
chinese black mushroom without stem,1,Fungi
chinese brown bean sauce,1,Additive
chinese brown bean sauce tenmienjan,1,Additive
chinese cabbage choy,1,Vegetable
chinese chili bean sauce,0,Additive
chinese chili oil,1,Plant Derivative
chinese chive green,0,Vegetable
chinese dark sesame oil,0,Essential Oil
chinese dark soy sauce,0,Additive
chinese duck,1,Meat
chinese duck sauce apricot fruit spread,1,Meat
chinese duck sausage,0,Dish
chinese egg noodle ramen,0,Cereal
chinese egg wrap,1,Meat
chinese fish sauce,0,Additive
chinese flat rice noodle pho,1,Cereal
chinese flower pepper market,1,Spice
chinese garlic chive,0,Vegetable
chinese green,0,Spice
chinese gunpowder green tea,0,Beverage
chinese hot soup,1,Spice
chinese jujube,1,Fruit
chinese marinade,0,Dish
chinese mein noodle,1,Cereal
chinese moo,0,Dish
chinese mushroom thinly,1,Fungi
chinese mustard pickle,0,Spice
chinese noodle market,0,Cereal
chinese noodle spaghetti,0,Cereal
chinese olive,0,Plant
chinese parsley root,0,Spice
chinese pepper sauce,0,Condiment
chinese pork sausage,0,Dish
chinese red bean curd,0,Legume
chinese red chili pepper do n't eat these,1,Vegetable
chinese red pepper oil,1,Vegetable Fruit
chinese red pepper powder,1,Spice
chinese red rice wine,1,Beverage-Alcoholic
chinese rice cooking wine,0,Beverage-Alcoholic
chinese rice wine mirin,0,Beverage-Alcoholic
chinese rice wine vinegar,1,Beverage-Alcoholic
chinese roast duck meat,0,Meat
chinese sauce,0,Condiment
chinese sausage diagonally,1,Dish
chinese sausage lap cheong,1,Dish
chinese sausage thinly,0,Dish
chinese soy sauce,0,Additive
chinese stew meat,0,Meat
chinese vegetable bamboo shoot,1,Plant
chinese vegetable omit,1,Vegetable
chinese vermicelli,0,Cereal
chinese vinegar,0,Plant Derivative
chinese wheat flour noodle,1,Cereal
chinese white rice vinegar cider not,0,Beverage-Alcoholic
chinese white rice vinegar wine,0,Beverage-Alcoholic
chinese winter melon,0,Fruit
chinese yam,0,Vegetable
chinese yard bean,0,Legume
chinese yardlong bean,0,Legume
chip bite,0,Bakery
chip carrot,0,Vegetable
chip cookie,0,Bakery
chip pretzel,0,Bakery
chip steak,0,Fish
chiplote tabasco pepper sauce,0,Condiment
chipolata beef sausage,0,Dish
chipotle,1,Spice
chipotle adobo,0,Vegetable
chipotle cheddar cheese pepperjack,0,Dairy
chipotle chicken sausage,1,Meat
chipotle chile pepper make,0,Spice
chipotle chile sauce,0,Spice
chipotle chili adobo sauce,0,Additive
chipotle chili pepper flake,0,Spice
chipotle chili powder,0,Spice
chipotle chili rub seasoning,1,Spice
chipotle chili sauce jalapeno juice,0,Additive
chipotle chili seasoning,0,Spice
chipotle chili seasoning mix,0,Spice
chipotle cream,0,Additive
chipotle cream sauce,1,Additive
chipotle lime,1,Fruit
chipotle lime rub seasoning,0,Spice
chipotle pepper sauce,0,Additive
chipotle pepper tortilla,0,Spice
chipotle powder adjust,1,Spice
chipotle powder chili,0,Spice
chipotle powder garlic,0,Herb
chipotle powder hot,1,Spice
chipotle powder ingredient,0,Spice
chipotle powder paprika,0,Spice
chipotle powder salt,1,Spice
chipotle puree,1,Additive
chipotle salad dressing,0,Dish
chipotle seasoning,1,Spice
chirongi nut,0,Nuts and Seeds
chitarra pasta,0,Cereal
chive cream cheese,0,Dairy
chive green onion,0,Herb
chive onion cream cheese spread,0,Dairy
chocalote cookie crumb,0,Dish
choco bake,0,Meat
chocolate almond,0,Plant Derivative
chocolate almond bark,0,Plant Derivative
chocolate almond coffee flavor,0,Plant Derivative
chocolate almond extract,0,Nuts and Seeds
chocolate bar milk,0,Plant
chocolate bread,0,Plant Derivative
chocolate butter cake mix,0,Dish
chocolate buttercream icing,0,Additive
chocolate cake mix batter,0,Dish
chocolate cake mix without pudding,0,Dish
chocolate candy melt,0,Plant Derivative
chocolate candy sprinkle,0,Plant Derivative
chocolate chip cookie,0,Additive
chocolate chip dark,0,Plant
chocolate coarsely,0,Plant Derivative
chocolate cookie crumb vanilla,0,Dish
chocolate cookie pie crust,0,Bakery
chocolate cool whip,0,Dairy
chocolate couverture,0,Plant Derivative
chocolate cream,0,Dish
chocolate crumb crust,0,Bakery
chocolate crumb crust below,0,Bakery
chocolate crust,0,Bakery
chocolate cupcake,0,Plant Derivative
chocolate custard,0,Plant Derivative
chocolate decorative candy,0,Plant Derivative
chocolate devil cake mix,0,Dish
chocolate digestive biscuit,0,Bakery
chocolate easter egg,0,Meat
chocolate english toffee bar,0,Plant
chocolate extract,0,Plant Derivative
chocolate extract more vanilla,0,Additive
chocolate filling,0,Plant Derivative
chocolate flavor crisp rice cereal,0,Cereal
chocolate flavor nesquik powder drink mix,0,Plant Derivative
chocolate flavoring extract,0,Plant Derivative
chocolate frog,0,Plant Derivative
chocolate fudge pudding,0,Plant Derivative
chocolate gingersnap,0,Plant Derivative
chocolate graham pie crust,0,Bakery
chocolate graham wafer pie crust,0,Bakery
chocolate hazelnut cream wafer,0,Dish
chocolate hazelnut gelato,0,Plant Derivative
chocolate hazelnut neutella,0,Plant Derivative
chocolate hershey syrup,0,Plant Derivative
chocolate leaf,0,Plant Derivative
chocolate liqueur brandy,0,Beverage-Alcoholic
chocolate liqueur white,0,Beverage-Alcoholic
chocolate magic shell ice cream topping,0,Dish
chocolate milk powder,0,Beverage
chocolate mint,0,Additive
chocolate mint cooky,0,Additive
chocolate mint extract,0,Herb
chocolate mint sandwich cookie,0,Additive
chocolate more,0,Plant Derivative
chocolate muffin mix,0,Dish
chocolate nut,0,Plant Derivative
chocolate nutella,0,Plant Derivative
chocolate oetker pudding powder cocoa,0,Seed
chocolate oreo cookie crumb,0,Dish
chocolate pastry cream,0,Dairy
chocolate peanut butter,0,Additive
chocolate potato frosting,0,Additive
chocolate protein powder,0,Plant Derivative
chocolate raspberry rasberry syrup,0,Plant Derivative
chocolate ripple ice cream,0,Dish
chocolate rollettes,0,Plant Derivative
chocolate sandwich,0,Plant Derivative
chocolate sandwich cooky crumb,0,Bakery
chocolate shaving optional,0,Plant Derivative
chocolate sorbet,0,Plant Derivative
chocolate soymilk,0,Plant Derivative
chocolate sprinkle hagelslaag,0,Plant Derivative
chocolate square mexican,1,Plant Derivative
chocolate star,0,Plant Derivative
chocolate syrup caramel sauce,0,Plant Derivative
chocolate syrup cocoa sauce,0,Plant Derivative
chocolate syrup sauce,0,Plant Derivative
chocolate topping,0,Plant Derivative
chocolate wafer crumb syrup,0,Plant Derivative
chocolate wafer pie crust,0,Bakery
choconostle fruit,0,Fruit
choice chicken,1,Meat
choice chunky pasta sauce,0,Additive
choice pizza topping,0,Herb
choice taco shell,0,Bakery
choice vegetable,1,Vegetable
chokecherry syrup,0,Plant Derivative
cholesterol egg noodle,0,Meat
cholesterol egg noodle weight,1,Meat
cholesterol egg product,0,Meat
cholesterol egg substitute,0,Meat
cholula brand sauce,0,Additive
chop meat,0,Meat
chop suey,0,Meat
chorizo italian sausage,0,Meat
chorizo link,0,Meat
chorizo mexican,0,Meat
chorizo sausage mexican,0,Meat
chorizo will be up,1,Meat
chow fun,0,Cereal
chow fun noodle,1,Cereal
chow fun rice noodle,1,Cereal
chow mein,1,Cereal
chow mein noodle breadcrumb,1,Cereal
chow mein noodle type,0,Cereal
chow mein stir fry noodle,1,Cereal
choy chow,0,Vegetable
choy chow mein noodle,0,Cereal
choy garlic ginger stir fry sauce,0,Additive
choy rice noodle,1,Cereal
choy sauce,0,Additive
christie toppable cracker,0,Bakery
christy greek salad dressing,0,Dish
chuck blade roast,0,Dish
chuck extra beef,0,Meat
chuck meat,1,Meat
chuck pork beef,0,Meat
chuck roast beef,0,Meat
chuck roast vegetable oil,0,Plant Derivative
chuck sirloin,0,Meat
chuck steak meat,0,Meat
chuck steak roast,0,Dish
chuck tender roast,1,Dish
chump pork steak chop,1,Meat
chunk celery,0,Vegetable
chunk chicken breast,1,Meat
chunk chicken turkey,1,Meat
chunk gingerroot,0,Spice
chunk meat,0,Meat
chunk pineapple juice,1,Beverage
chunk salami,0,Fish
chunk white chicken,1,Meat
chunk white onion,0,Vegetable
chunk white tuna,1,Fish
chunk winter squash,0,Fruit
chunky,0,Plant Derivative
chunky bleu cheese salad dressing,1,Dish
chunky garden combination pasta sauce,0,Additive
chunky guacamole,0,Dish
chunky marinara sauce,1,Additive
chunky marinara sauce home,0,Additive
chunky pasta sauce mushroom,0,Additive
chunky picante sauce,0,Additive
chunky pizza sauce,0,Additive
chunky rag pasta sauce,0,Additive
chunky salsa taco sauce,0,Additive
chunky spaghetti sauce marinara,0,Condiment
chunky tomato,0,Vegetable
chunky tomato basil pasta sauce,1,Additive
chunky tomato garlic onion sauce,0,Condiment
chutney sauce,1,Additive
ciabatta choice bread,0,Bakery
ciabatta each,1,Bakery
ciabatta horizontally,0,Bakery
ciabatta italian bread,1,Bakery
ciabatta sandwich bun,0,Bakery
ciabatta white bread,0,Bakery
ciclon tequila,0,Beverage-Alcoholic
cilantro lime butter,0,Dairy
cilantro lime vinaigrette,0,Herb
cilantro root chinese parsley,0,Herb
cilantro root leaf,1,Herb
cinnabon cinnamon,0,Additive
cinnamon almond cookie,0,Additive
cinnamon apple tea,0,Additive
cinnamon applesauce,0,Additive
cinnamon baking chip chocolate morsel,0,Additive
cinnamon cream,0,Additive
cinnamon dough,0,Additive
cinnamon extract,0,Additive
cinnamon liquor,0,Additive
cinnamon raisin bread ezekial,0,Bakery
cinnamon raisin bread sunmaid,0,Bakery
cinnamon sugar vanilla,0,Additive-Sugar
cinnamon tea,0,Additive
cinnamon toast cereal,0,Additive
cinnamon toast crunch cereal,0,Additive
cinnamon toast crunch cereal wheat rice,0,Cereal
cinnamon yogurt,0,Additive
cipollini onion italian pearl,1,Vegetable
citric acid ph canning,0,Spice
citric lemon juice,0,Beverage
citric organic lemon,0,Fruit
citric salt,0,Additive
citric water,0,Additive
citron liqueur,0,Fruit
citronge orange liqueur,0,Beverage-Alcoholic
citrus fruit,0,Fruit
citrus fruit juice,0,Fruit
citrus fruit oil,0,Additive
citrus liqueur van der hum,0,Beverage-Alcoholic
citrus peel glace fruit,0,Fruit
citrus ranch dressing,0,Condiment
citrus seafood rub,0,Spice
citrus sorbet choice,0,Beverage
citrus vinaigrette below,1,Beverage-Alcoholic
citrus vinaigrette dressing,0,Beverage-Alcoholic
citrus zest optional,0,Fruit
cj korean bbq bulgogi marinade,0,Dish
cl tequila,0,Beverage-Alcoholic
clam base,0,Seafood
clam juice chicken broth,1,Meat
clam juice chicken stock,1,Meat
clam juice per person,1,Beverage-Alcoholic
clam meat,0,Seafood
clamato juice e tomato combination,0,Vegetable
clamato juice tomato clam,0,Beverage-Alcoholic
clamshell mushroom,0,Fungi
clara ole classic onion garlic pasta sauce,1,Additive
classic beef ravioli,0,Dish
classic hamburger bun,0,Bakery
classic lime jose cuervo margarita mix,0,Spice
classic marinade,1,Dish
classico alfredo sun tomato,1,Dish
classico cheese pasta sauce,0,Additive
classico di genoa pasta sauce pesto,1,Additive
classico four cheese pasta sauce,0,Additive
classico pasta sauce olive,0,Additive
classico spicy red pepper pasta sauce,0,Additive
classico spicy red pepper spaghetti sauce,0,Additive
classico sun tomato basil pasta sauce,0,Additive
classico tomato spaghetti sauce,1,Condiment
clay flower pot,0,Cereal
clean scallop shell,0,Seafood
clear agave nectar,0,Additive
clear beef stock,0,Meat
clear chinese rice wine,1,Beverage-Alcoholic
clear italian salad dressing,0,Condiment
clear jel not sure jell,0,Plant Derivative
clearjel starch,1,Vegetable
clementine orange,0,Fruit
clingstone peach,0,Fruit
clix biscuit,0,Bakery
cloud berry syrup,0,Berry
cloudberry raspberry,0,Fruit
clover leaf crab crabmeat,0,Seafood
club,0,Beverage
club greek seasoning,0,Spice
club house,0,Beverage
club house beef seasoning,0,Spice
club house greek seasoning,0,Spice
club house italiano seasoning,0,Spice
club house seasoning mix,0,Spice
club italian,0,Spice
club soda cream,0,Beverage
club soda sprite,0,Beverage
clubhouse italiano seasoning,0,Spice
clubhouse spicy pepper medley,0,Vegetable
cluster bean,0,Legume
coarsely ice cube,0,Additive
coarsely torn bread,0,Bakery
coarsely torn spinach leaf,0,Vegetable
coarsley corn chip,0,Maize
cobb loaf vienna bread,0,Bakery
cobbler topping,0,Spice
coca cola chicken,1,Meat
coca cola classic,0,Beverage
coca cola dr pepper,0,Spice
coca cola pepsi,0,Beverage
coca cola water,1,Additive
cocktail frankfurter,0,Dish
cocktail fruit green cherry lemon,0,Additive
cocktail gherkin,0,Beverage
cocktail like hillshire farm beef lit,0,Meat
cocktail mix margarita,0,Spice
cocktail pumpernickel bread,0,Bakery
cocktail sausage,0,Dish
cocktail sausage link,0,Dish
cocktail shrimp,1,Seafood
cocktail vienna sausage,0,Dish
cocktail wiener,0,Dish
coco lopez milk,0,Dairy
coco pop cereal krispies,0,Cereal
cocoa bean,0,Legume
cocoa butter,0,Dairy
cocoa drinking chocolate,0,Plant Derivative
cocoa krispies cereal,0,Seed
cocoa may,0,Seed
cocoa milk mix,0,Seed
cocoa mix serving,0,Seed
cocoa more,0,Seed
cocoa nib,0,Seed
cocoa powder dark,0,Plant
cocoa powder dark chocolate,0,Plant
cocoa powder not,0,Seed
cocoa powder optional,0,Seed
cocoa powder red,0,Seed
cocoa sugar,0,Additive
coconut cake,0,Bakery
coconut cream powder,0,Fruit
coconut cupcake,0,Bakery
coconut extract almond,0,Nuts and Seeds
coconut extract kick,0,Beverage
coconut extract vanilla,0,Additive
coconut flavoring vanilla extract,0,Additive
coconut frosting,0,Additive
coconut golden brown,1,Additive-Sugar
coconut green,0,Beverage
coconut heavy syrup,0,Dish
coconut jelly,0,Beverage
coconut juice orange,0,Fruit
coconut juice soda,0,Beverage
coconut leaf banana,0,Fruit
coconut mango jasmine rice,0,Cereal
coconut milk optional,1,Fruit
coconut milk stuff,0,Fruit
coconut milk yogurt,0,Dairy
coconut nut,0,Beverage
coconut oil no cooking spray,0,Fruit
coconut paste milk,0,Fruit
coconut paste out,1,Beverage
coconut rum extract,0,Beverage
coconut rum malibu,0,Beverage-Alcoholic
coconut sorbet,0,Beverage
coconut syrup flavoring,0,Plant Derivative
coconut syrup torani,0,Plant Derivative
coconut water zico,1,Fruit
cod cheek,1,Fish
codfish steak,0,Fish
coffee brandy,0,Beverage-Alcoholic
coffee cake,0,Beverage Caffeinated
coffee creamer blueberry,0,Fruit
coffee espresso,0,Beverage
coffee extract black may be here,0,Beverage
coffee extract essence,0,Beverage Caffeinated
coffee extract water,0,Additive
coffee flavoring powder,0,Beverage
coffee infused vodka,0,Beverage-Alcoholic
coffee liqueur chocolate,0,Beverage-Alcoholic
coffee liqueur water,0,Beverage-Alcoholic
coffee mate creme creamer,0,Beverage Caffeinated
coffee tequila,0,Beverage Caffeinated
coffee yogurt,0,Dairy
cognac brandy,0,Beverage-Alcoholic
coix seed,0,Spice
cojita mexican cheese,1,Dairy
coke diet,0,Beverage-Alcoholic
coke this ha been,0,Essential Oil
cola like sweeter,0,Beverage
colaciones candy,0,Plant Derivative
colby jack cheddar cheese,0,Dairy
colby jack cheese jalapeno,0,Dairy
colby pepperjack cheese,1,Dairy
cold basmati rice,0,Cereal
cold cola,0,Beverage
cold cream,0,Dairy
cold egg white,0,Meat
cold jasmine rice,0,Cereal
cold lard,0,Meat
cold rice milk,0,Dairy
cold water ice,0,Additive
coleslaw carrot,0,Vegetable
coleslaw green cabbage carrot,0,Vegetable
coleslaw mix green cabbage carrot,0,Vegetable
coleslaw salad dressing,0,Dish
collard green lengthwise,0,Vegetable
college inn beef stock,0,Meat
colossal green olive,1,Plant
colossal shrimp back,1,Seafood
combination fruit,0,Fruit
combination seasoning,0,Spice
combination veal pork,0,Meat
complete caesar salad,1,Dish
complete pancake,0,Dish
complete seasoning,1,Spice
comstock brand pie,0,Dish
con azafran seasoning,1,Spice
concentrate orange juice,0,Fruit
conch clam,0,Seafood
concha bread,1,Bakery
conchiglie pasta,0,Cereal
consomme stock choice,0,Dish
cont mushroom,0,Fungi
contadina tomato,0,Vegetable
continental 'cream soup,0,Dish
continental bread,0,Bakery
continental chicken stock,1,Meat
continental hot dog,0,Dish
cook type clear jel,0,Plant Derivative
cook vanilla pudding,0,Dish
cook vareniky,0,Dish
cookie dough frosting,0,Cereal
cookie layer,0,Plant Derivative
cookie mix betty crocker,0,Dish
cookie pie crust,0,Bakery
cooking flour,0,Cereal
cooking german chocolate,0,Plant Derivative
cooking grain rice,1,Cereal
cooking great,0,Fruit
cooking hominy grit,0,Cereal
cooking oil amount,0,Additive
cooking oil canola,0,Plant Derivative
cooking oil chicken,1,Additive
cooking oil coconut,0,Fruit
cooking oil coconut olive,0,Additive
cooking oil crisco,0,Additive
cooking oil duck,1,Additive
cooking oil grape seed,0,Additive
cooking oil not olive,0,Additive
cooking oil olive,0,Additive
cooking oil olive because wa handy,0,Additive
cooking oil peanut,0,Plant
cooking oil point,0,Additive
cooking oil reduce half,0,Additive
cooking oil spray,0,Additive
cooking oil sunflower,0,Additive
cooking oil veggie,0,Additive
cooking olive,0,Plant
cooking pearl barley,0,Beverage-Alcoholic
cooking pressure cooker beef stock qt,0,Meat
cooking rice seasoning,0,Cereal
cooking spoon sofrito sauce,0,Condiment
cooking spray canola oil,1,Plant Derivative
cool,0,Dairy
cool ranch doritos,1,Dairy
cool whip topping cream,0,Dairy
coors beer,0,Beverage
coppa ham,0,Meat
copycat lipton onion,0,Vegetable
corander seed,0,Spice
coriander chicken,1,Meat
coriander dhaniya powder,0,Herb
coriander do not like cilantro,1,Herb
coriander keep,1,Herb
coriander optional,0,Herb
coriander paste,0,Herb
coriander root well,1,Herb
coriander roughly,0,Herb
coriander seed better,0,Herb
coriander seed cilantro,0,Herb
coriander seed root,1,Herb
coriander seed well,0,Herb
coriander vietnamese,0,Herb
corinader seed,0,Spice
corkscrew macaroni salt,0,Cereal
cormick lime mayonnaise,0,Condiment
corn beef brisket,0,Meat
corn bread topping,0,Dish
corn breadcrumb,0,Maize
corn broccoli red pepper,0,Vegetable Fruit
corn chip black,0,Maize
corn chip nacho,0,Maize
corn chip salt,0,Maize
corn chip taco shell,0,Bakery
corn chowder,0,Maize
corn crosswise,0,Maize
corn each,1,Maize
corn ear now,1,Maize
corn flake buttery cracker,0,Maize
corn flake cereal grain,0,Maize
corn flake crumb breadcrumb,0,Maize
corn flake gluten,0,Maize
corn flake run,0,Maize
corn flour tortilla,0,Dish
corn grit,1,Maize
corn husk enough steamer basket,0,Maize
corn husk overnight,1,Maize
corn ingredient,0,Maize
corn instead,0,Maize
corn juice,0,Maize
corn lime juice fiesta combo,0,Beverage
corn measurement,0,Maize
corn mexicorn,0,Maize
corn moist bread,0,Dish
corn muffin,0,Maize
corn muffin breadcrumb,0,Maize
corn mushroom,0,Fungi
corn niblets vegetable,0,Maize
corn oil chow african seasoning paste,0,Maize
corn oil deep,0,Maize
corn oil enough,1,Maize
corn oil lard,1,Maize
corn oil margarine,0,Maize
corn oil meat,1,Maize
corn oil more,0,Maize
corn oil neutral,0,Maize
corn oil sesame,0,Essential Oil
corn pea,0,Maize
corn right,0,Maize
corn salsa,0,Additive
corn salt,0,Additive
corn soup,0,Maize
corn special k cereal,0,Maize
corn starch,1,Maize
corn taco shell,0,Bakery
corn tomato salsa,1,Condiment
corn tortilla chip vegetable,0,Bakery
corn truffle,0,Dish
cornbread crust,1,Dish
cornbread milk egg,0,Meat
cornbread mix batter,0,Dish
cornbread mix martha white,0,Dish
cornbread twist dough,0,Cereal
cornbread vegetable,0,Vegetable
cornhusk,0,Maize
cornichon gherkin,0,Gourd
cornichons cucumber,0,Gourd
cornichons gherkin,0,Gourd
cornish game hen,1,Meat
cornish game hen lengthwise,1,Meat
cornmeal fryer mix,1,Maize
cornmeal kaiser,1,Maize
cornmeal mix,0,Maize
cornmeal thyme dumpling,0,Herb
cornstarch dissolved,0,Maize
cost german pork schnitzel,0,Meat
costeno amarillo chile pepper,0,Spice
cotechino sausage,1,Dish
cotta salami,0,Fish
cottage,0,Dairy
cottage cheese chive,0,Dairy
cottage cheese milk,0,Dairy
cottage garden rose petal syrup,0,Dairy
cotto salami,0,Fish
cotton string,0,Cereal
course breadcrumb,0,Bakery
cousa squash,1,Fruit
cow meat,0,Meat
cow milk,0,Dairy
cow milk cheese,0,Dairy
cow sweetbread,0,Bakery
cow udder,0,Meat
cox apple,0,Fruit
crab claw open,1,Seafood
crab delight,0,Seafood
crab roe,0,Seafood
crab salad,0,Dish
crab shell,0,Seafood
crabmeat brown,0,Seafood
crabmeat cartilage,0,Seafood
crabmeat chicken,1,Meat
crabmeat chunk,0,Seafood
crabmeat crab may,0,Seafood
crabmeat paper towel,1,Seafood
crabmeat surimi,0,Seafood
crabmeat white brown,0,Additive
crabsticks lengthwise,0,Gourd
cracker barrel,0,Cereal
cracker barrel sharp cheddar cheese,0,Dairy
cracker barrel swiss au gratin cheese,0,Dairy
cracker chip,0,Bakery
cracker crostini,0,Bakery
cracker crumb breadcrumb,0,Bakery
cracker crumb panko,0,Bakery
cracker crumb saltine,0,Bakery
cracker grain nice,0,Bakery
cracker italian bread,0,Bakery
cracker meal corn flake,0,Maize
cracker meal fine breadcrumb,0,Bakery
cracker ritz,0,Bakery
cracker rye bread,0,Bakery
cracker triscuits are,0,Bakery
crackling,0,Meat
craisin,1,Fruit
cranberry almond,0,Nuts and Seeds
cranberry apple chutney,1,Additive
cranberry beer,0,Beverage
cranberry chutney,0,Additive
cranberry jell o gelatin,0,Additive
cranberry juice diet,0,Beverage
cranberry potato bun,1,Bakery
cranberry trail mix,0,Dish
cranberry walnut bread,1,Nuts and Seeds
cream anything soup mix,0,Dish
cream buckwheat,0,Dairy
cream celery soup golden mushroom,1,Dish
cream cheese dip,0,Dairy
cream cheese filling,0,Dairy
cream cheese garlic,0,Dairy
cream cheese garlic herb,0,Dairy
cream cheese green onion,0,Dairy
cream cheese lengthwise,0,Dairy
cream cheese non,0,Dairy
cream cheese vanilla,0,Dairy
cream cheese version,0,Dairy
cream chicken broccoli soup,1,Meat
cream chicken herb soup,1,Meat
cream chicken soup each cr nacho cheese,1,Meat
cream chicken soup each mushroom,1,Meat
cream chicken soup water,1,Meat
cream chicken stock,1,Meat
cream chocolate,0,Dish
cream chocolate shaving,0,Dish
cream cilantro,0,Additive
cream corn even better,1,Maize
cream cracker,0,Dairy
cream decide what percent,0,Dairy
cream diet yogurt,0,Dairy
cream do n't,0,Dairy
cream extra creamy,0,Dairy
cream filling,0,Dairy
cream goat cheese,0,Dairy
cream golden mushroom soup,0,Dish
cream heavy be,0,Dairy
cream jalapeno pepper,0,Spice
cream layer,0,Condiment
cream lighten by milk,1,Dairy
cream maybe le,0,Dairy
cream mock,0,Dairy
cream mushroom soup chicken gravy,1,Meat
cream mushroom soup great,0,Dish
cream mushroom soup mix,0,Dish
cream mushroom soup mix cheese leek,0,Dish
cream mushroom soup mix chicken,1,Meat
cream mushroom soup optional,1,Dish
cream mushroom soup water,0,Dish
cream no sugar,0,Additive
cream non dairy topping,0,Dairy
cream onion dip,0,Vegetable
cream onion soup mushroom,0,Dish
cream parsley,1,Spice
cream pie pastry,0,Bakery
cream powder,0,Dairy
cream preferably,0,Dairy
cream qashta,0,Dairy
cream sauce layer,0,Additive
cream shrimp soup mushroom,0,Dish
cream something soup,0,Dish
cream soup mushroom,1,Dish
cream soup sauce base,0,Additive
cream soup substitute,0,Condiment
cream soya,0,Dairy
cream squirty,0,Dairy
cream sugar ice cone,0,Dish
cream vanilla,0,Dish
cream vanilla pudding,0,Dish
cream wheat cereal,1,Cereal
cream wheat enough,0,Cereal
cream wheat farina,1,Cereal
cream wheat semolina,0,Cereal
cream whiskey liqueur amount,0,Beverage-Alcoholic
cream yogurt,0,Dairy
cream youghurt,0,Dairy
creamy,0,Additive
creamy bleu cheese salad dressing,0,Condiment
creamy chevre cheese,0,Dairy
creamy chicken corn soup,1,Meat
creamy chicken soup powder,1,Meat
creamy chicken verde soup,1,Meat
creamy cucumber salad dressing ranch,0,Dish
creamy dill dressing,0,Additive
creamy dill mustard,0,Spice
creamy dill ranch dressing,0,Dish
creamy garlic dressing,0,Dish
creamy garlic dressing italian,0,Dish
creamy garlic dressing italian salad,0,Dish
creamy garlic salad dressing,1,Dish
creamy greek salad dressing below,0,Dish
creamy greek yogurt,0,Dairy
creamy honey mustard dressing,0,Plant Derivative
creamy jalapeno sauce,1,Spice
creamy parmesan peppercorn salad dressing,1,Condiment
creamy pesto sauce mix,0,Herb
creamy potato garlic soup,0,Vegetable
creamy ramen noodle,0,Cereal
creamy ranch salad dressing,0,Condiment
creamy salad dressing cheese,0,Condiment
creamy salsa,1,Condiment
creamy tomato basil pasta sauce,0,Additive
creamy vanilla frosting,0,Condiment
creamy vanilla spread frosting,0,Condiment
creamy verde soup,1,Vegetable
creamy white frosting,0,Dish
crema cream ok,0,Dairy
crema mexicana,0,Condiment
crema milk,0,Dairy
creme,0,Dairy
creme anglaise,0,Dairy
creme chocolate shaving,0,Plant Derivative
creme de cacao liqueur,0,Beverage-Alcoholic
creme de coconut,0,Beverage-Alcoholic
creme de menthe baking chip,0,Beverage-Alcoholic
creme de menthe candy,0,Beverage-Alcoholic
creme de menthe liqueur,0,Beverage-Alcoholic
creme de peach liqueur,0,Beverage-Alcoholic
creme fraiche liquor,0,Dairy
creme menthe liqueur,0,Beverage-Alcoholic
creme yvette,0,Beverage-Alcoholic
cremini mushroom cap,0,Fungi
crenshaw melon,0,Fruit
creol seasoning,0,Spice
creole blackening seasoning,1,Spice
creole cajun seasoning mix,0,Plant Derivative
creole pepper marinade,0,Spice
creole rice mix,1,Cereal
creole sauce,0,Additive
creole seasoning emeril,1,Spice
creole vinaigrette,0,Plant Derivative
crescent biscuit,1,Bakery
crescent brown,0,Additive-Sugar
crescent dinner vegan,0,Bakery
crescent dough pastry,0,Dish
crescenza stracchino cheese,0,Dairy
crimini mushroom baby bella,1,Fungi
crimson yam,0,Vegetable
crisco olive oil,0,Plant Derivative
crisco reg ; butter,0,Dairy
crisco reg ; vegetable oil,0,Plant Derivative
crisco vegetable lard,0,Meat
crisp cookie,0,Meat
crisp corn,0,Maize
crisp corn tortilla,0,Dish
crisp rye cracker breadcrumb,0,Bakery
crisp salad green,0,Vegetable
crisp toast,0,Meat
crisply bacon,0,Meat
croaker fish,0,Fish
crock pot chicken breast freezing oamc,1,Meat
crocodile tail steak,0,Meat
crookneck yellow squash lengthwise,0,Fruit
cross rib roast blade,0,Meat
crostini cracker,0,Bakery
crottin goat cheese,0,Dairy
crown royal canadian rye whisky,0,Beverage-Alcoholic
crumb,0,Bakery
crumb graham cracker may,0,Bakery
crumb pie shell,0,Bakery
crumble,0,Dish
crumble topping,0,Additive
crumbly goat cheese,0,Dairy
crushedritz cracker,1,Bakery
crust bread,0,Bakery
crust cheese pizza,0,Bakery
crust french bread,0,Bakery
crust pizza,0,Bakery
crust pizza dough pillsbury,0,Bakery
crustless bread,1,Bakery
crustly italian bread,0,Bakery
crystal,0,Beverage
crystal drink mix,0,Dish
crystal farm monterey jack cheese,0,Dairy
crystal hot sauce,1,Condiment
crystal lemonade mix,0,Beverage
crystal lite lemonade up,1,Beverage
cuajada jelly,0,Fruit
cuban,0,Bakery
cuban bread cube,0,Bakery
cuban marinade,1,Dish
cuban roast pork,0,Meat
cuban seasoning,1,Spice
cube beef,0,Meat
cube cold beef tongue,0,Meat
cube steak each,1,Meat
cube steak total,0,Meat
cube veal,1,Meat
cucumber dill salad dressing,0,Gourd
cucumber raita,0,Gourd
cucumber ranch dressing,0,Condiment
cuervo margarita mix,0,Dish
culantro by half,0,Herb
culinary 'provence lavender bud,1,Flower
culinary grade lavender,0,Flower
culinary lavender flower,0,Flower
culinary lavender oil,0,Additive
cumin coriander powder,0,Spice
cumin seed heat,0,Spice
curd cheese cottage,0,Dairy
curly edge lasagna noodle,1,Cereal
curly endive,0,Vegetable
curly french fry,0,Dish
curly lasagna noodle,0,Cereal
curly noodle,1,Cereal
curly salad green,0,Vegetable
curly spinach leaf,0,Vegetable
currant jam,0,Fruit
curry lemon curd,0,Dairy
curry massalla gravy,0,Dish
curry roux,0,Spice
curry vinaigrette,0,Plant Derivative
custard mix,0,Dish
da zero sauce,0,Additive
daim candy bar,0,Plant
dairy creamer,0,Dairy
dairy whipping cream,0,Dairy
damper breadcrumb,0,Bakery
dandelion blossom,0,Vegetable
dandelion flower,0,Fruit
dandelion flower yellow,0,Vegetable
dandelion leaf,0,Herb
dandelion root,0,Spice
dandelion syrup,0,Plant Derivative
danish,0,Dairy
danish almond filling,0,Dish
danish pumpernickel bread rye,0,Bakery
dannon lemon yogurt,0,Dairy
dare breton cracker,0,Bakery
darjeeling english breakfast tea leaf,1,Beverage
darjeeling tea below,0,Beverage
darjeeling tea leaf,0,Beverage
dark,0,Plant
dark brown lentil,1,Legume
dark cane sugar,0,Additive
dark caraway rye bread,1,Bakery
dark cherry preserve,0,Additive
dark cherry syrup,0,Maize
dark chocolate bar s,0,Plant
dark chocolate candy bar,0,Plant
dark chocolate chip manage,0,Plant
dark chocolate chunk,0,Plant
dark chocolate chunk cocopolo,0,Plant
dark chocolate cocoa,0,Plant
dark chocolate dipping,0,Plant
dark chocolate morsel,0,Plant
dark chocolate powder,0,Plant
dark chocolate square coarsely,0,Plant
dark cocoa chocolate,0,Plant
dark espresso bean,0,Legume
dark french mustard,0,Condiment
dark fudge cake mix,0,Dish
dark german beer,0,Beverage
dark grain mustard,0,Condiment
dark green savoy cabbage leaf,1,Vegetable
dark karo syrup,0,Maize
dark loose,0,Plant
dark mexican beer negra modelo,0,Beverage
dark mini chocolate chip,0,Plant
dark miso,0,Spice
dark miso paste,0,Spice
dark miso water,0,Spice
dark mushroom soy sauce,0,Condiment
dark mustard,0,Condiment
dark oriental sesame oil,0,Essential Oil
dark red bean,1,Legume
dark red chili powder,0,Vegetable
dark roast coffee bean,0,Beverage Caffeinated
dark roux,0,Plant
dark stock,0,Dish
dasheen leaf spinach,0,Vegetable
dasheen leaf taro plant spinach,1,Vegetable
dashi basic japanese soup stock mushroom,0,Dish
dashi chicken stock,1,Meat
dashi japanese bonito stock,0,Dish
dashi konbu,1,Seafood
dashi make,0,Dish
dashi see chicken broth,1,Meat
dashi see my,0,Dish
dashi soup stock base,0,Dish
dashi stock check asian market,0,Dish
dashi stock make,1,Dish
dashida beef,0,Meat
dashida salt,0,Additive
dave gourmet insanity sauce,0,Additive
davinci gourmet classic almond syrup,0,Plant Derivative
davinci sugar caramel topping,0,Additive
davinci sugar vanilla syrup,0,Plant Derivative
daylily flower,0,Fruit
de arbol chile,0,Spice
de arbol chile pepper,0,Spice
de gallo seasoning,0,Condiment
de kuyper butterscotch caramel liqueur,0,Beverage-Alcoholic
dean french onion dip,1,Vegetable
decaffeinated coffee,0,Beverage Caffeinated
decent prawn,1,Seafood
decorating sugar,0,Additive
decorative candy,0,Additive
decorator sugar crystal,0,Additive
deep pie crust,0,Bakery
deep red rose petal,0,Flower
deep reindeer meat,0,Meat
deep tostado shell,1,Seafood
deer heart,0,Meat
deer liver,0,Meat
dekuyper apple,0,Fruit
dekuyper apple liqueur,0,Fruit
dekuyper pineapple,0,Beverage
del monte enchilada sauce,1,Condiment
del monte jalapeno pepper tomato,0,Vegetable
del monte kabob kit,0,Vegetable
del monte mexican corn,0,Maize
del monte spaghetti sauce,1,Condiment
deli buffalo chicken dip,1,Meat
deli capicola,0,Meat
deli chicken breast,1,Meat
deli chicken turkey,1,Meat
deli coleslaw,0,Condiment
deli italian vegetable salad,0,Condiment
deli olive,0,Plant
deli onion bun,0,Vegetable
deli rye bread,0,Bakery
deli turkey chicken,1,Meat
deli turkey ham,0,Meat
deli turkey meat,0,Meat
delicata squash butternut,0,Fruit
delice cheese,0,Dairy
delmonte tomato,1,Vegetable
deluxe kraft macaroni cheese dinner mix,0,Dish
deluxe macaroni cheese mix,0,Dish
denjang korean bean,0,Legume
dense bread,0,Bakery
dense brown bread,0,Bakery
dense grain bread,0,Bakery
dense rye bread,0,Bakery
dense white bread,0,Bakery
dense white bread egg,0,Meat
depending red potato,0,Vegetable Tuber
dessert pear,0,Fruit
devil,0,Dish
devil cake mix,0,Dish
devil chocolate cake mix,0,Dish
devil food cake mix chocolate,0,Dish
dhania seed,0,Spice
dhaniya powder coriander,0,Herb
diabetic sugar dark chocolate,0,Plant
diagonally italian bread,1,Bakery
diakon radish,0,Vegetable
diameter pepperoni,0,Meat
diamond walnut,0,Nuts and Seeds
dice red pepper,1,Vegetable Fruit
diet butternut cooky,0,Nuts and Seeds
diet cherry,1,Additive
diet coke,0,Beverage-Alcoholic
diet ginger ale,0,Beverage-Alcoholic
diet grapefruit soda,0,Beverage
diet soda fresca,0,Beverage
dietz organic turkey breast,0,Meat
dietz watson chipotle mayo,0,Additive
dietz watson cranberry honey mustard,0,Additive
dietz watson provolone cheese,0,Dairy
dietz watson rbst picante provolone,0,Additive
dietz watson santa fe turkey breast,0,Meat
digestive natural bran,0,Cereal
dijon lemon vinaigrette,0,Plant Derivative
dijon vinaigrette,0,Plant Derivative
dill leaf seed,0,Herb
dill pickle brine,1,Herb
dill pickle chip,0,Herb
dill pickle cube,0,Herb
dill pickle relish juice,0,Herb
dill relish,1,Herb
dill rye bread,0,Bakery
dinner bread dough,0,Dish
dinner crepe,0,Dish
dinner hamburger bun,1,Bakery
dinner hawaiian,0,Bakery
dinner overnight,0,Bakery
dip mix,1,Dish
dipping bread,0,Bakery
disaronno liquor,0,Beverage-Alcoholic
disco turnover pastry dough,0,Bakery
dish pastry crust,1,Bakery
dish pie plate,0,Bakery
ditalini macaroni,0,Plant
ditalini water,0,Additive
divine fairtrade cocoa,0,Seed
dl cream,0,Dairy
dl vegetable stock,0,Vegetable
doenjang,0,Dish
dog bun ciabatta lengthwise,0,Bakery
dog chili,0,Spice
dole broccoli floret,0,Flower
dole heart,0,Vegetable
dole mango chunk,0,Fruit
dole orange peach mango juice concentrate,1,Fruit
dole reg,0,Spice
dolly banana liqueur,0,Beverage-Alcoholic
dolmio spaghetti sauce,0,Condiment
domaine sparkling wine,0,Beverage-Alcoholic
domestic mushroom,1,Fungi
dominican red bean kidney,0,Legume
don julio reposada tequila,0,Beverage-Alcoholic
doris robert ' meatball,0,Meat
dorrigo mountain pepper,0,Spice
dory fillet,1,Fish
double bouillon cube,0,Dish
double cream brie cheese,0,Dairy
double cream non dairy creamer,0,Dairy
double cream single,0,Dairy
double crust,0,Bakery
double crust pie see note below,0,Bakery
double crust pie shell,0,Bakery
double dark chocolate chip,0,Plant
double devon cream,0,Dairy
double espresso,0,Beverage
double graham wafer,0,Bakery
double pork chop,0,Meat
double strength chicken stock,1,Meat
double strength vanilla extract,0,Essential Oil
dough bread,0,Dish
dough breadstick,0,Cereal
dough enhancer optional,0,Cereal
doughnut dough,0,Cereal
dover sole,0,Fish
dozen almond,0,Nuts and Seeds
dozen cocktail frank,0,Beverage
dozen corn husk,1,Maize
dozen egg wrap,0,Meat
dozen lemon,0,Fruit
dozen pacific oyster,0,Seafood
dozen potsticker gyoza skin,1,Herb
dozen prawn,0,Seafood
dozen quail egg,0,Meat
dozen razor clam,0,Seafood
dozen tamale,0,Dish
dozen toast point,0,Dish
dozen white pearl onion,0,Vegetable
dr oetker caramel creme dessert mix vegetarian,0,Dish
dr oetker whip,0,Dairy
dragee decorative candy,0,Dish
dragon fruit,1,Fruit
dram anise oil,0,Additive
drayman porter,0,Beverage-Alcoholic
dream whip cream,0,Dairy
dream whip cream topping,0,Additive
dream whip topping mix powder,0,Dairy
drink,0,Beverage
dripping cooking oil,0,Additive
dripping lard,0,Meat
dripping oil,0,Additive
dripping roast chicken,1,Meat
dripping vegetable oil,0,Plant Derivative
drk pumpernickel bread,0,Bakery
drumstick fruit,0,Fruit
dubonnet red,0,Berry
duck blood,0,Meat
duck broth chicken,1,Meat
duck carcass,0,Meat
duck giblet,0,Meat
duck leg confit,0,Meat
duck liver sausage,0,Meat
duck meat,0,Meat
duck stock chicken,1,Meat
duck thigh,1,Meat
duck vegetable oil,0,Plant Derivative
dulce de,0,Dish
dulce de caramel sauce,0,Dish
dulce de leche nutella,0,Dish
dulce de leche sauce,0,Dish
dulce de out,0,Dish
dulce milk,0,Dairy
dulcet asian dressing,1,Dish
dulse flake,0,Spice
dulse flake kosher salt,0,Additive-Salt
dulse leaf,0,Plant
dumpling egg noodle,0,Meat
dumpling wrapper look,0,Dish
duncan cream cheese frosting,0,Dairy
duncan dark chocolate cake mix,0,Dish
duncan hines cinnamon swirl muffin mix,0,Maize
duncan hines creamy home,0,Additive
duncan hines moist butter cake mix,0,Dish
duncan hines moist cake mix,0,Dish
duncan hines moist french vanilla cake mix,0,Dish
duncan hines supreme orange cake mix,0,Dish
durian banana extract,0,Essential Oil
durkee sauce,1,Additive
durum flour pasta,0,Cereal
durum wheat flour,0,Cereal
dutch beef,1,Meat
dutch cocoa hershey,0,Plant
dutch gin,0,Beverage-Alcoholic
dynasty chinese stir fry sauce,1,Additive
dynasty chow funn noodle,1,Cereal
dynasty sesame oil,1,Essential Oil
dynasty szechwan chili sauce,1,Condiment
e york steak,0,Meat
ea red chili,0,Vegetable
each coriander,0,Herb
each lemon zest juice,0,Beverage
each pea,0,Legume
each seasoning,0,Spice
each tomatillo,1,Vegetable
eagle brand,0,Condiment
ear,0,Maize
ear corn husk,0,Maize
ear mushroom,1,Fungi
earth balance butter substitute,0,Dairy
earth balance shortening,0,Additive
easiest ever pizza dough,0,Bakery
east african variety olive,0,Plant
east kent golding hop,0,Beverage-Alcoholic
eat ham,0,Meat
eat salad green,0,Vegetable
ebi,0,Seafood
eclair shell pate,0,Dish
edamame bean optional,0,Legume
edgell super corn,0,Maize
edible cake glitter,0,Dish
edible camphor,0,Additive
edible flower calendula,0,Flower
edible flower geranium,0,Flower
edible gold flake,0,Spice
edible gold leaf foil,0,Plant
edible lavender flower,0,Flower
edible orchid leave few,0,Flower
edible pork blood,1,Meat
eel steak,0,Fish
eg shallot,0,Seafood
egg at room temperature,0,Meat
egg beater liquid product,0,Meat
egg beater southwestern red bell pepper,0,Vegetable Fruit
egg bread french,0,Bakery
egg bread pumpernickel,0,Meat
egg dumpling noodle,0,Meat
egg fettuccine noodle,0,Meat
egg mayonnaise,0,Meat
egg noodle chinese,0,Meat
egg noodle choice,1,Meat
egg noodle fettuccine,1,Meat
egg noodle lo mein,1,Meat
egg noodle oil,0,Meat
egg noodle one are,1,Meat
egg noodle pasta,0,Meat
egg noodle weight,0,Meat
egg noodle wheat,0,Meat
egg pasta,0,Cereal
egg pastry dough,0,Meat
egg plus,0,Meat
egg plus white,0,Meat
egg put,0,Meat
egg rotini pasta,0,Meat
egg separate,0,Meat
egg strip,0,Meat
egg white are ok too,0,Meat
egg white batter,1,Meat
egg white bubbly,0,Meat
egg white eggplant,0,Meat
egg white essential,0,Meat
egg white important,0,Meat
egg white lengthwise,0,Meat
egg white liquid substitute,0,Meat
egg white my,0,Meat
egg white no,0,Meat
egg white optional,0,Meat
egg white range,0,Meat
egg white sauce,1,Meat
egg white save,0,Meat
egg white total,0,Meat
egg white yellow,0,Meat
egg wrap bow tie,0,Cereal
egg yolk cream optional,0,Meat
egg yolk half,0,Meat
egg yolk ice water,0,Meat
egg yolk lolol,0,Meat
egg yolk optional,0,Meat
egg yolk per person,0,Meat
egg yolk plus water,0,Meat
egg yolk range,0,Meat
egg yolk reserve,0,Meat
egg yolk reserve white,0,Meat
egg yolk revision below,0,Meat
egg yolk save white,0,Meat
egg yolk substitute,1,Meat
egg yolk vegetable oil,1,Plant Derivative
eggland egg,0,Meat
eggless cookie dough batter,0,Cereal
eggnog extract,0,Meat
eggplant caponata,0,Vegetable
eggplant caviar,0,Vegetable
eggplant crosswise,0,Vegetable
egyptian rice,0,Cereal
eidam cheese,0,Dairy
eight bread,1,Bakery
eight brioche bread,0,Bakery
el cheese taquitos,0,Dairy
el fajita seasoning mix,1,Spice
el jalapeno,0,Spice
el mexicano carne asada seasoning,1,Spice
el paso bean,0,Legume
el paso chile garlic cooking sauce,0,Condiment
el paso taco bake dinner kit,0,Dish
el paso taco sauce,0,Condiment
el paso taco seasoning,1,Spice
el paso tostada,0,Bakery
el patio jalapeno chili sauce,1,Additive
el pato sauce,0,Additive
el ranch o dressing,1,Additive
el salsa enchilada sauce,0,Condiment
el salt taco seasoning,0,Additive-Salt
el seasoning mix,0,Spice
el taco sauce,0,Condiment
el torito adobo al pastor sauce,0,Additive
elbow macaroni ziti,1,Cereal
elderberry juice,0,Fruit
elderberry wine vinegar,1,Fruit
elderflower head,0,Fruit
elderflower liqueur,0,Beverage-Alcoholic
elderflower syrup,0,Plant Derivative
elevated challah,0,Bakery
elk roast meat,0,Meat
elk rump roast,0,Meat
elk steak,0,Fish
elmstock peppermint tea,1,Plant
elpaso enchilada sauce,0,Condiment
emeril essence creole seasoning,0,Spice
emeril essence seasoning,0,Spice
emeril italian spice essence,0,Spice
emeril lagasse essence,0,Spice
emeril red pepper sauce,0,Additive
emeril southwest seasoning,1,Spice
emeril spice essence,1,Spice
emmenthaler cheese coarsely,1,Dairy
emmenthaler cheese jarlsberg,0,Dairy
empanada dough,0,Bakery
empanada pastry,0,Bakery
emu ham,0,Meat
enchilada,1,Additive
enchilada sauce chili,0,Condiment
enchilada sauce choice,0,Condiment
enchilada sauce coriander chili powder,0,Spice
enchilada sauce green chile,0,Condiment
enchilada sauce mexican gravy,1,Condiment
enchilada sauce optional,1,Condiment
enchilada sauce organic,0,Condiment
enchilada sauce paso,0,Condiment
enchilada sauce pasta,1,Condiment
enchilada sauce pick,0,Condiment
enchilada sauce velvet,0,Condiment
end neck welsh lamb,0,Meat
end thing vegetable broth,0,Dish
english cheese velveeta,0,Dairy
english date nut bread,0,Bakery
english double devon cream,1,Dairy
english hothouse cucumber,0,Gourd
english lavender,0,Flower
english muffin raisin,0,Bakery
english mustard paste,0,Spice
english pudding,0,Dish
english rib,1,Herb
english roast,0,Gourd
english roast chuck,0,Dish
english shoulder roast,0,Meat
english sole,0,Fish
english spinach leaf,0,Vegetable
english stilchester cheese extra sharp bleu,0,Dairy
english toffee bit brickle chip,0,Bakery
english toffee chip,0,Bakery
english toffee syrup torani,0,Plant Derivative
enoki mushroom golden,0,Fungi
enoki mustrooms,0,Fungi
enough cooking oil,1,Additive
enough ice,0,Additive
enough oil,0,Additive
enova oil vegetable,0,Plant Derivative
enriched rice,1,Cereal
entrecote steak,0,Fish
epicure garlic herb dip mix,0,Herb
equagold vanilla grapeseed oil,0,Essential Oil
espresso coffee granule,0,Beverage Caffeinated
espresso ice cream,0,Dish
espresso icing,0,Additive
espresso liqueur,0,Beverage
espresso sugar amaretto syrup,0,Plant Derivative
espresso water,0,Additive
essence,0,Additive
essence emeril chicken seasoning,1,Spice
essence ratafia,0,Additive
essence rose,0,Essential Oil
essence seasoning,0,Spice
ethiopian berbere seasoning,0,Spice
ethiopian kibbeh butter,0,Dairy
ethyl alcohol,0,Beverage-Alcoholic
euro bread,0,Bakery
europe zen garden vegetable,0,Vegetable
european salad green,0,Vegetable
euryale ferox nut,0,Nuts and Seeds
euryale seed,0,Spice
evans sausage,0,Dish
even field mushroom,0,Fungi
ever white bread,0,Bakery
everglades seasoning,0,Spice
evo oil,0,Additive
excellent artisan sourdough bread,0,Dish
excellent hamburger bun,0,Bakery
excellent pinot noir wine,0,Beverage-Alcoholic
exotic orange blossom water rose make own,0,Additive
expensive balsamic vinegar,0,Additive-Vinegar
express reg,0,Spice
extra beef bison,1,Meat
extra beef brown,0,Meat
extra beef meat,0,Meat
extra beef percent,0,Meat
extra beef pork,1,Meat
extra beef sirloin,0,Meat
extra beef tip,0,Meat
extra chicken,1,Meat
extra chicken breast,1,Meat
extra chicken stock,1,Meat
extra chili sauce,0,Condiment
extra cocoa,0,Seed
extra corn,1,Maize
extra creamy cream,0,Dairy
extra creamy topping,0,Dairy
extra dark chocolate,0,Plant
extra dark roast coffee,0,Legume
extra egg s,0,Meat
extra egg white,0,Meat
extra english toffee bar,0,Gourd
extra fine noodle vermicelli,0,Cereal
extra fruit pudding,0,Dish
extra green mango,0,Fruit
extra hot capacollo,0,Vegetable
extra ice,0,Additive
extra jalapeno,0,Spice
extra large baking potato,0,Vegetable
extra large bun,0,Meat
extra large flour tortilla,1,Dish
extra large snail,0,Meat
extra mature cheddar cheese,0,Dairy
extra meat beef,0,Meat
extra meat venison,0,Meat
extra milk,0,Dairy
extra mushroom,1,Fungi
extra olive,0,Plant Derivative
extra orange juice,0,Fruit
extra oyster,0,Seafood
extra peanut butter,0,Nuts and Seeds
extra peanut oil,0,Plant
extra pork loin,0,Meat
extra prawn,0,Seafood
extra seasoning,0,Spice
extra sharp provolone cheese,0,Dairy
extra sparkling wine spumante,1,Beverage-Alcoholic
extra tequila,0,Beverage-Alcoholic
extra toast,0,Seafood
extra toblerone chocolate bar,0,Plant
extra turkey bacon,0,Meat
extra turkish delight,0,Seafood
extra vegetable oil,0,Plant Derivative
extra vermouth,0,Beverage-Alcoholic
extra virgin coconut oil,0,Essential Oil
extra virgin oliv oil,0,Plant Derivative
extra virgin olive oil canola,0,Plant Derivative
extra virgin olive peanut oil,0,Plant Derivative
extra water total liquid,0,Additive
extra wheat pita bread,0,Cereal
extra wide egg noodle until tender,1,Meat
extra wide noodle,1,Cereal
extract vanilla,0,Additive
extract vanilla only tsp oil ``,0,Additive
extremely tea,0,Plant
eye beef steak,0,Meat
eye chile chili pepper,1,Spice
eye chili,0,Spice
eye fillet,0,Meat
fabada bean,0,Legume
fage greek yogurt,0,Dairy
fage total,0,Dairy
fage total classic,0,Dairy
fage total yogurt,1,Dairy
fairtrade cocoa,0,Seed
fajita bean,1,Legume
fajita marinade,0,Dish
fajita seasoning mix per breast,1,Spice
fajita seasoning mix taco seasoning,1,Spice
fajita vegetable,0,Vegetable
fakin ' bakin bacon,0,Meat
falooda noodle,0,Cereal
falooda seed,0,Spice
family kit kat chocolate candy bar,0,Plant Derivative
family teabags,0,Beverage
fancy salad green,0,Vegetable
fanta orange soda,0,Fruit
fantabulously under hour mozzarella,0,Dairy
farfel matzo,0,Bakery
farl wheaten bread,0,Bakery
farmer john beef frank,0,Meat
farmer john cheese curd,0,Dairy
farmer john natural beef frank,0,Meat
farmer market arugula,0,Herb
farmer sausage,0,Dish
farmhouse savory chicken rice pilaf mix yellow,1,Cereal
fast fry steak,0,Dish
fatter mutton,0,Meat
fatty ham scrap,0,Meat
faux meat,0,Meat
favourite basic vinaigrette,0,Additive
favourite liqueur,0,Beverage-Alcoholic
favourite nut,0,Nuts and Seeds
favourite sauce,0,Additive
favourite vegetable,0,Vegetable
favourite vinaigrette,0,Additive
fearn soya granule,0,Condiment
female blue crab,0,Seafood
fennal seed,0,Spice
fennel frond,0,Herb
fennel pollen,0,Herb
fennugreek seed,1,Spice
fesh breadcrumb,0,Bakery
feta cheese oil,0,Dairy
feta cheese pepper,1,Dairy
feta cube,0,Dairy
feta mt1 cheese culture,0,Dairy
feta salad dressing,0,Dish
fettuccine brown rice pasta,0,Cereal
fettuccine without salt pasta,0,Cereal
few almond,0,Nuts and Seeds
few lemon thyme leaf,1,Herb
fiber breadcrumb,0,Bakery
fiber one cereal,0,Cereal
fiber one cereal bran,1,Cereal
fiddlehead bracken,0,Vegetable
fideo noodle vermicelli,1,Cereal
fideo vermicelli,0,Cereal
fideos cortes egg noodle,1,Meat
field roast italian sausage,0,Meat
fiesta dipping sauce,0,Condiment
fiesta dressing mix,1,Condiment
fiesta four cheese,1,Dairy
fiesta menudo seasoning,1,Spice
fiesta pinto bean seasoning,0,Legume
fiesta ranch dip mix,0,Condiment
fig balsamic vinegar,0,Additive-Vinegar
fig compote,0,Fruit
fig jam choice,0,Fruit
fig jelly,0,Fruit
filbert almond,0,Nuts and Seeds
file powder see,0,Herb
filet red mullet,0,Fish
filet sea bass choice,0,Fish
filet tilapia fillet,0,Fish
fill mix,0,Dish
fillet 5cm strip,0,Fish
fillet alaskan king salmon,0,Fish
fillet amberjack,0,Fish
fillet butterfish,0,Fish
fillet chilean each,0,Fish
fillet crabmeat,0,Seafood
fillet hake,0,Fish
fillet mackerel,0,Fish
fillet milkfish,0,Fish
fillet pomfret fish,0,Fish
fillet pork sirloin,0,Meat
fillet red drum,0,Fish
fillet swedish anchovy,0,Fish
fillet trout,0,Fish
fillet venison,0,Meat
fine,0,Additive-Sugar
fine alcohol,0,Additive-Sugar
fine apricot jam,0,Fruit
fine asian rice flour,0,Cereal
fine bean,1,Legume
fine black,0,Spice
fine bread cracker crumb,0,Bakery
fine breadcrumb cracker crumb,0,Bakery
fine breadcrumb generous,0,Bakery
fine breadcrumb may,1,Bakery
fine breadcrumb salt cracker,0,Additive
fine breadcrumb saltine cracker,1,Bakery
fine breadcrumb saltine crumb,1,Bakery
fine bulgur wheat,0,Cereal
fine burghul,0,Additive-Sugar
fine cake crumb breadcrumb,0,Bakery
fine chestnut flour,0,Nuts and Seeds
fine chia meal,0,Additive-Sugar
fine chocolate,0,Plant Derivative
fine chocolate cocoa powder,0,Seed
fine cocoa,0,Seed
fine egg noodle vermicelli,0,Meat
fine french breadcrumb,0,Bakery
fine garlic salt,0,Spice
fine italian bread crumb,0,Bakery
fine matzo meal,0,Bakery
fine milk chocolate,0,Beverage
fine noodle capellini,1,Cereal
fine oyster,0,Seafood
fine polenta,1,Dish
fine pumpernickel bread,0,Bakery
fine rice flour,1,Cereal
fine rice vermicelli,1,Cereal
fine rye breadcrumb,0,Bakery
fine sangiovasi chianti wine,0,Beverage-Alcoholic
fine sesame oil,0,Essential Oil
fine soup noodle,0,Meat
fine vermicelli seviyan,0,Cereal
finest virgin olive oil,0,Additive
finger,0,Bakery
finger biscuit,0,Bakery
fish base,1,Fish
fish biryani spice mix,0,Spice
fish blue,0,Fish
fish caviar,0,Fish
fish chicken stock,1,Meat
fish cod,0,Fish
fish eye pinot grigio wine,0,Beverage-Alcoholic
fish fillet australian mackeral,0,Fish
fish fillet bass,0,Fish
fish fillet coarsely,0,Fish
fish fillet each,0,Fish
fish fillet each salmon,0,Fish
fish fillet flounder,1,Fish
fish fillet grouper,0,Fish
fish fillet haddock,0,Fish
fish fillet hoki,0,Fish
fish fillet indian mackerel,0,Fish
fish fillet meat,1,Fish
fish fillet monkfish,0,Fish
fish fillet optional,0,Fish
fish fillet panga,0,Fish
fish fillet pike,0,Fish
fish fillet pomfret,0,Fish
fish fillet salmon,0,Fish
fish fillet skin,0,Fish
fish fillet sole,0,Fish
fish fillet total,0,Fish
fish fillet trout,1,Fish
fish fillet turbot,0,Fish
fish fillet white,0,Fish
fish flake,0,Fish
fish flake katsuobushi,0,Fish
fish fumet,0,Fish
fish haddock,0,Fish
fish head,0,Fish
fish head rohu,0,Fish
fish mix,0,Fish
fish out,0,Fish
fish perch,0,Fish
fish powder,0,Fish
fish prawn,0,Seafood
fish roe white,0,Fish
fish rub seasoning,0,Spice
fish salt,1,Fish
fish seasoning,0,Spice
fish sound like job,0,Fish
fish steak hapuka,0,Fish
fish steak mahi,0,Fish
fish stock head,0,Fish
fish stock may vegetable,0,Vegetable
fish taco marinade below,0,Dish
fish tilapia,0,Fish
fish trimming head,0,Fish
fish veloute sauce,0,Condiment
fish water,0,Additive
fish whitefish,0,Fish
fisher chef walnut chip,0,Nuts and Seeds
fisher reg ; walnut half,0,Nuts and Seeds
five alive drink,0,Beverage
five cheese italian choice,0,Dairy
five garlic onion pasta sauce,0,Additive
fizzy lemonade,0,Beverage
fizzy lemonade outside uk,0,Beverage
fl ozs nut oil,1,Essential Oil
fl vegetable oil,0,Plant Derivative
flake crabmeat,0,Seafood
flaky biscuit,0,Bakery
flaky butter crescent,0,Dairy
flaky layer biscuit,0,Bakery
flaky pastry crust,0,Bakery
flaky pie crust,0,Bakery
flaky refrigerator biscuit,0,Bakery
flan case pastry,0,Dish
flan pastry dough,0,Bakery
flan tin pastry,0,Dish
flap meat,0,Meat
flap steak,0,Fish
flat bean,0,Legume
flat bean curd,0,Legume
flat beef chuck roast,0,Meat
flat beer,0,Beverage
flat bread iranian,0,Bakery
flat bread pita,0,Bakery
flat bread pizza crust,0,Bakery
flat cactus leaf,0,Plant
flat fish,0,Fish
flat korean fish cake,0,Dish
flat lasagna noodle,0,Cereal
flat leaf coriander,0,Herb
flat loaf ciabatta,0,Dish
flat pita bread,0,Bakery
flat wheat noodle,0,Cereal
flat wide chinese noodle subsitute fettuccine,1,Cereal
flatbread pizza,0,Dish
flatfish fish fillet,0,Fish
flatiron steak,0,Fish
flavor,0,Additive
flavor enhancer,1,Additive
flavor extract optional,0,Additive
flavor fruit preserve,0,Fruit
flavor jimmy dean pork sausage,1,Dish
flavor syrup,0,Condiment
flavor vegetable juice,0,Beverage
flavorful marinara sauce,0,Condiment
flavorful oil sesame corn,0,Essential Oil
flavoring brandy,0,Beverage-Alcoholic
flavoring chambord,0,Beverage-Alcoholic
flavoring cinnamon,0,Additive
flavoring juice,0,Beverage
flavoring lemon,0,Fruit
flavoring orange,0,Fruit
flavoring vanilla,0,Additive
flavorless vegetable oil,1,Plant Derivative
flavorless vegetable oil peanut,0,Plant Derivative
flax,0,Nuts and Seeds
flax wheat tortilla,0,Bakery
flaxseed meal,0,Nuts and Seeds
flaxseed oil,0,Additive
fleischmann margarine,0,Additive
fleischmann pizza crust yeast,0,Bakery
fleur de sel caramel,0,Additive
flounder white fish fillet,0,Fish
flour bun,0,Bakery
flour cake,0,Cereal
flour chicken salt pepper,1,Spice
flour don pepe,1,Cereal
flour meat,0,Cereal
flying fish egg,0,Meat
foam ball,0,Fruit
focaccia dough,0,Cereal
foglie d'autumn pasta,1,Cereal
foie gras chicken,1,Dish
foie gras pate,0,Dish
foil banana leaf,0,Fruit
folgers cappuccino mix,0,Dish
follain orange whiskey irish,0,Beverage-Alcoholic
fontana cheese,0,Dairy
food cake,0,Dish
food cake mix,0,Dish
food flavoring,0,Additive
foot ham hock,0,Meat
fordhook lima bean,0,Legume
forequarter mutton chop,0,Meat
forest fruit tea,0,Plant
forest mushroom,1,Fungi
fort guacamole,0,Dish
fortune cooky,0,Dish
four cheese alfredo sauce,1,Dish
four cheese italian,0,Dairy
four cheese mexican monterey jack,0,Dairy
four cheese pasta sauce white,0,Additive
four grain cereal,0,Cereal
four italian cheese,0,Dairy
fowl turkey may be,0,Meat
fragrant red rose,0,Flower
fragrant thai rice,0,Cereal
framboise liqueur,0,Beverage-Alcoholic
francesco rinaldi tomato basil pasta sauce,0,Additive
franco american beef gravy,0,Dish
frangelico hazelnut,0,Nuts and Seeds
frangelico hazelnut liquer,0,Nuts and Seeds
frangipane,0,Dish
frank buffalo sauce,1,Additive
frank chicken sauce,1,Meat
frank red buffalo sauce,0,Additive
frank redhot xtra sauce,0,Additive
frank sauce peppery,0,Additive
frankfurter diagonally,1,Dish
frankie chicken stock,1,Meat
freeze blueberry,0,Fruit
french apple pie,0,Fruit
french baguette lengthwise,0,Bakery
french bean crosswise,0,Cereal
french bean green,0,Cereal
french bean lengthwise,0,Cereal
french bread baquette italian,0,Bakery
french bread cinnamon raisin,0,Bakery
french bread crosswise,0,Bakery
french bread crumb,0,Bakery
french bread cuban,1,Bakery
french bread diagonally,0,Bakery
french bread grain,0,Bakery
french bread hard,0,Bakery
french bread italian crust,0,Bakery
french bread italian lengthwise,0,Bakery
french bread larger loaf more cheese olive,0,Bakery
french bread loaf,0,Bakery
french bread out,0,Bakery
french bread out overnight,0,Bakery
french bread overnight,1,Bakery
french bread peasant white,0,Bakery
french bread red potato,0,Vegetable Tuber
french bread sourdough,0,Bakery
french bread wheat,0,Bakery
french bread white,0,Bakery
french chili o seasoning,0,Spice
french dressing catalina,0,Dish
french dressing italian,0,Dish
french garnier orgeat,0,Beverage-Alcoholic
french goat cheese boucheron,0,Dairy
french hamburger bun,1,Bakery
french onion cream,0,Dish
french onion dip mix,0,Vegetable
french onion soup doe not,0,Vegetable
french onion soup may,0,Vegetable
french onion soup mix chicken noodle,1,Meat
french onion soup mix one,0,Vegetable
french onion soup mix salt,0,Vegetable
french onion soup water,0,Vegetable
french salad dressing,0,Dish
french snail,0,Meat
french sourdough bread,0,Bakery
french toast white bread,0,Bakery
french vanilla frosting,0,Dish
french vanilla liquid coffee creamer,0,Dish
french vanilla non dairy coffee creamer mix,0,Dish
french vermouth,0,Beverage-Alcoholic
french white cake mix,0,Dish
freshly popcorn,0,Maize
frisee lettuce,0,Vegetable
frisee lettuce leaf,0,Vegetable
frito lay bean dip,0,Legume
fritos bean dip,0,Legume
fritter,0,Meat
from dripping no,1,Meat
fromage,1,Dairy
frontera red enchilada sauce,0,Condiment
fruit banana chip lemon cranberry orange,0,Fruit
fruit blackberry,0,Fruit
fruit blueberry cherry rhubarb peach,0,Fruit
fruit bread raisin,0,Bakery
fruit bread white,0,Bakery
fruit bun,0,Bakery
fruit cake,0,Dish
fruit candy,0,Fruit
fruit cocktail cherry,0,Beverage
fruit cocktail maraschino cherry,0,Beverage-Alcoholic
fruit cookie,0,Fruit
fruit cranberry,0,Fruit
fruit currant,0,Fruit
fruit date,0,Fruit
fruit e apple,0,Fruit
fruit essence chosen pineapple,0,Beverage
fruit gelatin,0,Additive
fruit grape,0,Fruit
fruit include banana,0,Fruit
fruit jam choice,0,Fruit
fruit jam jelly,0,Fruit
fruit jell,0,Fruit
fruit juice berry,0,Fruit
fruit juice cherry,0,Beverage
fruit juice cocktail,0,Beverage
fruit juice eg orange,1,Fruit
fruit juice person,0,Fruit
fruit kabob,0,Meat
fruit kiwi,0,Fruit
fruit licorice,0,Fruit
fruit like blueberry,0,Fruit
fruit liqueur,0,Beverage-Alcoholic
fruit loop cereal,0,Cereal
fruit mango,0,Fruit
fruit medley,0,Fruit
fruit muffin cake,0,Dish
fruit n't,0,Fruit
fruit nut,0,Nuts and Seeds
fruit only apricot jam,0,Fruit
fruit orange,0,Fruit
fruit peach,0,Fruit
fruit pear lengthwise,0,Fruit
fruit pepper sauce,0,Condiment
fruit pie filling,0,Dish
fruit pie filling cherry blueberry,0,Dish
fruit pineapple,0,Beverage
fruit pineapple chunk,0,Beverage
fruit pineapple preserve,0,Fruit
fruit pineapple ring,0,Beverage
fruit plum,0,Fruit
fruit prune,0,Fruit
fruit raisin apricot cranberry,0,Fruit
fruit raisin cranberry,0,Fruit
fruit red currant black,0,Fruit
fruit salad juice,0,Fruit
fruit salsa,0,Condiment
fruit salt,0,Additive
fruit sauce apricot,0,Fruit
fruit sauce berry,0,Fruit
fruit strawberry banana,0,Fruit
fruit strawberry raspberry kiw,0,Fruit
fruit such strawberry,0,Fruit
fruit sugar berry,0,Additive
fruit sugar superfine,0,Additive-Sugar
fruit sultana,0,Fruit
fruit sultana apricot,0,Fruit
fruit sultana peel,0,Fruit
fruit try raisin,0,Fruit
fruit watermelon,0,Fruit
fruitcake prefer dark fruit cake,0,Dish
fruity mincemeat,0,Meat
fruity red wine,0,Beverage-Alcoholic
fry oil,0,Additive
fry pepper,0,Spice
fryer rabbit,1,Meat
frying oil olive,0,Plant Derivative
frying oil peanut,1,Plant
frying oil skillet,0,Additive
frying oil vegetable,1,Plant Derivative
fudge,0,Additive
fudge cake mix,0,Dish
fudge marble cake mix,0,Dish
fudge sauce,0,Additive
fudge stripe cooky,0,Dish
funnel seed,0,Spice
furikake rice seasoning,0,Spice
fuyu persimmon,0,Fruit
gaaahlic pasta sauce,0,Additive
gai lan 3lbs leafy vegetable,0,Flower
gai lan broccoli,0,Flower
gai lan broccoli leaf,0,Flower
galanga powder,1,Spice
galangal grain,0,Spice
galangal powder,1,Spice
galia melon,0,Fruit
galletas maria cookie,0,Dish
gamba prawn,0,Seafood
gamba shrimp,0,Seafood
game bird stock chicken,1,Meat
game hen,0,Meat
game roast choice,0,Meat
game stock chicken,1,Meat
game venison,0,Meat
garbanzo bean miso,0,Legume
garbanzo bean overnight,0,Legume
garden baby mustard cress,0,Spice
garden chunky pasta sauce,0,Additive
garden cress,0,Plant
garden herb tofu,0,Plant
garden salad lettuce tomato onion bell pepper olive,0,Dish
garden spaghetti sauce,0,Condiment
garden vegetable cream cheese spread,0,Dairy
garden vegetable pasta sauce,0,Additive
garden vegetable tortilla,0,Dish
gari cassava flour,0,Cereal
garli garni seasoning,0,Spice
garlic alfredo pasta roni,0,Cereal
garlic almond,0,Herb
garlic amp ; pearl onion herb,0,Vegetable
garlic bologna,0,Herb
garlic breadcrumb,0,Herb
garlic breadstick,0,Herb
garlic butter breadcrumb,0,Bakery
garlic butter herb,1,Dairy
garlic butter rice mix,0,Dairy
garlic cheese chunky spaghetti sauce,0,Additive
garlic cheese italian sausage,1,Meat
garlic cheese sauce,0,Dairy
garlic cheese spread,0,Dairy
garlic chile dip,1,Additive
garlic chutney,0,Herb
garlic ciabatta,0,Herb
garlic cream cheese,0,Dairy
garlic feta toast olive spread,0,Condiment
garlic flavor potato,0,Vegetable Tuber
garlic gouda cheese,0,Dairy
garlic green chive,0,Herb
garlic herb,0,Herb
garlic herb breadcrumb,0,Bakery
garlic herb cheese spread,0,Dairy
garlic herb cream cheese,0,Dairy
garlic herb marinade,1,Herb
garlic herb marinara sauce,0,Condiment
garlic herb pizza crust,0,Bakery
garlic herb sauce mix,0,Additive
garlic herb spaghetti sauce,0,Condiment
garlic kielbasa,0,Herb
garlic lemon vinaigrette,1,Plant Derivative
garlic lime marinade,1,Herb
garlic lime mayonnaise,0,Condiment
garlic mayo,0,Condiment
garlic melba toast vegetable,0,Dish
garlic mushroom marinara sauce,1,Condiment
garlic no cooking spray,0,Additive
garlic olive oil pasta roni,0,Plant Derivative
garlic onion cube,1,Bakery
garlic parmesan cheese sauce,1,Dairy
garlic parmesan pretzel crisp,1,Herb
garlic pasta sauce,0,Additive
garlic pepper seasoning black powder,0,Spice
garlic pickle,0,Condiment
garlic powder pepper,1,Herb
garlic red chile paste bean,0,Legume
garlic red chile paste chili sauce,1,Condiment
garlic red chile paste market,0,Spice
garlic red pepper spice mix tbsp,0,Vegetable Fruit
garlic salad dressing,1,Dish
garlic salt brisket,0,Spice
garlic salt cayenne pepper black,0,Spice
garlic salt onion,0,Spice
garlic salt powder,0,Herb
garlic salt white,0,Spice
garlic sea salt,0,Additive-Salt
garlic season,0,Herb
garlic sourdough bread,0,Dish
garlic spaghetti sauce,1,Condiment
garlic spicy three pepper,0,Vegetable
garlic spread,0,Dairy
garlic steak chimichurri sauce,0,Additive
garlic steak seasoning,0,Spice
garlic teriyaki sauce,0,Condiment
garlic tomato,0,Herb
garlic tomato basil pasta sauce,0,Additive
garlic tomato herb hint walnut,0,Dish
garlic tomato pasta sauce,0,Additive
garlic tomato vinaigrette,0,Plant Derivative
garlic vinaigrette dressing,1,Plant Derivative
garlic vinegar,0,Plant Derivative
garnish almond,0,Nuts and Seeds
garnish chinese noodle,1,Cereal
garnish peanut,1,Additive
gaspar linguica sausage,0,Meat
gay lea butter,1,Dairy
gebhard chili without bean,0,Dish
gebhardt reg ; chili powder,0,Spice
gefilte fish,0,Fish
gelatin mix,0,Additive
general food,0,Dairy
generous white onion,0,Vegetable
genoa salami hard,0,Meat
geoduck clam,0,Seafood
george washington golden broth seasoning,0,Spice
geranium leaf,0,Plant
german bockwurst,1,Condiment
german bread rye,0,Bakery
german cambozola cheese,0,Dairy
german chamomile,0,Condiment
german chocolate bar,0,Plant Derivative
german chocolate cake mix food,0,Dish
german chocolate square,0,Plant Derivative
german egg noodle,1,Meat
german hormel wurst,0,Condiment
german krauterfladenbrot flat bread,0,Bakery
german pumpernickel bread,0,Bakery
german rye bread,0,Bakery
german sparkling wine,0,Beverage-Alcoholic
german stollen,0,Condiment
gherkin cornichon,0,Gourd
gherkin lengthwise,1,Gourd
ghiradelli chocolate,0,Plant Derivative
ghiradelli milk chocolate chip,0,Additive
ghirardelli chocolate cocoa,0,Plant Derivative
ghirardelli cocoa powder,0,Seed
ghirardelli dark chocolate chip,0,Plant
ghirardelli milk chocolate chip,0,Additive
ghirardelli mint chip,0,Additive
ghirardelli semi chocolate chip,0,Additive
ghirardelli white baking chocolate,0,Plant Derivative
ghost chile pepper,0,Spice
ghost chili,0,Spice
ghost salt pepper,0,Spice
gianduja chocolate,0,Plant Derivative
giant italian ladyfinger,0,Vegetable
giant kelp,0,Seafood
giardiniera cauliflower,0,Flower
giardiniera juice,0,Dish
giardiniera optional,0,Dish
giardiniera relish,0,Dish
giblet,0,Meat
gilbert beef cheddar sausage,0,Dish
gill cream,0,Dairy
gilroy garlic,0,Herb
gimmie soy,0,Condiment
gingelly oil,0,Additive
ginger ale concentrate,0,Beverage-Alcoholic
ginger ale soda,0,Beverage-Alcoholic
ginger chili paste,0,Spice
ginger dip,1,Condiment
ginger flavoring,0,Spice
ginger garlic green chili paste,0,Spice
ginger garlic paste chop equal q,0,Spice
ginger garlic paste each,0,Spice
ginger garlic paste microplane,0,Spice
ginger garlic paste n't,0,Spice
ginger lemonade lemon juice,0,Beverage
ginger liqueur,0,Spice
ginger nut biscuit,0,Spice
ginger oil,0,Plant Derivative
ginger orange marmalade,0,Condiment
ginger peel,0,Spice
ginger sesame paste,1,Spice
ginger sesame salad dressing,0,Dish
ginger shallot sauce,1,Additive
ginger simple syrup,0,Additive
gingerbread cooky,0,Dish
gingerbread mix,0,Dish
gingerbread spice cake mix,0,Spice
gingerroot 45g,0,Spice
gingerroot juice,1,Spice
gingerroot out,0,Spice
gingerroot wo n't do,0,Spice
gingersnap cookie crumb,0,Bakery
gingersnap corn starch,0,Maize
gingersnap juicy,0,Bakery
girard champagne dressing,1,Condiment
girard champagne vinaigrette,1,Plant Derivative
gizzard,0,Meat
glace apple,0,Fruit
glace green cherry,0,Additive
glace kiwi fruit,0,Fruit
glace pear,0,Fruit
glace red cherry,0,Fruit
glass orange juice,0,Fruit
glitter powder,0,Spice
gluten baking flour,1,Cereal
gluten baking mix,0,Dish
gluten beef stock powder,0,Meat
gluten buttermilk brown rice,0,Cereal
gluten cereal,1,Cereal
gluten chicken,1,Meat
gluten chili sauce,0,Condiment
gluten cooking oat,0,Cereal
gluten curry gravy mix,1,Dish
gluten flour almond coconut,0,Cereal
gluten flour bean,0,Cereal
gluten flour bread mix,0,Cereal
gluten flour gum,0,Cereal
gluten flour mix,0,Cereal
gluten gingersnap cooky,0,Bakery
gluten oat,0,Cereal
gluten powder,0,Cereal
gluten purpose baking flour,0,Cereal
gluten rice bubble,0,Cereal
gluten rice flour,0,Cereal
gluten rice flour mix,0,Cereal
gluten soy sauce kikkoman,0,Condiment
gluten taco seasoning mix,1,Spice
gluten tamari,0,Condiment
gluten thai rice noodle,1,Cereal
gluten tortilla,0,Dish
gluten waffle,0,Dish
glutinous black rice,0,Cereal
glutinous flour,0,Cereal
gmstoovar dal,0,Legume
gnocchetti pasta,0,Cereal
gnocchi handmade,0,Vegetable Tuber
gnocchi spelt,0,Vegetable Tuber
gnocchi storebought,1,Vegetable Tuber
goat,1,Dairy
goat cheese caprino,1,Dairy
goat cheese crumbles,0,Dairy
goat cheese curd,0,Dairy
goat cheese hollandaise sauce,0,Dairy
goat cheese log,0,Dairy
goat cheese milk,0,Dairy
goat cheese neufchatel,0,Dairy
goat cheese salad dressing,0,Dairy
goat cheese worth,0,Dairy
goat cheese young ``,0,Dairy
goat curd,0,Dairy
goat foot,0,Dairy
goat horn pepper,0,Spice
goat leg,0,Meat
goat meat kid,0,Meat
goat milk el kasih,0,Meat
goat milk preferably,0,Meat
goat shoulder,1,Meat
gochugaru red pepper powder,0,Spice
gochujang korean red chili paste,0,Spice
godiva dark chocolate heart biscuit,0,Plant
godiva milk chocolate,0,Beverage
godiva petite mousse biscuit,0,Bakery
godiva praline hazelnut biscuit,0,Nuts and Seeds
goji berry optional,0,Berry
gold tequila important,1,Beverage-Alcoholic
golden balsamic vinegar,0,Additive-Vinegar
golden cane sugar,0,Additive
golden corn,0,Maize
golden corn soup,0,Maize
golden cream mushroom soup,1,Dish
golden crisco,0,Fruit
golden curry sauce mix,0,Dish
golden italian dressing,1,Dish
golden milk,0,Dairy
golden mountain seasoning sauce,0,Condiment
golden pepperoncini pepper,0,Vegetable
golden poundcake,0,Fruit
golden yellow pepper,1,Spice
goldfish cracker,0,Bakery
golf ball tomatillo,0,Vegetable
gomme syrup,0,Plant Derivative
gonnella french,0,Bakery
goose carcass including giblet,0,Meat
goose stock beef bouillon,0,Meat
gooseberry jam apricot,0,Fruit
gordon gin,0,Beverage-Alcoholic
gourd ribbon,0,Fruit
gourmet beef sausage,0,Dish
gourmet chocolate syrup,0,Plant Derivative
gourmet cookie dough syrup,0,Plant Derivative
gourmet garden chili pepper sauce,1,Condiment
gourmet garlic basil seasoning,0,Spice
gourmet grandmother beef roast seasoning,0,Meat
gourmet hamburger bun,0,Bakery
gourmet olive,0,Plant
gourmet peppermint syrup,0,Plant Derivative
gourmet potato chip,1,Dish
gourmet red potato,1,Vegetable Tuber
gourmet salad green,0,Vegetable
gourmet taco soup seasoning,1,Spice
gourmet vegetable,0,Vegetable
gourmet wine vinegar,0,Plant Derivative
goya,0,Additive
goya adobo purpose seasoning pepper,0,Spice
goya adobo seasoning,0,Additive
goya bay leaf,0,Herb
goya bean,0,Legume
goya beef bouillon,0,Meat
goya bitter orange marinade grapefruit juice lime,1,Beverage
goya black bean,0,Legume
goya con azafran seasoning,0,Spice
goya corn oil,1,Maize
goya dulce,0,Additive
goya fancy pimiento,1,Spice
goya golden cooking wine,0,Beverage-Alcoholic
goya green jalapeno pepper,1,Spice
goya guajillo chile,0,Spice
goya hot sauce,1,Additive
goya mango nectar,0,Plant Derivative
goya mojo chipotle,0,Spice
goya pasilla chile,0,Spice
goya pea,1,Legume
goya pineapple chunk,0,Fruit
goya pineapple juice,0,Beverage
goya red bean,1,Legume
goya roman bean,1,Legume
goya salsa,1,Condiment
goya sazon azafran seasoning,0,Spice
goya sazon seasoning cilantro,0,Spice
goya seasoning sazon,1,Spice
goya tomato sauce,1,Additive
gr brown onion,0,Vegetable
gr pastry dough,0,Bakery
gr thai rice noodle,1,Cereal
grace browning sauce,0,Condiment
grace cock soup mix,0,Dish
grade b maple syrup,0,Additive
graham cracker cheesecake crust,0,Bakery
graham cracker tart shell,0,Bakery
graham cracker work,0,Bakery
graham wafer crumb chocolate cookie,0,Bakery
graham wafer crust,0,Bakery
grain artisan bread,0,Bakery
grain bagel,0,Bakery
grain baguette,0,Bakery
grain bread baguette,0,Bakery
grain bread bet,0,Bakery
grain bread twelve,0,Bakery
grain brown rice white okay,0,Cereal
grain cinnamon raisin bread,0,Bakery
grain fettuccine,0,Cereal
grain flatbread,0,Cereal
grain german bread,1,Bakery
grain hamburger bun,1,Bakery
grain honey dijon mustard,0,Condiment
grain honey mustard,0,Condiment
grain jasmine rice,0,Cereal
grain melba toast,0,Bakery
grain no boil lasagna noodle,0,Cereal
grain noodle macaroni,0,Plant
grain oat,0,Cereal
grain oat flour,0,Cereal
grain pastry flour,0,Cereal
grain pita,0,Bakery
grain pita bread,0,Bakery
grain rice c,0,Cereal
grain rice jasmine,0,Cereal
grain sandwich,0,Dish
grain spaghetti,0,Cereal
grain version,1,Cereal
grain wheat barley cereal bran flake,0,Cereal
grain wheat bread,0,Bakery
grain wild rice chicken flavor,1,Cereal
grainy bread,0,Bakery
grainy brown mustard,0,Condiment
grainy dijon mustard,0,Condiment
gramma spaghetti sauce,0,Additive
gran gala,0,Fruit
grand marnier custard sauce,0,Additive
grangala triple orange liqueur,0,Beverage-Alcoholic
granita biscuit,0,Bakery
granny smith apple crosswise,0,Fruit
granular no calorie,0,Cereal
grape jam,0,Fruit
grape jelly raspberry jam,1,Fruit
grape jelly sauce darker pepper flake,0,Condiment
grape juice concentrate jelly,1,Beverage
grape juice concentrate red wine,0,Fruit
grape juice fruit,0,Beverage
grape seed oil,1,Essential Oil
grape sport drink,0,Beverage
grapefruit liqueur,0,Beverage
grapefruit without white layer,0,Beverage
grapeseed oil smoke point,0,Essential Oil
grappa without,0,Dish
grass hearty soup mix,0,Dish
grass milk,0,Dairy
grasshopper fudge mint,0,Herb
grate orange,1,Fruit
gravenstein apple,0,Fruit
gravox gravy mix,0,Dish
gravox powder,0,Spice
gravy beef stock,0,Meat
gravy chicken,1,Meat
gravy flavoring,0,Dish
gravy maker mix,0,Dish
gravy meat turnip,0,Vegetable
gravy spaghetti sauce,0,Condiment
gravymaster browning sauce,0,Condiment
gray sea salt,0,Additive-Salt
great bread,0,Bakery
great harvest bread,0,Bakery
great value mexican cheese,0,Dairy
great value white bread,0,Bakery
greek baking powder pie crust,0,Bakery
greek black olive,0,Plant
greek fassolia butter bean,0,Legume
greek feta cheese dressing,0,Dairy
greek feta vinaigrette,0,Dairy
greek goddess salad dressing,1,Dish
greek kefalotiri cheese,0,Dairy
greek kefalotiri parmesan cheese,0,Dairy
greek mizithra cheese,0,Dairy
greek olive california,0,Plant
greek olive oil,1,Plant Derivative
greek peach,0,Fruit
greek pepper mezzetta garlic peperoncini,0,Spice
greek salad dressing work,0,Dish
greek salad green,1,Dish
greek salt seasoning mix,0,Spice
greek seasoning below,0,Spice
greek seasoning mix,0,Spice
greek spice,0,Spice
greek spice seasoning,1,Spice
greek vinaigrette dressing oregano,0,Condiment
greek vinaigrette italian dressing,0,Condiment
greek yogurt carry last resort,0,Dairy
greek yogurt cheese,0,Dairy
greek yogurt chobani non,1,Dairy
greek yogurt cream be,0,Dairy
greek yogurt fage,0,Dairy
greek yogurt fago,1,Dairy
greek yogurt labneh,0,Dairy
greek yogurt not,0,Dairy
greek yogurt reduce honey by half,0,Dairy
greek yogurt vanilla,0,Dairy
greek yogurt walnut,0,Dairy
greek yogurt water,0,Dairy
green apple bubble,0,Fruit
green apple juice concentrate,0,Beverage
green baby pea,0,Legume
green bean carrot,1,Legume
green bean cooking liquid,0,Cereal
green bean jelly,0,Cereal
green bell pepper flake,1,Vegetable Fruit
green bell pepper lengthwise,0,Vegetable Fruit
green bell pepper onion,0,Vegetable Fruit
green bird chilies,0,Vegetable
green bird eye chili,0,Vegetable
green cabbage leaf,0,Vegetable
green candy sprinkle,0,Additive
green cherry pepper red jalapeno total,1,Spice
green cherry red,0,Additive
green chile juice,0,Spice
green chile picante sauce,0,Condiment
green chile ranchero sauce,0,Additive
green chile serranos,1,Vegetable
green chili paste do not eat,1,Vegetable
green chili pepper flake,0,Vegetable
green chili pepper pepperoncini,0,Vegetable
green chili pepperoncini pepper,0,Vegetable
green chilies juice,0,Vegetable
green chilies lengthwise,0,Vegetable
green coconut juice,1,Vegetable
green colossal olive,0,Plant
green crystal sugar,0,Additive
green egg dye,0,Meat
green enchilada sauce red,1,Condiment
green finger chili,1,Vegetable
green garlic chive,1,Herb
green giant broccoli,0,Flower
green giant cream corn,0,Maize
green giant garden herb pasta accent,0,Cereal
green giant reg corn,1,Maize
green giant white corn sauce,0,Dish
green gingerroot,0,Spice
green goddess sauce,0,Condiment
green grape cluster,0,Fruit
green grape juice,0,Fruit
green greek olive athos,0,Plant
green hamburger relish,0,Condiment
green hot chili,0,Vegetable
green hot pepper lengthwise,0,Vegetable
green ice cream cone,0,Dish
green italian olive,0,Plant
green jalapeno serrano pepper,0,Vegetable
green jell o,0,Additive
green methi leaf,0,Herb
green moroccan olive,0,Plant
green nori,0,Seafood
green nori flake ingredient,0,Vegetable Fruit
green olive juice,0,Plant
green olive spanish,1,Plant
green onion diagonally,0,Vegetable
green onion miso vinaigrette below,0,Herb
green onion part,0,Vegetable
green onion portion,0,Vegetable
green onion red,0,Vegetable
green onion stem,0,Vegetable
green pea flour,0,Legume
green pea soup,0,Legume
green pear,0,Fruit
green pepper chili,0,Vegetable
green pepper jalapeno,0,Spice
green pepper red bell,0,Vegetable Fruit
green peppercorn brine coarsely,0,Spice
green pepperoncini pepper,0,Vegetable
green pineapple,0,Beverage
green red cayenne chile lengthwise,0,Spice
green salad olive,1,Plant
green serrano pepper,0,Vegetable
green shiso leaf,0,Herb
green sugar candy,0,Additive-Sugar
green tamarind,0,Fruit
green tea noodle,0,Beverage
green tea powder lemon extract cocoa,0,Beverage
green tea powder maccha,0,Beverage
green tea powder macha,0,Beverage
green tea powder n't recognise,0,Beverage
green tomatillo sauce tomato,0,Condiment
green tomato relish,0,Vegetable
green wasabi mustard,0,Vegetable
green wheat grain,1,Cereal
green yellow bean,0,Cereal
green yellow zucchini,0,Vegetable
greenlandic prawn,0,Seafood
gren bean,1,Legume
grenadine juice,0,Plant Derivative
grey poupon honey mustard,1,Condiment
grey sea salt,0,Additive-Salt
grey taro root,1,Herb
grilling chicken flavor,1,Meat
grilling steak,0,Fish
grilling strip beef,0,Meat
grillmates marinade,0,Additive
grouse breast,0,Meat
grown orange leaf,0,Fruit
guacamole cream,1,Dairy
guacamole mix,0,Spice
guacamole muy facil,0,Dish
guacamole pepper,0,Spice
guacamole salad,0,Dish
guacamole salsa,0,Condiment
guajillo chili,0,Spice
guajillo chili mirasol,1,Spice
guajillo chilies chili pepper,1,Spice
guajillo chilies mexico pepper,0,Vegetable
guajillo chilies new mexico pepper,0,Vegetable
guajillo chilies pepper,0,Vegetable
guanabana nectar goya,0,Spice
guanjino chile pepper,0,Vegetable
guarana powder,0,Berry
guava jam,1,Fruit
guero chile pepper,1,Spice
guerrero tostada,0,Bakery
guijuillo chilies,0,Spice
guindilla pepper,0,Spice
guindilla pepper red flake,0,Vegetable
guinness stout draught,0,Beverage-Alcoholic
guittard mint chocolate chip,0,Plant Derivative
gummy frog,0,Dish
gunpowder green tea leaf,0,Beverage
gusto hot pepper,0,Spice
gyoza dumpling,0,Dish
h p brown sauce,0,Additive
haas avocado,1,Essential Oil
habanaro pepper sauce,0,Condiment
habanero chili,0,Condiment
habanero infused oil vegetable,0,Plant Derivative
habanero pepper cheese,0,Dairy
hachiya persimmon,0,Fruit
haddock chunk,0,Fish
haddock cod,0,Fish
haddock etc,0,Fish
haddock hake fillet,0,Fish
haddock halibut,0,Fish
haddock white fish,0,Fish
hake,0,Fish
hake fish fillet,0,Fish
hakurei turnip,0,Vegetable
half greek yogurt,0,Dairy
half leg lamb,0,Meat
half rotini noodle,1,Cereal
half salt pepper,0,Spice
halibut bass,0,Fish
halloween oreo cooky,0,Dish
halvah candy,0,Additive
halve peach,0,Fruit
ham base,0,Meat
ham bouillon,0,Meat
ham half,0,Meat
ham knuckle,0,Meat
ham meat,0,Meat
ham meat from,0,Meat
ham meat spread,0,Meat
ham pork hock,0,Meat
ham soup base adjust,0,Meat
ham stock chicken broth,1,Meat
hamachi,0,Fish
hamburger bun barbecue beef hoagie,0,Bakery
hamburger bun bread,0,Bakery
hamburger bun everywhere,0,Bakery
hamburger bun french bread,0,Bakery
hamburger bun garlic butter,0,Bakery
hamburger bun grain are,0,Bakery
hamburger bun italian,1,Bakery
hamburger bun onion,0,Bakery
hamburger bun pav bread,0,Bakery
hamburger bun salad green,0,Bakery
hamburger bun wheat,0,Bakery
hamburger bun wheat bread,0,Bakery
hamburger grilling,0,Bakery
hamburger helper cheeseburger macaroni mix,1,Dish
hamburger helper mix,1,Bakery
hamburger helper mix beef pasta macaroni,0,Cereal
hamburger pickle relish,0,Condiment
hamburger sirloin,0,Bakery
hamburger soy crumbles,0,Bakery
hamburger trimming,0,Bakery
handfull snow pea sprout,0,Legume
hanover green bean,0,Cereal
hard breadstick,0,Dairy
hard candy,0,Dairy
hard candy flavoring extract,0,Additive
hard chinese noodle,1,Cereal
hard chorizo sausage,0,Meat
hard cider,0,Beverage-Alcoholic
hard crust,0,Bakery
hard egg lengthwise,1,Meat
hard egg white,0,Meat
hard italian,0,Spice
hard italian bread,1,Bakery
hard italian cheese,0,Dairy
hard peppermint candy,0,Additive
hard salami ham,0,Meat
hard salami pepperoni,0,Meat
hard sub,0,Dairy
hard vegetable,0,Vegetable
hardy white bread,0,Bakery
haricot verts green bean,0,Legume
harissa paste,0,Additive
harissa red pepper paste,0,Vegetable
harvey bristol cream,1,Dairy
hash brown onion,0,Vegetable
hash cheddar cheese,1,Dairy
hatch brand tomato enchilada sauce,0,Additive
hatch chile poblano pepper,0,Vegetable
hatch green chile enchilada sauce,1,Additive
hatch green chilies,1,Vegetable
hatch red chili sauce,0,Additive
havarti cheese 2oz,0,Dairy
havarti cheese herb,0,Dairy
hawaiian bread egg,0,Meat
hawaiian bun,1,Bakery
hawaiian dinner,0,Bakery
hawaiian luau marinade,0,Additive
hawaiian marinade,1,Additive
hazelnut liquid coffee creamer,0,Beverage
hazelnut milk chocolate,0,Beverage
hazelnut wafer biscuit,0,Nuts and Seeds
hazlenut liqueur,0,Beverage-Alcoholic
hccc chili seasoning mix,0,Spice
head belgian endive,0,Vegetable
head bibb boston lettuce,0,Vegetable
head boston lettuce,0,Vegetable
head broccolini,0,Flower
head cauliflower floret,0,Flower
head cheese,0,Dairy
head chicory lengthwise,0,Flower
head endive,0,Vegetable
head fish,0,Fish
head garlic crosswise,0,Herb
head green,0,Vegetable
head green leaf lettuce,1,Vegetable
head lavender,0,Flower
head lavender flower,0,Flower
head lettuce leaf,0,Vegetable
head romaine lettuce leaf,1,Vegetable
head romaine lettuce lengthwise,0,Vegetable
head romanesco,0,Flower
head shrimp,0,Seafood
headless prawn,0,Seafood
health bread multi grain,0,Bakery
heap ginger garlic paste,0,Spice
heart cream chicken soup,1,Dish
heart palm brine,0,Vegetable
heart romaine lettuce,1,Vegetable
hearty chicken stock,1,Meat
hearty cracker,0,Bakery
hearty farmhouse bread,0,Bakery
hearty multigrain bread,1,Bakery
hearty red wine,0,Beverage-Alcoholic
hearty sandwich bread,0,Bakery
hearty white bread challah,0,Bakery
heat safe oil,0,Additive
heat safe oil olive,0,Plant Derivative
heath bar candy,0,Plant
heath bar toffee bit,0,Meat
heath toffee bit,0,Meat
heavily bread,0,Bakery
heavy clay,1,Dairy
heavy double cream whipping,0,Dairy
heavy whipping cream milk,0,Dairy
heeng,0,Spice
heinz au jus gravy,0,Additive
heinz cream tomato soup,1,Vegetable
heinz french onion soup beef,0,Meat
heinz pork sauce,0,Additive
heirloom green bean,0,Legume
heirloom tomato mixing green,0,Vegetable
heirloom tomato salsa,0,Legume
heirloom tomato try combine different,0,Legume
hellman mayonnaise,1,Condiment
hellman olive oil mayonnaise,0,Plant Derivative
hemans olive oil mayonnaise,1,Plant Derivative
herb bread,1,Bakery
herb brown gravy mix,0,Dish
herb cheese spread,0,Dairy
herb chevre cheese,0,Dairy
herb crouton,0,Bakery
herb garlic tomato sauce,0,Condiment
herb mayonnaise,1,Condiment
herb pizza dough,0,Dish
herbal liqueur,0,Beverage-Alcoholic
herbal salt substitute,0,Additive
herbes,0,Herb
herbes choice,0,Dish
herbes de choice,1,Herb
herbes de herb,1,Herb
herbes de italian herb,0,Herb
herbes de italian seasoning,1,Herb
herbes de marjoram,0,Herb
herbes de provence combo,1,Herb
herbes french herb thyme leaf,0,Herb
herdez red salsa,0,Condiment
herdez salsa casera,0,Condiment
herdez salsa casera mexican sauce,0,Condiment
hermsdorf corn,0,Maize
hero aka hoagie,0,Bakery
hero dog bun,0,Bakery
herradura tequila,0,Beverage-Alcoholic
herring roe,0,Fish
herring tidbit,0,Fish
hershey chocolate candy bar,0,Plant
hershey chocolate crumb crust,0,Plant
hershey dark chocolate,0,Plant
hershey dark cocoa,0,Plant
hershey hug chocolate,0,Plant Derivative
hershey kissables chocolate candy,0,Plant Derivative
hershey milk chocolate kiss,0,Beverage
hershey peanut butter,0,Additive
hershey special dark chocolate chip macadamia nut,0,Plant
hershey symphony chocolate,0,Plant Derivative
hershy peanut butter kiss,0,Additive
hibachi vegetable,1,Vegetable
hibiscus flower red,0,Flower
hibiscus flower sorrel,0,Herb
hibiscus syrup below,0,Plant Derivative
hibiscus tea,0,Plant
hickory barbeque sauce,1,Condiment
hickory brown sugar barbeque sauce,0,Condiment
hickory nut,0,Nuts and Seeds
hickory seasoning,0,Spice
high canadian whiskey,0,Beverage-Alcoholic
high cat food,0,Dairy
high cliff chili seasoning mix,0,Spice
high cocoa,0,Seed
high dairy eggnog,0,Dish
high fiber bread,0,Bakery
high fiber wheat bread,0,Bakery
high gluten bread flour,0,Cereal
high gluten flour,0,Cereal
high heat oil,0,Additive
high heat resistant vegetable oil,1,Additive
high heat vegetable oil,0,Additive
high italian bread,0,Bakery
high milk chocolate candy bar,0,Plant
high mincemeat,0,Meat
high pasta sauce,0,Additive
high protein crisp rice wheat cereal,0,Cereal
high spaghetti sauce,0,Condiment
hill beef summer sausage,0,Dish
hill bros cappucino mocha cappuccino mix,0,Dish
hill farm cream,0,Dairy
hillshire sausage,1,Dish
hilopites noodle egg,0,Meat
hilsa fish,0,Fish
himalayan salt pepper,0,Spice
himalyan salt pepper,0,Spice
hing powder,0,Spice
hing water,0,Additive
hiram apple liqueur,0,Fruit
hiram walker root,0,Spice
hire extract,0,Additive
hoagie bun,0,Bakery
hoagie french bread,0,Bakery
hoagie hamburger bun,0,Bakery
hoagie italian bread,0,Bakery
hoagie lengthwise,0,Gourd
hoagie type bread,0,Bakery
hog casing sausage,0,Dish
hoisin barbecue sauce,0,Additive
hokan chile sauce garlic,1,Condiment
hokkaido squash,0,Fruit
hokkien noodle wheat spaghetti,0,Cereal
holland house marsala cooking wine,1,Beverage-Alcoholic
hollandaise,0,Additive
hollandaise sauce mix,0,Additive
home brown rice milk,0,Cereal
home gnocchi,0,Cereal
home meatball,0,Dish
home narrow noodle,0,Cereal
home white bread,0,Bakery
homeade bread,0,Bakery
homestyle beef gravy,1,Meat
homestyle white bread,0,Bakery
hon dashi powder,0,Dish
honey cashew,0,Nuts and Seeds
honey cereal,0,Plant Derivative
honey cinnamon ice cream,0,Dish
honey dijon barbecue sauce,0,Condiment
honey french dressing,0,Plant Derivative
honey ham,0,Plant Derivative
honey liqueur,0,Plant Derivative
honey maid graham,0,Plant Derivative
honey muffin,0,Bakery
honey mustard salad dressing mix,1,Dish
honey mustard sauce,1,Condiment
honey nougat chocolate bar,0,Plant
honey nut cheerio,0,Plant Derivative
honey nut chex,0,Plant Derivative
honey teriyaki sauce,0,Condiment
honey teriyaki sauce meat,0,Additive
honey vanilla creme flavor coffee creamer,0,Dish
honey vinegar,0,Plant Derivative
honey vodka,0,Plant Derivative
honey yoghurt,0,Plant Derivative
honey yogurt,0,Plant Derivative
honeycrisp apple,0,Fruit
honeycup mustard not dijon,1,Condiment
honeydew ball,0,Fruit
honeysuckle white italian turkey sausage link,0,Meat
hormel bacon bit,1,Meat
hormel beef tamale,0,Dish
hormel no bean chili heat,0,Dish
hormel pepperoni,0,Meat
hormel reg,0,Spice
hormel salsbury beef gravy mushroom,0,Dish
hormel spicy chili,0,Legume
hormell chili,0,Spice
horne custard powder,0,Dish
hornito tequila,0,Beverage-Alcoholic
horseradish cheddar cheese,0,Dairy
horseradish coleslaw,0,Vegetable
horseradish creamy sauce,0,Additive
horseradish juice,0,Vegetable
horseradish mayonnaise,0,Condiment
horseradish relish,0,Vegetable
horseradish sauce kraft,0,Additive
hot biscuit,1,Bakery
hot black tea,0,Beverage
hot breakfast sausage link,0,Meat
hot chicken stock,1,Meat
hot chicken stock be,1,Meat
hot chile paste,1,Spice
hot chile powder,1,Spice
hot chili paste oil,1,Plant Derivative
hot chili pepper flake,0,Vegetable
hot chili pepper red flake,0,Vegetable
hot chocolate powder,0,Spice
hot chocolate syrup,0,Plant Derivative
hot ciabatta,0,Additive
hot cocoa mix,0,Seed
hot dog bun french bread,0,Bakery
hot dog casing,0,Dish
hot dog chicken,1,Dish
hot dog kosher,0,Dish
hot dog mini,0,Dish
hot dog pork,0,Dish
hot dog vegetarian,0,Dish
hot espresso coffee,0,Beverage
hot fudge topping,0,Additive
hot garlic vinaigrette,0,Herb
hot green chile pepper,0,Spice
hot green pepper jalapeno,0,Vegetable
hot green wasabi pea,0,Legume
hot horseradish,0,Vegetable
hot italian pepper,0,Vegetable
hot jalapeno,0,Spice
hot jasmine rice,1,Cereal
hot ketchup,1,Additive
hot mexican pepper sauce,0,Condiment
hot new green chile,0,Vegetable
hot new mexico chile,1,Spice
hot no yolk noodle,0,Cereal
hot onion,0,Vegetable
hot orange juice,0,Fruit
hot pasta sauce,0,Condiment
hot pepper african peri are,0,Vegetable
hot pepper bell,0,Vegetable Fruit
hot pepper bonnet,1,Vegetable
hot pepper chilli,0,Vegetable
hot pepper each,0,Vegetable
hot pepper green,0,Vegetable
hot pepper jelly,0,Vegetable
hot pepper malagueta,1,Vegetable
hot pepper oil,1,Spice
hot pepper one orange,0,Spice
hot pepper pepperoncini,0,Vegetable
hot pepper portugal type,1,Vegetable
hot pepper red flake,0,Vegetable
hot pepper red thai,0,Vegetable
hot pepper ring pepperoncini,1,Vegetable
hot pepper sauce louisiana,0,Condiment
hot pepper sauce outerbridge,0,Condiment
hot pepper thai,0,Spice
hot pepper yellow one work,1,Spice
hot pepperoncini pepper,1,Vegetable
hot pork gravy,0,Meat
hot red chile cayenne pepper,0,Vegetable
hot red chile pepper,0,Vegetable
hot red chili pepper choice thai,0,Vegetable
hot salami,1,Fish
hot sauce amos,0,Condiment
hot sauce avocado,0,Condiment
hot sauce cucumber noodle,0,Condiment
hot sauce fire,0,Condiment
hot sauce optional,0,Condiment
hot sauce pepper flake,0,Condiment
hot sauce rooster,0,Condiment
hot sauce tabasco,0,Condiment
hot sauce taste,0,Condiment
hot serrano pepper jalapeno,0,Vegetable
hot spaghetti,0,Cereal
hot taco seasoning mix,0,Spice
hot tea,0,Plant
hot thai red chili pepper,1,Vegetable
hot water pastry dough,0,Additive
hot white vinegar,0,Plant Derivative
hot yellow pepper,0,Spice
hot yellow wax pepper,0,Spice
hotdog relish,0,Condiment
house cucumber,0,Gourd
house italian dressing,0,Dish
house seasoning salt black pepper garlic powder,0,Spice
huacatay paste,0,Additive
huitlacoche portobello mushroom,1,Fungi
human mexican cheese,0,Dairy
hummus black bean,0,Legume
hummus choice,1,Dish
hummus garlic,1,Herb
hummus spread,0,Dish
hundred year egg,0,Meat
hungarian egg noodle,0,Meat
hungarian paprika sausage,1,Vegetable
hungarian pepper banana,0,Vegetable
hungarian sausage,0,Dish
hungry jack microwave maple flavor syrup,0,Additive
hungry jack potato flake,0,Vegetable
hungry potato flake,1,Vegetable
hunt chili starter,1,Spice
hunt garlic sauce,0,Condiment
hunt manwich mix,0,Dish
hunt meatloaf sauce,0,Condiment
hunt spaghetti sauce mushroom,1,Condiment
hunt tomato sauce garlic,0,Condiment
hunter seasoning,1,Spice
huy chili garlic sauce,0,Condiment
huy fong garlic red chile paste,0,Spice
hypnotiq liqueur,0,Beverage-Alcoholic
ibarra brand mexican cocoa,1,Seed
ibarra mexican chocolate,1,Plant Derivative
ibc root beer,0,Beverage-Alcoholic
ice chip,0,Additive
ice cream topping peppermint crisp,0,Additive
ice cream type,0,Dish
ice cube see,0,Additive
ice optional,0,Additive
ice water cold club soda,0,Additive
ice water juice,0,Additive
icebreaker candy,0,Additive
ichiban noodle soup,0,Meat
icing white,0,Additive
icing white buttercream,0,Additive
idaho russet potato,1,Vegetable Tuber
idli batter,0,Dish
ime juice,0,Beverage
imperial cheese,0,Dairy
indian black salt,0,Additive
indian bread,1,Bakery
indian chapati flour,0,Cereal
indian coriander,0,Herb
indian cranberry orange sauce,0,Fruit
indian curry,1,Additive
indian curry powder,0,Additive
indian flat bread,0,Bakery
indian garam massala,0,Spice
indian green chilies,0,Spice
indian mango,1,Fruit
indian mango ka masala,0,Fruit
indian papadum bread,1,Bakery
indian rice cake,0,Dish
indian spicy mango pickle,0,Dish
indian summer apple juice,0,Fruit
indian version,0,Spice
individual beef rib,0,Meat
individual chipotle pepper adobo sauce,1,Additive
individual corn chip,0,Maize
individual crystal lemonade,0,Beverage
individual graham cracker,0,Bakery
individual hoagie,0,Bakery
individual ritz cracker,0,Bakery
individual vanilla sugar,0,Additive-Sugar
indonesian chili sauce,1,Condiment
indonesian pepper,0,Spice
injera,0,Bakery
inn maid noodle,0,Cereal
inner pack saltine cracker,0,Bakery
inside roast,0,Meat
international delight cream coffee creamer,0,Dish
international sugar mocha coffee,0,Beverage
intrigue liqueur,0,Beverage-Alcoholic
invert sugar,0,Additive
iranian rice,0,Cereal
irish beef stew,0,Meat
irish breakfast loose tea,0,Plant
irish cheddar cheese,0,Dairy
irish creme non dairy coffee creamer,0,Dairy
irish liqueur,0,Beverage-Alcoholic
irish mist herbal liqueur,0,Beverage-Alcoholic
irish sausage,1,Dish
irish stew,0,Dish
irish whiskey cream,0,Dairy
irish whiskey optional,0,Beverage-Alcoholic
irish whiskey rye,0,Beverage-Alcoholic
irma red enchilada sauce,0,Additive
iron steak,0,Meat
island dressing version,0,Condiment
isle double cream,0,Dairy
isopropyl alcohol,0,Beverage-Alcoholic
italian balsamic vinaigrette,0,Additive
italian bean,0,Legume
italian biscotti cookie,0,Spice
italian biscuit,0,Bakery
italian bread basket,0,Bakery
italian bread black pepper,0,Spice
italian bread ciabatta,0,Bakery
italian bread lengthwise,0,Bakery
italian bread loaf,1,Bakery
italian bread out,0,Bakery
italian bread parsley,0,Spice
italian bread pizza crust dough,0,Bakery
italian bread semolina,0,Bakery
italian bread wheat,0,Bakery
italian breadcrumb goldfish cracker,0,Bakery
italian breadcrumb wheat by 4c,0,Bakery
italian brioche bread sourdough,0,Bakery
italian bulk sausage,1,Meat
italian bun,0,Bakery
italian bun portuguese,0,Bakery
italian cheese cream,0,Dairy
italian cheese mozzarella,1,Dairy
italian cheese pecorino,0,Dairy
italian cheese romano,1,Dairy
italian cheese sauce,0,Dairy
italian cherry pepper,0,Condiment
italian chicken cutlet,1,Meat
italian chicken sausage link,1,Dish
italian choice,0,Spice
italian ciabatta,0,Spice
italian classic capellini,0,Spice
italian creamy garlic dressing,0,Condiment
italian crouton,0,Bakery
italian dressing ;,0,Dish
italian dressing below,0,Dish
italian dressing caesar salad,0,Dish
italian dressing garlic,0,Dish
italian dressing great,0,Dish
italian dressing greek,1,Dish
italian dressing kraft,0,Dish
italian dressing oil,0,Dish
italian dressing red pepper,1,Vegetable Fruit
italian dressing seasoning,1,Herb
italian dressing spice mix,1,Condiment
italian eggplant,0,Vegetable
italian fennel sausage,0,Meat
italian five cheese,0,Dairy
italian flat bean,0,Legume
italian fontina cheese,0,Dairy
italian four cheese,0,Dairy
italian fusilli,0,Spice
italian garlic sauce,0,Condiment
italian ham,0,Meat
italian hard,0,Spice
italian hard salami,1,Fish
italian herb chili flake,1,Spice
italian herb oregano,0,Condiment
italian herb pasta sauce,0,Additive
italian herb sage,0,Condiment
italian herb seasoning oregano basil,0,Condiment
italian herb seasoning pasta seasoning,0,Condiment
italian herb seasoning rosemary,0,Condiment
italian herb seasoning seasoning like marj,0,Condiment
italian herb tomato sauce,0,Additive
italian leaf parsley,0,Spice
italian lettuce,0,Vegetable
italian link sausage,0,Meat
italian meatball beef,0,Meat
italian meringue chocolate cream filling,0,Plant Derivative
italian millet,0,Cereal
italian oil,0,Additive
italian olive,1,Plant Derivative
italian panini bun,0,Bakery
italian parsley leaf,1,Spice
italian pastina pasta,1,Cereal
italian peasant bread,0,Bakery
italian pepper ring,0,Spice
italian pizza dough,1,Bakery
italian progresso bread crumb,0,Bakery
italian red pepper,0,Vegetable Fruit
italian salad dressing mix season,0,Dish
italian sandwich bun,0,Bakery
italian sandwich bun mini sub,0,Bakery
italian sauce marinara,0,Condiment
italian sausage bulk,0,Meat
italian sausage crosswise,0,Meat
italian sausage hot,0,Meat
italian sausage market,0,Meat
italian sausage pasta sauce,0,Meat
italian sausage too,0,Meat
italian sausage total,1,Meat
italian sausage weight,0,Meat
italian sausage without fennel,1,Meat
italian seasoning basil red pepper,1,Vegetable Fruit
italian seasoning basil seperatley together,0,Herb
italian seasoning each basil,0,Herb
italian seasoning herb,0,Condiment
italian seasoning herb garlic,0,Condiment
italian seasoning mix oregano,0,Herb
italian seasoning monkey organic grinder zest,0,Herb
italian seasoning sage,0,Herb
italian seasoning seasoning,1,Herb
italian seasoning sunset,0,Herb
italian seasoning thyme,0,Herb
italian semolina bread,0,Bakery
italian sparkling wine,0,Beverage-Alcoholic
italian spice basil,1,Herb
italian spice rub between,0,Spice
italian spumante,1,Spice
italian submarine,0,Spice
italian submarine sandwich bread,0,Bakery
italian syrup,0,Plant Derivative
italian tomato passata,1,Vegetable
italian total,0,Spice
italian turkey sausage casing removed,1,Meat
italian turkey sausage pork,1,Meat
italian vegetarian sausage,0,Meat
italian vinaigrette dressing,0,Dish
italian vinaigrette oil vinegar salad dressing,0,Condiment
italian vingaigrette salad dressing,0,Condiment
italian wheat,0,Cereal
italian wo n't hurt,0,Spice
italiano salami,0,Fish
italina seasoning,0,Spice
ivanhoe cheddar,1,Dairy
ivy gourd,0,Fruit
j salt,1,Additive
jack cheese,1,Dairy
jack daniel honey whiskey,0,Plant Derivative
jack fish fillet,0,Fish
jack taco sauce,0,Condiment
jackfruit brine,0,Vegetable
jagermeister liqueur,0,Beverage-Alcoholic
jalapeno adjust,0,Spice
jalapeno bacon,0,Meat
jalapeno bit milder,1,Spice
jalapeno bonnet pepper,1,Vegetable
jalapeno brand,1,Spice
jalapeno cheddar cheese,0,Dairy
jalapeno cheddar cheese horseradish,1,Dairy
jalapeno cheddar sourdough bread,0,Dish
jalapeno cheese dip,0,Dairy
jalapeno cheese sauce,0,Dairy
jalapeno cheese tortilla,0,Dish
jalapeno chile juice,0,Spice
jalapeno chile pepper okay,0,Spice
jalapeno chili below,0,Spice
jalapeno choose,0,Spice
jalapeno finely,0,Spice
jalapeno green chile,1,Spice
jalapeno green chili,1,Spice
jalapeno habanero pepper,0,Spice
jalapeno hot pepper,0,Spice
jalapeno jam,0,Spice
jalapeno jelly habanero pepper,0,Spice
jalapeno jelly red,0,Spice
jalapeno juice pepperocini pepper,0,Spice
jalapeno juice white vinegar,0,Plant Derivative
jalapeno keep seed caliente,0,Spice
jalapeno may,0,Spice
jalapeno membrane,0,Spice
jalapeno milder,0,Spice
jalapeno mince,0,Spice
jalapeno monterey jack cheese,1,Dairy
jalapeno more remove seed membrane,0,Spice
jalapeno oil,0,Additive
jalapeno one,0,Spice
jalapeno one red,0,Spice
jalapeno optional,1,Spice
jalapeno optional even like,0,Spice
jalapeno pepper below,0,Vegetable
jalapeno pepper brine,0,Vegetable
jalapeno pepper cheddar cheese,0,Dairy
jalapeno pepper cheese spread,1,Vegetable
jalapeno pepper chicken,1,Vegetable
jalapeno pepper chili,0,Spice
jalapeno pepper chili guindilla,0,Spice
jalapeno pepper chipotle,0,Spice
jalapeno pepper different,0,Spice
jalapeno pepper finely,0,Spice
jalapeno pepper flake,1,Spice
jalapeno pepper green,1,Spice
jalapeno pepper green bell,0,Vegetable Fruit
jalapeno pepper green chile,0,Vegetable
jalapeno pepper green chilies,1,Vegetable
jalapeno pepper hot flake,0,Vegetable
jalapeno pepper hotter,0,Vegetable
jalapeno pepper juice jalapenos,0,Beverage
jalapeno pepper milder,0,Vegetable
jalapeno pepper most,0,Vegetable
jalapeno pepper optional,0,Vegetable
jalapeno pepper out,0,Vegetable
jalapeno pepper pick,0,Vegetable
jalapeno pepper red,1,Vegetable
jalapeno perfec,0,Spice
jalapeno powder red pepper,1,Spice
jalapeno red chile pepper,0,Vegetable
jalapeno red chili,0,Vegetable
jalapeno red pepper,0,Vegetable
jalapeno relish,0,Spice
jalapeno sausage,1,Dish
jalapeno seed optional,1,Spice
jalapeno soup spicy heat,1,Spice
jalapeno sub,0,Spice
jalapeno syrup below,0,Plant Derivative
jalapeno tbsp,0,Spice
jalapeno tequila below,0,Beverage-Alcoholic
jalapeno thai chile,1,Spice
jalapeno this will be hot,0,Spice
jalapeno tsp,0,Spice
jalapeno vein,1,Spice
jalapeno without seed,0,Spice
jalepeno chili,0,Spice
jalepeno chili variety,0,Spice
jalepeno juice,1,Spice
jam apricot,0,Fruit
jam black cherry,0,Fruit
jam choice,0,Fruit
jam jelly choice,0,Fruit
jam lemon butter,0,Dairy
jam strawberry,0,Fruit
jam swiss,0,Dairy
jamaica mistake salad dressing,0,Dish
jamaican browning sauce,0,Condiment
jamaican jerk marinade,0,Dish
jamaican pepper sauce tomato mango,0,Additive
jamaican pimento,0,Spice
jamaican red stripe beer,1,Beverage
jambalaya rice mix,1,Cereal
jambalaya spice,0,Spice
jamesons irish whiskey,0,Beverage-Alcoholic
japanese,0,Vegetable
japanese beech mushroom,0,Fungi
japanese bread crumb breadcrumb,0,Bakery
japanese breadcrumb,0,Bakery
japanese chile bean sauce,1,Additive
japanese cucumber american,0,Gourd
japanese egg noodle,0,Meat
japanese fish cake,0,Dish
japanese kabocha squash,1,Fruit
japanese nori,0,Seafood
japanese panko breadcrumb,0,Bakery
japanese persimmon,0,Fruit
japanese radish,1,Vegetable
japanese rice wine vinegar,0,Additive-Vinegar
japanese sticky rice,0,Cereal
japanese vegetable,0,Vegetable
japanese white mushroom,1,Fungi
japanese winter squash,0,Fruit
japanese yam,0,Vegetable
japone chile,0,Spice
japone chilies,0,Spice
jardine pomegranate margarita mix,0,Dairy
jarlsberg cheese cube,0,Dairy
jarlsberg cheese reserve,0,Dairy
jasmine flower,0,Cereal
jasmine green tea,0,Beverage
jasmine tea leaf,0,Beverage
jasmine white rice,1,Cereal
jell o chocolate,0,Additive
jelly buckwheat,0,Cereal
jelly crystal lemon,0,Fruit
jelly jam,0,Fruit
jelly powder,0,Spice
jelly preserve,0,Fruit
jennie o italian turkey sausage,0,Meat
jennie o turkey ham,0,Meat
jenny o italian turkey sausage link,0,Meat
jerk chicken,1,Meat
jerk rub,1,Herb
jerk sauce marinade,1,Additive
jerk seasoning mix,1,Spice
jerk spice,1,Spice
jicamas,0,Vegetable
jif peanut butter,1,Additive
jiffy baking mix,1,Dish
jiffy brand white mix,0,Dish
jiffy cornbread mix egg milk,0,Dish
jiffy cornmeal mix,0,Maize
jiffy pizza dough,0,Bakery
jiffy raspberry muffin mix,0,Maize
jiffy yellow cake mix,0,Dish
jiffy yellow cornbread mix,1,Dish
jigger apple schnapps,0,Beverage-Alcoholic
jigger apricot brandy,0,Beverage-Alcoholic
jigger bourbon,0,Beverage-Alcoholic
jigger brandy,0,Beverage-Alcoholic
jigger coconut rum,0,Beverage-Alcoholic
jigger gin,0,Beverage-Alcoholic
jigger jagermeister liqueur,0,Beverage-Alcoholic
jigger key lime juice,0,Beverage-Alcoholic
jigger lemon rum,0,Beverage-Alcoholic
jigger lime juice,0,Beverage
jigger lime vodka,0,Beverage-Alcoholic
jigger mango nectar,0,Plant Derivative
jigger orange juice,0,Beverage
jigger passion rum,0,Beverage-Alcoholic
jigger pisco,0,Beverage-Alcoholic
jigger raspberry liqueur,0,Beverage-Alcoholic
jigger sherry,0,Beverage-Alcoholic
jigger tea,0,Beverage-Alcoholic
jigger tequila blanco,0,Beverage-Alcoholic
jigger tequila plata,0,Beverage-Alcoholic
jim beam bourbon whiskey,0,Beverage-Alcoholic
jimmy dean breakfast sausage,0,Meat
jimmy sausage,0,Dish
john salley garlic chipotle sauce,0,Condiment
johnnie walker black label whiskey,0,Beverage-Alcoholic
johnny au jus sauce,0,Additive
johnny walker black scotch,0,Spice
johnsonville breakfast sausage link,0,Meat
jojoba oil,0,Additive
jonagold apple,0,Fruit
joseph breadcrumb,0,Bakery
joule gelatin,0,Additive
juce cuervo margarita mix,0,Dish
jufran banana ketchup,0,Condiment
jug au jus sauce,0,Additive
jugo seasoning,0,Spice
juice cucumber,1,Beverage
juice from kimchi,0,Dish
juice from pepperoncini,0,Dish
juice fruit,0,Fruit
juice jalapeno pepper,0,Spice
juice mango optimal,0,Fruit
juice meat,0,Meat
juice orange,1,Fruit
juicy red pepper,0,Vegetable Fruit
jujube,0,Fruit
julienne green bean,0,Cereal
julienne vegetable celery,0,Vegetable
julienne yellow squash,0,Fruit
julio seasoning seasoning,0,Spice
julios brand seasoning,1,Spice
jumbo,0,Seafood
jumbo biscuit,0,Bakery
jumbo buttermilk biscuit,1,Bakery
jumbo cheese ravioli,0,Dairy
jumbo crescent,0,Seafood
jumbo egg white salt,0,Meat
jumbo english muffin,0,Bakery
jumbo frankfurter,0,Meat
jumbo hamburger bun,1,Bakery
jumbo olive,0,Plant
jumbo prawn,0,Seafood
jumex banana nectar,0,Fruit
junior mint garnish,0,Herb
juniper berry gin caraway seed,0,Spice
juniper berry optional,0,Berry
junket dessert mix,0,Dish
jus sauce,0,Additive
jus sauce juice,0,Additive
jyo black mushroom,0,Fungi
kabanossi sausage,0,Dish
kabocha,0,Fruit
kabocha squash butternut,0,Fruit
kabsa spice mix,1,Spice
kabsa spice mix cardamom seed black pepper cumin,1,Legume
kabuli channa chickpea,0,Legume
kabuli channa night,0,Legume
kadaifi pastry,0,Dish
kadaifi wheat pastry,0,Cereal
kaffir lime,0,Fruit
kahlua hazelnut,0,Beverage-Alcoholic
kaiser italian,0,Spice
kaiser onion,0,Vegetable
kala jeera,0,Spice
kala jeera black cumin seed,1,Spice
kala namak,0,Additive
kala namak black salt,0,Additive-Salt
kalamansi,0,Beverage
kalamansi filipino lemon juice,0,Beverage
kalamansi juice,0,Beverage
kalamansi juice lemon,0,Beverage
kalamata black olive,0,Fruit
kalamata brine,1,Additive
kalamata olive brine,0,Plant
kalamata olive oil,0,Plant Derivative
kalamata olive tapenade,0,Condiment
kalamata olive tomato garlic,1,Plant
kalametas olive,0,Plant
kalbi marinade,0,Meat
kalbi steak marinade,0,Meat
kalmata olive,0,Plant
kalounji seed,0,Spice
kamaboko fish cake,0,Dish
kammerjunker biscuit,0,Bakery
kamut oat flour,0,Cereal
kangaroo fillet beef,0,Meat
kanimiso,1,Seafood
karo corn syrup,0,Maize
kasha buckwheat groat,0,Cereal
kashmiri chile,0,Spice
kashmiri chilies red,1,Vegetable
kashmiri chilies red chili,0,Spice
kashmiri chilies red chilli,0,Vegetable
kashmiri green tea,0,Beverage
kashmiri masala paste,0,Spice
kashmiri red chili,0,Spice
kasturi lime,0,Fruit
kataifi pastry may not,0,Dish
kecap manis indonesian soy sauce,0,Condiment
keebler chocolate cookie pie crust cracker,0,Bakery
keebler town house cheddar cracker,0,Dairy
kefalograviera cheese parmesan,0,Dairy
kefalograviera cheese regato,0,Dairy
kefalotiri cheese,0,Dairy
kefalotiri mizithra cheese,0,Dairy
kefalotyri gruyere reggiano,0,Dairy
kefir,0,Dairy
kefir cheese,0,Dairy
kellogg corn flake,0,Maize
kellogg corn flake crumb,0,Maize
kellogg rice krispies,0,Cereal
kellogg rice krispies cereal,0,Cereal
kellogs rice krispies,0,Cereal
kelp fish stock,1,Fish
kelp noodle,0,Seafood
ken caesar salad dressing,0,Dish
ken greek salad dressing,0,Dish
ken northern italian dressing,1,Dish
kentucky whiskey,0,Beverage-Alcoholic
kern coconut pineapple juice,0,Beverage
kernel corn green pepper,1,Maize
kernel corn niblets,0,Maize
kernel corn pepper,1,Maize
kernel golden corn,0,Maize
kernel mexican corn red pepper,0,Maize
keta salmon caviar,0,Fish
kettle potato chip,0,Dish
kewda essence,0,Additive
kewpie japanese mayonnaise,0,Condiment
key lime mustard sauce,0,Additive
key west pink shrimp,0,Seafood
key west shrimp boil,0,Seafood
khandi spaghetti sauce,0,Condiment
khoya milk powder,0,Dairy
khus paste,0,Additive
khus poppy seed,0,Spice
kidney bean black,0,Legume
kikkoman baste teriyaki sauce,0,Condiment
kikkoman black bean sauce,0,Condiment
kikkoman ponzu lime,0,Fruit
kikkoman sauce,1,Condiment
kikkoman soy glaze,1,Condiment
kikkoman stir fry sauce,0,Additive
kikoman teriyaki sauce,0,Condiment
kimchi juice,0,Dish
kimion cumin,0,Spice
kind cooky,0,Dish
kind oil,0,Additive
kinder spicy marinade,1,Dish
king crab,1,Seafood
king crab meat,0,Seafood
king crab snow leg,0,Seafood
king mackerel fillet,0,Fish
king mushroom,0,Fungi
king prawn intact,0,Seafood
king salmon fillet,0,Fish
king syrup,0,Plant Derivative
king trumpet mushroom,0,Fungi
kinky liqueur,0,Beverage-Alcoholic
kirschwasser cherry brandy,0,Beverage-Alcoholic
kiss jalapeno jelly,0,Spice
kitchen basic beef stock,0,Meat
kitchen bouquet beef flavor,0,Additive
kitchen cocoa,0,Seed
kittencal creamy italian salad dressing,0,Dish
kittencal creamy ranch dressing dip,0,Condiment
kittencal italian breadcrumb,0,Bakery
kittencal italian melt mouth meatball,0,Dish
kittencal marinara pasta sauce,0,Additive
kittencal parmesan garlic bread toast,1,Dish
kittencal pizza sauce,0,Additive
kittencal red enchilada taco sauce,1,Additive
kiwi pulp,0,Fruit
kiwi syrup,0,Fruit
kiwifruit,0,Fruit
kiwifruit lengthwise,0,Fruit
klamata olive,0,Plant
klusky noodle,0,Cereal
knackwurst frankfurter pork sausage,0,Meat
knob vegetable,0,Vegetable
knockwurst bratwurst,0,Dish
knockwurst frankfurter,1,Dish
knockwurst hebrew national kosher,0,Additive-Salt
knorr beef bouillon,0,Meat
knorr brown gravy mix,1,Dish
knorr classic cream soup mix,0,Meat
knorr cream vegetable soup mix,1,Meat
knorr demi glace gravy mix,0,Condiment
knorr homestyle beef stock,0,Meat
knorr lamb cube,0,Meat
knorr leek soup mix,0,Dish
knorr minestrone soup mix,0,Dish
knorr onion soup mix,0,Dish
knorr oxtail soup mix,0,Dish
knorr shepherd,0,Meat
knorr shepherd pie mealmaker mix,0,Dish
knorr stock,1,Dish
knorr teriyaki marinade,0,Condiment
knorr tomato basil soup mix,0,Dish
knorr tomato beef soup mix,0,Meat
knorr tomato bouillon chicken flavor,1,Meat
knorr tomato bouillon chicken flavor cube,1,Meat
knorrox oxtail soup mix,0,Dish
knudsen lemon lime spritzer,0,Fruit
kochujang pepper paste,0,Spice
kodiak cake,0,Dish
koftas,0,Dish
kokum fruit,0,Fruit
kokum water,0,Additive
kokumaro stew cream roux mix,1,Meat
kolops noodle,1,Cereal
kombu dashi,0,Condiment
kombu kelp,0,Seafood
kombu vegetable,0,Vegetable
konafa pastry dough,0,Bakery
kool aid drink mix,0,Dish
kool aid lemon lime flavor,0,Beverage
korean barbeque sauce,0,Additive
korean bbq bulgogi marinade,0,Dish
korean beef chuck flanken,0,Meat
korean bulgogi marinade,1,Dish
korean chile bean paste,1,Legume
korean chili paste garlic red chile,0,Spice
korean chili pepper flake,0,Spice
korean cooking wine,0,Beverage-Alcoholic
korean dang myun noodle,0,Cereal
korean dumpling,0,Dish
korean glass noodle,0,Cereal
korean kim chee,0,Dish
korean marinade,0,Dish
korean napa cabbage,0,Vegetable
korean noodle,0,Cereal
korean pepper powder,1,Spice
korean potato noodle,0,Spice
korean red chile flake,0,Spice
korean red chile pepper,0,Spice
korean red chili paste,0,Spice
korean red chili pepper paste,1,Spice
korean red pepper paste gochujan,1,Spice
korean red pepper powder chili paste,0,Spice
korean red pepper thread,0,Spice
korean rib beef chuck,0,Meat
korean sauce,0,Additive
korean soon tofu,0,Plant Derivative
korean spicy chili paste,0,Plant Derivative
korean spicy red chili paste,1,Spice
korean starch noodle,0,Cereal
korean stir fry teriyaki sauce,0,Additive
korean teriyaki stir fry sauce,0,Additive
korma,0,Meat
korma sauce,1,Additive
kosher,0,Additive-Salt
kosher beef frankfurter,0,Meat
kosher beef hot dog,0,Dish
kosher beef soup mix,0,Meat
kosher chocolate wafer,0,Plant Derivative
kosher gelatin,0,Additive
kosher hot dog,0,Dish
kosher margarine,0,Additive
kosher red wine,0,Beverage-Alcoholic
kosher vanilla flavoring,0,Additive
koshi red bean paste,0,Condiment
kraft american cheese single,0,Dairy
kraft calorie wise italian dressing,0,Dish
kraft caramel topping,0,Additive
kraft cheddar,1,Dairy
kraft cheddar cheese,0,Dairy
kraft cheddar monterey jack cheese,1,Dairy
kraft classic caesar salad dressing,1,Dish
kraft coleslaw dressing,0,Condiment
kraft cream cheese onion,0,Dairy
kraft creamy horseradish sauce,0,Additive
kraft creamy italian dressing,0,Dish
kraft deluxe macaroni cheese mix,0,Dish
kraft extra virgin,0,Plant Derivative
kraft extra virgin olive oil balsamic vinaigrette dressing,0,Plant Derivative
kraft four cheese,1,Dairy
kraft four cheese homestyle mac n,0,Dairy
kraft four cheese mexican,0,Dairy
kraft hickory barbecue sauce,1,Condiment
kraft hickory swiss cheddar cheese,0,Dairy
kraft horseradish sauce,0,Additive
kraft jalapeno cheez whiz,1,Spice
kraft lite italian dressing,1,Dish
kraft macaroni cheese dinner mix,0,Dish
kraft mexican milk four cheese,1,Dairy
kraft mozzarella cheese,1,Dairy
kraft onion vinaigrette,0,Vegetable
kraft parmesan romano,0,Dairy
kraft parmesan romano asiago cheese,0,Dairy
kraft pizza cheese,0,Dairy
kraft ranch dressing,1,Condiment
kraft red pepper italian,0,Vegetable Fruit
kraft red pepper italian parmesan dressing,0,Dish
kraft reg mozzarella cheese,0,Dairy
kraft reg parmesan cheese,1,Dairy
kraft russian salad dressing,0,Dish
kraft special collection greek salad dressing,0,Dish
kraft special tomato,1,Vegetable
kraft vanilla caramel,0,Legume
kraft yellow cheese,0,Dairy
kraut juice,0,Beverage
kremelta,0,Dish
krispie rice cereal,0,Cereal
kucai,0,Vegetable
kudzu,0,Legume
kung pao sauce,0,Additive
kurosatou corn sugar,0,Maize
labneh cheese,0,Dairy
labneh yogurt cheese,0,Dairy
lactose milk,0,Dairy
lady finger,0,Bakery
lady finger banana,0,Bakery
lady finger cookie,0,Bakery
lady savoiardi,0,Bakery
lage egg yolk,0,Meat
lake perch fillet,0,Fish
lal mirchi indian red chile pepper,1,Spice
lamb backstrap,0,Meat
lamb beef olive oil,0,Plant Derivative
lamb breast chop,0,Meat
lamb broth chicken,1,Meat
lamb head,0,Meat
lamb knuckle,0,Meat
lamb leg,0,Meat
lamb loin,0,Meat
lamb loin fillet,0,Meat
lamb medallion chop,0,Meat
lamb neck chop,0,Meat
lamb neck fillet,1,Meat
lamb pluck,0,Meat
lamb roast,0,Meat
lamb skewer,0,Meat
lamb sparerib,0,Meat
lamb stewing meat,0,Meat
lamb sweetbread,0,Meat
lamb tongue,0,Meat
larch wild mushroom,0,Fungi
lard better,0,Meat
lard margarine,0,Additive
lard may be,1,Meat
lard may chicken stock,1,Meat
lard meat dripping,0,Meat
lard no,0,Meat
lard pork,0,Meat
lard pork knuckle,0,Meat
lard room,0,Meat
lard shortening,0,Additive
lard substitute oil,0,Meat
large caper salt,0,Additive
large egg noodle,0,Meat
large flour tortilla,1,Dish
large onion,1,Vegetable
large scallop,0,Seafood
largelemon zest,0,Fruit
largeorange orange peel,0,Fruit
larger white onion,0,Vegetable
lasagna layer,0,Cereal
lasagna noodle baking pan,0,Cereal
lasagna noodle barilla no boil,0,Cereal
lasagna noodle carb pasta,0,Cereal
lasagna noodle chicken sauce,1,Cereal
lasagna noodle curly,0,Cereal
lasagna noodle egg,0,Meat
lasagna noodle italian,1,Cereal
lasagna noodle no boil,0,Cereal
lasagna noodle not work,0,Cereal
lasagna noodle one,0,Cereal
lasagna noodle oven type,1,Cereal
lasagna noodle wheat,0,Cereal
lasagna noodle wide,0,Cereal
lasagna noodle x5,0,Cereal
lasagna requirement,0,Cereal
lasagne hamburger helper mix beef pasta,0,Cereal
lasanga noodle,0,Cereal
lattice biscuit,0,Bakery
laughing cow garlic herb cheese,0,Dairy
laura chenel goat cheese,0,Dairy
lavender blossom flower,1,Flower
lavender blossom syrup,0,Flower
lavender culinary flower,1,Flower
lavender flower be,0,Flower
lavender flower may lemon zest,0,Fruit
lavender leaf,0,Flower
lavender lemon zest,0,Fruit
lavender simple syrup,0,Additive
lavender sugar vanilla,0,Additive-Sugar
lavender vanilla sugar,0,Additive-Sugar
lavosh cracker,0,Bakery
lawrys seasoning,0,Spice
layer cheese cloth,0,Dairy
le seuer pea,0,Legume
lea chili garlic sauce,0,Condiment
lea helper chilli garlic sauce,0,Condiment
leaf bay,0,Plant
leaf boston lettuce,1,Vegetable
leaf coriander,1,Herb
leaf escarole,0,Vegetable
leaf green lettuce,0,Vegetable
leaf kale,0,Vegetable
leaf lard,0,Meat
leaf mache,0,Plant
leaf marjoram,0,Spice
leaf romaine lettuce,0,Vegetable
leaf sesame,0,Plant
leaf spinach baby,0,Vegetable
leaf thai basil,0,Herb
leaf vanilla bean,0,Legume
leafy green spinach,1,Vegetable
lebanese bread flat,0,Bakery
lebanese flat bread,0,Bakery
lebanese laban mutboukh,0,Dish
lebanon bologna sausage,0,Dish
lebkuchen spice,0,Spice
lechera milk,0,Dairy
lee black bean paste,1,Legume
lee kum black bean garlic sauce,1,Additive
lee kum black bean paste,1,Legume
lee kum kee black bean garlic sauce,0,Additive
leek green lengthwise,0,Vegetable
leek lengthwise crosswise,1,Vegetable
leek white,0,Vegetable
leerdammer cheese,0,Dairy
leg duck,1,Meat
leg improve flavour,0,Meat
leg veal rump roast,0,Meat
leicestershire pale ale,0,Beverage-Alcoholic
lemon artichoke,0,Fruit
lemon balsamic vinaigrette,0,Additive
lemon butter,0,Dairy
lemon butter sauce,1,Additive
lemon cordial,0,Fruit
lemon dill seasoning,0,Spice
lemon dill seasoning plus zest,0,Fruit
lemon essential oil,0,Fruit
lemon extract bitter almond,0,Nuts and Seeds
lemon extract not oil,0,Fruit
lemon extract orange,0,Fruit
lemon flavor yogurt,0,Dairy
lemon flavoring extract,0,Fruit
lemon frosting,0,Fruit
lemon fruit,0,Fruit
lemon geranium leaf,0,Fruit
lemon grass bulb,0,Plant
lemon grass powder,0,Essential Oil
lemon grass stock chicken see,1,Meat
lemon green,0,Fruit
lemon hard meat mallet,0,Fruit
lemon herb marinade,1,Meat
lemon icing,0,Fruit
lemon jam,0,Fruit
lemon jell o gelatin not pudding mix,0,Dish
lemon lime,0,Beverage
lemon lime beverage spite zero,0,Beverage
lemon lime beverage sprite,0,Beverage
lemon lime drink mix,0,Dish
lemon lime juice,0,Beverage
lemon lime liqueur,0,Beverage
lemon lime margarita mix,0,Dish
lemon lime soda per serving,0,Beverage
lemon lime sorbet,0,Beverage
lemon liqueur,0,Fruit
lemon liqueur caravella limoncello,0,Beverage-Alcoholic
lemon make certain,0,Fruit
lemon more,1,Fruit
lemon myrtle macadamia nut oil,1,Essential Oil
lemon oil,0,Fruit
lemon orange curd,0,Dairy
lemon orange grapefruit peel,0,Fruit
lemon orange juice,0,Beverage
lemon ouzo,0,Fruit
lemon parmesan vinaigrette,0,Plant Derivative
lemon peel curl,0,Fruit
lemon pepper marinade,1,Spice
lemon pie,0,Fruit
lemon pie filling,0,Dish
lemon pulp,0,Fruit
lemon puree,0,Fruit
lemon rum,0,Beverage-Alcoholic
lemon salt,0,Additive
lemon schnapps,0,Fruit
lemon sole,0,Fruit
lemon spread,0,Fruit
lemon squash drink,0,Fruit
lemon stir fry sauce,1,Additive
lemon tang orange,0,Fruit
lemon tb,0,Fruit
lemon tbsp,0,Fruit
lemon tea,0,Fruit
lemon thyme ca n't,0,Herb
lemon thyme juice,1,Beverage
lemon verbena herbal simple syrup lemonade etc,0,Plant Derivative
lemon vodka,0,Beverage-Alcoholic
lemon water,1,Additive
lemon wedge hot sauce,0,Fruit
lemon zest juice,0,Beverage
lemonade american,0,Beverage
lemonade sugar,0,Additive
lemoncello liqueur,0,Beverage-Alcoholic
lemongrass chili spice mix,1,Spice
lemongrass chili spice mix hot,0,Spice
lemongrass juice,0,Herb
lemongrass paste below,0,Herb
lemongrass puree,0,Herb
length french bread equivalent chunk rustic,0,Bakery
length string,1,Cereal
lentil chili,0,Legume
lentil pea,0,Legume
lentil soup,0,Legume
lge poblano pepper pasilla chile,0,Vegetable
licor vanilla liqueur,0,Legume
liddells lactose cream,0,Dairy
liempo pork belly,0,Meat
life cereal,0,Cereal
lightlife gim me beef,0,Meat
lightlife gim me sausage,0,Dish
ligonberry jam,0,Fruit
ligurian olive taggiasca,0,Plant
lily,0,Flower
lily bud golden,1,Flower
lime chipotle marinade,1,Fruit
lime cumin vinaigrette,0,Spice
lime curd,0,Fruit
lime dressing,0,Fruit
lime garlic salsa,1,Herb
lime jelly crystal,0,Fruit
lime jelly powder,0,Spice
lime juice concentrate,1,Beverage
lime kool aid,0,Fruit
lime liqueur,0,Fruit
lime mahi,1,Fish
lime margarita mix,0,Dish
lime mayonnaise,1,Condiment
lime oil juice,0,Beverage
lime pepper,0,Spice
lime pickle,0,Fruit
lime sherbet sorbet,0,Fruit
lime sorbet yogurt,0,Fruit
lime syrup,0,Plant Derivative
lime wedge hot sauce,1,Fruit
lime wedge olive,0,Fruit
lime wheel,0,Fruit
lime yogurt,0,Fruit
lime zest juice,0,Beverage
limeade juice concentrate,0,Beverage
limon cello liqueur lemon syrup,0,Fruit
limoncello buttercream,0,Additive
limoncello italian lemon liqueur extract,0,Fruit
limoncello lemon juice simple syrup,0,Beverage
lincolnshire poacher cheese,0,Dairy
lindsay sicilian olive,1,Plant
lindt chocolate ball,0,Plant Derivative
lingcod,0,Fish
lingon jam,0,Fruit
lingonberry butter,0,Dairy
lingonberry jam optional,0,Fruit
lingonberry jelly,0,Fruit
lingonberry preserve jam,1,Fruit
lingonberry preserve raspberry,0,Fruit
linguica sausage chorizo,0,Meat
linguine fettuccine,0,Cereal
link boudin sausage,0,Dish
link chinese sausage,0,Dish
link chorizo sausage,0,Dish
link kielbasa sausage,0,Dish
link linguica sausage,0,Meat
link pork sausage,0,Meat
link pork sausage jalapeno pepper,1,Meat
link spanish chorizo sausage,1,Meat
linseed seed,0,Spice
lipton beef flavor noodle sauce,0,Cereal
lipton beefy mushroom soup mix,0,Dish
lipton black tea,0,Beverage
lipton chicken noodle soup mix,1,Meat
lipton chicken soup mix per,1,Dish
lipton herb garlic soup mix,0,Dish
lipton onion soup,0,Dish
lipton onion soup mix better spicy,0,Dish
lipton ranch fiesta dip mix,1,Condiment
lipton secret garlic herb soup mix,0,Dish
lipton soup,0,Dish
lipton soup cream chicken mix,1,Meat
lipton soup secret noodle mix,1,Meat
liptons chicken noodle soup,1,Meat
liptons herb garlic soup mix,0,Dish
liptons onion mushroom soup mix,0,Dish
liqueur brandy,0,Beverage-Alcoholic
liqueur flavoring,0,Beverage-Alcoholic
liqueur orange,0,Beverage-Alcoholic
liqueur rum,0,Beverage-Alcoholic
liquid bacon dripping,0,Meat
liquid beef bouillon,0,Meat
liquid calorie sweetener,0,Additive
liquid calorie sweetener natreen,0,Additive
liquid caramel,0,Plant Derivative
liquid crab boil,0,Seafood
liquid cream coffee creamer,0,Dish
liquid fruit pectin,0,Additive
liquid garlic,0,Herb
liquid glucose barley,0,Cereal
liquid gravy browner kitchen bouquet,0,Additive
liquid hazelnut coffee creamer,0,Beverage
liquid irish cream coffee creamer,0,Dairy
liquid malt extract,0,Beverage
liquid nigari,0,Plant Derivative
liquid non dairy creamer,0,Dairy
liquid pectin one,0,Additive
liquid seasoning sauce,0,Condiment
liquid shellfish boil,0,Seafood
liquid shortening,0,Additive
liquid sugar cane,0,Additive
liquid sugar syrup,0,Plant Derivative
liquid vegetable,0,Vegetable
liquid vegetable stock,0,Vegetable
liquor cana manabita,0,Beverage-Alcoholic
liquorice allsorts candy,0,Additive
litchi,0,Fruit
lite cream,0,Dairy
lite soy sauce,0,Additive
lite tofu,0,Plant Derivative
litehouse hot peanut sauce,0,Condiment
live blue crab kilo,0,Seafood
live organic natural yoghurt,0,Dairy
live razor clam,0,Seafood
liver ham,0,Meat
liver pate green peppercorn,0,Spice
liver pork,0,Meat
liver spread,0,Meat
liverwurst braunsweiger,0,Meat
liverwurst sausage,0,Dish
liverwurst spread,0,Additive
lizano sauce,0,Additive
lo mein noodle chinese,0,Cereal
loaf banana bread,0,Bakery
loaf bread dough,0,Bakery
loaf bread toast,0,Bakery
loaf brioche bread egg,0,Meat
loaf brown bread,1,Bakery
loaf ciabatta lengthwise,1,Gourd
loaf cinnamon bread,0,Bakery
loaf cinnamon raisin bread,0,Bakery
loaf cocktail bread,0,Bakery
loaf crostini grain bread,0,Bakery
loaf cuban bread,0,Bakery
loaf dense bread,0,Bakery
loaf french bread cube,0,Bakery
loaf french bread half,0,Bakery
loaf french bread lengthwise,0,Bakery
loaf grain bread,0,Bakery
loaf hearty bread,0,Bakery
loaf italian bread french,0,Bakery
loaf marble rye meal bread,0,Bakery
loaf multi grain bread,0,Bakery
loaf peasant bread,0,Bakery
loaf pita bread,0,Bakery
loaf pizza crust,0,Bakery
loaf poundcake,0,Bakery
loaf rustic italian bread,0,Bakery
loaf rye bread,0,Bakery
loaf sandwich bread,0,Bakery
loaf sourdough french bread,1,Bakery
loaf texas toast,0,Bakery
loaf vienna bread,0,Bakery
loaf white italian bread,0,Bakery
lobster bisque,0,Meat
lobster claw,1,Seafood
lobster meat crabmeat,0,Seafood
lobster stock shrimp,0,Seafood
locker wafer biscuit,0,Bakery
loin beef,0,Meat
loin pork roast,1,Meat
lomi noodle,1,Cereal
longhorn cheddar cheese,0,Dairy
longhorn colby cheese,0,Dairy
loose chinese black tea leaf,0,Beverage
loose chinese green,0,Spice
loose earl grey tea,0,Plant
loose green tea,0,Beverage
loose hibiscus flower,0,Fruit
loose jasmine tea,0,Plant
loose leaf jasmine green,0,Vegetable
loose pack,0,Fruit
loose pack pea,1,Legume
loose pack pea pearl onion,0,Vegetable
loose pack stir,0,Dish
loose pack vegetable,0,Vegetable
loose rooibos black tea leaf,0,Beverage
loosedly spinach leaf,1,Vegetable
looseleaf green tea,0,Beverage
loosely basil leaf,0,Herb
loosely gourmet salad green,0,Vegetable
loosely spinach leaf,0,Vegetable
loosely torn spinach,0,Vegetable
loosley spinach leaf,0,Vegetable
lop chong chinese sausage,1,Dish
lorann gourmet flavoring,0,Additive
lot ice,0,Additive
lot oil,0,Additive
louis italian chicken breast,1,Meat
louis kemp crabmeat lobster meat,0,Seafood
louis pork rib,0,Meat
louis pork sparerib,0,Meat
louisiana pepper sauce,0,Condiment
louisiana roast beef,0,Meat
louisianna pepper sauce,0,Condiment
lousiana sauce,0,Additive
lovely marinara sauce,0,Condiment
lovera spaghetti sauce,0,Condiment
lower chicken stock,1,Meat
lower salt taco seasoning mix,0,Spice
lower taco seasoning,0,Spice
lowrey taco seasoning,0,Spice
lowry fajita seasoning mix,0,Spice
lox salmon,0,Fish
lucie up pie crust,0,Bakery
lucky charm cereal,0,Cereal
lucky leaf apple pie filling,0,Fruit
lucky leaf lemon,0,Fruit
lulo fruit rhubarb,0,Vegetable
lump crabmeat cartilage,0,Seafood
lump lobster meat,1,Seafood
lumpia wrapper egg,0,Meat
luncheon meat,0,Meat
lup chinese sausage,0,Dish
luxardo maraschino liqueur,0,Beverage-Alcoholic
lychee fruit,0,Fruit
ma chole ki dal,0,Legume
macadamia nut choc chip,0,Nuts and Seeds
macadamia nut coarsely,0,Nuts and Seeds
macadamia nut oil substitute olive,0,Essential Oil
macadamia syrup,0,Plant Derivative
macallan whiskey,0,Beverage-Alcoholic
macarona almond,0,Nuts and Seeds
macaroni cheese dinner mix kraft,1,Dish
macaroni cheese dinner mix milk fo,0,Dish
macaroni layer,0,Dish
macarons,0,Dish
macaroon cooky,0,Dish
macarroni noodle,0,Cereal
mache salad green,0,Vegetable
mackerel fillet oil,0,Fish
macque chou,1,Dish
madcity dale cajun seasoning,0,Plant Derivative
madcity dale seasoning,0,Spice
madrilene beef broth,0,Meat
mafalda noodle,0,Cereal
mafalda noodle lasagna,0,Cereal
mafalda pasta mini,1,Cereal
maghera soup,0,Dish
maguro,0,Fish
mahatma chicken rice pilaf mix,1,Dish
mahatma jasmine rice,1,Cereal
mahi fish,0,Fish
mahi steak,0,Fish
mai fun noodle,0,Cereal
maid lemonade,0,Beverage
maid orange juice,0,Fruit
maida,0,Cereal
maida flour pastry,0,Cereal
maifun noodle,1,Cereal
maifun rice,0,Cereal
maifun rice noodle,1,Cereal
maille dijonnaise mustard,0,Spice
maine crabmeat,0,Seafood
maine lobster,0,Seafood
maine lobster meat,0,Seafood
maize flour,0,Maize
make ravioli,0,Dairy
make sauce ingredient candy,1,Condiment
maki sushi rice,0,Cereal
malagkit rice,0,Cereal
malanga root,1,Spice
malt,0,Additive-Vinegar
malt drink powder syrup,0,Cereal
malt milk biscuit,0,Dairy
malt o meal cereal brown sugar flavor,0,Additive-Sugar
maltesers malt ball,0,Plant Derivative
manchego goat cheese,0,Dairy
mandarin ginger vinaigrette,1,Spice
mandarin orange essence,0,Plant Derivative
mandarin orange wedge juice,1,Fruit
mandarin vodka,0,Beverage-Alcoholic
mange tout,0,Legume
mango coulis,0,Fruit
mango cube,0,Fruit
mango garlic seasoning,0,Condiment
mango gelatin,0,Fruit
mango jam,0,Fruit
mango juice may,0,Fruit
mango nectar juice,0,Beverage
mango nectar orange juice,0,Beverage
mango peach tea,0,Condiment
mango pickle,1,Dish
mango pineapple,0,Fruit
mango pulp juice,0,Fruit
mango sauce,1,Condiment
mango schnapps,0,Fruit
mango sorbet,0,Fruit
mangosteen,0,Fruit
manhattan clam chowder,0,Seafood
manicotti salt,0,Additive
manishevitz wine,0,Beverage-Alcoholic
manouri cheese mizithra,0,Dairy
manoushi bread dough,0,Dish
many grain bread,0,Bakery
maple breakfast sausage,0,Dish
maple flavor syrup,0,Additive
maple liqueur extract,0,Additive
maple sausage,0,Dish
maple vinaigrette,0,Plant Derivative
marco polo noodle,0,Cereal
margarine by spraying,1,Additive
margarine sauce,0,Additive
margarine vegetable oil,0,Plant Derivative
margarita jell o gelatin,0,Additive
margarita mix concentrate,0,Dish
margarita mix sauza,0,Dish
margherite cooky,0,Dish
maria,1,Bakery
maria vanilla wafer,0,Dish
marie calender cornbread mix,0,Dish
marie callender cornbread mix,0,Dish
marie cookie,0,Dish
marinade badia,0,Dish
marinade oil,0,Additive
marinade tequilla lime,1,Fruit
marinade yoshida,1,Dish
marinara sauce barilla,0,Condiment
marinara sauce garlic basil,0,Condiment
marinara sauce garlic let,0,Condiment
marinara sauce honey mustard,1,Condiment
marinara sauce one,0,Condiment
marinara sauce prego olive oil garlic,1,Plant Derivative
marinara sauce red wine,0,Beverage-Alcoholic
marinara sauce see below,0,Condiment
marinara sauce spaghetti via bari italy,1,Cereal
marinara spaghetti sauce,0,Condiment
market pantry reg ; chipotle mayonnaise,0,Condiment
market pantry reg french bread,0,Bakery
marmalade jam,0,Additive
marnier,0,Beverage-Alcoholic
marrons,0,Fruit
marrons chestnut,0,Fruit
marrow beef,0,Meat
marrow gut,0,Vegetable
marrowfat pea,0,Legume
marshmallow biscuit,0,Bakery
marshmallow cream pumpkin decorative candy,0,Bakery
marshmallow frosting,0,Bakery
marshmallow peep,0,Bakery
marthat white cotton coutry cornbread mix,0,Dish
maruchan ramen noodle,0,Cereal
maryland lump crab,0,Seafood
marzano tomato,0,Vegetable
masa corn flour meal,0,Maize
masa harina corn mix,0,Maize
masa harina flour corn mix,0,Maize
masala curry sauce,1,Additive
masala paste green chilli onion,1,Herb
masoor dhal,1,Legume
masterfoods chicken seasoning,1,Spice
masterfoods italian herb basil,1,Condiment
masterfoods thai seasoning,0,Spice
masterpiece barbecue sauce,1,Additive
matcha green tea,0,Beverage
matchstick granny smith apple,0,Fruit
matchstick jicama,0,Vegetable
matchstick vegetable,0,Vegetable
matouk green seasoning,0,Spice
matouk west indian sauce,0,Additive
mature cheese,0,Dairy
mature coconut,0,Fruit
mature sourdough,0,Bakery
matzo ball,1,Bakery
matzo ball mix,1,Dish
matzo board,0,Bakery
matzo cake flour,0,Cereal
matzo cracker farfel,0,Bakery
maui maid teriyaki marinade,0,Condiment
mayonnaise salad dressing,0,Dish
mayonnaise sandwich pickle,0,Condiment
maytag blue cheese,0,Dairy
mazola cooking spray,0,Additive
mazola corn oil,0,Maize
mazola oil,0,Additive
mc cormick italian seasoning,1,Herb
mccormack taco seasoning beef mccormick grill mate southwest seasoning,1,Spice
mccormick ' n roast seasoning,0,Vegetable
mccormick albondigas al chipotle,0,Spice
mccormick au jus sauce,0,Additive
mccormick baja citrus marinade,1,Dish
mccormick bayou cajun seasoning,0,Plant Derivative
mccormick bon appetit seasoning mix,1,Spice
mccormick burrito seasoning mix,1,Spice
mccormick chicken,1,Meat
mccormick chicken stir fry seasoning,1,Dish
mccormick chicken white bean chili seasoning,1,Legume
mccormick choice,1,Dish
mccormick cocoa,0,Seed
mccormick enchilada mix,0,Condiment
mccormick enchilada seasoning,1,Spice
mccormick flavor garlic herb seasoning,1,Spice
mccormick garlic powder,0,Herb
mccormick garlic salt,0,Spice
mccormick gourmet collection greek seasoning,1,Spice
mccormick gourmet collection lavender,0,Flower
mccormick greek seasoning,0,Spice
mccormick grill,1,Spice
mccormick herb marinade,0,Additive
mccormick hot mexican chili powder,0,Spice
mccormick jamaican jerk spice,0,Spice
mccormick meat loaf seasoning,0,Meat
mccormick mesquite powder,0,Spice
mccormick mushroom gravy mix,0,Fungi
mccormick pizza seasoning,0,Spice
mccormick salsa seasoning,0,Spice
mccormick slow cooker roast seasoning,0,Spice
mccormick spaghetti sauce seasoning,0,Condiment
mccormick spice monterey,0,Spice
mccormick steak seasoning,0,Spice
mccormick taco al pastor,0,Dish
mccormick taco seasoning mix hot,0,Spice
mccormick tex mex seasoning,0,Spice
mccormick tinga de pollo,1,Spice
mccormick white chicken chili seasoning mix,1,Spice
mckay chicken seasoning seasoning seasoning,1,Spice
mckormick fajita seasoning mix gravy,1,Spice
mcvites digestive biscuit,0,Bakery
meakong whiskey,0,Beverage-Alcoholic
meal breadcrumb,0,Bakery
meal flour wheat,0,Cereal
meal replacement vanilla powder,0,Legume
meal spelt flour,0,Maize
mean chef tart dough,0,Bakery
measure irish whiskey,0,Beverage-Alcoholic
measure quinoa pasta,0,Cereal
meat beef bacon,1,Meat
meat beef chicken,1,Meat
meat beef chuck,1,Meat
meat beef great,1,Meat
meat beef lamb mix,0,Meat
meat beef pork,0,Meat
meat broth beef water,0,Meat
meat chicken beef,1,Meat
meat chicken roast beef,1,Meat
meat choice ; poultry,0,Meat
meat chorizo,0,Meat
meat combine beef,1,Meat
meat creation rag pasta sauce,0,Additive
meat dripping vegetable oil,0,Plant Derivative
meat egg tortellini,0,Meat
meat extract,1,Meat
meat fish,0,Meat
meat hamburger,0,Bakery
meat italian meatball,0,Dish
meat juice optional,0,Meat
meat lamb,0,Meat
meat lemon,0,Fruit
meat loaf mix beef,1,Meat
meat marinade,0,Dish
meat masala spice,0,Spice
meat parma ham,0,Meat
meat pork beef pepper,1,Spice
meat poultry,0,Meat
meat ravioli,0,Meat
meat ravioli cheese,0,Dairy
meat sauce crowd,0,Meat
meat seasoning,0,Meat
meat spaghetti sauce,0,Condiment
meat stock beef water,0,Meat
meat stock chicken,1,Meat
meat stock water,0,Meat
meat substitute,0,Meat
meat veal,0,Meat
meat venison,0,Meat
meat without casing,0,Meat
meat work,0,Meat
meatball beef,1,Meat
meatball beef turkey,1,Meat
meatball one,0,Dish
meatball swedish,0,Dish
meatloaf mix,0,Spice
meatloaf mix beef pork,0,Meat
meatloaf mix pork,0,Spice
meatloaf mixture,0,Dish
meatloaf mixture beef pork,0,Meat
meatloaf mixture beef veal pork,0,Meat
meaux mustard,1,Spice
mediteranean seasoning,0,Spice
mediterranean black olive,1,Fruit
mediterranean flat bread,0,Bakery
mediterranean pita bread,0,Bakery
mediterranean sea salt,0,Additive
mediterranean seasoning,1,Spice
mediterranean tomato oil,0,Vegetable
meditteranean olive,1,Plant
meet mersang,0,Spice
mei fun rice noodle,1,Cereal
melange pepper,0,Spice
melba cracker,0,Bakery
melt white cheese,0,Dairy
menlo egg wrap,0,Dish
mennonite salami,0,Fish
menudo spice mix onion,0,Spice
merguez lamb sausage,1,Dish
meringue one,0,Bakery
merlot cabernet sauvignon wine,0,Beverage-Alcoholic
mescal liquor,0,Beverage-Alcoholic
mesquite fajita seasoning mix,0,Spice
mesquite powder,0,Spice
methi dana,0,Spice
mexi corn,0,Maize
mexican bolillo bread,0,Bakery
mexican bolillos oval,0,Bakery
mexican cajeta caramel,0,Plant Derivative
mexican cane sugar,0,Additive
mexican cheese asadero,0,Dairy
mexican cheese choice,0,Dairy
mexican cheese cilantro,0,Dairy
mexican cheese cotija,0,Dairy
mexican cheese jack,0,Dairy
mexican cheese milk,1,Dairy
mexican cheese monterey jack,0,Dairy
mexican cheese own judgment,1,Dairy
mexican cheese panela,0,Dairy
mexican cheese queso seco,1,Dairy
mexican cheese sargento,0,Dairy
mexican cheese soy,0,Dairy
mexican cheese tomato cream black bean,1,Dairy
mexican chile powder,0,Spice
mexican chili flake,0,Spice
mexican chocolate beverage mix,0,Plant Derivative
mexican chocolate drink mix,0,Plant Derivative
mexican chocolate ibarra,0,Plant Derivative
mexican cinnamon,0,Spice
mexican corn chip,1,Maize
mexican cream,1,Dairy
mexican dark chocolate,1,Additive
mexican fajita seasoning mix,1,Spice
mexican four cheese mozzarella,0,Dairy
mexican green sauce,0,Condiment
mexican green taco sauce,1,Condiment
mexican hard french bread,0,Bakery
mexican italian dressing,0,Dish
mexican jalapeno,0,Spice
mexican manchego cheese,1,Dairy
mexican paprika,0,Vegetable
mexican pilsner beer,1,Beverage-Alcoholic
mexican pinto bean,0,Legume
mexican rice mix cheesy,0,Cereal
mexican rice mix vermicelli,1,Cereal
mexican rice roni,1,Dish
mexican sandwich,0,Dish
mexican seasoning bassett,0,Spice
mexican seasoning chicken,1,Spice
mexican spice seasoning mix,0,Spice
mexican taco seasoning,0,Spice
mexican white cheese,0,Dairy
mexicorn corn green red pepper,0,Spice
mexicorn green pepper,1,Vegetable
meyer lemon crosswise,1,Fruit
meyer lemon juice mandarin orange,0,Fruit
meyer lemon well,0,Fruit
meyer lemon zest,0,Fruit
mezcal tequila,0,Beverage-Alcoholic
mezze penne pasta,1,Cereal
mezzetta italian mix giardiniera,0,Condiment
miami sazon seasoning,1,Vegetable
michigan maple syrup,0,Additive
microwavable dipping chocolate,0,Plant Derivative
microwaveable broccoli cheese sauce,0,Additive
microwaveable grain brown rice,1,Cereal
middle cream,0,Dairy
middle eastern flat bread,0,Bakery
middle eastern seasoning,0,Spice
mike sauce,0,Additive
milagro silver tequila,0,Beverage-Alcoholic
mildly chilies guajillo,0,Vegetable
mildly oil,0,Additive
milk arrowroot biscuit cookie,0,Dairy
milk biscuit,0,Dairy
milk boil,1,Dairy
milk bowl,1,Dairy
milk buttermilk,0,Dairy
milk cheddar cheese,1,Dairy
milk cheese,0,Dairy
milk chocolate cake mix,0,Dish
milk chocolate candy bar chip,0,Additive
milk chocolate candy kiss,0,Beverage
milk chocolate caramel nougat bar,0,Additive
milk chocolate chip cinnamon baking,0,Additive
milk chocolate chip ok,0,Additive
milk chocolate chip total,0,Additive
milk chocolate coarsely,0,Beverage
milk chocolate dark,0,Plant
milk chocolate frosting,0,Beverage
milk chocolate hershey,0,Beverage
milk chocolate star,0,Beverage
milk choice,0,Dairy
milk cracker crumb,0,Bakery
milk dairy,0,Dairy
milk do n't,0,Dairy
milk do not,1,Dairy
milk ex,0,Dairy
milk fish mullet,0,Dairy
milk gravy,0,Dairy
milk green tea,0,Beverage
milk half,1,Dairy
milk juice lemon,0,Beverage
milk lemon juice,0,Beverage
milk loaf cake,0,Dairy
milk mate chocolate syrup,0,Beverage
milk more,0,Dairy
milk mozzarella cheese,1,Dairy
milk mozzarella italian market,0,Dairy
milk net,0,Dairy
milk optional soup,1,Dairy
milk rice,0,Beverage
milk ricotta,0,Dairy
milk that ha,0,Dairy
milk vinegar,0,Dairy
milk water,0,Additive
milkless tea,0,Plant
milky way bar,0,Plant
milky way candy bar,0,Plant
millet quinoa,0,Cereal
milliliter cream,0,Dairy
milliliter double cream pt,0,Dairy
mimolette cheese,0,Dairy
mince meatball,0,Dish
mincemeat filling,0,Dish
mincemeat lamb,1,Meat
mincemeat lamb beef,0,Meat
mini baby carrot,0,Vegetable
mini bell pepper,0,Vegetable Fruit
mini brie,0,Bakery
mini brioche bun,0,Bakery
mini chicken frankfurter,1,Meat
mini chocolate chip cake,0,Additive
mini chocolate chip milk,0,Additive
mini chocolate egg,0,Meat
mini corn tortilla chip,0,Bakery
mini dinner,0,Bakery
mini dogbone treat,0,Dish
mini graham cracker crust,0,Bakery
mini graham cracker tart crust,0,Bakery
mini italian meatball,0,Dish
mini lasagna noodle,0,Cereal
mini milk chocolate kiss,0,Beverage
mini phyllo tart shell,0,Bakery
mini pierogis,0,Bakery
mini pita pocket wide,0,Bakery
mini potato gnocchi,1,Vegetable Tuber
mini pretzel twist,0,Bakery
mini pumpernickel bread,0,Bakery
mini red pepper,0,Vegetable Fruit
mini shortcake,0,Bakery
mini sourdough pretzel,0,Bakery
mini tater tot,0,Bakery
mini wheat cereal biscuit,0,Cereal
mini wheat penne,1,Cereal
minneola tangelo juice orange,0,Fruit
minor beef base,1,Meat
minor chicken base,1,Meat
mint chocolate square,0,Plant Derivative
mint cilantro chutney,0,Herb
mint herbal tea,0,Herb
mint liqueur,0,Herb
mint paste,1,Herb
mint tea leaf,0,Herb
miracle whip calorie wise,0,Plant Derivative
mirasol chile,0,Spice
mirin japanese wine,0,Beverage-Alcoholic
mirin seasoning,0,Beverage-Alcoholic
mirinda orange soda,0,Fruit
mirj challah,0,Bakery
mirlitons,0,Vegetable
miss tink house seasoning,0,Spice
mission super fajita grande tortilla,0,Spice
misto red pepper,0,Vegetable Fruit
mitchell black forest ham,0,Meat
mitmita seasoning,0,Spice
mitsukan sushi seasoning,0,Spice
mitzukan sushi rice seasoning,0,Cereal
mix better,0,Dish
mix green salad,0,Vegetable
mix green salad leaf,0,Vegetable
mix margarita,0,Dish
mix pork stuffing,0,Dish
mix rise pizza dough,0,Bakery
mix that includes salt,0,Additive
mix vegetable,3,Vegetable
mix yellow lemonade concentrate,0,Beverage
mixto tequila,0,Beverage-Alcoholic
mizithra cheese cretan,0,Dairy
mizithra cheese may,1,Dairy
mizithra cheese ricotta,0,Dairy
mizithra cheese soy,0,Dairy
mizu shingen mochi,0,Dish
mizuna,0,Vegetable
mizuna green,0,Vegetable
mocca milk chocolate cocoa chip ca n't bar,0,Additive
mochi flour,0,Cereal
mock beef seasoning,0,Meat
moderately fine bread crumb,0,Bakery
moist coconut,0,Beverage
moist salt pepper,0,Spice
moist yellow cake mix,0,Dish
moisture milk mozzarella,0,Dairy
moisture mozzarella cheese,0,Dairy
mojito marinade,0,Additive
mojito mix,0,Dish
mojo criollo marinade,1,Condiment
mojo marinade,1,Dish
mojo spice,1,Spice
molasses sugar,0,Additive
mole dona maria,1,Spice
mole gluten,1,Cereal
molinari milano salami,0,Fish
molohia leaf,1,Plant
momokawa diamond sake,0,Beverage-Alcoholic
momokawa silver sake,0,Beverage-Alcoholic
monde spice,0,Spice
mongolian fire oil,0,Additive
monk fish,0,Fish
montegrappa cheese,0,Dairy
montenegro amaro liqueur,0,Beverage-Alcoholic
monterey jack cheese cube,0,Dairy
monterey jack cheese lettuce tomato,0,Dairy
monterey jack cheese sauce,1,Dairy
monterey jack colby cheese,0,Dairy
monterey jack jalapeno pepper cheese,0,Dairy
monterey jack queso dip,0,Dairy
montezuma gold tequila,0,Beverage-Alcoholic
montrachet garlic herb goat cheese,0,Dairy
montreal grill seasoning,0,Spice
montreal seasoning,0,Spice
montreal seasoning salt pepper,1,Spice
montreal steak rub marinade,0,Spice
montreal steak spice,1,Spice
moo shu pancake,0,Dish
moong dahl be pea,0,Legume
moong sprout,0,Legume
moose heart,0,Meat
moose marinade,0,Dish
moose meat,0,Meat
moose meat oil,0,Meat
moose nose upper jawbone,0,Meat
mop sauce,0,Additive
morbier cheese,0,Dairy
morcilla sausage,0,Dish
more oil,0,Additive
more salt black pepper,0,Spice
more salt pepper,0,Spice
morel mushroom lengthwise,0,Fungi
morello cherry jam,0,Additive
mori nu silken tofu,0,Plant
morita chili,0,Spice
mornay sauce,0,Additive
moroccan seasoning greek seasoning,1,Spice
moroccan spice mix,1,Spice
moroccan spice seasoning,1,Spice
morroccan bread,0,Bakery
mortadella sausage,0,Dish
morton bay bug,0,Plant
morton lawrys seasoning,1,Spice
morton nature salt,1,Additive
morton sausage seasoning,0,Dish
moselle wine rhine,0,Beverage-Alcoholic
mostaccioli,0,Cereal
mott cinnamon applesauce,0,Fruit
mott clamato juice,0,Beverage
mott natural applesauce,0,Fruit
mountain burdock root,0,Spice
mountain pepper,0,Spice
mousse pate market,0,Dish
mozzarella ball oil,0,Dairy
mozzarella balls,0,Dairy
mozzarella cheese ball,0,Dairy
mozzarella cheese balls,0,Dairy
mozzarella cheese olive oil,0,Plant Derivative
mozzarella fresca soda,0,Dairy
mozzarella monterey jack cheese texas toast,0,Dairy
mozzarella parmesan cheese,0,Dairy
mozzarella provolone cheese,0,Dairy
mtr vermicelli,0,Cereal
mu shu pancake,0,Dish
mucho gusto taco seasoning mix,0,Spice
mudslide liquor,0,Beverage-Alcoholic
mueller lasagna noodle,0,Cereal
muesli yogurt,0,Dairy
muir glen vegetable pasta sauce,0,Additive
mulato chile poblano,0,Vegetable
mulberry cranberry,0,Fruit
mullet,0,Fish
multi candy,0,Additive
multi color pepper,0,Spice
multi grain baguette,1,Bakery
multi grain bread ciabatta,0,Bakery
multi grain bread french,1,Bakery
multi grain bread rye,0,Bakery
multi grain bread sourdough,0,Dish
multi grain bread wheat,0,Bakery
multi grain bun,0,Bakery
multi grain cracker,0,Bakery
multi grain flake cereal almond,0,Cereal
multi grain penne,0,Bakery
multi grain penne pasta,0,Cereal
multi grain saltine cracker,0,Bakery
multi grain spaghetti,1,Bakery
multi grain tortilla,1,Bakery
multicolored corkscrew pasta,0,Cereal
multicolored sugar nonpareil,0,Additive
multigrain baguette,0,Bakery
multigrain cereal,0,Cereal
multigrain saltine cracker,0,Bakery
multigrain tortilla chip,0,Bakery
mung bean green,0,Legume
mung bean noodle green,0,Cereal
mung bean noodle rice vermicelli,1,Cereal
mung bean nooodle vermicelli,0,Legume
mung bean water,0,Legume
mung bean yellow,0,Legume
mung dal green,0,Legume
mung dal red lentil,0,Legume
mung dal yellow,0,Legume
murmure rice,0,Cereal
muscat liqueur,0,Beverage-Alcoholic
muscat wine sparkling,0,Beverage-Alcoholic
muscat wine white,0,Beverage-Alcoholic
muscatel wine,0,Beverage-Alcoholic
mushroom chanterelle,1,Fungi
mushroom cheese grater,0,Fungi
mushroom chinese,1,Fungi
mushroom crimini oyster,0,Fungi
mushroom garlic pasta sauce,0,Additive
mushroom go,0,Fungi
mushroom gravy mix beef,0,Fungi
mushroom green pepper flavor spaghetti sauce,0,Additive
mushroom marinara sauce,0,Condiment
mushroom ok,1,Fungi
mushroom olive,0,Fungi
mushroom portabello,0,Fungi
mushroom portobello enoki,0,Fungi
mushroom puree,0,Fungi
mushroom soup golden,0,Dish
mushroom soy sauce brown,1,Condiment
mushroom spaghetti sauce,0,Condiment
mushroom stock cube,0,Meat
mushroom stock see,0,Fungi
mushroom stock vegetable,0,Vegetable
mushroom that been,1,Fungi
mushroom white,0,Fungi
mushroom white button,0,Fungi
musk lifesaver five flavor candy,0,Additive
mussel juice,0,Seafood
mustard cabbage,1,Vegetable
mustard dill sauce ii,0,Spice
mustard girl honey,0,Condiment
mustard glaze,0,Spice
mustard green ka saag,0,Vegetable
mustard green length,0,Vegetable
mustard oil indian grocery vegetable,0,Plant Derivative
mustard oil peanut,0,Plant
mustard relish,1,Spice
mustard sauce,0,Additive
mutton chop lamb,0,Meat
mutton leg,0,Meat
mutton marrow,0,Vegetable
mutton rib,0,Herb
mutton shank,0,Meat
mutton shoulder,0,Meat
mutton shoulder may,1,Meat
mutton stock cube,0,Meat
myoga japanese ginger,0,Spice
n fill caramel,0,Plant Derivative
n spicy,0,Condiment
n y c irish soda bread,0,Bakery
n'orleans creole seasoning,1,Spice
na'an bread,0,Bakery
naan bread crust,0,Bakery
naan bread garlic coriander,0,Bakery
naan flat bread garlic,0,Bakery
nabisco milk cracker,0,Dairy
nabisco raspberry cooky,0,Fruit
nacho cheese doritos,1,Dairy
nacho cheese flavor,0,Dairy
nacho cheese plain doritos,2,Dairy
nacho cheese sauce,0,Dairy
nacho cheese sauce choice,0,Dairy
nacho cheese soup mix,0,Dish
nacho chip choice,0,Dish
nacho chip crumb,1,Dish
nacho corn chip,0,Maize
nacho jalapeno,0,Spice
nacho jalapeno pepper,0,Vegetable
nacho tortilla chip,0,Dish
nam prik pao chile paste,0,Condiment
nama shoyu,0,Condiment
nanaimo oyster,0,Seafood
nanka saimen noodle,1,Cereal
nann bread,1,Bakery
napa cabbage kimchi,0,Vegetable
napolitana spaghetti sauce,1,Condiment
naranja agria juice lime,0,Beverage
narrow egg noodle,1,Meat
narrow loaf french bread,0,Bakery
naruto,0,Fish
nat teriyaki sauce,0,Condiment
native pepper berry,0,Spice
natural almond coarsely,0,Nuts and Seeds
natural cream,0,Dairy
natural cream mushroom soup,1,Dish
natural glace cherry,0,Additive
natural goat milk yogurt,0,Dairy
natural grapeseed oil,1,Essential Oil
natural macadamia nut oil,1,Essential Oil
natural maple extract,0,Additive
natural maui maid teriyaki marinade,0,Condiment
natural nitrate deli ham,0,Meat
natural oat bran,0,Cereal
natural sausage casing,0,Dish
naturally soy sauce,0,Condiment
nature cereal,0,Cereal
nature season,0,Additive-Salt
navan vanilla liqueur,0,Legume
navel orange section,0,Fruit
navel orange wedge,1,Fruit
navel orange zest,1,Fruit
neapolitan pizza sauce,0,Additive
near east tabouli mix,0,Dish
near east wheat salad,0,Dish
neck,0,Meat
nectar may,0,Fruit
nectarine juice,0,Fruit
needle noodle,0,Cereal
neely bbq rub seasoning,0,Spice
negilla seed,0,Spice
negro chile,1,Spice
nescafe ice java coffee syrup,0,Dish
nesco jerky spice work salt,0,Additive
nesquik chocolate syrup,0,Plant Derivative
nest rice noodle,1,Cereal
netural vanilla powder,0,Legume
neutral cooking oil,1,Additive
neutral oil like corn,0,Maize
neutral vegetable oil water,0,Plant Derivative
new argentinian white wine,0,Beverage-Alcoholic
new chile powder,0,Spice
new mexican green chile salsa,1,Spice
new mexico chile chili,0,Spice
new mexico chile guajillo chilies,1,Spice
new mexico chile pasilla pepper,1,Spice
new mexico chile powder chipotle,0,Spice
new mexico chile red chilies,0,Spice
new mexico chili pod,0,Spice
new mexico chili powder,0,Spice
new mexico green chilies,0,Vegetable
new potato red,0,Vegetable Tuber
new wine,0,Beverage-Alcoholic
new york filet mignon,0,Fish
new york pizza sauce,0,Bakery
new york strip steak each,0,Meat
newcastle brown,0,Additive-Sugar
newman italian dressing,0,Condiment
newman italian salad dressing,0,Condiment
newman mushroom marinara sauce,0,Condiment
newman own bombolina pasta sauce,1,Additive
newman own chocolate wafer,0,Plant Derivative
newman own marinara sauce,1,Condiment
newman own olive oil vinaigrette dressing,1,Plant Derivative
newman own salad dressing,1,Dish
newman own sockarooni pasta sauce bombolina,0,Additive
newman own tomato basil pasta sauce,0,Additive
ngo om,0,Cereal
nice bread,0,Bakery
nice multi grain bread,0,Bakery
nice portion fish,0,Fish
nido cream milk powder,0,Dairy
nigela seed pepper,0,Spice
nine pie dough,0,Cereal
nishiki rice wine vinegar,0,Additive-Vinegar
niter kibbeh butter,0,Dairy
nixtamal hominy may,1,Maize
nixtamal hominy may be,0,Maize
no apricot,0,Fruit
no berry strawberry rhubarb cake,0,Dish
no boil egg lasagna,1,Cereal
no boil lasagna noodle there will be extra,0,Cereal
no guilt hot fudge sauce,0,Additive
no head,0,Flower
no knead flatbread master,1,Bakery
no name onion soup mix,0,Dish
no oil balsamic vinegar,0,Additive-Vinegar
no oil french dressing,0,Dish
no onion,0,Vegetable
no peach,0,Fruit
no salt,0,Vegetable
no salt becel margarine,0,Vegetable
no salt black bean,1,Legume
no soak apricot,0,Fruit
no spaghetti sauce,0,Condiment
no sugar,0,Additive
no sugar chocolate syrup cocoa powder,0,Seed
no sugar needed fruit,0,Additive
no sugar needed pectin,0,Additive
no tomato italian herb,0,Herb
no vegetable oil cooking spray,0,Additive
no yolk egg noodle,1,Meat
noh chicken seasoning,1,Spice
noilly prat,0,Beverage-Alcoholic
non,0,Additive-Salt
non alcoholic beer,0,Beverage
non alcoholic grenadine,0,Beverage
non dairy coffee creamer vegan,0,Dairy
non dairy whipping cream,0,Dairy
non lemon yogurt,0,Dairy
non milk powder,0,Dairy
non pulp orange juice concentrate,0,Fruit
non strawberry yogurt,0,Dairy
non vanilla pudding mix,0,Dish
noncreamy caesar salad dressing,0,Dish
nondairy creamer non dairy,0,Dairy
nonfat bean,0,Legume
nonfat cooking spray,0,Additive
nonfat milk powder water,0,Dairy
nonfat mozzarella cheese,0,Dairy
nonfat vanilla soymilk,0,Plant Derivative
nonpareil candy sprinkle,0,Additive
nonstick cooking spray olive oil,0,Additive
nonstick spray coating,1,Additive
noodle brown rice udon,1,Cereal
noodle buckwheat,0,Cereal
noodle chicken stock,1,Meat
noodle grain egg,1,Meat
noodle nest,1,Cereal
noodle parsley,0,Spice
noodle pastina,0,Cereal
noodle rice,0,Cereal
noodle rigatoni,0,Cereal
noodle soup base,0,Meat
noodle thai,0,Cereal
nopal leaf,0,Plant
nori fumi,0,Seafood
nori goma furikake,0,Seafood
nori goma sushi,0,Seafood
normaway porridge bread bakery,0,Bakery
northern pacific octopus,0,Seafood
northern red chili,0,Vegetable
norwegian fish stock,0,Fish
norwegian goat cheese,0,Dairy
not chunky peanut butter,0,Additive
not milk,0,Dairy
nouc mam cham,0,Fish
nu salt,0,Additive
nuoc cham,0,Condiment
nuoc cham sauce chili garlic,0,Condiment
nuoc cham sauce dipping fish,0,Condiment
nut badam,0,Nuts and Seeds
nut brazil,0,Nuts and Seeds
nut butter,0,Dairy
nut choice,0,Nuts and Seeds
nut coarsely,0,Nuts and Seeds
nut corn flake,0,Maize
nut eg pecan,0,Nuts and Seeds
nut finely,0,Nuts and Seeds
nut haselnuts,0,Nuts and Seeds
nut not,0,Nuts and Seeds
nut oil seed,0,Essential Oil
nut olive,0,Plant
nut pick like pecan,0,Nuts and Seeds
nut sago,0,Cereal
nut seed,0,Nuts and Seeds
nut tree,0,Nuts and Seeds
nutella chocolate hazelnut,0,Additive
nutella hazelnut chocolate spread,0,Additive
nutella similar chocolate hazelnut spread,0,Additive
nutmeg open,0,Spice
nutmeg syrup,1,Spice
nutri topping,0,Additive
ny chunk,0,Beverage
oak chip,0,Bakery
oat biscuit,0,Cereal
oat bran may,0,Cereal
oat bran pita,1,Cereal
oat cracker,0,Cereal
oat flour soy,0,Plant Derivative
oat groat,1,Cereal
oat milk,0,Dairy
oatmeal bread,0,Cereal
oatmeal raisin crisp cereal,0,Cereal
oatnut bread,0,Bakery
oatnut wheat bread grain,0,Bakery
ocean perch fillet,0,Fish
ocean spray cranberry juice,0,Beverage
ocean trout fillet,0,Fish
octopus meat,0,Meat
odouls dark beer non alcoholic,1,Beverage
oetker pudding powder,0,Dish
oetker pudding powder vanilla,0,Legume
oil balsamic vinegar dressing,0,Additive-Vinegar
oil boswellia sacrum,0,Additive
oil bread,0,Additive
oil ca n't,0,Additive
oil call,0,Additive
oil call chicken,1,Meat
oil choice,1,Additive
oil coconut biscotti,0,Fruit
oil coconut olive,1,Plant Derivative
oil crepe,0,Additive
oil either rice bran,0,Cereal
oil extra virgin olive,0,Plant Derivative
oil flavourless,0,Additive
oil french dressing,0,Additive
oil garlic flavor,0,Essential Oil
oil ghee,0,Dairy
oil groundnut,1,Additive
oil ie coconut,0,Fruit
oil macadamia nut,0,Essential Oil
oil may,0,Additive
oil much more heart,0,Additive
oil mustard,0,Plant
oil olive corn,0,Plant Derivative
oil olive vegetable,0,Plant Derivative
oil onion,0,Vegetable
oil palm vegetable,0,Plant Derivative
oil pepper,0,Spice
oil pork,0,Meat
oil pumpkin,1,Fruit
oil rack,0,Additive
oil rice bran,1,Cereal
oil salad dressing,1,Dish
oil sauce,0,Additive
oil sesame,0,Essential Oil
oil sesame be,0,Essential Oil
oil soybean,1,Additive
oil spray,0,Additive
oil sufficient,0,Additive
oil taco,0,Additive
oil that,0,Additive
oil this amount,0,Additive
oil tomato extra virgin olive,0,Plant Derivative
oil twice,0,Additive
oil veggie,0,Additive
oil vinegar dressing mayonnaise,0,Condiment
oka cheese gouda,0,Dairy
oka cheese salut,0,Dairy
okinawa egg noodle,0,Meat
okinawa wheat noodle,0,Cereal
okonomiyaki flour,0,Cereal
okra freezer gumbo starter,1,Vegetable
okra pod diagonally,0,Vegetable
okra pod lengthwise,0,Vegetable
olive calamata,0,Plant
olive chilli marinade,0,Dish
olive corn oil,0,Plant Derivative
olive extra virgin,0,Plant Derivative
olive gaeta,0,Plant
olive greek juice,0,Plant
olive green pimento black,1,Dish
olive kalamata green,0,Plant
olive lengthwise,1,Plant
olive oil brushing,0,Plant Derivative
olive oil butter,0,Plant Derivative
olive oil canola,1,Plant Derivative
olive oil chicken,1,Plant Derivative
olive oil extra virgin,0,Plant Derivative
olive oil mayonnaise,1,Plant Derivative
olive oil mayonnaise greek yogurt,0,Dairy
olive oil pam,0,Additive
olive oil pam cooking spray,0,Additive
olive oil plus matzo,0,Plant Derivative
olive oil spray,1,Additive
olive oil tuna,0,Fish
olive oil vegetable,1,Plant Derivative
olive oil vegetable cooking spray,0,Additive
olive oil vinegar dressing,1,Plant Derivative
olive pepperoncini pepper,0,Vegetable
olive salad oil,1,Plant Derivative
olive spanish salad,0,Plant
olive spread,1,Plant
olive spread green olivada,0,Plant
olive sunflower oil,0,Additive
olive tapenade kalamata,0,Condiment
olve oil,1,Additive
omega egg,0,Meat
omega fish oil,0,Additive
omelet,1,Meat
ondine lasagna,0,Cereal
one cream cheese,0,Dairy
one hamburger bun,0,Bakery
one jalapeno pepper,0,Spice
one pancake mix,0,Dish
one pastry shell,0,Bakery
one picante sauce,0,Additive
one red pepper hummus,0,Dish
one rice roni beef flavor,0,Meat
one white onion,1,Vegetable
onion almond paste,0,Nuts and Seeds
onion bell pepper,1,Vegetable Fruit
onion bread,1,Vegetable
onion brown,1,Vegetable
onion cheddar,0,Vegetable
onion chilli one,0,Vegetable
onion chip,0,Vegetable
onion cilantro salad,0,Vegetable
onion dip,0,Vegetable
onion flake meat,0,Spice
onion garlic powder,0,Herb
onion garlic soup mix,0,Dish
onion gravy,0,Vegetable
onion herb seasoning,0,Vegetable
onion hot water,0,Additive
onion jam,0,Vegetable
onion may be,1,Vegetable
onion melba toast,0,Vegetable
onion mushroom dressing,0,Vegetable
onion pepper,1,Vegetable
onion pepper red,1,Vegetable
onion pepper relish,0,Spice
onion red pepper,1,Vegetable
onion red pepper olive oil,0,Plant Derivative
onion rye bread,0,Bakery
onion salt brisket,0,Spice
onion salt powder garlic,0,Herb
onion shallot,1,Vegetable
onion soup base,1,Vegetable
onion soup mix dip,0,Dish
onion soup mix lipton beefy,0,Dish
onion soup mix me,0,Dish
onion soup mix mushroom,1,Dish
onion tomato basil pasta sauce,0,Additive
onion vinaigrette,1,Vegetable
only cake,0,Dish
oo sardine fish,0,Fish
oolong tea leaf,0,Beverage
oops pizza crust,1,Bakery
open pit barbecue sauce,0,Additive
opo squash,0,Fruit
optional cream,0,Dairy
optional custard,0,Dish
optional spice,0,Spice
orage juice,0,Beverage
orange beverage,0,Fruit
orange black candy sprinkle,0,Additive
orange blossom,0,Plant Derivative
orange blossom edible flower,0,Flower
orange blossom water extract,0,Essential Oil
orange blossom water grocery,0,Essential Oil
orange blossom water liqueur,0,Essential Oil
orange blossom water peel,0,Essential Oil
orange brandy,0,Beverage-Alcoholic
orange citron peel instead,0,Fruit
orange citrus peel,1,Fruit
orange concentrate,0,Fruit
orange cooky marshmallow,0,Fruit
orange craisins,0,Fruit
orange cream soda,0,Fruit
orange decorator sugar,0,Additive-Sugar
orange duck pate,1,Fruit
orange extra,1,Fruit
orange extract liqueur,0,Beverage-Alcoholic
orange flavoring,0,Fruit
orange flavoring blueberry,0,Fruit
orange food color powder,0,Additive
orange habanero chili pepper,0,Spice
orange jelly crystal,0,Fruit
orange jelly powder,0,Fruit
orange juice adjust,0,Fruit
orange juice be sufficient,0,Fruit
orange juice concentrate cream,0,Fruit
orange juice concentrate great,0,Fruit
orange juice concentrate liqueur,0,Fruit
orange juice grape,0,Fruit
orange juice lime vinegar,0,Beverage
orange juice mango,1,Beverage
orange juice next time,1,Fruit
orange juice not concentrate,0,Fruit
orange juice not neccessary,1,Fruit
orange juice red wine,0,Beverage-Alcoholic
orange juice without pulp,0,Fruit
orange kool aid,0,Fruit
orange lemon cake,0,Dish
orange lemon candy,0,Fruit
orange liqueur brandy,0,Beverage-Alcoholic
orange liqueur excellent,0,Beverage-Alcoholic
orange liqueur marnier,0,Beverage-Alcoholic
orange liqueur more,0,Beverage-Alcoholic
orange mandarin,0,Plant Derivative
orange mango juice,0,Beverage
orange mini bell pepper,1,Vegetable Fruit
orange muscat white wine,1,Beverage-Alcoholic
orange opt,0,Fruit
orange peel each,0,Fruit
orange peel many,0,Fruit
orange pekoe tea black choice,0,Beverage
orange pineapple gelatin,0,Additive
orange pineapple juice,0,Beverage
orange puree,1,Fruit
orange rum,0,Fruit
orange section coarsely,1,Plant Derivative
orange segment,0,Fruit
orange soda fanta,0,Fruit
orange sugar kool aid mix,0,Dish
orange syrup liqueur,0,Beverage-Alcoholic
orange tang crystal,0,Fruit
orange water,0,Essential Oil
orange wide strip juice,0,Fruit
orange yellow bell pepper,0,Vegetable Fruit
orange zest juice,0,Fruit
orangecello liqueur,0,Beverage-Alcoholic
orchid grenadine,0,Plant Derivative
ordinary white bread,1,Bakery
ore ida onion tater tot,0,Vegetable
orecchiette wheat,1,Cereal
oregano tomato dressing,0,Condiment
oreo chocolate cookie pie crust,0,Bakery
oreo double delight chocolate,0,Plant Derivative
organic apple juice,0,Fruit
organic beef broth,1,Meat
organic beef chuck roast,0,Meat
organic better bouillon chicken base,1,Meat
organic black bean juice,0,Legume
organic brown egg yolk,0,Meat
organic butternut squash,0,Fruit
organic celery,0,Herb
organic chicken broth,1,Meat
organic coconut flour,0,Cereal
organic coconut sugar,0,Additive
organic double cream,0,Dairy
organic egg,0,Meat
organic egg white,0,Meat
organic guacamole,1,Dish
organic kidney bean,1,Legume
organic mexican cheese,0,Dairy
organic pork,0,Meat
organic potato,0,Vegetable Tuber
organic purpose flour,0,Cereal
organic range chicken broth,1,Meat
organic range egg,0,Meat
organic rice milk,0,Beverage
organic spaghetti sauce choice,0,Condiment
organic spinach cheese ravioli,0,Dairy
organic sucanat,0,Additive
organic tomato marinara sauce,0,Additive
organic tomato sauce,0,Additive
organic tomato soup red pepper,0,Vegetable
organic vegetable broth,0,Dish
organic virgin coconut oil vegetable,0,Additive
organic white bread,0,Bakery
organic white flour,0,Cereal
orgran multi gluten flour,0,Cereal
oriental beef spice,0,Meat
oriental chili paste,1,Plant Derivative
oriental flavor,0,Cereal
oriental flavor ramen noodle soup,0,Cereal
oriental mein noodle,1,Cereal
oriental salad dressing,1,Dish
oriental sauce,1,Additive
oriental sauce gourmet,1,Additive
oriental tofu,0,Plant Derivative
oriental yam,0,Vegetable
ortega cheese sauce,0,Dairy
ortega green chili salsa,0,Additive
ortega green chilie,0,Additive
ortega green taco sauce,0,Additive
ortega hot taco sauce,0,Condiment
ortega hot taco seasoning,0,Spice
ortega taco shell,0,Bakery
ortega yellow taco shell,0,Bakery
orzo pasta fideo,0,Cereal
orzo rotini,0,Cereal
oscar mayer carving board pork,0,Meat
ostia wafer enough,0,Dish
ostrich fillet,0,Fish
ostrich roast,0,Meat
outback steakhouse steak,0,Meat
outer potato crust,0,Vegetable Tuber
outside roast,0,Meat
ouzo anise liqueur,0,Beverage-Alcoholic
ouzo optional liqueur,1,Beverage-Alcoholic
oval dill,0,Herb
oval korean,0,Vegetable
oval loaf artisan bread,0,Bakery
oval pita pocket bread,1,Bakery
ovaltine milk powder,0,Dairy
oven almond,0,Nuts and Seeds
oven buttermilk biscuit,0,Bakery
oven cannelloni tube,0,Cereal
oven potato chip,1,Dish
oven tomato oil,1,Vegetable
overripe banana,0,Fruit
ovolini,0,Dairy
own bean,1,Legume
ox tongue,0,Meat
oxo cube beef stock,0,Meat
oxtail beef back rib,0,Meat
oxtail flour,0,Cereal
oxtail soup,0,Dish
oyster blade meat,0,Meat
oyster mushroom button,0,Fungi
oyster sea,0,Seafood
oyster shrimp,0,Seafood
oyster well,0,Seafood
ozark seasoning,0,Spice
paad thai sauce below,0,Condiment
pace enchilada sauce,0,Condiment
pace picante sauce chunky,0,Condiment
pace sauce,0,Additive
pacific nonfat milk powder,0,Dairy
pacific oyster,0,Seafood
pack bean curd,0,Legume
pack pumpkin puree,0,Fruit
pak chi,1,Herb
palak leaf,0,Plant
pale liquid malt extract,0,Beverage
palm seed,0,Nuts and Seeds
pam cooking,0,Fruit
pam olive oil nonstick cooking spray,0,Additive
pama pomegranate liqueur,0,Fruit
pamela baking mix,0,Dish
pan dripping lamb,0,Meat
pan dripping roast olive oil,0,Plant Derivative
pan juice meat,0,Meat
pancake mix buckwheat,0,Dish
pancake noodle,1,Dish
pancake syrup chick,1,Additive
pancake syrup yes,1,Additive
pancetta salt pork,0,Meat
panch phoron bengali five spice,0,Spice
panch phoron black mustard,0,Vegetable
panch phoron spice,0,Spice
pancit bihon noodle,1,Cereal
pancit noodle wheat,1,Cereal
pandan leaf extract,0,Herb
pandan paste,0,Condiment
pandan paste water,0,Condiment
pandan spice essence,0,Spice
pandora fish,0,Fish
pandora fish kilo,0,Fish
paneer cube,0,Dairy
paneer indian cheese curd,0,Dairy
panera cinnamon raisin bread,0,Bakery
panettone bread,0,Bakery
panko italian breadcrumb,1,Bakery
panquehue cheese,0,Dairy
pantai norasingh thai tea mix,0,Beverage
papa john garlic butter sauce,0,Additive
papaya lengthwise,0,Fruit
papaya seed,0,Nuts and Seeds
paper cupcake,0,Dish
paper cupcake liner,0,Dish
paper onion,0,Vegetable
paper tea rose,0,Plant
paper truffle,0,Fungi
papri chip,0,Bakery
paprika chili powder,0,Spice
paprika cumin cayenne pepper,1,Vegetable
paprika hungarian,0,Vegetable
paprika mix pepper cream univer rote gold,0,Spice
paprika more,0,Vegetable
paprika most vibrant,0,Vegetable
paprika vera hungarian cayenne pepper,0,Vegetable
par bake bread,0,Bakery
parcel spice,0,Spice
pareve beef stock powder,0,Meat
parfait amour liqueur,0,Beverage-Alcoholic
paris ham,0,Meat
paris mushroom,0,Fungi
parisenne spice essence,0,Spice
parmesan asiago cheese,0,Dairy
parmesan breadcrumb,0,Bakery
parmesan cheese bread crumb,0,Bakery
parmesan cheese crouton,0,Dairy
parmesan couscous,1,Dish
parmesan cracker,0,Bakery
parmesan mozzarella pasta sauce,0,Additive
parmesan pecorino romano cheese,0,Dairy
parmigiano cheese,0,Dairy
parrot bay coconut rum,0,Beverage-Alcoholic
parsley dumpling,0,Spice
parsley dumpling optional,0,Spice
parsley juice,0,Spice
parsley paste,0,Spice
parsnip lengthwise,0,Vegetable
part berry syrup,0,Berry
part milk ricotta cheese,1,Dairy
part ouzo,0,Beverage-Alcoholic
part simple syrup,0,Additive
partridge breast,0,Meat
pasilla chile ancho,0,Spice
pasilla chili powder,1,Vegetable
pasilla chilies,1,Vegetable
pasilla pepper red chilies,0,Vegetable
pasilla pepper total,0,Vegetable
passata tomato juice,0,Vegetable
passata tomato pasta sauce,0,Additive
passion fruit juice concentrate,0,Fruit
passion fruit liqueur,0,Beverage-Alcoholic
passion fruit salad dressing,0,Fruit
passionfruit,0,Fruit
passionfruit yogurt,0,Dairy
passover rum extract,0,Beverage-Alcoholic
pasta bake sauce,0,Additive
pasta dumpling,0,Cereal
pasta egg wrap,0,Cereal
pasta roni,0,Cereal
pasta salad,0,Cereal
pasta salad dressing mix,0,Spice
pasta sauce basil,0,Additive
pasta sauce bertolli tomato basil,0,Additive
pasta sauce burgandy wine,0,Additive
pasta sauce chile tomato,1,Additive
pasta sauce enchilada,0,Additive
pasta sauce excellent,0,Additive
pasta sauce extra mushroom,0,Additive
pasta sauce garden tomato,0,Additive
pasta sauce great,1,Additive
pasta sauce herb,1,Additive
pasta sauce home,0,Additive
pasta sauce italian,0,Additive
pasta sauce italian sausage,0,Meat
pasta sauce make,0,Additive
pasta sauce meat gravy,0,Additive
pasta sauce red pepper,1,Additive
pasta shell macaroni,0,Cereal
pasta wide egg noodle,0,Meat
pastechi pastry dough,0,Bakery
pastina pasta,1,Cereal
pastini,0,Cereal
pastrami goose breast,0,Meat
pastrami meat,0,Meat
pastry crumb crust,0,Bakery
pastry double crust pie yeast dough,0,Bakery
pastry dough pie,0,Bakery
pastry dough pie crust,0,Bakery
pastry dough ziploc,0,Bakery
pastry flan,0,Dish
pastry pie,0,Bakery
pastry shell cracker crust will work,0,Bakery
pastry shell graham cracker crust too,0,Bakery
pastry tart phyllo,0,Bakery
patak cooking sauce,1,Additive
pate pork,0,Meat
patron citronge liqueur,0,Beverage-Alcoholic
patron silver tequila,0,Beverage-Alcoholic
patron tequila,0,Beverage-Alcoholic
patty shell vol au vent case,1,Seafood
pattypan squash yellow,0,Fruit
paua,1,Bakery
paul newman sesame ginger salad dressing,0,Spice
paul newman spaghetti sauce,0,Condiment
paul newman vinegar,0,Plant Derivative
pea amount,1,Legume
pea are,0,Legume
pea bean,0,Legume
pea carrot cauliflower,0,Vegetable
pea carrot corn,0,Vegetable
pea carrot potato,1,Vegetable
pea corn carrot mix,1,Vegetable
pea deluxe,1,Legume
pea do not,0,Legume
pea green bean,0,Cereal
pea mung bean,0,Legume
pea not traditional,0,Legume
pea pod pkg,0,Legume
pea tendril,1,Legume
pea vine shoot,1,Plant
pea water hour overnight,0,Dish
pea yellow,0,Legume
pea yellow green,0,Legume
peach apricot berry,0,Fruit
peach apricot jam,0,Fruit
peach are ok,0,Fruit
peach be,0,Fruit
peach butter,0,Dairy
peach choice,0,Fruit
peach daiquiri mix,0,Fruit
peach each,0,Fruit
peach gelatin,0,Additive
peach greek yogurt,1,Dairy
peach ice cream,0,Dish
peach jam apricot,0,Fruit
peach jam juice,1,Fruit
peach jam relish,0,Fruit
peach juice apple,0,Fruit
peach juice chunky,0,Fruit
peach keen babe,0,Fruit
peach mango,0,Condiment
peach mango chutney,1,Condiment
peach nectar apricot,0,Fruit
peach nectar mango,0,Plant Derivative
peach no,0,Fruit
peach not available,0,Fruit
peach pie,0,Fruit
peach preserve jam,0,Fruit
peach roughly,1,Fruit
peach vodka,0,Beverage-Alcoholic
peanut bar,0,Nuts and Seeds
peanut butter candy,0,Additive
peanut butter chip butterscotch,0,Additive
peanut butter cookie,0,Additive
peanut butter corn cereal,0,Additive
peanut butter granola bar,0,Additive
peanut butter ice cream,0,Dish
peanut butter sauce,0,Additive
peanut canola oil,0,Plant Derivative
peanut chocolate candy,0,Plant Derivative
peanut coarsely,0,Nuts and Seeds
peanut corn oil,0,Plant Derivative
peanut oil canola,0,Plant Derivative
peanut oil consider,0,Plant
peanut oil cooking,1,Plant
peanut oil enough,0,Plant
peanut oil grapeseed,0,Plant
peanut oil might more,0,Plant
peanut oil not sesame,0,Essential Oil
peanut oil nut,0,Plant
peanut oil roasting almond,1,Plant
peanut sauce mix peamut,0,Nuts and Seeds
peanut stir fry sauce,0,Additive
peanut vegetable oil,1,Plant Derivative
pear half natural juice,0,Beverage
pear half syrup,0,Fruit
pear juice concentrate,0,Beverage
pear juice fruit,0,Beverage
pear liqueur nectar,0,Fruit
pear preserve,0,Fruit
pear puree,0,Fruit
pearl onion white,1,Vegetable
pearl sago,0,Cereal
pearl wheat,0,Cereal
pearlini mozzarella ball,0,Dairy
pecan coconut frosting,0,Additive
pecorino cheese milk,0,Dairy
pecorino cheese parmesan,0,Dairy
pecorino cheese plus more,0,Dairy
pecorino dolce cheese,0,Dairy
pecorino pepato cheese,0,Dairy
pecorino toscano cheese,1,Dairy
peel amount,0,Fruit
peel either orange,0,Fruit
peel fruit,0,Fruit
peel lime,0,Fruit
peel mandarin orange,1,Fruit
peezy pizza dough,0,Bakery
peking duck leg,0,Meat
peking pancake,1,Dish
penne rigate choice,0,Cereal
penne rigate noodle,0,Cereal
penzey beef roast seasoning,1,Meat
penzey greek seasoning,1,Spice
penzey seasoning,1,Spice
penzeys cajun seasoning,0,Plant Derivative
penzeys tuscan,0,Spice
pepato,1,Dairy
peperkoek bread,0,Bakery
peppadew pepper juice,0,Vegetable
peppar vodka,0,Beverage-Alcoholic
pepper beef sausage,1,Dish
pepper bonnet,1,Spice
pepper brie cheese,0,Dairy
pepper cherry,0,Condiment
pepper fajita vegetable,1,Spice
pepper flake jalapeno,0,Spice
pepper flake own,1,Vegetable
pepper flake spicy,0,Vegetable
pepper from,0,Spice
pepper garlic seasoning,0,Spice
pepper green red cayenne,0,Vegetable
pepper juice,0,Spice
pepper leaf,1,Spice
pepper oil below,0,Spice
pepper oil sambal oelek,0,Spice
pepper onion mix,0,Spice
pepper onion salt,1,Spice
pepper onion yellow,0,Vegetable
pepper paste chili,0,Spice
pepper red jalapeno,1,Spice
pepper reserve oil,0,Spice
pepper ring banana,0,Vegetable
pepper sauce garlic red chile paste,1,Additive
pepper sauce green tabasco,0,Additive
pepper sauce jamaican,1,Condiment
pepper sauce red,0,Additive
pepper sauce redhot,1,Condiment
pepper sauce tabasco,0,Condiment
pepper sauce this amount give nice kick frank,0,Condiment
pepper seasoning,0,Spice
pepper serrano,0,Vegetable
pepper stir fry green yellow white onion,0,Spice
pepper strip,1,Spice
pepper vein,0,Spice
pepper vinegar,0,Plant Derivative
peppercorn gravy,0,Spice
peppercorn pink,0,Spice
peppercorn red black,0,Spice
peppercorn sauce,0,Additive
peppercorn steak sauce,0,Condiment
pepperide brown sugar cinnamon swirl bread,0,Additive-Sugar
pepperidge,0,Dish
pepperidge crust pie,0,Bakery
pepperidge farm herb dressing,1,Bakery
pepperidge farm party,0,Bakery
pepperidge farm texas toast bread,0,Bakery
pepperidge multi grain,0,Bakery
pepperidge rye,0,Cereal
pepperidge white bread,0,Bakery
pepperige bread crumb,1,Bakery
pepperjack,0,Dairy
peppermint crisp candy bar,0,Plant Derivative
peppermint crisp chocolate candy bar,0,Plant Derivative
peppermint essential oil,0,Essential Oil
peppermint extract dinner mint,0,Essential Oil
peppermint extract mint,0,Essential Oil
peppermint extract not mint,0,Essential Oil
peppermint extract optional,0,Essential Oil
peppermint flavoring,0,Herb
peppermint nougat candy bar,0,Plant Derivative
peppermint pattie,0,Plant Derivative
peppermint syrup ice cream topping,0,Additive
pepperoncini brine,0,Additive
pepperoncini juice,0,Vegetable
pepperoncini juice pepper,0,Vegetable
pepperoncini liquid,0,Vegetable
pepperoncini pepper cherry,0,Vegetable
pepperoncini pepper greek,0,Vegetable
pepperoncini pepper green,0,Vegetable
pepperoncini pepper italian vinegar,0,Vegetable
pepperoncini pepper juice from,0,Vegetable
pepperoncini pepper optional,0,Vegetable
pepperoncini pepper peppadew,0,Vegetable
pepperoncini pepper red,0,Vegetable Fruit
pepperoncini pepper tuscan,0,Vegetable
pepperoncini pepper water,0,Vegetable
pepperoni choice,0,Meat
pepperoni choice canadian bacon sausage black olive,0,Plant
pepperoni genoa salami,0,Meat
pepperoni green pepper,0,Vegetable
pepperoni half,0,Meat
pepperoni hard,0,Meat
pepperoni large,0,Meat
pepperoni omit,0,Meat
pepperridge farm,0,Dish
peppery spice,0,Spice
peppridge farm,1,Dish
pequin chile pepper,0,Vegetable
per person meat,0,Meat
percent cream,0,Dairy
perch fillet may sub tilapia,0,Fish
perciatelli hollow pasta,0,Cereal
perciatelli pasta,0,Cereal
perfect parmesan pizza dough,0,Bakery
perfect pork rub,1,Meat
perle hop,0,Beverage-Alcoholic
perogies various traditional filling,0,Dish
perrier jouet champagne,0,Beverage-Alcoholic
perruso spaghetti,0,Cereal
persian cucumber lengthwise,0,Gourd
persian lime,0,Fruit
persian noodle flat egg,0,Meat
peruvian chicken,1,Meat
peruvian pisco liquor,0,Beverage-Alcoholic
peruvian rice,1,Cereal
peruvian yellow chili paste,0,Plant Derivative
peruvian yellow chili pepper this most common,0,Vegetable
pesticide rose petal,0,Flower
pesto alfredo cream sauce,0,Additive
pesto breadcrumb,1,Bakery
pesto tortellini,1,Cereal
peteh bean,0,Legume
peter luger sauce,0,Additive
petit brand pear nectar,0,Fruit
petite,0,Legume
petite tomato garlic,0,Herb
philadelphia chive onion,0,Dish
philadelphia cooking cream italian cheese,1,Dairy
philadelphia cooking savory garlic creme,1,Herb
philadelphia cream cheese herb,1,Dairy
philadelphia herb,0,Herb
philadelphia italian cheese,1,Dairy
philadelphia santa fe,0,Meat
philadelphia savory garlic cooking creme,0,Herb
philadelphia spicy jalapeno,0,Vegetable
phoron,0,Spice
phyllo tart,0,Bakery
physalis fruit,0,Fruit
piccalilli relish,0,Condiment
pick selection vegetable zucchini black olive,0,Plant
pickapeppa red pepper sauce,0,Additive
pickapeppa red sauce,0,Additive
pickapeppa sauce pepper,0,Condiment
pickle beet juice,0,Beverage
pickle masala,0,Spice
pickle powder,0,Spice
pickling brine,0,Spice
pickling brine cherry pepper,0,Condiment
pickling lime,0,Fruit
pickling liquid,1,Plant Derivative
pickling own mix green black peppercorn,0,Spice
picnic pork roast belly,0,Meat
picnic pork shoulder,0,Meat
pico de gallo sauce,0,Condiment
pico pepper sauce,0,Condiment
pie crust either,0,Bakery
pie crust empanadas,0,Bakery
pie crust great,0,Bakery
pie crust mix betty crocker,0,Bakery
pie crust pastry dough,0,Bakery
pie crust pillsbury crescent,0,Bakery
pie crust single,0,Bakery
pie dough muffin,1,Cereal
pie filling cherry,0,Dish
pie filling choice,0,Dish
pie filling optional sauce,0,Dish
pie filling poppyseed,0,Dish
pie pastry dough,0,Bakery
pie pastry enough,0,Bakery
pie pastry pan,0,Bakery
pie pastry shell,0,Bakery
pie shell graham,0,Bakery
pie shell graham cracker,0,Bakery
pie shell not graham cracker crumb,0,Bakery
pig liver,0,Meat
pigeon,1,Condiment
pigeon pea bean will do,0,Condiment
pike fillet,0,Fish
pike fillet each,0,Fish
pikkuleipienperustaikina,0,Dish
pilaf,1,Cereal
pilchard tomato sauce,0,Condiment
pillsbury butter crescent dinner,0,Bakery
pillsbury cinnamon,0,Additive
pillsbury coconut almond mix,0,Dish
pillsbury corn buttermilk biscuit,0,Bakery
pillsbury cranberry bread mix,0,Dish
pillsbury creamy coconut,0,Beverage
pillsbury crescent,0,Dish
pillsbury crescent dough,1,Dish
pillsbury dinner,0,Bakery
pillsbury flakey biscuit,0,Bakery
pillsbury french bread dough,0,Bakery
pillsbury fudge brownie mix,0,Bakery
pillsbury garlic breadstick,0,Herb
pillsbury golden,0,Fruit
pillsbury golden layer butter,0,Dairy
pillsbury golden layer buttermilk,0,Dairy
pillsbury grand,0,Beverage-Alcoholic
pillsbury grand biscuit,0,Bakery
pillsbury grand buttermilk,0,Dairy
pillsbury grand flakey biscuit,1,Bakery
pillsbury moist french vanilla cake mix,0,Dish
pillsbury parmesan breadstick,0,Dairy
pillsbury pastry crust,0,Bakery
pillsbury plus german chocolate cake mix,0,Dish
pillsbury sugar,0,Additive
pillsbury sugar cookie dough,0,Additive
pillsbury swiss chocolate cake mix,0,Dish
pillsbury white,0,Bakery
pillsbury yellow cake mix,0,Dish
piloncillo brown sugar molasses,0,Additive
piloncillo sugar,0,Additive
pilsbury pie crust make my own,0,Bakery
pilsner beer corona,1,Beverage
pimento cheese,0,Dairy
pimento seed,0,Condiment
pimenton de paprika,1,Dish
pimenton de spanish paprika,0,Dish
pimenton paprika,0,Vegetable
pimiento olive,0,Dish
pimiento olive green,0,Dish
pimiento powder,1,Condiment
pimm gin,0,Beverage-Alcoholic
pimm there plymouth fruit,0,Fruit
pina colada concentrate,0,Dish
pina colada drink mix,0,Dish
pine needle,0,Nuts and Seeds
pine nut oil,0,Nuts and Seeds
pine nut pignoli,0,Nuts and Seeds
pine seed,0,Spice
pineapple apricot preserve,1,Fruit
pineapple cake mix,0,Dish
pineapple cream cheese spread,1,Dairy
pineapple flavoring,0,Beverage
pineapple ice cream,0,Dish
pineapple jam,0,Beverage
pineapple jelly,0,Beverage
pineapple juice chunk,0,Beverage
pineapple juice coconut,1,Beverage
pineapple juice may,0,Beverage
pineapple juice natural,0,Beverage
pineapple juice ofthe,0,Beverage
pineapple juice ok,1,Beverage
pineapple juice peach,0,Beverage
pineapple juice ring,0,Beverage
pineapple orange juice concentrate,0,Fruit
pineapple passion sorbet,0,Beverage
pineapple peach salsa,0,Condiment
pineapple salsa,0,Condiment
pineapple sorbet,0,Beverage
pineapple vodka,0,Beverage-Alcoholic
pineau de charentes,0,Beverage-Alcoholic
pink grapefruit schnapps,0,Beverage
pink hawaiian salt,1,Additive
pink icing,0,Additive
pink sugar crystal,0,Additive
pink turkish delight,0,Beverage
pinole maize flour,0,Maize
pinto bean overnight,0,Legume
pinto bean seasoning,0,Legume
pinto kidney bean,0,Legume
pinto like bean,0,Legume
pipette pasta,1,Cereal
piquillo pepper red lengthwise,0,Vegetable
piquin chilies chili,0,Spice
piri chile pepper,0,Spice
pista powder,0,Nuts and Seeds
pistachio almond,0,Nuts and Seeds
pistachio flavor pudding pie filling,0,Dish
pistachio oil,0,Plant Derivative
pistachio paste,0,Nuts and Seeds
pita bread amount,0,Bakery
pita bread arabic,0,Bakery
pita bread brown crisp,0,Bakery
pita bread cracker,0,Bakery
pita bread dough,0,Bakery
pita bread mini,1,Bakery
pita bread naan,0,Bakery
pita bread pizza dough,0,Bakery
pita bread pocket,0,Bakery
pita bread rye,0,Bakery
pita bread using master,0,Bakery
pita bread white,0,Bakery
pita breadcrumb,0,Bakery
pizza bread dough,1,Bakery
pizza cheese italian,0,Dairy
pizza cheese mozzarella,0,Dairy
pizza crust marinade mix,1,Bakery
pizza crust marjorum,0,Bakery
pizza dough check ingredient,0,Bakery
pizza dough great,0,Bakery
pizza dough ii,0,Bakery
pizza dough italian,0,Bakery
pizza dough italian bakery,0,Bakery
pizza dough mix,0,Bakery
pizza dough pastry,0,Bakery
pizza dough sauce,0,Additive
pizza dough wheat,0,Bakery
pizza dough wheat crescent,0,Bakery
pizza dough yeast,0,Bakery
pizza sauce carb,0,Additive
pizza sauce leggos,1,Additive
pizza sauce primo,1,Additive
pizza sauce tomato,0,Condiment
pizza sauce tomato basil pepper,0,Additive
pizza sauce wegmans grandpa pasta,0,Additive
pizza seasoning italian,0,Herb
pizza seasoning italian dressing,0,Herb
pizza seasoning italian seasoning,0,Herb
pizza spaghetti sauce,0,Condiment
pkg buttermilk salad dressing mix,0,Spice
pkg goat cheese,0,Dairy
pkg pie crust,0,Bakery
pkg potato vermicelli,0,Cereal
pkg vanilla pudding mix,0,Dish
pkge german chocolate cake mix,0,Dish
pkt banana muffin mix,0,Maize
plain almond milk,0,Nuts and Seeds
plain biscuit cracker crumb,0,Bakery
plain chocolate biscuit,0,Plant Derivative
plain cornmeal,0,Maize
plain crouton,1,Bakery
plain flour salt pepper,0,Cereal
plain flour tortilla,0,Bakery
plain matzo,0,Cereal
plain tomato juice,0,Beverage
plain tortilla chip,0,Dish
plain wafer,0,Cereal
plant pot,0,Cereal
planter almond,0,Nuts and Seeds
planter fancy cashew,1,Nuts and Seeds
planter peanut,1,Nuts and Seeds
planter peanut oil,0,Plant
planter pecan,0,Spice
plenty ice,0,Additive
plum butter,0,Dairy
plum filling,0,Fruit
plum liquid,0,Fruit
plum tomato crosswise,0,Vegetable
plum tomato lengthwise,0,Vegetable
plum tomato puree,1,Vegetable
plum wine vinegar,0,Beverage-Alcoholic
plump jalapeno,0,Spice
plump moist cherry,0,Additive
plump oyster,0,Seafood
plus tbsp italian dressing,0,Condiment
pne nut,1,Nuts and Seeds
poblano pepper chili milder,1,Spice
poblano pepper each,0,Spice
poblano pepper green be,0,Spice
poblano pepper green bell,0,Vegetable Fruit
poblano pepper jalapeno,0,Spice
poblano pepper lengthwise,0,Spice
poblano pepper quot,1,Spice
poblano pepper they are much easier,0,Spice
poblano pepper wide,1,Spice
pocket bread,0,Bakery
pod,0,Spice
pod snow pea,0,Legume
pod tamarind,0,Fruit
poi,0,Dish
point brisket,0,Meat
polaner raspberry,0,Fruit
polenta flour,1,Cereal
polenta yellow cornmeal,0,Maize
polish ham,0,Meat
polish sausage diagonally,1,Meat
polished rice,0,Cereal
pollock chunk,0,Beverage
pollock fillet,1,Fish
polly o natural part ricotta cheese,0,Dairy
polly o ricotta cheese,0,Dairy
polpette alla napoletana,0,Dish
pomegranate jelly,0,Fruit
pomegranate red wine vinegar,0,Plant Derivative
pomegranite juice,0,Beverage
pomeroon cassareep seasoning,0,Spice
pomfret fish fillet,0,Fish
pomi marinara sauce,0,Condiment
pomona pectin,0,Additive
pompano fillet,0,Fish
poolish,0,Bakery
pop rock,0,Additive
pop tart toaster pastry,0,Dish
popcorn chicken,1,Meat
popcorn kernel,0,Maize
popcorn seasoning,0,Spice
popeye bread,0,Bakery
popiah wrapper,0,Dish
popped popcorn kettle corn,0,Dish
poppy,0,Spice
poppy seed bun,1,Spice
popy seed,0,Spice
porcini mushroom egg noodle,0,Fungi
porcini mushroom juice,1,Fungi
pork baby back rib meat counter,0,Meat
pork back rack,0,Meat
pork back rib butcher do meat sa,0,Meat
pork barbecue sauce,0,Condiment
pork beef hot dog,0,Dish
pork belly butt,1,Meat
pork belly must meat mi,0,Meat
pork belly shoulder,0,Meat
pork belly skin,1,Meat
pork belly sparerib,0,Meat
pork belly steak,0,Meat
pork belly strip,0,Meat
pork belly weight,0,Meat
pork boston butt,0,Meat
pork butt chop,0,Meat
pork butt loin,0,Meat
pork butt meat,0,Meat
pork butt shank steak,0,Meat
pork butt steak,1,Meat
pork butterfly steak,0,Meat
pork chicken,1,Meat
pork chicken stock,1,Meat
pork chinese,0,Meat
pork chop chicken breast,1,Meat
pork chop cutlet,0,Meat
pork chop ea,0,Meat
pork chop loin work,0,Meat
pork chop meat,0,Meat
pork chop my,0,Meat
pork chop not,0,Meat
pork chop rib,0,Meat
pork chop roast,0,Meat
pork chop salt pepper,0,Spice
pork chop strip,1,Meat
pork chop veal,0,Meat
pork cocktail frank,0,Meat
pork cooking oil,0,Additive
pork cracklin,0,Meat
pork cube steak,1,Meat
pork dripping lard,0,Meat
pork ear,0,Meat
pork escalopes,0,Meat
pork fillet leg,0,Meat
pork filling,0,Meat
pork finely,0,Meat
pork gravy,1,Meat
pork gravy below,0,Meat
pork hock bacon,0,Meat
pork hock t hurt,1,Meat
pork italian sausage,0,Meat
pork jowl,0,Meat
pork knuckle hock,0,Meat
pork lard,1,Meat
pork leg roast,0,Meat
pork leg shoulder,0,Meat
pork liempo belly,1,Meat
pork link sausage,0,Meat
pork loin baby back rib,0,Meat
pork loin better,0,Meat
pork loin boston butt leaner meat seem,0,Meat
pork loin butt,0,Meat
pork loin chop total,0,Meat
pork loin crosswise,0,Meat
pork loin julienne,1,Meat
pork loin lamb,0,Meat
pork loin omit,0,Meat
pork loin rib chop,0,Meat
pork loin rib end,0,Meat
pork luncheon meat,0,Meat
pork lung,0,Meat
pork must,0,Meat
pork neck shoulder,0,Meat
pork out salt,0,Meat
pork pate cha lua,1,Meat
pork pinto bean,0,Legume
pork prime rib roast,0,Meat
pork rib clean chop,0,Meat
pork rib neck,0,Meat
pork rib shoulder,0,Meat
pork roast brown onion,0,Meat
pork roast jus sauce,0,Meat
pork roast loin,0,Meat
pork roast shoulder,0,Meat
pork roast tri tip,0,Meat
pork roast veal,1,Meat
pork salt black pepper,0,Spice
pork sausage lengthwise,0,Meat
pork sausage rookworst,0,Meat
pork sausagemeat,0,Meat
pork seasoning,0,Meat
pork seasoning coating mix shake n bake,0,Meat
pork shoulder belly,0,Meat
pork shoulder boston butt,0,Meat
pork shoulder butt roast,0,Meat
pork shoulder chop chicken roast beef,1,Meat
pork shoulder chuck roast,0,Meat
pork shoulder intact,0,Meat
pork shoulder loin,0,Meat
pork shoulder loin chop,0,Meat
pork shoulder morsel ``,0,Meat
pork shoulder must,0,Meat
pork shoulder sausage,0,Meat
pork shoulder some people rib,0,Meat
pork shoulder tenderloin,0,Meat
pork side rib,0,Meat
pork sirloin chop,0,Meat
pork soup,0,Meat
pork sparerib apart,0,Meat
pork sparerib back rib,0,Meat
pork sparerib butcher,0,Meat
pork sparerib rack,0,Meat
pork steak chop,0,Meat
pork steak lemon,1,Meat
pork steak prefer mine,0,Meat
pork stock beef meat,0,Meat
pork stomach,0,Meat
pork tail,0,Meat
pork tenderloin butt,0,Meat
pork tenderloin chicken breast,1,Meat
pork tenderloin chicken may,1,Meat
pork tenderloin chicken roast,1,Meat
pork tenderloin chop,1,Meat
pork tenderloin cutlet,1,Meat
pork tenderloin fillet,1,Meat
pork tenderloin loin,0,Meat
pork tenderloin loin chop work well,1,Meat
pork tenderloin medallion,1,Meat
pork tenderloin overnight,0,Meat
pork tenderloin salt pepper,0,Spice
pork tenderloin shoulder roast,1,Meat
pork tenderloin total,0,Meat
pork together twice,0,Meat
port du salut cheese,0,Dairy
portabella mushroom ravioli,0,Fungi
portion hermann batter,0,Dish
portion skin sea bass,0,Fish
portugese bread,0,Bakery
portuguese andouille sausage,1,Meat
portuguese bread italian,0,Bakery
portuguese bun,1,Bakery
portuguese chourico chorizo,0,Meat
portuguese chourico soy chorizo,0,Meat
portuguese cornbread sourdough bread,0,Dish
portuguese european bread,0,Bakery
portuguese grape liquor,0,Fruit
portuguese hot chourico sausage,0,Meat
portuguese pepper sauce,1,Spice
posole,0,Dish
post cereal banana,0,Fruit
post cranberry almond crunch cereal,0,Nuts and Seeds
post grape nut cereal,0,Fruit
pot,1,Cereal
pot cheese farmer,0,Dairy
pot cheese ricotta,0,Dairy
pot cream,0,Dairy
pot greek yogurt,0,Dairy
pot pie square noodle,1,Dish
pot roast chuck shoulder,0,Meat
pot roast gravy beef stock,0,Dish
pot roast juice from,0,Meat
pot roast pan juice,1,Meat
pot roast sirloin tip,0,Meat
pot whipping cream,0,Dairy
potato baby food,1,Vegetable
potato bread farls,0,Vegetable Tuber
potato burger bun,0,Vegetable Tuber
potato cake,0,Vegetable Tuber
potato carrot celery onion,0,Vegetable Tuber
potato cheese pierogi,1,Vegetable Tuber
potato chip shrimp,1,Dish
potato chip yukon,0,Dish
potato crust,0,Vegetable Tuber
potato cupcake,0,Vegetable Tuber
potato dumpling,0,Vegetable Tuber
potato flake chip,0,Vegetable
potato flake milk,0,Vegetable
potato gnocchi right,0,Vegetable Tuber
potato hamburger bun,0,Vegetable Tuber
potato here veggie,1,Vegetable Tuber
potato layer,0,Vegetable Tuber
potato onion,0,Vegetable
potato pancake mix,0,Dish
potato pastry dough,0,Bakery
potato patty,0,Vegetable Tuber
potato rosemary,0,Vegetable Tuber
potato sausage,0,Vegetable Tuber
potato soup mix,0,Dish
potato starch katakuriko may be,1,Vegetable
potato starch vermicelli,0,Vegetable
potato syrup,0,Vegetable Tuber
potato vermicelli,1,Vegetable Tuber
potato vermicelli noodle,0,Vegetable Tuber
potato wedge,0,Vegetable Tuber
poultry,0,Spice
powderd almond,0,Nuts and Seeds
power fruit,0,Fruit
prague powder number,0,Spice
praline,0,Beverage-Alcoholic
praline liqueur,0,Beverage-Alcoholic
praline powder,0,Spice
prawn chicken,1,Meat
prawn each,0,Seafood
prawn intact,0,Seafood
prawn meat,0,Meat
prawn paste belacan,0,Seafood
prawn pink,0,Seafood
prawn powder,1,Seafood
prawn shrimp,1,Seafood
pre cake,0,Dish
pre crepe,0,Dish
pre marinara sauce,1,Condiment
pre meatball,0,Dish
pre meatball buy,0,Dish
pre oxtail,0,Meat
pre pie crust mix,0,Bakery
pre refrigerater pie crust,0,Bakery
preferably wild blueberry,0,Fruit
preferrably marinara sauce meat,0,Condiment
prego heart spaghetti sauce,1,Condiment
prego spaghetti sauce meat,0,Condiment
prego tomato basil pasta sauce,0,Condiment
prego traditional pasta sauce,0,Dish
premade greek salad dressing,0,Condiment
premade pizza crust,0,Bakery
premade pizza sauce,0,Condiment
preserve fruit,0,Fruit
preserve jam,0,Fruit
preserve orange,0,Fruit
president choice black label harissa moroccan seasoning,0,Vegetable
president choice chili pepper sauce,0,Condiment
president choice italian sauce below,0,Condiment
pressure cooker chicken fillet basis savory pie etc,1,Dish
pretzel bun,1,Bakery
pretzel goldfish cracker,0,Bakery
pretzel nugget,0,Bakery
pretzel peanut,0,Nuts and Seeds
pretzel ring,0,Bakery
pretzel rod,0,Bakery
prickly pear juice syrup,0,Plant Derivative
primadona italian dressing,0,Dish
primavera spaghetti sauce,0,Condiment
prime beef,0,Meat
prime rib beef oven roast,0,Meat
prime sirloin roast,0,Meat
process cheese food,0,Dairy
process sharp cheddar cheese single,0,Dairy
procini mushroom,0,Fungi
progresso breadcrumb,0,Bakery
progresso caponata,0,Dish
progresso garlic breadcrumb,0,Herb
progresso garlic chicken stock cooking sauce,1,Meat
progresso garlic herb breadcrumb,0,Herb
progresso italian bread crumb,0,Bakery
progresso italian vegetable soup,0,Dish
progresso vegetable mushroom soup,0,Dish
proof bourbon whiskey,0,Beverage-Alcoholic
prosecco champagne,0,Beverage-Alcoholic
protein powder chocolate egg,0,Plant Derivative
protein powder vanilla whey,0,Legume
provence lavender cordial syrup,0,Plant Derivative
provini veal,0,Meat
provolone cheese cube,0,Dairy
prune baby food,0,Dish
prune butter,0,Dairy
prune jam,0,Fruit
prune plum,0,Fruit
psyllium husk,0,Maize
psyllium oat bran,0,Cereal
publix deli guacamole,0,Dish
pudding sausage,0,Dish
puerto rican adobo marinade,1,Additive
puerto rican sofrito,1,Condiment
puff patty shell,2,Bakery
pulp orange juice,0,Fruit
pumpernickel bread dark rye,0,Bakery
pumpernickel bread rye,1,Bakery
pumpernickel bread rye breadcrumb,0,Bakery
pumpernickel bread sourdough,0,Dish
pumpernickel flour rye,0,Cereal
pumpkin below,0,Fruit
pumpkin flower,1,Flower
pumpkin mush,0,Fruit
pumpkin parmesan pasta sauce,1,Dish
pumpkin parmesan sauce,1,Dish
pumpkin pepitas,0,Fruit
pumpkin pulp,0,Fruit
pumpkin ravioli,0,Fruit
pumpkin seed fruit choice,0,Nuts and Seeds
pumpkin seed green part,1,Nuts and Seeds
pumpkin seed my coffee grinder,0,Nuts and Seeds
pumpkin seed squash,1,Nuts and Seeds
pumpkin spice dairy creamer,0,Dairy
punnet baby corn diagonally,1,Maize
purple cherokee tomato,0,Fruit
purple corn,0,Maize
purple eggplant,0,Vegetable
purple fig,0,Fruit
purple grape,0,Fruit
purple hull pea,0,Legume
purple olive,0,Plant
purple sugar,0,Additive
purple tomatillo,0,Vegetable
purple turnip,0,Vegetable
purple yam powder,0,Vegetable
purple yam root,0,Vegetable
purpose apple,0,Fruit
purpose biscuit baking mix,0,Dish
purpose buttermilk baking mix,0,Dish
purpose flour twice,0,Cereal
purpose gluten flour,0,Cereal
purpose greek seasoning,0,Spice
purpose greel seasoning,1,Spice
purpose potato,1,Vegetable Tuber
purpose seasoning basil,0,Herb
purpose vegetable seasoning,0,Vegetable
pushcart onion,0,Vegetable
quahog,0,Seafood
quaker barley,1,Cereal
quaker caramel corn rice cake,0,Dish
quaker harvest crunch cereal,0,Cereal
quaker oatmeal square cereal,0,Cereal
quaker square brown sugar cereal,0,Additive-Sugar
quantity basic pastry dough,0,Bakery
quantity shortcrust pastry vanilla,0,Legume
quark cream,0,Dairy
quatre epices rabelais seasoning,1,Spice
queen anne cherry,0,Fruit
queijo coalho cheese curd,0,Dairy
quesadilla mexican cheese,1,Dairy
queso blanco cheese,0,Dairy
queso blanco white cheese,0,Dairy
queso chanco,0,Dairy
queso cheese,0,Dairy
queso cheese sauce,0,Condiment
queso duro,0,Dairy
queso panela cheese,0,Dairy
queso quesadilla,1,Dish
queso quesadilla cheese,1,Dairy
queso quesadilla mexican cheese,1,Dairy
quesos ricura mexican crema,0,Dairy
quik chocolate milk mix powder,0,Beverage
quince jelly,0,Berry
quince preserve,0,Fruit
quinoa grain brown rice,0,Cereal
quorn chik n cutlet,0,Meat
quorn mincemeat,0,Meat
quot ; meatless mincemeat,0,Meat
quot ; taste like juice,0,Beverage
ra el hanout mix,0,Spice
rack american pork,0,Meat
rack baby back pork,0,Meat
rack baby back rib,0,Meat
rack back rib,0,Meat
rack beef back rib,1,Meat
rack beef rib,0,Meat
rack cervena venison,0,Meat
rack lamb rib,0,Meat
rack louis pork sparerib,0,Meat
rack louis sparerib,0,Meat
rack pork baby back,0,Meat
rack rib,0,Meat
rack veal,0,Meat
rack venison side rib,0,Meat
radiatore ruffle noodle,0,Cereal
radicchio lengthwise,0,Vegetable
rag pasta sauce basil flavor,0,Additive
rag pasta sauce cheddar cheese,0,Dairy
rag pasta sauce chunky tomato onion garlic,0,Additive
rag pasta sauce garlic,0,Dish
rag pasta sauce garlic parmesan cheese,0,Dish
rag pasta sauce tomato,0,Additive
ragi flour,0,Cereal
rainbow candy,0,Fish
rainbow candy sprinkle,0,Additive
rainbow carrot,0,Vegetable
rainbow chocolate chip,0,Additive
rainbow dot candy,0,Fish
rainbow nonpareil,0,Fish
rainbow nonpareil sprinkle,0,Additive
rainbow olive,0,Plant
rainbow rotini pasta,0,Cereal
rainbow tortellini pasta,0,Cereal
rainbow trout fillet,0,Fish
rainbow trout fillet each,0,Fish
raisin bread cinnamon swirl,0,Bakery
raisin cranberry,0,Fruit
raisin walnut bread,0,Bakery
raja con crema,0,Dairy
ramen mushroom flavor noodle,0,Cereal
ramen noodle beef,0,Cereal
ramen noodle not,0,Cereal
ramen noodle per bowl,0,Cereal
ramen noodle seasoning,0,Cereal
ramen noodle soba,0,Cereal
ramen noodle type soup,1,Cereal
ranch,1,Condiment
ranch bean black,0,Legume
ranch bean juice,1,Legume
ranch crouton,0,Bakery
ranch doritos,1,Condiment
ranch dressing blue cheese,1,Dairy
ranch dressing creamy,1,Condiment
ranch dressing mix water,1,Condiment
ranch pinto bean,0,Legume
ranch salad dressing bleu cheese,1,Condiment
ranch salad dressing marzetti,0,Condiment
ranch steak,0,Fish
ranch texas bean,0,Legume
ranch tortilla chip,1,Bakery
ranchera sauce,0,Additive
rancherito cheese,1,Dairy
ranchero bean,0,Legume
range chicken capon,1,Meat
range chicken stock,1,Meat
range organic egg yolk,0,Meat
rannoch beef,0,Meat
rannoch venison,0,Meat
rao marinara sauce,0,Condiment
rapid rise yeast bread machine,0,Additive-Yeast
raspberry beer,0,Beverage
raspberry brandy,0,Beverage-Alcoholic
raspberry cordial,0,Fruit
raspberry extract,0,Fruit
raspberry fruit jam,0,Fruit
raspberry gelatin mix,0,Additive
raspberry jam choice,0,Fruit
raspberry jam fruit,0,Fruit
raspberry jam jelly,0,Fruit
raspberry jam more,0,Fruit
raspberry jam preserve,0,Fruit
raspberry jelly grape,0,Fruit
raspberry juice choice,0,Fruit
raspberry junket danish dessert mix,0,Additive
raspberry marmalade,0,Additive
raspberry olive oil,0,Plant Derivative
raspberry pie filling,0,Dish
raspberry preserve matter,0,Fruit
raspberry preserve sugar,0,Fruit
raspberry red wine vinegar,1,Beverage-Alcoholic
raspberry spice essence,0,Fruit
raspberry sugar jam,0,Fruit
raspberry swiss,0,Fruit
raspberry topping,0,Fruit
raspberry vinaigrette dressing,0,Condiment
ratafia biscuit,0,Bakery
rattlesnake meat,0,Meat
rauchkase bavarian cheese,0,Dairy
ravioli dough,0,Cereal
ravioli filling,0,Dairy
ravioli tomato sauce,0,Condiment
ravioli tortellini,1,Bakery
rawspicebar egyptian spice,0,Spice
rawspicebar peruvian rub seasoning,1,Spice
rayu,1,Additive
realime juice,1,Beverage
really coffee,0,Beverage Caffeinated
reames noodle,0,Cereal
recao cilantro not,0,Herb
rectangular brioche bread,0,Bakery
rectangular pizza crust,0,Bakery
red achiote paste,0,Spice
red aji pepper,0,Spice
red ale,0,Beverage-Alcoholic
red anjou pear,0,Fruit
red baby beet,0,Vegetable
red banana,0,Fruit
red bean chili sauce,0,Condiment
red bean curd,0,Legume
red bean kidney,0,Legume
red bean paste azuki,0,Legume
red bean paste koshian,0,Legume
red bean water,0,Legume
red bell pepper flake,1,Vegetable Fruit
red bell pepper ring,0,Vegetable Fruit
red bell pepper strip,0,Vegetable Fruit
red bird eye chili pepper,0,Vegetable
red birdseye chili jalapeno pepper,1,Vegetable
red burgundy wine lemberger,1,Beverage-Alcoholic
red cabbage head,0,Vegetable
red cake decorating gel,0,Dish
red capsicum pasta sauce,1,Vegetable
red chard,1,Vegetable
red cherry jelly crystal,0,Fruit
red cherry pepper green,0,Spice
red cherry tomato,0,Vegetable
red chile chutney,1,Spice
red chile honey,0,Plant Derivative
red chile oil,0,Spice
red chile pepper lengthwise,0,Vegetable
red chile puree,0,Vegetable
red chili asian chilli,0,Spice
red chili chilli,1,Vegetable
red chili omit,0,Vegetable
red chili paste garlic,1,Plant Derivative
red chili paste korean kochujang sauce,0,Spice
red chili paste market,0,Spice
red chili pepper chipotle,0,Vegetable
red chili pepper flake chile,0,Spice
red chili pepper flake heat,0,Spice
red chili pepper hot,1,Vegetable
red chili seed,0,Vegetable
red chili sriracha garlic sauce,0,Condiment
red chili water,1,Vegetable
red chilies cayenne pepper,0,Vegetable
red chilies cayenne variety,0,Vegetable
red chilies guajillo,1,Vegetable
red chilies heat,1,Vegetable
red chilies pepper flake,0,Vegetable
red chilies water,0,Vegetable
red chilli,1,Spice
red crystal sugar,0,Additive
red currant preserve,0,Fruit
red currant preserve grape,0,Fruit
red currant preserve raspberry,0,Fruit
red curry powder,1,Spice
red decorating gel,0,Additive
red decorative candy,0,Additive
red enchilada sauce cream,1,Condiment
red enchilada sauce mexican restaurant,1,Condiment
red enchilada sauce paso,1,Condiment
red enchilada sauce vegan,0,Condiment
red fajita seasoning,0,Spice
red fajita seasoning mix,0,Spice
red food coloring bijol seasoning,0,Spice
red fruit leather,0,Fruit
red fruit strawberry,0,Fruit
red gel,0,Additive
red gel icing,0,Additive
red glaze icing,0,Additive
red grape tomato,0,Vegetable
red green chard,0,Vegetable
red green chilies,0,Spice
red green pineapple,0,Vegetable
red green pueblo chile pepper,1,Spice
red guavaberry,0,Fruit
red habanero pepper,0,Spice
red irish ale,0,Beverage-Alcoholic
red italian tomato,0,Vegetable
red jalapeno below,1,Spice
red jalapeno chile cayenne powder green pepper,0,Spice
red jalapeno chile green pepper,0,Spice
red jalapeno chile pepper,0,Vegetable
red jalapeno chile serrano pepper heat,0,Vegetable
red jalapeno chile serranos,0,Vegetable
red jalapeno chile thai,0,Spice
red jalapeno green,0,Spice
red jalapeno jelly,0,Fruit
red jalapeno pepper more,0,Spice
red jalapeno suit,0,Spice
red jam,0,Fruit
red jell o,0,Additive
red jelly jam,0,Fruit
red jwala chile,1,Spice
red kashmiri chile,0,Spice
red kidney bean sauce,0,Legume
red licorice,0,Beverage-Alcoholic
red meat beef,0,Meat
red michigan apple,0,Fruit
red mill bean grain soup mix,0,Dish
red mill grain cereal,0,Cereal
red mullet,0,Fish
red onion lengthwise,1,Vegetable
red onion marmalade,0,Condiment
red onion paste,0,Vegetable
red onion strip,0,Vegetable
red palm fruit oil olive,1,Plant Derivative
red passover wine,0,Beverage-Alcoholic
red pear cherry tomato,0,Vegetable
red pearl onion,0,Vegetable
red pepper aji,0,Spice
red pepper apple relish,0,Vegetable Fruit
red pepper cajun,0,Spice
red pepper capsicum green,0,Vegetable Fruit
red pepper chile,0,Vegetable
red pepper chili powder,0,Vegetable
red pepper crosswise,0,Vegetable Fruit
red pepper deli,1,Vegetable Fruit
red pepper fine,0,Vegetable Fruit
red pepper garam masala,0,Spice
red pepper garlic,0,Vegetable Fruit
red pepper garlic dressing,0,Vegetable Fruit
red pepper green bell,0,Vegetable Fruit
red pepper green korean,1,Vegetable Fruit
red pepper green one,0,Vegetable Fruit
red pepper green onion,1,Vegetable Fruit
red pepper green work okay,0,Vegetable Fruit
red pepper hot,1,Vegetable Fruit
red pepper hot heat,0,Vegetable Fruit
red pepper hummus,0,Dish
red pepper jalapeno,0,Vegetable
red pepper large,1,Vegetable Fruit
red pepper length,0,Vegetable Fruit
red pepper mean,0,Vegetable Fruit
red pepper mix yellow,0,Vegetable Fruit
red pepper more,1,Vegetable Fruit
red pepper not paprika ancho chi,1,Vegetable Fruit
red pepper olive oil,0,Plant Derivative
red pepper optional,1,Vegetable Fruit
red pepper optional make,0,Vegetable Fruit
red pepper orange,0,Vegetable Fruit
red pepper paste market,1,Vegetable Fruit
red pepper paste water,1,Vegetable Fruit
red pepper pea pod,0,Vegetable Fruit
red pepper pesto,0,Vegetable Fruit
red pepper pizza,1,Vegetable Fruit
red pepper ring,0,Vegetable Fruit
red pepper rotini pasta,0,Vegetable Fruit
red pepper sauce choice,1,Vegetable Fruit
red pepper sauce habanero,0,Vegetable Fruit
red pepper sauce tabasco,0,Vegetable Fruit
red pepper soup,0,Vegetable Fruit
red pepper spicy,0,Vegetable
red pepper square,0,Vegetable Fruit
red pepper tapenade,0,Vegetable Fruit
red pepper thinly,1,Vegetable Fruit
red pepper tomato soup,0,Vegetable Fruit
red pepper tsp,0,Vegetable Fruit
red pepper yellow green,1,Vegetable Fruit
red pepperoncini pepper,0,Vegetable Fruit
red potato crosswise,1,Vegetable Tuber
red potato half,0,Vegetable Tuber
red potato lengthwise,0,Vegetable Tuber
red potato not,1,Vegetable Tuber
red potato tender,0,Vegetable Tuber
red potato too,0,Vegetable Tuber
red potato water,1,Vegetable Tuber
red quinoa,0,Legume
red raspberry syrup,0,Fruit
red rice noodle,1,Cereal
red rooibos tea,0,Beverage
red sauce hot,1,Spice
red seed removed,0,Herb
red shiso,0,Herb
red shiso leaf,0,Herb
red sofrito sauce,0,Condiment
red sorrel bud,0,Herb
red syrup,0,Plant Derivative
red thai bird chile,0,Spice
red thai bird chile pepper,1,Spice
red thai chile coarsely,0,Spice
red thai chile crosswise,0,Spice
red thai chile hot,1,Spice
red tofu,0,Plant Derivative
red tostada shell,0,Bakery
red white candy cane,0,Additive
red wine balsamic vinegar,1,Plant Derivative
red wine vinaigrette dressing,0,Beverage-Alcoholic
red yellow onion,0,Vegetable
red yellow orange pepper,1,Vegetable Fruit
red yellow tomato,0,Vegetable
redcurrant jam,0,Fruit
reddi cream,0,Dairy
redondo iglesias jamsn serrano,0,Dish
redpepper seed,0,Spice
reese puff cereal,0,Bakery
refrigerator biscuit,0,Bakery
refrigerator buttermilk biscuit,1,Bakery
refrigerator pizza dough,0,Bakery
reg ; dressing,0,Dish
reg ; hot italian sausage link,0,Meat
regato cheese,0,Dairy
reindeer meat,0,Meat
reindeer roast,0,Meat
relish dill,0,Herb
remoulade sandwich,0,Dish
rennet special cheese,0,Dairy
resse peanut butter,0,Additive
restaurant corn chip,0,Maize
reynolds oven roasting,0,Meat
rhine wine,0,Beverage-Alcoholic
rhodes cinnamon,0,Additive
rhubarb jam,0,Vegetable
rhubarb liqueur,0,Vegetable
rib chop,0,Meat
rib choy,1,Vegetable
rib eye roast,0,Meat
rib eye steak crosswise,0,Meat
rib eye steak edge,0,Meat
rib eye steak total,0,Meat
rib flanken,0,Herb
rib meat,0,Meat
rib pork loin chop,0,Meat
rib prime beef roast,0,Meat
rib roast beef neck,1,Meat
rib steak,1,Meat
ribbon noodle,0,Cereal
ribeye roula,0,Meat
ribeyes steak,0,Fish
ricard,1,Beverage-Alcoholic
rice ball,0,Cereal
rice basmati,0,Cereal
rice bean,0,Cereal
rice bran,0,Cereal
rice bran cooking oil,0,Additive
rice bran oil vegetable,1,Plant Derivative
rice bran powder nuka,0,Cereal
rice bubble cereal,0,Cereal
rice bubble cornflakes,0,Cereal
rice cake bread,0,Dish
rice cereal muria,0,Cereal
rice chicken sauce mix broccoli,1,Dish
rice cracker biscuit,0,Cereal
rice cracker optional,0,Cereal
rice flour cream,0,Cereal
rice flour mill,1,Cereal
rice flour mochiko,0,Cereal
rice flour noodle,1,Cereal
rice flour shiratamako,0,Cereal
rice flour water,0,Cereal
rice flour white,1,Cereal
rice grain white,1,Cereal
rice krispie cereal,0,Cereal
rice mai,0,Cereal
rice meal basmati that,0,Cereal
rice milk almond,0,Nuts and Seeds
rice milk ok,0,Beverage
rice milk soy,0,Plant Derivative
rice must,1,Cereal
rice noodle bean,0,Cereal
rice noodle bean thread,0,Legume
rice noodle egg,1,Cereal
rice noodle instruction,0,Cereal
rice noodle kitchen,1,Cereal
rice noodle pkg,1,Cereal
rice noodle wide,0,Cereal
rice olive,0,Cereal
rice root,1,Cereal
rice sherry wine,0,Beverage-Alcoholic
rice vermicelli not,1,Cereal
rice water,0,Additive
rice wine vinegar anisado,0,Additive-Vinegar
rice wine vinegar chili oil,0,Additive-Vinegar
rice wine vinegar red,1,Plant Derivative
rice wine vinegar red pepper,0,Plant Derivative
rice wine vinegar sugar,0,Additive-Vinegar
rice wine vinegar white,0,Plant Derivative
ricella sunflower oil,0,Plant Derivative
ricestick noodle,1,Cereal
ricotta cavatelli,0,Dairy
ricotta mixture,0,Dairy
rimming salt,0,Additive
ring onion,0,Vegetable
ripple potato chip,0,Dish
risoni pasta,1,Cereal
risotto,0,Cereal
risotto mix,0,Cereal
ritz bit peanut butter cracker,0,Bakery
ritz cracker rice,0,Bakery
ritz cracker sociable,0,Bakery
ritz everything cracker,0,Bakery
river fish,0,Fish
ro tel green chilies,0,Vegetable
ro tel tomato cilantro,0,Vegetable
roast arm,0,Meat
roast beef blade,0,Meat
roast beef butter,0,Meat
roast beef hash,0,Meat
roast blade,0,Meat
roast duck meat,0,Meat
roast halibut,0,Fish
roast inside,0,Meat
roast meat,0,Meat
roast pork loin,1,Meat
roast sesame,0,Cereal
robust red wine,1,Beverage-Alcoholic
rock cod fish,0,Fish
rock cornish game,0,Meat
rock cornish hen,0,Meat
rock cornish hen each,1,Meat
rock lobster,0,Seafood
rock melon,0,Fruit
rock salt black pepper,0,Spice
rock salt pepper,0,Additive
rockfish,0,Fish
rockfish fillet,0,Fish
rockling fillet,0,Fish
rogan josh seasoning,0,Spice
roger syrup brown sugar white karo,0,Additive-Sugar
rolos caramel candy,0,Additive
rom bean,0,Legume
rom tomato juice,0,Vegetable
rom tomato lengthwise,0,Vegetable
romaine heart,0,Vegetable
romaine heart leaf,0,Vegetable
roman bean,0,Legume
romanesco cauliflower floret,0,Flower
romanesco green cauliflower ca n't,0,Flower
romano bean green,0,Cereal
romano green bean,0,Cereal
rome beauty apple,0,Fruit
roncal cheese,0,Dairy
rondele horseradish cheddar cheese,0,Dairy
ronzoni manicotti,0,Cereal
ronzoni no boil lasagna noodle they taste,0,Cereal
rooibos tea,0,Plant
room temperature egg,0,Meat
room temperature egg yolk,0,Meat
room temperature greek yogurt,0,Dairy
root beer extract water,0,Beverage-Alcoholic
root beer schnapps,0,Beverage-Alcoholic
root beer w,0,Beverage-Alcoholic
root vegetable carrot,0,Vegetable
root vegetable stock,0,Vegetable
roquefort blue cheese,0,Dairy
rosarita jalapeno,0,Spice
rosarita reg,0,Spice
rosarita reg black bean,0,Legume
rose grenadine,0,Plant Derivative
rose jam,0,Additive
rose lime sauce,1,Condiment
rose lime syrup,0,Plant Derivative
rose oil,0,Additive
rose petal ensure,0,Flower
rose petal jam,0,Flower
rose petal only,0,Flower
rose preferably red,0,Flower
rose sparkling wine,0,Beverage-Alcoholic
rose syrup water sugar more,0,Additive
rosella syrup,0,Plant Derivative
rosella tomato soup,1,Dish
rosemary bread,1,Herb
rosemary crustini,0,Herb
rosemary edible,0,Herb
rosemary essential oil,0,Herb
rosemary garlic salt robertson,0,Spice
rosemary lime marinade,1,Fruit
rosemary mayonnaise below,0,Condiment
rosemary olive oil sourdough bread,0,Plant Derivative
rossario spaghetti sauce,0,Condiment
rotel chili fixins tomato,0,Vegetable
rotel reg green chili sauce,1,Condiment
rotelle noodle,1,Cereal
rotelli pasta,0,Cereal
roti flour,0,Cereal
rotini noodle must,0,Cereal
rotisserie chicken chunk,1,Meat
rotisserie roast chicken,1,Meat
rouille,1,Dish
rouille garlic cayenne pepper mayonnaise,0,Vegetable
rouladen beef butcher,0,Meat
ruby port wine,0,Beverage-Alcoholic
ruby red grapefruit vodka,0,Beverage
ruby red graprefruit juice,0,Beverage
rum butter,0,Dairy
rum extract almond,0,Nuts and Seeds
rum extract essence,0,Beverage-Alcoholic
rum extract vanilla,0,Additive
rum flavoring almond,0,Nuts and Seeds
rumple minze pepper mint liqueur,0,Spice
runner bean lengthwise,0,Legume
russet,0,Vegetable Tuber
russet baking,0,Vegetable Tuber
russian layer cake,0,Dish
russian mustard,0,Spice
russian salad dressing amount,0,Dish
russian salad dressing not,1,Dish
russian tea room dressing,0,Condiment
rustic italian bread,0,Bakery
rustic loaf italian bread,0,Bakery
rustic rye bread,1,Bakery
rutabaga n't celery,0,Herb
rye,0,Cereal
rye berry,0,Berry
rye berry cracking,0,Berry
rye bread caraway seed,1,Spice
rye bread multi grain,0,Bakery
rye bread wheat,0,Bakery
rye breadcrumb bread,0,Bakery
rye breadcrumb brown,0,Bakery
rye cracker crumb,0,Bakery
rye crisp,0,Cereal
rye crisp bread,0,Bakery
rye crispbread,0,Cereal
rye flake wheat,0,Cereal
rye flour grain,0,Cereal
rye graham flour,0,Cereal
rye meal barley flour,0,Cereal
rye meal mountain bread wrap,1,Bakery
ryvita dark rye,0,Bakery
s b curry golden sauce mix,1,Dish
sa cha sauce,0,Condiment
saba mackerel,0,Fish
saboot dhania coriander seed,0,Herb
safflower oil peanut,0,Plant
saffron broth,1,Spice
saffron capellini,0,Spice
saffron color,0,Additive
saffron essence,0,Additive
saffron rice mix mahatma,0,Cereal
saffron rice mix vigo yellow,1,Cereal
saffron turmeric,0,Spice
sage breakfast sausage,0,Meat
sage seasoning mixture,1,Spice
sai fun noodle,0,Cereal
saimin noodle,1,Cereal
sakura cherry shrimp,0,Seafood
salad bar vegetable,1,Dish
salad burnet,0,Dish
salad dressing cream,0,Dish
salad dressing cream salt celery mustard powde,0,Dish
salad dressing dom chicken,1,Dish
salad dressing enough,0,Dish
salad dressing feta,0,Dish
salad dressing mayo,0,Dish
salad dressing not creamy,1,Dish
salad elegance seasoning,0,Dish
salad green arugula,0,Vegetable
salad green baby spinach,0,Vegetable
salad green baby spinach leaf,1,Vegetable
salad green bibb lettuce,0,Vegetable
salad green clean,0,Vegetable
salad green exotic,0,Vegetable
salad green not,0,Vegetable
salad green one,0,Vegetable
salad green optional,0,Vegetable
salad green red,0,Vegetable
salad green spring mix,0,Vegetable
salad leaf asian mix,0,Dish
salad leaf rocket,0,Herb
salad oil canola harvest,0,Plant Derivative
salad oil corn tortilla,0,Bakery
salad oil mixture each,0,Plant Derivative
salad oil olive,0,Plant Derivative
salad oil orive ok,0,Plant Derivative
salad oil peanut,0,Plant
salad oil vegetable,0,Plant Derivative
salad seed sunflower,0,Plant Derivative
salad supreme seasoning,0,Spice
salad tomato,0,Vegetable
salam leaf,0,Plant
salami chunk,0,Fish
salami hard pepper,0,Meat
salami summer sausage,0,Dish
salba seed chia,0,Nuts and Seeds
salmon cake,0,Fish
salmon caviar,0,Fish
salmon head,0,Fish
salmon skin,0,Fish
salmonberry,0,Fruit
salsa casera,0,Condiment
salsa con pepperjack,0,Condiment
salsa jalapeno pepper,0,Vegetable
salsa mexican cheese sauce,0,Dairy
salsa picante sauce,0,Condiment
salsa sauce,0,Condiment
salsa seasoning,0,Spice
salsa seasoning mix,0,Spice
salsa verde doritos,0,Condiment
salsa verde green tomatillo,1,Condiment
salt black pepper cayenne,0,Spice
salt black pepper white,1,Additive
salt black pepper white powder,0,Additive
salt breadcrumb,1,Additive
salt butterfish,1,Fish
salt chicken stock,1,Meat
salt chicken stock cube,1,Meat
salt chipotle powder,1,Spice
salt fajita seasoning mix,0,Spice
salt flake,1,Additive
salt jamaican jerk seasoning,1,Spice
salt pepper add basil too,0,Additive
salt pepper black,0,Spice
salt pepper breast,1,Spice
salt pepper cayenne,0,Spice
salt pepper chicken breast,1,Meat
salt pepper chicken broth,1,Dish
salt pepper each,0,Spice
salt pepper garlic,1,Spice
salt pepper kimchi soy sauce,0,Additive
salt pepper not must,0,Additive
salt pepper optional,1,Additive
salt pepper red,0,Spice
salt pepper seasoning mix,1,Spice
salt pepper soy sauce,0,Additive
salt pepper this,0,Spice
salt soy sauce,1,Additive
salt stock beef,0,Meat
salt vegetable stock,0,Vegetable
salt vinegar potato chip,0,Dish
salt yellow corn,0,Maize
saltine cracker square,1,Bakery
saltine panko bread crumb,0,Bakery
saltpeter morton tender,0,Additive
saltwater fish,0,Fish
salty cracker,0,Bakery
sambal bajak,0,Spice
sambal belachan chili paste,1,Spice
sambal oelek chili paste garlic sauce,1,Condiment
sambal tjampoer chili sauce,0,Condiment
sambar onion,0,Vegetable
sambar powder,0,Spice
sambhar powder below,0,Spice
sambuca liqueur black,0,Fruit
samos liqueur,0,Beverage-Alcoholic
samosa pastry egg,0,Bakery
samp hominy,0,Maize
san basil,0,Herb
san gennaro polenta,0,Dish
san marzano tomato juice,1,Vegetable
san marzano tomato passata,0,Vegetable
san pellegrrino,0,Vegetable
san plum tomato,0,Vegetable
sandwich bread dog bun,0,Bakery
sandwich bread white,0,Bakery
sandwich bun e,0,Bakery
sandwich bun french bread lengthwise,0,Bakery
sandwich bun hamburger,0,Bakery
sandwich ham,0,Meat
sandwich italian bread,0,Bakery
sandwich pepperoni turkey,0,Meat
sandwich thins wheat,0,Dish
sandwich wrap,0,Dish
sangrita,0,Beverage-Alcoholic
sara lee cake,0,Dish
sardine oil virgin olive,0,Plant Derivative
sardine olive oil,0,Plant Derivative
sargento authentic mexican cheese,1,Dairy
sargento chefstyle chipotle cheddar cheese,1,Dairy
sargento four cheese mexican,0,Dairy
sarsaparilla root,0,Spice
sashimi fish fillet salmon,0,Fish
sashimi grade ahi tuna,0,Fish
sashimi grade ahi tuna steak,0,Fish
sashimi grade fillet,0,Meat
sashimi grade yellowfin tuna,0,Fish
saskatoon berry blueberry,0,Fruit
sassafras leaf,0,Plant
sassafras root,0,Spice
satay peanut sauce,0,Condiment
satay peanut sauce coconut milk,1,Fruit
saturn peach,0,Fruit
sauce asian chili,1,Spice
sauce bay seasoning,0,Spice
sauce cayenne pepper,1,Vegetable
sauce chip,1,Additive
sauce habanero picante,1,Condiment
sauce heavy vinegar base,0,Additive
sauce jalapeno,0,Condiment
sauce louisiana ``,0,Condiment
sauce marinade,1,Condiment
sauce may,0,Additive
sauce optional,1,Additive
sauce pepper,0,Condiment
sauce red chili pepper flake,1,Additive
sauce red hot,0,Additive
sauce red pepper,0,Additive
sauce sriracha,0,Condiment
sauce taco,1,Condiment
sauerkraut rye bread,0,Bakery
sausage chorizo,1,Meat
sausage green pepper spaghetti sauce,0,Additive
sausage link bockwurst,0,Dish
sausage meatball,1,Dish
sausage oyster dressing,1,Dish
sausage patty,1,Dish
sausage patty jimmy dean,0,Dish
sausage pork,0,Meat
sausage ring,0,Dish
sausage spaghetti sauce,0,Condiment
sauterne white,1,Beverage-Alcoholic
sauvignon blanc,0,Beverage-Alcoholic
sauvignon wine red,0,Beverage-Alcoholic
sauza commemorative tequila,0,Beverage-Alcoholic
sauza commemorativo tequila,0,Beverage-Alcoholic
sauza hornitos tequila,0,Beverage-Alcoholic
sauza silver tequila,0,Beverage-Alcoholic
savioiardi biscuit,0,Bakery
savoiardi biscuit,0,Bakery
savory steak seasoning,0,Spice
savoy biscuit,0,Bakery
sazon complete seasoning,0,Spice
sazon completo,1,Spice
sazon completo seasoning,1,Spice
sazon goya cilantro,0,Spice
sazon goya coriander,0,Spice
sazon goya culantro con achiote,0,Spice
sazon goya fajita seasoning mix,1,Spice
sazon goya natural,0,Spice
sazon goya saffron,0,Spice
sazon goya seasoning salt,1,Additive
sazon goya seasoning salt yellow food coloring,0,Spice
sazon goya without annatto,1,Spice
sazon sin achiote,0,Condiment
sazon spice mix,1,Spice
scallion bulb,0,Herb
scallion oil,0,Herb
scallop shrimp,1,Seafood
scant oat flour,0,Cereal
scant spelt flour,0,Cereal
scant white sugar,0,Additive-Sugar
schilling italian seasoning,1,Herb
schmaltz chicken peanut oil,1,Plant
schmaltz vegetable oil,1,Plant Derivative
schwan multi grain bread,0,Bakery
schwan onion mushroom,0,Vegetable
schwan pierogi,0,Dish
schwartz italian seasoning,1,Herb
scone,0,Dish
scotch bonnet chile,1,Spice
scotch fillet,0,Meat
scotch finger biscuit,0,Bakery
scotch habanero chili,1,Vegetable
scotch whiskey glenlivet,0,Beverage-Alcoholic
scotch whiskey irish,0,Beverage-Alcoholic
scottish whiskey,0,Beverage-Alcoholic
scottziki sauce,0,Additive
scout mint,0,Herb
scungilli,0,Seafood
scwartz italian seasoning,1,Herb
sea,0,Additive-Salt
sea bass chunky fillet,0,Fish
sea bass halibut,0,Fish
sea cucumber,0,Vegetable
sea fillet,0,Fish
sea salt white pepper,0,Spice
seafood baby shrimp,0,Seafood
seafood mix,0,Seafood
seafood mussel,1,Seafood
seafood octopus,1,Seafood
seafood okra,0,Vegetable
seafood stock chicken,1,Meat
seafood stock clam juice,0,Beverage-Alcoholic
seagram whiskey,0,Beverage-Alcoholic
seapak coconut shrimp,0,Seafood
seapak shrimp scampi,0,Seafood
seasame oil,0,Additive
seasame seed oil,1,Essential Oil
season gourmet garlic salad dressing mix italian,0,Dish
season italian dressing balsamic vinegar olive oil,1,Plant Derivative
season italian dressing salad mix,0,Condiment
season italian seasoning,0,Herb
season salad dressing mix garlic,0,Dish
seasonal vegetable butternut squash carrot potato,0,Fruit
seasonal vegetable zucchini green bean cabbage mushroom,0,Cereal
seasoning broccoli seasoning,0,Flower
seasoning cube,1,Spice
seasoning from ramen noodle,0,Cereal
seasoning herb etc,0,Spice
seasoning italian salad dressing mix vinegar,0,Condiment
seasoning mccormick,0,Spice
seasoning paprika pepper,1,Spice
seasoning pepper,0,Spice
seasoning preference,1,Spice
seasoning rub,0,Spice
seasoning sazonador seasoning,0,Spice
seasoning soy sauce sugar,0,Condiment
seasoning worcestershire sauce,0,Condiment
seattle aioli,0,Dish
second dough,0,Cereal
secondary dashi,1,Dish
section gingerroot,0,Spice
seed choice,0,Spice
seed oil nut,0,Essential Oil
seed poppy optional,0,Spice
seed sesame,0,Cereal
select steak,0,Fish
selection seasonal fruit,0,Fruit
self rising soda bread flour,0,Cereal
semi de melone choice,0,Dish
semi white wine,0,Beverage-Alcoholic
semolina bread,0,Cereal
semolina meal,0,Cereal
senor gordon chili mix seasoning,0,Spice
serrano chile seed,0,Vegetable
serrano chill honey vinegar,0,Plant Derivative
serrano pepper adjust these remember that,0,Vegetable
serrano pepper chile,1,Vegetable
serrano pepper chili,0,Vegetable
serrano pepper extra hot,0,Vegetable
serrano pepper heat,0,Vegetable
serrano pepper jalapeno lengthwise,1,Spice
serrano pepper may,0,Vegetable
serrano pepper please not,0,Vegetable
serrano pepper red chili,0,Vegetable
serrano pepper seed removed,0,Vegetable
serrano rice wine vinegar,0,Additive-Vinegar
serranos optional,1,Additive
serranos red thai chile,0,Vegetable
serving cooking spray olive oil,0,Additive
serving suggestion red onion cilantro leaf lime juice,1,Dish
serving vegetable,0,Vegetable
serving wheat noodle,1,Cereal
sesame butter,0,Dish
sesame canola oil,1,Plant Derivative
sesame chili oil half,1,Essential Oil
sesame dressing,1,Condiment
sesame dressing kraft,0,Condiment
sesame kaiser,0,Cereal
sesame noodle,1,Cereal
sesame oil ``,1,Essential Oil
sesame oil be,1,Essential Oil
sesame oil black,1,Essential Oil
sesame oil black seed,0,Nuts and Seeds
sesame oil canola,1,Plant Derivative
sesame oil chicken,1,Essential Oil
sesame oil chili be,1,Essential Oil
sesame oil chinese hot,0,Essential Oil
sesame oil choice,0,Essential Oil
sesame oil dark,0,Essential Oil
sesame oil extra,0,Essential Oil
sesame oil optional seed,1,Cereal
sesame oil substitute olive,1,Plant Derivative
sesame oil t,0,Essential Oil
sesame paste water,1,Dish
sesame peanut oil,0,Essential Oil
sesame seed hamburger bun,0,Cereal
sesame seed oil vegetable,0,Plant Derivative
sesame snack,0,Dish
sesame surigoma,0,Cereal
seseme oil,1,Additive
sev flour,0,Cereal
shabu chili sauce,1,Condiment
shake bake pork coating mix,0,Meat
shake n bake pork,0,Meat
shallot gravy,0,Seafood
shallot salt,1,Additive
shallot vinaigrette,0,Seafood
shan noodle,1,Cereal
shanghai noodle egg,1,Meat
shanghai noodle water,0,Additive
shank ham,0,Meat
shaoxing wine balsamic vinegar,1,Plant Derivative
shaoxing wine chinese rice,1,Beverage-Alcoholic
sheep milk ricotta cheese,0,Dairy
sheep tongue,0,Meat
shelf stable gnocchi,0,Cereal
shell blue crab,0,Seafood
shell noodle,0,Cereal
shell prawn,2,Seafood
shell steak,0,Fish
shellfish stock,0,Dish
shelling bean,0,Legume
sherbet,0,Beverage
sherry lemon juice,0,Beverage
sherry vinaigrette,0,Beverage-Alcoholic
sherry vinegar balsamic,0,Additive-Vinegar
sherry vinegar red wine,0,Plant Derivative
shiitake mushroom black,0,Fungi
shiitake mushroom button,1,Fungi
shiitake mushroom chinese,0,Fungi
shiitake mushroom hate,1,Fungi
shiitake mushroom one accurately my measuring,0,Fungi
shiitake mushroom shitake water,1,Fungi
shiitake mushroom wild,0,Fungi
shiritaki noodle,0,Cereal
shishito pepper,0,Vegetable
shiso leaf choice,0,Herb
shiso leaf see pic,0,Herb
shitake stock,0,Dish
shoe peg corn,0,Maize
shoestring carrot vegetable,1,Vegetable
shoku pan bread,0,Bakery
shop taco sauce,0,Condiment
shortbread pie crust,0,Bakery
shortcake,0,Bakery
shortcrust pastry gluten,0,Cereal
shortcrust pastry savoury,0,Dish
shortdough pastry,0,Bakery
shot espresso,0,Beverage
shot mix,0,Dish
shot tequila,0,Beverage-Alcoholic
shoyu soy sauce,1,Condiment
shrimp bouillon,0,Dish
shrimp chicken breast,1,Meat
shrimp chip,0,Seafood
shrimp flavor ramen,1,Seafood
shrimp intact,1,Seafood
shrimp large,0,Seafood
shrimp leave tail,0,Seafood
shrimp mince,0,Seafood
shrimp optional,0,Seafood
shrimp powder,1,Seafood
shrimp salad,0,Seafood
shrimp sauce,0,Seafood
shrimp segment,0,Seafood
shrimp soup,0,Seafood
sichuan bean sauce,0,Condiment
sichuan chili flake,0,Spice
sichuan peppercorn oil,1,Plant Derivative
sichuan salt pepper,1,Spice
sicilian olive green variety,1,Plant
side pasta vegetable combination,0,Cereal
side rib,0,Herb
sierra mist,0,Beverage-Alcoholic
signature apple crumb muffin,0,Fruit
signature secret culinary thickener,0,Additive
silk soy coffee creamer,0,Plant Derivative
silver decorating candy,0,Additive
silver foil,0,Vegetable
silver hake,0,Vegetable
silver percent agave tequila,0,Beverage-Alcoholic
silver rum,0,Beverage-Alcoholic
silver tequila patron,0,Beverage-Alcoholic
silver tequila white,0,Beverage-Alcoholic
silver vark,0,Vegetable
simple beef mixture,0,Meat
simple syrup below,0,Additive
simple syrup mix equal water sugar,0,Plant Derivative
simple syrup optional,0,Additive
simple syrup sugar juice,0,Plant Derivative
simple syrup sugar water,0,Plant Derivative
simple wahoo,0,Additive
simplest tomato sauce ever,0,Condiment
sinamak,0,Additive
singapore noodle,0,Cereal
singhara flour,0,Cereal
single cream double,0,Dairy
single cream optional,1,Dairy
single malt,0,Beverage-Alcoholic
single malt scotch whisky,0,Beverage-Alcoholic
single pie pastry,0,Bakery
single strength beef broth,0,Meat
single trifle sponge cake,0,Bakery
sipa noodle,0,Cereal
siracha sauce,0,Additive
siracha sauce per carne asada,0,Additive
siriracha hot sauce,0,Additive
sirloin beef tip meat,0,Meat
sirloin grain,0,Meat
sirloin grill,0,Meat
sirloin meat chicke,0,Meat
sirloin steak beef be,0,Meat
sirloin steak filet mignon,0,Meat
sirloin steak gristle,0,Meat
sirloin steak one,0,Meat
sister cinnamon swirl bread,0,Bakery
skewer bamboo,1,Plant
skin almond,0,Nuts and Seeds
skin chicken breast half,1,Meat
skin duck breast half,0,Meat
skin pork shoulder roast,0,Meat
skin roast,0,Meat
skippy peanut butter,0,Additive
skirt,0,Meat
skirt steak carne asada,0,Meat
skor chip,0,Bakery
sl bread,0,Bakery
slab baby back pork rib,0,Meat
slab fish cake,0,Dish
slaw,0,Flower
slaw mix,0,Dish
slider bun,0,Bakery
slightly egg yolk,0,Meat
sloe,0,Beverage-Alcoholic
smart balance omega cooking oil,1,Additive
smith pie crust,0,Bakery
smokehouse almond,0,Nuts and Seeds
smokey horseradish sauce,0,Additive
smokies sausage hot dog,0,Dish
smoking vegetable oil,1,Plant Derivative
smoky ancho sauce,0,Condiment
smoky barbeque sauce,1,Condiment
smoky bbq sauce,0,Condiment
smoky seasoning,0,Spice
smoky tomato vinaigrette,1,Additive
smoky whiskey,0,Beverage-Alcoholic
smucker apricot preserve,0,Fruit
smucker no sugar,0,Additive
smucker simple delight chocolate coconut topping,0,Plant Derivative
smucker tart cherry preserve,0,Fruit
smuckers strawberry jam,0,Fruit
snack cracker,0,Bakery
snack mix,0,Dish
snail butter,0,Dairy
snail dozen,0,Seafood
snail hi,0,Seafood
snake gourd,0,Fruit
snap e tom tomato green chile mix,0,Spice
snapper fillet,1,Fish
sneaky chef make ahead white puree,0,Additive
snow pea crosswise,1,Legume
snow pea sprout shoot,0,Legume
snow pea sprout sunflower,0,Legume
soap flake,0,Spice
soba noodle buckwheat wheat spaghetti,0,Cereal
soba noodle hair pasta,0,Cereal
soba noodle ramen work great,0,Cereal
soba noodle vermicelli,0,Cereal
social tea biscuit graham wafer,0,Bakery
soda cracker breadcrumb,0,Bakery
sodapop up,0,Meat
sofrito sauce cilantro,1,Condiment
sofrito sauce onion,0,Condiment
sofrito sauce own,0,Condiment
sole total weight,0,Fish
solo brand filling,0,Dish
solo brand nut,0,Nuts and Seeds
solo fruit filling,0,Dish
somali sauce,1,Additive
some coriander,0,Herb
some italian seasoning,1,Herb
some kind meat italian,0,Meat
somerset red onion,0,Vegetable
sopes,0,Dish
soppressata italian salami,0,Fish
soppressata salami,0,Fish
sorbet,0,Dish
sorbet passionfruit,0,Fruit
sorghum syrup,0,Additive
sort fish,1,Fish
soul food seasoning,1,Spice
soup campbell beef broth bouillon,0,Meat
soup flavoring,0,Dish
soup ham,1,Meat
soup marrow,0,Dish
soup mix pearl barley,0,Beverage-Alcoholic
soup stock veggie,0,Dish
sourdough bread cube,0,Dish
sourdough bread grain,0,Dish
sourdough bread overnight,0,Dish
sourdough bread vienna,1,Dish
sourdough bread white,0,Bakery
sourdough cocktail bread,0,Dish
sourdough pretzel,0,Bakery
sourdough pretzel nugget,0,Bakery
sourdough rye bread,0,Dish
southern brown potato,0,Dish
southern comfort jack,0,Beverage-Alcoholic
southern cream pea,1,Legume
southern hash brown,0,Dish
southwest chipotle seasoning mix,0,Spice
southwest marinade seasoning,0,Spice
southwest sauce,0,Additive
southwest seasoning chef,0,Spice
southwest seasoning garlic powder,0,Herb
southwest seasoning mexican seasoning,0,Spice
southwest spicy seasoning,0,Spice
southwest vegetable,1,Vegetable
southwest vegetable corn,0,Maize
southwestern hash brown potato,0,Dish
southwestern vegetable,0,Vegetable
souvlaki marinade,1,Dish
souvlaki pita bread,0,Bakery
soy bean,0,Legume
soy braised pork belly,0,Meat
soy burger crumbles,0,Vegetable
soy chunk,0,Plant Derivative
soy flour breadcrumb,0,Plant Derivative
soy flour brown rice,0,Cereal
soy flour cracker crumb,0,Plant Derivative
soy ginger,0,Spice
soy ginger broth,0,Condiment
soy ginger salad dressing,0,Dish
soy grit,0,Cereal
soy ham,1,Meat
soy milk creamer,0,Plant Derivative
soy miso,0,Plant Derivative
soy nut,0,Nuts and Seeds
soy nut optional,0,Nuts and Seeds
soy protein flake,0,Plant Derivative
soy protein powder,0,Plant Derivative
soy vermicelli,0,Plant Derivative
soy yogurt coconut,0,Dairy
soya cream,0,Dairy
soya margarine,0,Additive
soyabean nugget,0,Plant Derivative
soybean chili paste,0,Plant Derivative
soybean paste market,0,Plant Derivative
soybean sauce,1,Additive
spaghetti cappelini,0,Cereal
spaghetti creamette,0,Cereal
spaghetti pasta,0,Cereal
spaghetti sauce basil,0,Condiment
spaghetti sauce beef,0,Condiment
spaghetti sauce choice,0,Condiment
spaghetti sauce extra,0,Condiment
spaghetti sauce garlic basil flavor,0,Condiment
spaghetti sauce home,0,Condiment
spaghetti sauce hunt traditional flavor,0,Condiment
spaghetti sauce italian sausage pepper pasta,0,Meat
spaghetti sauce marinara,0,Condiment
spaghetti sauce meat version,0,Condiment
spaghetti sauce mix ingredient,0,Condiment
spaghetti sauce monte green pepper mushroom,0,Condiment
spaghetti sauce more,0,Condiment
spaghetti sauce not chunky,0,Condiment
spaghetti sauce note below,0,Condiment
spaghetti sauce pepper,0,Condiment
spaghetti sauce seasoning,0,Condiment
spaghetti sauce sugar,0,Condiment
spaghetti squash lengthwise,0,Fruit
spaghetti wheat,0,Cereal
spaghettini hair pasta,0,Cereal
spanish alcaparrado,1,Vegetable
spanish blue cheese,0,Dairy
spanish chorizo hard mexican,1,Meat
spanish chorizo link,1,Meat
spanish chorizo sausage link,1,Meat
spanish cristianos y moro,0,Legume
spanish manzanilla olive,0,Plant
spanish marcona almond,0,Nuts and Seeds
spanish paella rice,1,Cereal
spanish piquillo pepper make,0,Spice
spanish red pepper,0,Vegetable Fruit
spanish red wine,0,Beverage-Alcoholic
spanish saffron,1,Spice
spanish salami,0,Fish
spanish serrano ham,0,Meat
spanish sparkling wine,0,Beverage-Alcoholic
sparerib apart,0,Meat
sparerib pork chop,0,Meat
sparkling apple juice,0,Fruit
sparkling lemonade,0,Beverage
sparkling mineral water,0,Beverage
sparkling orange soda,0,Fruit
sparkling rose wine,0,Beverage-Alcoholic
sparkling rose wine champagne,0,Beverage-Alcoholic
sparkling shiraz wine,0,Beverage-Alcoholic
sparkling wine champagne,0,Beverage-Alcoholic
sparkling wine prosecco,0,Beverage-Alcoholic
spatini spaghetti sauce mix,0,Condiment
spearmint decorative candy,0,Herb
spearmint herbal tea,0,Plant
special sauce,0,Additive
specialty soup substitute cream,0,Dairy
speculoos biscuit ginger cracker,0,Spice
spekulatius cookie crumb,0,Dish
spelt berry,0,Berry
spelt berry flour,0,Cereal
spelt farro,0,Cereal
spelt grain,0,Cereal
spelt natural bran,0,Cereal
spice chicken bouillon,1,Meat
spice eastern market,0,Spice
spice garlic powder,0,Herb
spice hot,0,Spice
spice indian chili powder,0,Spice
spice injection mixture,1,Spice
spice khmeli suneli,0,Spice
spice mixture,0,Spice
spice paprika masala optional,0,Spice
spice ratio cinnamon cardamon,0,Additive
spice seasoning mix,0,Spice
spice taco seasoning,1,Spice
spicey marinara sauce,0,Condiment
spicy barbecue sauce,1,Condiment
spicy bbq sauce,0,Additive
spicy bean dip,0,Additive
spicy bean jalapeno,0,Spice
spicy bean paste,1,Additive
spicy beef flavor ramen noodle,0,Cereal
spicy black bean sauce,0,Condiment
spicy bloody mary mix,0,Beverage
spicy bratwurst,0,Dish
spicy brown bean sauce,0,Condiment
spicy bulk breakfast sausage,1,Meat
spicy cabbage kimchi,0,Vegetable
spicy cajun pasta sauce,1,Additive
spicy cheese,0,Dairy
spicy chili pepper flake,0,Spice
spicy chip,1,Bakery
spicy chipotle beef burrito taco,0,Meat
spicy chunky salsa,0,Condiment
spicy clamato juice,1,Vegetable
spicy corn chip,0,Bakery
spicy cucumber relish,0,Gourd
spicy curry powder,1,Spice
spicy curry sauce,0,Condiment
spicy dip,0,Condiment
spicy habanero jelly,0,Additive
spicy italian pasta sauce,0,Additive
spicy italian salami,0,Meat
spicy italian seasoning,0,Herb
spicy italian soy sausage,0,Meat
spicy italian turkey,0,Meat
spicy italian turkey sausage,1,Meat
spicy italian vegetarian sausage,0,Meat
spicy lentil,0,Legume
spicy marinara sauce own,0,Condiment
spicy mccormick,0,Condiment
spicy nacho doritos,0,Condiment
spicy oil chili be,0,Plant Derivative
spicy pasta sauce,0,Additive
spicy peanut,0,Nuts and Seeds
spicy peanut dipping sauce,0,Nuts and Seeds
spicy pesto,0,Herb
spicy red chile pepper,0,Vegetable
spicy red chili powder,0,Spice
spicy rice cereal,1,Cereal
spicy salad dressing,0,Dish
spicy salad seasoning,0,Spice
spicy salsa verde,0,Condiment
spicy sausage dean,0,Dish
spicy sausage hamburger,0,Dish
spicy sausage italian,0,Meat
spicy sausage link,1,Dish
spicy seafood sauce,0,Condiment
spicy seasoning,0,Spice
spicy seasoning mix salt,0,Spice
spicy shake n bake,0,Meat
spicy spaghetti sauce classico,0,Condiment
spicy spaghetti seasoning,1,Spice
spicy szechuan oil,1,Plant Derivative
spicy taco sauce,0,Condiment
spicy tempeh,0,Plant
spicy teriyaki sauce,1,Condiment
spicy thai kettle chip,0,Bakery
spicy tomato,0,Vegetable
spicy tomato soup,0,Dish
spike seasoning purpose seasoning,0,Spice
spike seasoning seasoning,0,Spice
spinach cheese tortellini,0,Dish
spinach cheese tortellini buitoni,0,Dish
spinach farfalle pasta,0,Cereal
spinach lasagna noodle,0,Cereal
spinach leaf basil,0,Herb
spinach leaf chicken,1,Vegetable
spinach leaf liquid,0,Vegetable
spinach leaf out,1,Vegetable
spinach leaf torn,0,Vegetable
spinach pasta dough,0,Vegetable
spinach ravioli,0,Vegetable
spinach ricotta tortellini barilla,0,Vegetable
spinach rotini pasta,0,Cereal
spiny lobster tail,0,Seafood
spiral noodle,0,Cereal
spiral veggie pasta,0,Cereal
splash grenadine,0,Beverage
splash tequila,0,Beverage-Alcoholic
splenda,0,Vegetable
sponge cake base,0,Bakery
sponge cake lemon,0,Bakery
spoon roast,0,Meat
spot prawn,0,Seafood
spray varnish,0,Additive
spread vanilla frosting,0,Condiment
spreadable cheese herb,0,Dairy
spreadable herb cheese,0,Dairy
spreadable pork,0,Meat
sprig bay leaf,0,Plant
sprig cilantro,1,Herb
sprig lavender flower,0,Flower
sprig lemon,0,Fruit
sprig mint,0,Herb
sprig salad burnet,0,Dish
sprig thyme,1,Herb
spring baby artichoke,0,Flower
spring cabbage,0,Vegetable
spring chicken,1,Meat
spring green baby leek,0,Vegetable
spring lettuce mix,1,Vegetable
spring mix salad green,0,Vegetable
spring onion green,0,Herb
spring pastry dough,1,Bakery
spring vegetable soup mix,0,Dish
spring vidalia onion,0,Herb
spring wrapper not egg,0,Meat
sprout clover,0,Vegetable
sprout e,0,Legume
sprout optional,0,Legume
square banana leaf,0,Fruit
square bean,0,Legume
square bread wheat,0,Bakery
square egg wrap,1,Meat
square noodle,0,Cereal
square pot pie noodle,1,Cereal
square shortbread cooky,0,Dish
squash baby food,1,Dish
squash baby food carrot,0,Vegetable
squash puree,0,Fruit
squash seed,1,Nuts and Seeds
squeeze lemon juice,0,Beverage
squeeze orange juice,0,Fruit
squid meat,0,Seafood
squirt italian salad dressing,1,Condiment
sriracha asian garlic sauce chili oil,1,Additive
sriracha garlic red chile paste,1,Additive
sriracha pepper sauce,0,Condiment
sriracha spicy chili garlic sauce,0,Additive
ssamjang,0,Condiment
ssamjang dipping sauce,0,Additive
stack saltine cracker,1,Bakery
stadium bratwurst,0,Dish
standing rib roast ask butcher,0,Meat
star balsamic vinegar,0,Additive-Vinegar
star caper,0,Fruit
star extra virgin olive oil,0,Plant Derivative
star garlic red wine vinegar,0,Beverage-Alcoholic
star pasta,1,Cereal
star spanish olive,0,Plant
starbucks coffee liqueur,0,Beverage-Alcoholic
starbucks espresso,0,Beverage
starbucks french roast,0,Beverage Caffeinated
stash brand licorice spice herbal tea,0,Plant
steak be,1,Fish
steak beef,0,Meat
steak blade,1,Fish
steak chicken successfully,1,Meat
steak chuck roast,0,Dish
steak french fry,1,Dish
steak kamto,0,Fish
steak lengthwise grain,1,Meat
steak meat instead,0,Fish
steak meat mallet heavy,0,Fish
steak moroccan spice,0,Spice
steak mushroom,0,Fungi
steak rib eye,0,Meat
steak salt pepper,0,Spice
steak seasoning beef stock cube,0,Meat
steak sirloin,0,Meat
steak soy sauce,1,Condiment
steak strip,0,Fish
steak tenderloin,0,Meat
steak total,0,Fish
steak tri tip,0,Meat
steak ums,0,Fish
steak usually,0,Fish
steakhouse lite ranch sauce optional,0,Condiment
steam chinese noodle,1,Cereal
steamer pea pod,0,Legume
stella doro almond toast cooky,0,Nuts and Seeds
stella doro anisette toast,0,Spice
stem chive edible flower,0,Flower
stem ginger,0,Spice
stem lettuce,1,Vegetable
stevia extract,0,Vegetable
stevia truvia,0,Vegetable
stew hard vegetable,1,Vegetable
stew meat beef shank,0,Meat
stew meat half beef pork,1,Meat
stew meat mix,0,Meat
stew meat onion green pepper c,0,Vegetable
stew meat salt pepper,0,Spice
stew meat stock,0,Meat
stew seasoning,0,Spice
stew vegetable broccoli,0,Vegetable
stewing fowl,1,Meat
stewing mutton,0,Meat
stewing pork,1,Meat
stewing steak,0,Fish
stiff whipping cream,0,Dairy
stir fry,0,Dish
stir fry baby corn,1,Maize
stir fry ingredient,0,Vegetable
stir fry noodle,0,Cereal
stir fry rice noodle peanut,1,Cereal
stir garlic sauce,0,Additive
stir meat,0,Meat
stir pea,1,Legume
stir pepper,1,Spice
stir water chestnut mushroom,0,Vegetable
stirfry vegetable,1,Vegetable
stock beef cube,0,Meat
stock boullion,0,Dish
stock chicken cube salt,1,Meat
stock chicken rabbit,1,Meat
stock cube chicken powder,1,Meat
stock cube vegan version,0,Meat
stock dashi,0,Dish
stock do n't,0,Dish
stock extra,0,Dish
stock fish,0,Fish
stock not vegetarian,0,Dish
stock tomato soup,0,Dish
stock vegetable chicken,1,Meat
stock wonton powder base,0,Meat
stokes green chile sauce pork,1,Dish
stolichnaya raspberry vodka,0,Beverage-Alcoholic
stone crab claw,1,Seafood
stone white cornmeal,0,Maize
stoofvlees seasoning,0,Spice
storebought mole woolfe,1,Condiment
storebought potato gnocchi,0,Dish
stouffer beef kept,0,Meat
stove chicken flavor mix,1,Meat
stove turkey mix,0,Meat
straight wok noodle,0,Cereal
strap licorice,0,Spice
strawberry applesauce,0,Fruit
strawberry banana greek yogurt,0,Dairy
strawberry compote,0,Dish
strawberry custard,0,Dish
strawberry daiquiri mix,0,Fruit
strawberry flavoring banana,0,Fruit
strawberry freezer jam,0,Fruit
strawberry fruit,0,Fruit
strawberry fruit preserve raspberry,0,Fruit
strawberry fruit raspberry,0,Fruit
strawberry ice cream topping sauce,0,Dish
strawberry jam glaze,0,Fruit
strawberry jam jelly,0,Fruit
strawberry jam preserve,0,Fruit
strawberry lengthwise,0,Fruit
strawberry margarita mix,0,Dish
strawberry nectar,0,Fruit
strawberry pie filling,0,Dish
strawberry pineapple salsa,0,Condiment
strawberry red licorice,0,Fruit
strawberry sorbet,0,Fruit
strawberry tomato,0,Vegetable
strawberry vodka,0,Beverage-Alcoholic
strawberry wine,0,Fruit
strip green bell pepper,0,Vegetable Fruit
strip leave,0,Meat
strip rutabaga,0,Vegetable
struesel topping,0,Dish
stuffing mix bread,0,Bakery
stuffing mix bread crumb,1,Bakery
stuffing mix garlic,1,Bakery
stuffing mix sage onion,0,Vegetable
stuffing mushroom,0,Fungi
sturdy cookie pop,0,Bakery
sturdy pumpkin bread,0,Fruit
sturdy rustic bread chunk,0,Bakery
su seasoning,0,Spice
suash seed,1,Spice
sub bun,0,Bakery
sub french bread,0,Bakery
sub italian bread,0,Bakery
submarine lengthwise,0,Gourd
submarine sandwich bread,0,Bakery
submarine sandwich bun,0,Bakery
substitute canola oil,0,Plant Derivative
substitute cinnamon almond,0,Additive
substitute mackerel,0,Fish
substitute vegetable oil,0,Plant Derivative
sufficient oil,1,Additive
sugar baby carrot,0,Vegetable
sugar bean salt,0,Legume
sugar butternut,0,Additive
sugar butternut squash,1,Fruit
sugar butterscotch pudding,0,Dish
sugar cake,0,Additive
sugar candy,0,Additive
sugar chai latte mix,0,Additive
sugar cherry gelatin,0,Additive
sugar chocolate,0,Additive
sugar chocolate cake mix,0,Dish
sugar chunky peanut butter,0,Additive
sugar cookie,0,Additive
sugar cooky,0,Additive
sugar crystal orange,0,Additive-Sugar
sugar cure,0,Additive
sugar custard,0,Additive
sugar edible flower,0,Flower
sugar french vanilla coffee,0,Additive-Sugar
sugar french vanilla pudding pie filling mix,0,Dish
sugar fruit preserve,0,Fruit
sugar ginger ale,0,Beverage-Alcoholic
sugar grape jelly,1,Fruit
sugar green,0,Additive
sugar honey,0,Additive
sugar jam peanut butter,0,Additive
sugar lemon jell o powder,0,Essential Oil
sugar lime gelatin,0,Additive
sugar loaf,0,Additive
sugar marzipan carrot,0,Additive
sugar ok,1,Additive
sugar orange beverage,0,Additive-Sugar
sugar orange jello,0,Additive-Sugar
sugar organic apple juice,0,Fruit
sugar pancake syrup,1,Plant Derivative
sugar pastry dough,0,Bakery
sugar pea pod,0,Legume
sugar peach gelatin mix,0,Additive
sugar pearl cube,0,Additive
sugar pectin,0,Additive
sugar peppermint mini candy,0,Additive
sugar pineapple juice,1,Beverage
sugar pink,0,Additive
sugar pistachio pudding mix,0,Dish
sugar pumpkin puree,0,Fruit
sugar raspberry jam,0,Fruit
sugar salsa,0,Additive
sugar spaghetti sauce,0,Condiment
sugar spice nut,0,Nuts and Seeds
sugar splenda,0,Vegetable
sugar strawberry,0,Additive
sugar strawberry gelatin,0,Additive
sugar strawberry ice cream topping,0,Dish
sugar strawberry preserve,0,Fruit
sugar syrup butterworth,0,Plant Derivative
sugar syrup not,0,Plant Derivative
sugar syrup torani,0,Plant Derivative
sugar tea mix lemon,0,Dish
sugar teriyaki sauce,1,Condiment
sugar twin,0,Additive
sugar vanilla ice cream,0,Dish
sugar vanilla syrup davinci,0,Plant Derivative
sugar white cake mix,0,Dish
sugar white chocolate pudding mix,0,Dish
sugar yellow cake mix,0,Dish
sukiyaki ingredient,0,Meat
sultana natural bran,1,Fruit
summer,0,Herb
summer savory chubritsa,0,Herb
summer squash corn carrot,0,Fruit
summer squash crosswise,1,Fruit
summer squash zucchini yellow,0,Fruit
sun cherry,0,Fruit
sun italy italian seasoning,0,Herb
sun luck chili garlic sauce,0,Condiment
sun pasta sauce,0,Additive
sun tomato italian herb,1,Herb
sun tomato kalamata olive tapenade,0,Dish
sun tomato oregano salad dressing,0,Dish
sun tomato tortilla,0,Dish
sunday gravy,0,Dish
sunday gravy meatball,0,Dish
sunfloer oil,0,Additive
sunflower kernel,0,Plant Derivative
sunflower oil butter,1,Plant Derivative
sunflower oil canola,1,Plant Derivative
sunflower oil chicken meat,1,Meat
sunflower oil choice,0,Plant Derivative
sunflower oil cooking,0,Additive
sunflower oil corn,1,Maize
sunflower oil olive mayo,0,Plant Derivative
sunflower oil pork,0,Plant Derivative
sunflower seed butter nutella,0,Plant Derivative
sunflower seed kernel,0,Nuts and Seeds
sunflower sesame butter,0,Dish
sunflwer oil,0,Additive
sunfower oil,0,Additive
sunny delight orange,0,Fruit
super corn,0,Maize
super gelling sugar,0,Additive-Sugar
super moist french vanilla cake mix,0,Dish
super moist white cake mix,0,Dish
super stuffer taco shell,0,Bakery
super white corn,1,Maize
superfine sugar green,0,Additive-Sugar
superfine sugar optional,0,Additive-Sugar
supermarket italian bread,0,Bakery
supreme seasoning,1,Spice
suran yam,0,Vegetable
sushi ginger,0,Spice
sushi grade ahi tuna,0,Fish
sushi grade tuna,0,Fish
sushi rice seasoning,1,Spice
sushi seasoning,0,Spice
swai fillet,0,Fish
swanson beef onion broth,0,Meat
swanson beef stock,0,Meat
swanson vegetable broth,0,Dish
swanson vegetable broth boost,0,Dish
swedish arrack punsch,0,Beverage-Alcoholic
swedish brown bean,0,Legume
swedish fish candy,0,Fish
swedish meatball crosswise,0,Dish
sweetener,0,Vegetable
swimming crab,0,Seafood
swiss,0,Dairy
swiss brown mushroom,1,Fungi
swiss chard rib,0,Vegetable
swiss chard together,0,Vegetable
swiss chocolate cake mix devil food,0,Dish
swiss miss mix,0,Dairy
swiss provolone cheese mix,0,Dairy
swiss steak,0,Fish
syrian cheese,0,Dairy
syrup corn,0,Maize
syrup fig,1,Plant Derivative
syrup juice,0,Plant Derivative
syrup monin,0,Plant Derivative
syrup olive garden italian flavor,0,Plant Derivative
sysco ham soup base,0,Meat
szechuan chili paste,0,Plant Derivative
szechuan peppercorn black pepper,0,Spice
szechuan peppercorn oil,0,Plant Derivative
szechuan sauce chili paste,0,Condiment
szechuan seasoning,0,Spice
szechuan seasoning peppercorn 'm content va,1,Spice
szechuan seasoning spicy,1,Spice
szechuan spicy bean paste,1,Additive
szechuan stir fry sauce,0,Additive
szechwan,0,Spice
szechwan bean sauce,0,Additive
szechwan chili paste garlic,1,Plant Derivative
szechwan peanut sauce,1,Nuts and Seeds
szechwan peppercorn,0,Spice
szechwan seasoning,0,Spice
szechwan seasoning chili pepper,0,Spice
szechwan stir fry sauce,0,Additive
szechwan vegetable,1,Vegetable
t bloody mary mix,0,Spice
t steak,0,Fish
tabasco brand chipolte pepper sauce,0,Condiment
tabasco garlic pepper sauce,0,Condiment
tabbouleh salad mix,0,Dish
tabil,0,Spice
tabil see,0,Spice
tabil traditional tunisian spice mix,0,Spice
table cream milk cheese,0,Dairy
table cream sub whipping,0,Dairy
table seasoning,1,Spice
taco beef,0,Meat
taco bell,0,Dish
taco bell bean,0,Condiment
taco bell fajita seasoning mix,0,Spice
taco bell home kit,0,Dish
taco dinner kit,0,Dish
taco filling,0,Vegetable
taco flavor doritos,0,Dish
taco matter,0,Dish
taco meat beef,0,Meat
taco meat filling,0,Meat
taco salad shell,0,Bakery
taco sauce chicken,1,Condiment
taco sauce heat,0,Condiment
taco sauce heat ness,0,Condiment
taco sauce red,1,Condiment
taco sauce red enchilada,1,Condiment
taco sauce salsa,0,Condiment
taco sauce seasoning,0,Additive
taco seasoning bell,0,Spice
taco seasoning bulk seasoning,0,Spice
taco seasoning chili,1,Spice
taco seasoning chili powder,1,Spice
taco seasoning choice,1,Spice
taco seasoning enchilada seasoning,1,Spice
taco seasoning fajita seasoning mix,0,Spice
taco seasoning hot spicy bean,0,Spice
taco seasoning mexicasa,0,Spice
taco seasoning mix below,1,Spice
taco seasoning mix chili seasoning,0,Spice
taco seasoning mix el paso,0,Spice
taco seasoning mix garlic powder,0,Spice
taco seasoning mix meat,0,Spice
taco seasoning mix paprika powder chilli enchilada seasoning tsp powd,0,Spice
taco seasoning mix pkgs,0,Spice
taco seasoning mix salt,0,Spice
taco seasoning mix water,0,Spice
taco seasoning southwest seasoning,0,Spice
taco seasoning spice,1,Spice
taco seasoning variety mccormick,0,Spice
taco shell yellow corn,0,Maize
taco soup seasoning,1,Spice
taco wheat tortilla,0,Bakery
tagine,0,Dish
tagine spice,1,Spice
tagliatelle pasta,0,Cereal
tahini paste adjust,0,Dish
tahini paste sesame,0,Dish
tahini paste sesame seed,1,Dish
tahini sesame butter,0,Dish
tail intact,0,Seafood
tail off shrimp,0,Seafood
talapia fillet,0,Fish
tallow lard,0,Meat
tamale each,1,Dish
tamale filling,0,Meat
tamale pork,1,Meat
tamale pork n't matter,0,Meat
tamari teriyaki sauce,0,Condiment
tamarind nectar,0,Fruit
tamarind pumpkin seed,0,Nuts and Seeds
tamarind puree,0,Vegetable
tamarind sauce,0,Additive
tamarind syrup,0,Plant Derivative
tamarindo juice,0,Beverage
tandoori seasoning,0,Spice
tang orange drink,0,Fruit
tang orange drink mix,0,Dish
tangelo,0,Fruit
tangelo zest,0,Fruit
tangerine each,0,Fruit
tangerine juice concentrate,0,Beverage
tangerine peel orange,0,Fruit
tangy goat cheese chevre,0,Dairy
tangy green dill relish,0,Herb
tangy tomatillo sauce,0,Condiment
tanqueray london gin,0,Beverage-Alcoholic
tao red chili honey,0,Vegetable
tapenade black green,0,Vegetable
tapioca root,0,Vegetable
tapitio sauce,0,Additive
tapoica starch,0,Vegetable
tarantula azul margarita mix,0,Dish
tarantula azul tequila,0,Beverage-Alcoholic
tarka,0,Legume
taro,0,Herb
taro root leaf,0,Herb
taro yam,1,Vegetable
tarragon dijon mustard,0,Condiment
tarragon white wine vinegar,0,Additive-Vinegar
tart cherry pie,0,Fruit
tart crust pasta frolla,0,Cereal
tart dessert apple,0,Fruit
tart french cornichons,0,Gourd
tart jelly,0,Fruit
tart pastry dough,0,Bakery
tart shell crust,0,Bakery
tartar sauce optional,0,Condiment
tartaric acid,0,Spice
tartaric citric acid,0,Spice
tasmanian pepper berry pink peppercorn,0,Spice
taste spicy peanut salad dressing mix,1,Dish
tasting oil crisco,0,Additive
tasting pork,1,Meat
tasting pork vegetable oil,1,Plant Derivative
taucho black bean sauce soy,0,Condiment
tauco yellow bean,1,Legume
tawny port white,1,Beverage-Alcoholic
tb oil,0,Additive
tbsp kamut flour,0,Cereal
tbsp oil,0,Additive
tbsp rawspicebar pumpkin spice,0,Spice
tbsps gemini sunflower oil,0,Plant Derivative
tbsps peanut oil,1,Plant
tea biscuit dough,0,Dish
tea cake,0,Plant
tea cake mix,0,Dish
tea green,0,Beverage
tea leaf earl gray,0,Beverage
tea masala spice,0,Spice
tea tree essential oil,0,Additive
teff,0,Herb
telera french bread,1,Bakery
tempura batter frying mix,0,Dish
tempura dipping sauce,0,Condiment
tempura mix vegan,0,Dish
ten percent cream,0,Dairy
tender baby spinach,0,Vegetable
tender borage leaf edible flower,0,Flower
tender coconut,0,Beverage
tender coconut water,1,Fruit
tender fennel shoot edible flower,0,Flower
tender green bean,0,Cereal
tender okra pod,0,Vegetable
tender salad green,0,Vegetable
tender yam,0,Vegetable
tenkasu,0,Dish
tequila agave loco pepper,0,Spice
tequila amount,0,Beverage-Alcoholic
tequila apple juice,1,Fruit
tequila cuervo white,0,Bakery
tequila limeade,0,Beverage-Alcoholic
tequila make,0,Beverage-Alcoholic
tequila reposado,0,Beverage-Alcoholic
tequila revolucion,0,Beverage-Alcoholic
tequila rose liqueur,0,Beverage-Alcoholic
tequila suggest,0,Beverage-Alcoholic
teriyaki,0,Condiment
teriyaki baste glaze,0,Dish
teriyaki baste sauce,0,Condiment
teriyaki glaze,0,Dish
teriyaki sauce peanut,0,Condiment
terra chip vegetable,1,Bakery
tex mex cheddar cheese,0,Dairy
tex mex sauce,0,Additive
tex mex vegetable corn black bean pepper,1,Condiment
tex tomato,0,Vegetable
texas cheese toast,1,Dish
texas chili,0,Spice
texas chili seasoning mix,0,Spice
texas garlic toast,1,Bakery
texas pete,0,Additive
texas pete pepper sauce,1,Condiment
texas pete sauce frank red,0,Additive
texas sauce,0,Additive
texas toast,0,Bakery
texas toast bread crumbly,0,Bakery
texas toast bread french,0,Bakery
texture white bread,0,Bakery
thai bird chile,1,Vegetable
thai bird chile jalapeno,0,Vegetable
thai bird chile pepper,1,Vegetable
thai bird chili,0,Condiment
thai bird eye chile pepper,0,Vegetable
thai bird eye chili my,1,Vegetable
thai black bean sauce,1,Condiment
thai burger,0,Dish
thai chicken broth,1,Meat
thai chile chili paste,1,Condiment
thai chile crosswise,0,Vegetable
thai chile flake,0,Vegetable
thai chile jalapeno,0,Spice
thai chile jalapeno pepper,0,Spice
thai chile pepper boonie,0,Vegetable
thai chile red,1,Vegetable
thai chile red jalapeno,1,Spice
thai chile red pepper flake,0,Vegetable
thai chile serrano,0,Vegetable
thai chile serrano habanina chilli,0,Vegetable
thai chile two jalapeno,1,Spice
thai chili,0,Condiment
thai chili mayonnaise,0,Condiment
thai chili paste garlic sauce,1,Additive
thai chili paste red,1,Condiment
thai chili pepper,0,Vegetable
thai chili sauce red pepper,0,Additive
thai chili tuna,0,Condiment
thai chilli jam,1,Herb
thai coconut curry broth,0,Meat
thai coconut vinegar,0,Additive-Vinegar
thai curry sauce,0,Condiment
thai demon relish,0,Vegetable
thai dipping sauce,0,Additive
thai flat rice noodle,1,Cereal
thai garlic red chile paste,1,Condiment
thai glutinous rice,0,Cereal
thai grain jasmine rice,0,Cereal
thai green chili lengthwise,0,Spice
thai green curry sauce,0,Condiment
thai jalapeno pepper,0,Spice
thai lime dipping sauce,0,Additive
thai noodle,0,Cereal
thai oil,0,Additive
thai peanut sauce choice,0,Nuts and Seeds
thai pepper jalapeno,0,Spice
thai pepper serrano,0,Vegetable
thai red chile paste,1,Condiment
thai red chili pepper arbol chile,0,Vegetable
thai red chili pepper chilies,0,Vegetable
thai red chili pepper flake,1,Vegetable
thai red chili pepper serrano,1,Vegetable
thai red pepper sauce,0,Additive
thai rice noodle not,1,Cereal
thai rice vermicelli,0,Cereal
thai sauce sriracha,1,Condiment
thai seasoning sesame seed red pepper onion garlic,1,Spice
thai serrano chile,0,Vegetable
thai spice,1,Spice
thai tea mix,0,Beverage
thai white peppercorn,0,Spice
thai yellow bean sauce,0,Additive
thassos olive,0,Plant
that meat,0,Meat
thermomix pizza dough,0,Bakery
thickly bread,1,Bakery
thompson raisin,0,Fruit
thoor dhal yellow pea,0,Legume
thousand cake decoration,0,Dish
thread egg noodle,0,Meat
threadfin fish per person,0,Fish
thum garlic sauce,1,Additive
thumb red pepper,0,Vegetable Fruit
tia liqueur,0,Beverage-Alcoholic
tianmianjiang,1,Additive
tic toc biscuit,0,Bakery
tiger nut,0,Nuts and Seeds
tightly cilantro,0,Herb
tikka masala sauce,0,Additive
tikka powder,1,Spice
tilapia fillet haddock,0,Fish
tilapia fillet red snapper,0,Fish
tilapia fillet total,0,Fish
tilapia fillet white fish,0,Fish
tilsit cheese,0,Dairy
time lemonade,0,Beverage
time lemonade mix,0,Beverage
toast melba,0,Bakery
toast white bread,0,Bakery
tobiko fish roe,0,Fish
toblerone chocolate bar milk,0,Plant
toblerone milk chocolate,0,Beverage
toenjang,0,Condiment
toffee baking bit,0,Plant Derivative
toffeepop cooky,0,Plant Derivative
tofu crumbles,0,Plant Derivative
tofu patty,0,Plant Derivative
tofurky hot dog,0,Dish
togarashi spice powder,1,Spice
tolberone chocolate candy bar,0,Plant Derivative
toll chocolate morsel,0,Plant Derivative
tom jerry mix,0,Beverage
tom kha paste,1,Condiment
tom yam broth cube,0,Vegetable
tomatillo finely,0,Vegetable
tomatillo green,0,Vegetable
tomatillo salmon meal,0,Fish
tomatillo sauce,0,Additive
tomatillo tomato,0,Vegetable
tomatillo total,0,Vegetable
tomato alfredo sauce,1,Condiment
tomato bacon pasta sauce,0,Additive
tomato balsamic vinegar basil,0,Additive-Vinegar
tomato balsamic vinegar olive oil,0,Plant Derivative
tomato base barbecue sauce,0,Additive
tomato base chili sauce,0,Additive
tomato basil hummus,0,Vegetable
tomato basil pasta sauce glen,0,Additive
tomato basil pasta sauce oregano,0,Additive
tomato basil soup mix,0,Dish
tomato basil spaghetti sauce,0,Additive
tomato bouillon chicken flavor cube,1,Meat
tomato bouillon chicken flavor tomate,1,Meat
tomato celery,0,Vegetable
tomato chile,0,Spice
tomato chili pasta sauce,1,Additive
tomato chipotle,0,Condiment
tomato cocktail juice,0,Beverage-Alcoholic
tomato concasse see,0,Vegetable
tomato consomme,0,Vegetable
tomato cream cheese,0,Dairy
tomato cream sauce,1,Condiment
tomato curry seasoning,0,Vegetable
tomato garlic pasta sauce,0,Additive
tomato garlic polenta,1,Herb
tomato guacamole,0,Vegetable
tomato half,0,Fruit
tomato herb pasta sauce,0,Additive
tomato including juice,0,Vegetable
tomato marzano,0,Vegetable
tomato olive,1,Plant Derivative
tomato olive basil rub,0,Vegetable
tomato onion green pepper,0,Vegetable
tomato onion pasta sauce,0,Additive
tomato paste basil garlic oregano,0,Spice
tomato paste garlic,0,Vegetable
tomato paste italian herb,0,Condiment
tomato pepper sauce,0,Condiment
tomato pizza sauce,0,Condiment
tomato pizza sauce garlic,0,Condiment
tomato polenta,0,Vegetable
tomato sauce onion,0,Condiment
tomato sauce red pepper,0,Additive
tomato soup basil,0,Dish
tomato soup bit,0,Dish
tomato soup calorie,0,Dish
tomato soup garlic herb,0,Dish
tomato tortilla,0,Bakery
tomato vegetable soup mix,0,Dish
tomato vinaigrette,1,Additive
tomato vine,0,Vegetable
tomato water,0,Condiment
tomatoe pasta sauce,0,Additive
tone beef base,0,Meat
tone buttermilk salad dressing mix ranch,0,Dish
tone chipotle chili seasoning,0,Spice
tony cachere brown gravy mix,0,Dish
tony chacere seasoning,1,Spice
tony chachere cajun seasoning,0,Plant Derivative
tony s pizza dough,1,Bakery
too gourmet time stawberry lemonade mix,0,Beverage
toor dal yellow pigeon lentil,0,Legume
toor dal yellow pigeon pea,0,Condiment
toor mung dal,0,Legume
toovar dal,0,Legume
toovar dal yellow lentil,0,Legume
topping see cream,0,Additive
topside roast,0,Meat
torani mango syrup,1,Plant Derivative
torani sugar caramel syrup,0,Plant Derivative
torani sugar chocolate syrup,0,Plant Derivative
torani sugar coconut syrup,0,Plant Derivative
torani sugar vanilla syrup,0,Plant Derivative
torani syrup,0,Plant Derivative
torn baby spinach,0,Vegetable
torn bread,0,Bakery
torn chink white bread,0,Bakery
torn cilantro leaf,0,Herb
torn dandelion green,0,Vegetable
torn european salad green making,1,Dish
torn kale leaf,1,Vegetable
torn radicchio,0,Vegetable
torn red leaf lettuce,0,Vegetable
torn romaine lettuce leaf,0,Vegetable
torn up bread,0,Bakery
torres orange liqueur,0,Beverage-Alcoholic
torta bread,0,Bakery
tortellini cheese chicken one,1,Dish
tortellini egg,0,Meat
tortellini meat result,1,Meat
tortellini ravioli,0,Cereal
tortiglioni pasta,0,Cereal
tortilla bowl,0,Dish
tortilla chip crumb,1,Bakery
tortilla corn chip,1,Bakery
tortilla crisp,0,Bakery
tortilla wrap,0,Bakery
tortillia chip,0,Bakery
tostada cracker,0,Bakery
tostito creamy salsa,1,Condiment
tostito nacho chip,0,Dish
tostitos cheese dip,0,Dairy
tostitos corn chip,1,Maize
tostitos monterey jack queso dip,0,Dairy
tostitos spicy queso supreme,0,Dairy
tostitos tortilla chip,1,Bakery
tournedos beef filet mignon,0,Meat
traditional enchilada sauce,1,Condiment
traditional french green garlic butter pastis,0,Dairy
traditional marinara sauce,0,Condiment
traditional pizza dough below,1,Bakery
traditional prego spaghetti sauce,0,Condiment
traditional spaghetti sauce,0,Condiment
traditional turkish delight,0,Beverage
trail mix,0,Dish
trappey jalapeno most important ingredient,0,Spice
tri cheese tortellini,0,Bakery
tri color cheese tortellini,0,Bakery
tri color rotini noodle,0,Cereal
tri corkscrew macaroni,1,Cereal
tri rotini pasta,0,Cereal
tri spiral pasta,0,Cereal
tri tortellini,0,Bakery
tricolor fusilli,1,Cereal
tricolor tortellini,0,Bakery
trident baby corn,0,Maize
trident rice vermicelli,0,Cereal
trim beef rib eye roast,0,Meat
trimming include lettuce onion,0,Dish
triple fruit apricot jam,0,Fruit
triple fruit wildberry jam,0,Fruit
triple succotash,0,Maize
triscuit cracker,0,Bakery
tropical fruit juice,0,Fruit
tropical fruit pineapple,0,Beverage
tropical liqueur,0,Beverage-Alcoholic
tropical pepper green jalapeno sauce,0,Additive
tropical schnapps,0,Beverage-Alcoholic
tropical trail mix banana chip,0,Fruit
trout each,0,Fish
truffle butter,0,Dairy
truffle butter white,0,Additive
truffle oil black,0,Plant
tsbpn rice wine vinegar,0,Additive-Vinegar
tsoureki bread,0,Bakery
tsp salt pepper,1,Spice
tsubushi make my own,0,Cereal
tsuyu sauce,1,Additive
tsuyu sauce feel,0,Additive
tuaca italian liqueur,0,Beverage-Alcoholic
tuaca liqueur,0,Beverage-Alcoholic
tub goya guacamole,1,Dish
tube polenta,0,Maize
tubettini pasta,1,Cereal
tullamore dew irish whiskey,0,Beverage-Alcoholic
tumeric,0,Spice
tuna chunk olive oil,0,Fish
tuna onion,0,Vegetable
tuna salad,0,Fish
tunisian almond syrup,0,Plant Derivative
tunisian relish,1,Condiment
turkey amount,0,Meat
turkey bacon crisp,0,Meat
turkey bite,0,Meat
turkey breast cutlet total,1,Meat
turkey breast dark meat,0,Meat
turkey breast fillet,0,Meat
turkey breast steak,0,Meat
turkey burger,0,Meat
turkey chili bean,0,Meat
turkey chorizo,1,Meat
turkey cutlet,0,Meat
turkey cutlet breast fillet,0,Meat
turkey dripping juice,1,Meat
turkey filling,0,Bakery
turkey giblet fine,0,Meat
turkey giblet gizzard,0,Meat
turkey gravy chicken amount,1,Meat
turkey heart,1,Meat
turkey hot dog,0,Meat
turkey hot italian sausage,0,Meat
turkey kosher,0,Meat
turkey leg total,0,Meat
turkey linguica,1,Meat
turkey liver fine,0,Meat
turkey liver spot,0,Meat
turkey pan dripping,1,Meat
turkey sausage patty,0,Meat
turkey skin,1,Meat
turkey stock vegetable,0,Vegetable
turkey stuffing mix,0,Dish
turkey thigh total,0,Meat
turkey thigh without skin,0,Meat
turkey tofurkey,0,Meat
turkey total,1,Meat
turkish apricot,0,Fruit
turkish coffee,0,Beverage Caffeinated
turkish delight chocolate candy bar,0,Plant
turkish red pepper powder,1,Spice
turmeric paste,0,Spice
turmeric root grain,0,Spice
turnip leaf,0,Vegetable
turnover dough,0,Cereal
turtle meat,1,Meat
tuscan kale,0,Vegetable
tuscan olive oil,0,Plant Derivative
tutti frutti,0,Dish
tutti frutti ice cream,0,Dish
twelve grain cereal,0,Cereal
twist lemon zest,0,Fruit
twisty noodle,0,Cereal
twix candy bar,0,Plant
type,0,Meat
type jam,0,Fruit
type white bread,1,Bakery
tyson fajita chicken,1,Meat
tyson fajita chicken strip,1,Meat
tyson reg chicken thigh,1,Meat
tzatziki greek yogurt,0,Dairy
tzatziki sauce cucumber,1,Condiment
tzatziki yoghurt cucumber,0,Condiment
tzatziki yogurt,0,Dairy
ube,0,Vegetable
udad dal,0,Legume
udan asian noodle,0,Cereal
udi gluten bread,0,Bakery
ultimate guacamole,0,Dish
ultra tequila,0,Beverage-Alcoholic
umeboshi vinegar,0,Plant Derivative
unagi glaze,0,Dish
unagi kabayaki eel,0,Fish
unbeaten egg white,0,Meat
uncut calamari,0,Seafood
uncut white bread,0,Bakery
under blade roast,0,Meat
unripe mango,0,Fruit
up almond,0,Nuts and Seeds
up chicken part,1,Meat
up deli rotisserie chicken,1,Meat
up mexican chocolate,0,Plant Derivative
up orange juice,0,Fruit
up soda lemon lime beverage,0,Beverage
up soda sprite,0,Additive
up sprite,0,Meat
up vegetable broccoli,0,Flower
up vegetable choice onion pepper,1,Vegetable
up vegetable jersalem artichoke onion potato,0,Dish
up vegetable onion green bean pepper,1,Cereal
up vegetable onion red bell pepper strip,0,Vegetable Fruit
up wheat lasagna noodle,0,Cereal
urad dal flour,0,Legume
urad dal four,0,Legume
urfa biber chile pepper,0,Vegetable
urid dal,0,Legume
using pepper,0,Spice
val dal,0,Legume
valrhona gran chocolate,0,Plant Derivative
vandermint mint chocolate liqueur,0,Beverage-Alcoholic
vanilla bean ice cream,0,Dish
vanilla bean pod,0,Legume
vanilla butter nut flavor,0,Additive
vanilla buttercream,0,Legume
vanilla buttercream frosting,0,Dish
vanilla butternut flavoring,0,Additive
vanilla cake,0,Legume
vanilla cake mix white,0,Dish
vanilla caramel,0,Legume
vanilla caster sugar,0,Additive-Sugar
vanilla coffee syrup torani,0,Additive
vanilla cooky,0,Dish
vanilla cupcake,0,Legume
vanilla gelato,0,Legume
vanilla gingersnap,0,Legume
vanilla icing,0,Legume
vanilla liquid coffee creamer,0,Legume
vanilla meringue,0,Legume
vanilla nonfat yogurt,0,Dairy
vanilla pastry cream,0,Dairy
vanilla raspberry marshmallow,0,Legume
vanilla rice cream,0,Dish
vanilla sandwich cooky,0,Dish
vanilla sauce,0,Legume
vanilla soy yogurt,0,Dairy
vanilla sugar extract egg,0,Additive
vanilla sugar extract plus tbsp,0,Additive
vanilla sugar per,0,Additive-Sugar
vanilla wafer cookie,0,Dish
vanilla wafer toddler,0,Dish
vanilla whey protein,0,Legume
vanilla whey protein powder,0,Legume
vanillin sugar,0,Additive
vanillla extract,0,Additive
varenyky dough,0,Cereal
variety mushroom,0,Fungi
veal beef,0,Meat
veal beef marrow,0,Meat
veal beef meat,0,Meat
veal brisket,1,Meat
veal broth,0,Meat
veal chicken,1,Meat
veal chicken stock,1,Meat
veal chop pork,0,Meat
veal cutlet each pork,0,Meat
veal cutlet pork,0,Meat
veal gristle,0,Meat
veal hind shank,1,Meat
veal meatloaf mix beef,1,Meat
veal medallion oil,1,Additive
veal pork neck,0,Meat
veal pork stock,0,Meat
veal rib,0,Meat
veal roast meat,0,Meat
veal scallop each,0,Seafood
veal scallop wide,0,Seafood
veal shank cross,1,Meat
veal shank meat,0,Meat
veal shoulder meat,1,Meat
veal sirloin,0,Meat
veal stew meat,0,Meat
veal stew meat chop,0,Meat
veal stock beef broth,0,Meat
veal stock vegetable,0,Vegetable
veal together twice,0,Meat
veal turkey,1,Meat
veal work,0,Meat
veg oil,1,Additive
vegan bacon,0,Dish
vegan brown sugar,0,Additive-Sugar
vegan caramel sauce,0,Additive
vegan chicken seasoning seasoning seasoning,1,Spice
vegan chorizo sausage,0,Meat
vegan cooking spray,0,Additive
vegan cooky,0,Additive
vegan corn,0,Maize
vegan green chile cilantro sauce,0,Additive
vegan maple syrup,0,Additive
vegan meatball,0,Dish
vegan pasta sauce,0,Dish
vegan pepperoni,0,Dish
vegan pesto,0,Cereal
vegan sausage,0,Dish
vegan taco seasoning,0,Spice
vegan thai peanut sauce,0,Nuts and Seeds
vegan veggie crumbles,0,Additive
vegatarian broth seasoning,0,Vegetable
vegeable oil vegetable,0,Plant Derivative
vegedtable oil,0,Additive
vegeta seasoning,0,Spice
vegetabie oil,1,Additive
vegetable asparagus,0,Vegetable
vegetable baby pea carrot,0,Vegetable
vegetable be radish green pepper,0,Vegetable
vegetable bean,0,Legume
vegetable been shoot,1,Vegetable
vegetable bell pepper cabbage,1,Vegetable Fruit
vegetable below,1,Vegetable
vegetable bok choy,1,Vegetable
vegetable bouillon beef,0,Meat
vegetable bouillon than,0,Dish
vegetable broccoli bell pepper,0,Vegetable Fruit
vegetable broccoli cauliflower,1,Flower
vegetable broth chicken stock,1,Dish
vegetable broth mushroom,0,Dish
vegetable broth thai stock,0,Dish
vegetable cabbage,0,Vegetable
vegetable capsicum,1,Vegetable Fruit
vegetable carrot broccoli,0,Vegetable
vegetable carrot celery,0,Vegetable
vegetable carrot mushroom,0,Vegetable
vegetable carrot red onion cucumber,1,Vegetable
vegetable cauliflower,0,Flower
vegetable cauliflower green bean,0,Cereal
vegetable cauliflower sprig,0,Flower
vegetable chicken stock powder,1,Meat
vegetable chip potato,0,Dish
vegetable choose either,0,Vegetable
vegetable combine baby potato green onion bean,0,Cereal
vegetable cracker,0,Vegetable
vegetable eggplant,0,Vegetable
vegetable eggplant green bean,1,Cereal
vegetable etc,0,Vegetable
vegetable green bean onion red pepper mixture,0,Cereal
vegetable heart,1,Vegetable
vegetable ie broccoli,0,Flower
vegetable juice water,0,Beverage
vegetable know carrot cube green bean,0,Cereal
vegetable lard,0,Meat
vegetable like carrot,0,Vegetable
vegetable like cauliflower bell pepper,0,Vegetable Fruit
vegetable like sprout,0,Vegetable
vegetable marrow,0,Vegetable
vegetable mix onion,0,Dish
vegetable mushroom,0,Fungi
vegetable mushroom tomato,0,Beverage
vegetable mustard green,1,Vegetable
vegetable oil bacon dripping may,1,Plant Derivative
vegetable oil below,1,Plant Derivative
vegetable oil better,0,Plant Derivative
vegetable oil butter spread,0,Plant Derivative
vegetable oil chicken,1,Plant Derivative
vegetable oil choice,0,Plant Derivative
vegetable oil chuck roast,0,Plant Derivative
vegetable oil coconut,0,Plant Derivative
vegetable oil cooking spray butter,0,Additive
vegetable oil cooking spray greasing agent,0,Additive
vegetable oil ginger,0,Plant Derivative
vegetable oil meat,1,Plant Derivative
vegetable oil plus more,0,Plant Derivative
vegetable oil replace half,0,Plant Derivative
vegetable oil rice,1,Plant Derivative
vegetable oil safflower,1,Plant Derivative
vegetable oil sauce,1,Plant Derivative
vegetable oil schmaltz,0,Plant Derivative
vegetable oil t,0,Plant Derivative
vegetable oil tasting pork,0,Plant Derivative
vegetable oil tortilla,0,Plant Derivative
vegetable oil varies,0,Plant Derivative
vegetable oil wok,0,Plant Derivative
vegetable oil wok pan,0,Plant Derivative
vegetable onion green pepper,1,Vegetable Fruit
vegetable onion red bell pepper mushroom,0,Vegetable Fruit
vegetable optional,0,Vegetable
vegetable pasta,0,Cereal
vegetable peel,0,Vegetable
vegetable potato,0,Vegetable Tuber
vegetable potato green pepper,1,Vegetable
vegetable potstickers,0,Dish
vegetable red yellow bell pepper,0,Vegetable Fruit
vegetable red yellow bellpeppers green bean,0,Cereal
vegetable rice,1,Cereal
vegetable salad,0,Dish
vegetable seasoning mushroom seasoning,0,Fungi
vegetable snow pea,1,Legume
vegetable soak,0,Vegetable
vegetable soup base,1,Dish
vegetable spinach green bean,0,Cereal
vegetable stock base bouillon,0,Vegetable
vegetable stock be,0,Vegetable
vegetable stock bean,0,Vegetable
vegetable stock below,0,Vegetable
vegetable stock chicken broth,1,Dish
vegetable stock chicken ok too,1,Meat
vegetable stock fish,0,Vegetable
vegetable stock may,0,Vegetable
vegetable stock may be necessary,0,Vegetable
vegetable stock powder chicken,1,Meat
vegetable stock pt,0,Vegetable
vegetable stock salt,0,Vegetable
vegetable stock seafood,0,Vegetable
vegetable stock vegan,0,Vegetable
vegetable stock vegetarian,0,Vegetable
vegetable stuffing,0,Vegetable
vegetable summer squash onion green,0,Herb
vegetable tomato etc,0,Beverage
vegetable tomato zucchini,0,Beverage
vegetable veg,1,Vegetable
vegetable veges,0,Vegetable
vegetable veggie,0,Vegetable
vegetable water,0,Additive
vegetable which ha been,0,Vegetable
vegetable wide,0,Vegetable
vegetable yellow corn,0,Maize
vegetable zucchini green bean,0,Cereal
vegetable zucchini green pepper,0,Vegetable
vegetable zuccini,0,Vegetable
vegetarian bacon strip,0,Meat
vegetarian banana pudding mix,0,Dish
vegetarian bean sauce,0,Additive
vegetarian beef bouillon powder,0,Dish
vegetarian beef substitute,0,Meat
vegetarian black bean,0,Legume
vegetarian blue cheese,0,Dairy
vegetarian chicken bouillon cube,1,Meat
vegetarian chicken bouillon granule,1,Dish
vegetarian chicken seasoning,1,Meat
vegetarian chorizo,0,Meat
vegetarian duck,0,Meat
vegetarian haggis,0,Meat
vegetarian hot dog,0,Dish
vegetarian kielbasa,0,Dish
vegetarian meat,0,Meat
vegetarian sausage bacon,0,Meat
vegetarian sausage crumbles,0,Dish
vegetarian steak,0,Fish
vegetarian stilton cheese,0,Dairy
vegetarian swiss cheese,0,Dairy
vegetarian vegetable soup,0,Dish
veggie cheese,1,Dairy
veggie crumbles vegemeat gluten,0,Meat
veggie stock,0,Dish
vegit seasoning,0,Spice
veloute sauce,1,Additive
velveeta american cheese spread,0,Dairy
velvetta mexican cheese,0,Dairy
venison beef gravy,0,Dish
venison deer,0,Meat
venison heart,0,Meat
venison heart too,0,Meat
venison pork chop,0,Meat
venison sausage,0,Dish
venison sausage beef,0,Dish
venison shoulder,0,Meat
venison sirloin,0,Meat
venison steak etc,0,Meat
venison stock,0,Meat
venison tenderloin steak,0,Meat
venison weight,0,Meat
verde enchilada sauce,1,Condiment
verde sauce recipezaar,0,Additive
verjus make green grape,1,Fruit
vermicelli egg noodle filini pasta,1,Meat
vermicelli extra fine egg noodle,0,Meat
vermicelli fideo,1,Cereal
vermicelli noodle,1,Cereal
vermicelli pasta rice,1,Cereal
vermicelli seviyan,0,Cereal
vermicilli noodle,0,Cereal
vermont goat cheese,0,Dairy
vermont maple sugar,0,Additive
vermont maple syrup,0,Additive
vermont sharp cheddar cheese,0,Dairy
vetivier spice essence,0,Spice
vh cooking sauce,0,Additive
vh garlic sauce,0,Condiment
vh general stir fry sauce,0,Additive
victoria enchilada sauce,0,Condiment
victoria green taco sauce,1,Additive
vidalia,0,Vegetable
vidalia onion bermuda,0,Vegetable
vidalia onion crosswise,0,Vegetable
vidalia onion variety,1,Vegetable
vidalia onion walla,0,Vegetable
vidalia onion white salsa,0,Vegetable
vietnamese chicken stock,1,Meat
vietnamese chili garlic sauce,0,Condiment
vietnamese chili paste,0,Plant Derivative
vietnamese fish sauce,0,Additive
vietnamese garlic pepper sauce red,1,Additive
vietnamese garlic red chile paste chilies,0,Spice
vietnamese pork,0,Meat
vietnamese sauce,0,Additive
vietnamese spring wrapper,0,Dish
vietnemese meatball,1,Dish
vietti dog chili without bean,0,Dish
vigo completely red bean rice mix,0,Dish
vinaigrette dressing choice,0,Additive
vinaigrette dressing italian salad,0,Condiment
vinaigrette french dressing,1,Plant Derivative
vincotto,0,Beverage-Alcoholic
vindaloo seasoning,0,Spice
vinegar potato chip,1,Dish
vinegar sauce,0,Plant Derivative
vinegar spice essence,0,Plant Derivative
vinegary mexican sauce,0,Condiment
vino seco,1,Beverage-Alcoholic
violet crumble chocolate candy,0,Additive
violet liqueur,0,Beverage-Alcoholic
virgin oil,0,Plant Derivative
virgin olive oil extra,1,Plant Derivative
virgin olive oil macadamia nut,1,Plant Derivative
virgin palm oil,1,Plant Derivative
virginia ham,0,Meat
vital wheat gluten flour,0,Cereal
viva italia salad dressing,0,Dish
vodka pasta sauce,0,Additive
vodka sauce,0,Beverage-Alcoholic
vodka sauce bertolli,1,Beverage-Alcoholic
vol au vent pastry,0,Dish
voskos nonfat greek yogurt,0,Dairy
wafer,0,Dish
wafer cookie,0,Dish
waffle batter,0,Dish
waffle cone,0,Dish
wagon wheel pasta,0,Cereal
wakame water,0,Additive
walden farm chipotle ranch dressing,0,Condiment
walkerswood hot,1,Additive
walla onion vidalia,0,Vegetable
walmart italian cheese,0,Dairy
walnut almond,1,Nuts and Seeds
walnut chip,0,Nuts and Seeds
walnut extract,0,Nuts and Seeds
walnut meal,0,Nuts and Seeds
walnut meat,0,Nuts and Seeds
walnut nut,0,Nuts and Seeds
walnut vinegar,0,Plant Derivative
wasa crispbread grain,0,Cereal
wasa rye crispbread,0,Cereal
washington apple,0,Fruit
washington state red wine,0,Beverage-Alcoholic
water chestnut starch,0,Fruit
water from bean,0,Additive
water liquid,0,Additive
water tofu,0,Additive
water tomatillo,0,Additive
water vegetable stock,0,Vegetable
watercress orange,0,Fruit
watermelon flavoring,0,Fruit
watermelon liqueur,0,Fruit
watermelon melon baller,0,Fruit
watermelon puree,0,Fruit
watermelon radish,0,Vegetable
watermelon syrup,0,Fruit
watermelon vodka,0,Beverage-Alcoholic
watkins butter flavoring,0,Additive
wax bean yellow green,0,Legume
waxgourd,0,Fruit
waxy potato,0,Vegetable Tuber
waxy red potato,0,Vegetable Tuber
weber white wine herb marinade,1,Beverage-Alcoholic
wedge cucumber,0,Gourd
wedge laughing cow cheese,0,Dairy
wedge orange,0,Fruit
wedge organic orange,0,Fruit
wei egg noodle,0,Meat
wei kluski egg noodle,0,Meat
weight cheese,1,Dairy
weight watcher bread,0,Bakery
weight watcher chicken,1,Meat
welch grape jelly,0,Fruit
welch white grape juice,0,Fruit
well chicken stock,1,Meat
well french dressing,0,Additive
wellfleet oyster,0,Seafood
wesson canola cooking oil,0,Plant Derivative
west indian pepper sauce,1,Condiment
westphalian pumpernickel bread,0,Bakery
wet italian bread breadcrumb,0,Bakery
wet noodle,0,Cereal
wheat berry sprout,0,Cereal
wheat biscuit wheatmeal,0,Bakery
wheat bow tie pasta,0,Cereal
wheat bran flake,0,Cereal
wheat bran flake add no flavor,0,Cereal
wheat bran flour,0,Cereal
wheat bran germ,0,Cereal
wheat bread crumb white breadcrumb,1,Bakery
wheat bread cube,0,Bakery
wheat bread dough,0,Bakery
wheat bread dough white,0,Bakery
wheat bread grain bun,0,Bakery
wheat bread mix,1,Bakery
wheat bread pita,0,Cereal
wheat bread sandwich,0,Bakery
wheat bread sourdough,0,Bakery
wheat bulghar,0,Cereal
wheat bun,0,Bakery
wheat cereal quinoa,0,Cereal
wheat cheese tortellini,0,Dish
wheat chex be,1,Cereal
wheat chex cereal,0,Cereal
wheat cracker bread,0,Bakery
wheat cracker thins,0,Bakery
wheat ditalini,0,Cereal
wheat dumpling wrapper,1,Dish
wheat extra wide egg noodle,0,Cereal
wheat farfalle pasta,0,Cereal
wheat fesh breadcrumb,0,Bakery
wheat fettuccine,0,Cereal
wheat french bread grain,0,Bakery
wheat germ breadcrumb,0,Bakery
wheat germ oil,0,Plant Derivative
wheat hamburger bun bakery,0,Bakery
wheat hoagie,0,Bakery
wheat hot dog bun,0,Bakery
wheat hour,0,Cereal
wheat indian cooky,0,Cereal
wheat italian bread,0,Bakery
wheat loaf bread,1,Bakery
wheat malt extract,0,Cereal
wheat matzo,0,Cereal
wheat noodle linguini,0,Cereal
wheat panini,0,Bakery
wheat panko,0,Bakery
wheat pastry crust,0,Bakery
wheat pastry dough,0,Bakery
wheat penne ditalini,1,Cereal
wheat penne measurement,1,Cereal
wheat pit bread,1,Bakery
wheat pizza crust dough,0,Bakery
wheat ravioli,1,Cereal
wheat rigatoni,0,Cereal
wheat rigatoni pasta,0,Cereal
wheat rotis,0,Cereal
wheat spaghetti choice,0,Cereal
wheat spaghetti grain,0,Cereal
wheat spelt flour,0,Cereal
wheat spiral pasta,0,Cereal
wheat starch flour,0,Cereal
wheat tortilla wrap,0,Bakery
wheat waffle,0,Cereal
wheatmeal plain biscuit crumb,0,Bakery
whey powder,0,Spice
whey protein powder,0,Spice
whey yogurt cheese,0,Dairy
whipping cream butter milk,0,Dairy
whipping cream coffee,0,Dairy
whipping cream dessert topping,0,Dairy
whipping cream double,0,Dairy
whipping cream each,0,Dairy
whipping cream half,0,Dairy
whipping cream much better,0,Dairy
whipping cream non dairy topping,0,Dairy
whipping cream pudding,0,Dairy
whipping cream save 100ml,0,Dairy
whipping cream vanilla essance,0,Dairy
whipping cream water,0,Dairy
whiskey apple juice,0,Fruit
whiskey drambuie,0,Beverage-Alcoholic
whiskey macallan,0,Beverage-Alcoholic
whiskey neutral,0,Beverage-Alcoholic
whiskey not,0,Beverage-Alcoholic
whiskey try yukon jack,0,Beverage-Alcoholic
whisky,0,Beverage-Alcoholic
white acre pea,0,Legume
white almond bark butterscotch chip,0,Additive
white almond extract,0,Nuts and Seeds
white bakery bread,0,Bakery
white baking bar chocolate,0,Plant Derivative
white balsamic blackberry w lemon thyme vinegar,0,Plant Derivative
white balsamic vinegar apple cider,0,Plant
white balsamic vinegar balsamico,0,Plant Derivative
white balsamic vinegar red,0,Plant Derivative
white bean canellini,0,Legume
white bean cannellini,1,Legume
white bean goya,0,Legume
white bean navy,0,Legume
white bean overnight,0,Legume
white black pepper,1,Spice
white bordeaux,1,Beverage-Alcoholic
white bread bun,0,Bakery
white bread challah,0,Bakery
white bread cube without crust,0,Bakery
white bread italian,0,Bakery
white bread loaf,0,Bakery
white bread milk,1,Bakery
white bread mix,0,Bakery
white bread mix yeast,0,Bakery
white bread no crust,1,Bakery
white bread quot,0,Bakery
white bread sourdough,0,Bakery
white bread wheat sourdough,0,Bakery
white bread without crust,0,Bakery
white breadcrumb french,0,Bakery
white breadcrumb see note,1,Bakery
white breadcrumb sourdough,0,Bakery
white breadcrumb tomato,0,Vegetable
white cake layer,0,Dish
white cake mix devil food,0,Dish
white cake mix great,0,Dish
white cake mix yellow,0,Dish
white candy coating,0,Plant Derivative
white cannellini bean,1,Legume
white carp,0,Fish
white cayenne pepper,0,Spice
white cheddar cheese cracker,0,Dairy
white cheddar macaroni cheese mix,0,Dish
white cheese american,0,Dairy
white cheese blanc,0,Dairy
white cheese curd,0,Dairy
white cheese dip,1,Dairy
white cheese great,0,Dairy
white cheese popcorn,1,Dairy
white chicken chili seasoning mix,1,Spice
white chinese noodle,0,Cereal
white chipits,0,Plant Derivative
white chocolate baking bar,0,Plant Derivative
white chocolate bar,0,Plant Derivative
white chocolate brandy sauce,0,Plant Derivative
white chocolate cheesecake,0,Plant Derivative
white chocolate chunk chip,0,Plant Derivative
white chocolate coffee mix powder,0,Plant Derivative
white chocolate pudding mix,0,Plant Derivative
white chocolate syrup,0,Plant Derivative
white clove,0,Spice
white cocktail bread,0,Bakery
white confectionery,0,Plant Derivative
white coriander seed,0,Herb
white corn chip,0,Maize
white corn chipotle pepper,0,Spice
white corn cob,0,Maize
white corn taco shell,1,Bakery
white currant,0,Fruit
white dinner bread,1,Bakery
white dumpling wrapper,1,Dish
white eggplant,0,Vegetable
white fish cod,0,Fish
white fish fillet coarsely,0,Fish
white fish fillet flounder,0,Fish
white fish fillet hake,0,Fish
white fish fillet mahi,0,Fish
white fish fillet red snapper,0,Fish
white fish fillet salt cod,0,Fish
white fish fillet suggest mahimahi,0,Fish
white fish fillet tilapia,0,Fish
white fish steak,0,Fish
white fish tilapia,0,Fish
white fleshed fish,0,Fish
white fruit grape,0,Fruit
white fungus,0,Fungus
white german baking wafer,0,Dish
white glaze icing,0,Additive
white goat cheese,0,Dairy
white grapefruit juice,0,Beverage
white grit,0,Cereal
white gumdrop,0,Plant Derivative
white home bread,1,Bakery
white honeycomb beef tripe,0,Meat
white jasmine rice,1,Cereal
white kidney,1,Legume
white layer cake,0,Dish
white lily self rising flour,0,Cereal
white lump sugar,0,Additive-Sugar
white macon wine,0,Beverage-Alcoholic
white meat,0,Seafood
white meat fish fillet,0,Fish
white mexican cheese,1,Dairy
white mirepoix,0,Dish
white multicolored sugar,0,Additive-Sugar
white onion beef,0,Vegetable
white onion cilantro lime wedge,0,Fruit
white onion large,0,Vegetable
white onion lengthwise crosswise,1,Vegetable
white onion oil,0,Vegetable
white onion picada,0,Vegetable
white onion portion,0,Vegetable
white onion red,1,Vegetable
white onion roughly,1,Vegetable
white onion spring,0,Herb
white onion thinly,0,Vegetable
white pastry dough,0,Bakery
white pea overnight,0,Legume
white peach puree,0,Fruit
white pearl onion cocktail,0,Vegetable
white pearl onion diameter,0,Vegetable
white peasant bread,1,Bakery
white peppercorn black,0,Spice
white peppercorn heavy pan,1,Spice
white portobello mushroom,0,Fungi
white posole mexican hominy,1,Maize
white potato lengthwise,0,Vegetable Tuber
white pudding sausage,0,Dish
white pullman bread,0,Bakery
white red burgundy wine,1,Beverage-Alcoholic
white rose potato,1,Vegetable Tuber
white royal icing,0,Additive
white rye flour,0,Cereal
white salt pepper,0,Spice
white sambuca,0,Beverage-Alcoholic
white sambuca liqueur,1,Beverage-Alcoholic
white sesame seed brown,0,Cereal
white shanghai noodle,0,Cereal
white sourdough bread,1,Bakery
white sourdough bread wheat,0,Bakery
white soy sauce,0,Additive
white spelt flour,0,Cereal
white sugar cube,0,Additive-Sugar
white taco,0,Dish
white taro root,1,Herb
white tilapia,0,Fish
white toblerone chocolate bar,0,Plant Derivative
white truffle cream,0,Additive
white truffle oil pan,0,Additive
white turkey meat,0,Meat
white vanilla chip,0,Plant
white veal steak,0,Fish
white wheat,0,Cereal
white wheat hamburger bun,0,Bakery
white wheat lasagna noodle,0,Cereal
white wheat noodle,0,Cereal
white wheat sandwich loaf,0,Bakery
white wine grape juice,0,Beverage-Alcoholic
white wine italian,0,Beverage-Alcoholic
white yellow corn,0,Maize
whitefish trimming,0,Fish
wholemeal bread granary,0,Bakery
wide chinese noodle,1,Cereal
wide chinese wheat noodle,0,Cereal
wide egg noodle batch,0,Meat
wide egg noodle direction,1,Meat
wide egg noodle extra,0,Cereal
wide egg noodle lasagna,0,Meat
wide egg noodle measurement half,0,Meat
wide egg noodle without salt,0,Meat
wide egge noodle,0,Meat
wide flat rice noodle,0,Cereal
wide french bread,0,Bakery
wide lo mein noodle,0,Meat
width rice noodle,0,Cereal
wie biscuit,0,Bakery
wild,0,Dish
wild africa liqueur,0,Beverage-Alcoholic
wild alaskan salmon,0,Fish
wild boar roast,1,Meat
wild game,0,Dish
wild mushroom bolete,1,Fungi
wild mushroom button work too,0,Fungi
wild mushroom chestnut,0,Fungi
wild mushroom choice,1,Fungi
wild mushroom cremini,0,Fungi
wild mushroom crimini,0,Fungi
wild mushroom porcini,0,Fungi
wild mushroom portabellas,0,Fungi
wild mushroom portobella,1,Fungi
wild mushroom portobello,0,Fungi
wild mushroom variety,0,Fungi
wild rice water,0,Dish
wild turkey,0,Meat
wildtree fajita seasoning mix,1,Spice
wildtree natural oil,0,Additive
wildwood organic salsa,0,Condiment
williams white chili seasoning mix,1,Spice
williamsburg butter frosting,0,Dairy
wine balsamic vinegar,0,Plant Derivative
wine chardonnay,0,Beverage-Alcoholic
wing bean,0,Legume
wing sauce,1,Additive
winter green pesto,0,Cereal
winter minestrone,0,Dish
winter squash butternut,0,Fruit
winter squash choice,0,Fruit
winter squash seed,0,Nuts and Seeds
winter vegetable carrot,0,Vegetable
wisconsin cheese,0,Dairy
wishbone robust italian dressing,0,Dish
wishbone russian salad dressing not creamy,0,Dish
without,0,Dish
wok oil sesame,0,Essential Oil
wolfson natural hog casing,0,Cereal
won ton,0,Dish
won ton noodle,1,Cereal
wonton egg noodle,0,Meat
wood ear mushroom oyster,1,Fungi
wood fire piquillo pepper,1,Spice
wood fungus mushroom,1,Fungi
wooden bamboo skewer,0,Plant
worcestershire sauce chicken,1,Condiment
worthington soy vegetable,0,Vegetable
wuyi tea,0,Beverage
wyler broth seasoning,0,Vegetable
wyler lemonade mix,0,Beverage
xanthoxylum seed,1,Spice
xiao xing chinese rice wine,0,Beverage-Alcoholic
xinomyzithra cheese greek feta,0,Dairy
xylitol sweetener,0,Vegetable
yai garlic sauce,0,Condiment
yak meat beef,0,Meat
yam 'suran,0,Vegetable
yam noodle,0,Cereal
yard bean,0,Legume
yard sausage casing wide,0,Dish
yardlong bean,1,Legume
yautia taro root,0,Herb
yeast extract vegetable stock cube,0,Vegetable
yeast water,0,Additive
yellow aji limo chile,1,Vegetable
yellow aji limo chile pepper,0,Spice
yellow apple,0,Fruit
yellow banana pepper jalapeno,0,Spice
yellow butternut pumpkin,1,Fruit
yellow cake batter,0,Dish
yellow cake mix butter,0,Dish
yellow cake mix white supermoist,0,Dish
yellow cake mix without pudding,0,Dish
yellow cheddar cheese,0,Dairy
yellow cheese cheddar,0,Dairy
yellow chewy candy square,0,Vegetable
yellow chile pepper,0,Spice
yellow chili pepper,0,Spice
yellow chili powder,1,Spice
yellow chinese noodle,0,Cereal
yellow corn chip,0,Maize
yellow corn kernel,1,Maize
yellow corn meal,0,Maize
yellow cornbread mix jiffy corn muffin,0,Maize
yellow crystal sugar,0,Additive
yellow egg noodle,0,Meat
yellow enriched cornmeal,0,Maize
yellow fin potato,0,Vegetable
yellow flesh potato,0,Vegetable
yellow grape tomato,0,Vegetable
yellow guavaberry,0,Vegetable
yellow gypsy bull horn pepper,0,Vegetable Fruit
yellow hot pepper,0,Vegetable
yellow jalapeno,0,Spice
yellow kernel corn,1,Maize
yellow longhorn cheese,0,Dairy
yellow masarepa,0,Vegetable
yellow mini bell pepper,1,Vegetable Fruit
yellow moong,0,Vegetable
yellow moong dal paste,0,Condiment
yellow mung dal,0,Legume
yellow pea chana,0,Legume
yellow pea overnight,0,Legume
yellow pepper bell,0,Vegetable Fruit
yellow pepper chunk,1,Vegetable Fruit
yellow pepper lengthwise,0,Vegetable Fruit
yellow pepper ring,0,Vegetable Fruit
yellow plantain,0,Fruit
yellow red green heirloom tomato,0,Vegetable
yellow rock sugar candy ``,0,Plant Derivative
yellow saffron rice,1,Cereal
yellow sev,0,Vegetable
yellow shoepeg corn,0,Maize
yellow squash butternut,0,Fruit
yellow squash eggplant,1,Fruit
yellow squash koosa,0,Fruit
yellow squash total,1,Fruit
yellow squash zucchini,1,Vegetable
yellow straightneck squash,0,Fruit
yellow wax pepper,1,Vegetable
yellow white cheddar cheese,0,Dairy
yellow white gumdrop,0,Plant Derivative
yellowtail fish,0,Fish
yerba buena mint,0,Herb
yigandes bean,0,Legume
yogurt cheese below,0,Dairy
yogurt curd,0,Dairy
yogurt great,0,Dairy
yogurt greek,0,Dairy
yogurt onken,0,Dairy
yogurt sauce,0,Dairy
yogurt soy,0,Dairy
yogurt spread,0,Dairy
yogurt yogourmet,0,Dairy
yoshida ginger garlic teriyaki sauce,0,Condiment
young arugula leaf,0,Herb
young black walnut,0,Nuts and Seeds
young ginger,1,Spice
young goat meat,0,Meat
young green bean,0,Cereal
young jackfruit,1,Fruit
young marrow,0,Fruit
young nettle,1,Beverage-Alcoholic
young pandan leaf,0,Herb
young pea shoot,0,Legume
young pecorino cheese,0,Dairy
young rabbit,0,Meat
young yellow squash zucchini,0,Vegetable
yuca,0,Vegetable
yuca lengthwise,0,Vegetable
yuca root,0,Vegetable
yucca,0,Vegetable
yukon gold potato chunk,0,Vegetable
yuzu,0,Fruit
yuzu japanese orange,0,Fruit
yuzu peel,0,Fruit
yve meat substitution,0,Meat
yves satay veggie beef skewer,0,Meat
zapallo squash,0,Fruit
zapple butter,0,Dairy
zatarain black bean,1,Legume
zatarain spanish rice,0,Cereal
zatarain yellow rice,0,Cereal
zatarains dirty rice mix,0,Cereal
zest,0,Fruit
zest juice,1,Beverage
zha cai mustard tuber,0,Spice
zipper pea,0,Legume
ziti rigati,0,Cereal
zucchini chunk,0,Vegetable
zucchini matchstick,0,Vegetable
zucchini noodle,0,Vegetable
zucchini raita,1,Vegetable
zucchini squash,1,Vegetable
zucchini summer squash,0,Fruit
zucchini tomato sauce,0,Condiment
zwieback breadcrumb,0,Bakery
zwieback cooky,0,Dish
