Recipe_id,Region,Sub_region,Continent,"Carbohydrate, by difference (g)",Energy (kcal),Protein (g),Total lipid (fat) (g),cuisine
18754,Canadian,Canadian,North American,204.4322,1716.1265,60.7493,79.3197,Canadian
18755,Canadian,Canadian,North American,244.9431,954.1540,2.1857,0.4168,Canadian
18756,Canadian,Canadian,North American,220.0041,853.2000,0.1368,0.1890,Canadian
18757,Canadian,Canadian,North American,628.6021,3878.9760,68.3092,134.5203,Canadian
18758,Canadian,Canadian,North American,6.2609,31.7738,1.2893,1.1560,Canadian
18759,Canadian,Canadian,North American,360.7690,1739.3000,22.7545,34.4085,Canadian
18760,Canadian,Canadian,North American,45.2115,584.0543,12.6660,36.4875,Canadian
18761,Canadian,Canadian,North American,7.6452,484.4180,0.0000,54.5000,Canadian
18762,Canadian,Canadian,North American,284.3641,1101.0369,3.7522,1.4305,Canadian
18763,Canadian,Canadian,North American,78.0641,578.1473,21.9507,24.4849,Canadian
18764,Canadian,Canadian,North American,111.5678,2404.5862,98.3789,180.7546,Canadian
18765,Canadian,Canadian,North American,124.0696,1490.4690,97.2773,63.0334,Canadian
18766,Canadian,Canadian,North American,850.0684,3567.4975,74.5329,10.9871,Canadian
18767,Canadian,Canadian,North American,40.2021,584.0050,22.5616,38.2926,Canadian
18768,Canadian,Canadian,North American,115.7560,589.0000,5.4750,14.4000,Canadian
18769,Canadian,Canadian,North American,12.8608,597.9312,94.5709,16.0827,Canadian
18770,Canadian,Canadian,North American,100.9581,560.3105,13.7029,16.4027,Canadian
18771,Canadian,Canadian,North American,6.8464,659.5000,38.5554,51.8244,Canadian
18772,Canadian,Canadian,North American,429.4689,2522.3834,186.3400,6.0525,Canadian
18773,Canadian,Canadian,North American,241.9383,1635.6570,34.0640,67.1100,Canadian
18774,Canadian,Canadian,North American,159.4098,912.0919,12.0899,27.8784,Canadian
18775,Canadian,Canadian,North American,269.8144,1971.6740,43.0563,93.5292,Canadian
18776,Canadian,Canadian,North American,0.0000,522.8076,89.7602,15.7667,Canadian
18777,Canadian,Canadian,North American,347.0690,3005.1050,75.9634,160.4682,Canadian
18778,Canadian,Canadian,North American,86.3640,408.0000,15.8520,3.0000,Canadian
18779,Canadian,Canadian,North American,12.5323,1884.8908,197.7929,114.9768,Canadian
18780,Canadian,Canadian,North American,139.7870,1248.6995,9.4023,70.5782,Canadian
18781,Canadian,Canadian,North American,167.7917,1623.3546,7.7466,110.7816,Canadian
18782,Canadian,Canadian,North American,9.3783,1465.4350,2.2340,164.2363,Canadian
18783,Canadian,Canadian,North American,4.7195,547.1268,90.8155,16.2639,Canadian
18784,Canadian,Canadian,North American,35.7840,164.7104,4.6404,0.9088,Canadian
18785,Canadian,Canadian,North American,13.4347,680.6956,84.1532,29.6085,Canadian
18786,Canadian,Canadian,North American,187.9379,5639.0208,25.5105,536.2253,Canadian
18787,Canadian,Canadian,North American,68.9704,3862.6360,0.0000,410.0000,Canadian
18788,Canadian,Canadian,North American,328.2280,1681.2320,42.1090,17.8920,Canadian
142527,Canadian,Canadian,North American,141.0436,5638.4587,288.0466,432.2027,Canadian
142528,Canadian,Canadian,North American,63.5553,1802.4911,170.0940,94.0198,Canadian
142529,Canadian,Canadian,North American,149.1051,1487.7339,34.9868,89.4146,Canadian
142530,Canadian,Canadian,North American,259.7916,3296.8381,225.0424,152.3310,Canadian
142531,Canadian,Canadian,North American,613.0609,4339.3565,64.2833,191.0936,Canadian
142532,Canadian,Canadian,North American,413.4989,3364.2805,56.4727,178.0222,Canadian
142533,Canadian,Canadian,North American,260.4377,1460.8360,23.2890,38.7787,Canadian
142534,Canadian,Canadian,North American,496.7245,5334.9576,73.7172,353.3754,Canadian
142535,Canadian,Canadian,North American,663.2308,3462.1430,36.8012,76.1619,Canadian
142536,Canadian,Canadian,North American,59.7854,1988.3350,218.4803,93.8093,Canadian
142537,Canadian,Canadian,North American,9.4415,63.4400,1.4580,1.3614,Canadian
142538,Canadian,Canadian,North American,32.8562,869.2878,18.8888,77.9323,Canadian
142539,Canadian,Canadian,North American,306.0667,1295.6400,11.7625,6.3018,Canadian
142540,Canadian,Canadian,North American,495.5277,2531.6132,100.5258,11.9065,Canadian
142541,Canadian,Canadian,North American,10.8383,64.9967,5.2737,0.6993,Canadian
142542,Canadian,Canadian,North American,138.3073,1922.2776,166.9798,76.9032,Canadian
142543,Canadian,Canadian,North American,1288.3219,7163.2365,118.3771,194.9934,Canadian
142544,Canadian,Canadian,North American,18.1740,178.5562,3.8853,11.3760,Canadian
142545,Canadian,Canadian,North American,952.0562,3872.2420,19.9085,4.7840,Canadian
142546,Canadian,Canadian,North American,1011.7199,4734.4780,55.4689,65.4418,Canadian
142547,Canadian,Canadian,North American,948.1512,7931.6190,92.0774,479.4818,Canadian
142548,Canadian,Canadian,North American,440.0133,3357.5760,64.0491,162.6391,Canadian
142549,Canadian,Canadian,North American,64.3991,414.7850,16.9271,10.5884,Canadian
142550,Canadian,Canadian,North American,920.4323,3762.7625,12.0734,11.4775,Canadian
142551,Canadian,Canadian,North American,14.4501,268.8900,8.5314,21.7389,Canadian
142552,Canadian,Canadian,North American,,,,,Canadian
142553,Canadian,Canadian,North American,106.9782,2090.7782,45.9968,174.8395,Canadian
142554,Canadian,Canadian,North American,325.2056,2057.5626,45.4337,61.1939,Canadian
142555,Canadian,Canadian,North American,1.1508,5.8500,0.3798,0.0534,Canadian
142556,Canadian,Canadian,North American,317.3696,1190.7157,6.2288,5.1812,Canadian
142557,Canadian,Canadian,North American,11.9880,122.4000,0.4680,8.0160,Canadian
142558,Canadian,Canadian,North American,130.4280,585.5940,9.4010,2.2436,Canadian
142559,Canadian,Canadian,North American,30.0527,373.7012,3.4205,28.5386,Canadian
142560,Canadian,Canadian,North American,598.8530,4245.0210,143.0257,216.7506,Canadian
142561,Canadian,Canadian,North American,182.4733,1373.9790,38.9631,56.7908,Canadian
142562,Canadian,Canadian,North American,10.3108,521.4900,39.1129,35.1974,Canadian
142563,Canadian,Canadian,North American,97.4242,2233.2277,211.0386,118.0104,Canadian
142564,Canadian,Canadian,North American,44.5409,811.6815,18.4346,68.2852,Canadian
142565,Canadian,Canadian,North American,221.3711,880.0740,1.2494,1.5626,Canadian
142566,Canadian,Canadian,North American,4.4575,864.4192,182.3380,8.4590,Canadian
142567,Canadian,Canadian,North American,29.1716,175.7669,5.8400,4.0823,Canadian
142568,Canadian,Canadian,North American,103.8818,966.5242,21.5071,57.8017,Canadian
142569,Canadian,Canadian,North American,175.7224,49984.2158,23.9840,11.8690,Canadian
142570,Canadian,Canadian,North American,85.8762,1130.6306,63.1987,59.7456,Canadian
142571,Canadian,Canadian,North American,1.9836,8.9400,0.3816,0.0300,Canadian
142572,Canadian,Canadian,North American,14.1521,1295.2029,103.0265,90.5257,Canadian
142573,Canadian,Canadian,North American,18.1894,995.1004,17.2643,94.8366,Canadian
142574,Canadian,Canadian,North American,84.3875,718.8876,74.8249,8.3351,Canadian
142575,Canadian,Canadian,North American,47.7712,591.5983,10.8165,43.5648,Canadian
142576,Canadian,Canadian,North American,33.0400,690.9750,21.4805,57.6310,Canadian
142577,Canadian,Canadian,North American,57.9549,532.1435,17.5806,28.8816,Canadian
142578,Canadian,Canadian,North American,96.7748,1108.1878,153.2782,13.2479,Canadian
142579,Canadian,Canadian,North American,376.7951,3886.5800,127.5711,212.8107,Canadian
142580,Canadian,Canadian,North American,3.6599,436.5285,38.0779,28.6734,Canadian
142581,Canadian,Canadian,North American,59.6800,726.2920,20.7224,46.9597,Canadian
142582,Canadian,Canadian,North American,289.7921,1166.5359,8.4169,2.3113,Canadian
142583,Canadian,Canadian,North American,69.7876,609.3260,20.5321,32.5827,Canadian
142584,Canadian,Canadian,North American,256.8644,2557.9537,41.2513,163.4204,Canadian
142585,Canadian,Canadian,North American,7.0217,662.5087,0.8273,72.2390,Canadian
142586,Canadian,Canadian,North American,540.4405,2947.9220,200.4168,7.9236,Canadian
142587,Canadian,Canadian,North American,99.0140,801.7538,34.6026,31.2978,Canadian
142588,Canadian,Canadian,North American,101.5534,2362.6690,227.0495,115.3713,Canadian
142589,Canadian,Canadian,North American,129.1847,1508.2499,54.2028,89.8149,Canadian
142590,Canadian,Canadian,North American,165.2355,813.1160,13.4336,17.9768,Canadian
142591,Canadian,Canadian,North American,52.7574,1363.7655,194.7441,37.7734,Canadian
142592,Canadian,Canadian,North American,0.7007,561.8792,0.7398,61.9520,Canadian
142593,Canadian,Canadian,North American,124.4921,1074.3339,129.8126,15.3298,Canadian
142594,Canadian,Canadian,North American,283.9746,1730.2348,10.3467,67.5137,Canadian
142595,Canadian,Canadian,North American,233.7648,3201.3250,37.3370,251.1789,Canadian
142596,Canadian,Canadian,North American,589.0576,3816.9741,34.8782,153.4253,Canadian
142597,Canadian,Canadian,North American,52.6533,2676.2478,188.2333,187.8445,Canadian
142598,Canadian,Canadian,North American,63.9667,788.0760,55.9244,35.1088,Canadian
142599,Canadian,Canadian,North American,34.9272,3493.3392,388.8482,188.6400,Canadian
142600,Canadian,Canadian,North American,71.9460,439.6374,27.6634,13.1061,Canadian
142601,Canadian,Canadian,North American,58.0162,389.9335,13.8140,10.5893,Canadian
142602,Canadian,Canadian,North American,131.1287,1582.6346,13.7355,122.0485,Canadian
142603,Canadian,Canadian,North American,76.2075,749.9025,35.8032,35.8505,Canadian
142604,Canadian,Canadian,North American,50.6537,2773.5857,228.1384,189.3924,Canadian
142605,Canadian,Canadian,North American,11.7778,1184.0680,25.8066,117.4160,Canadian
142606,Canadian,Canadian,North American,34.5358,144.3948,2.1720,0.5588,Canadian
142607,Canadian,Canadian,North American,3.6369,156.0719,12.8351,9.5811,Canadian
142608,Canadian,Canadian,North American,103.9188,1538.0920,74.7888,93.3923,Canadian
142609,Canadian,Canadian,North American,196.7709,2659.7699,397.9119,21.4076,Canadian
142610,Canadian,Canadian,North American,115.5076,681.7860,35.5012,10.3523,Canadian
142611,Canadian,Canadian,North American,94.7955,1443.9615,48.7040,104.9233,Canadian
142612,Canadian,Canadian,North American,209.2759,1790.3018,47.6521,88.2923,Canadian
142613,Canadian,Canadian,North American,42.5087,549.1816,23.8149,36.7935,Canadian
142614,Canadian,Canadian,North American,270.9053,1724.5652,49.4322,48.5256,Canadian
142615,Canadian,Canadian,North American,24.4432,690.1000,29.8083,53.6248,Canadian
142616,Canadian,Canadian,North American,6.1005,705.4464,1.5108,76.6994,Canadian
142617,Canadian,Canadian,North American,104.8079,4384.9643,306.1796,297.9280,Canadian
142618,Canadian,Canadian,North American,2.8800,572.0000,50.2400,38.0400,Canadian
142619,Canadian,Canadian,North American,1.5276,125.4000,23.1534,2.9868,Canadian
142620,Canadian,Canadian,North American,534.1967,2347.3320,28.0771,10.5871,Canadian
142621,Canadian,Canadian,North American,953.9888,3812.2400,10.6528,2.8496,Canadian
142622,Canadian,Canadian,North American,,,,,Canadian
142623,Canadian,Canadian,North American,426.3129,1693.4557,4.1347,1.2819,Canadian
142624,Canadian,Canadian,North American,,,,,Canadian
142625,Canadian,Canadian,North American,105.6899,1566.3674,51.5955,116.2368,Canadian
142626,Canadian,Canadian,North American,16.6352,5413.8430,390.3387,408.6935,Canadian
142627,Canadian,Canadian,North American,190.0853,2215.8747,98.8463,131.4777,Canadian
142628,Canadian,Canadian,North American,14.8155,1311.4447,7.2397,137.3547,Canadian
142629,Canadian,Canadian,North American,947.6896,5413.8455,58.9320,163.6799,Canadian
142630,Canadian,Canadian,North American,47.4835,740.1223,90.3011,21.4237,Canadian
142631,Canadian,Canadian,North American,64.8369,541.4804,45.3183,14.6885,Canadian
142632,Canadian,Canadian,North American,15.3431,258.6029,2.8907,20.8920,Canadian
142633,Canadian,Canadian,North American,168.9976,3257.7165,15.3210,289.5644,Canadian
142634,Canadian,Canadian,North American,460.7649,2451.6800,57.2103,50.4396,Canadian
142635,Canadian,Canadian,North American,51.0098,358.7460,9.6416,14.0203,Canadian
142636,Canadian,Canadian,North American,31.9569,109354.5221,29.3863,12097.0363,Canadian
142637,Canadian,Canadian,North American,2.3679,106.8300,21.5820,0.3366,Canadian
142638,Canadian,Canadian,North American,161.9109,1039.4100,7.0995,43.4938,Canadian
142639,Canadian,Canadian,North American,56.8712,230.4000,3.3668,1.8430,Canadian
142640,Canadian,Canadian,North American,448.9898,5473.7127,69.6423,409.1716,Canadian
142641,Canadian,Canadian,North American,356.4018,2915.3425,74.7770,143.3587,Canadian
142642,Canadian,Canadian,North American,737.7372,3393.3310,39.0771,35.2663,Canadian
142643,Canadian,Canadian,North American,30.8673,307.9735,7.2954,19.4405,Canadian
142644,Canadian,Canadian,North American,212.0644,1959.6884,46.7585,111.8616,Canadian
142645,Canadian,Canadian,North American,861.1504,4926.1783,72.0580,125.0094,Canadian
142646,Canadian,Canadian,North American,246.9382,2220.4605,187.6814,50.2429,Canadian
142647,Canadian,Canadian,North American,223.4728,2114.9073,223.6779,40.9387,Canadian
142648,Canadian,Canadian,North American,154.5398,977.6748,59.5027,15.8702,Canadian
142649,Canadian,Canadian,North American,43.0810,1578.6259,83.3787,119.4283,Canadian
142650,Canadian,Canadian,North American,2.9427,11.4000,0.0036,0.0000,Canadian
142651,Canadian,Canadian,North American,124.7923,924.4712,43.6640,29.9759,Canadian
142652,Canadian,Canadian,North American,51.6415,246.2950,9.2197,3.0901,Canadian
142653,Canadian,Canadian,North American,12.5975,1617.4056,190.1524,89.7410,Canadian
142654,Canadian,Canadian,North American,607.5411,2430.4400,0.5844,0.1375,Canadian
142655,Canadian,Canadian,North American,400.6685,3321.9840,69.3780,176.6320,Canadian
142656,Canadian,Canadian,North American,486.4867,3539.7029,231.8106,77.5625,Canadian
142657,Canadian,Canadian,North American,720.0220,2833.1510,54.2080,12.0055,Canadian
142658,Canadian,Canadian,North American,80.6689,923.1330,27.0247,61.2165,Canadian
142659,Canadian,Canadian,North American,24.0692,1663.3996,191.6974,84.3703,Canadian
142660,Canadian,Canadian,North American,3.3688,53.0790,1.9298,3.7580,Canadian
142661,Canadian,Canadian,North American,32.4342,329.9000,11.8292,18.7670,Canadian
142662,Canadian,Canadian,North American,105.9803,1362.9462,129.7193,51.4951,Canadian
142663,Canadian,Canadian,North American,337.8439,3119.0083,24.8693,201.1429,Canadian
142664,Canadian,Canadian,North American,42.7126,1003.4183,105.1068,44.1223,Canadian
142665,Canadian,Canadian,North American,357.0846,2419.6567,26.1880,110.4273,Canadian
142666,Canadian,Canadian,North American,234.2753,1645.0760,33.9345,67.1125,Canadian
142667,Canadian,Canadian,North American,147.0411,773.9800,3.9763,21.6600,Canadian
142668,Canadian,Canadian,North American,49.4711,1114.3237,98.9245,59.1779,Canadian
142669,Canadian,Canadian,North American,22.6045,453.4115,22.2380,32.7974,Canadian
142670,Canadian,Canadian,North American,301.7846,1798.3082,48.9101,69.6742,Canadian
142671,Canadian,Canadian,North American,15.9358,1097.5473,99.0508,68.3583,Canadian
142672,Canadian,Canadian,North American,33.5325,690.7100,21.4787,57.6732,Canadian
142673,Canadian,Canadian,North American,110.0193,424.6800,1.5924,0.1710,Canadian
142674,Canadian,Canadian,North American,483.2104,2895.0380,46.8643,96.4971,Canadian
142675,Canadian,Canadian,North American,778.3346,3133.3930,8.9841,3.0006,Canadian
142676,Canadian,Canadian,North American,33.7797,2198.9832,37.0557,221.1187,Canadian
142677,Canadian,Canadian,North American,31.6890,685.8000,21.5682,57.6438,Canadian
142678,Canadian,Canadian,North American,347.4050,3407.4440,108.6613,191.5928,Canadian
142679,Canadian,Canadian,North American,9.7135,83.3635,1.8270,4.8255,Canadian
142680,Canadian,Canadian,North American,242.2746,3826.5448,47.0383,300.4767,Canadian
142681,Canadian,Canadian,North American,16.3741,827.6454,39.8963,67.7575,Canadian
142682,Canadian,Canadian,North American,8.7622,598.2697,100.0790,15.8353,Canadian
142683,Canadian,Canadian,North American,23.6223,651.4070,25.1856,56.0383,Canadian
142684,Canadian,Canadian,North American,12.0753,160.4200,10.7567,8.2208,Canadian
142685,Canadian,Canadian,North American,4.6699,18.8040,0.0371,0.0099,Canadian
142686,Canadian,Canadian,North American,214.5613,2665.0600,79.3605,195.7095,Canadian
142687,Canadian,Canadian,North American,200.0376,1205.2800,40.0464,27.9936,Canadian
142688,Canadian,Canadian,North American,108.1607,1461.7681,107.8118,62.5861,Canadian
142689,Canadian,Canadian,North American,807.2676,4587.9660,114.1860,91.0596,Canadian
142690,Canadian,Canadian,North American,1.9570,52.6208,1.1982,4.7267,Canadian
142691,Canadian,Canadian,North American,2181.7365,14758.1200,211.5300,600.3200,Canadian
142692,Canadian,Canadian,North American,333.7613,1672.0030,26.6913,28.6950,Canadian
142693,Canadian,Canadian,North American,73.3047,634.8870,42.0706,24.1665,Canadian
142694,Canadian,Canadian,North American,330.9680,21914.3960,534.1326,2091.8551,Canadian
142695,Canadian,Canadian,North American,231.8806,903.3915,2.2045,0.8335,Canadian
142696,Canadian,Canadian,North American,69.3043,1347.7532,55.8774,102.3423,Canadian
142697,Canadian,Canadian,North American,13.2328,3758.1407,718.0816,72.1334,Canadian
142698,Canadian,Canadian,North American,224.7675,1276.7646,90.4273,2.3557,Canadian
142699,Canadian,Canadian,North American,218.9313,1718.5150,27.0791,88.8161,Canadian
142700,Canadian,Canadian,North American,231.8679,2386.1310,66.6985,138.3579,Canadian
142701,Canadian,Canadian,North American,428.8594,3910.7335,59.9421,228.7673,Canadian
142702,Canadian,Canadian,North American,219.2558,2430.6627,173.6322,96.0455,Canadian
142703,Canadian,Canadian,North American,42.7488,1129.4800,0.0000,109.0000,Canadian
142704,Canadian,Canadian,North American,538.7361,2743.4560,49.1934,53.6988,Canadian
142705,Canadian,Canadian,North American,4.1839,37.7216,4.0299,0.5094,Canadian
142706,Canadian,Canadian,North American,149.0122,2958.5220,20.7923,264.8304,Canadian
142707,Canadian,Canadian,North American,174.4459,2417.5360,35.4886,186.7263,Canadian
142708,Canadian,Canadian,North American,350.4502,1497.7620,21.7699,2.3652,Canadian
142709,Canadian,Canadian,North American,26.8400,1756.4703,363.0758,11.1667,Canadian
142710,Canadian,Canadian,North American,62.3742,861.2238,6.9301,69.1269,Canadian
142711,Canadian,Canadian,North American,18.0334,801.7949,3.9916,82.1712,Canadian
142712,Canadian,Canadian,North American,109.5165,495.0000,2.7345,7.2945,Canadian
142713,Canadian,Canadian,North American,21.3284,323.7200,22.3402,16.9628,Canadian
142714,Canadian,Canadian,North American,18.8506,627.7250,11.0000,58.9264,Canadian
142715,Canadian,Canadian,North American,242.9577,2660.9250,29.2673,186.3264,Canadian
142716,Canadian,Canadian,North American,50.0899,577.6537,8.3914,41.8686,Canadian
142717,Canadian,Canadian,North American,44.8568,207.1681,11.9624,1.9878,Canadian
142718,Canadian,Canadian,North American,28.3888,1201.9574,138.4970,58.0815,Canadian
142719,Canadian,Canadian,North American,296.2395,2665.3591,64.0765,135.2657,Canadian
142720,Canadian,Canadian,North American,0.8332,3.2905,0.1417,0.0442,Canadian
142721,Canadian,Canadian,North American,595.8080,4593.0542,54.7969,239.0354,Canadian
142722,Canadian,Canadian,North American,131.2080,498.3000,5.5935,0.7590,Canadian
142723,Canadian,Canadian,North American,16.2351,79.4340,1.8795,0.1975,Canadian
142724,Canadian,Canadian,North American,315.2342,1843.6690,40.5570,67.2613,Canadian
142725,Canadian,Canadian,North American,143.2042,5787.1531,400.2511,396.7517,Canadian
142726,Canadian,Canadian,North American,36.1410,631.9440,21.7935,49.1841,Canadian
142727,Canadian,Canadian,North American,121.7767,1075.7110,28.5978,57.0612,Canadian
142728,Canadian,Canadian,North American,31.2551,262.9200,5.8873,14.5531,Canadian
142729,Canadian,Canadian,North American,439.1189,2806.3360,81.9937,77.3407,Canadian
142731,Canadian,Canadian,North American,,,,,Canadian
142732,Canadian,Canadian,North American,7.4290,234.4100,2.9127,22.3257,Canadian
142733,Canadian,Canadian,North American,21.1851,487.5669,10.8989,39.9266,Canadian
142734,Canadian,Canadian,North American,78.6978,319.2600,2.4624,1.0800,Canadian
142735,Canadian,Canadian,North American,196.4223,8684.4481,1195.9816,316.0972,Canadian
142736,Canadian,Canadian,North American,361.4872,1831.4945,23.6869,38.6374,Canadian
142737,Canadian,Canadian,North American,302.1611,3821.4605,20.3508,292.1532,Canadian
142738,Canadian,Canadian,North American,122.9613,588.2150,8.7565,5.4320,Canadian
142739,Canadian,Canadian,North American,14.0179,1205.8783,0.9925,129.4218,Canadian
142740,Canadian,Canadian,North American,87.5945,2160.6312,58.9243,179.7683,Canadian
142741,Canadian,Canadian,North American,73.6153,545.0112,1.7663,27.4485,Canadian
142742,Canadian,Canadian,North American,8902.6839,46869.1247,5039.8407,380.5481,Canadian
142743,Canadian,Canadian,North American,41.3145,1033.6702,11.8847,94.7234,Canadian
142744,Canadian,Canadian,North American,200.8341,3002.0000,32.9179,238.7309,Canadian
142745,Canadian,Canadian,North American,109.2097,1442.7110,48.3530,96.1520,Canadian
142746,Canadian,Canadian,North American,108.9504,842.0200,27.1850,38.1990,Canadian
142747,Canadian,Canadian,North American,97.1580,631.5403,24.7620,17.5458,Canadian
142748,Canadian,Canadian,North American,214.7582,1064.2467,18.7013,24.8868,Canadian
142749,Canadian,Canadian,North American,323.4157,2752.6045,44.0532,160.3659,Canadian
142750,Canadian,Canadian,North American,150.8687,1295.5720,20.2473,68.7401,Canadian
142751,Canadian,Canadian,North American,568.5443,3561.1340,68.2265,130.1221,Canadian
142752,Canadian,Canadian,North American,103.0489,488.8394,22.7193,2.6258,Canadian
142753,Canadian,Canadian,North American,165.0738,2089.0240,34.2657,153.9230,Canadian
142754,Canadian,Canadian,North American,29.7119,1984.3590,13.8009,209.1488,Canadian
142755,Canadian,Canadian,North American,4.1237,62.0212,6.2708,2.3083,Canadian
142756,Canadian,Canadian,North American,2.6190,57.0000,1.7810,4.8000,Canadian
142757,Canadian,Canadian,North American,6.2016,5837.7732,447.8698,434.0234,Canadian
142758,Canadian,Canadian,North American,32.3600,367.5000,38.2800,8.7550,Canadian
142759,Canadian,Canadian,North American,2.7248,378.2633,45.1249,19.1333,Canadian
142760,Canadian,Canadian,North American,80.8038,565.7925,28.2372,14.7534,Canadian
142761,Canadian,Canadian,North American,2.1510,27.4500,1.4175,1.4715,Canadian
142762,Canadian,Canadian,North American,235.4779,1789.4433,50.8989,78.0094,Canadian
142763,Canadian,Canadian,North American,115.1365,1126.2965,21.5853,66.0907,Canadian
142764,Canadian,Canadian,North American,1220.5197,4943.9650,1.4104,0.2788,Canadian
142765,Canadian,Canadian,North American,8.3024,267.7175,4.9125,23.7825,Canadian
142766,Canadian,Canadian,North American,49.9391,3442.0799,724.2821,18.7361,Canadian
142767,Canadian,Canadian,North American,,,,,Canadian
142768,Canadian,Canadian,North American,231.1160,1841.3045,140.7659,46.3499,Canadian
142769,Canadian,Canadian,North American,54.7840,226.8800,2.9412,1.3430,Canadian
142770,Canadian,Canadian,North American,38.8186,491.8425,22.8793,30.7602,Canadian
142771,Canadian,Canadian,North American,24.8364,1342.7107,54.6752,115.9317,Canadian
142772,Canadian,Canadian,North American,287.8725,4734.6700,126.5666,370.7166,Canadian
142773,Canadian,Canadian,North American,50.6047,424.6858,16.9379,15.9586,Canadian
142774,Canadian,Canadian,North American,525.2991,3239.0620,29.0143,115.9388,Canadian
142775,Canadian,Canadian,North American,6.7536,6866.4790,256.6747,636.7187,Canadian
142776,Canadian,Canadian,North American,265.3523,2627.9669,71.8412,153.6895,Canadian
142777,Canadian,Canadian,North American,152.3534,2321.6203,42.7022,186.9775,Canadian
142778,Canadian,Canadian,North American,815.9641,4467.9027,59.1398,117.8067,Canadian
142779,Canadian,Canadian,North American,118.6740,900.4976,26.7583,35.7087,Canadian
142780,Canadian,Canadian,North American,61.7895,1204.6082,3.0447,109.7546,Canadian
142781,Canadian,Canadian,North American,49.4453,2924.1581,552.9252,42.6773,Canadian
142782,Canadian,Canadian,North American,31.0907,1304.3068,94.1606,86.8961,Canadian
142783,Canadian,Canadian,North American,48.2625,296.9810,1.3500,0.4500,Canadian
142784,Canadian,Canadian,North American,55.5962,2047.1844,185.0442,118.5796,Canadian
142785,Canadian,Canadian,North American,15.8841,128.9000,2.3984,6.6888,Canadian
142786,Canadian,Canadian,North American,82.0999,3592.9412,395.2854,176.7637,Canadian
142787,Canadian,Canadian,North American,44.0485,192.4376,6.6522,1.4746,Canadian
142788,Canadian,Canadian,North American,122.0084,793.1450,19.2477,28.6291,Canadian
142789,Canadian,Canadian,North American,33.8171,3796.5787,304.0679,264.5429,Canadian
142790,Canadian,Canadian,North American,5.1620,22.2500,1.1392,0.0890,Canadian
142791,Canadian,Canadian,North American,186.0849,1487.4175,5.0564,87.8923,Canadian
142792,Canadian,Canadian,North American,0.0000,0.0000,0.0000,0.0000,Canadian
142793,Canadian,Canadian,North American,147.2177,725.8000,9.0562,14.2859,Canadian
142794,Canadian,Canadian,North American,131.6690,1190.9148,33.0382,60.1159,Canadian
142795,Canadian,Canadian,North American,74.6486,1419.3471,226.2857,20.3623,Canadian
142796,Canadian,Canadian,North American,21.2781,1372.1732,89.6592,102.8408,Canadian
142797,Canadian,Canadian,North American,,,,,Canadian
142798,Canadian,Canadian,North American,278.6540,2204.0000,43.0080,115.2000,Canadian
142799,Canadian,Canadian,North American,54.1419,3731.2180,80.1825,360.0331,Canadian
142800,Canadian,Canadian,North American,72.4864,1615.5944,199.7782,59.9734,Canadian
142801,Canadian,Canadian,North American,61.2315,1529.7164,160.6863,75.1465,Canadian
142802,Canadian,Canadian,North American,155.2058,1560.4400,11.1533,104.8191,Canadian
142803,Canadian,Canadian,North American,295.2189,2908.0138,30.7403,195.9248,Canadian
142804,Canadian,Canadian,North American,23.2110,1560.8798,135.7483,102.1396,Canadian
142805,Canadian,Canadian,North American,15.7956,965.9140,90.3211,58.0547,Canadian
142806,Canadian,Canadian,North American,63.3709,1228.6562,18.6046,107.9420,Canadian
142807,Canadian,Canadian,North American,506.2096,2648.3990,49.0310,47.7960,Canadian
142808,Canadian,Canadian,North American,302.0943,2323.2733,56.3795,107.3348,Canadian
142809,Canadian,Canadian,North American,169.3185,1625.1199,23.5232,98.5675,Canadian
142810,Canadian,Canadian,North American,48.9592,317.8925,4.2452,14.4406,Canadian
142811,Canadian,Canadian,North American,72.8712,335.7538,14.0235,5.0305,Canadian
142812,Canadian,Canadian,North American,11.8023,686.1800,12.1573,67.1526,Canadian
142813,Canadian,Canadian,North American,50.7938,942.6920,37.2610,72.0868,Canadian
142814,Canadian,Canadian,North American,68.7470,256.2000,1.0370,0.6100,Canadian
142815,Canadian,Canadian,North American,60.9605,1774.7985,20.4749,174.7770,Canadian
142816,Canadian,Canadian,North American,83.1000,3450.0000,34.3500,357.6000,Canadian
142817,Canadian,Canadian,North American,1.8408,174.1535,1.1453,18.1059,Canadian
142818,Canadian,Canadian,North American,289.9226,1310.7803,7.5643,17.9651,Canadian
142819,Canadian,Canadian,North American,69.4149,538.4328,9.3598,24.7871,Canadian
142820,Canadian,Canadian,North American,3.3258,397.0984,18.6507,34.9632,Canadian
142821,Canadian,Canadian,North American,100.3949,575.3630,19.2452,13.5461,Canadian
142822,Canadian,Canadian,North American,35.4048,722.5645,103.6778,18.0576,Canadian
142823,Canadian,Canadian,North American,160.1328,3716.8483,107.7751,305.7878,Canadian
142824,Canadian,Canadian,North American,456.7677,3045.8564,81.2824,100.5568,Canadian
142825,Canadian,Canadian,North American,411.9770,33527.1499,803.3380,3244.8571,Canadian
142826,Canadian,Canadian,North American,61.3354,513.3505,9.7451,28.8519,Canadian
142827,Canadian,Canadian,North American,27.0070,119.6750,2.9102,0.3974,Canadian
142828,Canadian,Canadian,North American,77.2133,422.6178,15.4707,8.0426,Canadian
142829,Canadian,Canadian,North American,49.4947,256.4540,2.7183,4.5171,Canadian
142830,Canadian,Canadian,North American,159.2369,737.8265,26.7744,2.4325,Canadian
142831,Canadian,Canadian,North American,545.5540,2664.3274,72.3737,34.8621,Canadian
142832,Canadian,Canadian,North American,63.9708,833.6513,24.6741,59.0599,Canadian
142833,Canadian,Canadian,North American,122.8212,699.7011,21.8200,16.4076,Canadian
142834,Canadian,Canadian,North American,86.8457,5210.9847,382.6576,363.8894,Canadian
142835,Canadian,Canadian,North American,227.8503,1460.2759,71.0423,30.9885,Canadian
142836,Canadian,Canadian,North American,63.7963,256.0212,1.4521,0.6822,Canadian
142837,Canadian,Canadian,North American,322.6354,1753.5207,55.0423,22.2598,Canadian
142838,Canadian,Canadian,North American,339.5452,1471.4002,19.4751,5.0472,Canadian
142839,Canadian,Canadian,North American,55.8800,1153.2804,97.9322,61.1940,Canadian
142840,Canadian,Canadian,North American,43.7421,9964.8350,61.5414,1077.5413,Canadian
142841,Canadian,Canadian,North American,364.4540,2134.0160,60.9283,77.0977,Canadian
142842,Canadian,Canadian,North American,158.6471,1521.3062,18.4904,101.6686,Canadian
142843,Canadian,Canadian,North American,16.3069,1167.0313,74.3286,89.5199,Canadian
142844,Canadian,Canadian,North American,9.9482,919.4999,91.2499,56.6467,Canadian
142845,Canadian,Canadian,North American,26.6622,923.4800,109.7676,39.4512,Canadian
142846,Canadian,Canadian,North American,25.1823,483.0092,17.8941,35.8210,Canadian
142847,Canadian,Canadian,North American,88.0625,922.9800,17.4344,58.6184,Canadian
142848,Canadian,Canadian,North American,10.1048,417.0240,4.1226,42.9126,Canadian
142849,Canadian,Canadian,North American,621.5202,4664.2060,64.0468,231.9305,Canadian
142850,Canadian,Canadian,North American,45.8237,3976.5850,10.3990,426.2989,Canadian
142851,Canadian,Canadian,North American,359.3501,2909.2738,34.1474,147.6676,Canadian
142852,Canadian,Canadian,North American,211.1526,901.6500,13.6839,7.9332,Canadian
142853,Canadian,Canadian,North American,709.9550,4179.8980,97.6311,181.6619,Canadian
142854,Canadian,Canadian,North American,39.8608,3351.9942,19.0385,346.5075,Canadian
142855,Canadian,Canadian,North American,140.5654,1560.1184,207.5665,13.2340,Canadian
142856,Canadian,Canadian,North American,21.3468,98.2998,4.6948,0.9536,Canadian
142857,Canadian,Canadian,North American,175.1040,729.6000,15.2760,6.8400,Canadian
142858,Canadian,Canadian,North American,83.7088,1108.0130,7.9740,86.1905,Canadian
142859,Canadian,Canadian,North American,38.0278,517.0582,7.0778,39.5686,Canadian
142860,Canadian,Canadian,North American,56.8119,247.9690,10.7499,1.4317,Canadian
142861,Canadian,Canadian,North American,38.0500,856.2733,27.1729,71.9746,Canadian
142862,Canadian,Canadian,North American,34.1800,566.7782,69.6662,16.1625,Canadian
142863,Canadian,Canadian,North American,133.1305,1790.1257,40.8958,132.4526,Canadian
142864,Canadian,Canadian,North American,17.8675,176.8425,0.3775,12.0810,Canadian
142865,Canadian,Canadian,North American,211.9829,2434.8400,30.8390,168.8436,Canadian
142866,Canadian,Canadian,North American,17.8212,2705.6405,103.2163,243.7961,Canadian
142867,Canadian,Canadian,North American,104.4118,432.0985,4.8028,2.7345,Canadian
142868,Canadian,Canadian,North American,21.1243,98.4158,3.8336,1.5280,Canadian
142869,Canadian,Canadian,North American,128.5460,1118.0530,21.4842,59.5884,Canadian
142870,Canadian,Canadian,North American,267.3389,3158.4764,63.4644,216.1464,Canadian
142871,Canadian,Canadian,North American,8.2498,705.8712,118.1050,21.7897,Canadian
142872,Canadian,Canadian,North American,147.0065,1374.5920,29.5737,84.4287,Canadian
142873,Canadian,Canadian,North American,15.8570,245.0000,13.3430,15.4000,Canadian
142874,Canadian,Canadian,North American,80.2934,1619.5800,63.7268,129.1000,Canadian
142875,Canadian,Canadian,North American,35.6847,1698.4034,178.2658,93.7733,Canadian
142876,Canadian,Canadian,North American,110.3135,4367.3840,2.7383,443.2983,Canadian
142877,Canadian,Canadian,North American,24.6758,716.7610,15.9553,63.4819,Canadian
142878,Canadian,Canadian,North American,174.9931,1972.3400,111.6013,96.8954,Canadian
142879,Canadian,Canadian,North American,55.0855,905.9100,21.2479,66.7350,Canadian
142880,Canadian,Canadian,North American,92.8847,734.6667,14.3360,38.4000,Canadian
142881,Canadian,Canadian,North American,31.4803,229.0176,5.3464,8.6660,Canadian
142882,Canadian,Canadian,North American,16.4291,4063.1064,35.2344,431.3922,Canadian
142883,Canadian,Canadian,North American,75932.1632,352541.2286,16.7033,10.6209,Canadian
142884,Canadian,Canadian,North American,139.7598,589.1233,2.8119,0.2444,Canadian
142885,Canadian,Canadian,North American,208.0269,1930.6289,19.3098,129.9895,Canadian
142886,Canadian,Canadian,North American,46.7603,583.6802,13.7789,42.6387,Canadian
142887,Canadian,Canadian,North American,0.1328,335.7320,44.8806,1.1339,Canadian
142889,Canadian,Canadian,North American,112.5656,3961.6844,368.5413,221.2662,Canadian
142890,Canadian,Canadian,North American,125.6398,606.4423,26.9724,7.6525,Canadian
142891,Canadian,Canadian,North American,193.6120,1565.9685,176.0356,13.5869,Canadian
142892,Canadian,Canadian,North American,263.9011,1002.9840,11.3791,1.8008,Canadian
142893,Canadian,Canadian,North American,172.8266,899.3378,16.6380,14.3486,Canadian
142894,Canadian,Canadian,North American,639.0721,3809.4772,70.4438,123.3488,Canadian
142895,Canadian,Canadian,North American,11.8049,285.0975,6.0494,24.3243,Canadian
142896,Canadian,Canadian,North American,423.6615,1666.5000,1.1425,2.7780,Canadian
142897,Canadian,Canadian,North American,17.5453,84.0432,3.1887,0.5978,Canadian
142898,Canadian,Canadian,North American,36.1412,365.3550,10.2475,22.0605,Canadian
142899,Canadian,Canadian,North American,340.8728,2821.0333,15.0396,167.5920,Canadian
142900,Canadian,Canadian,North American,3.5639,567.3311,46.0089,40.6986,Canadian
142901,Canadian,Canadian,North American,156.9902,2831.6090,58.1017,232.4377,Canadian
142902,Canadian,Canadian,North American,145.3106,2395.5760,25.6697,194.5148,Canadian
142903,Canadian,Canadian,North American,308.7499,2709.7710,63.6613,150.4179,Canadian
142904,Canadian,Canadian,North American,33.1045,217.9232,4.0365,9.8627,Canadian
142905,Canadian,Canadian,North American,137.7655,12988.5600,286.8381,1261.1082,Canadian
142906,Canadian,Canadian,North American,162.6851,1090.0661,32.9729,45.1425,Canadian
142907,Canadian,Canadian,North American,37.0988,352.7420,15.3720,15.9576,Canadian
142908,Canadian,Canadian,North American,114.3489,1619.7785,48.9785,112.7368,Canadian
142909,Canadian,Canadian,North American,116.9048,1030.9618,50.1662,48.6579,Canadian
142910,Canadian,Canadian,North American,109.1338,728.9383,13.7938,28.7827,Canadian
142911,Canadian,Canadian,North American,145.9647,5665.4722,282.4297,430.4190,Canadian
142912,Canadian,Canadian,North American,116.3629,162282.7252,35947.4123,935.9644,Canadian
142913,Canadian,Canadian,North American,45.7563,2234.7341,159.6391,157.8358,Canadian
142914,Canadian,Canadian,North American,419.0460,2018.0000,3.6720,43.2960,Canadian
142915,Canadian,Canadian,North American,92.5937,1502.0160,42.8297,115.2185,Canadian
142916,Canadian,Canadian,North American,13.9028,559.6611,71.4832,25.2201,Canadian
142917,Canadian,Canadian,North American,173.4768,991.6450,8.0213,33.1229,Canadian
142918,Canadian,Canadian,North American,332.8335,1643.7688,53.6499,10.7093,Canadian
142919,Canadian,Canadian,North American,48.0323,763.1678,24.6905,58.3109,Canadian
142920,Canadian,Canadian,North American,15.0880,1215.6050,206.1615,31.0555,Canadian
142921,Canadian,Canadian,North American,290.3042,1397.6156,34.6627,16.2328,Canadian
142922,Canadian,Canadian,North American,20.3841,139.5317,13.6905,1.3596,Canadian
142923,Canadian,Canadian,North American,154.6676,1429.7005,76.1838,60.6797,Canadian
142924,Canadian,Canadian,North American,257.0103,1225.1850,22.9410,12.7784,Canadian
142925,Canadian,Canadian,North American,33.8437,213.6575,6.2082,7.5224,Canadian
142926,Canadian,Canadian,North American,4.0920,1026.9600,67.5840,82.2096,Canadian
142927,Canadian,Canadian,North American,24.9071,442.2038,10.0193,35.2194,Canadian
142928,Canadian,Canadian,North American,19.9374,417.8660,33.7887,22.6955,Canadian
142929,Canadian,Canadian,North American,65.1935,470.7048,16.5676,18.3154,Canadian
142930,Canadian,Canadian,North American,645.5810,4023.7610,53.4107,142.7006,Canadian
142931,Canadian,Canadian,North American,5.6217,640.0076,91.2416,25.9414,Canadian
142932,Canadian,Canadian,North American,38.7610,1080.0145,16.1729,103.4974,Canadian
142933,Canadian,Canadian,North American,97.8704,954.4752,115.1598,13.1655,Canadian
142934,Canadian,Canadian,North American,5.7512,93.5000,2.9668,7.3746,Canadian
142935,Canadian,Canadian,North American,36.7161,795.7524,84.4003,36.7147,Canadian
142936,Canadian,Canadian,North American,8.7293,556.9171,6.5788,57.2151,Canadian
142937,Canadian,Canadian,North American,34.7919,475.0194,61.9214,9.3647,Canadian
142938,Canadian,Canadian,North American,31.9240,137.4200,3.9935,0.6142,Canadian
142939,Canadian,Canadian,North American,540.7711,5463.6041,294.0542,250.7738,Canadian
142940,Canadian,Canadian,North American,6.0285,262.5000,6.9315,24.3600,Canadian
142941,Canadian,Canadian,North American,16.9623,2150.5400,79.6336,195.0092,Canadian
142942,Canadian,Canadian,North American,76.7917,1278.3096,46.0927,85.1611,Canadian
142943,Canadian,Canadian,North American,4.6423,229.1610,2.8083,20.7269,Canadian
142944,Canadian,Canadian,North American,65.7664,247.6800,11.2283,4.6986,Canadian
142945,Canadian,Canadian,North American,34.0455,195.3020,12.1255,3.4286,Canadian
142946,Canadian,Canadian,North American,17.1170,598.4187,5.6529,52.2824,Canadian
142947,Canadian,Canadian,North American,40.4327,1273.5180,41.0504,110.7303,Canadian
142948,Canadian,Canadian,North American,843.5531,3518.0100,4.3842,1.8162,Canadian
142949,Canadian,Canadian,North American,598.0929,2851.9875,50.0836,31.0768,Canadian
142950,Canadian,Canadian,North American,167.9811,1843.1719,28.3131,119.7770,Canadian
142951,Canadian,Canadian,North American,117.2053,990.2160,19.0989,50.3142,Canadian
142952,Canadian,Canadian,North American,452.2788,1854.9300,9.8778,1.7571,Canadian
142953,Canadian,Canadian,North American,3.4279,16.7700,0.5741,0.4913,Canadian
142954,Canadian,Canadian,North American,74.2140,327.1800,13.1670,0.7980,Canadian
142955,Canadian,Canadian,North American,6.3112,79.7613,12.1299,0.5888,Canadian
142956,Canadian,Canadian,North American,62.0274,509.0032,51.1958,6.7257,Canadian
142957,Canadian,Canadian,North American,5.0336,376.3900,6.4902,36.0789,Canadian
142958,Canadian,Canadian,North American,13.4512,631.9532,37.6517,47.7575,Canadian
142959,Canadian,Canadian,North American,40.6762,165.1140,3.2187,0.5580,Canadian
142960,Canadian,Canadian,North American,91.5930,990.1883,44.9878,59.8419,Canadian
142961,Canadian,Canadian,North American,157.6311,2409.7000,36.8841,198.2098,Canadian
142962,Canadian,Canadian,North American,2.9350,22.6750,2.1385,0.2655,Canadian
142963,Canadian,Canadian,North American,5.6534,266.4656,1.7226,27.3598,Canadian
142964,Canadian,Canadian,North American,86.9652,799.7416,25.1252,48.5847,Canadian
142965,Canadian,Canadian,North American,34.7104,1106.2022,79.7342,72.0088,Canadian
142966,Canadian,Canadian,North American,431.7001,2338.6287,125.0535,15.0131,Canadian
142967,Canadian,Canadian,North American,132.0649,2051.9024,28.5018,159.4806,Canadian
142968,Canadian,Canadian,North American,294.8854,1645.2587,59.9471,25.3021,Canadian
142969,Canadian,Canadian,North American,105.8216,2947.3245,229.7377,178.8617,Canadian
142970,Canadian,Canadian,North American,452.5785,2813.5582,52.9429,102.3510,Canadian
142971,Canadian,Canadian,North American,90.0184,614.5724,4.1620,28.3068,Canadian
142972,Canadian,Canadian,North American,167.4165,1775.2614,41.3932,115.0345,Canadian
142973,Canadian,Canadian,North American,189.8972,2235.1447,128.2850,106.4409,Canadian
142974,Canadian,Canadian,North American,16.3289,444.6220,4.2296,40.9067,Canadian
142975,Canadian,Canadian,North American,1.2437,284.9533,0.6480,31.0332,Canadian
142976,Canadian,Canadian,North American,228.0123,1466.2815,43.9658,44.9901,Canadian
142977,Canadian,Canadian,North American,14.4570,809.9953,0.8028,84.8980,Canadian
142978,Canadian,Canadian,North American,146.7169,707.1317,31.3756,9.2495,Canadian
142979,Canadian,Canadian,North American,178.6046,714.4471,4.7498,1.6322,Canadian
142980,Canadian,Canadian,North American,6.2120,26.9104,1.4770,0.1718,Canadian
142981,Canadian,Canadian,North American,824.3487,3836.2227,28.9598,63.8665,Canadian
142982,Canadian,Canadian,North American,7.0862,100.6516,5.0082,6.2414,Canadian
142983,Canadian,Canadian,North American,20.6762,266.5180,13.4518,13.9642,Canadian
142984,Canadian,Canadian,North American,7.0416,254.5960,0.9143,25.5613,Canadian
142985,Canadian,Canadian,North American,1.6452,697.7233,10.7910,72.8350,Canadian
142986,Canadian,Canadian,North American,31.6527,426.6600,7.7538,32.1072,Canadian
142987,Canadian,Canadian,North American,30.8336,244.7669,6.5270,11.2343,Canadian
142988,Canadian,Canadian,North American,33.6792,504.0527,57.5576,15.1030,Canadian
142989,Canadian,Canadian,North American,60.5683,811.5069,17.0537,62.0704,Canadian
142990,Canadian,Canadian,North American,199.2896,1090.5779,45.6693,17.4545,Canadian
142991,Canadian,Canadian,North American,55.2446,3747.2896,173.9814,311.0148,Canadian
142992,Canadian,Canadian,North American,45.1306,265489.7125,52306.5576,6103.6066,Canadian
142993,Canadian,Canadian,North American,24.5086,939.8973,43.2393,75.0827,Canadian
142994,Canadian,Canadian,North American,248.6818,1885.7743,47.4220,79.8738,Canadian
142995,Canadian,Canadian,North American,86.0734,503.4410,10.7657,15.5932,Canadian
142996,Canadian,Canadian,North American,77.7490,7830.8320,909.1050,412.8138,Canadian
142997,Canadian,Canadian,North American,45.7357,187.1075,3.5050,1.1180,Canadian
142998,Canadian,Canadian,North American,309.0076,1443.9750,3.2397,22.5797,Canadian
142999,Canadian,Canadian,North American,171.7658,1211.0830,32.5437,65.1285,Canadian
143000,Canadian,Canadian,North American,251.0928,1311.1160,20.6635,28.2055,Canadian
143001,Canadian,Canadian,North American,421.2094,2046.8665,31.3677,37.6005,Canadian
143002,Canadian,Canadian,North American,84.2949,1774.1841,131.7191,101.5018,Canadian
143003,Canadian,Canadian,North American,15.2914,766.0391,83.6444,40.0698,Canadian
143004,Canadian,Canadian,North American,100.4428,853.9060,15.0149,56.6810,Canadian
143005,Canadian,Canadian,North American,2452.6355,11469.5724,371.5485,64.0522,Canadian
143006,Canadian,Canadian,North American,4.3239,88.2800,11.1453,2.6221,Canadian
143007,Canadian,Canadian,North American,17.2710,71.4000,1.3950,0.7610,Canadian
143008,Canadian,Canadian,North American,43.6973,996.4978,15.4047,90.7426,Canadian
143009,Canadian,Canadian,North American,86.0377,419.1067,4.2905,8.0185,Canadian
143010,Canadian,Canadian,North American,146.9715,3625.1817,185.7710,268.3773,Canadian
143011,Canadian,Canadian,North American,31.9578,188.6700,2.4288,6.1650,Canadian
143012,Canadian,Canadian,North American,329.7157,1621.5600,5.8771,33.4892,Canadian
143013,Canadian,Canadian,North American,238.6343,1508.2268,80.2912,34.3099,Canadian
143014,Canadian,Canadian,North American,12.0975,209.3680,9.4559,14.9300,Canadian
143015,Canadian,Canadian,North American,47.6332,694.0625,21.2593,48.2402,Canadian
143016,Canadian,Canadian,North American,377.6030,2244.5800,72.6090,45.0124,Canadian
143017,Canadian,Canadian,North American,41.6820,920.2900,55.1045,61.1886,Canadian
143018,Canadian,Canadian,North American,143.1809,2483.0305,135.3994,166.8773,Canadian
143019,Canadian,Canadian,North American,72.7408,2500.1523,286.2038,114.3371,Canadian
143020,Canadian,Canadian,North American,122.7539,643.2060,14.0893,8.3122,Canadian
143021,Canadian,Canadian,North American,5.8887,361.7568,24.0564,27.0075,Canadian
143022,Canadian,Canadian,North American,448.5622,3088.9730,13.5162,140.7024,Canadian
143023,Canadian,Canadian,North American,325.0673,1806.2800,68.5930,22.0492,Canadian
143024,Canadian,Canadian,North American,10.8294,509.9424,24.6484,41.9943,Canadian
143025,Canadian,Canadian,North American,45.0128,308.0000,21.6858,5.2674,Canadian
143026,Canadian,Canadian,North American,640.0026,3195.4560,76.6965,73.1753,Canadian
143027,Canadian,Canadian,North American,619.7411,3153.9082,44.3140,69.1049,Canadian
143028,Canadian,Canadian,North American,60.8951,5230.6218,581.8148,283.9594,Canadian
143029,Canadian,Canadian,North American,41.9682,1239.5107,133.0554,60.4912,Canadian
143030,Canadian,Canadian,North American,437.1407,2274.1520,74.8554,22.2243,Canadian
143031,Canadian,Canadian,North American,21.8324,1861.8769,287.4384,62.8503,Canadian
143032,Canadian,Canadian,North American,1428.4369,10156.3950,102.0427,451.4619,Canadian
143033,Canadian,Canadian,North American,74.4108,458.1897,10.8981,15.4316,Canadian
143034,Canadian,Canadian,North American,7.2972,112.3489,3.9441,0.1624,Canadian
143035,Canadian,Canadian,North American,1283.2532,7946.8100,79.3418,273.7285,Canadian
143036,Canadian,Canadian,North American,17.2721,1203.4935,200.8325,31.2055,Canadian
143037,Canadian,Canadian,North American,91.7775,2289.7842,92.5658,177.7764,Canadian
143038,Canadian,Canadian,North American,83.2123,483.0872,9.0747,15.1271,Canadian
143039,Canadian,Canadian,North American,133.2364,534.6208,8.3729,2.5031,Canadian
143040,Canadian,Canadian,North American,187.2090,838.0650,20.0315,4.8734,Canadian
143041,Canadian,Canadian,North American,26.9796,703.6526,17.6022,61.8286,Canadian
143042,Canadian,Canadian,North American,116.4892,2193.2500,50.0124,184.5176,Canadian
143043,Canadian,Canadian,North American,0.0000,477.3600,0.0000,54.0000,Canadian
143044,Canadian,Canadian,North American,170.0339,759.0150,5.3699,1.6577,Canadian
143045,Canadian,Canadian,North American,518.8944,3652.7340,51.3768,154.0086,Canadian
143046,Canadian,Canadian,North American,142.0148,1691.3926,189.1546,45.1880,Canadian
143047,Canadian,Canadian,North American,27.4113,1375.8012,103.3098,94.9172,Canadian
143048,Canadian,Canadian,North American,101.9494,1033.6226,10.8527,66.9481,Canadian
143049,Canadian,Canadian,North American,44.9709,1025.4436,50.3434,71.2285,Canadian
143050,Canadian,Canadian,North American,11.9971,100.2526,12.2380,0.4493,Canadian
143051,Canadian,Canadian,North American,173.6370,2273.4120,124.8786,137.1810,Canadian
143052,Canadian,Canadian,North American,150.4424,758.2772,21.2084,8.3511,Canadian
143053,Canadian,Canadian,North American,1509.9291,20113.8087,183.7579,1542.5439,Canadian
143054,Canadian,Canadian,North American,99.9990,866.0940,45.7730,32.5213,Canadian
143055,Canadian,Canadian,North American,1.8084,8.9468,0.3832,0.0881,Canadian
143056,Canadian,Canadian,North American,10.4808,90.4060,11.2753,0.3258,Canadian
143057,Canadian,Canadian,North American,14.6771,166.9317,6.7098,10.2138,Canadian
143058,Canadian,Canadian,North American,19.7819,1285.9251,225.0573,34.3439,Canadian
143059,Canadian,Canadian,North American,203.9427,1375.3270,13.7435,58.9960,Canadian
143060,Canadian,Canadian,North American,64.3803,431.9190,18.2710,14.1998,Canadian
143061,Canadian,Canadian,North American,18.1162,628.0800,4.3397,61.8575,Canadian
143062,Canadian,Canadian,North American,626.7785,3115.4280,21.9765,62.8777,Canadian
143063,Canadian,Canadian,North American,416.2342,3097.9120,84.2475,124.1493,Canadian
143064,Canadian,Canadian,North American,495.0140,3258.2933,18.3730,155.3608,Canadian
143065,Canadian,Canadian,North American,182.9836,3311.1400,86.0249,254.1901,Canadian
143066,Canadian,Canadian,North American,140.9675,3379.3030,52.6381,300.4289,Canadian
143067,Canadian,Canadian,North American,72.5062,4775.2709,269.8397,370.9942,Canadian
143068,Canadian,Canadian,North American,26.3779,134.7470,3.7076,3.5670,Canadian
143069,Canadian,Canadian,North American,242.1320,937.2000,1.2760,0.2860,Canadian
143070,Canadian,Canadian,North American,6.8091,697.4144,94.0208,29.5364,Canadian
143071,Canadian,Canadian,North American,43.7760,182.4000,3.8190,1.7100,Canadian
143072,Canadian,Canadian,North American,15.8455,843.2400,8.2238,81.6048,Canadian
143073,Canadian,Canadian,North American,3.5870,495.1412,0.6645,54.4297,Canadian
143074,Canadian,Canadian,North American,120.3854,492.0432,10.3744,2.4377,Canadian
143075,Canadian,Canadian,North American,101.4122,812.6000,36.3053,33.2998,Canadian
143076,Canadian,Canadian,North American,137.8615,1267.4500,27.5526,77.0684,Canadian
143077,Canadian,Canadian,North American,374.7414,1561.8997,28.4031,19.1118,Canadian
143078,Canadian,Canadian,North American,433.1565,5475.5400,54.0351,388.8385,Canadian
143079,Canadian,Canadian,North American,2.5735,69.3583,0.0363,2.0122,Canadian
143080,Canadian,Canadian,North American,148.6969,2737.4710,53.0945,219.4832,Canadian
143081,Canadian,Canadian,North American,13.6452,264.9600,4.7012,22.5569,Canadian
143082,Canadian,Canadian,North American,93.2470,2994.0514,296.3674,154.1110,Canadian
143083,Canadian,Canadian,North American,29.6814,1540.1977,166.2499,82.0316,Canadian
143084,Canadian,Canadian,North American,12.7880,551.8000,13.5000,49.0100,Canadian
143085,Canadian,Canadian,North American,28.6632,1935.7257,126.2866,142.6901,Canadian
143086,Canadian,Canadian,North American,19.7542,157.7850,3.8466,7.4804,Canadian
143087,Canadian,Canadian,North American,195.9924,2089.2450,25.4863,136.4224,Canadian
143088,Canadian,Canadian,North American,316.3543,3916.2000,37.9010,289.2884,Canadian
143089,Canadian,Canadian,North American,616.6500,6199.5216,171.5204,357.9641,Canadian
143090,Canadian,Canadian,North American,475.6541,2166.7147,48.3139,53.1029,Canadian
143091,Canadian,Canadian,North American,35.1673,136.4391,2.2431,0.5053,Canadian
143092,Canadian,Canadian,North American,485.6829,2212.8786,51.5830,17.6752,Canadian
143093,Canadian,Canadian,North American,6.9685,56.4809,4.2359,1.1403,Canadian
143094,Canadian,Canadian,North American,105.2693,2611.2700,123.8496,192.3317,Canadian
143095,Canadian,Canadian,North American,37.3053,5249.7142,288.1344,429.3387,Canadian
143096,Canadian,Canadian,North American,102.0197,2725.6009,88.0470,229.6179,Canadian
143097,Canadian,Canadian,North American,112.2890,1745.0280,91.2743,110.4248,Canadian
143098,Canadian,Canadian,North American,51.9865,1125.8364,150.8120,33.5409,Canadian
143099,Canadian,Canadian,North American,36.9983,1020.1038,162.2807,25.8370,Canadian
143100,Canadian,Canadian,North American,16.3176,313.6738,38.7263,9.1758,Canadian
143101,Canadian,Canadian,North American,30.1826,515.2988,26.1062,34.6271,Canadian
143102,Canadian,Canadian,North American,450.6140,2518.1150,23.9557,75.0289,Canadian
143103,Canadian,Canadian,North American,0.0000,642.3733,0.0000,72.6667,Canadian
143104,Canadian,Canadian,North American,34.3767,1140.3885,39.7647,97.2819,Canadian
143105,Canadian,Canadian,North American,633.7212,3460.6160,63.4201,83.4149,Canadian
143106,Canadian,Canadian,North American,207.1089,2470.4140,21.5362,175.7768,Canadian
143107,Canadian,Canadian,North American,297.9542,2387.7427,51.2495,120.3182,Canadian
143108,Canadian,Canadian,North American,13.8748,196.8265,6.1569,14.5302,Canadian
143109,Canadian,Canadian,North American,880.3602,6280.5310,86.7195,275.9081,Canadian
143110,Canadian,Canadian,North American,160.8404,1968.1870,33.0893,145.9175,Canadian
143111,Canadian,Canadian,North American,0.0000,0.0000,0.0000,0.0000,Canadian
143112,Canadian,Canadian,North American,440.8949,2471.9592,53.3228,71.2357,Canadian
143113,Canadian,Canadian,North American,85.3210,4064.0611,199.5646,321.8758,Canadian
143114,Canadian,Canadian,North American,7.1896,196.1860,14.1126,12.4120,Canadian
143115,Canadian,Canadian,North American,43.5740,1053.6420,17.6702,93.4315,Canadian
143116,Canadian,Canadian,North American,190.5941,1040.5975,22.0352,21.1138,Canadian
143117,Canadian,Canadian,North American,183.8000,1476.9480,26.0504,73.9966,Canadian
143118,Canadian,Canadian,North American,102.0350,1827.4840,106.5678,117.3393,Canadian
143119,Canadian,Canadian,North American,232.2650,1398.9562,29.3373,44.3420,Canadian
143120,Canadian,Canadian,North American,145.3163,1675.0615,50.9503,104.5334,Canadian
143121,Canadian,Canadian,North American,22.9906,1851.6202,122.5282,137.5804,Canadian
143122,Canadian,Canadian,North American,233.2831,946.5750,7.0784,0.6784,Canadian
143123,Canadian,Canadian,North American,12.6743,1496.8967,1.5774,162.1474,Canadian
143124,Canadian,Canadian,North American,124.2058,1215.0900,27.6558,72.0737,Canadian
143125,Canadian,Canadian,North American,29.2744,332.0150,2.3230,23.2348,Canadian
143126,Canadian,Canadian,North American,617.5258,5048.2220,53.5722,287.0316,Canadian
143127,Canadian,Canadian,North American,53422.9358,436556.2220,5587.6643,23723.3376,Canadian
143128,Canadian,Canadian,North American,367.7016,5848.6895,21.7070,493.7755,Canadian
143129,Canadian,Canadian,North American,82.6853,1422.3870,193.0277,33.0058,Canadian
143130,Canadian,Canadian,North American,10.0519,325.0475,2.0023,31.7160,Canadian
143131,Canadian,Canadian,North American,69.6360,1764.9150,59.9061,152.2259,Canadian
143132,Canadian,Canadian,North American,21.6534,567.5961,96.7605,10.0697,Canadian
143133,Canadian,Canadian,North American,226.6593,2952.3833,129.2780,172.2879,Canadian
143134,Canadian,Canadian,North American,38.9506,636.8810,12.3591,49.2550,Canadian
143135,Canadian,Canadian,North American,259.3228,1977.3440,19.8172,95.2912,Canadian
143136,Canadian,Canadian,North American,67.1765,285.8570,6.3460,0.6297,Canadian
143137,Canadian,Canadian,North American,55.3489,16393.9555,397.5710,1617.6710,Canadian
143138,Canadian,Canadian,North American,91.8934,4929.5297,21.4257,511.2721,Canadian
143139,Canadian,Canadian,North American,140.9958,1255.7400,50.1592,54.2828,Canadian
143140,Canadian,Canadian,North American,97.9204,3808.8875,132.9384,320.2505,Canadian
143141,Canadian,Canadian,North American,73.8111,1893.0412,73.5408,143.2164,Canadian
143142,Canadian,Canadian,North American,65.5656,358.8800,10.2584,8.7576,Canadian
143143,Canadian,Canadian,North American,56.4238,1931.1840,62.5837,174.2485,Canadian
143144,Canadian,Canadian,North American,229.4801,5023.7979,80.6558,464.5838,Canadian
143145,Canadian,Canadian,North American,20.7573,830.1479,8.3371,85.8076,Canadian
143146,Canadian,Canadian,North American,37.7350,1200.0788,55.4083,92.5845,Canadian
143147,Canadian,Canadian,North American,29.4132,629.4517,52.3778,35.9726,Canadian
143148,Canadian,Canadian,North American,0.8471,967.5112,0.2472,109.0603,Canadian
143149,Canadian,Canadian,North American,362.8682,3385.9315,236.9437,104.4336,Canadian
143150,Canadian,Canadian,North American,616.3295,4244.4454,130.1229,167.4863,Canadian
143151,Canadian,Canadian,North American,168.4473,2207.3805,58.9861,149.0265,Canadian
143152,Canadian,Canadian,North American,463.6244,3529.9090,62.5930,164.7695,Canadian
143153,Canadian,Canadian,North American,437.6361,4428.3800,25.1115,298.5214,Canadian
143154,Canadian,Canadian,North American,5.9186,147.1533,1.6408,13.8948,Canadian
143155,Canadian,Canadian,North American,447.6035,3931.9893,134.6604,189.9081,Canadian
143156,Canadian,Canadian,North American,468.4835,2371.5990,27.9570,49.3836,Canadian
143157,Canadian,Canadian,North American,55.1530,454.4267,11.0674,22.0535,Canadian
143158,Canadian,Canadian,North American,53.5254,3585.0232,118.5583,323.9778,Canadian
143159,Canadian,Canadian,North American,191.5406,1665.2574,153.5474,32.9562,Canadian
143160,Canadian,Canadian,North American,17.1139,517.9947,22.4371,40.2024,Canadian
143161,Canadian,Canadian,North American,9.5170,967.0814,134.8457,40.2071,Canadian
143162,Canadian,Canadian,North American,228.4788,1315.2870,23.1294,38.6009,Canadian
143163,Canadian,Canadian,North American,150.6787,1342.8689,33.4459,72.1446,Canadian
143164,Canadian,Canadian,North American,0.3600,71.5000,6.2800,4.7550,Canadian
143165,Canadian,Canadian,North American,183.3126,2857.2133,123.0576,194.8433,Canadian
143166,Canadian,Canadian,North American,173.9107,2119.1584,38.9042,142.7861,Canadian
143167,Canadian,Canadian,North American,8.6095,566.1650,3.3886,60.1841,Canadian
143168,Canadian,Canadian,North American,225.9661,1761.7170,67.0192,91.0140,Canadian
143169,Canadian,Canadian,North American,76.3152,1464.0425,208.6552,33.4968,Canadian
143170,Canadian,Canadian,North American,109.3790,1970.7273,107.6953,129.5911,Canadian
143171,Canadian,Canadian,North American,67.4910,678.5360,25.1133,37.4710,Canadian
143172,Canadian,Canadian,North American,24.0153,820.5975,19.5306,75.3768,Canadian
143173,Canadian,Canadian,North American,19.7949,329.5392,3.7046,27.9512,Canadian
143174,Canadian,Canadian,North American,341.5797,1590.9680,12.2548,25.5907,Canadian
143175,Canadian,Canadian,North American,214.8644,1320.5550,44.4056,32.3131,Canadian
143176,Canadian,Canadian,North American,337.5947,2035.0570,51.7279,56.7113,Canadian
143177,Canadian,Canadian,North American,125.7283,1516.1377,72.0721,84.0428,Canadian
143178,Canadian,Canadian,North American,270.1283,2418.3710,25.2925,144.7200,Canadian
143179,Canadian,Canadian,North American,131.2355,831.8765,19.8907,31.7752,Canadian
143180,Canadian,Canadian,North American,590.9927,3720.8760,70.9875,131.7111,Canadian
143181,Canadian,Canadian,North American,,,,,Canadian
143182,Canadian,Canadian,North American,38.9942,159.6200,0.9476,0.0000,Canadian
143183,Canadian,Canadian,North American,488.5532,3263.4830,25.2113,148.1115,Canadian
143184,Canadian,Canadian,North American,87.4969,523.0131,19.0588,13.8210,Canadian
143185,Canadian,Canadian,North American,180.7366,1261.4910,33.4628,52.0260,Canadian
143186,Canadian,Canadian,North American,121.5772,1696.6038,189.7561,50.8875,Canadian
143187,Canadian,Canadian,North American,21.8992,2093.7198,107.5725,180.3213,Canadian
143188,Canadian,Canadian,North American,39.3954,1415.4833,187.5094,53.1419,Canadian
143189,Canadian,Canadian,North American,47.8511,502.5985,12.3257,32.4991,Canadian
143190,Canadian,Canadian,North American,4.1572,81.2681,0.0423,0.0071,Canadian
143191,Canadian,Canadian,North American,81.2091,737.3060,7.0759,43.4046,Canadian
143192,Canadian,Canadian,North American,42.2954,659.4846,7.5568,55.2634,Canadian
143193,Canadian,Canadian,North American,53.8891,16058.9800,351.3292,1603.4554,Canadian
143194,Canadian,Canadian,North American,2.8672,1101.8133,51.8081,96.3969,Canadian
143195,Canadian,Canadian,North American,460.0771,4069.4988,150.4393,179.0602,Canadian
143196,Canadian,Canadian,North American,122.1788,460.7401,3.0334,2.0354,Canadian
143197,Canadian,Canadian,North American,13.8858,459.3709,48.1878,23.2214,Canadian
143198,Canadian,Canadian,North American,653.7898,4661.4780,121.5921,173.8873,Canadian
143199,Canadian,Canadian,North American,259.2887,1363.6890,12.2910,45.8979,Canadian
143200,Canadian,Canadian,North American,475.5567,3805.1617,81.0515,197.9702,Canadian
143201,Canadian,Canadian,North American,381.2974,1968.4280,31.9105,33.5886,Canadian
143202,Canadian,Canadian,North American,25.3567,3559.1766,280.5794,253.6930,Canadian
143203,Canadian,Canadian,North American,13.7178,148.0856,4.6389,9.8678,Canadian
143204,Canadian,Canadian,North American,52.2448,2136.4607,261.0464,94.0710,Canadian
143205,Canadian,Canadian,North American,156.9286,1675.6960,34.2925,108.1652,Canadian
143206,Canadian,Canadian,North American,59.5965,2843.9467,121.0088,244.9313,Canadian
143207,Canadian,Canadian,North American,26.5567,676.7605,39.0985,48.4845,Canadian
143208,Canadian,Canadian,North American,317.0609,2739.2640,33.7033,155.7676,Canadian
143209,Canadian,Canadian,North American,6715.7940,33200.3185,1592.3161,643.6077,Canadian
143210,Canadian,Canadian,North American,61.3682,465.1776,6.0759,25.4058,Canadian
143211,Canadian,Canadian,North American,25.9454,104.6097,0.1984,0.2268,Canadian
143212,Canadian,Canadian,North American,0.3597,2.3275,0.1356,0.0396,Canadian
143213,Canadian,Canadian,North American,28.7468,114.8400,1.1160,0.4924,Canadian
143214,Canadian,Canadian,North American,896.6393,5855.1745,50.8530,226.6813,Canadian
143215,Canadian,Canadian,North American,159.1227,927.8535,22.0656,30.7148,Canadian
143216,Canadian,Canadian,North American,176.7839,3918.6587,54.8766,355.5956,Canadian
143217,Canadian,Canadian,North American,5.2112,120.1833,12.0710,5.5057,Canadian
143218,Canadian,Canadian,North American,35.3655,1347.3431,120.0920,83.5229,Canadian
143219,Canadian,Canadian,North American,624.4196,3468.0000,53.4742,126.3649,Canadian
143220,Canadian,Canadian,North American,236.4170,1304.3005,35.7537,34.7578,Canadian
143221,Canadian,Canadian,North American,50.5163,1137.5010,193.4707,15.0746,Canadian
143222,Canadian,Canadian,North American,32.0056,142.9600,7.1854,1.2373,Canadian
143223,Canadian,Canadian,North American,32.5260,122.8500,1.0179,0.2340,Canadian
143224,Canadian,Canadian,North American,124.3039,1790.3840,30.0816,139.4346,Canadian
143225,Canadian,Canadian,North American,164.8648,1906.5092,73.4599,115.6801,Canadian
143226,Canadian,Canadian,North American,3.5497,151.8000,1.8707,14.8350,Canadian
143227,Canadian,Canadian,North American,95.9508,1027.0347,29.1398,63.6772,Canadian
143228,Canadian,Canadian,North American,750.4659,3000.4573,10.2920,0.8016,Canadian
143229,Canadian,Canadian,North American,29.9406,245.8443,19.8928,4.5954,Canadian
143230,Canadian,Canadian,North American,140.8596,1958.1367,21.0340,154.9233,Canadian
143231,Canadian,Canadian,North American,25.0047,216.1473,5.0058,3.4992,Canadian
143232,Canadian,Canadian,North American,50.8419,235.2464,9.4229,3.4675,Canadian
143233,Canadian,Canadian,North American,398.9836,2292.2620,28.4010,68.8730,Canadian
143234,Canadian,Canadian,North American,228.4356,1486.9703,110.0020,14.8538,Canadian
143235,Canadian,Canadian,North American,17.8630,271.5400,43.6442,2.3121,Canadian
143236,Canadian,Canadian,North American,374.4152,2232.8855,44.8745,63.2090,Canadian
143237,Canadian,Canadian,North American,154.9640,935.9200,66.7044,13.7220,Canadian
143238,Canadian,Canadian,North American,2.7463,405.0200,20.5177,34.1364,Canadian
143239,Canadian,Canadian,North American,293.4990,1801.0510,27.9816,60.8866,Canadian
143240,Canadian,Canadian,North American,678.0472,3442.0483,63.9358,97.4711,Canadian
143241,Canadian,Canadian,North American,234.7663,1241.7100,16.5202,30.7959,Canadian
143242,Canadian,Canadian,North American,26.9434,923.4977,181.3644,5.0638,Canadian
143243,Canadian,Canadian,North American,22.8993,203.6670,9.9973,9.3429,Canadian
143244,Canadian,Canadian,North American,22.8201,764.9700,33.6174,66.3963,Canadian
143245,Canadian,Canadian,North American,6.8160,1204.1435,82.5522,91.1161,Canadian
143246,Canadian,Canadian,North American,98.3652,877.5340,20.6197,50.2300,Canadian
143247,Canadian,Canadian,North American,646.9151,3405.1670,56.1225,69.4208,Canadian
143248,Canadian,Canadian,North American,3.6385,973.6890,0.7021,108.3681,Canadian
143249,Canadian,Canadian,North American,37.7825,191.4533,4.6136,3.4062,Canadian
143250,Canadian,Canadian,North American,0.5645,161.5200,0.0590,18.0345,Canadian
143251,Canadian,Canadian,North American,7.8570,171.0000,5.3430,14.4000,Canadian
143252,Canadian,Canadian,North American,3.0188,381.1400,14.7092,34.6080,Canadian
143253,Canadian,Canadian,North American,0.4811,237.2000,0.2257,27.2600,Canadian
143254,Canadian,Canadian,North American,298.2924,3062.9936,81.5245,171.3041,Canadian
143255,Canadian,Canadian,North American,193.5444,911.9400,14.4556,17.3890,Canadian
143256,Canadian,Canadian,North American,30.7096,538.8701,26.6874,34.4373,Canadian
143257,Canadian,Canadian,North American,441.4152,2526.5950,27.4380,79.4432,Canadian
143258,Canadian,Canadian,North American,5.6260,37.0510,0.5709,2.0657,Canadian
143259,Canadian,Canadian,North American,194.9386,2090.2923,6.9176,145.2138,Canadian
143260,Canadian,Canadian,North American,513.3132,2363.0710,26.6519,40.5754,Canadian
143261,Canadian,Canadian,North American,1013.6864,5976.8173,149.1059,147.3021,Canadian
143262,Canadian,Canadian,North American,6.9752,673.8165,1.4622,73.0154,Canadian
143263,Canadian,Canadian,North American,0.2548,1.4310,0.0540,0.0777,Canadian
143264,Canadian,Canadian,North American,58.5003,393.2368,38.7948,6.8414,Canadian
143265,Canadian,Canadian,North American,66.7455,308.9416,8.2364,5.6604,Canadian
143266,Canadian,Canadian,North American,11.3813,5798.3779,14.5234,659.8874,Canadian
143267,Canadian,Canadian,North American,27.9236,333.7657,10.3154,22.6057,Canadian
143268,Canadian,Canadian,North American,76.3837,302.1579,3.7003,0.8109,Canadian
143269,Canadian,Canadian,North American,302.9840,1160.1200,2.4245,1.0249,Canadian
143270,Canadian,Canadian,North American,76.6177,407.9764,19.3957,4.3257,Canadian
143271,Canadian,Canadian,North American,15.0359,183.7008,1.7749,13.6647,Canadian
143272,Canadian,Canadian,North American,482.4023,3214.3010,61.8518,129.4688,Canadian
143273,Canadian,Canadian,North American,273.7764,1444.1971,39.2574,13.9828,Canadian
143274,Canadian,Canadian,North American,24.8866,921.8486,96.0165,48.7966,Canadian
143275,Canadian,Canadian,North American,33.2965,314.8445,8.9028,17.8033,Canadian
143276,Canadian,Canadian,North American,209.3237,1547.3710,37.0555,64.6011,Canadian
143277,Canadian,Canadian,North American,14.7720,1447.4970,138.3263,90.5397,Canadian
143278,Canadian,Canadian,North American,10.1901,782.0425,79.9491,46.0055,Canadian
143279,Canadian,Canadian,North American,1.9221,0.0000,0.0000,0.0000,Canadian
143280,Canadian,Canadian,North American,154.5120,592.0000,0.5920,0.5920,Canadian
143281,Canadian,Canadian,North American,525.5539,3444.9850,56.0374,153.9230,Canadian
143282,Canadian,Canadian,North American,32.7380,2012.6960,124.3560,150.7783,Canadian
143283,Canadian,Canadian,North American,16.8251,2707.7254,247.8422,176.3100,Canadian
143284,Canadian,Canadian,North American,13.1003,362.5150,26.5416,22.5084,Canadian
143285,Canadian,Canadian,North American,432.8871,1914.1333,16.0707,19.3173,Canadian
143286,Canadian,Canadian,North American,46.6267,1680.4727,205.2384,78.1114,Canadian
143287,Canadian,Canadian,North American,110.0380,1139.9200,12.5853,74.0942,Canadian
143288,Canadian,Canadian,North American,31.0200,122.4575,1.4174,0.4600,Canadian
143289,Canadian,Canadian,North American,182.6372,2090.5508,208.4179,60.2234,Canadian
143290,Canadian,Canadian,North American,1023.4499,5218.5231,79.4694,101.9702,Canadian
143291,Canadian,Canadian,North American,65.9462,2097.4117,62.7927,176.1809,Canadian
143292,Canadian,Canadian,North American,0.0000,302.6000,67.3200,1.7000,Canadian
143293,Canadian,Canadian,North American,41.3941,1610.6403,38.3654,142.4346,Canadian
143294,Canadian,Canadian,North American,36.5696,1151.1700,10.9647,117.8024,Canadian
143295,Canadian,Canadian,North American,91.4023,2211.5589,77.9301,178.5062,Canadian
143296,Canadian,Canadian,North American,147.5510,1136.4075,22.0043,58.0052,Canadian
143297,Canadian,Canadian,North American,29.2239,228.9210,14.6008,6.5748,Canadian
143298,Canadian,Canadian,North American,242.2473,984.1732,20.2792,5.7020,Canadian
143299,Canadian,Canadian,North American,15.9481,1435.8394,226.8872,51.6275,Canadian
143300,Canadian,Canadian,North American,14.5981,688.8248,105.1079,21.5277,Canadian
143301,Canadian,Canadian,North American,695.6837,3555.7040,70.3915,48.7756,Canadian
143302,Canadian,Canadian,North American,67.4969,633.2353,33.5162,26.1873,Canadian
143303,Canadian,Canadian,North American,15.6319,80.5906,1.8677,1.7433,Canadian
143304,Canadian,Canadian,North American,37.6214,601.1050,30.4740,37.7328,Canadian
143305,Canadian,Canadian,North American,568.8073,2638.8020,28.9810,33.6645,Canadian
143306,Canadian,Canadian,North American,399.1284,4421.3350,36.9945,311.9045,Canadian
143307,Canadian,Canadian,North American,110.7205,429.3750,0.3617,0.0345,Canadian
143308,Canadian,Canadian,North American,24.0780,1341.0000,109.7765,87.3343,Canadian
143309,Canadian,Canadian,North American,3.9868,106.1575,17.4568,2.2798,Canadian
143310,Canadian,Canadian,North American,1079.4398,4303.3465,17.3737,3.2492,Canadian
143311,Canadian,Canadian,North American,119.8830,1792.5931,70.2089,130.1415,Canadian
143312,Canadian,Canadian,North American,823.6997,5131.6867,4.5597,219.0115,Canadian
143313,Canadian,Canadian,North American,4.2348,455.2875,8.1794,45.9628,Canadian
143314,Canadian,Canadian,North American,449.5482,114096.9920,7839.6510,8978.8289,Canadian
143315,Canadian,Canadian,North American,376.9194,1672.2065,17.1368,20.7992,Canadian
143316,Canadian,Canadian,North American,285.2298,2175.1796,36.1288,98.6383,Canadian
143317,Canadian,Canadian,North American,11.5758,370.9348,9.7722,33.5139,Canadian
143318,Canadian,Canadian,North American,89.7480,425.9135,2.4747,8.5459,Canadian
143319,Canadian,Canadian,North American,107.8335,720.7932,19.2272,29.4529,Canadian
143320,Canadian,Canadian,North American,27.4259,428.2926,6.4863,32.6925,Canadian
143321,Canadian,Canadian,North American,44.8320,5272.2910,1082.4024,54.6801,Canadian
143322,Canadian,Canadian,North American,8.7632,911.0237,158.9087,27.2382,Canadian
143323,Canadian,Canadian,North American,860.0493,5105.0900,103.7555,148.9321,Canadian
143324,Canadian,Canadian,North American,239.1715,1989.3580,17.4650,113.4950,Canadian
143325,Canadian,Canadian,North American,254.3849,1918.4960,57.7548,80.1220,Canadian
143326,Canadian,Canadian,North American,216.0794,15709.9582,588.2488,1375.7671,Canadian
143327,Canadian,Canadian,North American,29.6215,894.1900,15.0037,86.5649,Canadian
143328,Canadian,Canadian,North American,88.4565,1421.4905,17.2349,120.5114,Canadian
143329,Canadian,Canadian,North American,165.1884,1699.4760,61.0760,96.2940,Canadian
143330,Canadian,Canadian,North American,16.4079,107.7131,1.8620,4.7431,Canadian
143331,Canadian,Canadian,North American,9.1843,47.6000,2.3290,0.2937,Canadian
143332,Canadian,Canadian,North American,64.8091,2831.6314,191.6806,202.3338,Canadian
143333,Canadian,Canadian,North American,56.0698,1904.2666,369.4966,19.1526,Canadian
143334,Canadian,Canadian,North American,57.0183,3690.0045,388.4962,203.8100,Canadian
143335,Canadian,Canadian,North American,146.3956,1394.6680,19.0498,88.2414,Canadian
143336,Canadian,Canadian,North American,198.9992,2742.3661,94.3354,173.6840,Canadian
143337,Canadian,Canadian,North American,54.3671,355.6167,13.3330,9.9691,Canadian
143338,Canadian,Canadian,North American,21.1543,1718.2376,179.2350,97.0505,Canadian
143339,Canadian,Canadian,North American,782.0582,4375.3650,33.6660,125.0708,Canadian
143340,Canadian,Canadian,North American,503.9362,1996.2566,14.3628,6.7098,Canadian
143341,Canadian,Canadian,North American,41.7380,1139.7150,46.5561,96.6339,Canadian
143342,Canadian,Canadian,North American,571.4531,3776.1250,60.7458,134.0205,Canadian
143343,Canadian,Canadian,North American,69.4416,2370.5285,30.8555,220.4663,Canadian
143344,Canadian,Canadian,North American,59.8559,2700.9203,262.6170,158.5470,Canadian
143345,Canadian,Canadian,North American,407.3268,2028.3420,62.3000,25.6436,Canadian
143346,Canadian,Canadian,North American,39.4772,439.6533,11.3823,29.3254,Canadian
143347,Canadian,Canadian,North American,511.4168,2631.3100,35.3348,62.7123,Canadian
143348,Canadian,Canadian,North American,660.5097,3005.3240,36.4990,30.3185,Canadian
143349,Canadian,Canadian,North American,47.5598,2755.5828,132.9813,222.9576,Canadian
143350,Canadian,Canadian,North American,16.6633,1770.9182,191.4529,102.7541,Canadian
143351,Canadian,Canadian,North American,63.6771,2061.0862,22.0252,195.5737,Canadian
143352,Canadian,Canadian,North American,328.0714,2237.4165,36.7868,89.9819,Canadian
143353,Canadian,Canadian,North American,43.6438,233.3068,1.1978,8.1238,Canadian
143354,Canadian,Canadian,North American,11.4248,127.5583,5.6157,0.1502,Canadian
143355,Canadian,Canadian,North American,420.7245,5107.4777,264.5548,256.6126,Canadian
143356,Canadian,Canadian,North American,0.9245,5250.5928,602.9295,298.8662,Canadian
143357,Canadian,Canadian,North American,123.0845,2218.0467,10.8060,191.9058,Canadian
143358,Canadian,Canadian,North American,107.9292,1101.9960,43.3200,61.4835,Canadian
143359,Canadian,Canadian,North American,33.8482,632.1700,45.8768,36.9146,Canadian
143360,Canadian,Canadian,North American,257.6260,4287.0698,159.7421,312.4074,Canadian
143361,Canadian,Canadian,North American,27.4949,474.5832,20.0788,34.5082,Canadian
143362,Canadian,Canadian,North American,368.5594,2742.6950,68.5388,130.8210,Canadian
143363,Canadian,Canadian,North American,50.4282,248.9933,6.0629,2.7648,Canadian
143364,Canadian,Canadian,North American,12.2624,52.4800,1.1904,0.3072,Canadian
143365,Canadian,Canadian,North American,15.1789,272.2740,8.7939,21.7151,Canadian
143366,Canadian,Canadian,North American,145.1286,3051.4328,345.9085,115.5611,Canadian
143367,Canadian,Canadian,North American,16.2411,476.0659,92.2007,2.8677,Canadian
143368,Canadian,Canadian,North American,58.0905,3894.9281,110.4480,366.2529,Canadian
143369,Canadian,Canadian,North American,148.1024,591.6000,0.9024,1.1272,Canadian
143370,Canadian,Canadian,North American,39.2280,168.0000,4.6200,0.4200,Canadian
143371,Canadian,Canadian,North American,112.8867,1110.0749,42.5918,58.4679,Canadian
143372,Canadian,Canadian,North American,8.8033,55.4483,4.6729,0.8477,Canadian
143373,Canadian,Canadian,North American,159.5076,2193.4167,205.9749,77.8479,Canadian
143374,Canadian,Canadian,North American,37.6241,1208.1372,111.4270,64.6725,Canadian
143375,Canadian,Canadian,North American,148.7092,2517.0735,202.3059,123.8010,Canadian
143376,Canadian,Canadian,North American,406.6495,3287.2435,84.2605,168.9206,Canadian
143377,Canadian,Canadian,North American,434.2632,1911.9087,20.4521,15.3230,Canadian
143378,Canadian,Canadian,North American,6.1801,70.6423,2.5954,4.8769,Canadian
143379,Canadian,Canadian,North American,3.7323,128.0460,3.5500,10.0540,Canadian
143380,Canadian,Canadian,North American,220.6066,1527.6505,57.0359,53.7534,Canadian
143381,Canadian,Canadian,North American,18.9031,1913.1105,111.4769,155.0419,Canadian
143382,Canadian,Canadian,North American,500.9210,1927.8387,0.3300,0.1916,Canadian
143383,Canadian,Canadian,North American,20.8260,199.8657,9.0439,1.8322,Canadian
143384,Canadian,Canadian,North American,65.2725,487.5230,20.2948,17.2148,Canadian
143385,Canadian,Canadian,North American,,,,,Canadian
143386,Canadian,Canadian,North American,237.7309,1657.9388,83.2334,42.6304,Canadian
143387,Canadian,Canadian,North American,32.8571,578.8550,25.9775,43.5507,Canadian
143388,Canadian,Canadian,North American,5.8415,166.1774,1.6128,15.5551,Canadian
143389,Canadian,Canadian,North American,1243.9965,9728.8194,454.1542,330.2811,Canadian
143390,Canadian,Canadian,North American,74.1609,2372.1000,52.2565,214.1433,Canadian
143391,Canadian,Canadian,North American,377.9552,2333.6889,154.8149,29.2886,Canadian
143392,Canadian,Canadian,North American,190.6498,2265.5150,56.9470,157.8486,Canadian
143393,Canadian,Canadian,North American,399.0344,3116.7360,34.8427,155.5496,Canadian
143394,Canadian,Canadian,North American,43.1267,1506.6595,18.0155,144.4551,Canadian
143395,Canadian,Canadian,North American,37.4220,457.5200,11.1620,32.2760,Canadian
143396,Canadian,Canadian,North American,49.3380,713.6660,31.7316,45.4907,Canadian
143397,Canadian,Canadian,North American,12.0262,254.8130,29.7610,9.4748,Canadian
143398,Canadian,Canadian,North American,59.4187,1133.0507,138.5173,38.9857,Canadian
143399,Canadian,Canadian,North American,9.4980,241.3400,19.2670,14.5578,Canadian
143400,Canadian,Canadian,North American,334.6256,1740.4962,100.2473,5.1036,Canadian
143401,Canadian,Canadian,North American,0.0000,1211.1120,76.5677,97.9322,Canadian
143402,Canadian,Canadian,North American,22.0942,1697.5996,197.8708,86.3405,Canadian
143403,Canadian,Canadian,North American,26.1776,1193.0270,190.7479,33.4995,Canadian
143404,Canadian,Canadian,North American,7.0419,107.0775,4.1926,7.1538,Canadian
143405,Canadian,Canadian,North American,88.5749,676.6312,51.3990,14.1865,Canadian
143406,Canadian,Canadian,North American,36.1388,922.0407,68.3785,58.8217,Canadian
143407,Canadian,Canadian,North American,16.8067,1778.3363,65.1822,159.3899,Canadian
143408,Canadian,Canadian,North American,462.0840,1846.6525,1.2019,0.3752,Canadian
143409,Canadian,Canadian,North American,299.3453,1877.8260,30.5525,67.1205,Canadian
143410,Canadian,Canadian,North American,214.7476,1717.2172,64.9498,68.1565,Canadian
143411,Canadian,Canadian,North American,94.7196,739.4238,32.8746,29.4662,Canadian
143412,Canadian,Canadian,North American,44.7487,345.3504,8.5977,15.6598,Canadian
143413,Canadian,Canadian,North American,248.5834,2712.5400,38.7565,180.7756,Canadian
143414,Canadian,Canadian,North American,85.2185,2609.4419,198.0037,159.2452,Canadian
143415,Canadian,Canadian,North American,265.0937,2506.3550,6.2982,158.5967,Canadian
143416,Canadian,Canadian,North American,13.0348,1703.6495,364.1282,11.1354,Canadian
143417,Canadian,Canadian,North American,35.2477,261.1992,19.9692,10.0920,Canadian
143418,Canadian,Canadian,North American,23.2381,446.9453,53.4563,16.2507,Canadian
143419,Canadian,Canadian,North American,57.9379,322.8160,13.2907,8.3861,Canadian
143420,Canadian,Canadian,North American,542.0745,5822.9361,247.5986,344.5492,Canadian
143421,Canadian,Canadian,North American,31.9200,1584.0000,17.4240,166.4640,Canadian
143422,Canadian,Canadian,North American,23.0108,351.9192,2.6804,27.9061,Canadian
143423,Canadian,Canadian,North American,473.7400,8189.6710,27.5692,709.3789,Canadian
143424,Canadian,Canadian,North American,121.9834,1941.7372,245.1151,47.1492,Canadian
143425,Canadian,Canadian,North American,12.9090,432.3460,4.4940,42.3450,Canadian
143426,Canadian,Canadian,North American,11.2609,359.0570,49.0765,13.8863,Canadian
143427,Canadian,Canadian,North American,30.8963,2759.7464,366.1556,120.8544,Canadian
143428,Canadian,Canadian,North American,45.3324,216.2848,8.2526,2.0054,Canadian
143429,Canadian,Canadian,North American,326.8121,1393.5400,16.4255,10.0833,Canadian
143430,Canadian,Canadian,North American,0.1870,242.4310,0.0912,27.0208,Canadian
143431,Canadian,Canadian,North American,49.6149,1256.7798,114.6720,65.1722,Canadian
143432,Canadian,Canadian,North American,14.6387,725.7206,87.7592,33.6560,Canadian
143433,Canadian,Canadian,North American,121.8178,6812.8175,29.2540,691.0774,Canadian
143434,Canadian,Canadian,North American,106.6848,1021.0615,102.8317,20.5883,Canadian
143435,Canadian,Canadian,North American,36.1254,420.5438,11.4979,29.0212,Canadian
143436,Canadian,Canadian,North American,119.6359,940.7102,77.9744,17.2153,Canadian
143437,Canadian,Canadian,North American,1001.1755,5533.9710,93.1780,134.2962,Canadian
143438,Canadian,Canadian,North American,35.5316,458.8577,12.8495,0.7581,Canadian
143439,Canadian,Canadian,North American,17.4948,223.2600,11.5290,11.9682,Canadian
143440,Canadian,Canadian,North American,478.0876,2834.8633,34.3538,88.9075,Canadian
143441,Canadian,Canadian,North American,3.9405,354.3575,27.6054,25.3328,Canadian
143442,Canadian,Canadian,North American,58.7326,1004.7610,48.0151,69.2026,Canadian
143443,Canadian,Canadian,North American,76.6093,1011.1076,99.9605,31.2885,Canadian
143444,Canadian,Canadian,North American,24.9912,1124.4600,64.1052,85.6872,Canadian
143445,Canadian,Canadian,North American,17.9626,1118.6694,216.0490,15.7727,Canadian
143446,Canadian,Canadian,North American,37.0587,1243.3600,43.7961,106.1080,Canadian
143447,Canadian,Canadian,North American,258.2050,2415.8173,39.8915,145.8553,Canadian
143448,Canadian,Canadian,North American,269.6963,2032.4823,59.7030,90.3351,Canadian
143449,Canadian,Canadian,North American,196.3688,1396.0005,28.5552,62.6075,Canadian
143450,Canadian,Canadian,North American,180.0631,846.7333,6.1151,14.9604,Canadian
143451,Canadian,Canadian,North American,0.0000,12.6083,2.8050,0.0708,Canadian
143452,Canadian,Canadian,North American,78.4389,908.2093,13.3678,63.3264,Canadian
143453,Canadian,Canadian,North American,4.8693,7240.1851,145.3464,745.2285,Canadian
143454,Canadian,Canadian,North American,132.3560,1322.0000,21.4240,86.4440,Canadian
143455,Canadian,Canadian,North American,146.0335,636.4680,16.2762,8.9167,Canadian
143456,Canadian,Canadian,North American,17.2637,465.1806,49.6002,21.6426,Canadian
143457,Canadian,Canadian,North American,9.2291,467.3600,13.3372,43.6182,Canadian
143458,Canadian,Canadian,North American,205.9853,3041.2560,15.9185,246.6365,Canadian
143459,Canadian,Canadian,North American,168.1433,1158.9967,32.5425,44.4848,Canadian
143460,Canadian,Canadian,North American,6.8643,743.2608,51.8668,56.3400,Canadian
143461,Canadian,Canadian,North American,282.6053,1155.9500,14.7823,7.3116,Canadian
143462,Canadian,Canadian,North American,291.1348,2447.3500,44.3821,145.1169,Canadian
143463,Canadian,Canadian,North American,56.8940,1481.7377,67.8058,109.8783,Canadian
143464,Canadian,Canadian,North American,141.5444,554.1696,0.9482,0.6603,Canadian
143465,Canadian,Canadian,North American,166.0639,2309.6863,366.1778,9.9713,Canadian
143466,Canadian,Canadian,North American,38.7900,845.7083,60.5800,48.6278,Canadian
143467,Canadian,Canadian,North American,11.5633,247.3168,37.1310,5.1620,Canadian
143468,Canadian,Canadian,North American,9.1348,670.5434,0.9689,72.3202,Canadian
143469,Canadian,Canadian,North American,599.3466,4895.1378,81.2312,246.2213,Canadian
143470,Canadian,Canadian,North American,369.8522,1487.2650,1.7472,0.7200,Canadian
143471,Canadian,Canadian,North American,62.9972,321.6192,6.5164,8.4445,Canadian
143472,Canadian,Canadian,North American,81.4375,1364.1540,56.4024,98.4755,Canadian
143473,Canadian,Canadian,North American,39.0016,177.8700,9.3012,1.7960,Canadian
143474,Canadian,Canadian,North American,2.4306,425.0320,20.5641,37.0272,Canadian
143475,Canadian,Canadian,North American,217.3893,1056.2441,18.1506,14.5219,Canadian
143476,Canadian,Canadian,North American,346.9951,1630.5800,45.1660,43.9784,Canadian
143477,Canadian,Canadian,North American,376.1175,1834.4520,39.7039,25.7277,Canadian
143478,Canadian,Canadian,North American,440.1496,3351.5805,17.3545,175.8121,Canadian
143479,Canadian,Canadian,North American,275.8459,1560.7100,23.6470,42.6052,Canadian
143480,Canadian,Canadian,North American,10.0593,665.4348,3.2619,68.6578,Canadian
143481,Canadian,Canadian,North American,4.4651,858.1262,9.0578,90.9865,Canadian
143482,Canadian,Canadian,North American,91.3484,1978.8060,191.1965,90.8690,Canadian
143483,Canadian,Canadian,North American,566.7733,7985.2980,48.4854,622.3254,Canadian
143484,Canadian,Canadian,North American,0.0000,0.0000,0.0000,0.0000,Canadian
143485,Canadian,Canadian,North American,203.1512,1227.9741,35.0574,34.7739,Canadian
143486,Canadian,Canadian,North American,23.0576,1154.0978,97.3375,73.0783,Canadian
143487,Canadian,Canadian,North American,386.8266,2518.0946,23.3971,111.6722,Canadian
143488,Canadian,Canadian,North American,178.6684,9636.0505,26.2105,983.7285,Canadian
143489,Canadian,Canadian,North American,506.1822,6577.8934,380.9945,338.7988,Canadian
143490,Canadian,Canadian,North American,69.4443,5439.6716,579.0071,304.2458,Canadian
143491,Canadian,Canadian,North American,178.3973,2746.1905,53.8222,214.4170,Canadian
143492,Canadian,Canadian,North American,75.1137,852.9558,99.6597,16.7082,Canadian
143493,Canadian,Canadian,North American,225.2357,1722.7007,79.9763,65.0182,Canadian
143494,Canadian,Canadian,North American,162.9179,4426.9973,77.9361,392.1651,Canadian
143495,Canadian,Canadian,North American,234.1841,1142.8560,18.0755,16.7257,Canadian
143496,Canadian,Canadian,North American,257.2609,2460.2670,73.6092,142.6149,Canadian
143497,Canadian,Canadian,North American,33.4854,3057.0288,11.2171,332.4678,Canadian
143498,Canadian,Canadian,North American,65.9409,2007.3000,105.6018,151.5950,Canadian
143499,Canadian,Canadian,North American,376.1283,2946.5993,63.3619,150.8251,Canadian
143500,Canadian,Canadian,North American,285.3217,2099.2920,29.9966,104.1713,Canadian
143501,Canadian,Canadian,North American,210.8486,1838.1508,17.4668,104.3166,Canadian
143502,Canadian,Canadian,North American,21.7213,843.9026,94.7715,41.8810,Canadian
143503,Canadian,Canadian,North American,307.7808,1360.4460,17.0658,9.0150,Canadian
143504,Canadian,Canadian,North American,167.5014,1703.7115,57.6812,91.9891,Canadian
143505,Canadian,Canadian,North American,188.9476,763.3500,8.4084,2.3100,Canadian
143506,Canadian,Canadian,North American,1826.4886,71035.1800,10035.7258,2387.0802,Canadian
143507,Canadian,Canadian,North American,165.5879,1776.2910,44.8909,109.2769,Canadian
143508,Canadian,Canadian,North American,26.6756,259.5647,3.5209,1.7040,Canadian
143509,Canadian,Canadian,North American,9.7950,303.3834,11.9040,25.2617,Canadian
143510,Canadian,Canadian,North American,933.2727,5049.2190,69.3170,134.3398,Canadian
143511,Canadian,Canadian,North American,16.2453,354.0960,10.6885,28.8025,Canadian
143512,Canadian,Canadian,North American,513.2138,2398.6893,31.2675,25.0285,Canadian
143513,Canadian,Canadian,North American,24.0655,340.3255,18.1878,18.9769,Canadian
143514,Canadian,Canadian,North American,5.9841,83.9688,4.5092,4.9679,Canadian
143515,Canadian,Canadian,North American,511.3878,3228.3227,99.5085,105.1580,Canadian
143516,Canadian,Canadian,North American,140.1076,560.9764,0.5258,1.0986,Canadian
143517,Canadian,Canadian,North American,149.4089,1943.6455,46.9285,132.8238,Canadian
143518,Canadian,Canadian,North American,5.0288,1407.5030,1.5080,155.7868,Canadian
143519,Canadian,Canadian,North American,4.5309,742.2132,62.2435,50.9951,Canadian
143520,Canadian,Canadian,North American,131.7416,1361.1282,119.9497,39.0205,Canadian
143521,Canadian,Canadian,North American,28.2880,376.3200,33.1520,17.4080,Canadian
143522,Canadian,Canadian,North American,160.1382,3910.1932,387.8349,183.0515,Canadian
143523,Canadian,Canadian,North American,29.3869,2930.2447,156.1939,242.9264,Canadian
143524,Canadian,Canadian,North American,714.9768,5089.7200,48.4228,225.6719,Canadian
143525,Canadian,Canadian,North American,95.9188,886.6995,23.8916,33.4284,Canadian
143526,Canadian,Canadian,North American,1.2891,7.3050,0.4337,0.3272,Canadian
143527,Canadian,Canadian,North American,0.5658,4163.5484,6.3043,458.3545,Canadian
143528,Canadian,Canadian,North American,302.7275,1488.1000,37.6534,15.5652,Canadian
143529,Canadian,Canadian,North American,26.2810,206.4504,9.0212,9.9458,Canadian
143530,Canadian,Canadian,North American,207.7947,4881.8526,658.1717,137.3276,Canadian
143531,Canadian,Canadian,North American,189.2526,1507.2410,30.1021,78.2913,Canadian
143532,Canadian,Canadian,North American,162.2620,2166.3872,232.5182,62.7797,Canadian
143533,Canadian,Canadian,North American,119.5730,1258.6882,21.1478,84.1706,Canadian
143534,Canadian,Canadian,North American,30.0642,1377.6865,158.9979,65.4947,Canadian
143535,Canadian,Canadian,North American,40.4199,295.1642,21.4393,7.5203,Canadian
143536,Canadian,Canadian,North American,103.4197,1439.0320,6.2825,113.7575,Canadian
143537,Canadian,Canadian,North American,15.7140,580.6800,10.6860,55.8000,Canadian
143538,Canadian,Canadian,North American,21.6833,2145.1600,16.9811,226.8833,Canadian
143539,Canadian,Canadian,North American,82.1594,2069.0143,169.5496,122.8662,Canadian
143540,Canadian,Canadian,North American,42.8168,181.0400,2.9424,0.1720,Canadian
143541,Canadian,Canadian,North American,1.2759,5.4800,0.1382,0.0440,Canadian
143542,Canadian,Canadian,North American,128.1345,1606.5705,115.4158,72.0688,Canadian
143543,Canadian,Canadian,North American,130.1471,3720.4773,66.6724,347.1168,Canadian
143544,Canadian,Canadian,North American,9.0752,3415.9752,380.9451,197.9306,Canadian
143545,Canadian,Canadian,North American,32.6807,1056.1937,59.8355,77.9899,Canadian
143546,Canadian,Canadian,North American,158.3880,607.3400,0.4270,0.2928,Canadian
143547,Canadian,Canadian,North American,35.9474,1565.9138,82.3004,123.7316,Canadian
143548,Canadian,Canadian,North American,339.5748,1743.5700,34.6540,27.7372,Canadian
143549,Canadian,Canadian,North American,4.1096,252.3067,7.9300,22.6978,Canadian
143550,Canadian,Canadian,North American,67.2110,694.0079,29.5504,34.7908,Canadian
143551,Canadian,Canadian,North American,738.0088,4649.1378,58.2639,200.5464,Canadian
143552,Canadian,Canadian,North American,298.2996,1783.2830,33.2203,60.1780,Canadian
143553,Canadian,Canadian,North American,198.8269,1264.7900,15.7378,51.6441,Canadian
143554,Canadian,Canadian,North American,33.8476,592.2450,34.1766,37.1750,Canadian
143555,Canadian,Canadian,North American,641.6653,4191.0850,92.4721,171.0959,Canadian
143556,Canadian,Canadian,North American,39.8132,911.9633,59.6946,58.5446,Canadian
143557,Canadian,Canadian,North American,15.7707,784.9600,39.5955,65.7049,Canadian
143558,Canadian,Canadian,North American,649.3582,3032.5300,2.1278,58.1000,Canadian
143559,Canadian,Canadian,North American,337.9166,1688.2459,14.4456,38.7340,Canadian
143560,Canadian,Canadian,North American,88.1658,1492.7065,192.8194,37.2765,Canadian
143561,Canadian,Canadian,North American,588.0294,3755.4895,74.8872,129.1327,Canadian
143562,Canadian,Canadian,North American,39.2165,995.7408,24.9390,86.3362,Canadian
143563,Canadian,Canadian,North American,24.3040,166.6000,16.5130,0.3920,Canadian
143564,Canadian,Canadian,North American,441.2057,3664.6720,13.7175,214.7105,Canadian
143565,Canadian,Canadian,North American,28.4870,1907.2479,178.0055,116.0460,Canadian
143566,Canadian,Canadian,North American,67.8830,889.3065,28.8545,61.9469,Canadian
143567,Canadian,Canadian,North American,407.9532,10902.2906,1131.1083,632.6760,Canadian
143568,Canadian,Canadian,North American,0.5131,2069.0052,6.9377,230.3716,Canadian
143569,Canadian,Canadian,North American,8.3600,145.5000,14.2800,5.7550,Canadian
143570,Canadian,Canadian,North American,74.1975,2691.0924,294.4355,129.5663,Canadian
143571,Canadian,Canadian,North American,269.8820,2687.0560,90.1945,146.0358,Canadian
143572,Canadian,Canadian,North American,277.3789,2209.0450,20.4091,121.9239,Canadian
143573,Canadian,Canadian,North American,482.9497,1817.0126,11.1743,8.5243,Canadian
143574,Canadian,Canadian,North American,313.3724,2274.7740,23.3100,106.2384,Canadian
143575,Canadian,Canadian,North American,170.9273,1415.0543,89.9292,44.7462,Canadian
143576,Canadian,Canadian,North American,56.9314,2336.7000,63.0913,219.6505,Canadian
143577,Canadian,Canadian,North American,10.5067,3494.5475,132.8993,321.0644,Canadian
143578,Canadian,Canadian,North American,12.9574,1107.2721,156.4390,43.8978,Canadian
143579,Canadian,Canadian,North American,354.5735,1993.5900,74.2408,36.4949,Canadian
143580,Canadian,Canadian,North American,3.8260,342.2082,0.9317,36.2010,Canadian
143581,Canadian,Canadian,North American,14.2680,789.6033,13.8324,76.1535,Canadian
143582,Canadian,Canadian,North American,606.0543,4036.5110,81.1746,160.4694,Canadian
143583,Canadian,Canadian,North American,226.7658,885.4030,2.0817,0.4238,Canadian
143584,Canadian,Canadian,North American,106.0195,944.2420,23.9230,53.1388,Canadian
143585,Canadian,Canadian,North American,665.9174,3662.7575,119.8380,58.1328,Canadian
143586,Canadian,Canadian,North American,157.2944,1082.0439,29.0990,38.7827,Canadian
143587,Canadian,Canadian,North American,226.3246,963.0360,2.7364,7.2145,Canadian
143588,Canadian,Canadian,North American,0.5339,486.3240,0.3924,54.0876,Canadian
143589,Canadian,Canadian,North American,101.1124,764.7225,33.1105,23.7800,Canadian
143590,Canadian,Canadian,North American,15.7285,139.3946,2.9042,0.1388,Canadian
143591,Canadian,Canadian,North American,91.3112,1722.3606,81.3144,117.0914,Canadian
143592,Canadian,Canadian,North American,105.4841,1563.4024,150.2828,64.6825,Canadian
143593,Canadian,Canadian,North American,273.2816,1254.9586,23.5826,8.2788,Canadian
143594,Canadian,Canadian,North American,624.2441,3434.5400,53.3550,93.0316,Canadian
143595,Canadian,Canadian,North American,33.8834,469.5865,11.7505,35.1545,Canadian
143596,Canadian,Canadian,North American,84.3318,412.4100,12.8811,5.0882,Canadian
143597,Canadian,Canadian,North American,73.4537,609.6720,26.7612,25.5650,Canadian
143598,Canadian,Canadian,North American,42.2972,617.3570,21.2637,45.0081,Canadian
143599,Canadian,Canadian,North American,0.5968,52.2051,11.2498,0.2883,Canadian
143600,Canadian,Canadian,North American,217.8953,1354.8120,8.4562,49.6570,Canadian
143601,Canadian,Canadian,North American,805.5514,5481.8420,59.5420,219.3800,Canadian
143602,Canadian,Canadian,North American,77.8781,315.9925,2.6555,1.1969,Canadian
143603,Canadian,Canadian,North American,40.4300,1290.2822,205.6333,29.1391,Canadian
143604,Canadian,Canadian,North American,10.3822,991.4740,0.8735,108.5839,Canadian
143605,Canadian,Canadian,North American,23.1344,105.9340,4.3067,1.1665,Canadian
143606,Canadian,Canadian,North American,20.3844,624.9047,70.1025,29.2167,Canadian
143607,Canadian,Canadian,North American,723.6512,4285.1534,46.8096,141.9979,Canadian
143608,Canadian,Canadian,North American,5.9893,915.9760,180.9844,14.4783,Canadian
143609,Canadian,Canadian,North American,223.3169,4028.6160,72.4385,329.0805,Canadian
143610,Canadian,Canadian,North American,29.4771,404.0690,13.9244,29.3397,Canadian
143611,Canadian,Canadian,North American,50.9992,482.9008,15.2076,29.3762,Canadian
143612,Canadian,Canadian,North American,68.5164,804.2613,27.7209,65.4766,Canadian
143613,Canadian,Canadian,North American,26.8320,143.1733,2.9467,3.0160,Canadian
143614,Canadian,Canadian,North American,103.2926,887.9295,40.6759,43.0012,Canadian
143615,Canadian,Canadian,North American,15.4165,159.1800,21.3746,1.2402,Canadian
143616,Canadian,Canadian,North American,189.8903,5671.4713,327.4356,393.9174,Canadian
143617,Canadian,Canadian,North American,17.3253,568.5960,29.5285,43.0675,Canadian
143618,Canadian,Canadian,North American,173.4710,1616.0040,8.9163,104.5457,Canadian
143619,Canadian,Canadian,North American,41.8550,175.6600,4.6928,1.4743,Canadian
143620,Canadian,Canadian,North American,18.2053,194.2460,2.0166,14.0724,Canadian
143621,Canadian,Canadian,North American,1.0198,54.5253,11.4412,0.3452,Canadian
143622,Canadian,Canadian,North American,62.7301,670.5620,34.2145,30.2251,Canadian
143623,Canadian,Canadian,North American,79.8655,332.4850,5.2612,2.6063,Canadian
143624,Canadian,Canadian,North American,128.3254,951.2635,0.1982,51.7215,Canadian
143625,Canadian,Canadian,North American,28.9632,277.0386,15.9072,14.9851,Canadian
143626,Canadian,Canadian,North American,13.2884,192.5350,5.6243,14.4615,Canadian
143627,Canadian,Canadian,North American,585.6486,3858.0587,63.7388,149.9255,Canadian
143628,Canadian,Canadian,North American,441.7730,3418.6260,36.7320,175.0708,Canadian
143629,Canadian,Canadian,North American,203.2217,984.1070,14.3122,17.3118,Canadian
143630,Canadian,Canadian,North American,20.8813,480.2957,17.8372,38.5556,Canadian
143631,Canadian,Canadian,North American,302.4289,1871.0699,123.4183,19.4937,Canadian
143632,Canadian,Canadian,North American,129.6202,2038.4950,16.3762,169.3100,Canadian
143633,Canadian,Canadian,North American,17.2625,65.0000,0.3250,0.2125,Canadian
143634,Canadian,Canadian,North American,119.4908,944.4692,39.6228,37.5927,Canadian
143635,Canadian,Canadian,North American,35.1762,2114.4383,142.7287,153.0683,Canadian
143636,Canadian,Canadian,North American,,,,,Canadian
143637,Canadian,Canadian,North American,319.3796,3126.7628,28.3250,213.9193,Canadian
143638,Canadian,Canadian,North American,104.1940,851.3676,98.9696,3.9659,Canadian
143639,Canadian,Canadian,North American,23.6646,1898.4623,224.2430,95.3654,Canadian
143640,Canadian,Canadian,North American,45.9561,577.0180,28.0890,30.1392,Canadian
143641,Canadian,Canadian,North American,9763.5929,44626.5865,935.8252,709.6285,Canadian
143642,Canadian,Canadian,North American,216.5844,873.4050,0.7470,1.4442,Canadian
143643,Canadian,Canadian,North American,87.9624,1472.0200,172.5420,42.9925,Canadian
143644,Canadian,Canadian,North American,81.0607,1444.0112,31.4210,113.6553,Canadian
143645,Canadian,Canadian,North American,41.0500,368.3538,16.2486,20.0803,Canadian
143646,Canadian,Canadian,North American,12.9493,779.5508,135.9374,17.2342,Canadian
143647,Canadian,Canadian,North American,85.9092,719.0890,10.7591,40.3921,Canadian
143648,Canadian,Canadian,North American,48.8898,608.6882,24.5818,38.6069,Canadian
143649,Canadian,Canadian,North American,19.7982,629.8307,110.2869,13.5431,Canadian
143650,Canadian,Canadian,North American,7.8570,171.0000,5.3430,14.4000,Canadian
143651,Canadian,Canadian,North American,162.2596,1067.6169,24.7102,43.2720,Canadian
143652,Canadian,Canadian,North American,23.7125,1311.9643,88.0234,96.8233,Canadian
143653,Canadian,Canadian,North American,0.0000,25.2167,5.6100,0.1417,Canadian
143654,Canadian,Canadian,North American,24.2880,1356.7800,32.3238,125.0400,Canadian
143655,Canadian,Canadian,North American,1012.1227,5214.2750,162.6757,57.7413,Canadian
143656,Canadian,Canadian,North American,214.3760,1767.6000,47.5440,93.8340,Canadian
143657,Canadian,Canadian,North American,70.9210,506.5225,11.0829,24.8065,Canadian
143658,Canadian,Canadian,North American,47.8436,1016.2053,14.0849,89.8684,Canadian
143659,Canadian,Canadian,North American,267.0486,1027.6675,15.0899,1.7236,Canadian
143660,Canadian,Canadian,North American,3.7696,215.7600,13.9624,16.0952,Canadian
143661,Canadian,Canadian,North American,0.3600,71.5000,6.2800,4.7550,Canadian
143662,Canadian,Canadian,North American,19.4927,87.6762,3.2828,0.3466,Canadian
143663,Canadian,Canadian,North American,18.8918,1160.3387,190.4677,33.4307,Canadian
143664,Canadian,Canadian,North American,63.5094,256.9225,4.3546,1.5707,Canadian
143665,Canadian,Canadian,North American,5.7912,76.2733,2.0515,5.7518,Canadian
143666,Canadian,Canadian,North American,541.8973,4486.5246,91.4870,230.0882,Canadian
143667,Canadian,Canadian,North American,19.1802,482.5816,90.1236,2.6523,Canadian
143668,Canadian,Canadian,North American,15.2410,3109.6149,340.0193,183.5457,Canadian
143669,Canadian,Canadian,North American,53.1290,1129.0000,13.6540,102.8610,Canadian
143670,Canadian,Canadian,North American,53.2142,404.6432,27.6514,13.1189,Canadian
143671,Canadian,Canadian,North American,448.0042,3472.7860,11.9387,190.7302,Canadian
143672,Canadian,Canadian,North American,277.5884,3247.0033,94.4599,210.3100,Canadian
143673,Canadian,Canadian,North American,45.0537,1588.7212,112.2706,106.8639,Canadian
143674,Canadian,Canadian,North American,63.1834,1150.0142,143.8352,36.6696,Canadian
143675,Canadian,Canadian,North American,95.5760,3874.2311,396.7686,203.6360,Canadian
143676,Canadian,Canadian,North American,464.7921,3855.9049,185.7936,143.5158,Canadian
143677,Canadian,Canadian,North American,40.8087,503.4283,15.7590,33.5608,Canadian
143678,Canadian,Canadian,North American,141.6520,635.7800,9.4010,2.2436,Canadian
143679,Canadian,Canadian,North American,222.9776,1582.4673,79.8696,47.4046,Canadian
143680,Canadian,Canadian,North American,7.9125,277.0465,0.4680,27.0525,Canadian
143681,Canadian,Canadian,North American,327.0963,2274.7990,29.2498,102.6551,Canadian
143682,Canadian,Canadian,North American,95.0111,1207.4833,126.5909,45.7727,Canadian
143683,Canadian,Canadian,North American,61.1697,477.8262,11.2716,22.5199,Canadian
143684,Canadian,Canadian,North American,42.1450,1113.8982,104.8496,60.0231,Canadian
143685,Canadian,Canadian,North American,15.6640,2397.6852,193.8404,167.9533,Canadian
143686,Canadian,Canadian,North American,151.3055,2194.8160,28.6295,171.9950,Canadian
143687,Canadian,Canadian,North American,51.8028,335.1600,19.5216,5.7036,Canadian
143688,Canadian,Canadian,North American,62.6326,1696.9920,36.0370,155.0230,Canadian
143689,Canadian,Canadian,North American,76.2683,496.6699,46.6188,1.5164,Canadian
143690,Canadian,Canadian,North American,121.9252,1794.9374,52.4917,121.7363,Canadian
143691,Canadian,Canadian,North American,69.6160,995.3460,16.2924,73.6715,Canadian
143692,Canadian,Canadian,North American,114.6422,1005.2012,97.3087,17.5281,Canadian
143693,Canadian,Canadian,North American,245.4972,2894.9340,99.2748,192.0612,Canadian
143694,Canadian,Canadian,North American,346.5984,2156.7774,43.1137,84.7046,Canadian
143695,Canadian,Canadian,North American,166.4708,2153.7050,27.6087,159.6067,Canadian
143696,Canadian,Canadian,North American,578.8476,3488.4500,47.3513,129.5203,Canadian
143697,Canadian,Canadian,North American,707.8087,2971.9869,22.4401,0.5667,Canadian
143698,Canadian,Canadian,North American,250.5197,1592.1680,43.8875,56.7975,Canadian
143699,Canadian,Canadian,North American,139.4608,1061.4240,17.7355,52.6184,Canadian
143700,Canadian,Canadian,North American,399.7742,2525.7475,33.0927,104.4133,Canadian
143701,Canadian,Canadian,North American,0.0000,469.7900,0.0000,54.5000,Canadian
143702,Canadian,Canadian,North American,38.7965,1487.6176,105.8383,101.0475,Canadian
143703,Canadian,Canadian,North American,958.1905,5996.4881,120.7232,204.1182,Canadian
143704,Canadian,Canadian,North American,24.7482,129.9437,8.7742,1.3008,Canadian
143705,Canadian,Canadian,North American,61.8941,4246.5500,24.3980,441.2164,Canadian
143706,Canadian,Canadian,North American,437.1210,3070.2528,233.3222,49.3536,Canadian
143707,Canadian,Canadian,North American,115.0223,1713.8790,51.7240,124.4706,Canadian
143708,Canadian,Canadian,North American,74.7935,330.1680,4.5224,2.9324,Canadian
143709,Canadian,Canadian,North American,3439.2521,13682.0019,93.2132,81.3555,Canadian
143710,Canadian,Canadian,North American,4.4602,4618.7786,117.1064,474.7328,Canadian
143711,Canadian,Canadian,North American,6.1312,26.2400,0.5952,0.1536,Canadian
143712,Canadian,Canadian,North American,34.3710,1924.4650,10.3044,198.8282,Canadian
143713,Canadian,Canadian,North American,404.4583,1989.1637,34.1134,32.9033,Canadian
143714,Canadian,Canadian,North American,2.2785,35.1575,1.5481,2.3035,Canadian
143715,Canadian,Canadian,North American,313.1880,2667.6800,50.8133,161.5576,Canadian
143716,Canadian,Canadian,North American,25.1538,232.2926,5.4072,14.6856,Canadian
143717,Canadian,Canadian,North American,9.9720,414.0000,4.1220,42.9120,Canadian
143718,Canadian,Canadian,North American,31.8530,379.1617,17.3813,21.0890,Canadian
143719,Canadian,Canadian,North American,94.8078,1683.4791,110.8325,93.3553,Canadian
143720,Canadian,Canadian,North American,70.2480,634.0500,16.8306,34.9673,Canadian
143721,Canadian,Canadian,North American,5.6552,4857.8000,5.7931,545.6897,Canadian
143722,Canadian,Canadian,North American,13.1232,61.3896,2.5375,1.5634,Canadian
143723,Canadian,Canadian,North American,91.4707,3158.4950,262.3072,198.9332,Canadian
143724,Canadian,Canadian,North American,613.6368,2593.4100,5.5338,14.4150,Canadian
143725,Canadian,Canadian,North American,1.8401,8.7343,0.4340,0.1642,Canadian
143726,Canadian,Canadian,North American,25.5114,1783.1158,212.4884,86.8608,Canadian
143727,Canadian,Canadian,North American,60.2901,524.4880,13.5683,26.4484,Canadian
143728,Canadian,Canadian,North American,56.4513,245.7600,9.9590,1.0939,Canadian
143729,Canadian,Canadian,North American,114.0350,1661.5346,181.8350,52.2565,Canadian
143730,Canadian,Canadian,North American,3.9223,17.0800,0.5490,0.0610,Canadian
143731,Canadian,Canadian,North American,21.4766,1044.5965,27.1545,100.1302,Canadian
143732,Canadian,Canadian,North American,31.3674,117.4380,0.0000,0.0000,Canadian
143733,Canadian,Canadian,North American,296.7230,2376.5112,39.2618,118.2094,Canadian
143734,Canadian,Canadian,North American,154.5080,1702.2725,85.8249,85.8269,Canadian
143735,Canadian,Canadian,North American,44.6351,2042.2750,148.6837,141.3048,Canadian
143736,Canadian,Canadian,North American,16.9529,2344.3463,85.7153,212.2882,Canadian
143737,Canadian,Canadian,North American,169.4552,1360.0252,8.2598,78.0577,Canadian
143738,Canadian,Canadian,North American,1321.6657,7269.3720,87.0870,179.7274,Canadian
143739,Canadian,Canadian,North American,10.3172,365.7655,72.7551,2.0892,Canadian
143740,Canadian,Canadian,North American,11.2347,53.2851,1.6201,0.6824,Canadian
143741,Canadian,Canadian,North American,34.8359,145.1497,3.0391,1.3608,Canadian
143742,Canadian,Canadian,North American,126.3080,2016.9334,47.4393,152.5445,Canadian
143743,Canadian,Canadian,North American,62.8560,1368.0000,42.7440,115.2000,Canadian
143744,Canadian,Canadian,North American,82.9026,3635.1076,259.3841,247.5972,Canadian
143745,Canadian,Canadian,North American,8.9071,41.5854,2.0006,0.5083,Canadian
143746,Canadian,Canadian,North American,382.6879,5082.4840,82.1073,378.1551,Canadian
143747,Canadian,Canadian,North American,242.2636,3339.2440,28.5977,259.8712,Canadian
143748,Canadian,Canadian,North American,5.8991,2464.7605,542.7031,14.1884,Canadian
143749,Canadian,Canadian,North American,8.9652,800.5382,42.9492,65.5591,Canadian
143750,Canadian,Canadian,North American,117.7543,1268.0195,47.0588,74.5326,Canadian
143751,Canadian,Canadian,North American,46.1823,1646.9400,19.1628,167.2166,Canadian
143752,Canadian,Canadian,North American,14.8994,184.1800,1.1342,14.4327,Canadian
143753,Canadian,Canadian,North American,133.9904,3168.4080,33.9370,285.1150,Canadian
143754,Canadian,Canadian,North American,58.4706,1336.1568,134.6255,62.3149,Canadian
143755,Canadian,Canadian,North American,462.1512,4192.0433,74.3127,238.2397,Canadian
143756,Canadian,Canadian,North American,147.4020,895.7880,29.6470,19.7324,Canadian
143757,Canadian,Canadian,North American,169.4306,2022.6557,122.4566,96.1511,Canadian
143758,Canadian,Canadian,North American,99.9496,648.8478,6.4330,28.6098,Canadian
143759,Canadian,Canadian,North American,557.6929,2315.3957,6.9214,1.2224,Canadian
143760,Canadian,Canadian,North American,68.2516,343.4377,26.2896,3.9584,Canadian
143761,Canadian,Canadian,North American,13.2674,270.8810,18.7749,15.5374,Canadian
143762,Canadian,Canadian,North American,334.1640,2149.3670,30.3200,78.3588,Canadian
143763,Canadian,Canadian,North American,139.9890,783.1050,39.1954,7.1049,Canadian
143764,Canadian,Canadian,North American,,,,,Canadian
143765,Canadian,Canadian,North American,26.0686,1561.1422,32.4913,147.4400,Canadian
143766,Canadian,Canadian,North American,126.4806,1806.8743,21.0994,152.3600,Canadian
143767,Canadian,Canadian,North American,43.0155,1099.8270,33.8778,89.6727,Canadian
143768,Canadian,Canadian,North American,36.0932,2202.8441,210.3426,129.0817,Canadian
143769,Canadian,Canadian,North American,281.7752,2518.2158,39.7567,146.4071,Canadian
143770,Canadian,Canadian,North American,15.7480,214.5598,16.4092,10.2389,Canadian
143771,Canadian,Canadian,North American,368.2625,1664.8300,32.3887,19.5462,Canadian
143772,Canadian,Canadian,North American,91.7626,930.3621,98.9020,17.8161,Canadian
143773,Canadian,Canadian,North American,184.7977,1449.1967,39.8734,71.3722,Canadian
143774,Canadian,Canadian,North American,105.6319,3012.9100,56.7916,283.1478,Canadian
143775,Canadian,Canadian,North American,11.1946,101.8090,10.9480,1.4046,Canadian
143776,Canadian,Canadian,North American,271.9302,2117.1550,105.7022,67.0814,Canadian
143777,Canadian,Canadian,North American,18.8994,1423.0500,120.8670,96.9590,Canadian
143778,Canadian,Canadian,North American,0.0000,187.6000,47.9360,0.0560,Canadian
143779,Canadian,Canadian,North American,36.9838,1030.3765,58.0579,75.8072,Canadian
143780,Canadian,Canadian,North American,29.3561,773.6774,73.6279,41.1943,Canadian
143781,Canadian,Canadian,North American,85.2345,8872.0423,383.3319,768.1970,Canadian
143782,Canadian,Canadian,North American,37.9424,655.0965,58.7241,32.0102,Canadian
143783,Canadian,Canadian,North American,86.9071,365.9670,3.9520,1.1934,Canadian
143784,Canadian,Canadian,North American,6.6299,490.7541,10.5754,46.8997,Canadian
143785,Canadian,Canadian,North American,3.2056,174.3327,0.8153,18.1826,Canadian
143786,Canadian,Canadian,North American,598.3307,3072.2930,50.5627,59.2755,Canadian
143787,Canadian,Canadian,North American,149.6635,1382.3578,34.9442,78.0010,Canadian
143788,Canadian,Canadian,North American,95.9673,2013.3308,105.6237,134.5839,Canadian
143789,Canadian,Canadian,North American,3.3870,2813.5952,360.1918,140.6395,Canadian
143790,Canadian,Canadian,North American,10.8321,471.2333,4.2662,47.6876,Canadian
143791,Canadian,Canadian,North American,1.0800,1275.3024,228.0085,38.6544,Canadian
143792,Canadian,Canadian,North American,334.6308,3373.8514,47.3129,213.6298,Canadian
143793,Canadian,Canadian,North American,111.1319,1596.5342,32.3182,120.9812,Canadian
143794,Canadian,Canadian,North American,61.0121,761.8834,54.7607,35.4888,Canadian
143795,Canadian,Canadian,North American,0.7780,171.3333,37.1680,1.0600,Canadian
143796,Canadian,Canadian,North American,120.8522,503.4167,7.0681,5.2880,Canadian
143797,Canadian,Canadian,North American,47.6076,2064.4424,59.8722,180.2494,Canadian
143798,Canadian,Canadian,North American,5.2611,22.1365,0.4132,0.1614,Canadian
143799,Canadian,Canadian,North American,27.6546,1171.5700,33.6418,105.7552,Canadian
143800,Canadian,Canadian,North American,5.1822,135.6243,8.8802,9.7182,Canadian
143801,Canadian,Canadian,North American,480.7445,4352.1600,58.5709,246.5413,Canadian
143802,Canadian,Canadian,North American,11.3243,296.8560,25.4453,16.1741,Canadian
143803,Canadian,Canadian,North American,135.8698,1502.8455,102.8886,59.4929,Canadian
143804,Canadian,Canadian,North American,32.8717,222.3107,7.9962,8.2371,Canadian
143805,Canadian,Canadian,North American,156.5709,2406.5700,32.1432,202.4086,Canadian
143806,Canadian,Canadian,North American,122.5627,2191.5407,326.2676,36.5521,Canadian
143807,Canadian,Canadian,North American,448.3780,2290.6340,37.9609,39.0215,Canadian
143808,Canadian,Canadian,North American,423.5737,6222.7007,561.1614,262.7787,Canadian
143809,Canadian,Canadian,North American,99.1023,869.4387,30.4086,42.9373,Canadian
143810,Canadian,Canadian,North American,115.6475,741.8657,23.0151,22.2994,Canadian
143811,Canadian,Canadian,North American,8.8499,41.2100,1.8317,0.4039,Canadian
143812,Canadian,Canadian,North American,589.3723,2829.7560,12.9605,56.1130,Canadian
143813,Canadian,Canadian,North American,50.5252,472.9300,33.3754,14.7808,Canadian
143814,Canadian,Canadian,North American,251.3134,1607.3620,53.3415,64.7764,Canadian
143815,Canadian,Canadian,North American,386.8120,1943.6650,32.8283,32.8182,Canadian
143816,Canadian,Canadian,North American,277.1641,2346.6528,49.6222,120.2483,Canadian
143817,Canadian,Canadian,North American,126.8845,2496.1344,53.0813,211.9650,Canadian
143818,Canadian,Canadian,North American,23.0516,109.5644,6.1985,1.1548,Canadian
143819,Canadian,Canadian,North American,20.7079,1931.5166,60.8693,179.9577,Canadian
143820,Canadian,Canadian,North American,30.4132,1978.3115,206.2529,114.7396,Canadian
143821,Canadian,Canadian,North American,408.1953,1905.4260,67.8157,37.4798,Canadian
143822,Canadian,Canadian,North American,23.7385,3468.8130,540.3239,123.0207,Canadian
143823,Canadian,Canadian,North American,3.3806,532.6127,0.8574,58.1117,Canadian
143824,Canadian,Canadian,North American,9.5779,130.4600,3.2744,9.3552,Canadian
143825,Canadian,Canadian,North American,13.9117,1367.5297,143.1746,79.7840,Canadian
143826,Canadian,Canadian,North American,96.2393,547.9018,37.2670,7.6857,Canadian
143827,Canadian,Canadian,North American,34.0438,393.5659,1.9575,28.3029,Canadian
143828,Canadian,Canadian,North American,,,,,Canadian
143829,Canadian,Canadian,North American,46.2235,2071.5133,42.7373,201.1349,Canadian
143830,Canadian,Canadian,North American,163.0699,1653.8350,62.3161,90.6047,Canadian
143831,Canadian,Canadian,North American,458.4605,2584.8225,44.3745,66.4017,Canadian
143832,Canadian,Canadian,North American,4.7685,477.7400,25.1579,39.4378,Canadian
143833,Canadian,Canadian,North American,481.4067,3029.8396,110.2695,72.2915,Canadian
143834,Canadian,Canadian,North American,139.0208,2878.4245,73.0181,231.0731,Canadian
143835,Canadian,Canadian,North American,3.3543,232.5656,34.1194,0.9710,Canadian
143836,Canadian,Canadian,North American,42.7875,1595.9740,29.7044,147.5714,Canadian
143837,Canadian,Canadian,North American,21.0961,296.4480,19.6003,14.4808,Canadian
143838,Canadian,Canadian,North American,98.4002,2202.7205,93.0078,170.8173,Canadian
143839,Canadian,Canadian,North American,92.9334,842.9710,20.7748,45.7357,Canadian
143840,Canadian,Canadian,North American,359.6209,1517.6040,9.5778,11.5714,Canadian
143841,Canadian,Canadian,North American,3.7679,982.1342,135.5389,43.2249,Canadian
143842,Canadian,Canadian,North American,190.0966,2332.9477,47.7624,157.4368,Canadian
143843,Canadian,Canadian,North American,1.8321,218.8975,0.7928,23.3821,Canadian
143844,Canadian,Canadian,North American,14.7706,200.8000,6.6244,14.6533,Canadian
143845,Canadian,Canadian,North American,173.9242,741.4436,22.4919,4.1785,Canadian
143846,Canadian,Canadian,North American,55.0625,885.6053,122.1700,22.8725,Canadian
143847,Canadian,Canadian,North American,315.6898,1573.4203,20.1700,26.9758,Canadian
143848,Canadian,Canadian,North American,407.8029,7511.8151,183.8283,585.4587,Canadian
143849,Canadian,Canadian,North American,249.2628,1383.7100,37.6165,51.5396,Canadian
143850,Canadian,Canadian,North American,5.1532,536.8350,18.0738,49.8766,Canadian
143851,Canadian,Canadian,North American,64.2415,1478.2330,48.1486,124.2265,Canadian
143852,Canadian,Canadian,North American,17.1970,245.7175,5.3143,18.4777,Canadian
143853,Canadian,Canadian,North American,3.3837,658.7492,90.6161,29.3555,Canadian
143854,Canadian,Canadian,North American,17.2071,1016.8853,3.5759,104.9012,Canadian
143855,Canadian,Canadian,North American,64.3019,2140.2728,71.0238,186.7147,Canadian
143856,Canadian,Canadian,North American,15.3863,656.4950,9.3499,63.1774,Canadian
143857,Canadian,Canadian,North American,5.8074,156.0492,15.4338,8.1534,Canadian
143858,Canadian,Canadian,North American,64.1209,3380.1089,181.7108,266.0723,Canadian
143859,Canadian,Canadian,North American,15.5143,674.5496,94.4094,19.3899,Canadian
143860,Canadian,Canadian,North American,116.7921,1369.9616,75.8635,72.5828,Canadian
143861,Canadian,Canadian,North American,5.0816,1745.3685,64.9972,161.0769,Canadian
143862,Canadian,Canadian,North American,419.7460,4283.3017,95.4271,268.3038,Canadian
143863,Canadian,Canadian,North American,166.6371,2302.3814,34.2395,172.2554,Canadian
143864,Canadian,Canadian,North American,461.7674,3103.4333,100.7558,117.9976,Canadian
143865,Canadian,Canadian,North American,41.8020,1221.3276,107.4950,68.3915,Canadian
143866,Canadian,Canadian,North American,120.1250,1146.1510,46.6210,53.5674,Canadian
143867,Canadian,Canadian,North American,221.9980,1064.6400,6.5500,23.2657,Canadian
143868,Canadian,Canadian,North American,313.0483,1228.6376,4.0656,1.1377,Canadian
143869,Canadian,Canadian,North American,67.8430,454.2333,18.1125,14.5681,Canadian
143870,Canadian,Canadian,North American,6.6164,26.5200,0.0000,0.0000,Canadian
143871,Canadian,Canadian,North American,306.3277,1856.5606,1.5236,69.9425,Canadian
143872,Canadian,Canadian,North American,223.1212,5293.2515,170.5197,439.3871,Canadian
143873,Canadian,Canadian,North American,12.6320,74.7000,5.9760,0.7210,Canadian
143874,Canadian,Canadian,North American,179.1110,947.6467,29.5911,13.9987,Canadian
143875,Canadian,Canadian,North American,501.4668,3415.8167,35.5503,147.2912,Canadian
143876,Canadian,Canadian,North American,10.0975,863.2202,105.5749,41.6834,Canadian
143877,Canadian,Canadian,North American,2.6577,127.1375,7.4425,9.7198,Canadian
143878,Canadian,Canadian,North American,523.0356,3155.8807,51.5700,90.0415,Canadian
143879,Canadian,Canadian,North American,59.7917,803.9947,23.0866,57.7646,Canadian
143880,Canadian,Canadian,North American,26.9473,780.7004,55.8559,49.2289,Canadian
143881,Canadian,Canadian,North American,78.7751,628.9320,18.1212,28.9955,Canadian
143882,Canadian,Canadian,North American,379.3432,1935.4230,30.3380,46.1250,Canadian
143883,Canadian,Canadian,North American,2.6698,14.2339,0.6697,0.6008,Canadian
143884,Canadian,Canadian,North American,0.0000,0.0000,0.0000,0.0000,Canadian
143885,Canadian,Canadian,North American,57.5028,720.1928,37.2179,39.4307,Canadian
143886,Canadian,Canadian,North American,82.0772,1215.6680,47.7351,75.6246,Canadian
143887,Canadian,Canadian,North American,16.7274,507.6300,10.1205,47.6001,Canadian
143888,Canadian,Canadian,North American,22.3557,579.2460,4.8686,55.1319,Canadian
143889,Canadian,Canadian,North American,22.5688,1198.2870,9.3972,123.5944,Canadian
143890,Canadian,Canadian,North American,201.6719,3350.0760,88.3978,253.3548,Canadian
143891,Canadian,Canadian,North American,139.6223,1583.2730,63.9205,91.6630,Canadian
143892,Canadian,Canadian,North American,,,,,Canadian
143893,Canadian,Canadian,North American,81.9464,1091.8802,98.4563,41.3764,Canadian
143894,Canadian,Canadian,North American,362.1529,2583.7496,13.4092,125.1778,Canadian
143895,Canadian,Canadian,North American,31.1097,324.1008,13.5533,18.0221,Canadian
143896,Canadian,Canadian,North American,8.6326,394.0608,18.7986,32.7836,Canadian
143897,Canadian,Canadian,North American,84.3424,464.1072,28.6459,2.1028,Canadian
143898,Canadian,Canadian,North American,24.4003,749.3983,120.4669,17.8147,Canadian
143899,Canadian,Canadian,North American,1.1125,910.8630,0.4957,101.9820,Canadian
143900,Canadian,Canadian,North American,704.7570,3392.6209,33.0769,56.3203,Canadian
143901,Canadian,Canadian,North American,51.4899,1197.1940,96.5917,65.5719,Canadian
143902,Canadian,Canadian,North American,237.8809,1453.7915,82.7067,16.1573,Canadian
143903,Canadian,Canadian,North American,25.5618,668.3550,12.4965,60.5695,Canadian
143904,Canadian,Canadian,North American,2412.8046,11284.1148,380.4527,79.8415,Canadian
143905,Canadian,Canadian,North American,12.7527,700.1109,64.7655,42.2607,Canadian
143906,Canadian,Canadian,North American,167.3392,1593.2847,131.5076,49.3905,Canadian
143907,Canadian,Canadian,North American,609.2848,4198.5180,63.3775,188.3823,Canadian
143908,Canadian,Canadian,North American,71.0285,608.0350,5.4722,34.9521,Canadian
143909,Canadian,Canadian,North American,44.0181,436.8079,11.5480,25.4718,Canadian
143910,Canadian,Canadian,North American,31.1336,822.9126,21.8992,70.9080,Canadian
143911,Canadian,Canadian,North American,,,,,Canadian
143912,Canadian,Canadian,North American,248.8639,2147.4635,27.1020,124.9991,Canadian
143913,Canadian,Canadian,North American,26.5532,577.6800,15.4844,45.6380,Canadian
143914,Canadian,Canadian,North American,288.9118,1503.3265,87.1835,4.3603,Canadian
143915,Canadian,Canadian,North American,54.0211,357.5872,7.3377,14.9438,Canadian
143916,Canadian,Canadian,North American,45.1761,421.4959,5.0393,25.2644,Canadian
143917,Canadian,Canadian,North American,38.0775,643.9855,42.6082,40.3833,Canadian
143918,Canadian,Canadian,North American,91.1382,512.4000,3.1536,19.9220,Canadian
143919,Canadian,Canadian,North American,78.3378,1001.6250,35.1745,66.1020,Canadian
143920,Canadian,Canadian,North American,51.6901,2619.2010,171.8568,187.8974,Canadian
143921,Canadian,Canadian,North American,71.7846,394.3875,8.0124,10.9290,Canadian
143922,Canadian,Canadian,North American,44.6995,511.6088,26.8814,28.5754,Canadian
143923,Canadian,Canadian,North American,26.9377,2691.0484,362.7756,115.5602,Canadian
143924,Canadian,Canadian,North American,113.5445,1605.3750,32.5750,113.7245,Canadian
143925,Canadian,Canadian,North American,26.3101,143.2351,8.4380,0.2257,Canadian
143926,Canadian,Canadian,North American,0.4116,1.2808,0.0486,0.0132,Canadian
143927,Canadian,Canadian,North American,423.7856,3252.5692,58.9423,163.5425,Canadian
143928,Canadian,Canadian,North American,27.7837,470.2127,18.3417,34.3967,Canadian
143929,Canadian,Canadian,North American,20.1336,114.4200,8.2565,0.1960,Canadian
143930,Canadian,Canadian,North American,0.0000,100.8667,22.4400,0.5667,Canadian
143931,Canadian,Canadian,North American,118.4585,669.8481,17.1748,22.8065,Canadian
143932,Canadian,Canadian,North American,99.0346,1297.1100,15.8822,96.3276,Canadian
143933,Canadian,Canadian,North American,153.2913,1242.3600,33.8342,64.8021,Canadian
143934,Canadian,Canadian,North American,51.9944,916.5197,80.5945,42.5943,Canadian
143935,Canadian,Canadian,North American,149.9760,1061.0380,31.3829,40.5228,Canadian
143936,Canadian,Canadian,North American,353.3226,2970.6376,217.4954,81.7543,Canadian
143937,Canadian,Canadian,North American,497.9768,2701.1360,80.2485,46.9654,Canadian
143938,Canadian,Canadian,North American,538.5029,3357.0965,98.0738,142.2724,Canadian
143939,Canadian,Canadian,North American,24.5896,133.2800,5.9696,1.2040,Canadian
143940,Canadian,Canadian,North American,61.4277,1349.2202,194.9015,33.9337,Canadian
143941,Canadian,Canadian,North American,,,,,Canadian
143942,Canadian,Canadian,North American,91.0161,352.6075,2.9576,0.2800,Canadian
143943,Canadian,Canadian,North American,31.1729,153.7210,1.6605,0.1932,Canadian
143944,Canadian,Canadian,North American,135.9570,532.2025,6.6982,3.0044,Canadian
143945,Canadian,Canadian,North American,15.0314,58.9220,0.0069,0.0013,Canadian
143946,Canadian,Canadian,North American,82.3773,3822.3970,253.9081,270.7912,Canadian
143947,Canadian,Canadian,North American,22.7642,1390.2697,145.1533,76.9319,Canadian
143948,Canadian,Canadian,North American,47.5837,2675.8065,58.8811,251.3126,Canadian
143949,Canadian,Canadian,North American,66.0887,1348.5991,57.8223,93.7569,Canadian
143950,Canadian,Canadian,North American,142.4550,3205.3318,37.1947,286.2913,Canadian
143951,Canadian,Canadian,North American,421.8124,2234.6120,43.6905,47.5623,Canadian
143952,Canadian,Canadian,North American,184.4474,1109.0674,70.8608,12.7058,Canadian
143953,Canadian,Canadian,North American,108.9547,1579.4352,46.4264,116.0104,Canadian
143954,Canadian,Canadian,North American,549.9006,3871.4680,104.5280,147.4662,Canadian
143955,Canadian,Canadian,North American,67.7338,1231.5377,21.7543,99.0890,Canadian
143956,Canadian,Canadian,North American,79.8169,345.6501,6.9956,2.0319,Canadian
143957,Canadian,Canadian,North American,551.5610,2963.3200,59.9402,72.2903,Canadian
143958,Canadian,Canadian,North American,127.4336,537.7700,10.6682,2.3396,Canadian
143959,Canadian,Canadian,North American,0.0000,37.8250,8.4150,0.2125,Canadian
143960,Canadian,Canadian,North American,511.3791,3166.1280,36.7537,107.5409,Canadian
143961,Canadian,Canadian,North American,16.5260,1082.1383,14.7735,113.3253,Canadian
143962,Canadian,Canadian,North American,39.1066,160.4503,0.4100,0.7741,Canadian
143963,Canadian,Canadian,North American,81.0591,1324.2650,20.0515,106.4735,Canadian
143964,Canadian,Canadian,North American,162.2833,666.4507,15.4320,5.2275,Canadian
143965,Canadian,Canadian,North American,21.0344,734.2519,5.0940,73.3086,Canadian
143966,Canadian,Canadian,North American,54.1744,727.5737,41.4402,44.8245,Canadian
143967,Canadian,Canadian,North American,101.6856,2107.3035,67.7393,161.2732,Canadian
143968,Canadian,Canadian,North American,96.3397,737.5765,29.0005,29.8296,Canadian
143969,Canadian,Canadian,North American,284.6191,2579.1510,93.5893,140.7245,Canadian
143970,Canadian,Canadian,North American,37.7269,159.8758,2.9208,0.6019,Canadian
143971,Canadian,Canadian,North American,24.4575,324.5066,40.0795,7.3762,Canadian
143972,Canadian,Canadian,North American,4.2656,73.6475,10.7766,1.6813,Canadian
143973,Canadian,Canadian,North American,184.6144,1024.2460,26.7377,28.8649,Canadian
143974,Canadian,Canadian,North American,32.9081,1331.3640,17.4209,129.4129,Canadian
143975,Canadian,Canadian,North American,30.3673,389.1416,17.9223,22.4244,Canadian
143976,Canadian,Canadian,North American,137.4684,1514.0130,38.3653,94.9177,Canadian
143977,Canadian,Canadian,North American,13.5741,1674.9161,362.2068,9.5951,Canadian
143978,Canadian,Canadian,North American,108.5746,5728.4726,731.5638,242.0879,Canadian
143979,Canadian,Canadian,North American,602.7490,4159.3662,35.3111,197.7515,Canadian
143980,Canadian,Canadian,North American,74.4070,5329.2840,392.5076,375.9596,Canadian
143981,Canadian,Canadian,North American,453.4636,3055.2000,68.3200,126.0192,Canadian
143982,Canadian,Canadian,North American,565.8904,4054.0242,259.0328,92.4966,Canadian
143983,Canadian,Canadian,North American,336.1367,2682.0097,78.3087,115.5848,Canadian
143984,Canadian,Canadian,North American,0.0000,2766.3384,272.2643,183.4669,Canadian
143985,Canadian,Canadian,North American,0.0637,147.7351,0.1245,16.5527,Canadian
143986,Canadian,Canadian,North American,215.9327,899.8120,4.5168,4.8143,Canadian
143987,Canadian,Canadian,North American,224.0201,1325.5383,46.4365,32.6662,Canadian
143988,Canadian,Canadian,North American,25.3223,516.6750,11.7739,43.6883,Canadian
143989,Canadian,Canadian,North American,12.1565,258.7680,8.2255,21.6519,Canadian
143990,Canadian,Canadian,North American,2.1997,1859.6410,359.1640,36.1451,Canadian
143991,Canadian,Canadian,North American,237.1927,1134.3180,19.3222,11.6510,Canadian
143992,Canadian,Canadian,North American,163.6301,642.1804,1.8641,0.3047,Canadian
143993,Canadian,Canadian,North American,236.4428,4443.4300,104.7450,373.9910,Canadian
143994,Canadian,Canadian,North American,153.8597,1041.6987,38.3840,31.3988,Canadian
143995,Canadian,Canadian,North American,15.0080,64.2510,1.7704,0.1633,Canadian
143996,Canadian,Canadian,North American,187.1202,1484.8435,28.6952,72.0163,Canadian
143997,Canadian,Canadian,North American,237.6777,2562.7693,40.0935,165.7030,Canadian
143998,Canadian,Canadian,North American,266.3103,6668.6690,63.4005,613.9510,Canadian
143999,Canadian,Canadian,North American,179.7749,1499.9576,41.2848,77.1086,Canadian
144000,Canadian,Canadian,North American,235.9960,1558.7240,28.5983,63.3373,Canadian
144001,Canadian,Canadian,North American,119.5373,2515.8257,437.5905,17.9171,Canadian
144002,Canadian,Canadian,North American,316.5383,3161.4025,25.9831,201.1312,Canadian
144003,Canadian,Canadian,North American,366.2915,2031.1312,37.6101,48.9803,Canadian
144004,Canadian,Canadian,North American,336.4836,1911.2130,30.5821,63.0768,Canadian
144005,Canadian,Canadian,North American,297.7099,2471.0227,112.6045,109.9368,Canadian
144006,Canadian,Canadian,North American,8.4468,38.5950,1.0301,0.2059,Canadian
144007,Canadian,Canadian,North American,179.3282,2392.9172,34.5533,179.5575,Canadian
144008,Canadian,Canadian,North American,197.2939,1053.2765,7.3810,33.2617,Canadian
144009,Canadian,Canadian,North American,117.1172,469.9659,2.2399,0.2240,Canadian
144010,Canadian,Canadian,North American,18.1329,409.0200,7.0364,40.1275,Canadian
144011,Canadian,Canadian,North American,4.5900,20.7000,1.0800,0.1800,Canadian
144012,Canadian,Canadian,North American,245.3545,1185.6650,11.2982,29.3682,Canadian
144013,Canadian,Canadian,North American,75.5981,742.6767,65.5422,20.7239,Canadian
144014,Canadian,Canadian,North American,89.2435,976.6936,46.0083,50.2620,Canadian
144015,Canadian,Canadian,North American,127.8464,1181.0583,116.1786,22.3393,Canadian
144016,Canadian,Canadian,North American,42.3021,181.8389,5.2042,0.9865,Canadian
144017,Canadian,Canadian,North American,72.5233,521.3889,29.1925,17.7339,Canadian
144018,Canadian,Canadian,North American,39.1677,2480.6782,197.8967,170.6387,Canadian
144019,Canadian,Canadian,North American,18.2360,8035.8915,175.6427,806.3367,Canadian
144020,Canadian,Canadian,North American,112.9832,1957.5550,34.3224,168.4058,Canadian
144021,Canadian,Canadian,North American,33.2508,281.5400,8.1034,15.0604,Canadian
144022,Canadian,Canadian,North American,152.9883,1352.8802,11.0405,86.1644,Canadian
144023,Canadian,Canadian,North American,107.8604,834.9080,12.4229,41.0534,Canadian
144024,Canadian,Canadian,North American,12.9822,985.4468,113.3559,49.6128,Canadian
144025,Canadian,Canadian,North American,9.3440,82.2135,1.8002,1.8966,Canadian
144026,Canadian,Canadian,North American,188.8350,1548.9221,129.6310,42.5011,Canadian
144027,Canadian,Canadian,North American,24.8730,1067.2785,67.2557,79.9135,Canadian
144028,Canadian,Canadian,North American,23.0516,286.8881,20.2780,14.1754,Canadian
144029,Canadian,Canadian,North American,17.0012,1102.8443,173.1656,39.0878,Canadian
144030,Canadian,Canadian,North American,23.9142,489.0251,60.1383,16.6506,Canadian
144031,Canadian,Canadian,North American,363.9713,1831.3960,29.1060,39.0715,Canadian
144032,Canadian,Canadian,North American,45.3920,297.1882,5.3192,13.3437,Canadian
144033,Canadian,Canadian,North American,31.2046,608.6100,2.4243,55.4640,Canadian
144034,Canadian,Canadian,North American,9.5027,62.0710,5.6157,0.1502,Canadian
144035,Canadian,Canadian,North American,548.6055,2985.7225,38.4248,70.6240,Canadian
144036,Canadian,Canadian,North American,46.4274,2311.2725,36.6717,224.3617,Canadian
144037,Canadian,Canadian,North American,328.9034,4958.0700,40.6965,422.0070,Canadian
144038,Canadian,Canadian,North American,70.3475,338.4903,13.4492,2.2371,Canadian
144039,Canadian,Canadian,North American,153.6703,1902.0644,196.8176,72.2964,Canadian
144040,Canadian,Canadian,North American,283.0389,1268.1120,23.6640,11.6609,Canadian
144041,Canadian,Canadian,North American,10.5637,150.8306,2.4838,10.5799,Canadian
144042,Canadian,Canadian,North American,13.2969,260.7765,14.8105,16.8195,Canadian
144043,Canadian,Canadian,North American,194.7048,1643.7650,37.9762,84.9636,Canadian
144044,Canadian,Canadian,North American,224.8174,1644.9360,38.1890,69.1935,Canadian
144045,Canadian,Canadian,North American,25.6016,177.8682,6.1358,7.4181,Canadian
144046,Canadian,Canadian,North American,0.0000,90.7040,5.6100,0.1417,Canadian
144047,Canadian,Canadian,North American,454.7708,2685.8082,53.0654,71.6287,Canadian
144048,Canadian,Canadian,North American,285.6364,1513.7490,51.2625,21.5193,Canadian
144049,Canadian,Canadian,North American,114.4438,1017.1054,83.6357,28.5134,Canadian
144050,Canadian,Canadian,North American,23.2584,142.6400,3.4434,4.9849,Canadian
144051,Canadian,Canadian,North American,2.6732,156.9705,1.0204,13.7773,Canadian
144052,Canadian,Canadian,North American,10.4153,588.0005,87.8672,20.7423,Canadian
144053,Canadian,Canadian,North American,116.2283,14447.0834,502.5266,1315.5794,Canadian
144054,Canadian,Canadian,North American,823.7128,7763.6559,170.6203,464.5896,Canadian
144055,Canadian,Canadian,North American,472.7536,4685.3760,49.4620,334.1132,Canadian
144056,Canadian,Canadian,North American,28.8916,1593.4900,31.4092,151.8592,Canadian
144057,Canadian,Canadian,North American,151.9096,3906.6181,351.5195,210.8964,Canadian
144058,Canadian,Canadian,North American,340.2122,2476.1550,63.0784,106.8740,Canadian
144059,Canadian,Canadian,North American,44.9633,756.5838,41.2960,49.0400,Canadian
144060,Canadian,Canadian,North American,624.6638,5749.5202,32.3836,355.8301,Canadian
144061,Canadian,Canadian,North American,106.3989,1734.9825,48.3528,134.2135,Canadian
144062,Canadian,Canadian,North American,366.4110,2354.3859,146.5462,31.9617,Canadian
144063,Canadian,Canadian,North American,324.7953,2480.6480,21.4551,122.2022,Canadian
144064,Canadian,Canadian,North American,108.2429,459.1349,14.3846,1.7178,Canadian
144065,Canadian,Canadian,North American,3.9285,4120.1758,900.2735,29.8667,Canadian
144066,Canadian,Canadian,North American,73.5197,287.0542,1.2409,1.3128,Canadian
144067,Canadian,Canadian,North American,78.6669,717.3013,21.7342,40.3786,Canadian
144068,Canadian,Canadian,North American,162.4531,633.0860,4.8658,1.4374,Canadian
144069,Canadian,Canadian,North American,39.1844,497.2977,39.7467,21.4976,Canadian
144070,Canadian,Canadian,North American,103.7501,448.4345,12.0380,2.4636,Canadian
144071,Canadian,Canadian,North American,98.2562,790.4362,7.6278,44.1330,Canadian
144072,Canadian,Canadian,North American,19.6830,676.5300,18.7374,61.2324,Canadian
144073,Canadian,Canadian,North American,1.2349,3.8425,0.1458,0.0397,Canadian
144074,Canadian,Canadian,North American,127.0868,1163.7647,23.0213,83.6504,Canadian
144075,Canadian,Canadian,North American,974.5300,6292.4779,139.0644,214.6365,Canadian
144076,Canadian,Canadian,North American,57.2627,988.3610,71.4159,50.9326,Canadian
144077,Canadian,Canadian,North American,63.0968,1028.6605,99.1982,42.1784,Canadian
144078,Canadian,Canadian,North American,96.9489,1388.7806,230.8652,9.4159,Canadian
144079,Canadian,Canadian,North American,28.5252,924.4791,97.6489,45.9833,Canadian
144080,Canadian,Canadian,North American,211.9537,1808.0740,42.0981,98.7080,Canadian
144081,Canadian,Canadian,North American,106.8023,703.7810,35.7099,31.6512,Canadian
144082,Canadian,Canadian,North American,6.8865,1942.7232,0.3119,216.0619,Canadian
144083,Canadian,Canadian,North American,171.1402,1061.2200,38.1315,25.6869,Canadian
144084,Canadian,Canadian,North American,30.8663,403.8790,6.9008,30.0549,Canadian
144085,Canadian,Canadian,North American,62.2063,243.5240,0.8182,1.6380,Canadian
144086,Canadian,Canadian,North American,103.8970,2242.4218,133.0085,142.7514,Canadian
144087,Canadian,Canadian,North American,263.3282,1013.3810,7.1965,0.7967,Canadian
144088,Canadian,Canadian,North American,5.9314,60.6300,2.0990,3.6600,Canadian
144089,Canadian,Canadian,North American,13.6469,64.0497,0.4133,1.3221,Canadian
144090,Canadian,Canadian,North American,207.6241,937.6686,7.7979,17.4713,Canadian
144091,Canadian,Canadian,North American,149.5398,981.1225,22.3077,36.8252,Canadian
144092,Canadian,Canadian,North American,42.1997,254.3002,7.3885,7.6047,Canadian
144093,Canadian,Canadian,North American,20.2190,100.6788,1.2589,0.1568,Canadian
144094,Canadian,Canadian,North American,243.8515,1274.8817,23.2775,37.2167,Canadian
144095,Canadian,Canadian,North American,112.7880,525.6847,8.9565,10.1437,Canadian
144096,Canadian,Canadian,North American,42.4777,174.3750,3.4875,1.0462,Canadian
144097,Canadian,Canadian,North American,262.5780,1672.2016,54.2710,58.0672,Canadian
144098,Canadian,Canadian,North American,,,,,Canadian
144099,Canadian,Canadian,North American,37.7451,392.9835,9.2246,24.5217,Canadian
144100,Canadian,Canadian,North American,107.8485,1473.2480,54.2335,98.6179,Canadian
144101,Canadian,Canadian,North American,117.9609,1496.6835,210.1569,19.4329,Canadian
144102,Canadian,Canadian,North American,183.9990,1158.9543,18.2273,42.9575,Canadian
144103,Canadian,Canadian,North American,11.2532,4558.1789,21.7887,490.4941,Canadian
144104,Canadian,Canadian,North American,83.0363,2001.9162,72.2316,164.2484,Canadian
144105,Canadian,Canadian,North American,39.8072,2106.2549,193.3952,125.3214,Canadian
144106,Canadian,Canadian,North American,122.0740,1850.2109,62.7499,114.7361,Canadian
144107,Canadian,Canadian,North American,8.5713,163.7677,14.7580,7.9511,Canadian
144108,Canadian,Canadian,North American,16.1506,60.7170,4.1145,1.7591,Canadian
144109,Canadian,Canadian,North American,6.4850,82.3640,4.2594,4.9894,Canadian
144110,Canadian,Canadian,North American,6.5523,63.8730,2.2616,3.8082,Canadian
144111,Canadian,Canadian,North American,58.7968,219.2049,0.4409,0.0611,Canadian
144112,Canadian,Canadian,North American,462.7135,3493.5827,81.9978,155.4803,Canadian
144113,Canadian,Canadian,North American,2.4653,312.6043,45.3806,1.2766,Canadian
144114,Canadian,Canadian,North American,340.3007,2443.2830,51.5281,108.6976,Canadian
144115,Canadian,Canadian,North American,88.3681,806.1059,92.2009,8.2441,Canadian
144116,Canadian,Canadian,North American,539.1606,3014.0220,53.3053,87.5928,Canadian
144117,Canadian,Canadian,North American,4.8273,909.0869,198.3997,5.0799,Canadian
144118,Canadian,Canadian,North American,28.7218,150.4760,8.2229,0.7807,Canadian
144119,Canadian,Canadian,North American,86.7175,1995.1175,40.4617,178.4382,Canadian
144120,Canadian,Canadian,North American,130.6827,1078.9000,57.2395,37.1673,Canadian
144121,Canadian,Canadian,North American,65.2204,436.1571,3.5930,19.1967,Canadian
144122,Canadian,Canadian,North American,26.6466,1790.5853,364.6332,13.9601,Canadian
144123,Canadian,Canadian,North American,23.3301,267.6977,11.3692,15.2793,Canadian
144124,Canadian,Canadian,North American,146.6968,6917.5890,132.5042,646.7871,Canadian
144125,Canadian,Canadian,North American,433.0615,4117.3624,69.0696,245.0743,Canadian
144126,Canadian,Canadian,North American,97.6810,1401.5570,31.3234,104.4820,Canadian
144127,Canadian,Canadian,North American,17.8273,140.9200,5.2203,5.5949,Canadian
144128,Canadian,Canadian,North American,568.4642,3313.1920,105.2540,69.5363,Canadian
144129,Canadian,Canadian,North American,37.5885,983.0834,106.1918,42.3874,Canadian
144130,Canadian,Canadian,North American,45.1050,169.1696,0.7222,0.4146,Canadian
144131,Canadian,Canadian,North American,0.0000,252.1667,56.1000,1.4167,Canadian
144132,Canadian,Canadian,North American,218.8241,1298.9463,23.2833,38.3310,Canadian
144133,Canadian,Canadian,North American,6.3698,23.2385,0.6771,0.4888,Canadian
144134,Canadian,Canadian,North American,60.7393,648.3550,11.8474,44.0196,Canadian
144135,Canadian,Canadian,North American,626.4824,2481.9946,29.5622,5.0702,Canadian
144136,Canadian,Canadian,North American,4.5171,32.2290,1.5564,1.7809,Canadian
144137,Canadian,Canadian,North American,17.8868,1223.0420,21.2699,122.5854,Canadian
144138,Canadian,Canadian,North American,111.2856,1603.9287,188.3394,39.5181,Canadian
144139,Canadian,Canadian,North American,43.0962,169.3604,2.2147,0.9834,Canadian
144140,Canadian,Canadian,North American,8.1508,272.8040,1.3774,27.8674,Canadian
144141,Canadian,Canadian,North American,18.4110,83.5385,2.7289,1.0371,Canadian
144142,Canadian,Canadian,North American,76.2644,382.6905,19.5940,1.7484,Canadian
144143,Canadian,Canadian,North American,388.4161,4908.5746,264.5966,260.6145,Canadian
144144,Canadian,Canadian,North American,33.8310,1006.2202,8.6310,95.8559,Canadian
144145,Canadian,Canadian,North American,251.4353,3691.0903,99.5351,278.8813,Canadian
144146,Canadian,Canadian,North American,14.8640,744.4011,108.7269,26.4895,Canadian
144147,Canadian,Canadian,North American,49.3173,284.0217,8.5822,6.0985,Canadian
144148,Canadian,Canadian,North American,241.0651,3072.6099,158.5576,171.9232,Canadian
144149,Canadian,Canadian,North American,182.5737,2354.1603,361.5839,10.0505,Canadian
144150,Canadian,Canadian,North American,114.1847,2218.2999,169.4495,117.3002,Canadian
144151,Canadian,Canadian,North American,328.1017,1305.7697,13.7553,9.8138,Canadian
144152,Canadian,Canadian,North American,347.6100,1760.2150,24.3890,44.0020,Canadian
144153,Canadian,Canadian,North American,12.3067,63.1720,2.0780,1.0011,Canadian
144154,Canadian,Canadian,North American,69.0500,260.0000,1.3000,0.8500,Canadian
144155,Canadian,Canadian,North American,635.1838,3580.9890,70.5487,135.0348,Canadian
144156,Canadian,Canadian,North American,79.9796,1472.4700,105.1191,83.8952,Canadian
144157,Canadian,Canadian,North American,47.3602,456.7880,26.3475,18.0090,Canadian
144158,Canadian,Canadian,North American,448.0385,2347.2007,107.8797,5.4735,Canadian
144159,Canadian,Canadian,North American,118.3773,1351.7240,51.7044,78.3430,Canadian
144160,Canadian,Canadian,North American,100.5518,2039.6016,20.0408,178.2608,Canadian
144161,Canadian,Canadian,North American,1329.6000,55200.0000,549.6000,5721.6000,Canadian
144162,Canadian,Canadian,North American,73.3368,868.8794,31.7410,55.7720,Canadian
144163,Canadian,Canadian,North American,26.2190,487.8696,54.0503,18.4775,Canadian
144164,Canadian,Canadian,North American,0.1472,482.5068,0.0122,54.5268,Canadian
144165,Canadian,Canadian,North American,,,,,Canadian
144166,Canadian,Canadian,North American,11.3598,1551.1452,192.7517,79.6748,Canadian
144167,Canadian,Canadian,North American,365.6128,1624.9617,3.3598,19.1095,Canadian
144168,Canadian,Canadian,North American,33.6154,1849.6732,67.1825,159.7192,Canadian
144169,Canadian,Canadian,North American,182.7757,829.6885,23.8373,3.9238,Canadian
144170,Canadian,Canadian,North American,80.4926,1413.0501,106.9789,75.5911,Canadian
144171,Canadian,Canadian,North American,11.6998,3153.5943,517.5927,98.8741,Canadian
144172,Canadian,Canadian,North American,,,,,Canadian
144173,Canadian,Canadian,North American,320.2336,2987.4192,83.0124,161.6992,Canadian
144174,Canadian,Canadian,North American,64.7349,283.1408,5.4287,1.0524,Canadian
144175,Canadian,Canadian,North American,2.2282,22.0679,0.1954,0.0519,Canadian
144176,Canadian,Canadian,North American,176.6343,4261.4154,253.3142,278.3527,Canadian
144177,Canadian,Canadian,North American,191.7754,1548.1470,38.1922,74.2137,Canadian
144178,Canadian,Canadian,North American,116.3898,1001.9672,17.2554,58.4118,Canadian
144179,Canadian,Canadian,North American,899.2858,3737.1110,51.4862,1.6469,Canadian
144180,Canadian,Canadian,North American,10.0200,796.5522,89.8433,43.6363,Canadian
144181,Canadian,Canadian,North American,52.9831,507.4430,16.0341,29.6200,Canadian
144182,Canadian,Canadian,North American,265.4104,1533.7400,42.3314,43.3246,Canadian
144183,Canadian,Canadian,North American,40.2126,1530.7314,75.9999,122.6451,Canadian
144184,Canadian,Canadian,North American,9.2556,374.3950,40.8238,18.6978,Canadian
144185,Canadian,Canadian,North American,82.2826,431.2360,6.5550,10.0399,Canadian
144186,Canadian,Canadian,North American,97.4640,6499.8070,146.1391,616.2220,Canadian
144187,Canadian,Canadian,North American,6720.6319,35570.4180,2464.5071,2401.0976,Canadian
144188,Canadian,Canadian,North American,84.3834,918.0640,38.8347,49.3844,Canadian
144189,Canadian,Canadian,North American,77.3767,520.4005,16.1523,17.1520,Canadian
144190,Canadian,Canadian,North American,117.9261,2438.0656,194.4318,127.2495,Canadian
144191,Canadian,Canadian,North American,79.8897,1509.2416,91.2183,92.6216,Canadian
144192,Canadian,Canadian,North American,16.2392,577.1120,11.2500,56.1109,Canadian
144194,Canadian,Canadian,North American,24.6029,334.1575,6.1488,24.1302,Canadian
144195,Canadian,Canadian,North American,32.5923,2798.4407,287.0522,173.3593,Canadian
144196,Canadian,Canadian,North American,327.2502,1351.3653,22.4643,5.4239,Canadian
144197,Canadian,Canadian,North American,5.6507,52.2745,0.9327,3.2481,Canadian
144198,Canadian,Canadian,North American,101.6645,1115.4133,22.4245,68.4330,Canadian
144199,Canadian,Canadian,North American,84.5635,1564.1810,36.2026,129.7382,Canadian
144200,Canadian,Canadian,North American,481.6494,3181.5219,161.1524,74.9078,Canadian
144201,Canadian,Canadian,North American,69.1996,503.4212,18.2605,19.5892,Canadian
144202,Canadian,Canadian,North American,52.4347,1143.5664,93.5566,59.5801,Canadian
144203,Canadian,Canadian,North American,5.8316,74.4200,3.8430,3.9894,Canadian
144204,Canadian,Canadian,North American,51.9545,911.0715,9.8477,78.4682,Canadian
144205,Canadian,Canadian,North American,47.9640,661.8291,11.9724,47.9640,Canadian
144206,Canadian,Canadian,North American,60.8523,1524.0946,180.0300,57.6472,Canadian
144207,Canadian,Canadian,North American,157.8697,1587.3700,23.8300,102.9041,Canadian
144208,Canadian,Canadian,North American,106.1200,1593.0392,85.4212,90.4779,Canadian
144209,Canadian,Canadian,North American,783.3352,12233.9826,380.6741,827.3358,Canadian
144210,Canadian,Canadian,North American,419.4583,2250.9140,28.1985,62.0446,Canadian
144211,Canadian,Canadian,North American,177.8975,1167.0915,9.5561,49.7120,Canadian
144212,Canadian,Canadian,North American,381.8407,4673.6806,112.3415,297.5398,Canadian
144213,Canadian,Canadian,North American,30.1525,354.2249,57.6309,1.6548,Canadian
144214,Canadian,Canadian,North American,132.0156,960.9848,32.4901,32.6577,Canadian
144215,Canadian,Canadian,North American,0.0000,0.0000,0.0000,0.0000,Canadian
144216,Canadian,Canadian,North American,401.6888,2459.5317,76.6708,65.5672,Canadian
144217,Canadian,Canadian,North American,10.8512,372.8486,66.4893,5.3110,Canadian
144218,Canadian,Canadian,North American,0.0000,50.4333,11.2200,0.2833,Canadian
144219,Canadian,Canadian,North American,11.0485,64.6238,5.2209,0.6761,Canadian
144220,Canadian,Canadian,North American,217.2384,3246.4420,94.9709,251.3074,Canadian
144221,Canadian,Canadian,North American,249.2000,1076.2467,13.0561,5.7037,Canadian
144222,Canadian,Canadian,North American,32.2639,1882.0553,364.8191,23.6183,Canadian
144223,Canadian,Canadian,North American,27.0659,923.3049,75.4609,56.5091,Canadian
144224,Canadian,Canadian,North American,34.1628,836.3094,110.0244,28.6795,Canadian
144225,Canadian,Canadian,North American,57.7981,1582.9640,79.3815,118.2298,Canadian
144226,Canadian,Canadian,North American,475.0296,2567.1428,33.4937,69.8395,Canadian
144227,Canadian,Canadian,North American,636.1040,3283.3400,76.6650,108.2060,Canadian
144228,Canadian,Canadian,North American,92.0831,364.5280,3.3000,3.4968,Canadian
144229,Canadian,Canadian,North American,324.7799,1721.6100,27.8726,31.2379,Canadian
144230,Canadian,Canadian,North American,214.2618,1123.5000,9.8580,26.9042,Canadian
144231,Canadian,Canadian,North American,12.4873,66.7290,3.5661,0.5992,Canadian
144232,Canadian,Canadian,North American,34.9896,446.5200,23.0580,23.9364,Canadian
144233,Canadian,Canadian,North American,5623.1600,2283211.3600,3046.0872,254332.2912,Canadian
144234,Canadian,Canadian,North American,17.3165,1548.6435,191.8281,75.1576,Canadian
144235,Canadian,Canadian,North American,17.5401,78.2395,3.1045,0.5582,Canadian
144236,Canadian,Canadian,North American,67.1194,1348.3469,42.8866,111.1827,Canadian
144237,Canadian,Canadian,North American,55.0336,1211.4490,24.2368,97.6790,Canadian
144238,Canadian,Canadian,North American,34.3956,1226.1430,98.9799,78.8024,Canadian
144239,Canadian,Canadian,North American,0.0000,504.3333,112.2000,2.8333,Canadian
144240,Canadian,Canadian,North American,0.0000,57.9604,5.6100,0.1417,Canadian
144241,Canadian,Canadian,North American,11.6632,148.8400,7.6860,7.9788,Canadian
144242,Canadian,Canadian,North American,1170.2965,4676.5216,6.6204,1.3993,Canadian
144243,Canadian,Canadian,North American,619.5190,47922.5733,2144.3770,4142.4313,Canadian
144244,Canadian,Canadian,North American,612.4708,4021.4948,96.6430,141.4715,Canadian
144245,Canadian,Canadian,North American,163.5765,1248.8945,32.1756,59.4509,Canadian
144246,Canadian,Canadian,North American,27.5360,247.0000,12.5760,9.5340,Canadian
144247,Canadian,Canadian,North American,54.2490,481.6770,28.7921,19.5699,Canadian
144248,Canadian,Canadian,North American,957.6356,39168.2410,5575.7469,1315.6585,Canadian
144249,Canadian,Canadian,North American,14.1120,1412.8100,3.8535,152.3950,Canadian
144250,Canadian,Canadian,North American,219.3930,1061.5000,11.7490,19.3440,Canadian
144251,Canadian,Canadian,North American,159.3771,1371.9420,73.4862,54.2680,Canadian
144252,Canadian,Canadian,North American,164.9541,1431.4045,46.7949,69.2518,Canadian
144253,Canadian,Canadian,North American,116.9297,587.3600,6.5754,14.9616,Canadian
144254,Canadian,Canadian,North American,44.5434,264.2320,5.1090,8.9201,Canadian
144255,Canadian,Canadian,North American,191.8194,1681.1996,19.0721,96.9523,Canadian
144256,Canadian,Canadian,North American,25.9774,881.1992,126.2691,31.9540,Canadian
144257,Canadian,Canadian,North American,337.9914,1539.8800,45.3588,5.3124,Canadian
144258,Canadian,Canadian,North American,339.5448,1798.7793,28.7746,36.5121,Canadian
144259,Canadian,Canadian,North American,414.7378,2426.4518,113.5598,44.3820,Canadian
144260,Canadian,Canadian,North American,67.1006,564.5998,60.1741,9.6634,Canadian
144261,Canadian,Canadian,North American,727.2584,4640.4451,49.4276,194.6478,Canadian
144262,Canadian,Canadian,North American,9.7157,72.2465,6.8789,1.0928,Canadian
144263,Canadian,Canadian,North American,111.7600,1848.8680,31.1784,151.6218,Canadian
144264,Canadian,Canadian,North American,79.8218,315.5986,0.0000,0.3795,Canadian
144265,Canadian,Canadian,North American,15.8540,702.6400,4.2394,70.4239,Canadian
144266,Canadian,Canadian,North American,138.0443,557.9944,4.1931,1.2071,Canadian
144267,Canadian,Canadian,North American,86.8047,993.1987,62.9851,46.1809,Canadian
144268,Canadian,Canadian,North American,190.2687,881.1650,2.5151,14.8564,Canadian
144269,Canadian,Canadian,North American,280.8359,3122.8683,40.9922,205.5311,Canadian
144270,Canadian,Canadian,North American,55.0224,608.9785,14.3559,37.2409,Canadian
144271,Canadian,Canadian,North American,1234.7702,6457.6415,110.4096,140.1596,Canadian
144272,Canadian,Canadian,North American,221.5555,1911.1075,53.5184,92.5117,Canadian
144273,Canadian,Canadian,North American,317.8735,3237.5440,89.9724,196.3164,Canadian
144274,Canadian,Canadian,North American,429.8053,1994.2400,15.7187,30.1544,Canadian
144275,Canadian,Canadian,North American,132.2241,573.7254,1.2210,5.9113,Canadian
144276,Canadian,Canadian,North American,154.3939,1093.8920,40.4401,43.4824,Canadian
144277,Canadian,Canadian,North American,32.8893,155.0478,7.5880,1.8050,Canadian
144278,Canadian,Canadian,North American,492.8626,3171.1465,39.0322,116.2764,Canadian
144279,Canadian,Canadian,North American,29.3857,1904.4190,4.1590,202.5707,Canadian
144280,Canadian,Canadian,North American,7.3489,1319.7362,180.7708,57.9043,Canadian
144281,Canadian,Canadian,North American,353.6977,4814.5250,140.6264,330.7756,Canadian
144282,Canadian,Canadian,North American,10.8130,152.1900,2.7804,11.7936,Canadian
144283,Canadian,Canadian,North American,1336.3344,37083.6700,1502.3552,3156.2948,Canadian
144284,Canadian,Canadian,North American,55.9660,811.7826,68.0261,40.7443,Canadian
144285,Canadian,Canadian,North American,14.5025,321.5206,44.5346,9.3674,Canadian
144286,Canadian,Canadian,North American,0.0000,252.1667,56.1000,1.4167,Canadian
144287,Canadian,Canadian,North American,197.2955,979.6321,40.5459,9.0702,Canadian
144288,Canadian,Canadian,North American,28.3755,122.2780,4.5661,0.7484,Canadian
144289,Canadian,Canadian,North American,257.4708,1419.8290,37.5368,37.4270,Canadian
144290,Canadian,Canadian,North American,149.2333,898.8700,35.4715,20.0344,Canadian
144291,Canadian,Canadian,North American,68.0027,1990.4214,160.0703,121.5300,Canadian
144292,Canadian,Canadian,North American,35.3214,294.5911,10.4522,15.3451,Canadian
144293,Canadian,Canadian,North American,0.0000,321.8667,44.9707,14.3707,Canadian
144294,Canadian,Canadian,North American,51.0362,948.9267,35.1343,71.4043,Canadian
144295,Canadian,Canadian,North American,92.9892,1456.5885,125.2813,65.6188,Canadian
144296,Canadian,Canadian,North American,68.0287,556.3300,23.4149,23.0655,Canadian
144297,Canadian,Canadian,North American,293.1808,3365.0875,71.6655,228.6767,Canadian
144298,Canadian,Canadian,North American,90.0821,3288.0108,16.2197,319.6442,Canadian
144299,Canadian,Canadian,North American,111.9363,964.7036,69.1304,27.3241,Canadian
144300,Canadian,Canadian,North American,6.1694,278.9683,5.4097,27.6625,Canadian
144301,Canadian,Canadian,North American,47.1480,1481.7320,32.0580,137.6500,Canadian
144302,Canadian,Canadian,North American,368.4118,2140.1064,36.4017,62.5619,Canadian
144303,Canadian,Canadian,North American,10.7190,85.8265,8.5011,1.0675,Canadian
144304,Canadian,Canadian,North American,202.5762,1489.9642,44.6150,57.3568,Canadian
144305,Canadian,Canadian,North American,216.0272,1577.8939,25.3490,72.9739,Canadian
144306,Canadian,Canadian,North American,17.8455,2743.2320,133.2283,234.3163,Canadian
144307,Canadian,Canadian,North American,415.8045,1970.6840,25.6816,35.3678,Canadian
144308,Canadian,Canadian,North American,91.8522,1391.9032,3.9154,116.5085,Canadian
144309,Canadian,Canadian,North American,108.0756,2664.0000,131.9784,200.5280,Canadian
144310,Canadian,Canadian,North American,13.3114,1068.0577,18.2715,105.1087,Canadian
144311,Canadian,Canadian,North American,14.7265,77.2992,1.6581,1.5287,Canadian
144312,Canadian,Canadian,North American,2.1768,9.6310,0.3987,0.1248,Canadian
144313,Canadian,Canadian,North American,237.2331,954.3143,10.7466,5.0050,Canadian
144314,Canadian,Canadian,North American,361.9919,2516.4598,53.2340,102.2979,Canadian
144315,Canadian,Canadian,North American,130.2786,861.9900,39.0919,23.3254,Canadian
144316,Canadian,Canadian,North American,252.7641,2235.4200,56.8455,118.5654,Canadian
144317,Canadian,Canadian,North American,5.4127,1184.6175,23.2047,121.2041,Canadian
144318,Canadian,Canadian,North American,340.7485,2151.0500,52.6495,94.6602,Canadian
144319,Canadian,Canadian,North American,226.5480,1828.1140,106.6877,63.3224,Canadian
144320,Canadian,Canadian,North American,215.2266,1619.2293,36.8161,79.2488,Canadian
144321,Canadian,Canadian,North American,21.4776,156.7583,10.2820,3.4076,Canadian
144322,Canadian,Canadian,North American,277.5814,3381.5100,216.3607,148.3152,Canadian
144323,Canadian,Canadian,North American,72.2158,2080.7253,28.4939,197.1119,Canadian
144324,Canadian,Canadian,North American,30.6474,535.7065,22.4575,39.4555,Canadian
144325,Canadian,Canadian,North American,68.6513,1730.6049,219.6685,69.6186,Canadian
144326,Canadian,Canadian,North American,83.2280,1180.0800,71.3480,61.5904,Canadian
144327,Canadian,Canadian,North American,15.0084,69.8562,3.4945,0.7886,Canadian
144328,Canadian,Canadian,North American,42.7874,1758.3325,152.8799,104.1518,Canadian
144329,Canadian,Canadian,North American,293.0330,1573.2272,90.4725,14.5544,Canadian
144330,Canadian,Canadian,North American,27.1683,306.5160,28.2931,9.5178,Canadian
144331,Canadian,Canadian,North American,114.4364,1578.4815,12.5359,124.4517,Canadian
144332,Canadian,Canadian,North American,36.1174,302.7518,13.4708,18.2322,Canadian
144333,Canadian,Canadian,North American,0.0000,0.0000,0.0000,0.0000,Canadian
144334,Canadian,Canadian,North American,737.5628,6223.0965,59.0565,347.6421,Canadian
144335,Canadian,Canadian,North American,60.3056,1694.1427,18.4585,158.3368,Canadian
144336,Canadian,Canadian,North American,111.8756,454.2300,2.1960,0.4880,Canadian
144337,Canadian,Canadian,North American,1316.2069,5327.2825,23.8566,5.4487,Canadian
144338,Canadian,Canadian,North American,247.2017,2051.3720,129.0781,66.1289,Canadian
144339,Canadian,Canadian,North American,47.4275,271.5211,8.7242,7.4356,Canadian
144340,Canadian,Canadian,North American,371.0469,1885.0900,38.6130,38.8630,Canadian
144341,Canadian,Canadian,North American,48.4589,495.4982,51.9543,11.7012,Canadian
144342,Canadian,Canadian,North American,190.7677,1984.5124,45.4929,115.7277,Canadian
144343,Canadian,Canadian,North American,109.0834,1751.9691,197.9717,61.1839,Canadian
144344,Canadian,Canadian,North American,0.8233,1912.0017,0.0972,216.0265,Canadian
144345,Canadian,Canadian,North American,421.1313,2424.2380,27.3769,74.7905,Canadian
144346,Canadian,Canadian,North American,378.3347,4555.5370,60.2990,320.9086,Canadian
144347,Canadian,Canadian,North American,86.9910,3015.1815,66.5439,286.6825,Canadian
144348,Canadian,Canadian,North American,180.2346,933.8560,18.0095,16.7257,Canadian
144349,Canadian,Canadian,North American,35.3889,175.0080,6.0780,2.6416,Canadian
144350,Canadian,Canadian,North American,31.7395,2132.1973,7.2367,225.1108,Canadian
144351,Canadian,Canadian,North American,2058.8804,81133.8816,11230.8702,2858.5847,Canadian
144352,Canadian,Canadian,North American,12.7694,173.8115,24.7572,3.1647,Canadian
144353,Canadian,Canadian,North American,804.9754,8702.5800,188.8748,673.8134,Canadian
144354,Canadian,Canadian,North American,194.3154,3041.8221,151.5301,180.5678,Canadian
144355,Canadian,Canadian,North American,41.6715,1038.1550,20.2395,95.4841,Canadian
144356,Canadian,Canadian,North American,8.7474,111.6300,5.7645,5.9841,Canadian
144357,Canadian,Canadian,North American,277.4009,2105.0190,29.4274,108.6446,Canadian
144358,Canadian,Canadian,North American,28.0549,1540.1565,315.0118,9.0174,Canadian
144359,Canadian,Canadian,North American,1518.2344,6065.7655,0.3871,0.3941,Canadian
144360,Canadian,Canadian,North American,,,,,Canadian
144361,Canadian,Canadian,North American,1.3364,244.4750,0.2358,27.0364,Canadian
144362,Canadian,Canadian,North American,116.0432,464.0295,3.4503,1.9989,Canadian
144363,Canadian,Canadian,North American,18.7240,220.2400,24.0368,5.4016,Canadian
144364,Canadian,Canadian,North American,24.0606,310.6600,11.2306,19.9015,Canadian
144365,Canadian,Canadian,North American,28.8706,369.5040,4.2984,27.1620,Canadian
144366,Canadian,Canadian,North American,2132.3518,88361.4700,883.5508,9155.0750,Canadian
144367,Canadian,Canadian,North American,8.4303,441.4617,91.3818,2.3942,Canadian
144368,Canadian,Canadian,North American,470.1040,2400.3780,53.0013,31.4505,Canadian
144369,Canadian,Canadian,North American,16.5980,65.3600,5.6187,3.9273,Canadian
144370,Canadian,Canadian,North American,127.0124,1405.1275,66.9624,73.1183,Canadian
144371,Canadian,Canadian,North American,29.3458,972.1260,6.3212,93.8841,Canadian
144372,Canadian,Canadian,North American,36.4884,1366.7627,273.5228,7.6307,Canadian
144373,Canadian,Canadian,North American,23.0537,112.4485,5.7239,0.3860,Canadian
144374,Canadian,Canadian,North American,200.5255,1136.5925,4.3056,36.5882,Canadian
144375,Canadian,Canadian,North American,42.6728,491.1075,17.7458,28.0102,Canadian
144376,Canadian,Canadian,North American,337.8430,1719.7812,94.3529,6.1118,Canadian
144377,Canadian,Canadian,North American,72.2101,801.6198,11.0944,55.8389,Canadian
144378,Canadian,Canadian,North American,394.4830,2426.1552,186.5580,5.1413,Canadian
144379,Canadian,Canadian,North American,1.5868,286.9200,25.2052,19.0408,Canadian
144380,Canadian,Canadian,North American,141.8695,952.9339,18.9352,36.3470,Canadian
144381,Canadian,Canadian,North American,21.0261,285.4706,10.5644,20.8393,Canadian
144382,Canadian,Canadian,North American,42.1353,971.5516,28.4684,82.1395,Canadian
144383,Canadian,Canadian,North American,13.1744,53.4770,0.9255,0.2458,Canadian
144384,Canadian,Canadian,North American,809.5913,4736.8418,64.8387,139.6938,Canadian
144385,Canadian,Canadian,North American,27.9097,152.4000,8.2354,0.5695,Canadian
144386,Canadian,Canadian,North American,178.4466,2111.5691,139.5539,91.5153,Canadian
144387,Canadian,Canadian,North American,246.0769,4539.7201,366.5665,231.4329,Canadian
144388,Canadian,Canadian,North American,152.3989,1566.8795,30.5440,101.1553,Canadian
144389,Canadian,Canadian,North American,3.5172,202.7788,5.9001,18.6368,Canadian
144390,Canadian,Canadian,North American,191291.2601,922601.6341,16413.1287,9473.8557,Canadian
144391,Canadian,Canadian,North American,29.6254,231.7662,6.6163,11.9736,Canadian
144392,Canadian,Canadian,North American,555.6089,2856.9055,109.1280,36.0249,Canadian
144393,Canadian,Canadian,North American,25.8140,1068.8947,189.1710,20.6786,Canadian
144394,Canadian,Canadian,North American,443.4332,15669.7465,793.8144,1213.5304,Canadian
144395,Canadian,Canadian,North American,20.9616,105.1623,5.7205,0.2267,Canadian
144396,Canadian,Canadian,North American,34.4021,148.2780,6.9667,0.8872,Canadian
144397,Canadian,Canadian,North American,35.3459,392.1250,14.2041,22.6592,Canadian
144398,Canadian,Canadian,North American,122.7492,1233.8966,91.3504,45.7731,Canadian
144399,Canadian,Canadian,North American,173.1827,2671.0463,359.2888,56.2229,Canadian
144400,Canadian,Canadian,North American,25.0257,98.2324,1.4725,0.5502,Canadian
144401,Canadian,Canadian,North American,50.4975,1507.6064,53.6515,128.4320,Canadian
144402,Canadian,Canadian,North American,155.8344,8750.1985,64.3356,890.0449,Canadian
144403,Canadian,Canadian,North American,304.4985,3233.0179,448.9077,11.4066,Canadian
144404,Canadian,Canadian,North American,15.7062,80.1200,1.8172,0.6354,Canadian
144405,Canadian,Canadian,North American,0.0000,0.0000,0.0000,0.0000,Canadian
144406,Canadian,Canadian,North American,1378.4904,6769.1970,218.0975,43.1657,Canadian
144407,Canadian,Canadian,North American,214.9684,1451.5917,13.3786,63.1750,Canadian
144408,Canadian,Canadian,North American,43.8666,4696.7498,447.5849,292.7493,Canadian
144409,Canadian,Canadian,North American,230.4867,2199.5680,78.1872,117.7925,Canadian
144410,Canadian,Canadian,North American,351.8380,2637.7627,55.6585,124.7125,Canadian
144411,Canadian,Canadian,North American,382.3579,2027.7440,45.0045,36.6314,Canadian
144412,Canadian,Canadian,North American,156.7675,1231.4340,27.7265,56.1145,Canadian
144413,Canadian,Canadian,North American,13.1666,695.8432,1.0734,72.3272,Canadian
144414,Canadian,Canadian,North American,437.7096,2167.6640,50.5682,27.4651,Canadian
144415,Canadian,Canadian,North American,139.5762,1191.5256,103.0400,21.2331,Canadian
144416,Canadian,Canadian,North American,442.8883,1722.1465,8.3357,2.1624,Canadian
144417,Canadian,Canadian,North American,13.7495,381.8853,4.6262,36.4667,Canadian
144418,Canadian,Canadian,North American,41.5308,410.6317,19.1943,21.0839,Canadian
144419,Canadian,Canadian,North American,23.7251,1160.1494,33.8234,105.1356,Canadian
144420,Canadian,Canadian,North American,57.7851,1306.1232,30.6967,113.7183,Canadian
144421,Canadian,Canadian,North American,36.7022,451.1726,19.5498,26.7968,Canadian
144422,Canadian,Canadian,North American,48.7813,2291.3486,50.7160,224.0682,Canadian
144423,Canadian,Canadian,North American,13.9627,362.6419,2.2225,34.2637,Canadian
144424,Canadian,Canadian,North American,,,,,Canadian
144425,Canadian,Canadian,North American,41.5666,427.9257,8.9881,29.0165,Canadian
144426,Canadian,Canadian,North American,6.6089,1132.5725,191.9559,32.3528,Canadian
144427,Canadian,Canadian,North American,96.0125,457.4770,16.0572,4.5153,Canadian
144428,Canadian,Canadian,North American,66.0393,443.8966,20.6343,17.0660,Canadian
144429,Canadian,Canadian,North American,40.8367,231.9740,6.6733,3.3280,Canadian
144430,Canadian,Canadian,North American,11.8137,5984.3782,130.4598,601.1410,Canadian
144431,Canadian,Canadian,North American,44.2805,986.4800,33.7549,82.9035,Canadian
144432,Canadian,Canadian,North American,248.7640,21263.3950,581.7881,2029.0327,Canadian
144433,Canadian,Canadian,North American,53.8700,2038.4024,28.9046,191.6832,Canadian
144434,Canadian,Canadian,North American,53.4332,437.8338,12.3460,23.8662,Canadian
144435,Canadian,Canadian,North American,213.9018,2382.2610,18.1216,172.3912,Canadian
144436,Canadian,Canadian,North American,102.8613,2223.5733,49.4173,191.1947,Canadian
144437,Canadian,Canadian,North American,5.9003,97.2873,12.1105,2.6833,Canadian
144438,Canadian,Canadian,North American,12.4229,124.4000,4.0462,7.3946,Canadian
144439,Canadian,Canadian,North American,27.0878,1439.6826,191.5667,60.6612,Canadian
144440,Canadian,Canadian,North American,179.7173,1250.2300,32.2640,56.0621,Canadian
144441,Canadian,Canadian,North American,59.4642,249.0462,2.3019,0.7987,Canadian
144442,Canadian,Canadian,North American,101.4960,1739.1329,27.4832,147.4051,Canadian
144443,Canadian,Canadian,North American,37.8715,272.6042,8.0336,12.6646,Canadian
144444,Canadian,Canadian,North American,143.4288,1310.5759,53.3646,58.5530,Canadian
144445,Canadian,Canadian,North American,0.3584,116.7600,3.5336,11.1132,Canadian
144446,Canadian,Canadian,North American,168.7034,704.8950,5.8936,0.8884,Canadian
144447,Canadian,Canadian,North American,3.7832,721.4100,46.3640,57.4768,Canadian
144448,Canadian,Canadian,North American,57.5753,504.3627,11.8828,28.8978,Canadian
144449,Canadian,Canadian,North American,444.4675,2538.4757,54.7379,65.5620,Canadian
144450,Canadian,Canadian,North American,243.9033,1967.1912,36.8832,95.5803,Canadian
144451,Canadian,Canadian,North American,23.0892,515.3100,53.2892,23.4114,Canadian
144452,Canadian,Canadian,North American,28.6491,109.9481,1.1806,0.2509,Canadian
144453,Canadian,Canadian,North American,25.8583,2438.1668,106.4523,209.6101,Canadian
144454,Canadian,Canadian,North American,386.5651,1897.0480,18.1928,41.9268,Canadian
144455,Canadian,Canadian,North American,0.0000,57.9604,5.6100,0.1417,Canadian
144456,Canadian,Canadian,North American,4.1694,909.0256,96.1952,54.7228,Canadian
144457,Canadian,Canadian,North American,144.9100,2590.1600,99.4607,195.9453,Canadian
144458,Canadian,Canadian,North American,47.9076,1089.6371,39.3256,85.8825,Canadian
144459,Canadian,Canadian,North American,105.5548,1269.8400,32.2244,86.4320,Canadian
144460,Canadian,Canadian,North American,468.9460,2689.0995,19.2513,97.2870,Canadian
144461,Canadian,Canadian,North American,29.1345,2214.2448,121.7690,178.5346,Canadian
144462,Canadian,Canadian,North American,191.3830,2044.3957,11.9211,144.6162,Canadian
144463,Canadian,Canadian,North American,10501.9596,57436.8237,1259.0369,1286.5690,Canadian
144464,Canadian,Canadian,North American,492.5871,4136.6603,23.2623,236.1092,Canadian
144465,Canadian,Canadian,North American,12.3105,383.4216,21.7289,28.3990,Canadian
144466,Canadian,Canadian,North American,80.7567,1207.8233,68.7296,70.2380,Canadian
144467,Canadian,Canadian,North American,139.3783,4366.8916,500.4345,187.2370,Canadian
144468,Canadian,Canadian,North American,5677.8063,230358.6595,2836.3585,22377.8125,Canadian
144469,Canadian,Canadian,North American,19.2833,1195.3887,25.3796,115.3135,Canadian
144470,Canadian,Canadian,North American,73.0982,529.3670,18.9780,18.9850,Canadian
144471,Canadian,Canadian,North American,64.5589,1325.0747,54.1420,100.3389,Canadian
144472,Canadian,Canadian,North American,143.0186,2045.2623,15.3450,162.0585,Canadian
144473,Canadian,Canadian,North American,10.7774,117.4317,2.6088,8.1320,Canadian
144474,Canadian,Canadian,North American,20.4727,412.5575,23.7329,27.4124,Canadian
144475,Canadian,Canadian,North American,410.3036,2842.0976,23.9485,140.1407,Canadian
144476,Canadian,Canadian,North American,87.5959,711.3770,20.6172,30.1378,Canadian
144477,Canadian,Canadian,North American,44.2145,2048.6518,366.2777,36.8153,Canadian
144478,Canadian,Canadian,North American,14.2299,854.2000,47.5714,68.6176,Canadian
144479,Canadian,Canadian,North American,2.3474,289.6813,0.6936,30.9949,Canadian
144480,Canadian,Canadian,North American,370.7278,2113.9061,114.4347,27.1416,Canadian
144481,Canadian,Canadian,North American,6.0330,1261.8825,196.2815,44.2361,Canadian
144482,Canadian,Canadian,North American,479.8653,3133.0960,55.5705,124.7125,Canadian
144483,Canadian,Canadian,North American,8.0328,35.6875,1.2280,0.2362,Canadian
144484,Canadian,Canadian,North American,31.8818,311.2200,30.0660,6.5031,Canadian
144485,Canadian,Canadian,North American,186.0791,1504.4770,40.5370,72.0775,Canadian
144486,Canadian,Canadian,North American,21.5392,522.9476,95.6061,3.9738,Canadian
144487,Canadian,Canadian,North American,644.6730,4481.3400,9.1290,221.7630,Canadian
144488,Canadian,Canadian,North American,258.3076,1166.3120,18.8020,4.4872,Canadian
144489,Canadian,Canadian,North American,239.3061,2385.6787,14.6439,155.3510,Canadian
144490,Canadian,Canadian,North American,40.2500,618.5367,33.2620,37.2659,Canadian
144491,Canadian,Canadian,North American,280.1779,1717.8910,56.7047,36.1019,Canadian
144492,Canadian,Canadian,North American,1297.0626,10621.4720,89.1769,620.1613,Canadian
144493,Canadian,Canadian,North American,44.7332,1001.1374,185.9477,5.7901,Canadian
144494,Canadian,Canadian,North American,29.8880,128.0000,3.5200,0.3200,Canadian
144495,Canadian,Canadian,North American,201.9903,1321.7830,52.5079,38.3873,Canadian
144496,Canadian,Canadian,North American,215.1891,2169.7150,77.7367,118.1330,Canadian
144497,Canadian,Canadian,North American,15.4137,168.8275,8.3116,8.2908,Canadian
144498,Canadian,Canadian,North American,330.4505,1783.7152,41.9916,44.2489,Canadian
144499,Canadian,Canadian,North American,2.2546,10.2610,0.5131,0.0226,Canadian
144500,Canadian,Canadian,North American,856.8920,3384.9600,2.5620,1.7568,Canadian
144501,Canadian,Canadian,North American,156.8382,1540.5265,49.0847,88.0169,Canadian
144502,Canadian,Canadian,North American,30.7336,133.9795,4.8714,0.4931,Canadian
144503,Canadian,Canadian,North American,34.6310,786.3145,11.5982,68.4870,Canadian
144504,Canadian,Canadian,North American,70.0413,923.7839,94.4993,32.2013,Canadian
144505,Canadian,Canadian,North American,33.8841,1166.4567,50.0122,97.0891,Canadian
144506,Canadian,Canadian,North American,225.7735,3627.0345,67.6492,287.1369,Canadian
144507,Canadian,Canadian,North American,25.5818,1339.9000,100.6084,91.2838,Canadian
144508,Canadian,Canadian,North American,247.3059,1378.3783,48.6522,25.9153,Canadian
144509,Canadian,Canadian,North American,56.9457,593.3815,20.0285,34.1254,Canadian
144510,Canadian,Canadian,North American,383.8659,2022.5300,33.0880,53.3470,Canadian
144511,Canadian,Canadian,North American,8.4985,303.0124,19.8925,21.7363,Canadian
144512,Canadian,Canadian,North American,82.9243,564.6268,18.0991,19.8822,Canadian
144513,Canadian,Canadian,North American,3.3726,993.4512,50.9526,84.5185,Canadian
144514,Canadian,Canadian,North American,19.9412,106.6013,10.4212,0.6522,Canadian
144515,Canadian,Canadian,North American,397.3730,2534.8247,50.6761,87.7789,Canadian
144516,Canadian,Canadian,North American,33.7918,140.3450,3.1559,0.4280,Canadian
144517,Canadian,Canadian,North American,57.8435,636.4547,61.1119,21.4003,Canadian
144518,Canadian,Canadian,North American,89.1500,1149.9950,7.7160,86.8920,Canadian
144519,Canadian,Canadian,North American,18.8725,149.5000,4.4315,7.3600,Canadian
144520,Canadian,Canadian,North American,140.2682,2062.2055,161.3750,103.1664,Canadian
144521,Canadian,Canadian,North American,15.5308,1918.9743,360.9342,36.2670,Canadian
144522,Canadian,Canadian,North American,57.2133,2220.3660,48.4527,204.3596,Canadian
144523,Canadian,Canadian,North American,41.2404,645.8019,10.7278,53.6747,Canadian
144524,Canadian,Canadian,North American,130.6754,600.8842,10.3919,3.1106,Canadian
144525,Canadian,Canadian,North American,39.9363,2023.3393,364.1414,37.3415,Canadian
144526,Canadian,Canadian,North American,15.9630,442.5700,10.0417,40.4000,Canadian
144527,Canadian,Canadian,North American,52.7872,829.0120,27.6801,57.4694,Canadian
144528,Canadian,Canadian,North American,629.1633,2540.9983,19.8869,3.7774,Canadian
144529,Canadian,Canadian,North American,,,,,Canadian
144530,Canadian,Canadian,North American,46.0052,914.3941,115.8916,30.8855,Canadian
144531,Canadian,Canadian,North American,277.3638,1447.9290,23.2053,27.1698,Canadian
144532,Canadian,Canadian,North American,22.9967,984.5825,21.3919,95.7326,Canadian
144533,Canadian,Canadian,North American,24.7058,420.4700,18.8768,29.8150,Canadian
144534,Canadian,Canadian,North American,30.0465,594.2430,13.4262,48.4652,Canadian
144535,Canadian,Canadian,North American,268.7236,3770.9820,43.4688,287.3574,Canadian
144536,Canadian,Canadian,North American,44.5393,436.5939,1.5362,28.0555,Canadian
144537,Canadian,Canadian,North American,14.2348,180.6505,5.4588,12.0858,Canadian
144538,Canadian,Canadian,North American,151.1370,1677.5600,27.7410,114.2500,Canadian
144539,Canadian,Canadian,North American,353.5654,2723.8824,45.0178,126.6566,Canadian
144540,Canadian,Canadian,North American,46.1664,1478.6065,82.2149,113.5043,Canadian
144541,Canadian,Canadian,North American,79.8563,1595.6670,40.6280,128.8703,Canadian
144542,Canadian,Canadian,North American,589.6614,2765.2710,30.7725,38.4802,Canadian
144543,Canadian,Canadian,North American,25.0976,766.8200,17.1330,69.8814,Canadian
144544,Canadian,Canadian,North American,290.5548,1790.1400,30.2564,60.0695,Canadian
144545,Canadian,Canadian,North American,663.9995,3051.0835,43.2418,38.5590,Canadian
144546,Canadian,Canadian,North American,0.1657,8.4470,1.5306,0.2037,Canadian
144547,Canadian,Canadian,North American,184.7984,4513.7625,212.7139,318.7863,Canadian
144548,Canadian,Canadian,North American,33.0306,1219.9890,217.1930,25.9674,Canadian
144549,Canadian,Canadian,North American,56.1926,1395.6965,189.2552,42.5405,Canadian
144550,Canadian,Canadian,North American,10.4498,684.4084,92.5038,29.7965,Canadian
144551,Canadian,Canadian,North American,17.5491,462.4994,26.2803,34.1078,Canadian
144552,Canadian,Canadian,North American,1056.0056,5208.3246,164.8160,37.1334,Canadian
144553,Canadian,Canadian,North American,89.4140,3517.5800,11.5110,356.0145,Canadian
144554,Canadian,Canadian,North American,430.6787,2943.4200,38.6403,133.2003,Canadian
144555,Canadian,Canadian,North American,0.0000,4091.4080,0.0000,453.5929,Canadian
144556,Canadian,Canadian,North American,,,,,Canadian
144557,Canadian,Canadian,North American,45.7937,442.8780,8.6248,27.6824,Canadian
144558,Canadian,Canadian,North American,29.1861,314.8905,7.6361,21.4689,Canadian
144559,Canadian,Canadian,North American,25.1823,117.5122,3.0001,2.3829,Canadian
144560,Canadian,Canadian,North American,135.7798,1317.3300,25.5981,82.6825,Canadian
144561,Canadian,Canadian,North American,1094.4874,4409.0250,11.0726,3.6225,Canadian
144562,Canadian,Canadian,North American,198.2873,2205.0590,71.7164,153.6072,Canadian
144563,Canadian,Canadian,North American,50.8612,2169.9465,136.0391,157.2249,Canadian
144564,Canadian,Canadian,North American,176.5767,1160.9456,29.7085,40.3625,Canadian
144565,Canadian,Canadian,North American,253.2975,1079.4400,12.0408,2.0990,Canadian
144566,Canadian,Canadian,North American,33.4371,252.6340,6.9117,11.1621,Canadian
144567,Canadian,Canadian,North American,54.8520,857.7548,90.2730,28.8486,Canadian
144568,Canadian,Canadian,North American,106.8610,1095.4375,29.1470,67.8629,Canadian
144569,Canadian,Canadian,North American,62.2665,3129.0725,143.2601,256.8741,Canadian
144570,Canadian,Canadian,North American,60.9385,1067.6010,47.1345,77.6236,Canadian
144571,Canadian,Canadian,North American,114.6936,2271.6992,68.8226,187.3973,Canadian
144572,Canadian,Canadian,North American,3.6313,38.6325,5.9108,0.4177,Canadian
144573,Canadian,Canadian,North American,28.4582,269.3138,8.1995,14.7171,Canadian
144574,Canadian,Canadian,North American,167.9280,739.9500,4.2870,8.6715,Canadian
144575,Canadian,Canadian,North American,251.8350,1181.4160,28.3489,6.1927,Canadian
144576,Canadian,Canadian,North American,11.1754,110.2795,0.1531,0.0680,Canadian
144577,Canadian,Canadian,North American,197.8047,3589.2158,44.0544,298.0318,Canadian
144578,Canadian,Canadian,North American,28.6630,4889.7486,574.3155,259.2687,Canadian
144579,Canadian,Canadian,North American,928.6161,6337.5280,114.4608,278.2834,Canadian
144580,Canadian,Canadian,North American,729.4418,4579.7087,87.0353,149.1828,Canadian
144581,Canadian,Canadian,North American,129.3356,4068.1022,400.8025,211.0767,Canadian
144582,Canadian,Canadian,North American,254.2427,1372.8275,21.8531,36.2864,Canadian
144583,Canadian,Canadian,North American,50.0559,618.1800,25.1465,37.7176,Canadian
144584,Canadian,Canadian,North American,148.4003,3478.9196,180.2001,244.8779,Canadian
144585,Canadian,Canadian,North American,270.2422,1148.1260,5.3455,15.0845,Canadian
144586,Canadian,Canadian,North American,45.1152,1886.7300,12.8218,191.6538,Canadian
144587,Canadian,Canadian,North American,2.8427,210.1050,16.4432,14.4043,Canadian
144588,Canadian,Canadian,North American,235.4869,1619.1705,58.6262,56.5190,Canadian
144589,Canadian,Canadian,North American,1670.3824,6533.3269,24.4800,8.2691,Canadian
144590,Canadian,Canadian,North American,14.1125,64.7025,2.3671,0.2915,Canadian
144591,Canadian,Canadian,North American,0.0000,0.0000,0.0000,0.0000,Canadian
144592,Canadian,Canadian,North American,99.0274,2049.6068,96.7842,146.5383,Canadian
144593,Canadian,Canadian,North American,4.1550,272.6775,6.6507,26.1503,Canadian
144594,Canadian,Canadian,North American,0.0000,937.1913,88.0877,62.2757,Canadian
144595,Canadian,Canadian,North American,81.1445,2051.1048,214.2647,99.1545,Canadian
144596,Canadian,Canadian,North American,69.0495,847.2406,101.7884,18.0613,Canadian
144597,Canadian,Canadian,North American,60.8105,267.0620,9.8419,0.5400,Canadian
144598,Canadian,Canadian,North American,11.9171,1399.8910,10.4664,150.0199,Canadian
144599,Canadian,Canadian,North American,273.5894,4206.9887,211.8298,256.7711,Canadian
144600,Canadian,Canadian,North American,527.8410,3271.8267,54.0253,117.6252,Canadian
144601,Canadian,Canadian,North American,152.0172,783.0150,7.6969,19.6330,Canadian
144602,Canadian,Canadian,North American,1615.3248,6456.9700,0.2516,0.0532,Canadian
144603,Canadian,Canadian,North American,19.9320,662.6155,78.7375,30.7217,Canadian
144604,Canadian,Canadian,North American,994.6857,4934.7150,105.5170,70.9155,Canadian
144605,Canadian,Canadian,North American,558.3745,3824.1117,103.2924,151.6957,Canadian
144606,Canadian,Canadian,North American,483.4970,2049.8818,15.8972,4.0353,Canadian
144607,Canadian,Canadian,North American,0.5557,952.1275,0.0000,109.0000,Canadian
144608,Canadian,Canadian,North American,64.5616,888.5060,13.9660,67.2338,Canadian
144609,Canadian,Canadian,North American,0.0000,0.0000,0.0000,0.0000,Canadian
144610,Canadian,Canadian,North American,162.8339,1268.2187,10.9785,71.4944,Canadian
144611,Canadian,Canadian,North American,298.5266,2632.9595,76.6538,138.2565,Canadian
144612,Canadian,Canadian,North American,67.9094,274.4550,1.5276,0.6840,Canadian
144613,Canadian,Canadian,North American,31.6338,684.6404,21.3963,57.6066,Canadian
144614,Canadian,Canadian,North American,484.6809,4442.5365,67.0682,252.6253,Canadian
144615,Canadian,Canadian,North American,85.0812,2434.3187,197.8313,147.4422,Canadian
144616,Canadian,Canadian,North American,78.2417,1206.0800,15.0533,88.1102,Canadian
144617,Canadian,Canadian,North American,35.0750,392.6236,10.1001,24.2759,Canadian
144618,Canadian,Canadian,North American,15.9757,207.1405,10.8512,12.1797,Canadian
144619,Canadian,Canadian,North American,48.5140,271.8180,10.4697,4.6571,Canadian
144620,Canadian,Canadian,North American,,,,,Canadian
144621,Canadian,Canadian,North American,270.9278,1459.6840,66.5037,12.8677,Canadian
144622,Canadian,Canadian,North American,113.4004,678.4213,13.8921,22.8146,Canadian
144623,Canadian,Canadian,North American,141.9593,1446.7000,45.3296,89.4378,Canadian
144624,Canadian,Canadian,North American,67.5988,495.5240,4.0460,25.6520,Canadian
144625,Canadian,Canadian,North American,0.0000,1284.7467,0.0000,145.3333,Canadian
144626,Canadian,Canadian,North American,22.0264,90.0450,2.1010,0.5772,Canadian
144627,Canadian,Canadian,North American,0.5760,427.5200,26.5600,35.4304,Canadian
144628,Canadian,Canadian,North American,30.5238,1938.4262,101.9424,158.0662,Canadian
144629,Canadian,Canadian,North American,47.3373,1612.0300,33.3943,143.2732,Canadian
144630,Canadian,Canadian,North American,38.0184,1852.0782,105.8688,142.5061,Canadian
144631,Canadian,Canadian,North American,47.3895,414.9835,11.3417,22.3769,Canadian
144632,Canadian,Canadian,North American,107.9413,553.3400,20.1883,9.0496,Canadian
144633,Canadian,Canadian,North American,23.5498,827.8200,37.6680,71.8904,Canadian
144634,Canadian,Canadian,North American,72.8996,472.7200,36.5414,5.9788,Canadian
144635,Canadian,Canadian,North American,60.7938,6684.2663,1282.1530,108.2821,Canadian
144636,Canadian,Canadian,North American,47.5726,1060.5173,41.3195,82.8597,Canadian
144637,Canadian,Canadian,North American,86.4247,1038.0600,23.5150,68.4150,Canadian
144638,Canadian,Canadian,North American,95.9259,634.8207,21.9540,22.1149,Canadian
144639,Canadian,Canadian,North American,796.6174,4879.1120,84.7970,158.0022,Canadian
144640,Canadian,Canadian,North American,40.6178,756.0706,76.0106,32.0495,Canadian
144641,Canadian,Canadian,North American,136.5630,608.5615,29.2449,5.0855,Canadian
144642,Canadian,Canadian,North American,31.7912,175.3420,1.1259,5.7219,Canadian
144643,Canadian,Canadian,North American,97.4537,813.5917,39.4087,32.9285,Canadian
144644,Canadian,Canadian,North American,151.9875,1371.2505,30.3712,73.2477,Canadian
144645,Canadian,Canadian,North American,37.0694,611.5300,30.9714,39.3042,Canadian
144646,Canadian,Canadian,North American,543.2596,2630.1290,46.2038,65.5209,Canadian
144647,Canadian,Canadian,North American,300.0151,1686.2790,35.7680,38.0422,Canadian
144648,Canadian,Canadian,North American,269.2062,1690.9493,32.9990,63.1201,Canadian
144649,Canadian,Canadian,North American,76.8002,518.4745,16.2504,16.7650,Canadian
144650,Canadian,Canadian,North American,173.9679,2707.0171,239.3244,115.8215,Canadian
144651,Canadian,Canadian,North American,5.8151,903.4461,179.8621,13.6782,Canadian
144652,Canadian,Canadian,North American,358.3613,1868.6673,19.1030,46.3015,Canadian
144653,Canadian,Canadian,North American,801.0791,12021.1760,262.8938,847.8450,Canadian
144654,Canadian,Canadian,North American,156.8816,1284.7171,26.2441,64.9445,Canadian
144655,Canadian,Canadian,North American,39.3459,392.9001,15.1892,22.5201,Canadian
144656,Canadian,Canadian,North American,19.9427,208.3400,10.4065,10.5988,Canadian
144657,Canadian,Canadian,North American,417.8429,2762.0248,76.2925,91.3951,Canadian
144658,Canadian,Canadian,North American,416.3280,2836.6400,39.6208,124.1598,Canadian
144659,Canadian,Canadian,North American,118.4653,1837.8906,82.4589,113.3178,Canadian
144660,Canadian,Canadian,North American,610.1314,2726.6300,13.5275,32.2582,Canadian
144661,Canadian,Canadian,North American,296.6070,2119.4500,71.9015,70.2595,Canadian
144662,Canadian,Canadian,North American,550.4219,2969.0967,42.8293,85.9282,Canadian
144663,Canadian,Canadian,North American,96.3732,1043.9369,95.8649,30.5975,Canadian
144664,Canadian,Canadian,North American,136.6074,1338.0931,36.1837,75.8048,Canadian
144665,Canadian,Canadian,North American,5.7916,208.5650,2.2757,20.6184,Canadian
144666,Canadian,Canadian,North American,267.4775,1268.5750,15.9943,20.4854,Canadian
144667,Canadian,Canadian,North American,291.1566,1707.4190,19.0238,54.1746,Canadian
144668,Canadian,Canadian,North American,353.8939,2752.9672,64.9047,126.1047,Canadian
144669,Canadian,Canadian,North American,27.4992,520.2276,90.6698,2.5227,Canadian
144670,Canadian,Canadian,North American,6.7403,2506.1948,202.0372,180.8089,Canadian
144671,Canadian,Canadian,North American,47.5373,326.7791,8.7013,10.7120,Canadian
144672,Canadian,Canadian,North American,263.8423,3813.3982,330.9581,157.4579,Canadian
144673,Canadian,Canadian,North American,371.5593,3122.3047,58.8558,161.0112,Canadian
144674,Canadian,Canadian,North American,531.8950,3928.2620,56.8130,178.3458,Canadian
144675,Canadian,Canadian,North American,5.9121,1708.3103,362.0939,16.2967,Canadian
144676,Canadian,Canadian,North American,262.5611,1605.9731,15.8455,63.5803,Canadian
144677,Canadian,Canadian,North American,4.4382,151.3535,4.2625,13.9475,Canadian
144678,Canadian,Canadian,North American,21.8215,1215.7450,28.2569,115.3474,Canadian
144679,Canadian,Canadian,North American,48.9592,697.6360,57.7636,34.7634,Canadian
144680,Canadian,Canadian,North American,20.0160,196.9310,4.0252,12.8341,Canadian
144681,Canadian,Canadian,North American,682.3429,5137.8198,227.9256,171.2560,Canadian
144682,Canadian,Canadian,North American,14.9440,944.8267,91.5200,56.4267,Canadian
144683,Canadian,Canadian,North American,15.8474,1469.9097,180.5867,71.7220,Canadian
144684,Canadian,Canadian,North American,21.3302,3545.2287,282.4191,250.0938,Canadian
144685,Canadian,Canadian,North American,88.3209,2733.1505,201.9354,172.1702,Canadian
144686,Canadian,Canadian,North American,77.7245,1366.5700,237.1778,6.1459,Canadian
144687,Canadian,Canadian,North American,24.0553,1323.2320,10.6866,136.0859,Canadian
144688,Canadian,Canadian,North American,23.1457,1405.6903,183.3041,63.9303,Canadian
144689,Canadian,Canadian,North American,288.9967,2114.4323,28.9175,109.0552,Canadian
144690,Canadian,Canadian,North American,37.9202,212.6100,4.5743,6.2740,Canadian
144691,Canadian,Canadian,North American,13.7170,676.7083,49.5413,47.0283,Canadian
144692,Canadian,Canadian,North American,3.3907,137.2394,0.8690,14.2385,Canadian
144693,Canadian,Canadian,North American,2.4585,973.1852,0.4914,109.1513,Canadian
144694,Canadian,Canadian,North American,147.5164,1003.8327,17.3636,41.8986,Canadian
144695,Canadian,Canadian,North American,232.8860,3657.3270,30.3362,295.5041,Canadian
144696,Canadian,Canadian,North American,17.1909,118.6050,8.9119,1.1544,Canadian
144697,Canadian,Canadian,North American,412.5723,5820.4679,71.4316,452.5406,Canadian
144698,Canadian,Canadian,North American,99.0345,1697.1058,131.2515,84.0644,Canadian
144699,Canadian,Canadian,North American,7.6008,31.2500,0.6690,0.1869,Canadian
144700,Canadian,Canadian,North American,258.8362,1205.3440,35.0247,14.3432,Canadian
144701,Canadian,Canadian,North American,,,,,Canadian
144702,Canadian,Canadian,North American,106.1479,1500.0196,137.7284,60.6401,Canadian
144703,Canadian,Canadian,North American,39.2929,718.2047,101.3913,16.2633,Canadian
144704,Canadian,Canadian,North American,811.1635,5205.4795,135.2930,201.6275,Canadian
144705,Canadian,Canadian,North American,46.6626,7875.5040,509.3953,611.6629,Canadian
144706,Canadian,Canadian,North American,217.8620,2105.2293,64.5522,115.8395,Canadian
144707,Canadian,Canadian,North American,13.4448,306.1792,2.0342,27.8531,Canadian
144708,Canadian,Canadian,North American,336.2209,2985.0500,31.9126,168.9683,Canadian
144709,Canadian,Canadian,North American,108.3395,955.6042,104.8163,12.2094,Canadian
144710,Canadian,Canadian,North American,70.5269,2877.2096,209.4077,197.5548,Canadian
144711,Canadian,Canadian,North American,624.4625,3177.5935,47.7104,66.6804,Canadian
144712,Canadian,Canadian,North American,47.5143,672.9900,62.8386,30.4833,Canadian
144713,Canadian,Canadian,North American,272.5462,1052.2200,0.0624,0.1440,Canadian
144714,Canadian,Canadian,North American,16.0481,917.5432,69.1554,64.1836,Canadian
144715,Canadian,Canadian,North American,2.6499,306.7216,2.5859,32.4814,Canadian
144716,Canadian,Canadian,North American,51.9183,202.4400,2.4018,0.9471,Canadian
144717,Canadian,Canadian,North American,31.3320,325.0336,3.0797,22.2682,Canadian
144718,Canadian,Canadian,North American,433.6910,2377.1233,54.3625,71.4214,Canadian
144719,Canadian,Canadian,North American,2.6189,45.5920,1.0168,3.5761,Canadian
144720,Canadian,Canadian,North American,0.1892,1.9485,0.0232,0.1343,Canadian
144721,Canadian,Canadian,North American,32.8020,124.5750,1.3984,0.1898,Canadian
144722,Canadian,Canadian,North American,15.4837,1680.0327,360.8762,9.2795,Canadian
144723,Canadian,Canadian,North American,40.9409,1137.7343,13.5537,103.8246,Canadian
144724,Canadian,Canadian,North American,64.7788,264.1887,0.9486,0.1744,Canadian
144725,Canadian,Canadian,North American,164.6580,1307.5960,12.9425,71.7375,Canadian
144726,Canadian,Canadian,North American,427.9954,3242.8420,30.7869,192.1401,Canadian
144727,Canadian,Canadian,North American,11.1659,103.2563,10.1343,2.4969,Canadian
144728,Canadian,Canadian,North American,24.1487,649.5133,19.4588,55.8673,Canadian
144729,Canadian,Canadian,North American,963.7439,6078.3470,54.3014,239.9471,Canadian
144730,Canadian,Canadian,North American,20.3048,360.3540,10.6860,28.8000,Canadian
144731,Canadian,Canadian,North American,13.4011,3558.1693,240.8064,275.0438,Canadian
144732,Canadian,Canadian,North American,125.6984,1830.0388,170.4486,73.2574,Canadian
144733,Canadian,Canadian,North American,78.6767,321.9292,5.5295,0.8256,Canadian
144734,Canadian,Canadian,North American,45.5624,1378.4729,99.6442,92.3343,Canadian
144735,Canadian,Canadian,North American,33.5886,15967.9500,348.1332,1602.9702,Canadian
144736,Canadian,Canadian,North American,,,,,Canadian
144737,Canadian,Canadian,North American,72.3609,1582.4619,87.2865,109.8675,Canadian
144738,Canadian,Canadian,North American,136.5507,759.2350,32.0881,11.0534,Canadian
144739,Canadian,Canadian,North American,184.5237,3013.1739,76.6426,234.2407,Canadian
144740,Canadian,Canadian,North American,3.0963,3244.0272,378.6298,180.6510,Canadian
144741,Canadian,Canadian,North American,70.4877,555.1682,10.8857,28.8969,Canadian
144742,Canadian,Canadian,North American,11.1896,369.2667,54.2804,11.7055,Canadian
144743,Canadian,Canadian,North American,122.9770,1238.2565,65.7407,53.5577,Canadian
144744,Canadian,Canadian,North American,8.1357,293.2017,22.0245,19.3831,Canadian
144745,Canadian,Canadian,North American,1.2081,552.7840,0.6793,60.5385,Canadian
144746,Canadian,Canadian,North American,200.0988,2242.6867,94.8681,120.5393,Canadian
144747,Canadian,Canadian,North American,262.3100,1810.4833,26.6967,85.7312,Canadian
144748,Canadian,Canadian,North American,51.2108,2443.9207,62.8897,225.1403,Canadian
144749,Canadian,Canadian,North American,120.7793,1520.9822,13.3454,115.2976,Canadian
144750,Canadian,Canadian,North American,40.4218,1164.0034,23.4168,101.9228,Canadian
144751,Canadian,Canadian,North American,84.3572,554.8255,41.0852,14.5136,Canadian
144752,Canadian,Canadian,North American,40.2381,1607.7220,197.1011,74.0083,Canadian
144753,Canadian,Canadian,North American,114.0240,644.1833,20.2322,13.0510,Canadian
144754,Canadian,Canadian,North American,465.0946,4062.8515,29.5137,247.6001,Canadian
144755,Canadian,Canadian,North American,180.6981,747.6625,5.5154,1.6040,Canadian
144756,Canadian,Canadian,North American,123.9966,1705.6570,66.8173,111.6629,Canadian
144757,Canadian,Canadian,North American,36.2006,1925.6988,369.2866,24.1843,Canadian
144758,Canadian,Canadian,North American,3.5415,20.4905,0.6554,0.1615,Canadian
144759,Canadian,Canadian,North American,639.5366,3336.8100,71.1945,48.8952,Canadian
144760,Canadian,Canadian,North American,58.6968,250.5200,5.5900,0.8896,Canadian
144761,Canadian,Canadian,North American,75.5194,962.0795,2.0697,74.0468,Canadian
144762,Canadian,Canadian,North American,27.5770,487.4253,50.1800,18.9297,Canadian
144763,Canadian,Canadian,North American,18.0660,576.0350,5.4354,55.6811,Canadian
144764,Canadian,Canadian,North American,157.8402,2528.6921,37.8293,212.5873,Canadian
144765,Canadian,Canadian,North American,33.9218,211.8652,3.1380,9.1962,Canadian
144766,Canadian,Canadian,North American,229.0672,1287.9600,3.5756,43.4930,Canadian
144767,Canadian,Canadian,North American,67.5636,324.4900,6.4589,6.4545,Canadian
144768,Canadian,Canadian,North American,20.3317,430.1500,13.4475,36.0428,Canadian
144769,Canadian,Canadian,North American,421.2823,2549.0845,31.5236,83.2067,Canadian
144770,Canadian,Canadian,North American,510.8004,2832.6500,76.0853,98.9580,Canadian
144771,Canadian,Canadian,North American,162.7881,701.9500,6.5326,4.7775,Canadian
144772,Canadian,Canadian,North American,16.0000,566.7600,16.4292,48.4000,Canadian
144773,Canadian,Canadian,North American,42.3847,543.7870,14.0150,39.0741,Canadian
144774,Canadian,Canadian,North American,34.9422,594.6857,35.7977,36.0114,Canadian
144775,Canadian,Canadian,North American,,,,,Canadian
144776,Canadian,Canadian,North American,47.2891,1707.8496,129.1744,109.0932,Canadian
144777,Canadian,Canadian,North American,441.2022,2934.6950,44.0395,124.6981,Canadian
144778,Canadian,Canadian,North American,747.3195,3198.1955,119.3774,17.2173,Canadian
144779,Canadian,Canadian,North American,0.3677,785.7650,95.1359,44.8892,Canadian
144780,Canadian,Canadian,North American,32.7670,635.6311,10.4040,55.7820,Canadian
144781,Canadian,Canadian,North American,236.4810,1489.2600,6.9300,59.6800,Canadian
144782,Canadian,Canadian,North American,304.8383,1682.4711,85.7523,20.1688,Canadian
144783,Canadian,Canadian,North American,8.9207,84.8105,11.4629,0.3606,Canadian
144784,Canadian,Canadian,North American,29.4748,375.2290,11.7255,26.7927,Canadian
144785,Canadian,Canadian,North American,164.8109,1741.1120,40.2443,107.8666,Canadian
144786,Canadian,Canadian,North American,83.5322,19174.9698,40.8821,2118.0223,Canadian
144787,Canadian,Canadian,North American,80.5305,620.5180,31.7908,20.4444,Canadian
144788,Canadian,Canadian,North American,90.5048,798.9752,19.3418,42.5127,Canadian
144789,Canadian,Canadian,North American,69.3723,3519.9595,217.2773,265.7398,Canadian
144790,Canadian,Canadian,North American,145.7133,640.8031,17.3848,1.3451,Canadian
144791,Canadian,Canadian,North American,339.5074,2334.5308,23.2920,108.1835,Canadian
144792,Canadian,Canadian,North American,817.3481,4025.2420,48.9165,67.3327,Canadian
144793,Canadian,Canadian,North American,35.9388,340.5542,10.7316,21.6113,Canadian
144794,Canadian,Canadian,North American,21.8756,551.0032,41.8702,32.5912,Canadian
144795,Canadian,Canadian,North American,783.7436,8689.6100,133.8180,588.8252,Canadian
144796,Canadian,Canadian,North American,36.9974,3757.5785,141.1271,334.0087,Canadian
144797,Canadian,Canadian,North American,360.6429,1913.8140,32.9135,40.5561,Canadian
144798,Canadian,Canadian,North American,42.7114,5327.0540,194.3013,480.5431,Canadian
144799,Canadian,Canadian,North American,120.5224,897.6901,93.5602,5.9693,Canadian
144800,Canadian,Canadian,North American,140.2223,539.4500,6.9781,1.1601,Canadian
144801,Canadian,Canadian,North American,5.3317,28.5832,1.5081,0.5611,Canadian
144802,Canadian,Canadian,North American,96.4745,2370.4292,120.6189,165.7192,Canadian
144803,Canadian,Canadian,North American,533.9970,4076.2930,58.2644,183.8071,Canadian
144804,Canadian,Canadian,North American,31.5397,414.2850,11.8611,29.0804,Canadian
144805,Canadian,Canadian,North American,80.3818,484.9300,24.8651,14.5632,Canadian
144806,Canadian,Canadian,North American,322.3668,1969.4892,51.8579,48.3399,Canadian
144807,Canadian,Canadian,North American,253.9422,2346.6690,91.5730,107.5636,Canadian
144808,Canadian,Canadian,North American,175.0789,1203.5920,47.9857,40.1539,Canadian
144809,Canadian,Canadian,North American,40.9322,3328.5257,345.1197,194.5697,Canadian
144810,Canadian,Canadian,North American,145.6379,1709.1055,66.3521,100.3559,Canadian
144811,Canadian,Canadian,North American,229.0375,1649.0947,45.9140,68.3997,Canadian
144812,Canadian,Canadian,North American,534.6747,3082.8747,37.2084,99.9522,Canadian
144813,Canadian,Canadian,North American,31.6387,982.0102,15.3412,97.8597,Canadian
144814,Canadian,Canadian,North American,196.1496,1951.6350,48.7800,118.7361,Canadian
144815,Canadian,Canadian,North American,17.4709,1148.0422,98.5278,73.0845,Canadian
144816,Canadian,Canadian,North American,234.6523,2024.8055,21.1463,109.3126,Canadian
144817,Canadian,Canadian,North American,287.1996,2195.9402,61.6039,101.9709,Canadian
144818,Canadian,Canadian,North American,54.6206,220.5000,1.4871,0.3987,Canadian
144819,Canadian,Canadian,North American,490.0945,3042.5680,42.1082,104.0457,Canadian
144820,Canadian,Canadian,North American,105.5880,1247.0200,0.9214,92.8945,Canadian
144821,Canadian,Canadian,North American,462.9039,1898.6250,3.6392,1.6167,Canadian
144822,Canadian,Canadian,North American,90.5489,1101.9598,1.8236,86.9436,Canadian
144823,Canadian,Canadian,North American,476.3883,2966.2786,50.0505,116.7582,Canadian
144824,Canadian,Canadian,North American,8.2183,3700.9050,286.5884,272.8628,Canadian
144825,Canadian,Canadian,North American,192.9451,1838.4140,44.4601,106.4797,Canadian
144826,Canadian,Canadian,North American,36.3646,175.9060,11.9123,2.5885,Canadian
144827,Canadian,Canadian,North American,101.3537,922.3740,22.6030,60.3982,Canadian
144828,Canadian,Canadian,North American,245.0739,3642.3774,261.5338,176.5236,Canadian
144829,Canadian,Canadian,North American,97.4373,3029.0358,215.9780,189.4579,Canadian
144830,Canadian,Canadian,North American,47.2832,1119.0048,31.9442,93.2987,Canadian
144831,Canadian,Canadian,North American,39.9371,226.9869,15.7693,2.0651,Canadian
144832,Canadian,Canadian,North American,0.0000,98.2310,0.0000,0.0000,Canadian
144833,Canadian,Canadian,North American,20.7605,218.8758,3.3653,13.8872,Canadian
144834,Canadian,Canadian,North American,271.8639,2188.2820,71.4627,98.2873,Canadian
144835,Canadian,Canadian,North American,142.4643,578.9100,3.2283,1.3107,Canadian
144836,Canadian,Canadian,North American,31.1050,433.3413,7.3721,32.5409,Canadian
144837,Canadian,Canadian,North American,24.3165,297.9426,4.3417,21.8124,Canadian
144838,Canadian,Canadian,North American,253.9278,1019.4204,2.7723,0.7886,Canadian
144839,Canadian,Canadian,North American,639.0656,3711.4581,64.1251,134.7846,Canadian
144840,Canadian,Canadian,North American,32.8680,3836.7000,46.4920,403.6200,Canadian
144841,Canadian,Canadian,North American,697.7213,3642.8380,59.2275,76.6254,Canadian
144842,Canadian,Canadian,North American,279.9165,2874.8407,103.1983,159.9143,Canadian
144843,Canadian,Canadian,North American,247.7381,2302.8775,62.0843,123.5161,Canadian
144844,Canadian,Canadian,North American,167.3858,808.5915,15.9925,10.4708,Canadian
144845,Canadian,Canadian,North American,47.5355,693.3052,9.2239,56.0645,Canadian
144846,Canadian,Canadian,North American,32.2755,357.4185,12.2705,23.2811,Canadian
144847,Canadian,Canadian,North American,3.1063,25.0255,0.4142,0.2419,Canadian
144848,Canadian,Canadian,North American,72.1539,492.9087,24.6239,14.5584,Canadian
144849,Canadian,Canadian,North American,71.1765,1060.4250,19.6249,78.4314,Canadian
144850,Canadian,Canadian,North American,31.0563,163.2550,5.0584,2.5326,Canadian
144851,Canadian,Canadian,North American,429.3830,2721.0550,40.2085,119.4134,Canadian
144852,Canadian,Canadian,North American,174.9128,2160.9902,50.3261,151.6401,Canadian
144853,Canadian,Canadian,North American,4.3613,2271.7441,290.4938,113.4463,Canadian
144854,Canadian,Canadian,North American,24.5053,1908.9929,72.4239,167.2827,Canadian
144855,Canadian,Canadian,North American,380.0410,2884.6880,28.3180,145.1801,Canadian
144856,Canadian,Canadian,North American,0.1792,298.6800,55.2268,6.9066,Canadian
144857,Canadian,Canadian,North American,3.1593,14.1316,0.6023,0.0544,Canadian
144858,Canadian,Canadian,North American,41.2021,1225.1208,16.6227,118.6893,Canadian
144859,Canadian,Canadian,North American,11.8045,123.3400,5.6459,7.4640,Canadian
144860,Canadian,Canadian,North American,752.2417,4160.6040,67.2561,113.7440,Canadian
144861,Canadian,Canadian,North American,607.4528,3772.7260,97.3167,128.8880,Canadian
144862,Canadian,Canadian,North American,227.0220,1472.9860,72.7195,35.6480,Canadian
144863,Canadian,Canadian,North American,43.5208,545.5463,89.3540,3.6439,Canadian
144864,Canadian,Canadian,North American,582.8359,4217.7660,74.8563,174.7055,Canadian
144865,Canadian,Canadian,North American,86.8840,780.2600,29.4221,40.2854,Canadian
144866,Canadian,Canadian,North American,198.4692,1170.5079,37.3904,26.1269,Canadian
144867,Canadian,Canadian,North American,9.3824,909.5835,20.5697,86.3517,Canadian
144868,Canadian,Canadian,North American,89.8961,618.9232,15.5921,25.5599,Canadian
144869,Canadian,Canadian,North American,83.6007,727.2829,57.6362,18.0971,Canadian
144870,Canadian,Canadian,North American,559.6580,4347.6533,62.5297,213.7110,Canadian
144871,Canadian,Canadian,North American,9.2285,148.3326,3.6983,11.8267,Canadian
144872,Canadian,Canadian,North American,21.2120,3224.7595,175.4154,265.2104,Canadian
144873,Canadian,Canadian,North American,14.0100,60.0000,1.6500,0.1500,Canadian
144874,Canadian,Canadian,North American,90.1711,1702.2877,283.0341,20.4642,Canadian
144875,Canadian,Canadian,North American,122.1036,1361.9994,52.1680,79.2764,Canadian
144876,Canadian,Canadian,North American,262.0801,1824.8900,43.8335,75.3440,Canadian
144877,Canadian,Canadian,North American,413.5095,2819.8065,87.7777,97.5211,Canadian
144878,Canadian,Canadian,North American,50.3303,1051.9770,33.1749,87.5625,Canadian
144879,Canadian,Canadian,North American,0.0000,25.2167,5.6100,0.1417,Canadian
144880,Canadian,Canadian,North American,241.6815,1773.9075,16.7292,85.6996,Canadian
144881,Canadian,Canadian,North American,73.5395,1075.6550,163.6762,15.6770,Canadian
144882,Canadian,Canadian,North American,35.5659,730.3625,24.5735,59.7151,Canadian
144883,Canadian,Canadian,North American,121.4774,1193.2900,55.9955,58.5775,Canadian
144884,Canadian,Canadian,North American,199.8587,1304.0620,42.2554,43.4723,Canadian
144885,Canadian,Canadian,North American,35.1677,740.3395,40.0473,49.3099,Canadian
144886,Canadian,Canadian,North American,40.3695,305.7920,1.6512,16.7393,Canadian
144887,Canadian,Canadian,North American,16.6614,535.2499,16.8702,44.9696,Canadian
144888,Canadian,Canadian,North American,34.5770,1619.3626,49.7049,146.5084,Canadian
144889,Canadian,Canadian,North American,0.4674,53.3820,0.1978,5.8304,Canadian
144890,Canadian,Canadian,North American,,,,,Canadian
144891,Canadian,Canadian,North American,24.9110,374.9133,18.5156,22.4471,Canadian
144892,Canadian,Canadian,North American,554.4120,3056.0780,47.8591,83.1304,Canadian
144893,Canadian,Canadian,North American,11.9458,55.6007,2.4076,0.6627,Canadian
144894,Canadian,Canadian,North American,60.6198,937.8349,27.4737,65.8248,Canadian
144895,Canadian,Canadian,North American,522.1841,2478.0325,56.1572,19.4012,Canadian
144896,Canadian,Canadian,North American,111.5085,1303.3978,68.1685,74.4863,Canadian
144897,Canadian,Canadian,North American,228.9592,3934.7170,239.8145,233.1090,Canadian
144898,Canadian,Canadian,North American,59.6784,532.5950,17.9030,23.9100,Canadian
144899,Canadian,Canadian,North American,44.3477,1469.8899,0.7545,145.4866,Canadian
144900,Canadian,Canadian,North American,32.9904,606.8200,52.6042,30.0522,Canadian
144901,Canadian,Canadian,North American,108.1748,1508.7330,187.7658,32.1654,Canadian
144902,Canadian,Canadian,North American,6.6638,440.3097,92.2400,2.7298,Canadian
144903,Canadian,Canadian,North American,40.8631,452.1052,54.7339,9.0510,Canadian
144904,Canadian,Canadian,North American,24.5248,104.9600,2.3808,0.6144,Canadian
144905,Canadian,Canadian,North American,27.9059,568.2348,3.6900,50.6355,Canadian
144906,Canadian,Canadian,North American,8.3165,211.8400,11.4870,14.8610,Canadian
144907,Canadian,Canadian,North American,250.1418,1557.2100,23.5575,59.5947,Canadian
144908,Canadian,Canadian,North American,7.8738,932.0225,89.0798,57.8956,Canadian
144909,Canadian,Canadian,North American,85.5974,2315.6288,46.0973,213.9259,Canadian
144910,Canadian,Canadian,North American,252.3383,1452.6450,95.7013,12.5221,Canadian
144911,Canadian,Canadian,North American,2051.6496,12076.3800,209.6754,380.2602,Canadian
144912,Canadian,Canadian,North American,10.1701,89.4500,2.6981,4.8899,Canadian
144913,Canadian,Canadian,North American,318.7834,2175.6187,64.8893,77.7884,Canadian
144914,Canadian,Canadian,North American,501.9105,2751.2600,118.0235,93.5079,Canadian
144915,Canadian,Canadian,North American,32.2200,448.5428,27.0722,25.0454,Canadian
144916,Canadian,Canadian,North American,35.1482,4188.0920,221.1285,347.0481,Canadian
144917,Canadian,Canadian,North American,10.7252,57.8495,3.4135,0.5700,Canadian
144918,Canadian,Canadian,North American,103.3236,418.0850,5.9096,1.1046,Canadian
144919,Canadian,Canadian,North American,34.9068,350.3925,24.3642,11.6034,Canadian
144920,Canadian,Canadian,North American,214.6486,1475.1830,28.2938,55.9775,Canadian
144921,Canadian,Canadian,North American,33.6586,337.5949,3.9086,20.4184,Canadian
144922,Canadian,Canadian,North American,8.5019,173.9162,5.4998,14.4695,Canadian
144923,Canadian,Canadian,North American,8.4161,197.6590,10.8453,14.3776,Canadian
144924,Canadian,Canadian,North American,129.6702,2746.0748,118.5310,217.1541,Canadian
144925,Canadian,Canadian,North American,270.6661,2105.3827,212.5145,20.7378,Canadian
144926,Canadian,Canadian,North American,305.4742,1220.6179,0.4374,0.1323,Canadian
144927,Canadian,Canadian,North American,15.7876,950.4480,9.1393,99.5173,Canadian
144928,Canadian,Canadian,North American,75.2996,1702.3689,57.7566,151.2569,Canadian
144929,Canadian,Canadian,North American,46.9520,1084.5193,13.3546,97.3807,Canadian
144930,Canadian,Canadian,North American,32.1128,245.2197,17.0120,10.1058,Canadian
144931,Canadian,Canadian,North American,59.7178,226.7545,2.5384,1.1354,Canadian
144932,Canadian,Canadian,North American,69.3639,2032.7706,160.4292,123.0082,Canadian
144933,Canadian,Canadian,North American,45.5317,288.8336,14.0324,9.7409,Canadian
144934,Canadian,Canadian,North American,30.0320,648.0800,17.2160,56.0000,Canadian
144935,Canadian,Canadian,North American,185.8946,1064.6800,51.0288,12.3192,Canadian
144936,Canadian,Canadian,North American,52.7616,1456.5689,62.4644,117.9549,Canadian
144937,Canadian,Canadian,North American,1257.7691,6676.5320,130.0893,111.9390,Canadian
144938,Canadian,Canadian,North American,294.5229,3032.6460,45.8779,198.0664,Canadian
144939,Canadian,Canadian,North American,75.1787,664.6600,4.3560,41.6160,Canadian
144940,Canadian,Canadian,North American,31.1564,1588.5850,27.3871,156.4008,Canadian
144941,Canadian,Canadian,North American,160.2579,1872.8775,81.0718,103.2579,Canadian
144942,Canadian,Canadian,North American,3.0112,98.2400,3.3536,8.8800,Canadian
144943,Canadian,Canadian,North American,96.7987,2953.8896,362.5789,115.5400,Canadian
144944,Canadian,Canadian,North American,367.9402,2167.4755,37.1875,64.6011,Canadian
144945,Canadian,Canadian,North American,43.3657,1159.9093,150.4731,40.3802,Canadian
144946,Canadian,Canadian,North American,30.2753,118.2117,0.2645,0.0444,Canadian
144947,Canadian,Canadian,North American,29.9584,161.0050,7.0952,4.6492,Canadian
144948,Canadian,Canadian,North American,261.3167,995.8200,6.1256,2.2427,Canadian
144949,Canadian,Canadian,North American,35.1252,6303.3702,321.5044,547.2985,Canadian
144950,Canadian,Canadian,North American,4.0065,494.3865,0.8342,54.1661,Canadian
144951,Canadian,Canadian,North American,285.2059,1904.4354,36.4438,69.6576,Canadian
144952,Canadian,Canadian,North American,245.6574,1653.1770,45.5748,57.4564,Canadian
144953,Canadian,Canadian,North American,16.2730,344.4340,10.8065,28.8556,Canadian
144954,Canadian,Canadian,North American,96.7823,2411.2995,28.0465,231.0693,Canadian
144955,Canadian,Canadian,North American,24.8263,2231.7732,84.1468,200.8693,Canadian
144956,Canadian,Canadian,North American,0.0000,247.5200,0.0000,28.0000,Canadian
144957,Canadian,Canadian,North American,232.9156,1857.8700,33.4820,91.9465,Canadian
144958,Canadian,Canadian,North American,10.9601,218.3100,6.0311,17.7397,Canadian
144959,Canadian,Canadian,North American,24.1475,707.6121,137.1506,3.6089,Canadian
144960,Canadian,Canadian,North American,317.9823,1241.5247,2.1843,0.4288,Canadian
144961,Canadian,Canadian,North American,113.1004,4210.4796,247.8237,301.7450,Canadian
144962,Canadian,Canadian,North American,7.1316,3082.3800,360.8147,169.0188,Canadian
144963,Canadian,Canadian,North American,498.0285,2245.7200,23.2584,33.6409,Canadian
144964,Canadian,Canadian,North American,0.0000,1815.6041,403.9209,10.2000,Canadian
144965,Canadian,Canadian,North American,11.6190,787.7025,17.6780,76.0744,Canadian
144966,Canadian,Canadian,North American,71.8290,673.3539,33.0560,36.7641,Canadian
144967,Canadian,Canadian,North American,151.7226,3148.4800,94.3220,263.4794,Canadian
144968,Canadian,Canadian,North American,230.3392,1829.8400,47.5440,93.8340,Canadian
144969,Canadian,Canadian,North American,8.9639,2850.4779,540.3648,59.8736,Canadian
144970,Canadian,Canadian,North American,52.5348,216.0265,1.9222,0.4784,Canadian
144971,Canadian,Canadian,North American,634.5266,3124.8200,40.4035,64.0594,Canadian
144972,Canadian,Canadian,North American,49.2932,638.8093,34.0665,37.9257,Canadian
144973,Canadian,Canadian,North American,24.7939,154.0219,10.3745,2.5008,Canadian
144974,Canadian,Canadian,North American,8.2136,938.2150,43.6730,82.6384,Canadian
144975,Canadian,Canadian,North American,72.5856,877.3283,44.9950,48.9745,Canadian
144976,Canadian,Canadian,North American,57.7225,1962.2909,75.0394,160.6934,Canadian
144977,Canadian,Canadian,North American,131.0892,3173.3752,507.3852,57.3762,Canadian
144978,Canadian,Canadian,North American,42.8001,2058.9690,205.6795,114.4780,Canadian
144979,Canadian,Canadian,North American,202.4732,1205.1797,74.2160,16.8146,Canadian
144980,Canadian,Canadian,North American,27.5202,1414.0287,177.0171,65.4316,Canadian
144981,Canadian,Canadian,North American,,,,,Canadian
144982,Canadian,Canadian,North American,398.9840,2946.2850,108.0468,130.2312,Canadian
144983,Canadian,Canadian,North American,99.1133,838.8430,37.9056,34.9948,Canadian
144984,Canadian,Canadian,North American,1.7877,965.3815,0.1729,108.5741,Canadian
144985,Canadian,Canadian,North American,379.2525,3422.9110,52.8990,200.1649,Canadian
144986,Canadian,Canadian,North American,197.8182,1199.5950,25.9543,37.6301,Canadian
144987,Canadian,Canadian,North American,17.6530,73.1770,0.1282,0.0000,Canadian
144988,Canadian,Canadian,North American,89.2312,1292.4800,51.8636,86.8824,Canadian
144989,Canadian,Canadian,North American,746.5022,5542.0212,231.7553,191.4980,Canadian
144990,Canadian,Canadian,North American,40.5593,316.3841,7.8385,13.1439,Canadian
144991,Canadian,Canadian,North American,36.2414,528.3163,43.4452,24.1369,Canadian
144992,Canadian,Canadian,North American,4.9146,50.1600,1.4556,2.8152,Canadian
144993,Canadian,Canadian,North American,56.2007,4747.3395,101.9487,463.2316,Canadian
144994,Canadian,Canadian,North American,734.9090,2888.6130,5.7090,1.6700,Canadian
144995,Canadian,Canadian,North American,718.1106,4327.6083,268.1161,53.2351,Canadian
144996,Canadian,Canadian,North American,0.9856,300.3480,46.2213,10.3613,Canadian
144997,Canadian,Canadian,North American,302.2820,5245.6870,161.0271,382.5248,Canadian
144998,Canadian,Canadian,North American,15.2114,76.7430,1.2089,0.9145,Canadian
144999,Canadian,Canadian,North American,23.4436,2609.6052,101.7262,233.2432,Canadian
145000,Canadian,Canadian,North American,145.5407,640.4482,17.1621,4.7655,Canadian
145001,Canadian,Canadian,North American,93.7597,2249.2500,64.2598,185.7818,Canadian
145002,Canadian,Canadian,North American,57.6794,707.1015,16.9124,46.9804,Canadian
145003,Canadian,Canadian,North American,14.5917,64.2556,2.1770,0.5673,Canadian
145004,Canadian,Canadian,North American,20.8362,529.8000,6.7672,47.9802,Canadian
145005,Canadian,Canadian,North American,61.8759,880.5219,70.0122,38.9184,Canadian
145006,Canadian,Canadian,North American,8.1306,120.5702,9.0981,5.6566,Canadian
145007,Canadian,Canadian,North American,0.0000,418.7600,0.4292,46.4000,Canadian
145008,Canadian,Canadian,North American,3.8231,225.8570,12.1306,18.1200,Canadian
145009,Canadian,Canadian,North American,95.8936,1218.7202,32.3207,85.6484,Canadian
145010,Canadian,Canadian,North American,72.8596,989.2415,63.4822,55.6804,Canadian
145011,Canadian,Canadian,North American,1427.1629,5881.5165,26.8173,10.5858,Canadian
145012,Canadian,Canadian,North American,362.3460,1437.5290,2.4846,0.5488,Canadian
145013,Canadian,Canadian,North American,33.6402,1386.1200,113.0910,88.2186,Canadian
145014,Canadian,Canadian,North American,397.8671,1859.6940,28.7368,20.0424,Canadian
145015,Canadian,Canadian,North American,48.6033,514.8055,10.8655,34.0457,Canadian
145016,Canadian,Canadian,North American,8.6565,818.1990,19.8866,78.3764,Canadian
145017,Canadian,Canadian,North American,10.8240,41.2500,0.4455,0.0990,Canadian
145018,Canadian,Canadian,North American,12.5283,1068.4780,8.2846,110.2724,Canadian
145019,Canadian,Canadian,North American,313.8088,2077.9000,49.7723,121.9479,Canadian
145020,Canadian,Canadian,North American,4.0867,907.7663,98.8246,55.6502,Canadian
145021,Canadian,Canadian,North American,27.7083,2311.1903,372.3221,73.6687,Canadian
145022,Canadian,Canadian,North American,538.5151,3778.2233,74.2848,166.8382,Canadian
145023,Canadian,Canadian,North American,124.4578,2103.5867,191.2237,93.2283,Canadian
145024,Canadian,Canadian,North American,276.6051,1154.1875,13.4476,10.6177,Canadian
145025,Canadian,Canadian,North American,89.6212,1560.4774,123.9794,74.0261,Canadian
145026,Canadian,Canadian,North American,75.7927,1174.3751,37.1117,79.8743,Canadian
145027,Canadian,Canadian,North American,8.7664,243.6670,1.9565,23.2049,Canadian
145028,Canadian,Canadian,North American,44.6382,679.8770,10.6307,55.3764,Canadian
145029,Canadian,Canadian,North American,6.9764,628.4212,110.8642,16.9497,Canadian
145030,Canadian,Canadian,North American,17.7948,71.5290,0.0216,0.0000,Canadian
145031,Canadian,Canadian,North American,7364.1250,368571.2500,9146.6750,34287.3000,Canadian
145032,Canadian,Canadian,North American,4.2966,161.3516,1.4768,15.9478,Canadian
145033,Canadian,Canadian,North American,313.0167,2397.5664,31.1468,115.8524,Canadian
145034,Canadian,Canadian,North American,630.3046,4089.9547,62.1017,154.2047,Canadian
145035,Canadian,Canadian,North American,32.4558,123.6882,1.3358,0.2969,Canadian
145036,Canadian,Canadian,North American,9.0389,654.8030,3.0038,68.6102,Canadian
145037,Canadian,Canadian,North American,384.9389,3949.7160,33.7978,264.2900,Canadian
145038,Canadian,Canadian,North American,336.6838,2737.2456,50.3529,131.1868,Canadian
145039,Canadian,Canadian,North American,52.9910,319.5498,10.7536,10.9493,Canadian
145040,Canadian,Canadian,North American,256.7219,1214.0650,63.3822,22.5592,Canadian
145041,Canadian,Canadian,North American,105.5104,519.5600,16.4388,6.8800,Canadian
145042,Canadian,Canadian,North American,324.9816,4026.3200,36.7716,298.7889,Canadian
145043,Canadian,Canadian,North American,50.3971,702.9749,31.7789,42.8298,Canadian
145044,Canadian,Canadian,North American,118.1397,473.7835,0.2996,0.1209,Canadian
145045,Canadian,Canadian,North American,92.1923,1014.6567,55.1921,50.3829,Canadian
145046,Canadian,Canadian,North American,95.6508,490.5527,13.8794,5.3815,Canadian
145047,Canadian,Canadian,North American,26.5499,106.0380,4.6144,1.8975,Canadian
145048,Canadian,Canadian,North American,76.4019,11010.7978,344.9486,1036.7918,Canadian
145049,Canadian,Canadian,North American,19.6615,776.8433,56.2942,52.5200,Canadian
145050,Canadian,Canadian,North American,6.7875,622.4672,72.0218,33.9332,Canadian
145051,Canadian,Canadian,North American,24.5215,205.5470,10.3211,10.4464,Canadian
145052,Canadian,Canadian,North American,2.4918,15.1424,0.0362,0.0066,Canadian
145053,Canadian,Canadian,North American,594.4611,3165.4310,43.5415,86.6339,Canadian
145054,Canadian,Canadian,North American,395.5566,3247.7318,236.6963,80.8041,Canadian
145055,Canadian,Canadian,North American,50.7973,11468.9680,25.2834,1264.9051,Canadian
145056,Canadian,Canadian,North American,635.1279,3840.7160,107.9939,151.7843,Canadian
145057,Canadian,Canadian,North American,377.3073,2013.8503,31.4128,42.4736,Canadian
145058,Canadian,Canadian,North American,17.3519,404.8343,30.9083,24.3034,Canadian
145059,Canadian,Canadian,North American,71.6198,1087.2518,44.0815,75.6673,Canadian
145060,Canadian,Canadian,North American,60.0095,1199.2850,36.8580,95.2525,Canadian
145061,Canadian,Canadian,North American,468.6145,4401.4280,167.2098,217.9604,Canadian
145062,Canadian,Canadian,North American,448.7021,3756.0734,21.1327,216.5007,Canadian
145063,Canadian,Canadian,North American,365.4848,2175.7091,20.4840,85.9508,Canadian
145064,Canadian,Canadian,North American,275.5623,1760.0585,9.2119,77.4256,Canadian
145065,Canadian,Canadian,North American,529.2723,2359.0178,23.5510,23.6101,Canadian
145066,Canadian,Canadian,North American,37.9345,270.1200,16.4632,5.5109,Canadian
145067,Canadian,Canadian,North American,25.8796,365.1875,39.4698,11.4519,Canadian
145068,Canadian,Canadian,North American,68.4402,2003.5409,95.0281,149.5451,Canadian
145069,Canadian,Canadian,North American,79.8372,792.9267,6.8337,52.0522,Canadian
145070,Canadian,Canadian,North American,53.2244,395.3204,16.4739,15.8955,Canadian
145071,Canadian,Canadian,North American,84.1806,481.8892,47.0948,5.7383,Canadian
145072,Canadian,Canadian,North American,29.5117,670.6608,103.5885,14.4778,Canadian
145073,Canadian,Canadian,North American,139.5746,1450.9500,38.0925,89.6505,Canadian
145074,Canadian,Canadian,North American,160.3378,913.4475,24.3159,22.5615,Canadian
145075,Canadian,Canadian,North American,15.1222,666.9375,2.6367,67.8004,Canadian
145076,Canadian,Canadian,North American,0.0000,41585.3979,3814.5349,2797.7611,Canadian
145077,Canadian,Canadian,North American,9.9836,292.3200,8.5962,24.2300,Canadian
145078,Canadian,Canadian,North American,180.4628,2083.2120,53.7862,167.0534,Canadian
145079,Canadian,Canadian,North American,60.5356,325.6000,19.0115,1.8646,Canadian
145080,Canadian,Canadian,North American,30.4702,492.2643,4.7568,43.8315,Canadian
145081,Canadian,Canadian,North American,7.5410,399.4300,9.7263,39.4681,Canadian
145082,Canadian,Canadian,North American,159.2361,1017.9733,25.5953,32.1218,Canadian
145083,Canadian,Canadian,North American,50.8106,202.7758,0.0486,0.0132,Canadian
145084,Canadian,Canadian,North American,16.6215,277.4250,8.3400,21.6930,Canadian
145085,Canadian,Canadian,North American,919.2235,4154.6210,42.9306,64.8933,Canadian
145086,Canadian,Canadian,North American,20.1640,516.1440,12.8912,44.6129,Canadian
145087,Canadian,Canadian,North American,490.6724,4348.1935,64.2159,240.6567,Canadian
145088,Canadian,Canadian,North American,4.1134,19.1363,0.8266,0.2261,Canadian
145089,Canadian,Canadian,North American,0.5498,87.0833,9.1572,5.1262,Canadian
145090,Canadian,Canadian,North American,718.3779,4357.2511,95.9025,176.5997,Canadian
145091,Canadian,Canadian,North American,281.2457,1869.2435,53.8097,63.8644,Canadian
145092,Canadian,Canadian,North American,18.8443,481.2245,2.2762,46.2171,Canadian
145093,Canadian,Canadian,North American,9.4161,2388.0965,137.1812,196.0594,Canadian
145094,Canadian,Canadian,North American,393.2855,4186.7865,46.9098,285.3275,Canadian
145095,Canadian,Canadian,North American,93.8659,381.2396,4.9825,1.5551,Canadian
145096,Canadian,Canadian,North American,217.8419,2438.3940,69.4945,172.8884,Canadian
145097,Canadian,Canadian,North American,295.8150,1350.5000,26.3810,2.4420,Canadian
145098,Canadian,Canadian,North American,137.9287,949.2875,10.6521,46.3356,Canadian
145099,Canadian,Canadian,North American,282.7194,1919.8740,33.6100,76.1992,Canadian
145100,Canadian,Canadian,North American,354.8103,2923.4130,38.2684,159.7402,Canadian
145101,Canadian,Canadian,North American,88.1295,3413.7617,41.5109,347.6528,Canadian
145102,Canadian,Canadian,North American,29.6355,645.0156,45.6233,40.3904,Canadian
145103,Canadian,Canadian,North American,32.7645,152.9894,5.7272,4.5022,Canadian
145104,Canadian,Canadian,North American,70.8750,274.2833,3.1056,0.7622,Canadian
145105,Canadian,Canadian,North American,276.7500,2105.7335,38.2401,92.9155,Canadian
145106,Canadian,Canadian,North American,10.6570,527.5200,0.6475,55.2704,Canadian
145107,Canadian,Canadian,North American,176.8801,1017.5001,22.1507,29.0975,Canadian
145108,Canadian,Canadian,North American,172.0030,1945.1000,49.8070,129.2280,Canadian
145109,Canadian,Canadian,North American,41.4190,197.7643,2.8223,0.7318,Canadian
145110,Canadian,Canadian,North American,71.9425,873.3240,20.2811,58.0360,Canadian
145111,Canadian,Canadian,North American,149.3112,851.7620,16.5582,23.0186,Canadian
145112,Canadian,Canadian,North American,75.6162,672.4720,22.8140,35.1061,Canadian
145113,Canadian,Canadian,North American,266.8201,1360.2130,19.8301,34.2768,Canadian
145114,Canadian,Canadian,North American,262.9610,1271.0000,37.4310,22.5500,Canadian
145115,Canadian,Canadian,North American,,,,,Canadian
145116,Canadian,Canadian,North American,3.3308,1575.3696,189.7570,83.9747,Canadian
145117,Canadian,Canadian,North American,251.7058,1841.9775,190.2755,7.5624,Canadian
145118,Canadian,Canadian,North American,3.5413,606.1799,50.6884,41.4910,Canadian
145119,Canadian,Canadian,North American,336.3399,7194.4099,430.9958,455.9609,Canadian
145120,Canadian,Canadian,North American,158.8957,832.1475,60.6397,12.2607,Canadian
145121,Canadian,Canadian,North American,136.4077,1475.2519,182.6946,23.8183,Canadian
145122,Canadian,Canadian,North American,17.2897,831.0200,34.1960,72.7945,Canadian
145123,Canadian,Canadian,North American,278.6540,2204.0000,43.0080,115.2000,Canadian
145124,Canadian,Canadian,North American,142.0082,646.8467,9.6532,7.6907,Canadian
145125,Canadian,Canadian,North American,110.9213,1658.0522,177.5503,52.8303,Canadian
145126,Canadian,Canadian,North American,170.2804,2569.0609,64.9324,189.8461,Canadian
145127,Canadian,Canadian,North American,131.4020,531.3583,1.0098,1.5130,Canadian
145128,Canadian,Canadian,North American,33.8477,8558.4016,570.3356,673.6755,Canadian
145129,Canadian,Canadian,North American,37.4676,290.3450,4.9988,14.7809,Canadian
145130,Canadian,Canadian,North American,33.3526,1460.8392,205.9402,53.0383,Canadian
145131,Canadian,Canadian,North American,12.4176,432.7300,17.0640,36.4178,Canadian
145132,Canadian,Canadian,North American,2.7158,200.4360,6.3059,18.2424,Canadian
145133,Canadian,Canadian,North American,509.6134,2861.2470,90.9680,69.9760,Canadian
145134,Canadian,Canadian,North American,7.4720,435.4667,90.6400,2.3467,Canadian
145135,Canadian,Canadian,North American,237.6232,1888.2070,34.1282,93.8544,Canadian
145136,Canadian,Canadian,North American,27.2517,825.1805,23.2086,71.1734,Canadian
145137,Canadian,Canadian,North American,17.7659,350.7216,10.9359,28.8294,Canadian
145138,Canadian,Canadian,North American,57.4814,2183.3170,92.7354,175.8819,Canadian
145139,Canadian,Canadian,North American,15.6156,10783.4070,330.2200,1052.4644,Canadian
145140,Canadian,Canadian,North American,146.2470,1186.8550,6.8044,69.1843,Canadian
145141,Canadian,Canadian,North American,186.3738,738.1010,1.7574,0.5870,Canadian
145142,Canadian,Canadian,North American,400.9451,3075.3822,52.3556,148.8548,Canadian
145143,Canadian,Canadian,North American,160.5263,2721.9095,204.6568,139.4359,Canadian
145144,Canadian,Canadian,North American,97.2575,705.4196,18.7268,30.2061,Canadian
145145,Canadian,Canadian,North American,85.6755,1089.3311,114.8613,30.6825,Canadian
145146,Canadian,Canadian,North American,133.0445,1122.1115,27.5693,56.7817,Canadian
145147,Canadian,Canadian,North American,5.4985,560.5628,105.7054,12.8418,Canadian
145148,Canadian,Canadian,North American,112.0639,815.6480,32.8279,30.8676,Canadian
145149,Canadian,Canadian,North American,398.0101,1577.7430,10.5385,3.1783,Canadian
145150,Canadian,Canadian,North American,131.0098,997.3015,44.8319,39.1582,Canadian
145151,Canadian,Canadian,North American,673.1166,4510.0650,33.6889,191.5513,Canadian
145152,Canadian,Canadian,North American,217.7574,1265.8095,23.9610,37.3864,Canadian
145153,Canadian,Canadian,North American,6.8615,185.1528,2.1058,17.9214,Canadian
145154,Canadian,Canadian,North American,166.4241,961.0200,34.9563,17.3232,Canadian
145155,Canadian,Canadian,North American,62.4492,550.8865,18.0807,29.9573,Canadian
145156,Canadian,Canadian,North American,95.6285,4372.6887,537.2370,189.7065,Canadian
145157,Canadian,Canadian,North American,0.8504,841.0663,1.1163,92.8961,Canadian
145158,Canadian,Canadian,North American,27.4993,351.3895,6.8865,24.8646,Canadian
145159,Canadian,Canadian,North American,147.2879,1039.7143,49.2895,30.4899,Canadian
145160,Canadian,Canadian,North American,246.3355,1942.4909,73.1243,78.4331,Canadian
145161,Canadian,Canadian,North American,188.8381,2295.1857,49.9217,159.3043,Canadian
145162,Canadian,Canadian,North American,449.7045,2730.5976,168.5241,34.0535,Canadian
145163,Canadian,Canadian,North American,89.4650,970.1840,25.8142,62.1246,Canadian
145164,Canadian,Canadian,North American,39.8111,1441.1482,178.0208,65.2450,Canadian
145165,Canadian,Canadian,North American,150.1829,1006.4807,31.5775,33.9628,Canadian
145166,Canadian,Canadian,North American,30.2371,3589.9305,732.8546,40.5305,Canadian
145167,Canadian,Canadian,North American,15.7140,342.0000,10.6860,28.8000,Canadian
145168,Canadian,Canadian,North American,6.4597,247.7356,6.1791,22.6973,Canadian
145169,Canadian,Canadian,North American,147.8055,1268.2973,35.2360,67.8856,Canadian
145170,Canadian,Canadian,North American,53.7534,351.4800,13.2720,9.7281,Canadian
145171,Canadian,Canadian,North American,23.3457,248.1108,10.7137,15.3416,Canadian
145172,Canadian,Canadian,North American,81.0709,611.5075,11.6891,28.6639,Canadian
145173,Canadian,Canadian,North American,409.7407,3010.3360,118.0126,163.4599,Canadian
145174,Canadian,Canadian,North American,440.7497,4581.2617,132.7356,257.8427,Canadian
145175,Canadian,Canadian,North American,393.7827,2932.3071,116.3102,97.7443,Canadian
145176,Canadian,Canadian,North American,34.9574,2123.8160,13.8075,217.5369,Canadian
145177,Canadian,Canadian,North American,4.5955,19.3100,0.5275,0.0388,Canadian
145178,Canadian,Canadian,North American,18.7137,97.7800,5.7170,0.0620,Canadian
145179,Canadian,Canadian,North American,8.5943,195.5730,5.6738,16.7431,Canadian
145180,Canadian,Canadian,North American,65.5238,910.0699,15.6417,72.9149,Canadian
145181,Canadian,Canadian,North American,8.6843,578.2596,95.3495,16.7370,Canadian
145182,Canadian,Canadian,North American,,,,,Canadian
145183,Canadian,Canadian,North American,353.1808,2637.6543,157.1344,75.2687,Canadian
145184,Canadian,Canadian,North American,68.7432,302.2349,9.2252,1.9556,Canadian
145185,Canadian,Canadian,North American,38.3481,1134.7615,142.4315,43.2428,Canadian
145186,Canadian,Canadian,North American,260.0615,2925.4331,152.2699,141.9146,Canadian
145187,Canadian,Canadian,North American,29.9682,208.2159,5.9862,5.9862,Canadian
145188,Canadian,Canadian,North American,213.9239,1198.6200,22.5770,41.7041,Canadian
145189,Canadian,Canadian,North American,21.5271,587.0717,42.2248,35.7259,Canadian
145190,Canadian,Canadian,North American,10.2569,283.0320,1.3616,27.4295,Canadian
145191,Canadian,Canadian,North American,19.2313,362.4750,11.5863,29.6826,Canadian
145192,Canadian,Canadian,North American,222.7291,2052.4503,48.2524,114.6806,Canadian
145193,Canadian,Canadian,North American,25.3178,523.8407,65.2635,19.0885,Canadian
145194,Canadian,Canadian,North American,239.2538,1264.1375,10.4627,27.7919,Canadian
145195,Canadian,Canadian,North American,56.3390,6248.7749,1117.3785,170.7390,Canadian
145196,Canadian,Canadian,North American,0.2610,638.2800,0.1962,72.0438,Canadian
145197,Canadian,Canadian,North American,114.3096,2022.6475,13.0961,177.2262,Canadian
145198,Canadian,Canadian,North American,118.2647,4026.5898,339.4631,234.9738,Canadian
145199,Canadian,Canadian,North American,36.8744,187.2180,3.1513,5.0234,Canadian
145200,Canadian,Canadian,North American,5133.9540,23063.7400,286.8148,279.3784,Canadian
145201,Canadian,Canadian,North American,114.1847,1528.8550,91.7503,78.1563,Canadian
145202,Canadian,Canadian,North American,276.0732,1632.5265,47.0561,45.3243,Canadian
145203,Canadian,Canadian,North American,21.4666,111.2358,3.4387,1.7138,Canadian
145204,Canadian,Canadian,North American,46.1422,532.9265,26.1704,31.0862,Canadian
145205,Canadian,Canadian,North American,81.9923,1057.5485,17.1916,78.6534,Canadian
145206,Canadian,Canadian,North American,13.8228,15541.4600,2.7915,1751.2450,Canadian
145207,Canadian,Canadian,North American,46.1653,488.5662,49.0020,11.8470,Canadian
145208,Canadian,Canadian,North American,22.7941,954.9629,11.0783,91.8868,Canadian
145209,Canadian,Canadian,North American,89.3911,904.9700,38.0317,46.5284,Canadian
145210,Canadian,Canadian,North American,28.6544,1015.4625,49.7147,77.0322,Canadian
145211,Canadian,Canadian,North American,416.3834,4276.3932,112.1286,265.1495,Canadian
145212,Canadian,Canadian,North American,148.0230,1046.2882,16.4418,48.5037,Canadian
145213,Canadian,Canadian,North American,1.1470,4.1673,0.1681,0.0507,Canadian
145214,Canadian,Canadian,North American,81.4582,358.6197,8.2140,0.8857,Canadian
145215,Canadian,Canadian,North American,5.4609,97.6218,7.6122,5.2830,Canadian
145216,Canadian,Canadian,North American,60.0855,1747.5000,120.0145,116.1000,Canadian
145217,Canadian,Canadian,North American,236.8083,2090.2820,62.0441,106.9405,Canadian
145218,Canadian,Canadian,North American,145.2213,2486.8282,6.2872,220.0792,Canadian
145219,Canadian,Canadian,North American,115.0320,1197.0625,11.5390,84.1532,Canadian
145220,Canadian,Canadian,North American,126.4121,819.2448,23.1076,24.7368,Canadian
145221,Canadian,Canadian,North American,34.2380,698.8544,98.5551,17.3224,Canadian
145222,Canadian,Canadian,North American,14.5634,70.9160,3.4722,1.6162,Canadian
145223,Canadian,Canadian,North American,6.1353,2324.4916,395.1990,68.7096,Canadian
145224,Canadian,Canadian,North American,15.6042,872.8220,180.6230,4.7879,Canadian
145225,Canadian,Canadian,North American,168.9604,1653.6200,46.5152,93.1900,Canadian
145226,Canadian,Canadian,North American,119.0940,487.0000,5.5775,2.0550,Canadian
145227,Canadian,Canadian,North American,12.9535,83.8729,6.3480,0.7883,Canadian
145228,Canadian,Canadian,North American,,,,,Canadian
145229,Canadian,Canadian,North American,49.6103,974.2973,23.8943,80.6654,Canadian
145230,Canadian,Canadian,North American,33.7931,628.4680,24.8661,44.7504,Canadian
145231,Canadian,Canadian,North American,234.9938,2109.7460,11.5714,132.1980,Canadian
145232,Canadian,Canadian,North American,17.3216,322.1772,7.8926,27.5219,Canadian
145233,Canadian,Canadian,North American,4.0000,37.0000,4.0000,0.5000,Canadian
145234,Canadian,Canadian,North American,180.4949,93216.9420,25.7939,10269.1083,Canadian
145235,Canadian,Canadian,North American,42.6560,194.1367,2.0753,1.8305,Canadian
145236,Canadian,Canadian,North American,10.1086,515.7520,45.5119,31.6595,Canadian
145237,Canadian,Canadian,North American,68.0230,2369.7529,82.8867,210.8760,Canadian
145238,Canadian,Canadian,North American,48.7731,4190.4038,395.5526,259.3918,Canadian
145239,Canadian,Canadian,North American,16.4818,196.9127,4.3570,14.4745,Canadian
145240,Canadian,Canadian,North American,492.5203,5725.7900,56.1496,398.7041,Canadian
145241,Canadian,Canadian,North American,39.5058,218.8550,3.3749,7.6616,Canadian
145242,Canadian,Canadian,North American,402.3172,2567.1549,72.8396,82.9600,Canadian
145243,Canadian,Canadian,North American,408.3660,2351.9760,39.1090,68.2474,Canadian
145244,Canadian,Canadian,North American,25.5635,1173.7763,37.0525,107.9638,Canadian
145245,Canadian,Canadian,North American,46.9318,820.7482,18.2086,65.2317,Canadian
145246,Canadian,Canadian,North American,602.8595,3376.4740,70.1833,81.4360,Canadian
145247,Canadian,Canadian,North American,145.2892,758.1596,18.4367,11.5330,Canadian
145248,Canadian,Canadian,North American,29.3152,1526.6404,17.8535,149.3595,Canadian
145249,Canadian,Canadian,North American,98.0844,394.8100,6.5261,2.5665,Canadian
145250,Canadian,Canadian,North American,12.1840,647.1360,2.6640,67.2085,Canadian
145251,Canadian,Canadian,North American,32.9664,147.2650,3.7496,0.6228,Canadian
145252,Canadian,Canadian,North American,26.7797,2226.6435,449.8083,24.3042,Canadian
145253,Canadian,Canadian,North American,9.9841,129.9253,12.0858,5.6194,Canadian
145254,Canadian,Canadian,North American,16.1291,3491.8705,128.8444,319.3686,Canadian
145255,Canadian,Canadian,North American,58.1250,227.0305,3.4384,1.3648,Canadian
145256,Canadian,Canadian,North American,60.6608,298.5550,8.0932,5.1888,Canadian
145257,Canadian,Canadian,North American,9.1778,648.2998,8.6995,65.4115,Canadian
145258,Canadian,Canadian,North American,48.3702,1234.8738,101.0499,69.6176,Canadian
145259,Canadian,Canadian,North American,140.6651,828.3967,16.6512,30.6196,Canadian
145260,Canadian,Canadian,North American,65.5257,1304.3470,12.0445,113.2391,Canadian
145261,Canadian,Canadian,North American,148.5397,580.6875,2.1269,0.5513,Canadian
145262,Canadian,Canadian,North American,320.1985,1534.3160,4.0410,31.9894,Canadian
145263,Canadian,Canadian,North American,144.4515,1184.3177,31.3021,52.9469,Canadian
145264,Canadian,Canadian,North American,3.0390,115.1278,1.4336,11.1426,Canadian
145265,Canadian,Canadian,North American,89.8888,447.0981,9.7231,8.8046,Canadian
145266,Canadian,Canadian,North American,280.1671,3067.9280,17.4757,213.7119,Canadian
145267,Canadian,Canadian,North American,183.3255,1696.6359,3.3912,108.8725,Canadian
145268,Canadian,Canadian,North American,191.7883,4143.0035,79.6863,356.5207,Canadian
145269,Canadian,Canadian,North American,310.1651,2174.5395,39.0655,93.3380,Canadian
145270,Canadian,Canadian,North American,16.1342,218.7900,8.9872,14.8479,Canadian
145271,Canadian,Canadian,North American,1099.4146,4383.0176,71.4706,6.8337,Canadian
145272,Canadian,Canadian,North American,109.4101,5481.9279,284.1566,425.7799,Canadian
145273,Canadian,Canadian,North American,0.7200,949.9352,192.0804,14.0433,Canadian
145274,Canadian,Canadian,North American,78.2793,1430.8757,199.7629,35.4395,Canadian
145275,Canadian,Canadian,North American,228.0819,1053.3795,15.6810,6.9986,Canadian
145276,Canadian,Canadian,North American,373.4817,4050.8292,44.9276,268.0957,Canadian
145277,Canadian,Canadian,North American,183.5906,1067.1477,23.4169,33.2054,Canadian
145278,Canadian,Canadian,North American,693.0885,2715.4995,7.4851,3.8440,Canadian
145279,Canadian,Canadian,North American,15.0670,594.9768,106.3622,12.3688,Canadian
145280,Canadian,Canadian,North American,15.3747,70.7900,1.9262,0.2247,Canadian
145281,Canadian,Canadian,North American,522.4562,2928.9160,90.5795,111.8889,Canadian
145282,Canadian,Canadian,North American,549.3322,3223.1760,41.1390,106.9278,Canadian
145283,Canadian,Canadian,North American,28.0021,121.9100,2.2541,0.5600,Canadian
145284,Canadian,Canadian,North American,64.2523,401.7115,19.5482,6.2334,Canadian
145285,Canadian,Canadian,North American,24.1408,3240.5189,350.9537,190.2628,Canadian
145286,Canadian,Canadian,North American,312.1669,1711.9220,40.1917,46.4568,Canadian
145287,Canadian,Canadian,North American,41.4075,857.9637,54.3771,52.6050,Canadian
145288,Canadian,Canadian,North American,434.8043,2466.3360,40.2145,71.8675,Canadian
145289,Canadian,Canadian,North American,51.4977,283.4100,19.7465,4.7770,Canadian
145290,Canadian,Canadian,North American,240.7703,2233.3525,32.9568,135.8783,Canadian
145291,Canadian,Canadian,North American,124.6398,1160.0290,48.3019,55.0228,Canadian
145292,Canadian,Canadian,North American,54.1378,3452.6951,394.5475,175.1624,Canadian
145293,Canadian,Canadian,North American,57.7588,1579.9667,84.8834,110.2213,Canadian
145294,Canadian,Canadian,North American,5.5978,163.0095,27.2369,3.5038,Canadian
145295,Canadian,Canadian,North American,263.8100,1393.8640,16.4300,37.1200,Canadian
145296,Canadian,Canadian,North American,29.5858,127.5330,3.7398,0.9620,Canadian
145297,Canadian,Canadian,North American,231.2376,2097.1297,143.4692,63.0352,Canadian
145298,Canadian,Canadian,North American,159.1089,1218.0910,40.9881,57.6360,Canadian
145299,Canadian,Canadian,North American,3.3870,14.4000,0.3540,0.2070,Canadian
145300,Canadian,Canadian,North American,349.7351,2951.9905,32.4109,172.8022,Canadian
145301,Canadian,Canadian,North American,66.2648,954.3741,88.7784,37.5707,Canadian
145302,Canadian,Canadian,North American,775.0015,5600.6300,118.0800,259.6628,Canadian
145303,Canadian,Canadian,North American,368.3024,2180.1694,34.2974,84.4102,Canadian
145304,Canadian,Canadian,North American,411.3197,3643.8550,85.2076,200.0450,Canadian
145305,Canadian,Canadian,North American,15.2662,71.0140,3.2842,2.2577,Canadian
145306,Canadian,Canadian,North American,95.4282,1632.2044,282.1233,9.5360,Canadian
145307,Canadian,Canadian,North American,0.0000,1852.5503,359.0408,36.0667,Canadian
145308,Canadian,Canadian,North American,1.1425,84.9150,0.2591,9.0367,Canadian
145309,Canadian,Canadian,North American,385.3813,3318.3693,78.8032,177.6635,Canadian
145310,Canadian,Canadian,North American,123.8420,1714.1661,74.4147,108.6633,Canadian
145311,Canadian,Canadian,North American,72.5288,458.3217,14.0131,12.7417,Canadian
145312,Canadian,Canadian,North American,16.2506,665.8121,19.9133,59.0321,Canadian
145313,Canadian,Canadian,North American,155.4711,1174.7180,30.4625,48.2426,Canadian
145314,Canadian,Canadian,North American,6.0545,305.2125,23.1330,20.3431,Canadian
145315,Canadian,Canadian,North American,38.9028,869.0830,100.7579,33.9026,Canadian
145316,Canadian,Canadian,North American,28.1089,205.8900,7.4706,8.4982,Canadian
145317,Canadian,Canadian,North American,0.0000,119.3400,0.0000,13.5000,Canadian
145318,Canadian,Canadian,North American,25.3975,631.9300,13.7134,54.9859,Canadian
145319,Canadian,Canadian,North American,29.1945,5525.3966,1218.4197,59.9188,Canadian
145320,Canadian,Canadian,North American,10.6152,503.7480,14.1344,44.4528,Canadian
145321,Canadian,Canadian,North American,62.2176,1174.2305,30.9482,93.6949,Canadian
145322,Canadian,Canadian,North American,125.8252,1107.1357,89.8770,30.4301,Canadian
145323,Canadian,Canadian,North American,72.7991,5490.0782,984.4842,127.8936,Canadian
145324,Canadian,Canadian,North American,201.3510,1857.7020,45.6276,97.6041,Canadian
145325,Canadian,Canadian,North American,2.7102,125.2904,7.3960,1.9958,Canadian
145326,Canadian,Canadian,North American,397.3515,3780.7027,79.1211,227.5322,Canadian
145327,Canadian,Canadian,North American,114.6840,1524.2600,73.1856,89.5823,Canadian
145328,Canadian,Canadian,North American,74.4572,829.1050,7.3893,58.9855,Canadian
145329,Canadian,Canadian,North American,0.0000,4594.0230,364.1280,340.4737,Canadian
145330,Canadian,Canadian,North American,53.4087,702.8673,2.4580,54.1303,Canadian
145331,Canadian,Canadian,North American,51.6346,437.4100,8.0704,22.8358,Canadian
145332,Canadian,Canadian,North American,63.7902,1372.6115,43.0997,115.2855,Canadian
145333,Canadian,Canadian,North American,100.2599,1927.0277,53.0995,151.3257,Canadian
145334,Canadian,Canadian,North American,42.1235,1063.5945,10.6794,100.5963,Canadian
145335,Canadian,Canadian,North American,237.5038,1047.6340,28.3524,9.0771,Canadian
145336,Canadian,Canadian,North American,3.0257,181.1720,4.4381,17.1740,Canadian
145337,Canadian,Canadian,North American,182.3756,2060.5463,23.2155,140.8796,Canadian
145338,Canadian,Canadian,North American,50.0105,1386.6329,175.0490,51.4420,Canadian
145339,Canadian,Canadian,North American,43.7602,3024.1110,117.2002,263.1749,Canadian
145340,Canadian,Canadian,North American,597.0963,2365.9709,39.3868,10.9727,Canadian
145341,Canadian,Canadian,North American,135.4248,2966.5800,11.3732,272.4825,Canadian
145342,Canadian,Canadian,North American,42.1452,3750.6292,62.9442,368.0529,Canadian
145343,Canadian,Canadian,North American,76.1021,2520.1201,71.1875,226.0148,Canadian
145344,Canadian,Canadian,North American,65.8605,1166.7930,20.7028,98.2065,Canadian
145345,Canadian,Canadian,North American,86.6772,519.0600,19.0944,13.7055,Canadian
145346,Canadian,Canadian,North American,6.6402,1116.0418,188.5180,32.3471,Canadian
145347,Canadian,Canadian,North American,81.5371,857.0965,20.4634,51.9619,Canadian
145348,Canadian,Canadian,North American,718.1737,5184.7745,68.9494,244.1693,Canadian
145349,Canadian,Canadian,North American,618.4891,2820.5175,56.7752,5.6645,Canadian
145350,Canadian,Canadian,North American,15.4399,2272.7478,164.3225,168.6239,Canadian
145351,Canadian,Canadian,North American,6.4794,106.9895,4.8657,7.5541,Canadian
145352,Canadian,Canadian,North American,543.9884,5109.7169,30.9594,329.4981,Canadian
145353,Canadian,Canadian,North American,14.1034,3584.9764,384.3598,212.1961,Canadian
145354,Canadian,Canadian,North American,174.4397,1238.6273,42.2910,42.4599,Canadian
145355,Canadian,Canadian,North American,38.7980,1488.0603,119.1709,93.6207,Canadian
145356,Canadian,Canadian,North American,128.5902,1827.7598,87.6215,115.8715,Canadian
145357,Canadian,Canadian,North American,0.0000,25.2167,5.6100,0.1417,Canadian
145358,Canadian,Canadian,North American,17.0706,103.4400,8.6412,0.7602,Canadian
145359,Canadian,Canadian,North American,21.8831,1412.1273,70.8322,119.0312,Canadian
145360,Canadian,Canadian,North American,34.1017,777.7596,18.6776,67.1846,Canadian
145361,Canadian,Canadian,North American,1266.9382,7006.2882,62.5223,192.0771,Canadian
145362,Canadian,Canadian,North American,53.2917,404.0062,15.5510,13.1910,Canadian
145363,Canadian,Canadian,North American,73.6846,885.8865,35.6443,52.9379,Canadian
145364,Canadian,Canadian,North American,277.3610,1425.5300,57.1635,18.9735,Canadian
145365,Canadian,Canadian,North American,420.2462,3854.0200,52.4926,235.0067,Canadian
145366,Canadian,Canadian,North American,9.9060,493.4664,2.1668,50.8209,Canadian
145367,Canadian,Canadian,North American,264.9299,2150.4900,70.1638,101.1920,Canadian
145368,Canadian,Canadian,North American,113.7050,2309.4824,57.3754,180.0310,Canadian
145369,Canadian,Canadian,North American,335.2603,3377.7285,85.1956,214.1017,Canadian
145370,Canadian,Canadian,North American,414.4242,2962.9430,37.0499,131.1382,Canadian
145371,Canadian,Canadian,North American,80.8917,3929.5417,395.7435,215.8372,Canadian
145372,Canadian,Canadian,North American,449.9248,3337.8960,93.7690,137.4945,Canadian
145373,Canadian,Canadian,North American,33.3134,642.0986,20.8796,52.5443,Canadian
145374,Canadian,Canadian,North American,353.7990,1779.0777,30.5731,30.6329,Canadian
145375,Canadian,Canadian,North American,14.2193,179.6640,2.1083,13.6119,Canadian
145376,Canadian,Canadian,North American,15.4732,1273.7813,270.9486,7.5773,Canadian
145377,Canadian,Canadian,North American,35.1871,1118.8370,60.2070,84.5667,Canadian
145378,Canadian,Canadian,North American,96.9395,732.6870,23.4523,31.9166,Canadian
145379,Canadian,Canadian,North American,95.5437,1280.0033,172.7879,25.1325,Canadian
145380,Canadian,Canadian,North American,44.6557,575.5200,25.3280,34.4170,Canadian
145381,Canadian,Canadian,North American,58.3171,552.5360,15.9990,40.4968,Canadian
145382,Canadian,Canadian,North American,492.0600,2989.5765,95.7755,66.9971,Canadian
145383,Canadian,Canadian,North American,250.4962,2365.8380,83.9462,118.3686,Canadian
145384,Canadian,Canadian,North American,13.7353,1677.7170,361.4406,9.8818,Canadian
145385,Canadian,Canadian,North American,191.7715,854.9170,7.5142,10.8373,Canadian
145386,Canadian,Canadian,North American,149.6491,702.7825,7.0011,14.6846,Canadian
145387,Canadian,Canadian,North American,124.6522,842.6338,29.6968,36.6811,Canadian
145388,Canadian,Canadian,North American,1528.6112,8614.8840,135.9504,204.8502,Canadian
145389,Canadian,Canadian,North American,154.3640,1447.8000,51.4620,85.1300,Canadian
145390,Canadian,Canadian,North American,943.7700,4599.5200,53.5560,92.8660,Canadian
145391,Canadian,Canadian,North American,118.8359,766.3480,24.1625,21.4871,Canadian
145392,Canadian,Canadian,North American,355.1478,2052.7460,33.4900,69.1666,Canadian
145393,Canadian,Canadian,North American,163.4687,744.5940,24.3894,2.0943,Canadian
145394,Canadian,Canadian,North American,14.8656,553.3365,6.5604,55.3781,Canadian
145395,Canadian,Canadian,North American,15.7490,612.3843,7.6235,59.4005,Canadian
145396,Canadian,Canadian,North American,9.9840,450.1731,91.3671,2.9002,Canadian
145397,Canadian,Canadian,North American,56.3460,555.1500,2.6355,37.1392,Canadian
145398,Canadian,Canadian,North American,657.5164,2649.7400,9.2110,2.2448,Canadian
145399,Canadian,Canadian,North American,1.3781,656.7481,99.4040,25.6593,Canadian
145400,Canadian,Canadian,North American,56.0801,1141.8538,112.6485,49.6257,Canadian
145401,Canadian,Canadian,North American,4.3804,157.3608,8.9664,11.9597,Canadian
145402,Canadian,Canadian,North American,33.9935,824.5359,23.8005,70.5574,Canadian
145403,Canadian,Canadian,North American,0.0000,201.7333,44.8800,1.1333,Canadian
145404,Canadian,Canadian,North American,867.1205,3429.5000,3.7275,7.2000,Canadian
145405,Canadian,Canadian,North American,40.8207,1040.1403,167.2177,24.0008,Canadian
145406,Canadian,Canadian,North American,291.2501,1737.1075,46.9560,68.6310,Canadian
145407,Canadian,Canadian,North American,48.0590,218.9775,8.7932,1.0431,Canadian
145408,Canadian,Canadian,North American,5.5980,185.5000,9.8420,14.3550,Canadian
145409,Canadian,Canadian,North American,95.9898,1568.2600,35.8748,120.6723,Canadian
145410,Canadian,Canadian,North American,24.5684,246.0040,7.7576,14.9475,Canadian
145411,Canadian,Canadian,North American,111.8561,746.7533,18.7327,29.5493,Canadian
145412,Canadian,Canadian,North American,21.3739,977.1612,20.8823,95.6980,Canadian
145413,Canadian,Canadian,North American,54.8460,667.5806,43.0939,32.9847,Canadian
145414,Canadian,Canadian,North American,7874.2473,34690.6347,923.0890,40.9132,Canadian
145415,Canadian,Canadian,North American,951.7021,3675.4497,12.0318,3.0498,Canadian
145416,Canadian,Canadian,North American,57.2486,1747.2326,239.5359,58.9030,Canadian
145417,Canadian,Canadian,North American,138.2419,2300.9159,165.3794,122.3343,Canadian
145418,Canadian,Canadian,North American,746.4139,3511.9702,91.4917,32.8918,Canadian
145419,Canadian,Canadian,North American,3.7771,17.4350,0.1318,0.0366,Canadian
145420,Canadian,Canadian,North American,10.5735,48.7953,2.0637,0.9904,Canadian
145421,Canadian,Canadian,North American,219.7265,921.5000,2.9355,7.2000,Canadian
145422,Canadian,Canadian,North American,196.4612,1658.1487,12.5188,97.0392,Canadian
145423,Canadian,Canadian,North American,80.6394,341.4375,1.9729,0.4573,Canadian
145424,Canadian,Canadian,North American,309.9765,1866.8620,35.3390,63.4785,Canadian
145425,Canadian,Canadian,North American,45.3308,780.9767,28.2097,62.1623,Canadian
145426,Canadian,Canadian,North American,48.2081,858.6141,99.6688,31.2218,Canadian
145427,Canadian,Canadian,North American,206.0888,908.5290,13.4950,2.6421,Canadian
145428,Canadian,Canadian,North American,747.6119,4186.4952,274.7365,57.6500,Canadian
145429,Canadian,Canadian,North American,149.9162,1278.0600,35.7552,59.4426,Canadian
145430,Canadian,Canadian,North American,15.6678,204.5735,5.7181,14.9535,Canadian
145431,Canadian,Canadian,North American,57.0277,2113.8467,367.2272,37.6928,Canadian
145432,Canadian,Canadian,North American,160.8724,852.5019,33.2014,17.6841,Canadian
145433,Canadian,Canadian,North American,3.3540,43.1134,5.9783,0.5187,Canadian
145434,Canadian,Canadian,North American,54.2988,1052.0591,117.6101,38.8476,Canadian
145435,Canadian,Canadian,North American,400.0430,2665.2880,90.2386,82.0443,Canadian
145436,Canadian,Canadian,North American,1009.5257,4979.0980,163.0873,32.4593,Canadian
145437,Canadian,Canadian,North American,33.8167,181.6000,4.7156,4.4461,Canadian
145438,Canadian,Canadian,North American,159.8099,1494.2583,80.9997,58.7725,Canadian
145439,Canadian,Canadian,North American,46.6475,300.9563,17.5490,8.3259,Canadian
145440,Canadian,Canadian,North American,39.4990,664.2151,18.2675,51.1464,Canadian
145441,Canadian,Canadian,North American,69.7798,1108.4483,167.0518,20.1749,Canadian
145442,Canadian,Canadian,North American,219.2642,2577.7225,81.9606,164.1504,Canadian
145443,Canadian,Canadian,North American,511.7825,1998.1600,7.6512,3.0957,Canadian
145444,Canadian,Canadian,North American,1.4352,421.7800,16.8808,38.0946,Canadian
145445,Canadian,Canadian,North American,142.2644,978.8300,37.8485,26.4821,Canadian
145446,Canadian,Canadian,North American,300.4440,1373.5847,20.6080,12.6820,Canadian
145447,Canadian,Canadian,North American,455.5370,2269.1845,24.9210,42.5783,Canadian
145448,Canadian,Canadian,North American,355.1250,1938.0000,21.7680,57.6000,Canadian
145449,Canadian,Canadian,North American,20.9133,793.8900,34.3008,64.4332,Canadian
145450,Canadian,Canadian,North American,70.8490,354.9875,9.3769,4.2379,Canadian
145451,Canadian,Canadian,North American,43.4265,224.4000,1.2495,0.0000,Canadian
145452,Canadian,Canadian,North American,494.2565,7518.0022,51.6856,609.6042,Canadian
145453,Canadian,Canadian,North American,140.0709,3014.9893,79.6908,247.9689,Canadian
145454,Canadian,Canadian,North American,3.4140,16.7300,0.1684,0.0428,Canadian
145455,Canadian,Canadian,North American,27.6815,351.4945,7.3582,24.0800,Canadian
145456,Canadian,Canadian,North American,505.4288,2791.7667,91.2463,42.1940,Canadian
145457,Canadian,Canadian,North American,16.6200,690.0000,6.8700,71.5200,Canadian
145458,Canadian,Canadian,North American,76.7564,1178.1761,183.3307,9.5722,Canadian
145459,Canadian,Canadian,North American,17.8196,1999.6930,0.7094,216.0750,Canadian
145460,Canadian,Canadian,North American,82.6779,1726.5408,68.2523,138.0231,Canadian
145461,Canadian,Canadian,North American,15.4434,101.3300,3.0616,2.9670,Canadian
145462,Canadian,Canadian,North American,29.9531,461.6955,38.8027,21.3231,Canadian
145463,Canadian,Canadian,North American,79.1616,306.2025,3.5749,0.9886,Canadian
145464,Canadian,Canadian,North American,470.4311,3416.2800,46.4932,172.6970,Canadian
145465,Canadian,Canadian,North American,483.0454,3809.4670,51.8180,193.6139,Canadian
145466,Canadian,Canadian,North American,52.5761,894.5762,28.3829,63.6490,Canadian
145467,Canadian,Canadian,North American,236.2116,2546.2208,19.6060,177.1383,Canadian
145468,Canadian,Canadian,North American,99.3437,1476.9332,28.9687,111.8793,Canadian
145469,Canadian,Canadian,North American,264.8209,3260.5626,61.8237,236.4995,Canadian
145470,Canadian,Canadian,North American,1.8627,8.0170,0.3760,0.0488,Canadian
145471,Canadian,Canadian,North American,691.8606,6068.5217,91.7613,337.0153,Canadian
145472,Canadian,Canadian,North American,592.2016,3917.5943,39.4247,158.9594,Canadian
145473,Canadian,Canadian,North American,13.8274,160.7320,9.4986,9.2336,Canadian
145474,Canadian,Canadian,North American,110.6853,2663.2000,53.3515,242.2580,Canadian
145475,Canadian,Canadian,North American,562.1096,4266.1180,37.4205,222.2616,Canadian
145476,Canadian,Canadian,North American,103.8287,1094.0138,45.8995,59.5568,Canadian
145477,Canadian,Canadian,North American,221.9018,1137.5960,4.6420,28.8505,Canadian
145478,Canadian,Canadian,North American,30.7477,871.6835,27.4349,76.3508,Canadian
145479,Canadian,Canadian,North American,16.1701,69.5185,1.1683,0.1336,Canadian
145480,Canadian,Canadian,North American,201.1176,4422.2120,44.0790,392.6070,Canadian
145481,Canadian,Canadian,North American,166.4762,1706.2730,19.9767,118.4826,Canadian
145482,Canadian,Canadian,North American,3.0287,219.2867,1.3069,23.4034,Canadian
145483,Canadian,Canadian,North American,275.4829,1507.1502,49.1687,47.0632,Canadian
145484,Canadian,Canadian,North American,421.2599,3018.8768,236.6275,49.7052,Canadian
145485,Canadian,Canadian,North American,144.3581,612.8425,14.5650,2.5251,Canadian
145486,Canadian,Canadian,North American,28.2645,113.8500,1.7325,0.6930,Canadian
145487,Canadian,Canadian,North American,55.5776,586.0620,19.2369,37.1007,Canadian
145488,Canadian,Canadian,North American,8.5326,117.5034,2.8721,7.2477,Canadian
145489,Canadian,Canadian,North American,48.4456,2109.4640,45.2867,200.5494,Canadian
145490,Canadian,Canadian,North American,191.4656,1538.7194,127.5063,33.1727,Canadian
145491,Canadian,Canadian,North American,460.6889,2693.9580,51.8765,74.4648,Canadian
145492,Canadian,Canadian,North American,445.7694,2042.6870,21.2641,31.0294,Canadian
145493,Canadian,Canadian,North American,84.2401,1419.9596,50.9542,101.7035,Canadian
145494,Canadian,Canadian,North American,103.4544,4198.3867,56.1177,405.6665,Canadian
145495,Canadian,Canadian,North American,23.8316,335.0322,1.7208,27.4196,Canadian
145496,Canadian,Canadian,North American,70.3286,1555.5625,51.3472,129.0218,Canadian
145497,Canadian,Canadian,North American,42.3586,163.1325,2.6294,0.5057,Canadian
145498,Canadian,Canadian,North American,70.0382,615.0670,35.7162,26.1085,Canadian
145499,Canadian,Canadian,North American,105.6812,1015.3992,104.7903,17.9980,Canadian
145500,Canadian,Canadian,North American,590.0401,3156.2840,88.9083,101.7195,Canadian
145501,Canadian,Canadian,North American,31.3530,256.4451,7.2243,14.8012,Canadian
145502,Canadian,Canadian,North American,110.7392,576.6400,19.4040,11.2493,Canadian
145503,Canadian,Canadian,North American,12227.8910,477259.6848,29565.7766,35864.6364,Canadian
145504,Canadian,Canadian,North American,91.2451,709.3400,27.9320,25.4676,Canadian
145505,Canadian,Canadian,North American,155.3398,1237.9100,34.0823,69.8681,Canadian
145506,Canadian,Canadian,North American,508.5589,2014.6831,5.4450,1.1512,Canadian
145507,Canadian,Canadian,North American,10.5145,162.6000,1.3229,13.7400,Canadian
145508,Canadian,Canadian,North American,99.2782,3194.5030,181.4829,225.3075,Canadian
145509,Canadian,Canadian,North American,277.8946,1794.0900,41.1845,66.2506,Canadian
145510,Canadian,Canadian,North American,79.7953,1954.2601,179.2089,100.9718,Canadian
145511,Canadian,Canadian,North American,267.2041,1409.4275,75.9307,8.2136,Canadian
145512,Canadian,Canadian,North American,44.1433,333.6008,8.8931,14.7047,Canadian
145513,Canadian,Canadian,North American,118.3993,522.8920,14.6517,0.9252,Canadian
145514,Canadian,Canadian,North American,5.5949,157.8705,0.9905,0.2508,Canadian
145515,Canadian,Canadian,North American,59.7452,1067.2035,143.1575,25.0334,Canadian
145516,Canadian,Canadian,North American,55.6085,740.1970,31.8425,45.6064,Canadian
145517,Canadian,Canadian,North American,74.5190,398.6000,15.1973,5.5568,Canadian
145518,Canadian,Canadian,North American,14.9220,2514.8077,392.3941,97.9830,Canadian
145519,Canadian,Canadian,North American,46.9775,1525.8717,161.0935,74.0965,Canadian
145520,Canadian,Canadian,North American,278.8971,3407.7747,217.9372,160.1786,Canadian
145521,Canadian,Canadian,North American,29.0923,1769.0092,62.8781,160.0129,Canadian
145522,Canadian,Canadian,North American,55.1946,633.5375,34.8547,31.7102,Canadian
145523,Canadian,Canadian,North American,140.2727,1609.1762,43.8732,102.3246,Canadian
145524,Canadian,Canadian,North American,698.7947,4302.1720,13.9961,183.6720,Canadian
145525,Canadian,Canadian,North American,173.4689,1809.1953,43.4694,115.7782,Canadian
145526,Canadian,Canadian,North American,232.4727,1753.0790,73.0815,68.0713,Canadian
145527,Canadian,Canadian,North American,157.4523,1524.8340,199.4381,9.6427,Canadian
145528,Canadian,Canadian,North American,469.6225,2190.0620,32.8385,17.2300,Canadian
145529,Canadian,Canadian,North American,0.0862,40.1112,0.0112,4.5054,Canadian
145530,Canadian,Canadian,North American,485.3010,3027.9680,68.1902,94.5218,Canadian
145531,Canadian,Canadian,North American,2.1889,733.5483,97.0616,35.0238,Canadian
145532,Canadian,Canadian,North American,385.3676,3600.5709,92.7362,219.2941,Canadian
145533,Canadian,Canadian,North American,658.5269,3952.8155,146.7854,83.4544,Canadian
145534,Canadian,Canadian,North American,112.4893,601.3251,7.3713,17.2238,Canadian
145535,Canadian,Canadian,North American,95.5130,950.6091,95.5460,21.3495,Canadian
145536,Canadian,Canadian,North American,79.0463,16435.0918,356.8067,1633.1411,Canadian
145537,Canadian,Canadian,North American,9.9857,1445.0940,97.9698,111.5622,Canadian
145538,Canadian,Canadian,North American,20.6457,912.7764,101.6976,46.5162,Canadian
145539,Canadian,Canadian,North American,26.1324,946.2327,1.4296,93.4181,Canadian
145540,Canadian,Canadian,North American,187.7534,2968.8169,92.5537,288.2581,Canadian
145541,Canadian,Canadian,North American,139.7467,1348.5409,179.7121,4.5941,Canadian
145542,Canadian,Canadian,North American,36.5327,424.5915,2.5635,31.4616,Canadian
145543,Canadian,Canadian,North American,7.3142,1706.8404,2.6847,185.9558,Canadian
145544,Canadian,Canadian,North American,69.4237,803.8048,38.2250,44.3837,Canadian
145545,Canadian,Canadian,North American,40.4039,812.9060,15.6960,68.7405,Canadian
145546,Canadian,Canadian,North American,16.3968,270.3358,8.7975,19.7578,Canadian
145547,Canadian,Canadian,North American,6.9798,241.8900,1.3487,23.6522,Canadian
145548,Canadian,Canadian,North American,943.0194,7080.9587,81.9956,343.4102,Canadian
145549,Canadian,Canadian,North American,129.5801,1023.4690,21.6358,50.0398,Canadian
145550,Canadian,Canadian,North American,298.1926,3776.5350,135.7608,230.1222,Canadian
145551,Canadian,Canadian,North American,24.9677,937.5670,74.7931,64.3964,Canadian
145552,Canadian,Canadian,North American,42.7117,609.4977,7.5751,46.7225,Canadian
145553,Canadian,Canadian,North American,21.2678,120.0300,10.3651,1.1761,Canadian
145554,Canadian,Canadian,North American,37.7605,2568.3659,538.6327,13.6045,Canadian
145555,Canadian,Canadian,North American,316.2596,2548.5651,73.5208,114.2677,Canadian
145556,Canadian,Canadian,North American,1051.8071,4821.6160,69.9225,35.9068,Canadian
145557,Canadian,Canadian,North American,101.3845,1174.0998,128.8560,27.1609,Canadian
145558,Canadian,Canadian,North American,52.6171,442.7532,15.8198,23.3500,Canadian
145559,Canadian,Canadian,North American,26.5163,579.1515,16.5806,44.8707,Canadian
145560,Canadian,Canadian,North American,12.2050,192.4400,5.5950,14.8520,Canadian
145561,Canadian,Canadian,North American,28.7386,1316.5032,111.5885,83.9249,Canadian
145562,Canadian,Canadian,North American,8.1890,839.4502,180.7020,4.8714,Canadian
145563,Canadian,Canadian,North American,670.6873,3673.0870,67.3120,92.6915,Canadian
145564,Canadian,Canadian,North American,19.6468,1751.0087,138.9605,123.3492,Canadian
145565,Canadian,Canadian,North American,318.2363,1594.4180,22.1456,22.3725,Canadian
145566,Canadian,Canadian,North American,1068.4076,9988.4902,253.3206,599.8479,Canadian
145567,Canadian,Canadian,North American,91.6341,5380.6360,19.2765,555.4003,Canadian
145568,Canadian,Canadian,North American,17.5573,1317.4342,99.5760,98.0768,Canadian
145569,Canadian,Canadian,North American,292.0449,2037.4627,93.4567,62.2528,Canadian
145570,Canadian,Canadian,North American,57.9429,23982.7150,522.5622,2404.5077,Canadian
145571,Canadian,Canadian,North American,123.5656,644.0447,19.6981,7.0121,Canadian
145572,Canadian,Canadian,North American,76.3680,763.6800,14.1040,44.7200,Canadian
145573,Canadian,Canadian,North American,1381.5262,5527.5442,2.5029,1.3873,Canadian
145574,Canadian,Canadian,North American,163.6464,979.3433,22.5308,29.8031,Canadian
145575,Canadian,Canadian,North American,7.0240,3069.2625,374.8341,160.8349,Canadian
145576,Canadian,Canadian,North American,17.4948,223.2600,11.5290,11.9682,Canadian
145577,Canadian,Canadian,North American,357.7586,2798.3397,213.4779,65.0608,Canadian
145578,Canadian,Canadian,North American,738.0880,4763.1710,104.5852,165.4004,Canadian
145579,Canadian,Canadian,North American,176.7745,1470.1150,41.3763,73.0507,Canadian
145580,Canadian,Canadian,North American,400.9948,2515.5110,88.4548,73.5299,Canadian
145581,Canadian,Canadian,North American,361.8061,2115.9712,40.7749,69.9276,Canadian
145582,Canadian,Canadian,North American,22.9303,254.5700,10.8894,14.8058,Canadian
145583,Canadian,Canadian,North American,16.0520,153.1200,20.4760,1.1600,Canadian
145584,Canadian,Canadian,North American,1.5714,319.4945,69.9148,1.8817,Canadian
145585,Canadian,Canadian,North American,750.6543,4890.4854,370.2854,57.6037,Canadian
145586,Canadian,Canadian,North American,151.5821,586.9250,4.0117,0.9664,Canadian
145587,Canadian,Canadian,North American,72.7086,1282.4863,91.8988,70.9234,Canadian
145588,Canadian,Canadian,North American,129.4556,555.9138,19.8375,2.1643,Canadian
145589,Canadian,Canadian,North American,85.2853,1224.4229,82.8822,61.7968,Canadian
145590,Canadian,Canadian,North American,18.4970,135.2512,7.1406,2.9887,Canadian
145591,Canadian,Canadian,North American,107.6273,2529.7500,34.1687,226.1099,Canadian
145592,Canadian,Canadian,North American,427.5674,1860.5190,38.7634,6.8912,Canadian
145593,Canadian,Canadian,North American,250.3184,1310.2160,15.2907,27.4931,Canadian
145594,Canadian,Canadian,North American,100.3508,559.1737,33.7208,3.9882,Canadian
145595,Canadian,Canadian,North American,31.3126,216.9808,7.0384,7.6588,Canadian
145596,Canadian,Canadian,North American,215.5687,1206.7787,44.5360,27.6740,Canadian
145597,Canadian,Canadian,North American,37.8182,1369.3560,18.3197,134.0303,Canadian
145598,Canadian,Canadian,North American,572.1256,2848.6200,48.2900,37.7744,Canadian
145599,Canadian,Canadian,North American,512.8492,5953.1415,122.6255,424.3620,Canadian
145600,Canadian,Canadian,North American,130.4622,500.1670,5.4678,1.1858,Canadian
145601,Canadian,Canadian,North American,36.0939,191.0175,1.4480,5.5779,Canadian
145602,Canadian,Canadian,North American,47.5605,1110.6920,60.6409,77.9782,Canadian
145603,Canadian,Canadian,North American,221.4980,2370.1122,35.0659,164.3267,Canadian
145604,Canadian,Canadian,North American,42.6733,1073.0048,134.9290,40.2621,Canadian
145605,Canadian,Canadian,North American,9.2822,40.0749,1.5977,0.5034,Canadian
145606,Canadian,Canadian,North American,302.3950,1356.4449,20.8850,30.1365,Canadian
145607,Canadian,Canadian,North American,49.5689,828.8720,26.0533,60.5638,Canadian
145608,Canadian,Canadian,North American,89.6142,957.7574,38.2233,49.3949,Canadian
145609,Canadian,Canadian,North American,6.0253,663.4450,2.0362,70.7006,Canadian
145610,Canadian,Canadian,North American,400.8081,1762.6202,48.6535,4.4294,Canadian
145611,Canadian,Canadian,North American,37.7232,5562.7878,635.5975,303.9958,Canadian
145612,Canadian,Canadian,North American,5.4789,234.7960,1.1565,23.5614,Canadian
145613,Canadian,Canadian,North American,67.4627,320.8350,7.1633,2.6277,Canadian
145614,Canadian,Canadian,North American,390.9365,2151.3281,132.3193,14.0160,Canadian
145615,Canadian,Canadian,North American,13.7631,62.0690,3.2384,0.5397,Canadian
145616,Canadian,Canadian,North American,764.8942,4921.7900,97.9602,170.8151,Canadian
145617,Canadian,Canadian,North American,9.6890,2866.4411,629.4793,16.1843,Canadian
145618,Canadian,Canadian,North American,96.5005,650.8435,39.4051,15.6088,Canadian
145619,Canadian,Canadian,North American,172.6663,887.2260,25.5560,20.9714,Canadian
145620,Canadian,Canadian,North American,18.3802,128.6409,7.8104,3.0134,Canadian
145621,Canadian,Canadian,North American,38.9305,1629.1225,192.7701,74.3199,Canadian
145622,Canadian,Canadian,North American,680.8896,4440.7000,113.9550,144.4204,Canadian
145623,Canadian,Canadian,North American,53.9504,378.8056,15.6213,15.2205,Canadian
145624,Canadian,Canadian,North American,33.0803,797.0019,6.1688,74.0856,Canadian
145625,Canadian,Canadian,North American,90.2864,1375.1072,43.3598,97.9399,Canadian
145626,Canadian,Canadian,North American,191.7101,3423.2440,147.1502,226.9422,Canadian
145627,Canadian,Canadian,North American,22.8694,748.4475,98.7476,29.1263,Canadian
145628,Canadian,Canadian,North American,98.6466,1840.7549,144.9784,96.5273,Canadian
145629,Canadian,Canadian,North American,151.6039,1165.0964,91.7975,21.8477,Canadian
145630,Canadian,Canadian,North American,28.5945,362.5012,40.2434,12.7723,Canadian
145631,Canadian,Canadian,North American,32.6304,2257.4471,120.1161,185.7902,Canadian
145632,Canadian,Canadian,North American,82.3664,328.9405,1.2375,0.1966,Canadian
145633,Canadian,Canadian,North American,29.3832,170.5533,14.0228,1.0533,Canadian
145634,Canadian,Canadian,North American,53.4209,1271.1660,32.7490,110.6086,Canadian
145635,Canadian,Canadian,North American,8.0788,1624.2732,187.9586,89.7268,Canadian
145636,Canadian,Canadian,North American,8.0266,287.7710,13.7970,22.4526,Canadian
145637,Canadian,Canadian,North American,459.9491,3895.5100,73.5965,213.1774,Canadian
145638,Canadian,Canadian,North American,187.8175,1369.6218,60.2424,48.3849,Canadian
145639,Canadian,Canadian,North American,1146.6634,5711.5815,178.1236,45.5037,Canadian
145640,Canadian,Canadian,North American,16.2055,479.5100,6.7077,44.7786,Canadian
145641,Canadian,Canadian,North American,803.9106,4689.1900,2.6929,182.2925,Canadian
145642,Canadian,Canadian,North American,434.9767,3644.6152,94.5672,206.2205,Canadian
145643,Canadian,Canadian,North American,248.1337,3444.2425,10.8846,276.1963,Canadian
145644,Canadian,Canadian,North American,127.4454,1055.3357,43.3919,44.9921,Canadian
145645,Canadian,Canadian,North American,324.7045,1750.8290,25.8805,41.2341,Canadian
145646,Canadian,Canadian,North American,211.1760,819.0000,0.1260,0.1890,Canadian
145647,Canadian,Canadian,North American,22.5818,107.2435,3.6647,2.5243,Canadian
145648,Canadian,Canadian,North American,204.4253,1211.1536,67.5643,15.9199,Canadian
145649,Canadian,Canadian,North American,59.8192,410.5659,11.5806,15.1558,Canadian
145650,Canadian,Canadian,North American,85.8826,757.1762,28.5765,37.0886,Canadian
145651,Canadian,Canadian,North American,821.3642,5021.3817,77.5291,173.7722,Canadian
145652,Canadian,Canadian,North American,127.8162,1289.9760,39.8693,69.0625,Canadian
145653,Canadian,Canadian,North American,491.1775,2809.3500,80.0800,39.9360,Canadian
145654,Canadian,Canadian,North American,501.8684,4166.5960,26.7396,233.6048,Canadian
145655,Canadian,Canadian,North American,32.8671,763.2107,26.3784,65.0380,Canadian
145656,Canadian,Canadian,North American,192.7773,2944.6023,408.8995,53.6703,Canadian
145657,Canadian,Canadian,North American,91.0902,489.9830,13.3136,9.2054,Canadian
145658,Canadian,Canadian,North American,36.3342,146.4600,2.3670,0.9975,Canadian
145659,Canadian,Canadian,North American,44.9050,2003.8581,194.5148,113.8378,Canadian
145660,Canadian,Canadian,North American,1346.0940,7085.5760,219.3530,94.9378,Canadian
145661,Canadian,Canadian,North American,17.1112,195.5200,16.5856,6.6440,Canadian
145662,Canadian,Canadian,North American,278.6540,5094.6800,43.0080,442.2000,Canadian
145663,Canadian,Canadian,North American,60.2273,3465.9633,362.5421,194.6039,Canadian
145664,Canadian,Canadian,North American,52.2367,390.9395,7.4275,17.0295,Canadian
145665,Canadian,Canadian,North American,105.6084,915.2765,36.2089,37.4724,Canadian
145666,Canadian,Canadian,North American,1.4291,146.8060,12.6332,9.5481,Canadian
145667,Canadian,Canadian,North American,141.3984,1107.4338,22.1286,52.9782,Canadian
145668,Canadian,Canadian,North American,44.8920,423.9145,11.4762,24.6420,Canadian
145669,Canadian,Canadian,North American,0.1468,404.3876,89.8454,2.2875,Canadian
145670,Canadian,Canadian,North American,11.7300,445.0516,89.7602,2.2667,Canadian
145671,Canadian,Canadian,North American,332.6302,2590.8744,54.0387,121.5644,Canadian
145672,Canadian,Canadian,North American,262.6603,1788.7091,32.9392,77.3490,Canadian
145673,Canadian,Canadian,North American,12.4344,591.5200,18.6294,52.7488,Canadian
145674,Canadian,Canadian,North American,23.9400,1213.2167,18.6780,124.9897,Canadian
145675,Canadian,Canadian,North American,22.4328,880.7220,1.0152,90.8040,Canadian
145676,Canadian,Canadian,North American,71.9083,930.2960,28.1845,59.0095,Canadian
145677,Canadian,Canadian,North American,35.0659,696.8010,21.7578,57.7698,Canadian
145678,Canadian,Canadian,North American,12.0461,581.3390,12.2670,53.9845,Canadian
145679,Canadian,Canadian,North American,142.4933,894.5683,32.8068,20.1972,Canadian
145680,Canadian,Canadian,North American,4.0000,37.0000,4.0000,0.5000,Canadian
145681,Canadian,Canadian,North American,166.8937,1905.6944,121.4301,85.9059,Canadian
145682,Canadian,Canadian,North American,75.8576,709.0635,45.8227,25.1226,Canadian
145683,Canadian,Canadian,North American,179.7635,845.2000,10.7287,8.2868,Canadian
145684,Canadian,Canadian,North American,105.0880,1563.4667,26.9240,120.5507,Canadian
145685,Canadian,Canadian,North American,209.6220,2036.9380,32.6267,122.4763,Canadian
145687,Canadian,Canadian,North American,228.6035,1354.1325,24.0513,38.2248,Canadian
145688,Canadian,Canadian,North American,3.8709,1629.8668,359.7894,9.3329,Canadian
145689,Canadian,Canadian,North American,48.9166,246.3480,6.4933,2.7379,Canadian
145690,Canadian,Canadian,North American,311.8899,1663.8735,57.7724,24.3648,Canadian
145691,Canadian,Canadian,North American,0.0000,0.0000,0.0000,0.0000,Canadian
145692,Canadian,Canadian,North American,8.5945,2233.1881,157.5912,170.7487,Canadian
145693,Canadian,Canadian,North American,345.4078,1886.8847,41.2995,67.3975,Canadian
145694,Canadian,Canadian,North American,1.7500,651.8333,115.7500,17.1333,Canadian
145695,Canadian,Canadian,North American,52.0050,599.3052,15.5947,38.8473,Canadian
145696,Canadian,Canadian,North American,145.4154,1281.9600,36.8742,62.3232,Canadian
145697,Canadian,Canadian,North American,86.8769,1543.7037,41.0258,131.3297,Canadian
145698,Canadian,Canadian,North American,29.1472,217.3646,7.8812,10.2504,Canadian
145699,Canadian,Canadian,North American,25.0257,828.1050,93.7596,36.9178,Canadian
145700,Canadian,Canadian,North American,129.4841,944.8060,31.1117,32.9989,Canadian
145701,Canadian,Canadian,North American,77.6123,1018.0925,23.4417,68.9954,Canadian
145702,Canadian,Canadian,North American,298.7004,3409.7994,85.8151,213.9143,Canadian
145703,Canadian,Canadian,North American,31.9056,786.3670,12.8317,72.0672,Canadian
145704,Canadian,Canadian,North American,745.7967,6060.8140,66.8149,322.7639,Canadian
145705,Canadian,Canadian,North American,39.5599,1192.4358,99.2493,72.9380,Canadian
145706,Canadian,Canadian,North American,190.9039,928.0360,26.6445,10.2699,Canadian
145707,Canadian,Canadian,North American,522.7734,2882.8420,100.9204,43.4009,Canadian
145708,Canadian,Canadian,North American,87.5790,559.8760,24.4686,13.2295,Canadian
145709,Canadian,Canadian,North American,56.9576,449.6900,27.8404,18.1452,Canadian
145710,Canadian,Canadian,North American,57.2622,1159.9880,94.9504,63.0206,Canadian
145711,Canadian,Canadian,North American,9.5699,213.1590,3.9208,18.8314,Canadian
145712,Canadian,Canadian,North American,264.9470,2292.2860,47.2620,121.9563,Canadian
145713,Canadian,Canadian,North American,56.9958,614.7873,18.0676,38.1705,Canadian
145714,Canadian,Canadian,North American,156.2573,765.5375,22.1283,8.1891,Canadian
145715,Canadian,Canadian,North American,9.3113,217.5199,23.8580,9.1488,Canadian
145716,Canadian,Canadian,North American,10.1382,252.4208,4.4649,22.7094,Canadian
145717,Canadian,Canadian,North American,16.7728,345.3949,10.7426,28.8376,Canadian
145718,Canadian,Canadian,North American,0.0000,0.0000,0.0000,0.0000,Canadian
145719,Canadian,Canadian,North American,413.1858,2360.8320,40.2570,71.7598,Canadian
145720,Canadian,Canadian,North American,9.0799,40.1900,1.2945,0.2401,Canadian
145721,Canadian,Canadian,North American,81.0538,1315.1859,14.0515,108.6435,Canadian
145722,Canadian,Canadian,North American,68.4440,1002.5145,28.6402,71.6940,Canadian
145723,Canadian,Canadian,North American,1061.5047,5762.2255,195.2415,149.4939,Canadian
145724,Canadian,Canadian,North American,61.2000,298.5460,10.4620,2.4754,Canadian
145725,Canadian,Canadian,North American,29.2393,729.0600,22.2993,63.7810,Canadian
145726,Canadian,Canadian,North American,12.9460,396.8061,8.4194,35.6707,Canadian
145727,Canadian,Canadian,North American,445.6063,1978.1757,26.6318,9.9511,Canadian
145728,Canadian,Canadian,North American,126.9654,3887.7312,393.9775,188.4280,Canadian
145729,Canadian,Canadian,North American,19.3299,191.2807,19.1348,4.4474,Canadian
145730,Canadian,Canadian,North American,54.9566,1438.6475,13.9196,133.5437,Canadian
145731,Canadian,Canadian,North American,429.3533,12151.5320,419.7057,1044.7006,Canadian
145732,Canadian,Canadian,North American,24.7914,385.4760,12.3926,29.5529,Canadian
145733,Canadian,Canadian,North American,111.9985,579.2000,7.6202,15.3808,Canadian
145734,Canadian,Canadian,North American,8.0431,74.1656,8.0056,1.0027,Canadian
145735,Canadian,Canadian,North American,63.9678,2026.4166,208.3877,100.3533,Canadian
145736,Canadian,Canadian,North American,80.8795,5261.6667,108.5815,500.9048,Canadian
145737,Canadian,Canadian,North American,151.4217,1338.6338,67.1708,56.0580,Canadian
145738,Canadian,Canadian,North American,59.5768,775.2040,16.2160,53.1284,Canadian
145739,Canadian,Canadian,North American,134.3648,2435.4850,5.7536,218.8688,Canadian
145740,Canadian,Canadian,North American,10.2062,651.4905,32.1901,54.1978,Canadian
145741,Canadian,Canadian,North American,61.4890,379.0000,5.3750,14.4480,Canadian
145742,Canadian,Canadian,North American,137.5234,770.7410,9.3317,25.6845,Canadian
145743,Canadian,Canadian,North American,17.2924,347.0325,10.7661,28.8549,Canadian
145744,Canadian,Canadian,North American,126.1124,568.6615,14.3546,4.0766,Canadian
145745,Canadian,Canadian,North American,158.2576,967.1710,31.0112,25.3454,Canadian
145746,Canadian,Canadian,North American,46.9117,894.0270,36.8214,68.3163,Canadian
145747,Canadian,Canadian,North American,99.7374,1233.8840,127.7616,37.8325,Canadian
145748,Canadian,Canadian,North American,15.8257,72.2850,1.1751,0.2804,Canadian
145749,Canadian,Canadian,North American,21982.8503,460925.3800,404.7362,42322.0158,Canadian
145750,Canadian,Canadian,North American,606.8925,2424.6500,0.1067,0.0732,Canadian
145751,Canadian,Canadian,North American,365.1325,4592.5232,38.7086,340.6796,Canadian
145752,Canadian,Canadian,North American,5.9170,1744.7450,90.0237,147.9275,Canadian
145753,Canadian,Canadian,North American,113.1240,1444.1519,103.8171,63.9647,Canadian
145754,Canadian,Canadian,North American,47.0091,540.9650,21.8901,30.6380,Canadian
145755,Canadian,Canadian,North American,49.8480,670.9556,12.3706,48.2854,Canadian
145756,Canadian,Canadian,North American,15.3483,411.8170,41.0022,21.2360,Canadian
145757,Canadian,Canadian,North American,11.6632,148.8400,7.6860,7.9788,Canadian
145758,Canadian,Canadian,North American,167.5067,10096.6464,145.2851,985.4122,Canadian
145759,Canadian,Canadian,North American,15.4105,813.4079,34.4062,70.2057,Canadian
145760,Canadian,Canadian,North American,19.6794,87.7263,1.6070,0.4400,Canadian
145761,Canadian,Canadian,North American,148.9905,831.0340,5.7560,28.7130,Canadian
145762,Canadian,Canadian,North American,378.9470,2338.1589,155.0057,29.3036,Canadian
145763,Canadian,Canadian,North American,344.9917,3489.3910,27.7995,235.7595,Canadian
145764,Canadian,Canadian,North American,6.2394,124.6509,22.5368,0.6420,Canadian
145765,Canadian,Canadian,North American,290.2546,1919.0439,31.8525,68.8104,Canadian
145766,Canadian,Canadian,North American,30.4377,2425.8428,233.0056,145.9843,Canadian
145767,Canadian,Canadian,North American,58.6971,2133.1117,36.6569,210.3203,Canadian
145768,Canadian,Canadian,North American,0.0919,0.3608,0.0149,0.0047,Canadian
145769,Canadian,Canadian,North American,13.2444,336.8009,6.9407,28.9973,Canadian
145770,Canadian,Canadian,North American,123.6882,1151.3460,36.8355,74.5052,Canadian
145771,Canadian,Canadian,North American,11.8572,296.1080,25.7817,16.3859,Canadian
145772,Canadian,Canadian,North American,14.0802,4233.4200,8.8284,468.6721,Canadian
145773,Canadian,Canadian,North American,112.9298,7703.7134,317.5423,659.3478,Canadian
145774,Canadian,Canadian,North American,151.4193,1651.5675,56.2293,95.6560,Canadian
145775,Canadian,Canadian,North American,81.5629,653.7350,29.0409,25.7077,Canadian
145776,Canadian,Canadian,North American,1412.0651,5609.8710,12.5875,12.3117,Canadian
145777,Canadian,Canadian,North American,18.5396,857.0221,101.2696,40.6911,Canadian
145778,Canadian,Canadian,North American,655.4090,3414.6830,68.9738,123.8273,Canadian
145779,Canadian,Canadian,North American,35.4341,467.3250,24.0995,27.5364,Canadian
145780,Canadian,Canadian,North American,143.5203,756.2664,12.0292,16.4237,Canadian
145781,Canadian,Canadian,North American,41.4008,1374.7185,95.0116,94.3620,Canadian
145782,Canadian,Canadian,North American,153.8506,1247.9460,115.9560,20.2438,Canadian
145783,Canadian,Canadian,North American,4.5508,2224.7223,360.0918,75.2949,Canadian
145784,Canadian,Canadian,North American,469.1891,2713.3575,121.5920,44.3375,Canadian
145785,Canadian,Canadian,North American,139.7750,3611.3910,88.1959,302.5049,Canadian
145786,Canadian,Canadian,North American,104.6869,2632.6923,132.4223,194.6275,Canadian
145787,Canadian,Canadian,North American,538.5088,2732.8375,97.6458,44.0603,Canadian
145788,Canadian,Canadian,North American,24.6151,1188.2014,137.1981,57.9794,Canadian
145789,Canadian,Canadian,North American,14.4865,67.4100,3.4034,0.7574,Canadian
145790,Canadian,Canadian,North American,1268.7482,6616.5021,1.7296,0.2208,Canadian
145791,Canadian,Canadian,North American,121.0132,953.2600,21.8676,62.6482,Canadian
145792,Canadian,Canadian,North American,392.0382,1801.6495,22.3536,18.5767,Canadian
145793,Canadian,Canadian,North American,385.1754,1725.0870,26.3801,6.6497,Canadian
145794,Canadian,Canadian,North American,86.3495,1471.5530,44.7804,115.6190,Canadian
145795,Canadian,Canadian,North American,45.6824,458.4605,11.2311,29.0060,Canadian
145796,Canadian,Canadian,North American,26.3949,905.2808,116.0228,36.7236,Canadian
145797,Canadian,Canadian,North American,1026.5001,6819.9396,217.2961,309.7829,Canadian
145798,Canadian,Canadian,North American,6.5531,29.5941,1.1559,0.5128,Canadian
145799,Canadian,Canadian,North American,776.8723,4448.3200,83.3188,113.9569,Canadian
145800,Canadian,Canadian,North American,144.0174,594.9600,5.6970,2.2090,Canadian
145801,Canadian,Canadian,North American,48.5319,626.0475,8.2097,48.4910,Canadian
145802,Canadian,Canadian,North American,13.5451,266.5627,3.2864,22.9120,Canadian
145803,Canadian,Canadian,North American,196.7375,1411.3018,89.7257,29.5614,Canadian
145804,Canadian,Canadian,North American,38.3956,885.3687,23.0262,74.7956,Canadian
145805,Canadian,Canadian,North American,175.7146,2546.2755,382.6357,26.4107,Canadian
145806,Canadian,Canadian,North American,5.3179,26.7500,2.0544,0.2996,Canadian
145807,Canadian,Canadian,North American,28.5708,529.8480,5.6349,44.5063,Canadian
145808,Canadian,Canadian,North American,12.5929,189.5681,7.1197,12.9365,Canadian
145809,Canadian,Canadian,North American,30.6580,406.0000,12.4460,28.9600,Canadian
145810,Canadian,Canadian,North American,20.8254,3719.8167,13.5478,397.7049,Canadian
145811,Canadian,Canadian,North American,99.7097,4595.0024,539.1366,230.0678,Canadian
145812,Canadian,Canadian,North American,52.0690,1586.3154,14.2035,150.0375,Canadian
145813,Canadian,Canadian,North American,0.5618,248.8400,0.5216,27.7248,Canadian
145814,Canadian,Canadian,North American,478.6328,2835.5570,131.2883,68.9436,Canadian
145815,Canadian,Canadian,North American,17.2072,156.5600,17.1192,2.1792,Canadian
145816,Canadian,Canadian,North American,775.6044,4367.7060,67.6311,123.5631,Canadian
145817,Canadian,Canadian,North American,726.4406,4198.4813,76.2846,125.3956,Canadian
145818,Canadian,Canadian,North American,239.0823,4080.2836,121.0557,306.2822,Canadian
145819,Canadian,Canadian,North American,2.1384,428.8400,1.0772,46.5008,Canadian
145820,Canadian,Canadian,North American,201.5960,805.9800,0.0000,0.0000,Canadian
145821,Canadian,Canadian,North American,442.1278,2717.6600,30.2497,102.8529,Canadian
145822,Canadian,Canadian,North American,44.0989,197.9315,7.4223,0.8086,Canadian
145823,Canadian,Canadian,North American,34.1294,283.4800,8.1834,14.8572,Canadian
145824,Canadian,Canadian,North American,36.4070,421.9124,6.6872,30.5026,Canadian
145825,Canadian,Canadian,North American,0.0000,0.0000,0.0000,0.0000,Canadian
145826,Canadian,Canadian,North American,467.7853,2854.0960,19.4605,114.6265,Canadian
145827,Canadian,Canadian,North American,6.6480,1563.4696,182.6311,86.0908,Canadian
145828,Canadian,Canadian,North American,392.9144,2533.5895,23.8813,99.8666,Canadian
145829,Canadian,Canadian,North American,0.1562,0.9568,0.0770,0.0249,Canadian
145830,Canadian,Canadian,North American,222.9196,896.9965,6.6890,1.9997,Canadian
145831,Canadian,Canadian,North American,33.2734,1638.5430,38.1431,149.9009,Canadian
145832,Canadian,Canadian,North American,325.3573,1298.6400,4.5034,4.0697,Canadian
145833,Canadian,Canadian,North American,101.5092,1882.8362,21.2439,159.8435,Canadian
145834,Canadian,Canadian,North American,187.6731,2278.1507,171.4746,93.5857,Canadian
145835,Canadian,Canadian,North American,15.2353,2154.5737,193.2039,142.6486,Canadian
145836,Canadian,Canadian,North American,10.7570,665.9167,51.2975,46.1028,Canadian
145837,Canadian,Canadian,North American,32.1468,447.9088,15.9909,32.4104,Canadian
145838,Canadian,Canadian,North American,652.1634,4335.4690,117.4103,150.9154,Canadian
145839,Canadian,Canadian,North American,63.3914,1161.9090,37.2567,92.1598,Canadian
145840,Canadian,Canadian,North American,351.2868,2423.4870,38.6151,100.2904,Canadian
145841,Canadian,Canadian,North American,118.7457,2954.8713,96.1462,247.6743,Canadian
145842,Canadian,Canadian,North American,3.6763,1575.8098,189.5766,83.9700,Canadian
145843,Canadian,Canadian,North American,258.0830,1516.9670,48.0780,29.1196,Canadian
145844,Canadian,Canadian,North American,72.9730,516.2090,2.8744,23.7046,Canadian
145845,Canadian,Canadian,North American,210.7966,2008.8697,110.2163,79.7681,Canadian
145846,Canadian,Canadian,North American,510.3501,2398.6200,40.2755,16.1744,Canadian
145847,Canadian,Canadian,North American,438.9454,1920.7311,32.5828,2.8738,Canadian
145848,Canadian,Canadian,North American,125.0281,1776.2066,35.6822,135.4040,Canadian
145849,Canadian,Canadian,North American,124.1174,663.4950,5.6240,22.7492,Canadian
145850,Canadian,Canadian,North American,303.8813,1789.1400,31.0709,59.9136,Canadian
145851,Canadian,Canadian,North American,455.1501,2399.7613,3.1135,74.0833,Canadian
145852,Canadian,Canadian,North American,250.8546,1297.3125,43.5477,18.6685,Canadian
145853,Canadian,Canadian,North American,66.4331,1197.7287,30.6315,92.3750,Canadian
145854,Canadian,Canadian,North American,382.5013,3473.8850,88.0892,198.7122,Canadian
145855,Canadian,Canadian,North American,214.0716,4389.9380,297.2581,257.5791,Canadian
145856,Canadian,Canadian,North American,1025.4216,4066.5800,19.0208,2.7392,Canadian
145857,Canadian,Canadian,North American,462.3041,2182.8993,29.7727,27.5276,Canadian
145858,Canadian,Canadian,North American,0.0000,1613.8703,359.0408,9.0667,Canadian
145859,Canadian,Canadian,North American,71.8827,1441.6891,197.7634,40.7414,Canadian
145860,Canadian,Canadian,North American,389.5085,1570.3650,3.6900,1.9988,Canadian
145861,Canadian,Canadian,North American,115.1188,883.8946,14.7423,42.6275,Canadian
145862,Canadian,Canadian,North American,345.1692,3122.1840,22.5688,197.9175,Canadian
145863,Canadian,Canadian,North American,1865.9639,8675.4158,5.2908,164.2122,Canadian
145864,Canadian,Canadian,North American,175.4098,4260.3431,48.1216,387.6209,Canadian
145865,Canadian,Canadian,North American,145.8603,2636.0914,209.2667,133.9209,Canadian
145866,Canadian,Canadian,North American,167.3147,1072.3900,43.4258,31.8267,Canadian
145867,Canadian,Canadian,North American,89.1761,1476.1392,110.5146,75.7932,Canadian
145868,Canadian,Canadian,North American,7.6388,221.4800,25.1312,9.7180,Canadian
145869,Canadian,Canadian,North American,21.4302,1138.9073,128.0245,58.4279,Canadian
145870,Canadian,Canadian,North American,151.5907,899.6124,23.0333,24.7228,Canadian
145871,Canadian,Canadian,North American,170.3727,1372.4043,6.5503,77.5030,Canadian
145872,Canadian,Canadian,North American,87.8259,1378.9138,48.6325,97.7020,Canadian
145873,Canadian,Canadian,North American,237.6146,1899.5607,27.4979,99.7039,Canadian
145874,Canadian,Canadian,North American,38.8550,1212.2105,21.6125,109.3561,Canadian
145875,Canadian,Canadian,North American,305.5200,1565.2800,43.9440,16.7040,Canadian
145876,Canadian,Canadian,North American,14.7822,1080.9925,142.1655,46.7118,Canadian
145877,Canadian,Canadian,North American,33.1599,216.2550,6.5520,6.4078,Canadian
145878,Canadian,Canadian,North American,58.7136,985.8100,76.9011,51.2404,Canadian
145879,Canadian,Canadian,North American,30.6976,415.5090,16.4562,28.9789,Canadian
145880,Canadian,Canadian,North American,37.3441,256.3446,11.9485,10.6210,Canadian
145881,Canadian,Canadian,North American,185.5916,1576.4560,22.4178,87.2405,Canadian
145882,Canadian,Canadian,North American,107.1583,507.0271,20.9133,7.5415,Canadian
145883,Canadian,Canadian,North American,120.3854,1126.1173,16.6947,66.1377,Canadian
145884,Canadian,Canadian,North American,126.3598,570.2229,29.7537,4.9402,Canadian
145885,Canadian,Canadian,North American,27.7205,4107.6148,542.7903,186.6772,Canadian
145886,Canadian,Canadian,North American,80.9460,884.3118,52.1258,40.6713,Canadian
145887,Canadian,Canadian,North American,162.9302,926.0890,2.7450,34.8366,Canadian
145888,Canadian,Canadian,North American,27.9195,120.7430,2.1480,0.6294,Canadian
145889,Canadian,Canadian,North American,194.6408,1628.6642,23.8368,92.3514,Canadian
145890,Canadian,Canadian,North American,386.3371,2581.1075,26.1079,105.7178,Canadian
145891,Canadian,Canadian,North American,345.0905,1615.9700,29.0363,16.5519,Canadian
145892,Canadian,Canadian,North American,161.9781,2184.2508,126.1002,115.0219,Canadian
145893,Canadian,Canadian,North American,20.8251,897.3298,26.8332,81.6622,Canadian
145894,Canadian,Canadian,North American,1069.3999,5207.6522,161.3801,32.1470,Canadian
145895,Canadian,Canadian,North American,116.7909,696.2125,24.2318,14.0600,Canadian
145896,Canadian,Canadian,North American,710.8086,3902.7290,35.5295,92.5289,Canadian
145897,Canadian,Canadian,North American,3.3870,20807.0990,1907.6215,1399.0875,Canadian
145898,Canadian,Canadian,North American,1607.4049,6317.6051,55.5136,13.8094,Canadian
145899,Canadian,Canadian,North American,199.3488,3004.7811,212.9548,142.7309,Canadian
145900,Canadian,Canadian,North American,36.8647,153.6800,0.9172,0.3914,Canadian
145901,Canadian,Canadian,North American,195.7659,1896.4100,44.1215,113.1045,Canadian
145902,Canadian,Canadian,North American,385.0895,5909.4100,70.3903,495.1256,Canadian
145903,Canadian,Canadian,North American,12.3992,308.2316,10.7035,24.5403,Canadian
145904,Canadian,Canadian,North American,540.0950,2307.4062,27.0574,16.6717,Canadian
145905,Canadian,Canadian,North American,3.3972,163.4550,29.2280,3.7560,Canadian
145906,Canadian,Canadian,North American,501.1946,5202.8243,98.5650,333.5410,Canadian
145907,Canadian,Canadian,North American,95.7895,1906.2813,116.1230,126.0308,Canadian
145908,Canadian,Canadian,North American,514.6924,3322.6410,64.1448,134.7357,Canadian
145909,Canadian,Canadian,North American,42.7646,479.7335,14.6331,29.1119,Canadian
145910,Canadian,Canadian,North American,10.0196,502.2500,24.1911,40.3288,Canadian
145911,Canadian,Canadian,North American,6.4331,3144.4472,379.0045,168.0358,Canadian
145912,Canadian,Canadian,North American,2.0374,10.2329,0.6393,0.2435,Canadian
145913,Canadian,Canadian,North American,16.2841,718.4780,100.8924,26.0899,Canadian
145914,Canadian,Canadian,North American,913.7516,5343.1257,205.8666,102.1402,Canadian
145915,Canadian,Canadian,North American,141.8609,854.8950,22.1547,25.7630,Canadian
145916,Canadian,Canadian,North American,38.8906,1216.2068,176.8074,36.9210,Canadian
145917,Canadian,Canadian,North American,5.9340,34.4880,2.4936,0.6142,Canadian
145918,Canadian,Canadian,North American,28.4696,3248.6553,12.3620,345.5825,Canadian
145919,Canadian,Canadian,North American,170.8018,2762.7840,53.5702,222.4038,Canadian
145920,Canadian,Canadian,North American,837.0379,3976.7180,29.1037,61.5018,Canadian
145921,Canadian,Canadian,North American,91.4747,457.9200,8.9090,8.9387,Canadian
145922,Canadian,Canadian,North American,143.2189,1335.3465,59.9877,61.4519,Canadian
145923,Canadian,Canadian,North American,407.8087,2076.6727,23.2237,38.4812,Canadian
145924,Canadian,Canadian,North American,162.1887,2344.4576,133.4495,129.0728,Canadian
145925,Canadian,Canadian,North American,193.9673,2271.0933,193.1936,76.8560,Canadian
145926,Canadian,Canadian,North American,48.5429,1595.5400,49.1704,134.4164,Canadian
145927,Canadian,Canadian,North American,12.8960,533.1600,0.8680,54.2480,Canadian
145928,Canadian,Canadian,North American,88.6759,4281.6142,109.2038,388.7467,Canadian
145929,Canadian,Canadian,North American,174.6177,3998.4729,158.3804,297.7552,Canadian
145930,Canadian,Canadian,North American,57.6151,1694.3420,56.7800,144.9680,Canadian
145931,Canadian,Canadian,North American,267.5196,1193.9210,22.4264,13.4134,Canadian
145932,Canadian,Canadian,North American,247.4661,3874.9942,44.4932,321.3704,Canadian
145933,Canadian,Canadian,North American,51.8154,745.4866,39.4940,42.7638,Canadian
145934,Canadian,Canadian,North American,9.6988,143.9100,3.4381,11.1640,Canadian
145935,Canadian,Canadian,North American,774.6079,4900.9660,40.9391,186.3898,Canadian
145936,Canadian,Canadian,North American,30.3928,276.9304,8.1415,16.2700,Canadian
145937,Canadian,Canadian,North American,154.1326,953.0320,56.2392,15.4275,Canadian
145938,Canadian,Canadian,North American,93.5792,596.9320,8.0174,25.7735,Canadian
145939,Canadian,Canadian,North American,66.0580,788.7291,17.0058,52.2606,Canadian
145940,Canadian,Canadian,North American,42.7768,162.6240,1.0086,0.3926,Canadian
145941,Canadian,Canadian,North American,32.8888,2303.8911,380.6619,66.6996,Canadian
145942,Canadian,Canadian,North American,341.8396,2303.8252,36.2384,90.4129,Canadian
145943,Canadian,Canadian,North American,198.3354,1267.0200,18.8410,47.7604,Canadian
145944,Canadian,Canadian,North American,46.4385,703.5452,17.7575,50.3782,Canadian
145945,Canadian,Canadian,North American,484.0453,1910.6289,3.2743,6.5311,Canadian
145946,Canadian,Canadian,North American,112.4494,617.4500,20.1653,11.2833,Canadian
145947,Canadian,Canadian,North American,60.8209,736.8950,0.6345,56.7525,Canadian
145948,Canadian,Canadian,North American,867.3929,5885.2583,59.2363,246.5656,Canadian
145949,Canadian,Canadian,North American,2.5106,112.9780,0.8304,11.5121,Canadian
145950,Canadian,Canadian,North American,0.3949,7175.5104,1586.7083,44.8271,Canadian
145951,Canadian,Canadian,North American,0.7354,2.8865,0.1195,0.0375,Canadian
145952,Canadian,Canadian,North American,55.4747,408.9955,13.3853,15.0213,Canadian
145953,Canadian,Canadian,North American,122.3105,562.6964,30.8064,3.3204,Canadian
145954,Canadian,Canadian,North American,0.7065,4.2000,0.2997,0.0693,Canadian
145955,Canadian,Canadian,North American,134.5672,1329.6768,33.9883,76.4832,Canadian
145956,Canadian,Canadian,North American,25.6654,1312.4767,71.0705,103.9402,Canadian
145957,Canadian,Canadian,North American,370.6308,2084.8879,35.8165,59.0931,Canadian
145958,Canadian,Canadian,North American,68.8273,717.9550,11.0499,46.7790,Canadian
145959,Canadian,Canadian,North American,33.7906,1028.4339,117.8808,50.2122,Canadian
145960,Canadian,Canadian,North American,50.4865,570.4020,19.3611,33.2552,Canadian
145961,Canadian,Canadian,North American,135.1633,1051.6587,47.7830,33.5270,Canadian
145962,Canadian,Canadian,North American,320.8076,2274.0041,137.2691,44.0146,Canadian
145963,Canadian,Canadian,North American,30.9754,649.9948,12.1805,57.7343,Canadian
145964,Canadian,Canadian,North American,36.5126,178.5098,10.5646,2.4081,Canadian
145965,Canadian,Canadian,North American,144.3681,1330.4875,31.2861,81.1207,Canadian
145966,Canadian,Canadian,North American,59.0407,1527.8328,24.5994,142.5233,Canadian
145967,Canadian,Canadian,North American,53.1131,621.9949,17.5206,39.4365,Canadian
145968,Canadian,Canadian,North American,128.8206,573.2200,13.5896,1.9524,Canadian
145969,Canadian,Canadian,North American,49.2462,1464.8250,16.5605,144.3030,Canadian
145970,Canadian,Canadian,North American,895.8703,4160.2693,14.5802,74.6345,Canadian
145971,Canadian,Canadian,North American,61.0291,833.5250,19.1685,58.8588,Canadian
145972,Canadian,Canadian,North American,162.4095,1130.5300,29.6340,40.8533,Canadian
145973,Canadian,Canadian,North American,108.0452,2986.4978,48.8115,281.0874,Canadian
145974,Canadian,Canadian,North American,151.9197,2101.3050,10.7910,163.6683,Canadian
145975,Canadian,Canadian,North American,205.3668,1897.6500,82.3671,91.4092,Canadian
145976,Canadian,Canadian,North American,412.3352,1788.6038,5.5320,14.4512,Canadian
145977,Canadian,Canadian,North American,197.7684,764.3349,7.4400,3.3326,Canadian
145978,Canadian,Canadian,North American,58.9068,233.7600,3.6300,0.7577,Canadian
145979,Canadian,Canadian,North American,40.9932,210.6950,9.8441,8.4467,Canadian
145980,Canadian,Canadian,North American,23.2724,1269.9431,132.3875,70.9741,Canadian
145981,Canadian,Canadian,North American,870.6647,5697.9170,51.7754,229.5795,Canadian
145982,Canadian,Canadian,North American,52.9377,1214.8330,57.0530,92.3946,Canadian
145983,Canadian,Canadian,North American,117.3488,488.1800,4.6315,1.3195,Canadian
145984,Canadian,Canadian,North American,473.9667,4114.9416,84.6944,232.3270,Canadian
145985,Canadian,Canadian,North American,215.6625,1924.7350,32.8305,103.5199,Canadian
145986,Canadian,Canadian,North American,408.6334,2349.4560,19.9140,75.2732,Canadian
145987,Canadian,Canadian,North American,1.5153,29.1404,0.9148,2.4066,Canadian
145988,Canadian,Canadian,North American,63.9337,40170.6732,142.7107,4450.0664,Canadian
145989,Canadian,Canadian,North American,36.1314,148.3200,2.5712,1.2879,Canadian
145990,Canadian,Canadian,North American,61.1975,458.7782,2.8657,22.2712,Canadian
145991,Canadian,Canadian,North American,205.9148,2168.0225,89.5536,151.4526,Canadian
145992,Canadian,Canadian,North American,382.1794,16805.5345,612.5109,1413.7587,Canadian
145993,Canadian,Canadian,North American,1168.7122,6673.0273,76.6375,207.3696,Canadian
145994,Canadian,Canadian,North American,28.5270,323.6353,13.9152,17.2104,Canadian
145995,Canadian,Canadian,North American,229.4096,1242.3588,36.7865,22.1643,Canadian
145996,Canadian,Canadian,North American,611.0809,4534.4389,39.9498,218.2974,Canadian
145997,Canadian,Canadian,North American,393.1876,2004.4271,111.6407,7.0021,Canadian
145998,Canadian,Canadian,North American,23.1797,604.2366,8.5854,56.1212,Canadian
145999,Canadian,Canadian,North American,101.5432,476.8570,21.4104,3.5157,Canadian
146000,Canadian,Canadian,North American,328.0183,2152.3774,40.1203,88.3831,Canadian
146001,Canadian,Canadian,North American,8.9132,423.4311,5.6349,42.5217,Canadian
146002,Canadian,Canadian,North American,64.2310,1374.7885,43.1486,115.2677,Canadian
146003,Canadian,Canadian,North American,106.5950,1076.9507,14.9580,71.5760,Canadian
146004,Canadian,Canadian,North American,54.7165,232.2300,5.1992,0.5684,Canadian
146005,Canadian,Canadian,North American,50.2392,321.4848,10.7009,8.2315,Canadian
146006,Canadian,Canadian,North American,264.4520,5680.9460,182.2380,419.8737,Canadian
146007,Canadian,Canadian,North American,50.8739,2768.6289,226.9061,188.8529,Canadian
146008,Canadian,Canadian,North American,28.0523,285.6900,4.4238,18.6056,Canadian
146009,Canadian,Canadian,North American,299.9079,1664.1100,100.8551,11.1224,Canadian
146010,Canadian,Canadian,North American,44.4136,1380.7400,77.8992,102.7790,Canadian
146011,Canadian,Canadian,North American,19.8198,674.4837,1.8655,67.8154,Canadian
146012,Canadian,Canadian,North American,1.0230,710.6400,117.8760,23.1024,Canadian
146013,Canadian,Canadian,North American,62.2415,349.4180,2.5922,11.4145,Canadian
146014,Canadian,Canadian,North American,82.3201,2200.9358,31.6089,199.6329,Canadian
146015,Canadian,Canadian,North American,48.6755,559.1518,36.9414,24.0991,Canadian
146016,Canadian,Canadian,North American,158.0334,1337.9300,47.6030,60.2686,Canadian
146017,Canadian,Canadian,North American,28.1247,29509.0324,26.6579,3315.7134,Canadian
146018,Canadian,Canadian,North American,114.4041,1635.0855,213.4095,33.0009,Canadian
146019,Canadian,Canadian,North American,164.4500,1253.5210,19.9342,61.5348,Canadian
146020,Canadian,Canadian,North American,149.0980,1891.8234,7.6897,144.7772,Canadian
146021,Canadian,Canadian,North American,266.1510,1653.8005,11.8666,63.7936,Canadian
146022,Canadian,Canadian,North American,198.5863,1378.7817,41.5113,51.9137,Canadian
146023,Canadian,Canadian,North American,37.4234,919.6680,16.1820,86.0160,Canadian
146024,Canadian,Canadian,North American,369.4438,5316.9275,525.2873,199.3373,Canadian
146025,Canadian,Canadian,North American,472.3213,2272.3125,85.7123,16.5830,Canadian
146026,Canadian,Canadian,North American,47.6452,2067.9715,294.6128,76.0874,Canadian
146027,Canadian,Canadian,North American,121.8187,1534.9506,45.4630,100.4432,Canadian
146028,Canadian,Canadian,North American,10.4060,60.2989,4.5706,0.6292,Canadian
146029,Canadian,Canadian,North American,23.1958,318.5650,29.2002,11.6850,Canadian
146030,Canadian,Canadian,North American,2.3792,20.3917,0.7443,0.2006,Canadian
146031,Canadian,Canadian,North American,468.5082,3002.0919,76.7940,110.7437,Canadian
146032,Canadian,Canadian,North American,64.4917,1788.6726,119.8158,119.7192,Canadian
146033,Canadian,Canadian,North American,138.4628,1816.7200,84.2444,104.4896,Canadian
146034,Canadian,Canadian,North American,107.5106,1468.4311,36.3141,105.6733,Canadian
146035,Canadian,Canadian,North American,29.9697,639.4450,10.5645,57.5487,Canadian
146036,Canadian,Canadian,North American,13.2960,552.0000,5.4960,57.2160,Canadian
146037,Canadian,Canadian,North American,19.0570,198.9808,8.4411,10.4973,Canadian
146038,Canadian,Canadian,North American,867.8378,3403.1287,1.2893,0.2664,Canadian
146039,Canadian,Canadian,North American,245.9783,1223.7450,16.9266,27.2759,Canadian
146040,Canadian,Canadian,North American,77.3632,642.5905,12.1515,34.2315,Canadian
146041,Canadian,Canadian,North American,279.4987,2319.2150,54.2516,109.5664,Canadian
146042,Canadian,Canadian,North American,27.6406,625.5420,13.2764,55.4998,Canadian
146043,Canadian,Canadian,North American,125.7909,1449.6335,132.2391,51.7417,Canadian
146044,Canadian,Canadian,North American,271.9734,1534.3080,33.6450,36.9336,Canadian
146045,Canadian,Canadian,North American,842.6611,3197.1310,12.1030,7.8481,Canadian
146046,Canadian,Canadian,North American,354.5461,1488.0400,23.4015,9.6783,Canadian
146047,Canadian,Canadian,North American,32.7784,1001.7895,140.9773,28.5205,Canadian
146048,Canadian,Canadian,North American,3.2507,372.6800,0.6308,40.5588,Canadian
146049,Canadian,Canadian,North American,25.3638,99.0670,1.1009,0.3333,Canadian
146050,Canadian,Canadian,North American,12586.9373,167634.9940,1532.3706,12855.2941,Canadian
146051,Canadian,Canadian,North American,121.9903,1445.6002,46.1594,92.4944,Canadian
146052,Canadian,Canadian,North American,39.9689,717.0150,34.7706,51.7593,Canadian
146053,Canadian,Canadian,North American,195.4150,2193.7160,149.8946,93.3600,Canadian
146054,Canadian,Canadian,North American,85.2800,741.2385,27.6252,32.7966,Canadian
146055,Canadian,Canadian,North American,43.7133,1543.4956,220.5363,55.2452,Canadian
146056,Canadian,Canadian,North American,271.5470,1407.5902,26.8948,24.1165,Canadian
146057,Canadian,Canadian,North American,180.2657,1675.4838,138.4169,43.7229,Canadian
146058,Canadian,Canadian,North American,26.0643,192.9000,18.0432,2.4567,Canadian
146059,Canadian,Canadian,North American,19.2380,256.7000,19.7232,12.6624,Canadian
146060,Canadian,Canadian,North American,89.1339,1325.5214,75.8537,74.1739,Canadian
146061,Canadian,Canadian,North American,0.0410,964.6992,0.0192,109.0062,Canadian
146062,Canadian,Canadian,North American,59.2639,3018.9898,11.8776,305.9969,Canadian
146063,Canadian,Canadian,North American,76.5993,1029.9350,116.6759,28.1048,Canadian
146064,Canadian,Canadian,North American,123.7913,929.5050,29.8875,39.3103,Canadian
146065,Canadian,Canadian,North American,419.8599,2218.8875,74.8188,25.4060,Canadian
146066,Canadian,Canadian,North American,92.1480,2278.3585,76.5886,178.5441,Canadian
146067,Canadian,Canadian,North American,347.2800,1778.1877,49.5564,23.4089,Canadian
146068,Canadian,Canadian,North American,201.4371,1888.6460,41.2549,108.6759,Canadian
146069,Canadian,Canadian,North American,145.4037,1197.7362,28.0759,62.4435,Canadian
146070,Canadian,Canadian,North American,425.9857,2482.8435,35.4027,78.5722,Canadian
146071,Canadian,Canadian,North American,38.2396,1282.1960,42.7069,109.0225,Canadian
146072,Canadian,Canadian,North American,402.0847,2862.6935,63.7736,111.7295,Canadian
146073,Canadian,Canadian,North American,265.1421,1469.1243,64.8760,18.7399,Canadian
146074,Canadian,Canadian,North American,68.7186,1456.3816,209.7885,33.9707,Canadian
146075,Canadian,Canadian,North American,122.7792,1750.9800,11.1606,140.6933,Canadian
146076,Canadian,Canadian,North American,401.8020,1848.7560,39.5992,14.4772,Canadian
146077,Canadian,Canadian,North American,535.0223,3246.6731,87.8536,81.6065,Canadian
146078,Canadian,Canadian,North American,139.3316,848.7684,26.5553,19.2964,Canadian
146079,Canadian,Canadian,North American,316.4064,1363.3725,20.0200,10.4955,Canadian
146080,Canadian,Canadian,North American,265.7144,1980.7023,12.1556,111.2536,Canadian
146081,Canadian,Canadian,North American,15.2557,63.9253,0.1790,0.0175,Canadian
146082,Canadian,Canadian,North American,4.5178,439.1400,1.3093,46.4875,Canadian
146083,Canadian,Canadian,North American,4.9812,1025.2200,84.4032,63.9072,Canadian
146084,Canadian,Canadian,North American,19.8011,88.6925,0.4271,0.0300,Canadian
146085,Canadian,Canadian,North American,303.8340,1985.4700,25.1200,73.5200,Canadian
146086,Canadian,Canadian,North American,74.3808,433.3265,5.0475,14.8315,Canadian
146087,Canadian,Canadian,North American,31.2255,408.6136,12.6554,28.9810,Canadian
146088,Canadian,Canadian,North American,248.4596,3285.8910,272.1931,138.4477,Canadian
146089,Canadian,Canadian,North American,304.5014,1333.0600,9.4166,16.2240,Canadian
146090,Canadian,Canadian,North American,30.4586,590.5732,6.4840,51.5513,Canadian
146091,Canadian,Canadian,North American,23.4837,543.1400,5.2678,48.9927,Canadian
146092,Canadian,Canadian,North American,169.2315,1091.7250,27.1580,36.0294,Canadian
146093,Canadian,Canadian,North American,17.3639,1695.9433,361.3828,9.8317,Canadian
146094,Canadian,Canadian,North American,0.0000,120.9070,1.4025,0.0354,Canadian
146095,Canadian,Canadian,North American,243.3558,1364.5235,5.4372,43.7192,Canadian
146096,Canadian,Canadian,North American,109.8377,488.0718,14.5507,3.0349,Canadian
146097,Canadian,Canadian,North American,34.2315,566.8552,25.4136,40.0506,Canadian
146098,Canadian,Canadian,North American,76.5091,1354.5016,121.1439,70.6036,Canadian
146099,Canadian,Canadian,North American,158.3424,1202.3275,36.5236,54.5209,Canadian
146100,Canadian,Canadian,North American,8.1234,40.0544,0.6016,0.1285,Canadian
146101,Canadian,Canadian,North American,78.1601,449.5115,14.7733,8.6226,Canadian
146102,Canadian,Canadian,North American,0.3600,71.5000,6.2800,4.7550,Canadian
146103,Canadian,Canadian,North American,163.7652,1329.4659,41.8623,65.1625,Canadian
146104,Canadian,Canadian,North American,7.2508,1073.9515,3.9538,115.1585,Canadian
146105,Canadian,Canadian,North American,204.8700,800.9783,0.3574,0.1467,Canadian
146106,Canadian,Canadian,North American,368.8986,3199.2089,52.1675,173.8879,Canadian
146107,Canadian,Canadian,North American,7.5706,38.2332,1.8115,1.5512,Canadian
146108,Canadian,Canadian,North American,0.7812,5.3632,0.2404,0.2714,Canadian
146109,Canadian,Canadian,North American,54.4634,1380.4426,150.1553,59.5141,Canadian
146110,Canadian,Canadian,North American,60.8102,789.3321,17.6732,54.8127,Canadian
146111,Canadian,Canadian,North American,3.2035,31.1844,0.0850,0.0283,Canadian
146112,Canadian,Canadian,North American,14.4564,744.1312,41.2304,58.4649,Canadian
146113,Canadian,Canadian,North American,359.2755,2673.8201,78.5620,117.8601,Canadian
146114,Canadian,Canadian,North American,1.6445,37.4400,0.0078,0.0078,Canadian
146115,Canadian,Canadian,North American,27.6796,793.7989,17.2631,72.1880,Canadian
146116,Canadian,Canadian,North American,5.6855,125.4165,0.5820,11.6042,Canadian
146117,Canadian,Canadian,North American,1007.9800,4029.9000,0.0000,0.0000,Canadian
146118,Canadian,Canadian,North American,471.9557,2212.3745,35.3455,18.2724,Canadian
146119,Canadian,Canadian,North American,352.8940,2054.6486,22.6042,63.1113,Canadian
146120,Canadian,Canadian,North American,50.6768,712.9225,12.3495,55.0669,Canadian
146121,Canadian,Canadian,North American,9.3137,1009.0457,3.7529,108.1823,Canadian
146122,Canadian,Canadian,North American,0.1590,1.3800,0.1890,0.0384,Canadian
146123,Canadian,Canadian,North American,57.6335,1187.4140,66.4673,79.4164,Canadian
146124,Canadian,Canadian,North American,939.9562,3889.8630,12.8932,2.3855,Canadian
146125,Canadian,Canadian,North American,4.9495,42.4000,4.4455,0.6185,Canadian
146126,Canadian,Canadian,North American,974.1726,3901.0950,4.5792,3.7330,Canadian
146127,Canadian,Canadian,North American,83.1915,344.8638,6.9890,2.4011,Canadian
146128,Canadian,Canadian,North American,484.3712,3082.5900,66.0180,114.4680,Canadian
146129,Canadian,Canadian,North American,14.3875,542.0731,28.2992,43.7954,Canadian
146130,Canadian,Canadian,North American,59.0227,2287.5900,77.1382,193.3193,Canadian
146131,Canadian,Canadian,North American,341.4337,2002.8770,34.8734,67.4003,Canadian
146132,Canadian,Canadian,North American,101.1194,537.1295,12.5771,9.5783,Canadian
146133,Canadian,Canadian,North American,204.0123,1233.9485,25.1598,38.8385,Canadian
146134,Canadian,Canadian,North American,111.3577,1933.1626,26.1750,163.9091,Canadian
146135,Canadian,Canadian,North American,0.0000,201.7333,44.8800,1.1333,Canadian
146136,Canadian,Canadian,North American,228.4250,2207.6503,36.1562,127.6175,Canadian
146137,Canadian,Canadian,North American,132.3701,718.4347,10.7130,19.0490,Canadian
146138,Canadian,Canadian,North American,171.5936,1394.3500,51.2930,94.0450,Canadian
146139,Canadian,Canadian,North American,166.3521,2136.5747,77.2906,141.2954,Canadian
146140,Canadian,Canadian,North American,44.8724,1069.2516,108.0962,50.1598,Canadian
146141,Canadian,Canadian,North American,0.5793,3.2025,0.1678,0.1527,Canadian
146142,Canadian,Canadian,North American,126.2952,4646.4465,23.0511,452.8833,Canadian
146143,Canadian,Canadian,North American,387.2589,2183.9496,11.8454,68.4749,Canadian
146144,Canadian,Canadian,North American,0.0000,0.0000,0.0000,0.0000,Canadian
146145,Canadian,Canadian,North American,96.3231,1506.4272,77.5603,91.3609,Canadian
146146,Canadian,Canadian,North American,31.5433,1349.9250,71.1427,103.1288,Canadian
146147,Canadian,Canadian,North American,,,,,Canadian
146148,Canadian,Canadian,North American,20.7893,1063.9383,62.9631,81.9056,Canadian
146149,Canadian,Canadian,North American,4.1818,247.7944,8.4902,22.4933,Canadian
146150,Canadian,Canadian,North American,11.1545,58.4715,2.4915,0.7140,Canadian
146151,Canadian,Canadian,North American,0.0000,0.0000,0.0000,0.0000,Canadian
146152,Canadian,Canadian,North American,274.0580,1663.1733,24.5827,60.6160,Canadian
146153,Canadian,Canadian,North American,49.3651,1551.0424,135.1605,96.3689,Canadian
146154,Canadian,Canadian,North American,25.4864,111.2282,5.3390,0.8859,Canadian
146155,Canadian,Canadian,North American,202.3182,3353.6652,88.3283,249.7464,Canadian
146156,Canadian,Canadian,North American,23.5977,231.5737,3.8227,14.4110,Canadian
146157,Canadian,Canadian,North American,10.4471,95.6160,3.5017,4.9740,Canadian
146158,Canadian,Canadian,North American,302.3269,2951.0939,164.8476,124.7525,Canadian
146159,Canadian,Canadian,North American,1.2717,6.7532,0.4696,0.1490,Canadian
146160,Canadian,Canadian,North American,0.3123,5.4570,0.3582,0.0135,Canadian
146161,Canadian,Canadian,North American,301.3262,1522.5260,29.1905,31.8455,Canadian
146162,Canadian,Canadian,North American,161.8499,9712.8250,48.9981,989.3140,Canadian
146163,Canadian,Canadian,North American,19.2808,82.5870,2.2224,0.1950,Canadian
146164,Canadian,Canadian,North American,209.9436,3137.9079,104.8131,236.4906,Canadian
146165,Canadian,Canadian,North American,18.4686,694.2546,62.5371,42.2163,Canadian
146166,Canadian,Canadian,North American,61.6498,416.4439,6.8796,20.7949,Canadian
146167,Canadian,Canadian,North American,4.0601,258.7800,46.1161,5.2985,Canadian
146168,Canadian,Canadian,North American,531.1721,2981.5526,47.1821,75.0764,Canadian
146169,Canadian,Canadian,North American,3.7320,140.2983,18.4510,5.3247,Canadian
146170,Canadian,Canadian,North American,4.7577,151.8210,0.9044,13.8473,Canadian
146171,Canadian,Canadian,North American,739.5837,2983.0958,18.1853,5.4511,Canadian
146172,Canadian,Canadian,North American,3.6196,3324.0671,629.3712,70.7695,Canadian
146173,Canadian,Canadian,North American,120.9483,937.1968,55.2277,29.5550,Canadian
146174,Canadian,Canadian,North American,213.3384,1161.9830,18.3843,34.2128,Canadian
146175,Canadian,Canadian,North American,42.5640,2013.5920,63.3916,184.3860,Canadian
146176,Canadian,Canadian,North American,4.9808,88.8550,2.7249,7.2366,Canadian
146177,Canadian,Canadian,North American,443.9771,5081.8989,63.1768,341.5290,Canadian
146178,Canadian,Canadian,North American,7.9220,154.1333,17.1190,5.8083,Canadian
146179,Canadian,Canadian,North American,4.6636,785.7561,98.8221,39.2335,Canadian
146180,Canadian,Canadian,North American,66.5881,1398.8576,113.4173,79.1168,Canadian
146181,Canadian,Canadian,North American,27.9330,123.9665,3.6976,0.7916,Canadian
146182,Canadian,Canadian,North American,124.2881,5585.0947,292.1293,431.3350,Canadian
146183,Canadian,Canadian,North American,90.4246,2223.5200,325.2428,55.4338,Canadian
146184,Canadian,Canadian,North American,268.6643,1826.4976,46.2903,70.9230,Canadian
146185,Canadian,Canadian,North American,147.7284,7527.7243,531.5132,529.6835,Canadian
146186,Canadian,Canadian,North American,311.6288,1655.3808,27.7418,39.6696,Canadian
146187,Canadian,Canadian,North American,60.0678,1988.9224,164.7666,116.9818,Canadian
146188,Canadian,Canadian,North American,39.4846,468.0942,11.9440,0.4939,Canadian
146189,Canadian,Canadian,North American,513.2588,2870.1920,170.3658,22.2762,Canadian
146190,Canadian,Canadian,North American,68.1536,1212.4416,118.0360,52.5296,Canadian
146191,Canadian,Canadian,North American,90.6317,418.4225,18.8993,4.0782,Canadian
146192,Canadian,Canadian,North American,133.4117,829.2178,18.0954,27.2833,Canadian
146193,Canadian,Canadian,North American,84.4020,4195.4088,541.3412,172.6614,Canadian
146194,Canadian,Canadian,North American,379.4079,2535.0560,55.7000,94.8588,Canadian
146195,Canadian,Canadian,North American,0.0000,1560.3596,189.1482,83.9147,Canadian
146196,Canadian,Canadian,North American,149.5777,2126.9462,113.0609,127.0695,Canadian
146197,Canadian,Canadian,North American,184.3747,1537.2218,69.8115,80.9138,Canadian
146198,Canadian,Canadian,North American,251.9301,2295.0621,31.5459,132.2378,Canadian
146199,Canadian,Canadian,North American,109.2883,1191.4610,83.8295,52.3173,Canadian
146200,Canadian,Canadian,North American,114.7623,1590.3813,50.2456,107.8381,Canadian
146201,Canadian,Canadian,North American,360.9894,1862.4055,97.4493,8.2920,Canadian
146202,Canadian,Canadian,North American,228.2983,916.8640,1.5928,1.2012,Canadian
146203,Canadian,Canadian,North American,26.4197,1128.4848,142.1992,48.2198,Canadian
146204,Canadian,Canadian,North American,68.4852,429.7776,8.3176,14.2180,Canadian
146205,Canadian,Canadian,North American,364.4767,2184.8609,121.7580,33.4218,Canadian
146206,Canadian,Canadian,North American,8.4302,38.6440,1.5923,0.6841,Canadian
146207,Canadian,Canadian,North American,37.1107,364.6860,10.2169,20.3466,Canadian
146208,Canadian,Canadian,North American,119.8426,605.1700,35.1550,2.4392,Canadian
146209,Canadian,Canadian,North American,149.0961,1126.1162,38.2018,45.6706,Canadian
146210,Canadian,Canadian,North American,162.3925,1245.9359,11.4794,61.3466,Canadian
146211,Canadian,Canadian,North American,107.7619,2127.9752,30.2512,189.2461,Canadian
146212,Canadian,Canadian,North American,45.0117,464.9415,8.6995,30.2577,Canadian
146213,Canadian,Canadian,North American,273.6478,1926.6060,28.2504,86.8669,Canadian
146214,Canadian,Canadian,North American,4.7176,358.5272,27.2894,25.0317,Canadian
146215,Canadian,Canadian,North American,12.6470,194.0050,8.3529,14.3818,Canadian
146216,Canadian,Canadian,North American,1.9008,2314.9879,211.7627,156.3916,Canadian
146217,Canadian,Canadian,North American,1112.2590,5664.6699,172.6239,60.6456,Canadian
146218,Canadian,Canadian,North American,20.5078,966.7060,185.5973,13.9494,Canadian
146219,Canadian,Canadian,North American,26.9999,106.2520,2.1419,0.5561,Canadian
146220,Canadian,Canadian,North American,112.4067,1439.0725,24.4600,99.0873,Canadian
146221,Canadian,Canadian,North American,136.4317,2128.1141,127.4616,120.6737,Canadian
146222,Canadian,Canadian,North American,329.8636,3603.7022,95.8371,220.6791,Canadian
146223,Canadian,Canadian,North American,27.6454,588.6520,2.8656,54.5080,Canadian
146224,Canadian,Canadian,North American,125.1050,1761.2600,49.4208,129.2153,Canadian
146225,Canadian,Canadian,North American,166.8050,2255.5226,156.1660,105.2660,Canadian
146226,Canadian,Canadian,North American,357.7977,2258.7420,8.2640,92.4867,Canadian
146227,Canadian,Canadian,North American,144.4124,921.1605,3.9205,38.1553,Canadian
146228,Canadian,Canadian,North American,190.4854,4177.1904,79.0548,367.4285,Canadian
146229,Canadian,Canadian,North American,0.0545,807.2502,179.5538,4.5382,Canadian
146230,Canadian,Canadian,North American,17.4900,517.2000,11.9880,47.3460,Canadian
146231,Canadian,Canadian,North American,38.2292,533.8305,46.3855,22.0287,Canadian
146232,Canadian,Canadian,North American,149.9180,24924.7784,567.9276,2449.7329,Canadian
146233,Canadian,Canadian,North American,94.3498,857.0704,11.7006,54.6584,Canadian
146234,Canadian,Canadian,North American,2.0718,218.9700,19.0308,14.2800,Canadian
146235,Canadian,Canadian,North American,0.9930,144.4400,12.6537,9.5392,Canadian
146236,Canadian,Canadian,North American,54.9716,1171.4439,100.2365,60.4880,Canadian
146237,Canadian,Canadian,North American,96.2735,1234.2302,48.0128,74.6295,Canadian
146238,Canadian,Canadian,North American,15.4332,287.9800,3.7014,25.7867,Canadian
146239,Canadian,Canadian,North American,82.5273,480.6925,10.7590,15.2909,Canadian
146240,Canadian,Canadian,North American,21.0013,1099.8452,55.9476,88.9033,Canadian
146241,Canadian,Canadian,North American,431.4747,2719.3340,16.3260,112.5196,Canadian
146242,Canadian,Canadian,North American,242.2269,1876.2432,46.2848,90.1453,Canadian
146243,Canadian,Canadian,North American,181.8560,1396.0085,42.9950,57.4496,Canadian
146244,Canadian,Canadian,North American,143.3362,1176.9668,47.2437,46.2777,Canadian
146245,Canadian,Canadian,North American,28.2369,1063.5856,184.5944,23.9047,Canadian
146246,Canadian,Canadian,North American,9.2064,848.3064,102.3947,42.5728,Canadian
146247,Canadian,Canadian,North American,133.0868,511.9800,0.4778,0.3385,Canadian
146248,Canadian,Canadian,North American,22.8330,738.6000,8.2760,71.2970,Canadian
146249,Canadian,Canadian,North American,121.5312,519.8160,6.9440,1.9840,Canadian
146250,Canadian,Canadian,North American,291.1360,1716.9900,30.4220,61.0500,Canadian
146251,Canadian,Canadian,North American,174.1265,1355.6093,28.7228,66.6360,Canadian
146252,Canadian,Canadian,North American,24.0897,1746.2740,21.5122,174.5820,Canadian
146253,Canadian,Canadian,North American,6.2555,1226.7390,109.8007,82.0074,Canadian
146254,Canadian,Canadian,North American,166.5017,667.6817,0.0772,0.0324,Canadian
146255,Canadian,Canadian,North American,187.9610,1020.4025,17.2709,30.9879,Canadian
146256,Canadian,Canadian,North American,56.8786,231.7643,3.7084,1.5267,Canadian
146257,Canadian,Canadian,North American,163.3057,1956.1398,8.0419,144.8994,Canadian
146258,Canadian,Canadian,North American,7.0322,27.4575,0.4667,0.1404,Canadian
146259,Canadian,Canadian,North American,53.8055,227.8820,8.6499,0.6977,Canadian
146260,Canadian,Canadian,North American,550.5078,2732.9483,35.7711,50.3996,Canadian
146261,Canadian,Canadian,North American,,,,,Canadian
146262,Canadian,Canadian,North American,223.0154,1533.7616,33.6856,57.8413,Canadian
146263,Canadian,Canadian,North American,41.4582,180.2263,7.6867,1.5818,Canadian
146264,Canadian,Canadian,North American,12.3832,291.8400,20.2460,17.4888,Canadian
146265,Canadian,Canadian,North American,42.7541,199.9800,1.8049,2.8034,Canadian
146266,Canadian,Canadian,North American,346.7753,13891.4336,1552.6030,846.4024,Canadian
146267,Canadian,Canadian,North American,299.9438,1571.1581,41.3087,32.3287,Canadian
146268,Canadian,Canadian,North American,163.0872,1073.9040,33.5840,30.9086,Canadian
146269,Canadian,Canadian,North American,141.3579,1117.1660,21.6250,57.6715,Canadian
146270,Canadian,Canadian,North American,69.6902,412.1825,9.2861,10.7265,Canadian
146271,Canadian,Canadian,North American,6.8939,81.0351,12.0656,0.2955,Canadian
146272,Canadian,Canadian,North American,63.7691,1757.2560,3.3525,162.4264,Canadian
146273,Canadian,Canadian,North American,12.2854,1222.4630,85.5042,91.6902,Canadian
146274,Canadian,Canadian,North American,18.7385,323.0187,0.9530,27.7274,Canadian
146275,Canadian,Canadian,North American,95.3558,1546.9700,90.3419,93.9952,Canadian
146276,Canadian,Canadian,North American,906.7719,7177.2420,65.2269,367.9874,Canadian
146277,Canadian,Canadian,North American,14.4924,269.2327,12.6264,17.5047,Canadian
146278,Canadian,Canadian,North American,74.7859,1175.3915,20.9835,88.6087,Canadian
146279,Canadian,Canadian,North American,68.3277,12976.6948,1730.1678,590.3862,Canadian
146280,Canadian,Canadian,North American,20.2827,322.9291,13.0756,22.3906,Canadian
146281,Canadian,Canadian,North American,425.8229,3128.1225,48.7737,153.5053,Canadian
146282,Canadian,Canadian,North American,10.6363,622.7571,93.5371,20.4880,Canadian
146283,Canadian,Canadian,North American,90.4272,557.3630,12.2599,16.7862,Canadian
146284,Canadian,Canadian,North American,227.7704,1435.8199,28.3902,51.1511,Canadian
146285,Canadian,Canadian,North American,161.0823,2504.5100,54.3906,201.1949,Canadian
146286,Canadian,Canadian,North American,167.9566,1574.8062,39.8009,115.6173,Canadian
146287,Canadian,Canadian,North American,4.1992,979.8140,0.0000,109.0000,Canadian
146288,Canadian,Canadian,North American,32.6825,142.6822,5.0823,0.8161,Canadian
146289,Canadian,Canadian,North American,7.7702,516.6800,3.1999,54.3588,Canadian
146290,Canadian,Canadian,North American,312.9469,2166.2243,99.6363,65.5812,Canadian
146291,Canadian,Canadian,North American,33.4589,2648.2092,198.1002,191.4537,Canadian
146292,Canadian,Canadian,North American,6.8635,507.1478,93.3746,11.9686,Canadian
146293,Canadian,Canadian,North American,147.0406,1071.8560,22.1558,47.6425,Canadian
146294,Canadian,Canadian,North American,129.4956,794.5648,51.3592,9.6402,Canadian
146295,Canadian,Canadian,North American,21.3636,1264.2160,193.8170,42.9465,Canadian
146296,Canadian,Canadian,North American,151.7443,3189.1988,309.5131,153.7445,Canadian
146297,Canadian,Canadian,North American,102.5779,2137.0568,211.4363,99.6647,Canadian
146298,Canadian,Canadian,North American,88.5107,3276.4109,10.0912,324.0591,Canadian
146299,Canadian,Canadian,North American,82.5353,469.3770,13.7660,9.6228,Canadian
146300,Canadian,Canadian,North American,248.3673,1880.0363,34.5417,87.5949,Canadian
146301,Canadian,Canadian,North American,175.2515,1162.2338,55.6951,30.0278,Canadian
146302,Canadian,Canadian,North American,18.7236,218.7808,8.1366,14.7432,Canadian
146303,Canadian,Canadian,North American,495.4754,2672.1580,67.6738,45.2005,Canadian
146304,Canadian,Canadian,North American,31.4184,594.1252,21.5240,42.7313,Canadian
146305,Canadian,Canadian,North American,43.1562,167.0676,0.0558,0.0413,Canadian
146306,Canadian,Canadian,North American,20.3061,616.5400,18.5659,51.8128,Canadian
146307,Canadian,Canadian,North American,15.8772,74.6509,2.5444,2.3316,Canadian
146308,Canadian,Canadian,North American,648.3201,2656.4920,8.9653,13.1854,Canadian
146309,Canadian,Canadian,North American,2.1884,431.6720,0.9615,46.8340,Canadian
146310,Canadian,Canadian,North American,153.4500,1578.5000,44.6810,96.0045,Canadian
146311,Canadian,Canadian,North American,71.5993,2417.8513,114.1792,190.7127,Canadian
146312,Canadian,Canadian,North American,106.4625,418.5000,0.6240,0.5955,Canadian
146313,Canadian,Canadian,North American,105.9315,988.1680,13.6671,63.6872,Canadian
146314,Canadian,Canadian,North American,84.5360,621.4773,11.0752,25.3189,Canadian
146315,Canadian,Canadian,North American,13.9954,108.4090,5.2606,4.4077,Canadian
146316,Canadian,Canadian,North American,349.0468,1804.3300,30.7440,31.9152,Canadian
146317,Canadian,Canadian,North American,35.5419,344.2826,16.3261,19.7328,Canadian
146318,Canadian,Canadian,North American,37.3364,357.6800,17.0220,16.1076,Canadian
146319,Canadian,Canadian,North American,49.8571,807.1820,25.2150,61.5894,Canadian
146320,Canadian,Canadian,North American,48.0435,381.7116,14.4547,18.9462,Canadian
146321,Canadian,Canadian,North American,17.9402,550.0146,92.5087,10.1888,Canadian
146322,Canadian,Canadian,North American,63.4830,635.6832,5.8448,43.3992,Canadian
146323,Canadian,Canadian,North American,662.2128,2619.6876,40.0826,15.2320,Canadian
146324,Canadian,Canadian,North American,476.7243,3234.1630,59.5893,141.6665,Canadian
146325,Canadian,Canadian,North American,0.5297,21.9450,0.5161,1.9740,Canadian
146326,Canadian,Canadian,North American,91.8404,899.2200,41.5534,41.5242,Canadian
146327,Canadian,Canadian,North American,71.5130,587.5425,20.1969,29.3152,Canadian
146328,Canadian,Canadian,North American,263.8776,1324.0486,52.1702,19.1163,Canadian
146329,Canadian,Canadian,North American,68.3929,1157.1159,122.0927,45.5403,Canadian
146330,Canadian,Canadian,North American,114.1681,769.4745,5.6929,37.7985,Canadian
146331,Canadian,Canadian,North American,34.9970,313.7400,24.6323,8.2543,Canadian
146332,Canadian,Canadian,North American,132.5079,993.8812,14.1386,48.5030,Canadian
146333,Canadian,Canadian,North American,59.8436,622.9889,19.4180,39.7902,Canadian
146334,Canadian,Canadian,North American,55.4580,467.5500,1.9845,27.8662,Canadian
146335,Canadian,Canadian,North American,52.3616,805.7725,40.5618,48.9808,Canadian
146336,Canadian,Canadian,North American,77.3194,946.6311,93.1464,30.8552,Canadian
146337,Canadian,Canadian,North American,434.9677,5217.4909,202.9646,318.1573,Canadian
146338,Canadian,Canadian,North American,44578.2401,176351.6842,1082.7765,223.3848,Canadian
146339,Canadian,Canadian,North American,36.9985,423.0654,20.7894,23.0108,Canadian
146340,Canadian,Canadian,North American,28.7598,186.7550,3.7046,7.6439,Canadian
146341,Canadian,Canadian,North American,3.7610,16.0065,0.8107,0.1127,Canadian
146342,Canadian,Canadian,North American,53.5783,231.2035,4.3967,0.9725,Canadian
146343,Canadian,Canadian,North American,415.2370,2039.9500,62.8226,14.3197,Canadian
146344,Canadian,Canadian,North American,162.2518,7670.9752,296.5686,658.3945,Canadian
146345,Canadian,Canadian,North American,,,,,Canadian
146346,Canadian,Canadian,North American,21.5886,1205.0595,30.7468,114.7849,Canadian
146347,Canadian,Canadian,North American,175.4918,3163.3028,93.0145,239.6204,Canadian
146348,Canadian,Canadian,North American,32.7737,1440.4435,16.6646,140.6975,Canadian
146349,Canadian,Canadian,North American,57.6988,4427.5311,334.8418,310.4374,Canadian
146350,Canadian,Canadian,North American,26.5936,455.6200,30.2613,25.0101,Canadian
146351,Canadian,Canadian,North American,271.2846,1102.2323,5.9134,1.6551,Canadian
146352,Canadian,Canadian,North American,32.3433,1642.1595,185.7904,85.3830,Canadian
146353,Canadian,Canadian,North American,36.3204,398.1710,3.8330,28.7070,Canadian
146354,Canadian,Canadian,North American,10.9116,696.9676,90.5473,30.9521,Canadian
146355,Canadian,Canadian,North American,5.4559,80.1205,4.6709,5.0958,Canadian
146356,Canadian,Canadian,North American,145.4780,1590.5352,18.1212,106.5563,Canadian
146357,Canadian,Canadian,North American,284.4709,1491.0370,39.4787,49.4881,Canadian
146358,Canadian,Canadian,North American,74.8535,294.2375,0.9496,0.4786,Canadian
146359,Canadian,Canadian,North American,114.9969,1596.8313,176.3758,52.2949,Canadian
146360,Canadian,Canadian,North American,206.1260,1653.9749,29.4992,87.7437,Canadian
146361,Canadian,Canadian,North American,460.8405,3055.8880,9.1097,138.6265,Canadian
146362,Canadian,Canadian,North American,913.3396,3925.6807,45.1553,31.9486,Canadian
146363,Canadian,Canadian,North American,297.4809,1952.7323,130.6993,21.7606,Canadian
146364,Canadian,Canadian,North American,332.0316,1301.1900,3.4980,0.9540,Canadian
146365,Canadian,Canadian,North American,24.4545,1332.4825,10.2756,136.9519,Canadian
146366,Canadian,Canadian,North American,1006.4435,5604.1680,100.7686,145.7246,Canadian
146367,Canadian,Canadian,North American,34.7556,914.2605,7.2125,84.1757,Canadian
146368,Canadian,Canadian,North American,10.3732,663.7812,107.1328,22.1501,Canadian
146369,Canadian,Canadian,North American,254.4427,1533.0800,43.1199,24.2959,Canadian
146370,Canadian,Canadian,North American,198.1916,1441.6822,110.8036,25.4383,Canadian
146371,Canadian,Canadian,North American,150.8001,1350.7200,13.1515,87.3115,Canadian
146372,Canadian,Canadian,North American,431.5664,1910.1240,20.6334,13.9528,Canadian
146373,Canadian,Canadian,North American,38.8544,785.8932,41.0843,52.1209,Canadian
146374,Canadian,Canadian,North American,734.7125,3601.5123,112.7077,22.6185,Canadian
146375,Canadian,Canadian,North American,109.3230,3083.2182,80.8353,264.5653,Canadian
146376,Canadian,Canadian,North American,19.9340,827.5862,8.2399,85.7811,Canadian
146377,Canadian,Canadian,North American,2.6771,84.3100,6.9512,5.3657,Canadian
146378,Canadian,Canadian,North American,5.1107,235.2340,1.2396,23.7144,Canadian
146379,Canadian,Canadian,North American,266.9434,1084.5600,5.7009,2.0191,Canadian
146380,Canadian,Canadian,North American,20.3771,658.4883,103.0427,16.1288,Canadian
146381,Canadian,Canadian,North American,71.2288,499.0679,33.4510,12.5116,Canadian
146382,Canadian,Canadian,North American,864.2523,4150.3100,61.1065,40.1834,Canadian
146383,Canadian,Canadian,North American,250.4386,1045.4080,14.3140,3.7406,Canadian
146384,Canadian,Canadian,North American,190.9546,1257.4120,25.3855,47.4329,Canadian
146385,Canadian,Canadian,North American,35.1308,638.9275,3.5841,54.8470,Canadian
146386,Canadian,Canadian,North American,50.9113,1967.5471,197.7344,107.7170,Canadian
146387,Canadian,Canadian,North American,384.6024,5040.9662,94.8822,419.0323,Canadian
146388,Canadian,Canadian,North American,272.8130,1452.5930,41.5696,19.1187,Canadian
146389,Canadian,Canadian,North American,100.4590,906.6961,18.2179,54.9687,Canadian
146390,Canadian,Canadian,North American,30.6803,435.8895,14.4934,29.0160,Canadian
146391,Canadian,Canadian,North American,293.1820,3905.7966,234.8274,205.9215,Canadian
146392,Canadian,Canadian,North American,284.6066,2384.3093,34.2656,127.8391,Canadian
146393,Canadian,Canadian,North American,817.5787,3168.4005,15.2475,3.7624,Canadian
146394,Canadian,Canadian,North American,415.9378,1942.1390,17.2414,22.1163,Canadian
146395,Canadian,Canadian,North American,19.6248,372.6483,25.3385,21.9918,Canadian
146396,Canadian,Canadian,North American,28.3800,120.0000,6.0000,0.6000,Canadian
146397,Canadian,Canadian,North American,118.5292,766.3725,13.4551,29.4384,Canadian
146398,Canadian,Canadian,North American,370.7150,2560.0000,42.8760,115.2000,Canadian
146399,Canadian,Canadian,North American,81.1526,650.6443,43.3911,16.6078,Canadian
146400,Canadian,Canadian,North American,208.9504,2407.0053,34.4413,167.9080,Canadian
146401,Canadian,Canadian,North American,248.3462,1392.9806,71.1155,15.1895,Canadian
146402,Canadian,Canadian,North American,474.6940,3344.2000,111.7340,114.3440,Canadian
146403,Canadian,Canadian,North American,190.7870,2179.3362,32.9014,157.8946,Canadian
146404,Canadian,Canadian,North American,588.4562,2347.3225,10.9396,2.2329,Canadian
146405,Canadian,Canadian,North American,6.6256,300.9366,8.5448,26.5969,Canadian
146406,Canadian,Canadian,North American,0.0000,12.6083,2.8050,0.0708,Canadian
146407,Canadian,Canadian,North American,182.8379,898.4650,34.7434,1.4908,Canadian
146408,Canadian,Canadian,North American,67.1090,1546.9030,51.4480,129.2560,Canadian
146409,Canadian,Canadian,North American,10.3536,114.3065,7.6806,4.9408,Canadian
146410,Canadian,Canadian,North American,579.4412,3543.1220,78.4694,104.8415,Canadian
146411,Canadian,Canadian,North American,436.4783,2353.1400,34.2650,60.5756,Canadian
146412,Canadian,Canadian,North American,1361.9993,15824.5783,2276.0820,140.3164,Canadian
146413,Canadian,Canadian,North American,99.8535,538.8590,12.4041,12.1143,Canadian
146414,Canadian,Canadian,North American,36.5839,685.9516,50.4507,36.5738,Canadian
146415,Canadian,Canadian,North American,340.4376,1408.5282,9.2355,9.0000,Canadian
146416,Canadian,Canadian,North American,6.7545,2628.2136,150.5081,217.4495,Canadian
146417,Canadian,Canadian,North American,1.4671,4.6777,0.0744,0.0510,Canadian
146418,Canadian,Canadian,North American,504.3376,3387.2607,50.9939,130.5223,Canadian
146419,Canadian,Canadian,North American,262.3809,1563.5340,67.8032,32.4805,Canadian
146420,Canadian,Canadian,North American,159.9357,985.7999,55.6261,18.4718,Canadian
146421,Canadian,Canadian,North American,57.8855,261.8939,12.3492,2.1735,Canadian
146422,Canadian,Canadian,North American,593.3539,10131.2818,567.5205,619.3233,Canadian
146423,Canadian,Canadian,North American,361.6996,1806.5456,91.8687,9.1321,Canadian
146424,Canadian,Canadian,North American,934.5218,3758.4600,11.0007,5.5344,Canadian
146425,Canadian,Canadian,North American,117.8696,767.7325,19.1241,30.9888,Canadian
146426,Canadian,Canadian,North American,11.6784,862.1784,142.0319,24.8686,Canadian
146427,Canadian,Canadian,North American,73.1080,520.0247,8.6591,26.4317,Canadian
146428,Canadian,Canadian,North American,104.6679,767.9829,32.8570,27.0895,Canadian
146429,Canadian,Canadian,North American,510.4490,3639.4620,74.2031,176.9627,Canadian
146430,Canadian,Canadian,North American,173.2748,13253.4964,962.7515,945.7628,Canadian
146431,Canadian,Canadian,North American,37.1223,583.8100,27.6974,36.5614,Canadian
146432,Canadian,Canadian,North American,86.3581,2197.9512,125.7169,152.0311,Canadian
146433,Canadian,Canadian,North American,12.7134,58.6275,2.3329,0.8874,Canadian
146434,Canadian,Canadian,North American,0.0000,963.5600,0.0000,109.0000,Canadian
146435,Canadian,Canadian,North American,81.1648,1585.0015,84.4679,104.1583,Canadian
146436,Canadian,Canadian,North American,20.0696,1233.1150,42.4997,108.9731,Canadian
146437,Canadian,Canadian,North American,163.0943,1351.5010,23.3517,74.2144,Canadian
146438,Canadian,Canadian,North American,4.2462,25.0112,1.3246,0.2487,Canadian
146439,Canadian,Canadian,North American,211.1760,819.0000,0.1260,0.1890,Canadian
146440,Canadian,Canadian,North American,351.7138,2055.1684,129.6814,19.0731,Canadian
146441,Canadian,Canadian,North American,31.4141,170.7100,6.7280,2.3418,Canadian
146442,Canadian,Canadian,North American,197.7443,2406.2330,88.0100,153.3175,Canadian
146443,Canadian,Canadian,North American,41.9087,3372.4198,388.2095,172.8813,Canadian
146444,Canadian,Canadian,North American,169.9909,1693.3160,47.9015,98.3679,Canadian
146445,Canadian,Canadian,North American,15.0165,497.9188,12.2956,45.4964,Canadian
146446,Canadian,Canadian,North American,72.0376,293.3782,5.3365,1.3268,Canadian
146447,Canadian,Canadian,North American,54.5088,227.7100,4.1408,0.7744,Canadian
146448,Canadian,Canadian,North American,89.8105,403.1006,15.0443,1.8887,Canadian
146449,Canadian,Canadian,North American,1.9954,982.0751,0.2553,110.3138,Canadian
146450,Canadian,Canadian,North American,36.6578,545.4051,14.0424,42.6140,Canadian
146451,Canadian,Canadian,North American,599.3920,2452.5300,13.6539,7.3627,Canadian
146452,Canadian,Canadian,North American,1375.4390,6930.5273,231.7800,57.1547,Canadian
146453,Canadian,Canadian,North American,99.4082,10493.6506,1492.5654,423.2588,Canadian
146454,Canadian,Canadian,North American,180.8166,936.0440,16.1179,19.4060,Canadian
146455,Canadian,Canadian,North American,137.5085,627.4200,1.4707,0.8941,Canadian
146456,Canadian,Canadian,North American,2.5675,11.5640,0.4844,0.1049,Canadian
146457,Canadian,Canadian,North American,23.6482,6942.2167,604.2214,486.6183,Canadian
146458,Canadian,Canadian,North American,357.8657,4666.6077,136.7271,323.8411,Canadian
146459,Canadian,Canadian,North American,232.2619,946.3590,6.0076,4.1396,Canadian
146460,Canadian,Canadian,North American,70.0941,750.5016,65.4322,22.4273,Canadian
146461,Canadian,Canadian,North American,47.6736,642.9381,101.2953,4.4085,Canadian
146462,Canadian,Canadian,North American,43.2750,3191.0253,154.9983,271.1047,Canadian
146463,Canadian,Canadian,North American,21.0471,1230.3955,163.7557,50.7591,Canadian
146464,Canadian,Canadian,North American,25.7769,1249.1736,101.1710,82.3023,Canadian
146465,Canadian,Canadian,North American,129.2110,945.5000,20.6600,43.1550,Canadian
146466,Canadian,Canadian,North American,19.9868,249.0750,17.4960,10.0238,Canadian
146467,Canadian,Canadian,North American,62.1840,286.3665,12.3401,4.5730,Canadian
146468,Canadian,Canadian,North American,87.4744,459.4408,8.1547,9.9645,Canadian
146469,Canadian,Canadian,North American,47.5059,348.0778,14.0497,11.7660,Canadian
146470,Canadian,Canadian,North American,203.0455,1980.3030,44.4523,110.0196,Canadian
146471,Canadian,Canadian,North American,10.9611,727.5413,23.5219,66.5065,Canadian
146472,Canadian,Canadian,North American,25.2540,80.5200,1.2810,0.8784,Canadian
146473,Canadian,Canadian,North American,1457.2704,5839.0200,5.2512,1.8560,Canadian
146474,Canadian,Canadian,North American,221.1539,1381.9055,39.2510,41.1642,Canadian
146475,Canadian,Canadian,North American,512.8624,2940.5340,60.6920,75.8875,Canadian
146476,Canadian,Canadian,North American,253.2108,2515.7100,18.8020,158.2372,Canadian
146477,Canadian,Canadian,North American,32.0267,1833.9151,194.8329,102.8391,Canadian
146478,Canadian,Canadian,North American,895.2817,8109.2120,17.2405,522.0185,Canadian
146479,Canadian,Canadian,North American,56.6574,577.3200,12.7596,35.6064,Canadian
146480,Canadian,Canadian,North American,577.6391,2754.9480,140.5753,5.2856,Canadian
146481,Canadian,Canadian,North American,67.1340,915.2116,93.9866,29.9843,Canadian
146482,Canadian,Canadian,North American,,,,,Canadian
146483,Canadian,Canadian,North American,115.2785,977.7658,14.5152,56.8383,Canadian
146484,Canadian,Canadian,North American,151.0785,2142.0017,10.4418,174.0610,Canadian
146485,Canadian,Canadian,North American,3.9285,204.8400,2.6715,20.7000,Canadian
146486,Canadian,Canadian,North American,232.5739,2057.8460,23.9365,124.1344,Canadian
146487,Canadian,Canadian,North American,18.4455,1398.7930,43.6813,130.0576,Canadian
146488,Canadian,Canadian,North American,244.1260,2232.9334,39.4721,130.0550,Canadian
146489,Canadian,Canadian,North American,774.4885,5477.7957,49.0570,242.5871,Canadian
146490,Canadian,Canadian,North American,874.6392,5220.0570,52.4785,177.5779,Canadian
146491,Canadian,Canadian,North American,64.6074,1301.6322,101.1617,73.4331,Canadian
146492,Canadian,Canadian,North American,104.8745,1111.3807,42.8040,57.7419,Canadian
146493,Canadian,Canadian,North American,32.9081,1331.3640,17.4209,129.4129,Canadian
146494,Canadian,Canadian,North American,1670.5353,6280.7820,8.0542,8.4891,Canadian
146495,Canadian,Canadian,North American,15.8368,67.5210,1.7231,0.1326,Canadian
146496,Canadian,Canadian,North American,106.5872,894.5179,0.1378,54.6302,Canadian
146497,Canadian,Canadian,North American,4.5007,1000.1740,51.1097,84.7645,Canadian
146498,Canadian,Canadian,North American,148.9060,1130.9940,49.1430,42.8916,Canadian
146499,Canadian,Canadian,North American,0.0000,0.0000,0.0000,0.0000,Canadian
146500,Canadian,Canadian,North American,159.8470,1619.8587,62.1813,83.6198,Canadian
146501,Canadian,Canadian,North American,69.9221,507.2819,21.1115,14.6711,Canadian
146502,Canadian,Canadian,North American,145.5042,635.8219,6.7622,8.2151,Canadian
146503,Canadian,Canadian,North American,25.4620,147.9198,8.7377,1.6805,Canadian
146504,Canadian,Canadian,North American,,,,,Canadian
146505,Canadian,Canadian,North American,60.5487,3034.7904,431.2960,120.3929,Canadian
146506,Canadian,Canadian,North American,234.5409,940.4963,12.6280,4.8151,Canadian
146507,Canadian,Canadian,North American,456.4944,2295.4800,22.5002,46.4796,Canadian
146508,Canadian,Canadian,North American,215.8736,869.0680,0.1253,0.1625,Canadian
146509,Canadian,Canadian,North American,111.7951,2641.7510,110.2329,206.1572,Canadian
146510,Canadian,Canadian,North American,342.4610,2192.9395,34.7085,82.6456,Canadian
146511,Canadian,Canadian,North American,314.4147,2000.9670,34.9896,66.2587,Canadian
146512,Canadian,Canadian,North American,269.9396,2986.5585,81.1673,186.1517,Canadian
146513,Canadian,Canadian,North American,0.0000,806.9352,179.5204,4.5333,Canadian
146514,Canadian,Canadian,North American,23.5158,390.6000,40.5946,15.3900,Canadian
146515,Canadian,Canadian,North American,140.8545,704.6220,30.4495,9.9128,Canadian
146516,Canadian,Canadian,North American,261.9873,1613.7090,27.9982,67.8231,Canadian
146517,Canadian,Canadian,North American,5.2927,229.4753,7.2441,20.1331,Canadian
146518,Canadian,Canadian,North American,440.7741,4041.4820,30.5827,263.8349,Canadian
146519,Canadian,Canadian,North American,72.2025,704.9920,17.7702,38.4402,Canadian
146520,Canadian,Canadian,North American,62.0416,6520.5940,493.4668,465.8682,Canadian
146521,Canadian,Canadian,North American,255.4492,1811.1285,26.3963,79.4351,Canadian
146522,Canadian,Canadian,North American,26.3094,1097.9763,155.6120,38.0006,Canadian
146523,Canadian,Canadian,North American,8.5723,633.1321,13.1305,61.6722,Canadian
146524,Canadian,Canadian,North American,156.7285,1209.9299,42.6903,46.2258,Canadian
146525,Canadian,Canadian,North American,1580.5903,7545.3193,218.1835,43.9757,Canadian
146526,Canadian,Canadian,North American,24.0556,241.9900,4.0930,15.6839,Canadian
146527,Canadian,Canadian,North American,2.3340,10.8000,0.5280,0.1200,Canadian
146528,Canadian,Canadian,North American,52.2000,412.7687,23.4950,8.3325,Canadian
146529,Canadian,Canadian,North American,4.0361,218.3714,7.6695,19.8062,Canadian
146530,Canadian,Canadian,North American,10398.1501,43000.7644,364.0986,125.3557,Canadian
146531,Canadian,Canadian,North American,176.6049,3851.0792,385.4903,170.9732,Canadian
146532,Canadian,Canadian,North American,627.6260,63146.8000,1422.1330,6117.4670,Canadian
146533,Canadian,Canadian,North American,57.0130,377.7069,11.0819,15.2292,Canadian
146534,Canadian,Canadian,North American,71.5237,1710.4410,13.6944,155.3345,Canadian
146535,Canadian,Canadian,North American,98.5212,401.6355,6.5543,2.5846,Canadian
146536,Canadian,Canadian,North American,83.8174,3048.4075,572.6458,33.6934,Canadian
146537,Canadian,Canadian,North American,289.7663,1235.0345,18.1942,12.8351,Canadian
146538,Canadian,Canadian,North American,133.2885,592.4740,20.6563,3.0785,Canadian
146539,Canadian,Canadian,North American,117.0570,540.7900,4.4170,8.1833,Canadian
146540,Canadian,Canadian,North American,67.2874,2685.9842,83.8297,252.2629,Canadian
146541,Canadian,Canadian,North American,18.2449,210.3183,5.3146,13.8198,Canadian
146542,Canadian,Canadian,North American,2.0000,18.5000,2.0000,0.2500,Canadian
146543,Canadian,Canadian,North American,15.0124,665.4576,97.7480,22.5039,Canadian
146544,Canadian,Canadian,North American,156.6107,1660.9698,120.0750,58.3883,Canadian
146545,Canadian,Canadian,North American,49.3144,564.5996,6.2050,39.4963,Canadian
146546,Canadian,Canadian,North American,49.0890,587.8007,60.0311,16.6453,Canadian
146547,Canadian,Canadian,North American,132.4928,3937.1192,434.3909,184.0630,Canadian
146548,Canadian,Canadian,North American,33.3445,1760.4054,364.1170,10.1294,Canadian
146549,Canadian,Canadian,North American,95.7174,1206.7572,29.2202,85.5479,Canadian
146550,Canadian,Canadian,North American,100.9884,1667.9778,43.7609,130.6415,Canadian
146551,Canadian,Canadian,North American,76.0486,1173.9600,54.2837,76.2184,Canadian
146552,Canadian,Canadian,North American,144.6506,922.4713,27.8798,33.2440,Canadian
146553,Canadian,Canadian,North American,32.6870,1663.4285,34.2012,158.0154,Canadian
146554,Canadian,Canadian,North American,639.3933,3472.0242,46.1203,91.8961,Canadian
146555,Canadian,Canadian,North American,53.9441,729.7295,63.5208,34.6920,Canadian
146556,Canadian,Canadian,North American,15.0978,205.1000,15.2397,10.0441,Canadian
146557,Canadian,Canadian,North American,22.8980,366.8400,23.0500,20.3250,Canadian
146558,Canadian,Canadian,North American,65.4600,670.5290,38.0455,30.5347,Canadian
146559,Canadian,Canadian,North American,22.2290,305.4625,44.3289,2.7397,Canadian
146560,Canadian,Canadian,North American,214.7764,2306.7143,44.0151,152.1946,Canadian
146561,Canadian,Canadian,North American,45.8786,666.2300,24.0575,43.9924,Canadian
146562,Canadian,Canadian,North American,69.5727,320.8000,7.1775,3.5150,Canadian
146563,Canadian,Canadian,North American,489.1783,4046.5580,119.7911,228.1127,Canadian
146564,Canadian,Canadian,North American,21.3895,1652.7200,10.1874,176.1755,Canadian
146565,Canadian,Canadian,North American,56.5217,1507.7440,37.4141,137.1809,Canadian
146566,Canadian,Canadian,North American,7.2657,631.3444,111.6939,17.0384,Canadian
146567,Canadian,Canadian,North American,73.2116,3903.8894,379.7405,222.7539,Canadian
146568,Canadian,Canadian,North American,41.4079,205.3425,8.0993,2.4571,Canadian
146569,Canadian,Canadian,North American,,,,,Canadian
146570,Canadian,Canadian,North American,130.2366,1525.8700,12.0104,115.4820,Canadian
146571,Canadian,Canadian,North American,133.0988,1421.2270,63.0075,82.2211,Canadian
146572,Canadian,Canadian,North American,450.0204,2856.7525,38.2384,95.6471,Canadian
146573,Canadian,Canadian,North American,338.5090,1891.1990,31.1872,45.5615,Canadian
146574,Canadian,Canadian,North American,46.6601,1770.5011,117.3309,125.4006,Canadian
146575,Canadian,Canadian,North American,137.3590,1165.8580,21.0747,62.3666,Canadian
146576,Canadian,Canadian,North American,219.3360,50035.8958,4.2120,3.1200,Canadian
146577,Canadian,Canadian,North American,3.3503,434.9600,37.9640,28.5843,Canadian
146578,Canadian,Canadian,North American,23.6326,813.0333,0.7693,81.8253,Canadian
146579,Canadian,Canadian,North American,895.2672,5279.2143,90.2630,162.9804,Canadian
146580,Canadian,Canadian,North American,52.4425,3067.2778,167.5857,243.4788,Canadian
146581,Canadian,Canadian,North American,112.3622,3418.9249,344.6136,175.5229,Canadian
146582,Canadian,Canadian,North American,490.1282,2904.8579,80.5089,99.8088,Canadian
146583,Canadian,Canadian,North American,41.2491,315.8219,9.6844,15.3870,Canadian
146584,Canadian,Canadian,North American,51.0152,762.4766,111.5718,11.4108,Canadian
146585,Canadian,Canadian,North American,50.4422,274.0250,18.5273,4.7381,Canadian
146586,Canadian,Canadian,North American,104.1236,600.7497,21.6426,10.6484,Canadian
146587,Canadian,Canadian,North American,42.1179,204.2820,7.9448,7.1405,Canadian
146588,Canadian,Canadian,North American,5.4587,272.1340,1.1510,28.0578,Canadian
146589,Canadian,Canadian,North American,12.0000,514.4676,101.7602,3.7667,Canadian
146590,Canadian,Canadian,North American,28.3180,1401.5886,180.1722,57.5533,Canadian
146591,Canadian,Canadian,North American,11.3429,302.0853,50.2944,5.3401,Canadian
146592,Canadian,Canadian,North American,53.1491,1111.5454,95.1215,56.7810,Canadian
146593,Canadian,Canadian,North American,161.0752,1618.7812,101.5592,67.6322,Canadian
146594,Canadian,Canadian,North American,24.3676,651.3150,6.6437,58.6534,Canadian
146595,Canadian,Canadian,North American,258.2753,1234.0450,16.1137,20.1674,Canadian
146596,Canadian,Canadian,North American,111.9496,1982.5560,53.1448,152.7775,Canadian
146597,Canadian,Canadian,North American,293.5187,2013.2855,53.4930,71.9495,Canadian
146598,Canadian,Canadian,North American,132.4751,694.1067,6.9956,20.0860,Canadian
146599,Canadian,Canadian,North American,726.8347,3527.3735,48.7325,44.1359,Canadian
146600,Canadian,Canadian,North American,70.7122,1022.8899,4.0380,84.4540,Canadian
146601,Canadian,Canadian,North American,40.0680,2344.2940,116.2237,190.0300,Canadian
146602,Canadian,Canadian,North American,10.3850,320.1595,8.6293,28.4062,Canadian
146603,Canadian,Canadian,North American,5.4105,154.9500,17.5794,6.7871,Canadian
146604,Canadian,Canadian,North American,53.9400,716.9415,30.4982,45.5971,Canadian
146605,Canadian,Canadian,North American,190.4453,765.4800,0.4960,0.6448,Canadian
146606,Canadian,Canadian,North American,70.5893,1875.4690,93.3101,141.4508,Canadian
146607,Canadian,Canadian,North American,171.3274,2907.3788,107.6288,197.6185,Canadian
146608,Canadian,Canadian,North American,334.0295,2694.6420,54.1964,142.5343,Canadian
146609,Canadian,Canadian,North American,12.3301,1456.4164,77.4649,122.6906,Canadian
146610,Canadian,Canadian,North American,60.6720,371.3656,20.9776,5.8878,Canadian
146611,Canadian,Canadian,North American,15.5151,584.6988,10.7572,56.3450,Canadian
146612,Canadian,Canadian,North American,24.6388,582.5693,3.4147,55.1001,Canadian
146613,Canadian,Canadian,North American,8.8251,40967.5020,1515.7320,3818.3104,Canadian
146614,Canadian,Canadian,North American,101.4307,478.5259,11.6105,5.4587,Canadian
146615,Canadian,Canadian,North American,684.5413,5141.4250,122.6325,223.0007,Canadian
146616,Canadian,Canadian,North American,113.1796,477.7333,3.1396,4.7128,Canadian
146617,Canadian,Canadian,North American,244.7971,1113.2355,15.3296,8.4274,Canadian
146618,Canadian,Canadian,North American,236.4106,1362.5257,23.2436,36.6104,Canadian
146619,Canadian,Canadian,North American,24.7962,1447.7228,108.4769,100.1901,Canadian
146620,Canadian,Canadian,North American,1479.7865,6779.3686,263.1612,46.4995,Canadian
146621,Canadian,Canadian,North American,247.8220,1943.0000,44.6180,95.9100,Canadian
146622,Canadian,Canadian,North American,29.7042,412.5330,0.5725,33.0858,Canadian
146623,Canadian,Canadian,North American,90.0940,741.5670,10.8096,41.5672,Canadian
146624,Canadian,Canadian,North American,291.2192,1675.3788,26.9654,52.9704,Canadian
146625,Canadian,Canadian,North American,2.0304,3067.4040,2.0304,345.1080,Canadian
146626,Canadian,Canadian,North American,48.9102,560.4960,24.3576,33.6186,Canadian
146627,Canadian,Canadian,North American,913.5401,4416.4498,50.9735,90.4321,Canadian
146628,Canadian,Canadian,North American,33.0546,706.7212,55.5014,39.4721,Canadian
146629,Canadian,Canadian,North American,269.8581,1503.5010,36.1160,41.2126,Canadian
146630,Canadian,Canadian,North American,8.9081,1752.9690,65.5755,159.5743,Canadian
146631,Canadian,Canadian,North American,167.8911,796.2865,14.9252,5.5887,Canadian
146632,Canadian,Canadian,North American,195.1832,1360.7175,44.3105,51.2047,Canadian
146633,Canadian,Canadian,North American,488.9651,3659.3760,106.5730,170.5177,Canadian
146634,Canadian,Canadian,North American,4.4085,88.8481,6.9058,4.8288,Canadian
146635,Canadian,Canadian,North American,24.1835,835.8487,80.2638,47.0755,Canadian
146636,Canadian,Canadian,North American,419.6402,3358.4568,353.8345,34.5573,Canadian
146637,Canadian,Canadian,North American,188.5561,2671.6572,101.8640,179.7070,Canadian
146638,Canadian,Canadian,North American,111.8007,1021.9364,19.1354,58.0069,Canadian
146639,Canadian,Canadian,North American,656.2649,4147.7040,39.1673,154.9607,Canadian
146640,Canadian,Canadian,North American,125.7008,551.2500,12.9812,1.2334,Canadian
146641,Canadian,Canadian,North American,178.6799,739.5180,18.0147,3.6096,Canadian
146642,Canadian,Canadian,North American,190.2544,1360.2227,86.1674,32.0985,Canadian
146643,Canadian,Canadian,North American,323.9780,3814.9750,33.0040,281.3958,Canadian
146644,Canadian,Canadian,North American,48.7902,245.1787,5.5619,4.4805,Canadian
146645,Canadian,Canadian,North American,,,,,Canadian
146646,Canadian,Canadian,North American,658.6669,3433.2680,83.0179,112.6473,Canadian
146647,Canadian,Canadian,North American,122.5415,1760.6940,32.5825,128.4965,Canadian
146648,Canadian,Canadian,North American,,,,,Canadian
146649,Canadian,Canadian,North American,10.7682,1270.7780,192.6499,45.9051,Canadian
146650,Canadian,Canadian,North American,124.4151,1157.4065,31.4589,60.6283,Canadian
146651,Canadian,Canadian,North American,152.7334,2704.5000,126.7009,216.4636,Canadian
146652,Canadian,Canadian,North American,13.8080,173.8600,5.9369,12.0918,Canadian
146653,Canadian,Canadian,North American,7.4602,372.3872,21.5659,28.7863,Canadian
146654,Canadian,Canadian,North American,33.1923,381.1165,5.4977,27.6426,Canadian
146655,Canadian,Canadian,North American,53.7606,230.2110,2.0484,1.4720,Canadian
146656,Canadian,Canadian,North American,88.7212,1514.1575,192.7649,42.3896,Canadian
146657,Canadian,Canadian,North American,93.9794,3410.7400,50.8750,336.5041,Canadian
146658,Canadian,Canadian,North American,193.5476,1313.8875,21.6021,57.7997,Canadian
146659,Canadian,Canadian,North American,23.3036,1722.8703,359.4681,9.0667,Canadian
146660,Canadian,Canadian,North American,278.6540,2204.0000,43.0080,115.2000,Canadian
146661,Canadian,Canadian,North American,121.7271,2430.3591,227.0814,122.8596,Canadian
146662,Canadian,Canadian,North American,14.8243,1684.8980,44.9268,162.0685,Canadian
146663,Canadian,Canadian,North American,57.9717,493.8300,7.2843,28.4967,Canadian
146664,Canadian,Canadian,North American,17.9632,3336.8485,407.2104,170.4166,Canadian
146665,Canadian,Canadian,North American,186.4441,1219.3313,35.2449,42.2366,Canadian
146666,Canadian,Canadian,North American,80.4652,1563.6959,227.2367,38.0120,Canadian
146667,Canadian,Canadian,North American,30.9756,656.7683,37.7264,42.5813,Canadian
146668,Canadian,Canadian,North American,718.5239,3278.0520,36.5258,35.4252,Canadian
146669,Canadian,Canadian,North American,1.6375,221.2808,13.6901,17.3759,Canadian
146670,Canadian,Canadian,North American,60.8464,2072.1479,185.6585,119.3998,Canadian
146671,Canadian,Canadian,North American,0.0000,0.0000,0.0000,0.0000,Canadian
146672,Canadian,Canadian,North American,771.7152,5137.8360,67.9349,207.0068,Canadian
146673,Canadian,Canadian,North American,262.6169,4307.7291,402.6379,170.3860,Canadian
146674,Canadian,Canadian,North American,158.2960,1131.2000,38.4300,39.8940,Canadian
146675,Canadian,Canadian,North American,838.4552,4167.0840,89.3539,58.9676,Canadian
146676,Canadian,Canadian,North American,72.9302,376.1480,0.4222,0.1407,Canadian
146677,Canadian,Canadian,North American,,,,,Canadian
146678,Canadian,Canadian,North American,16.6851,445.6480,5.3538,41.6000,Canadian
146679,Canadian,Canadian,North American,8.8268,1632.0040,116.8007,125.4862,Canadian
146680,Canadian,Canadian,North American,142.2456,583.1475,5.3675,2.4902,Canadian
146681,Canadian,Canadian,North American,45.0014,411.1990,14.0374,20.1153,Canadian
146682,Canadian,Canadian,North American,157.0150,2233.5570,68.5330,150.0839,Canadian
146683,Canadian,Canadian,North American,519.7102,4396.2400,67.4240,234.7212,Canadian
146684,Canadian,Canadian,North American,54.2696,1960.3432,77.1174,167.7319,Canadian
146685,Canadian,Canadian,North American,265.9150,4299.8098,279.6715,235.3968,Canadian
146686,Canadian,Canadian,North American,105.8115,865.5970,23.8159,43.6113,Canadian
146687,Canadian,Canadian,North American,235.3568,1496.8685,13.7054,59.5252,Canadian
146688,Canadian,Canadian,North American,59.2515,1586.4160,72.9805,123.5450,Canadian
146689,Canadian,Canadian,North American,47.3543,597.5967,30.7796,31.9396,Canadian
146690,Canadian,Canadian,North American,46.9389,849.8512,122.4380,20.4091,Canadian
146691,Canadian,Canadian,North American,26.4991,3099.5130,19.3622,330.8796,Canadian
146692,Canadian,Canadian,North American,0.5261,1022.9632,13.1761,109.2483,Canadian
146693,Canadian,Canadian,North American,735.3954,5669.9502,87.1723,296.1161,Canadian
146694,Canadian,Canadian,North American,184.9650,2425.5075,98.9421,151.1545,Canadian
146695,Canadian,Canadian,North American,39.4416,160.1825,0.5275,0.5845,Canadian
146696,Canadian,Canadian,North American,20.1955,920.2665,5.1935,92.2548,Canadian
146697,Canadian,Canadian,North American,17.7554,305.6868,16.7124,19.5695,Canadian
146698,Canadian,Canadian,North American,38.7356,268.4761,10.0362,10.7480,Canadian
146699,Canadian,Canadian,North American,7.8570,171.0000,5.3430,14.4000,Canadian
146700,Canadian,Canadian,North American,114.7762,777.2109,20.7375,28.9463,Canadian
146701,Canadian,Canadian,North American,34.4888,328.7900,28.2060,9.8991,Canadian
146702,Canadian,Canadian,North American,0.9604,476.1697,36.1087,35.3978,Canadian
146703,Canadian,Canadian,North American,16048.1075,75893.2350,2966.1921,556.0226,Canadian
146704,Canadian,Canadian,North American,54.1505,3696.3352,401.1402,200.6981,Canadian
146705,Canadian,Canadian,North American,4.2731,671.9585,73.6469,38.6893,Canadian
146706,Canadian,Canadian,North American,201.5960,805.9800,0.0000,0.0000,Canadian
146707,Canadian,Canadian,North American,526.8924,3800.5763,160.4762,167.2269,Canadian
146708,Canadian,Canadian,North American,51.0075,1601.4720,20.1310,148.4671,Canadian
146709,Canadian,Canadian,North American,169.2582,1126.8850,45.5809,20.6088,Canadian
146710,Canadian,Canadian,North American,481.8244,2687.8800,51.1346,67.2585,Canadian
146711,Canadian,Canadian,North American,503.9444,2394.7375,64.3472,12.5377,Canadian
146712,Canadian,Canadian,North American,671.3432,7321.4580,112.3647,480.5058,Canadian
146713,Canadian,Canadian,North American,85.9997,3132.2125,516.6103,65.3794,Canadian
146714,Canadian,Canadian,North American,40.6494,313.7812,18.8153,10.1010,Canadian
146715,Canadian,Canadian,North American,517.4197,5235.7320,53.3225,338.7755,Canadian
146716,Canadian,Canadian,North American,112.4505,1499.6076,113.3080,69.2805,Canadian
146717,Canadian,Canadian,North American,35.5301,702.9360,22.2939,57.7238,Canadian
146718,Canadian,Canadian,North American,80.1523,568.0465,13.8846,22.0468,Canadian
146719,Canadian,Canadian,North American,66.3828,991.7127,15.4190,78.2520,Canadian
146720,Canadian,Canadian,North American,0.0000,18.9125,4.2075,0.1062,Canadian
146721,Canadian,Canadian,North American,1067.0628,5216.2666,164.0023,32.3750,Canadian
146722,Canadian,Canadian,North American,38.8791,884.1082,35.5381,69.4335,Canadian
146723,Canadian,Canadian,North American,317.2071,1791.3238,15.9999,55.2943,Canadian
146724,Canadian,Canadian,North American,255.0805,1560.5092,46.2159,66.7545,Canadian
146725,Canadian,Canadian,North American,248.4358,1604.2055,27.9185,62.3575,Canadian
146726,Canadian,Canadian,North American,67.7936,381.4288,12.2950,6.0252,Canadian
146727,Canadian,Canadian,North American,141.2039,1691.0133,53.7025,103.7854,Canadian
146728,Canadian,Canadian,North American,96.7726,1732.2567,234.3413,49.4146,Canadian
146729,Canadian,Canadian,North American,72.2079,2420.4010,15.1762,238.9515,Canadian
146730,Canadian,Canadian,North American,426.5249,2389.2970,132.2764,26.5450,Canadian
146731,Canadian,Canadian,North American,26.5655,242.7550,5.4180,14.4366,Canadian
146732,Canadian,Canadian,North American,2.2875,94.5500,13.4810,3.1720,Canadian
146733,Canadian,Canadian,North American,237.3463,2465.7760,161.9042,112.1896,Canadian
146734,Canadian,Canadian,North American,57.4548,630.2690,23.9020,36.3285,Canadian
146735,Canadian,Canadian,North American,9.2811,2287.0046,143.2359,184.3131,Canadian
146736,Canadian,Canadian,North American,224.8556,1152.7080,10.6860,28.8000,Canadian
146737,Canadian,Canadian,North American,111.2809,1174.8815,23.0047,74.9529,Canadian
146738,Canadian,Canadian,North American,7.7547,33.2608,0.7866,0.4130,Canadian
146739,Canadian,Canadian,North American,10.8077,762.3266,22.6567,67.3560,Canadian
146740,Canadian,Canadian,North American,299.8440,1389.5940,39.6890,9.6836,Canadian
146741,Canadian,Canadian,North American,598.7593,2752.9942,38.3757,32.8861,Canadian
146742,Canadian,Canadian,North American,113.5069,1684.3520,69.1565,112.4226,Canadian
146743,Canadian,Canadian,North American,36.4278,757.6990,14.4680,63.1410,Canadian
146744,Canadian,Canadian,North American,19.9321,505.3800,15.0320,42.8914,Canadian
146745,Canadian,Canadian,North American,251.1179,1680.4060,43.7337,68.6179,Canadian
146746,Canadian,Canadian,North American,141.6372,2986.6865,541.1509,13.9877,Canadian
146747,Canadian,Canadian,North American,115.6260,1809.3400,78.3628,126.1506,Canadian
146748,Canadian,Canadian,North American,173.6633,1099.3700,18.0312,35.5595,Canadian
146749,Canadian,Canadian,North American,0.3226,325.3050,67.3678,1.7000,Canadian
146750,Canadian,Canadian,North American,0.7419,102.8500,12.0683,5.5017,Canadian
146751,Canadian,Canadian,North American,7.4488,102.8985,7.1717,5.0196,Canadian
146752,Canadian,Canadian,North American,114.9559,728.7500,14.7478,28.7977,Canadian
146753,Canadian,Canadian,North American,996.0010,5806.8570,65.3447,174.3182,Canadian
146754,Canadian,Canadian,North American,60.9279,437.6900,14.0589,20.3099,Canadian
146755,Canadian,Canadian,North American,55.3265,497.3360,45.7291,10.7557,Canadian
146756,Canadian,Canadian,North American,484.8088,3887.0000,51.1968,198.0584,Canadian
146757,Canadian,Canadian,North American,159.4499,1375.3006,76.7857,52.0506,Canadian
146758,Canadian,Canadian,North American,8.0553,272.2100,1.2515,27.1632,Canadian
146759,Canadian,Canadian,North American,0.0000,1210.4027,269.2806,6.8000,Canadian
146760,Canadian,Canadian,North American,56.6922,254.0117,13.4208,1.9198,Canadian
146761,Canadian,Canadian,North American,51.5515,229.9116,11.5539,0.7319,Canadian
146762,Canadian,Canadian,North American,166.0086,1144.8570,32.1063,47.9680,Canadian
146763,Canadian,Canadian,North American,368.2238,1865.4250,70.8050,15.1439,Canadian
146764,Canadian,Canadian,North American,1.2418,6.4860,0.3252,0.2965,Canadian
146765,Canadian,Canadian,North American,145.3940,3572.6066,251.1626,216.9845,Canadian
146766,Canadian,Canadian,North American,462.2440,2600.1940,59.1633,69.3193,Canadian
146767,Canadian,Canadian,North American,17.5030,118.0684,6.3090,2.5202,Canadian
146768,Canadian,Canadian,North American,201.7715,1433.5893,0.0025,72.6692,Canadian
146769,Canadian,Canadian,North American,191.6967,1160.9000,25.7753,39.4400,Canadian
146770,Canadian,Canadian,North American,371.0417,3833.4770,86.9802,236.4060,Canadian
146771,Canadian,Canadian,North American,5.0706,686.6228,90.9527,31.4239,Canadian
146772,Canadian,Canadian,North American,110.7503,1321.5950,38.8033,83.4850,Canadian
146773,Canadian,Canadian,North American,,,,,Canadian
146774,Canadian,Canadian,North American,391.1548,2779.6573,59.4078,115.0674,Canadian
146775,Canadian,Canadian,North American,201.2140,875.3415,22.7285,3.7509,Canadian
146776,Canadian,Canadian,North American,238.3570,10718.9547,2140.5652,67.5602,Canadian
146777,Canadian,Canadian,North American,11.2445,1294.9224,6.5489,137.3276,Canadian
146778,Canadian,Canadian,North American,32.6423,1481.6418,47.3442,129.2623,Canadian
146779,Canadian,Canadian,North American,14.1046,1720.1113,364.6727,13.3119,Canadian
146780,Canadian,Canadian,North American,56.0480,228.1600,0.4960,0.6448,Canadian
146781,Canadian,Canadian,North American,695.7911,6390.5562,49.8183,387.9654,Canadian
146782,Canadian,Canadian,North American,224.5980,2687.1695,233.5347,126.4165,Canadian
146783,Canadian,Canadian,North American,106.3164,574.5300,10.7091,15.3811,Canadian
146784,Canadian,Canadian,North American,51.3574,1196.8460,152.3941,37.3137,Canadian
146785,Canadian,Canadian,North American,88.5642,676.7812,16.0602,29.5652,Canadian
146786,Canadian,Canadian,North American,1.6116,515.4441,0.1606,57.6322,Canadian
146787,Canadian,Canadian,North American,100.1705,421.1010,10.7156,0.7117,Canadian
146788,Canadian,Canadian,North American,16.3513,3589.0643,355.5498,225.2778,Canadian
146789,Canadian,Canadian,North American,15.0207,57.5706,0.5413,0.1490,Canadian
146790,Canadian,Canadian,North American,158.3820,12352.8180,0.0945,1328.5417,Canadian
146791,Canadian,Canadian,North American,34.5534,838.0282,34.3361,67.2955,Canadian
146792,Canadian,Canadian,North American,42.1171,721.8782,8.3543,61.5556,Canadian
146793,Canadian,Canadian,North American,607.9652,2903.4000,61.8788,24.5066,Canadian
146794,Canadian,Canadian,North American,393.2439,4458.2004,71.9240,292.5499,Canadian
146795,Canadian,Canadian,North American,73.6533,8131.4719,440.9147,674.8092,Canadian
146796,Canadian,Canadian,North American,19.2172,1916.0804,356.3948,36.7563,Canadian
146797,Canadian,Canadian,North American,91.9633,1496.9470,55.0144,108.1014,Canadian
146798,Canadian,Canadian,North American,496.5213,3654.0226,86.1091,152.3517,Canadian
146799,Canadian,Canadian,North American,193.7651,3143.4080,117.9253,235.4906,Canadian
146800,Canadian,Canadian,North American,3.1120,14.4000,0.7040,0.1600,Canadian
146801,Canadian,Canadian,North American,5.5162,1244.9465,119.6067,79.8343,Canadian
146802,Canadian,Canadian,North American,6.3042,29.4822,1.5379,0.3506,Canadian
146803,Canadian,Canadian,North American,54.4789,266.2545,11.8494,0.9081,Canadian
146804,Canadian,Canadian,North American,40.1060,367.2759,9.2996,20.3188,Canadian
146805,Canadian,Canadian,North American,91.3331,1234.0954,21.3775,95.7716,Canadian
146806,Canadian,Canadian,North American,229.9303,1901.4760,41.4205,92.3275,Canadian
146807,Canadian,Canadian,North American,48.4697,839.1905,37.7702,57.1138,Canadian
146808,Canadian,Canadian,North American,413.3382,2685.6973,47.2475,103.9831,Canadian
146809,Canadian,Canadian,North American,465.3952,2516.5440,42.6093,49.5334,Canadian
146810,Canadian,Canadian,North American,156.3021,628.7600,0.0624,0.0120,Canadian
146811,Canadian,Canadian,North American,285.6830,2350.8900,30.6430,136.8550,Canadian
146812,Canadian,Canadian,North American,97.6042,3815.4715,134.8528,318.6184,Canadian
146813,Canadian,Canadian,North American,38.1246,3027.8993,367.9633,147.6098,Canadian
146814,Canadian,Canadian,North American,43.3428,236.9778,11.3668,5.9382,Canadian
146815,Canadian,Canadian,North American,337.8962,1681.6755,36.2804,20.0343,Canadian
146816,Canadian,Canadian,North American,590.1866,6365.9890,41.7020,437.7169,Canadian
146817,Canadian,Canadian,North American,73.4593,2739.2790,123.4232,217.2089,Canadian
146818,Canadian,Canadian,North American,13.6653,452.8560,16.0706,39.1268,Canadian
146819,Canadian,Canadian,North American,177.5621,1074.5450,59.1241,15.6047,Canadian
146820,Canadian,Canadian,North American,7.1538,400.7925,21.4872,32.0034,Canadian
146821,Canadian,Canadian,North American,1.6692,128.8531,0.7752,13.7379,Canadian
146822,Canadian,Canadian,North American,95.6824,830.5772,44.5741,37.1453,Canadian
146823,Canadian,Canadian,North American,2.1600,429.0000,37.6800,28.5300,Canadian
146824,Canadian,Canadian,North American,26.8748,834.3752,14.3825,78.9376,Canadian
146825,Canadian,Canadian,North American,46.0827,622.8820,47.0525,29.7367,Canadian
146826,Canadian,Canadian,North American,30.7239,1043.1299,90.9121,58.9634,Canadian
146827,Canadian,Canadian,North American,18.1396,451.2581,83.6619,3.5442,Canadian
146828,Canadian,Canadian,North American,41.8287,681.1678,115.6498,5.7272,Canadian
146829,Canadian,Canadian,North American,20.2555,498.2700,12.7475,43.6500,Canadian
146830,Canadian,Canadian,North American,161.9816,1659.4535,63.4950,106.2340,Canadian
146831,Canadian,Canadian,North American,51.5916,1431.4373,76.9886,108.5424,Canadian
146832,Canadian,Canadian,North American,223.2640,1404.5200,34.7243,41.6507,Canadian
146833,Canadian,Canadian,North American,318.8129,3574.2871,149.1183,190.2992,Canadian
146834,Canadian,Canadian,North American,4.7313,861.6876,38.7834,75.0920,Canadian
146835,Canadian,Canadian,North American,348.0693,1446.6425,0.5820,6.9479,Canadian
146836,Canadian,Canadian,North American,223.1280,2805.1867,46.2619,200.2649,Canadian
146837,Canadian,Canadian,North American,155.7609,2000.9760,29.6857,154.8001,Canadian
146838,Canadian,Canadian,North American,62.3275,386.1668,22.5762,5.0850,Canadian
146839,Canadian,Canadian,North American,48.6128,1903.6453,365.6944,18.2320,Canadian
146840,Canadian,Canadian,North American,237.0790,2178.1500,58.2328,125.0895,Canadian
146842,Canadian,Canadian,North American,12.5049,59.0288,3.5846,2.5056,Canadian
146843,Canadian,Canadian,North American,58.8608,1714.4472,136.2570,106.8867,Canadian
146844,Canadian,Canadian,North American,38.8268,641.5012,95.6678,9.4635,Canadian
146845,Canadian,Canadian,North American,216.5179,1478.3937,1.7966,72.9964,Canadian
146846,Canadian,Canadian,North American,3.2888,1239.5993,93.2578,93.3703,Canadian
146847,Canadian,Canadian,North American,1.8639,7.9216,0.2799,0.0194,Canadian
146848,Canadian,Canadian,North American,92.1932,714.4000,21.7600,33.5334,Canadian
146849,Canadian,Canadian,North American,138.7140,1650.1622,36.7380,111.4201,Canadian
146850,Canadian,Canadian,North American,681.6797,4046.5478,90.9534,133.3560,Canadian
146851,Canadian,Canadian,North American,242.2944,1784.3800,47.1926,76.6702,Canadian
146852,Canadian,Canadian,North American,74.9528,320.1800,7.3224,1.9288,Canadian
146853,Canadian,Canadian,North American,642.0175,4529.3317,35.6998,202.5797,Canadian
146854,Canadian,Canadian,North American,91.1877,1130.0518,108.7716,36.1953,Canadian
146855,Canadian,Canadian,North American,314.8285,3031.8937,29.9221,191.5440,Canadian
146856,Canadian,Canadian,North American,9.9837,862.3962,102.9089,43.1003,Canadian
146857,Canadian,Canadian,North American,55.7025,515.7562,2.4988,27.8117,Canadian
146858,Canadian,Canadian,North American,20.4653,839.6822,8.2424,85.7836,Canadian
146859,Canadian,Canadian,North American,15.7672,849.0060,69.6038,55.9640,Canadian
146860,Canadian,Canadian,North American,377.2008,2025.4390,48.4833,32.9665,Canadian
146861,Canadian,Canadian,North American,,,,,Canadian
146862,Canadian,Canadian,North American,177.9855,4344.9180,144.5010,353.9034,Canadian
146863,Canadian,Canadian,North American,113.6658,1637.2738,82.6686,96.2347,Canadian
146864,Canadian,Canadian,North American,57.0807,1245.3450,39.9292,95.7867,Canadian
146865,Canadian,Canadian,North American,15.5236,1155.6705,189.0798,32.3295,Canadian
146866,Canadian,Canadian,North American,6.8808,31.7850,2.2795,1.2987,Canadian
146867,Canadian,Canadian,North American,728.6238,5254.6180,74.0466,229.0662,Canadian
146868,Canadian,Canadian,North American,170.7271,1923.5980,10.7533,137.8013,Canadian
146869,Canadian,Canadian,North American,13.1670,50.6000,0.5060,0.1430,Canadian
146870,Canadian,Canadian,North American,49.2482,940.7464,97.9024,42.1698,Canadian
146871,Canadian,Canadian,North American,62.8379,253.9747,7.6776,0.9120,Canadian
146872,Canadian,Canadian,North American,451.1162,1991.8400,13.5570,22.3788,Canadian
146873,Canadian,Canadian,North American,12.4072,219.6490,2.0062,18.5317,Canadian
146874,Canadian,Canadian,North American,2.7998,277.8967,2.2285,29.5156,Canadian
146875,Canadian,Canadian,North American,,,,,Canadian
146876,Canadian,Canadian,North American,295.4087,2187.1590,36.9297,96.6801,Canadian
146877,Canadian,Canadian,North American,235.7862,1634.3550,34.1101,74.4029,Canadian
146878,Canadian,Canadian,North American,69.6510,1247.3800,107.5461,62.0375,Canadian
146879,Canadian,Canadian,North American,13.9971,154.2300,10.9125,6.8676,Canadian
146880,Canadian,Canadian,North American,53.3185,1290.7752,36.0865,107.0515,Canadian
146881,Canadian,Canadian,North American,202.8946,1667.6997,45.7171,79.3401,Canadian
146882,Canadian,Canadian,North American,304.6380,1732.9900,22.7080,43.2040,Canadian
146883,Canadian,Canadian,North American,726.8800,4555.0042,64.3078,153.7905,Canadian
146884,Canadian,Canadian,North American,87.0393,341.7850,0.3278,0.1226,Canadian
146885,Canadian,Canadian,North American,7.8335,154.4990,1.6721,14.0461,Canadian
146886,Canadian,Canadian,North American,89.9160,695.8780,30.7301,25.8484,Canadian
146887,Canadian,Canadian,North American,16.4891,909.8325,3.1015,93.2317,Canadian
146888,Canadian,Canadian,North American,75.3259,509.4800,18.6665,13.8556,Canadian
146889,Canadian,Canadian,North American,424.0172,3849.2027,140.7192,188.7862,Canadian
146890,Canadian,Canadian,North American,1673.0770,9085.9600,99.9440,253.1160,Canadian
146891,Canadian,Canadian,North American,27.1233,1116.0960,10.9945,114.4345,Canadian
146892,Canadian,Canadian,North American,1.2349,403.7958,6.0306,42.4125,Canadian
146893,Canadian,Canadian,North American,0.9489,185.0138,11.3048,0.3068,Canadian
146894,Canadian,Canadian,North American,7.6684,1749.4315,81.1970,152.1207,Canadian
146895,Canadian,Canadian,North American,24.7344,373.3990,11.1973,28.8444,Canadian
146896,Canadian,Canadian,North American,186.6133,1645.7460,50.5025,80.7206,Canadian
146897,Canadian,Canadian,North American,722.6300,3520.7382,109.0699,21.7958,Canadian
146898,Canadian,Canadian,North American,10.1793,75.4330,3.8735,2.6710,Canadian
146899,Canadian,Canadian,North American,9.0476,394.7984,63.5862,11.5505,Canadian
146900,Canadian,Canadian,North American,90.7870,951.1184,97.5753,28.6603,Canadian
146901,Canadian,Canadian,North American,242.9031,2993.3355,56.3771,210.9012,Canadian
146902,Canadian,Canadian,North American,21.7133,1066.9200,0.6248,108.0000,Canadian
146903,Canadian,Canadian,North American,159.1317,1147.2490,82.2800,22.3002,Canadian
146904,Canadian,Canadian,North American,234.1878,2150.4383,67.4386,114.0693,Canadian
146905,Canadian,Canadian,North American,88.8163,2040.6996,210.2733,91.0771,Canadian
146906,Canadian,Canadian,North American,488.2472,3851.3205,69.1517,184.0040,Canadian
146907,Canadian,Canadian,North American,213.2634,8698.6300,41.5468,874.6471,Canadian
146908,Canadian,Canadian,North American,0.0000,212.0580,1.4317,22.8218,Canadian
146909,Canadian,Canadian,North American,13.0890,862.8114,181.1653,4.8605,Canadian
146910,Canadian,Canadian,North American,43.5455,2268.5239,189.4451,144.9071,Canadian
146911,Canadian,Canadian,North American,356.9629,1555.6597,55.3340,19.1493,Canadian
146912,Canadian,Canadian,North American,360.7240,2138.7680,40.3136,62.1698,Canadian
146913,Canadian,Canadian,North American,10.3461,214.2820,29.2418,6.4815,Canadian
146914,Canadian,Canadian,North American,11.8470,846.3600,7.5210,89.2080,Canadian
146915,Canadian,Canadian,North American,610.7120,3517.3220,39.7347,107.0287,Canadian
146916,Canadian,Canadian,North American,24.0398,2804.4767,361.6654,128.9297,Canadian
146917,Canadian,Canadian,North American,105.0624,437.7600,9.1656,4.1040,Canadian
146918,Canadian,Canadian,North American,15.6702,1652.5278,193.7818,85.5870,Canadian
146919,Canadian,Canadian,North American,262.0532,4758.3843,43.2766,408.9969,Canadian
146920,Canadian,Canadian,North American,742.6511,4040.8041,160.8164,42.4521,Canadian
146921,Canadian,Canadian,North American,173.0880,1011.2600,37.9840,24.7550,Canadian
146922,Canadian,Canadian,North American,36.8631,171.1100,8.5409,0.9220,Canadian
146923,Canadian,Canadian,North American,14.4583,179.0270,0.4394,0.1275,Canadian
146924,Canadian,Canadian,North American,32.6198,2406.8598,427.5243,63.8037,Canadian
146925,Canadian,Canadian,North American,361.5743,2980.0930,73.8705,137.7763,Canadian
146926,Canadian,Canadian,North American,47.4889,970.6321,106.4944,40.1377,Canadian
146927,Canadian,Canadian,North American,0.3956,2.4684,0.0397,0.1243,Canadian
146928,Canadian,Canadian,North American,36.0733,1182.8395,20.8197,114.1692,Canadian
146929,Canadian,Canadian,North American,199.9341,1408.9567,3.6555,72.7513,Canadian
146930,Canadian,Canadian,North American,402.9036,3019.2933,21.9056,151.8598,Canadian
146931,Canadian,Canadian,North American,25.5535,2216.4800,33.9440,222.6096,Canadian
146932,Canadian,Canadian,North American,127.9570,5732.8716,136.0903,523.2311,Canadian
146933,Canadian,Canadian,North American,16.4179,210.4715,9.8199,10.1231,Canadian
146934,Canadian,Canadian,North American,37.8152,331.9400,15.7020,13.2298,Canadian
146935,Canadian,Canadian,North American,93.7419,1456.7390,58.4569,99.4824,Canadian
146936,Canadian,Canadian,North American,12.9043,50.8304,0.0306,0.1205,Canadian
146937,Canadian,Canadian,North American,82.7766,888.4848,35.0293,46.8857,Canadian
146938,Canadian,Canadian,North American,77.3844,336.6192,6.1702,1.2249,Canadian
146939,Canadian,Canadian,North American,1499.0278,6126.3340,32.2033,6.3894,Canadian
146940,Canadian,Canadian,North American,563.4003,3680.8088,238.2720,66.1057,Canadian
146941,Canadian,Canadian,North American,366.1335,2148.3960,27.2555,67.4003,Canadian
146942,Canadian,Canadian,North American,42.2756,3731.6703,383.8016,230.7303,Canadian
146943,Canadian,Canadian,North American,417.5250,1690.7400,5.9794,7.4640,Canadian
146944,Canadian,Canadian,North American,8.7474,564.6800,5.7645,57.2341,Canadian
146945,Canadian,Canadian,North American,88.3952,1511.5800,34.5391,121.1324,Canadian
146946,Canadian,Canadian,North American,61.8325,2255.5195,373.7263,50.2708,Canadian
146947,Canadian,Canadian,North American,55.3464,16600.6951,710.1749,1495.8418,Canadian
146948,Canadian,Canadian,North American,100.3518,715.5888,29.2981,23.2432,Canadian
146949,Canadian,Canadian,North American,244.9269,4012.5600,25.6386,343.6884,Canadian
146950,Canadian,Canadian,North American,108.1639,576.2600,35.4147,1.7792,Canadian
146951,Canadian,Canadian,North American,549.1020,3142.0000,36.0970,98.5530,Canadian
146952,Canadian,Canadian,North American,16.8920,2006.2779,106.7340,168.6239,Canadian
146953,Canadian,Canadian,North American,105.1643,704.3410,25.1540,19.0697,Canadian
146954,Canadian,Canadian,North American,39.6535,332.3689,8.2533,16.2501,Canadian
146955,Canadian,Canadian,North American,161.4181,1508.7750,47.2402,75.8144,Canadian
146956,Canadian,Canadian,North American,222.4893,1527.7703,50.1120,52.8499,Canadian
146957,Canadian,Canadian,North American,58.6995,707.5278,21.2262,47.0797,Canadian
146958,Canadian,Canadian,North American,2.6082,48.8813,8.5567,0.2408,Canadian
146959,Canadian,Canadian,North American,6.1291,691.8462,14.1136,67.4564,Canadian
146960,Canadian,Canadian,North American,3.0058,594.6604,5.7043,63.3866,Canadian
146961,Canadian,Canadian,North American,123.1150,1884.8967,204.0670,60.0027,Canadian
146962,Canadian,Canadian,North American,25.0032,1601.2963,30.9721,156.1097,Canadian
146963,Canadian,Canadian,North American,746.8238,4561.1726,37.4462,166.2818,Canadian
146964,Canadian,Canadian,North American,34.7796,257.6162,1.5946,13.7647,Canadian
146965,Canadian,Canadian,North American,531.0068,3472.5387,85.8150,127.6317,Canadian
146966,Canadian,Canadian,North American,330.7648,1758.9297,22.6655,55.8850,Canadian
146967,Canadian,Canadian,North American,439.5219,5177.4991,414.7004,195.4801,Canadian
146968,Canadian,Canadian,North American,21.1749,973.7250,20.9042,95.3640,Canadian
146969,Canadian,Canadian,North American,1419.7055,6111.4635,109.9303,28.3426,Canadian
146970,Canadian,Canadian,North American,0.0000,0.0000,0.0000,0.0000,Canadian
146971,Canadian,Canadian,North American,186.1871,3642.5550,69.8329,295.1319,Canadian
146972,Canadian,Canadian,North American,0.0000,117.2320,0.0000,13.6000,Canadian
146973,Canadian,Canadian,North American,293.9253,2058.3083,39.4721,93.9056,Canadian
146974,Canadian,Canadian,North American,66.6193,2123.2754,106.8219,161.7443,Canadian
146975,Canadian,Canadian,North American,617.9905,4282.3800,77.0216,182.3256,Canadian
146976,Canadian,Canadian,North American,84.4146,343.4892,0.7729,1.0085,Canadian
146977,Canadian,Canadian,North American,27.5958,1244.7734,135.8999,64.9426,Canadian
146978,Canadian,Canadian,North American,61.5390,543.6347,28.9992,21.9718,Canadian
146979,Canadian,Canadian,North American,170.0572,2530.0197,44.6959,195.7301,Canadian
146980,Canadian,Canadian,North American,239.8960,2009.0077,37.7036,106.0962,Canadian
146981,Canadian,Canadian,North American,2.7102,59.8031,7.3960,1.9958,Canadian
146982,Canadian,Canadian,North American,210.0088,1463.8083,17.3852,64.3155,Canadian
146983,Canadian,Canadian,North American,486.6421,2377.7966,28.5558,39.5741,Canadian
146984,Canadian,Canadian,North American,41.5155,203.2762,5.4536,1.4534,Canadian
146985,Canadian,Canadian,North American,80.5335,891.7717,49.6110,43.5697,Canadian
146986,Canadian,Canadian,North American,78.1601,1367.5115,17.8944,112.5439,Canadian
146987,Canadian,Canadian,North American,9.6842,47.8710,1.0852,0.3528,Canadian
146988,Canadian,Canadian,North American,12.4258,56.2099,2.4058,0.4868,Canadian
146989,Canadian,Canadian,North American,33.9546,254.9420,7.2321,16.1333,Canadian
146990,Canadian,Canadian,North American,36.0548,1923.0971,363.9852,24.7614,Canadian
146991,Canadian,Canadian,North American,339.2676,1601.2931,16.9108,30.8848,Canadian
146992,Canadian,Canadian,North American,91.4237,1171.4540,14.8868,84.5101,Canadian
146993,Canadian,Canadian,North American,56.4115,1344.1765,68.0161,96.0740,Canadian
146994,Canadian,Canadian,North American,52.3089,2040.4824,368.7379,31.0438,Canadian
146995,Canadian,Canadian,North American,44.7535,441.7531,22.0105,20.4825,Canadian
146996,Canadian,Canadian,North American,5.6166,977.0480,0.4386,108.5449,Canadian
146997,Canadian,Canadian,North American,219.0944,1398.3580,40.9560,39.2304,Canadian
146998,Canadian,Canadian,North American,321.9241,1250.1200,2.4916,1.5103,Canadian
146999,Canadian,Canadian,North American,60.9089,768.5387,39.0637,49.3143,Canadian
147000,Canadian,Canadian,North American,0.0000,954.7200,0.0000,108.0000,Canadian
147001,Canadian,Canadian,North American,11.5216,186.7125,5.5952,14.4665,Canadian
147002,Canadian,Canadian,North American,220.5191,882.2680,9.1840,3.5228,Canadian
147003,Canadian,Canadian,North American,291.4372,1704.4180,39.6110,42.0316,Canadian
147004,Canadian,Canadian,North American,0.4285,80.0000,6.3510,5.6570,Canadian
147005,Canadian,Canadian,North American,8.6782,784.5216,76.1691,48.2560,Canadian
147006,Canadian,Canadian,North American,380.3903,1707.1557,22.9270,15.5268,Canadian
147007,Canadian,Canadian,North American,244.3973,2043.7414,104.4831,68.8650,Canadian
147008,Canadian,Canadian,North American,398.3198,2345.7570,42.9536,79.6791,Canadian
147009,Canadian,Canadian,North American,300.8742,3395.5413,26.2358,234.3897,Canadian
147010,Canadian,Canadian,North American,75.3725,2071.4275,33.8727,196.1847,Canadian
147011,Canadian,Canadian,North American,244.2868,1380.9680,33.4285,48.2542,Canadian
147012,Canadian,Canadian,North American,27.3668,1154.3227,161.7975,42.9620,Canadian
147013,Canadian,Canadian,North American,244.2744,986.5280,7.5149,1.1849,Canadian
147014,Canadian,Canadian,North American,33.8182,729.7822,35.7590,51.4789,Canadian
147015,Canadian,Canadian,North American,1.4708,30.9897,5.8490,0.2167,Canadian
147016,Canadian,Canadian,North American,43.2455,563.0070,17.8616,36.0765,Canadian
147017,Canadian,Canadian,North American,28.9381,876.7014,111.3352,33.7767,Canadian
147018,Canadian,Canadian,North American,641.0473,4454.2100,36.2243,196.1846,Canadian
147019,Canadian,Canadian,North American,3.5686,1743.1737,157.8720,124.0380,Canadian
147020,Canadian,Canadian,North American,99.3252,1071.0314,58.9484,52.9209,Canadian
147021,Canadian,Canadian,North American,503.2290,42517.0500,1011.6330,4128.2340,Canadian
147022,Canadian,Canadian,North American,60726.8255,242875.9000,1332.9975,1254.5020,Canadian
147023,Canadian,Canadian,North American,1020.7295,9173.7880,133.5724,538.3223,Canadian
147024,Canadian,Canadian,North American,467.1583,2614.3433,19.0241,77.5765,Canadian
147025,Canadian,Canadian,North American,18.2846,244.4410,7.4468,17.2916,Canadian
147026,Canadian,Canadian,North American,304.4738,2127.2900,14.4793,97.2430,Canadian
147027,Canadian,Canadian,North American,53.4083,743.5962,8.4787,58.9786,Canadian
147028,Canadian,Canadian,North American,34.4491,1860.0460,66.1733,159.9802,Canadian
147029,Canadian,Canadian,North American,1.0407,122.0570,8.6169,9.2309,Canadian
147030,Canadian,Canadian,North American,0.7354,388.2207,91.2397,2.3495,Canadian
147031,Canadian,Canadian,North American,6.6358,633.6054,135.4325,3.4767,Canadian
147032,Canadian,Canadian,North American,151.6829,1829.6080,11.9873,138.6513,Canadian
147033,Canadian,Canadian,North American,4.3567,158.4432,13.0047,9.5637,Canadian
147034,Canadian,Canadian,North American,5.1785,2110.3818,359.9175,64.3409,Canadian
147035,Canadian,Canadian,North American,215.0046,1747.8753,53.9445,76.8057,Canadian
147036,Canadian,Canadian,North American,40.3778,963.5510,152.4507,17.0015,Canadian
147037,Canadian,Canadian,North American,205.4312,2328.6217,62.9818,146.3582,Canadian
147038,Canadian,Canadian,North American,499.7805,4330.0900,56.1935,250.3755,Canadian
147039,Canadian,Canadian,North American,39.9380,210.3000,3.7366,6.0040,Canadian
147040,Canadian,Canadian,North American,7.2407,302.7550,20.8728,21.4710,Canadian
147041,Canadian,Canadian,North American,5.0570,136.8160,3.3070,11.9798,Canadian
147042,Canadian,Canadian,North American,20.8248,481.7061,40.8004,29.9757,Canadian
147043,Canadian,Canadian,North American,1220.8360,4900.7800,18.6720,4.6160,Canadian
147044,Canadian,Canadian,North American,36.4350,2040.7524,59.4328,180.2210,Canadian
147045,Canadian,Canadian,North American,104.1210,552.8280,6.2998,14.5814,Canadian
147046,Canadian,Canadian,North American,87.5154,1998.7844,121.6035,136.2264,Canadian
147047,Canadian,Canadian,North American,11.8447,730.3915,60.8269,46.9887,Canadian
147048,Canadian,Canadian,North American,83.0739,867.5650,48.1732,39.7415,Canadian
147049,Canadian,Canadian,North American,1.4529,7.3651,0.3718,0.3083,Canadian
147050,Canadian,Canadian,North American,164.4792,884.4600,32.6664,10.1532,Canadian
147051,Canadian,Canadian,North American,60.6704,1161.4288,59.8496,78.2085,Canadian
147052,Canadian,Canadian,North American,354.9376,2769.6480,65.8684,130.1994,Canadian
147053,Canadian,Canadian,North American,32.9607,392.7065,4.0775,28.6595,Canadian
147054,Canadian,Canadian,North American,20.4343,361.9399,21.3411,19.4280,Canadian
147055,Canadian,Canadian,North American,399.9200,1548.0000,0.0000,0.0000,Canadian
147056,Canadian,Canadian,North American,35.3004,1560.0385,209.4524,69.1254,Canadian
147057,Canadian,Canadian,North American,56.3056,316.4800,26.6720,3.3696,Canadian
147058,Canadian,Canadian,North American,240.1043,1960.3980,24.4344,103.8443,Canadian
147059,Canadian,Canadian,North American,34.3441,1263.2489,99.8701,76.9202,Canadian
147060,Canadian,Canadian,North American,50.8517,772.9804,24.3920,57.6035,Canadian
147061,Canadian,Canadian,North American,664.7732,4520.7322,129.5749,142.0327,Canadian
147062,Canadian,Canadian,North American,10.5151,359.4143,6.6653,32.9607,Canadian
147063,Canadian,Canadian,North American,260.5289,3090.2960,19.5119,228.8975,Canadian
147064,Canadian,Canadian,North American,1.9322,20.6432,1.1028,1.0216,Canadian
147065,Canadian,Canadian,North American,29.3070,541.4500,21.0716,38.2696,Canadian
147066,Canadian,Canadian,North American,41.4557,1061.5807,34.3864,88.2520,Canadian
147067,Canadian,Canadian,North American,32.4200,718.1000,29.1840,57.6000,Canadian
147068,Canadian,Canadian,North American,185.1075,1270.6850,13.3715,55.5370,Canadian
147069,Canadian,Canadian,North American,56.9838,530.0700,48.5028,11.3590,Canadian
147070,Canadian,Canadian,North American,10.0686,149.4833,26.3608,1.2904,Canadian
147071,Canadian,Canadian,North American,235.6629,3268.0169,72.3027,230.6261,Canadian
147072,Canadian,Canadian,North American,13.1251,1826.0596,177.8091,115.6243,Canadian
147073,Canadian,Canadian,North American,80.1094,1511.0070,126.8278,77.2322,Canadian
147074,Canadian,Canadian,North American,1.4708,1598.3355,196.4421,84.8111,Canadian
147075,Canadian,Canadian,North American,54.9105,2208.0788,9.0907,217.4374,Canadian
147076,Canadian,Canadian,North American,710.3101,3172.6200,40.2755,16.1744,Canadian
147077,Canadian,Canadian,North American,16.0000,148.0000,16.0000,2.0000,Canadian
147078,Canadian,Canadian,North American,350.1819,2874.9860,61.3145,150.8067,Canadian
147079,Canadian,Canadian,North American,235.2530,3206.2685,89.2795,222.5561,Canadian
147080,Canadian,Canadian,North American,49.4352,578.2178,12.0319,39.5766,Canadian
147081,Canadian,Canadian,North American,22.0664,94.1538,1.8303,0.3753,Canadian
147082,Canadian,Canadian,North American,280.2629,1914.9427,128.3030,36.2314,Canadian
147083,Canadian,Canadian,North American,293.1602,1867.1191,52.7331,58.3066,Canadian
147084,Canadian,Canadian,North American,,,,,Canadian
147085,Canadian,Canadian,North American,698.1025,7349.0150,57.9855,470.6877,Canadian
147086,Canadian,Canadian,North American,0.8220,29.5500,1.5495,2.2380,Canadian
147087,Canadian,Canadian,North American,12.2153,544.7167,57.9463,28.6602,Canadian
147088,Canadian,Canadian,North American,190.2783,1012.5303,17.6663,25.4841,Canadian
147089,Canadian,Canadian,North American,576.6913,3941.0673,126.3706,159.9537,Canadian
147090,Canadian,Canadian,North American,56.8713,230.7217,0.5932,0.6713,Canadian
147091,Canadian,Canadian,North American,759.5006,3784.4768,37.4968,62.9819,Canadian
147092,Canadian,Canadian,North American,54.6555,333.3570,15.5109,6.9575,Canadian
147093,Canadian,Canadian,North American,4.6931,33.9480,1.5010,1.9579,Canadian
147094,Canadian,Canadian,North American,7.7590,112.6600,9.0240,4.9510,Canadian
147095,Canadian,Canadian,North American,262.6139,1397.7899,19.2130,34.1884,Canadian
147096,Canadian,Canadian,North American,191.8759,2798.9518,24.2754,229.2748,Canadian
147097,Canadian,Canadian,North American,56.6192,573.0055,19.1726,32.6241,Canadian
147098,Canadian,Canadian,North American,171.6170,2422.5759,66.4470,164.8018,Canadian
147099,Canadian,Canadian,North American,58.6954,1133.5360,27.9146,89.1072,Canadian
147100,Canadian,Canadian,North American,18.2592,161.6800,4.8192,9.5700,Canadian
147101,Canadian,Canadian,North American,241.5244,1550.2560,34.8093,51.8434,Canadian
147102,Canadian,Canadian,North American,7.4437,1434.9075,47.5924,133.7218,Canadian
147103,Canadian,Canadian,North American,440.8652,2180.8465,31.4412,37.1721,Canadian
147104,Canadian,Canadian,North American,457.6272,5279.9900,24.3686,384.8774,Canadian
147105,Canadian,Canadian,North American,128.6971,721.8122,0.0447,9.6424,Canadian
147106,Canadian,Canadian,North American,199.0602,1234.7590,10.8507,48.3818,Canadian
147107,Canadian,Canadian,North American,57.3122,736.0250,7.4433,55.7264,Canadian
147108,Canadian,Canadian,North American,53.1285,973.1421,116.8148,34.9237,Canadian
147109,Canadian,Canadian,North American,218.6431,1411.4463,30.5290,46.9597,Canadian
147110,Canadian,Canadian,North American,43.4865,275.1799,9.3465,6.5342,Canadian
147111,Canadian,Canadian,North American,203.3646,1091.2200,32.7769,15.2205,Canadian
147112,Canadian,Canadian,North American,39.4696,323.0000,9.4568,14.5500,Canadian
147113,Canadian,Canadian,North American,104.6772,2309.0125,0.4184,218.0399,Canadian
147114,Canadian,Canadian,North American,80.3857,2031.0023,44.0382,180.6664,Canadian
147115,Canadian,Canadian,North American,2.0680,451.5598,45.7554,28.3570,Canadian
147116,Canadian,Canadian,North American,304.8121,5093.7094,629.7287,166.2380,Canadian
147117,Canadian,Canadian,North American,47.9130,259.5015,11.4025,0.8462,Canadian
147118,Canadian,Canadian,North American,35.3902,504.3032,13.6627,37.1672,Canadian
147119,Canadian,Canadian,North American,,,,,Canadian
147120,Canadian,Canadian,North American,505.3841,3707.4088,107.0548,148.9240,Canadian
147121,Canadian,Canadian,North American,42.1461,185.5180,4.8512,0.5074,Canadian
147122,Canadian,Canadian,North American,74.2871,486.3540,23.1935,12.9390,Canadian
147123,Canadian,Canadian,North American,0.0000,0.0000,0.0000,0.0000,Canadian
147124,Canadian,Canadian,North American,379.6012,2072.2408,48.4745,69.1423,Canadian
147125,Canadian,Canadian,North American,108.1409,410.2190,1.1200,0.3200,Canadian
147126,Canadian,Canadian,North American,55.8095,229.1800,4.7302,1.6673,Canadian
147127,Canadian,Canadian,North American,6.2720,2750.7262,203.3925,206.0805,Canadian
147128,Canadian,Canadian,North American,19.5122,103.4428,1.8803,0.3560,Canadian
147129,Canadian,Canadian,North American,513.6969,2050.0950,14.8170,8.9319,Canadian
147130,Canadian,Canadian,North American,247.9536,1767.4881,63.1777,64.5664,Canadian
147131,Canadian,Canadian,North American,171.3396,1236.3112,6.2266,63.5769,Canadian
147132,Canadian,Canadian,North American,43.0220,1528.6568,39.1926,143.2062,Canadian
147133,Canadian,Canadian,North American,24.9748,356.2628,9.6365,34.3188,Canadian
147134,Canadian,Canadian,North American,297.3325,1899.5910,39.9140,63.1237,Canadian
147135,Canadian,Canadian,North American,119.8743,821.2480,15.8652,32.2196,Canadian
147136,Canadian,Canadian,North American,46.8402,550.2369,60.5305,14.6436,Canadian
147137,Canadian,Canadian,North American,201.0182,1733.7217,16.6330,100.3277,Canadian
147138,Canadian,Canadian,North American,303.7335,1655.1533,21.2746,45.6157,Canadian
147139,Canadian,Canadian,North American,25.7224,2047.4990,38.4045,191.6018,Canadian
147140,Canadian,Canadian,North American,2.0534,1270.0472,40.0506,124.5698,Canadian
147141,Canadian,Canadian,North American,17.4940,569.5982,50.7391,34.4603,Canadian
147142,Canadian,Canadian,North American,33.8144,305.4796,21.5263,11.9390,Canadian
147143,Canadian,Canadian,North American,77.1421,1265.4835,48.1257,93.2216,Canadian
147144,Canadian,Canadian,North American,357.4411,3435.8050,84.7570,212.4239,Canadian
147145,Canadian,Canadian,North American,207.9030,1653.5717,51.0116,77.9998,Canadian
147146,Canadian,Canadian,North American,221.7426,2165.4683,12.5010,142.2540,Canadian
147147,Canadian,Canadian,North American,94.6436,1146.0092,127.9275,29.7889,Canadian
147148,Canadian,Canadian,North American,424.9944,4562.4961,74.6862,290.5811,Canadian
147149,Canadian,Canadian,North American,190.7254,1178.4880,29.8849,34.7146,Canadian
147150,Canadian,Canadian,North American,65.5027,1743.3909,147.2996,96.3876,Canadian
147151,Canadian,Canadian,North American,155.3942,1349.5360,43.2610,71.8377,Canadian
147152,Canadian,Canadian,North American,3.3038,15.0000,0.7012,0.1650,Canadian
147153,Canadian,Canadian,North American,491.2878,2516.8793,44.8739,53.7298,Canadian
147154,Canadian,Canadian,North American,6.7264,236.5190,1.1938,23.3760,Canadian
147155,Canadian,Canadian,North American,8.7298,187.9757,7.5594,14.9318,Canadian
147156,Canadian,Canadian,North American,177.2158,688.9804,4.1366,1.2281,Canadian
147157,Canadian,Canadian,North American,102.3557,2405.4538,188.8809,135.6529,Canadian
147158,Canadian,Canadian,North American,25.7938,533.2099,41.4058,29.1368,Canadian
147159,Canadian,Canadian,North American,62.6766,932.1198,40.7340,58.6939,Canadian
147160,Canadian,Canadian,North American,44.1864,261.0820,2.1579,7.3529,Canadian
147161,Canadian,Canadian,North American,8.6160,731.7008,21.8619,68.8823,Canadian
147162,Canadian,Canadian,North American,3.5926,35.7710,0.7668,0.2919,Canadian
147163,Canadian,Canadian,North American,16.7386,2431.5850,197.9886,169.7048,Canadian
147164,Canadian,Canadian,North American,309.1714,1708.0627,28.8073,48.4797,Canadian
147165,Canadian,Canadian,North American,260.7039,1458.0653,81.4159,18.7251,Canadian
147166,Canadian,Canadian,North American,82.4100,1518.8140,49.0656,119.9630,Canadian
147167,Canadian,Canadian,North American,34.3244,1036.6576,92.9023,57.6948,Canadian
147168,Canadian,Canadian,North American,257.1428,1772.2305,32.9042,68.8652,Canadian
147169,Canadian,Canadian,North American,16.7120,69.7397,0.5131,0.1588,Canadian
147170,Canadian,Canadian,North American,48.5363,1117.1867,83.9647,63.3097,Canadian
147171,Canadian,Canadian,North American,32.4558,123.6882,1.3358,0.2969,Canadian
147172,Canadian,Canadian,North American,172.4161,1372.0820,33.4692,64.3554,Canadian
147173,Canadian,Canadian,North American,465.3478,3730.1900,55.2974,184.9553,Canadian
147174,Canadian,Canadian,North American,42.2104,848.2740,31.4950,66.3444,Canadian
147175,Canadian,Canadian,North American,48.0422,217.2092,3.8773,1.3898,Canadian
147176,Canadian,Canadian,North American,18.2515,177.6939,24.1020,0.9579,Canadian
147177,Canadian,Canadian,North American,8.4941,1135.7790,5.3430,123.4000,Canadian
147178,Canadian,Canadian,North American,150.9189,3062.6084,307.2271,131.6395,Canadian
147179,Canadian,Canadian,North American,10.2531,46.1200,1.5432,0.2143,Canadian
147180,Canadian,Canadian,North American,27.4988,102.4800,0.4148,0.2440,Canadian
147181,Canadian,Canadian,North American,97.4206,791.6399,50.2538,23.3726,Canadian
147182,Canadian,Canadian,North American,16.3083,540.9330,0.1799,54.1113,Canadian
147183,Canadian,Canadian,North American,1.0880,9.2550,0.5630,0.5061,Canadian
147184,Canadian,Canadian,North American,17.0027,524.3583,28.5787,38.4995,Canadian
147185,Canadian,Canadian,North American,461.9500,2338.9580,37.7840,40.1786,Canadian
147186,Canadian,Canadian,North American,24.6626,1146.7775,19.8152,107.9024,Canadian
147187,Canadian,Canadian,North American,130.5501,2628.9240,180.5557,154.8086,Canadian
147188,Canadian,Canadian,North American,407.4865,1922.9080,23.6094,25.2468,Canadian
147189,Canadian,Canadian,North American,540.5185,2367.2585,24.4766,21.5917,Canadian
147190,Canadian,Canadian,North American,632.3746,4320.8117,197.8493,105.9895,Canadian
147191,Canadian,Canadian,North American,25.4772,1913.4013,72.6196,167.2816,Canadian
147192,Canadian,Canadian,North American,21.3271,1066.5710,4.6649,107.6580,Canadian
147193,Canadian,Canadian,North American,52.6142,3038.9165,166.3600,236.6473,Canadian
147194,Canadian,Canadian,North American,512.7926,2325.3100,37.6040,8.9744,Canadian
147195,Canadian,Canadian,North American,2.9090,492.6018,0.2372,54.1161,Canadian
147196,Canadian,Canadian,North American,5.9783,310.1043,1.7482,31.6114,Canadian
147197,Canadian,Canadian,North American,1315.2650,7686.8847,126.2038,215.0575,Canadian
147198,Canadian,Canadian,North American,752.6280,3178.5137,34.6907,6.2233,Canadian
147199,Canadian,Canadian,North American,914.0852,5722.6190,74.1829,232.8241,Canadian
147200,Canadian,Canadian,North American,249.5886,2239.6198,87.0753,96.8859,Canadian
147201,Canadian,Canadian,North American,42.1501,716.5087,97.2125,17.2787,Canadian
147202,Canadian,Canadian,North American,40.6104,850.2500,45.0147,56.7501,Canadian
147203,Canadian,Canadian,North American,132.4013,630.7691,11.4046,11.1378,Canadian
147204,Canadian,Canadian,North American,213.0608,1428.6580,22.2860,53.9661,Canadian
147205,Canadian,Canadian,North American,59.6278,17944.1390,244.2940,1847.1954,Canadian
147206,Canadian,Canadian,North American,0.9821,266.7190,0.6679,29.0000,Canadian
147207,Canadian,Canadian,North American,422.4550,2179.6962,98.2194,17.0965,Canadian
147208,Canadian,Canadian,North American,14.8325,490.3455,9.0367,46.1238,Canadian
147209,Canadian,Canadian,North American,325.1172,1256.8610,41.6727,16.3415,Canadian
147210,Canadian,Canadian,North American,362.4399,2416.7566,211.8604,69.2142,Canadian
147211,Canadian,Canadian,North American,24.3647,162.8632,3.8381,6.8131,Canadian
147212,Canadian,Canadian,North American,9.7437,195.3137,15.9008,9.9790,Canadian
147213,Canadian,Canadian,North American,43.6758,660.5400,56.6831,30.7901,Canadian
147214,Canadian,Canadian,North American,234.4565,1553.6110,25.3301,65.0414,Canadian
147215,Canadian,Canadian,North American,484.4442,3304.9440,56.7715,130.8854,Canadian
147216,Canadian,Canadian,North American,112.0702,849.9088,32.1294,33.3419,Canadian
147217,Canadian,Canadian,North American,145.8155,4320.0510,243.7564,303.7110,Canadian
147218,Canadian,Canadian,North American,15.9515,92.6438,1.0241,2.5959,Canadian
147219,Canadian,Canadian,North American,204.8953,3068.5963,86.1595,218.7908,Canadian
147220,Canadian,Canadian,North American,61.5649,1686.5307,98.2354,115.7625,Canadian
147221,Canadian,Canadian,North American,77.6027,2574.1272,176.0292,172.8838,Canadian
147222,Canadian,Canadian,North American,123.9773,1196.9791,38.5501,69.9688,Canadian
147223,Canadian,Canadian,North American,122.4726,647.4780,17.7034,9.1474,Canadian
147224,Canadian,Canadian,North American,28.8657,130.4340,0.1616,0.0763,Canadian
147225,Canadian,Canadian,North American,94.3262,839.9212,4.8332,55.0147,Canadian
147226,Canadian,Canadian,North American,104.2028,690.5900,25.1728,18.2716,Canadian
147227,Canadian,Canadian,North American,136.8832,2426.1258,25.3727,210.0938,Canadian
147228,Canadian,Canadian,North American,177.3149,1023.3967,28.6155,26.3710,Canadian
147229,Canadian,Canadian,North American,436.9216,2261.5560,53.2665,44.3079,Canadian
147230,Canadian,Canadian,North American,29.5713,601.6940,4.2401,54.2735,Canadian
147231,Canadian,Canadian,North American,39.1787,282.7573,10.4965,12.9513,Canadian
147232,Canadian,Canadian,North American,0.1740,30.4500,4.9590,0.9570,Canadian
147233,Canadian,Canadian,North American,230.6041,1489.6263,54.8089,41.7706,Canadian
147234,Canadian,Canadian,North American,8.6485,94.0450,1.6474,6.2834,Canadian
147235,Canadian,Canadian,North American,0.0000,0.0000,0.0000,0.0000,Canadian
147236,Canadian,Canadian,North American,203.5145,2125.8567,59.7619,124.9160,Canadian
147237,Canadian,Canadian,North American,93.7275,701.5096,8.6041,35.9138,Canadian
147238,Canadian,Canadian,North American,491.6010,3453.5720,47.3304,151.1713,Canadian
147239,Canadian,Canadian,North American,101.3495,1163.6661,36.7018,81.0381,Canadian
147240,Canadian,Canadian,North American,84.2774,454.8647,10.7957,12.8422,Canadian
147241,Canadian,Canadian,North American,380.8673,2981.3414,81.0525,134.3691,Canadian
147242,Canadian,Canadian,North American,3.8226,460.3640,0.0000,51.2500,Canadian
147243,Canadian,Canadian,North American,57.9060,831.4040,52.9535,45.5934,Canadian
147244,Canadian,Canadian,North American,419.1520,2403.9600,8.7120,83.2320,Canadian
147245,Canadian,Canadian,North American,15.6050,1299.4803,46.0045,116.6663,Canadian
147246,Canadian,Canadian,North American,0.6268,227.5498,0.2413,25.6165,Canadian
147247,Canadian,Canadian,North American,398.7146,1984.9425,65.8589,9.2008,Canadian
147248,Canadian,Canadian,North American,15.7605,343.0500,10.6860,28.8000,Canadian
147249,Canadian,Canadian,North American,0.0000,806.9352,179.5204,4.5333,Canadian
147250,Canadian,Canadian,North American,34.7797,239.9294,4.0918,10.8445,Canadian
147251,Canadian,Canadian,North American,15.2948,65.1183,1.7778,0.1722,Canadian
147252,Canadian,Canadian,North American,956.0612,7808.6820,234.2028,393.7487,Canadian
147253,Canadian,Canadian,North American,24.0073,760.8275,48.1247,54.2133,Canadian
147254,Canadian,Canadian,North American,60.4551,1422.9855,34.4621,121.9692,Canadian
147255,Canadian,Canadian,North American,164.9761,1055.1762,30.6347,30.8219,Canadian
147256,Canadian,Canadian,North American,186.8763,1842.4948,25.0239,121.0101,Canadian
147257,Canadian,Canadian,North American,141.1069,1081.1812,24.6023,49.3352,Canadian
147258,Canadian,Canadian,North American,14.9648,767.2040,36.6167,62.6103,Canadian
147259,Canadian,Canadian,North American,142.7735,6678.3978,261.8535,558.8703,Canadian
147260,Canadian,Canadian,North American,165.0430,1299.5520,33.9476,68.1727,Canadian
147261,Canadian,Canadian,North American,224.3128,1371.2300,24.7547,51.6206,Canadian
147262,Canadian,Canadian,North American,346.4654,2322.4900,35.1746,89.5518,Canadian
147263,Canadian,Canadian,North American,392.9924,2930.6933,112.8517,170.3557,Canadian
147264,Canadian,Canadian,North American,112.3539,2120.2070,47.8929,167.3282,Canadian
147265,Canadian,Canadian,North American,,,,,Canadian
147266,Canadian,Canadian,North American,186.1617,1098.9717,49.3623,16.3651,Canadian
147267,Canadian,Canadian,North American,33.5475,1609.0588,137.9226,105.3811,Canadian
147268,Canadian,Canadian,North American,162.4612,1294.6100,26.1306,60.9891,Canadian
147269,Canadian,Canadian,North American,11.6632,148.8400,7.6860,7.9788,Canadian
147270,Canadian,Canadian,North American,273.5127,4680.6576,149.2032,325.5495,Canadian
147271,Canadian,Canadian,North American,110.1792,440.4960,0.0000,0.0000,Canadian
147272,Canadian,Canadian,North American,155.2767,963.8759,38.5949,21.8009,Canadian
147273,Canadian,Canadian,North American,742.6405,3402.3373,39.5485,40.2194,Canadian
147274,Canadian,Canadian,North American,7.3111,151.5993,1.8789,13.7861,Canadian
147275,Canadian,Canadian,North American,43.8145,697.9305,40.7006,40.1867,Canadian
147276,Canadian,Canadian,North American,6.4712,218.4432,6.2879,19.5940,Canadian
147277,Canadian,Canadian,North American,41.9481,739.1232,20.9977,57.7023,Canadian
147278,Canadian,Canadian,North American,54.0853,233.9265,7.7009,1.3413,Canadian
147279,Canadian,Canadian,North American,26.8006,567.1516,4.7297,51.6464,Canadian
147280,Canadian,Canadian,North American,779.8884,4370.6070,77.4063,107.0726,Canadian
147281,Canadian,Canadian,North American,505.4063,3041.5600,18.8384,107.3392,Canadian
147282,Canadian,Canadian,North American,25.1523,245.3832,7.5443,14.6087,Canadian
147283,Canadian,Canadian,North American,44.4368,669.4482,19.5571,48.2193,Canadian
147284,Canadian,Canadian,North American,74.2727,1012.2684,89.0799,40.0312,Canadian
147285,Canadian,Canadian,North American,277.1539,1303.7350,16.4557,20.2434,Canadian
147286,Canadian,Canadian,North American,389.3112,3121.4447,226.5647,78.7834,Canadian
147287,Canadian,Canadian,North American,25.7591,952.9710,142.2898,27.7229,Canadian
147288,Canadian,Canadian,North American,248.2382,3184.3208,56.8054,234.5772,Canadian
147289,Canadian,Canadian,North American,27.1961,449.6844,9.1548,36.0006,Canadian
147290,Canadian,Canadian,North American,299.1438,1467.1206,45.2872,18.5583,Canadian
147291,Canadian,Canadian,North American,398.9412,2627.6160,166.4442,49.6606,Canadian
147292,Canadian,Canadian,North American,868.9519,4167.6113,70.0248,42.0349,Canadian
147293,Canadian,Canadian,North American,721.5005,5339.4700,107.6683,259.8498,Canadian
147294,Canadian,Canadian,North American,13.0974,381.1300,14.2225,31.5471,Canadian
147295,Canadian,Canadian,North American,11.2485,1033.1708,72.0448,76.3116,Canadian
147296,Canadian,Canadian,North American,476.3105,3600.4340,67.1985,173.9725,Canadian
147297,Canadian,Canadian,North American,237.9477,2725.4840,149.0602,128.2389,Canadian
147298,Canadian,Canadian,North American,489.8645,9873.4178,358.0465,742.3775,Canadian
147299,Canadian,Canadian,North American,15.6643,3335.9910,727.4230,19.3772,Canadian
147300,Canadian,Canadian,North American,474.3850,2923.5553,47.1427,93.8778,Canadian
147301,Canadian,Canadian,North American,71.0209,1234.2957,124.7240,56.4253,Canadian
147302,Canadian,Canadian,North American,40.3672,735.0820,27.9320,52.6676,Canadian
147303,Canadian,Canadian,North American,17.2982,324.4510,4.8046,27.5824,Canadian
147304,Canadian,Canadian,North American,104.4344,1649.8160,41.9422,129.6312,Canadian
147305,Canadian,Canadian,North American,11.1175,1219.9405,16.8603,125.4946,Canadian
147306,Canadian,Canadian,North American,199.4816,2123.6060,64.7739,130.2571,Canadian
147307,Canadian,Canadian,North American,128.7389,735.8232,24.0469,18.4083,Canadian
147308,Canadian,Canadian,North American,85.7216,2131.5460,42.8168,181.4499,Canadian
147309,Canadian,Canadian,North American,36.5008,270.6773,21.9653,4.6884,Canadian
147310,Canadian,Canadian,North American,18.5576,101.7603,6.0693,0.3458,Canadian
147311,Canadian,Canadian,North American,105.3413,793.2657,22.0429,34.0665,Canadian
147312,Canadian,Canadian,North American,249.1881,1416.5475,40.2950,34.7005,Canadian
147313,Canadian,Canadian,North American,194.0640,1866.3000,48.3375,115.9590,Canadian
147314,Canadian,Canadian,North American,0.9299,76.1928,6.5398,4.9432,Canadian
147315,Canadian,Canadian,North American,43.7205,1211.3378,89.7387,72.5494,Canadian
147316,Canadian,Canadian,North American,152.4081,1226.0072,26.4871,57.8810,Canadian
147317,Canadian,Canadian,North American,325.6431,1711.0660,49.2378,20.4226,Canadian
147318,Canadian,Canadian,North American,55.1483,1908.5215,87.1955,149.1903,Canadian
147319,Canadian,Canadian,North American,110.0116,1383.1673,30.1524,94.5353,Canadian
147320,Canadian,Canadian,North American,382.3913,3152.3742,79.8002,151.5067,Canadian
147321,Canadian,Canadian,North American,12.6546,187.7440,22.6659,0.6885,Canadian
147322,Canadian,Canadian,North American,60.0800,932.0000,37.3720,64.8800,Canadian
147323,Canadian,Canadian,North American,55.3495,3031.7310,545.2113,57.0982,Canadian
147324,Canadian,Canadian,North American,1.0523,3.3550,0.0534,0.0366,Canadian
147325,Canadian,Canadian,North American,192.5417,1425.5820,7.9327,71.7839,Canadian
147326,Canadian,Canadian,North American,6.5380,28.0000,0.7700,0.0700,Canadian
147327,Canadian,Canadian,North American,299.3854,2294.3010,40.4865,118.3705,Canadian
147328,Canadian,Canadian,North American,444.0632,2357.9341,91.4790,23.6669,Canadian
147329,Canadian,Canadian,North American,88.5084,1036.3465,9.2514,76.3936,Canadian
147330,Canadian,Canadian,North American,782.9481,5023.0523,56.7021,226.7176,Canadian
147331,Canadian,Canadian,North American,223.5733,1507.4928,46.4180,48.1306,Canadian
147332,Canadian,Canadian,North American,78.5036,1027.8072,12.9738,76.2696,Canadian
147333,Canadian,Canadian,North American,593.7229,4148.5134,56.8929,182.8122,Canadian
147334,Canadian,Canadian,North American,18.8169,579.7500,10.8615,54.2760,Canadian
147335,Canadian,Canadian,North American,500.7239,3219.3180,26.1128,138.4182,Canadian
147336,Canadian,Canadian,North American,322.2061,1767.0060,33.3113,40.7193,Canadian
147337,Canadian,Canadian,North American,2.3017,3158.9640,8.2120,352.3772,Canadian
147338,Canadian,Canadian,North American,43.2841,1691.0717,222.6251,66.7526,Canadian
147339,Canadian,Canadian,North American,162.8602,1385.3958,30.6185,68.3406,Canadian
147340,Canadian,Canadian,North American,67.1060,983.4566,164.3835,9.2278,Canadian
147341,Canadian,Canadian,North American,28.1671,118.7408,0.2425,0.1499,Canadian
147342,Canadian,Canadian,North American,231.6751,1244.8505,22.7498,28.8977,Canadian
147343,Canadian,Canadian,North American,505.8700,9496.5659,481.6761,83.8773,Canadian
147344,Canadian,Canadian,North American,338.2583,1431.2230,25.7665,4.5865,Canadian
147345,Canadian,Canadian,North American,419.1520,2403.9600,8.7120,83.2320,Canadian
147346,Canadian,Canadian,North American,232.8870,931.4975,4.7813,1.6608,Canadian
147347,Canadian,Canadian,North American,110.6766,1282.5800,6.0412,90.9050,Canadian
147348,Canadian,Canadian,North American,4.1252,539.9905,32.4914,42.8484,Canadian
147349,Canadian,Canadian,North American,21.9494,125.0986,14.2678,0.8479,Canadian
147350,Canadian,Canadian,North American,225.5058,918.6882,6.7358,2.0969,Canadian
147351,Canadian,Canadian,North American,46.3437,985.3000,22.1211,80.6450,Canadian
147352,Canadian,Canadian,North American,54.4381,617.9330,30.1218,32.8060,Canadian
147353,Canadian,Canadian,North American,8.4167,755.2000,13.2367,74.3067,Canadian
147354,Canadian,Canadian,North American,187.5140,3719.2744,475.9099,109.3208,Canadian
147355,Canadian,Canadian,North American,5.0875,466.3116,39.6154,30.5275,Canadian
147356,Canadian,Canadian,North American,38.1506,1479.7782,44.0509,133.6061,Canadian
147357,Canadian,Canadian,North American,25.3946,966.3845,1.2105,96.2304,Canadian
147358,Canadian,Canadian,North American,182.8005,1083.0000,14.4460,38.4000,Canadian
147359,Canadian,Canadian,North American,86.4630,759.9750,21.6104,36.0468,Canadian
147360,Canadian,Canadian,North American,470.0910,3708.6360,6.7422,210.3950,Canadian
147361,Canadian,Canadian,North American,10.1517,376.2480,17.0316,31.0574,Canadian
147362,Canadian,Canadian,North American,7.8570,171.0000,5.3430,14.4000,Canadian
147363,Canadian,Canadian,North American,393.8976,2676.0707,60.7695,101.8730,Canadian
147364,Canadian,Canadian,North American,349.5224,1700.8200,2.8762,37.3915,Canadian
147365,Canadian,Canadian,North American,38.2864,1214.0548,2.5067,119.8463,Canadian
147366,Canadian,Canadian,North American,201.7743,1506.4168,69.7316,46.2774,Canadian
147367,Canadian,Canadian,North American,21.8232,136.0800,5.4936,2.8980,Canadian
147368,Canadian,Canadian,North American,142.8691,689.4592,14.6410,6.2693,Canadian
147369,Canadian,Canadian,North American,326.8040,2573.2572,220.9016,40.8923,Canadian
147370,Canadian,Canadian,North American,233.2891,1431.5150,35.9789,40.8162,Canadian
147371,Canadian,Canadian,North American,242.7262,3236.3140,107.8027,219.3344,Canadian
147372,Canadian,Canadian,North American,62.7285,461.3585,16.1342,17.6050,Canadian
147373,Canadian,Canadian,North American,0.0000,0.0000,0.0000,0.0000,Canadian
147374,Canadian,Canadian,North American,417.6921,2011.0471,17.2397,30.3899,Canadian
147375,Canadian,Canadian,North American,39.5209,1190.4135,16.0495,111.2571,Canadian
147376,Canadian,Canadian,North American,52.0941,2120.7000,208.0676,120.2754,Canadian
147377,Canadian,Canadian,North American,58.1212,1029.2229,79.9142,55.8648,Canadian
147378,Canadian,Canadian,North American,14.7631,348.3147,18.4591,25.0931,Canadian
147379,Canadian,Canadian,North American,518.6768,2746.8808,49.6645,50.1881,Canadian
147380,Canadian,Canadian,North American,7.4720,32.0000,0.8800,0.0800,Canadian
147381,Canadian,Canadian,North American,115.5668,1543.5180,148.3402,57.7941,Canadian
147382,Canadian,Canadian,North American,24.4808,787.0987,33.4551,60.9978,Canadian
147383,Canadian,Canadian,North American,958.1527,5363.8784,60.1949,160.6631,Canadian
147384,Canadian,Canadian,North American,21.2269,99.1405,4.1598,1.3335,Canadian
147385,Canadian,Canadian,North American,4.1746,19.7400,1.2220,0.0740,Canadian
147386,Canadian,Canadian,North American,159.9088,2998.2900,439.7492,54.9686,Canadian
147387,Canadian,Canadian,North American,53.9677,425.7780,14.6187,17.5562,Canadian
147388,Canadian,Canadian,North American,67.3670,293.8220,12.4623,1.8486,Canadian
147389,Canadian,Canadian,North American,119.8436,2419.6962,22.4983,209.3713,Canadian
147390,Canadian,Canadian,North American,44.2681,1131.4425,2.8293,109.0199,Canadian
147391,Canadian,Canadian,North American,36.5287,983.3050,163.1784,20.4456,Canadian
147392,Canadian,Canadian,North American,0.0733,252.4795,44.9481,6.8097,Canadian
147393,Canadian,Canadian,North American,190.5691,940.5140,19.5900,10.9880,Canadian
147394,Canadian,Canadian,North American,21.1530,663.5800,12.3095,59.9064,Canadian
147395,Canadian,Canadian,North American,228.0664,2780.3830,36.2647,197.2321,Canadian
147396,Canadian,Canadian,North American,10.8394,53.3080,1.1500,0.3845,Canadian
147397,Canadian,Canadian,North American,59.8597,4583.3830,335.6339,337.6347,Canadian
147398,Canadian,Canadian,North American,95.0136,394.2200,3.3404,1.6088,Canadian
147399,Canadian,Canadian,North American,370.9100,2618.9908,38.4098,111.9438,Canadian
147400,Canadian,Canadian,North American,18.8995,348.0950,10.6860,28.8000,Canadian
147401,Canadian,Canadian,North American,191.5747,1932.5971,140.4764,71.0335,Canadian
147402,Canadian,Canadian,North American,10.4016,35.7800,0.8086,0.3228,Canadian
147403,Canadian,Canadian,North American,300.7680,1933.5260,36.3360,77.4404,Canadian
147404,Canadian,Canadian,North American,49.8061,1630.3487,198.9762,69.7207,Canadian
147405,Canadian,Canadian,North American,40.1851,710.5867,18.6462,56.1400,Canadian
147406,Canadian,Canadian,North American,119.6625,1182.9060,34.0728,71.0324,Canadian
147407,Canadian,Canadian,North American,80.0544,784.5020,7.2147,50.7145,Canadian
147408,Canadian,Canadian,North American,140.2401,968.1970,43.2380,45.1552,Canadian
147409,Canadian,Canadian,North American,22.4228,476.5748,38.7739,28.2363,Canadian
147410,Canadian,Canadian,North American,17.0312,496.5780,34.1003,32.6880,Canadian
147411,Canadian,Canadian,North American,91.4654,1618.3174,93.7630,100.6121,Canadian
147412,Canadian,Canadian,North American,24.8679,231.4617,1.9771,14.8684,Canadian
147413,Canadian,Canadian,North American,83.7200,1651.1469,54.6740,122.3909,Canadian
147414,Canadian,Canadian,North American,17.3093,2990.6460,609.6870,35.0965,Canadian
147415,Canadian,Canadian,North American,16.0044,76.1323,3.1090,1.3228,Canadian
147416,Canadian,Canadian,North American,5.2726,23.0325,0.3735,0.0374,Canadian
147417,Canadian,Canadian,North American,36.1202,190.0638,1.7582,4.9736,Canadian
147418,Canadian,Canadian,North American,330.0978,1568.2650,44.6725,13.7190,Canadian
147419,Canadian,Canadian,North American,306.1820,1639.3915,50.2288,21.2560,Canadian
147420,Canadian,Canadian,North American,61.9976,1420.6000,20.5020,132.9620,Canadian
147421,Canadian,Canadian,North American,192.5136,1370.1600,10.0174,67.1425,Canadian
147422,Canadian,Canadian,North American,62.8560,1368.0000,42.7440,115.2000,Canadian
147423,Canadian,Canadian,North American,248.1575,1614.8850,59.3646,42.8840,Canadian
147424,Canadian,Canadian,North American,24.6919,108.9690,4.7591,0.7464,Canadian
147425,Canadian,Canadian,North American,164.9156,935.7800,21.0240,21.3986,Canadian
147426,Canadian,Canadian,North American,240.3287,1178.3775,19.3306,19.7407,Canadian
147427,Canadian,Canadian,North American,28.2187,996.7760,48.1854,79.8427,Canadian
147428,Canadian,Canadian,North American,263.7208,1106.3246,12.0461,2.3867,Canadian
147429,Canadian,Canadian,North American,0.1468,0.9200,0.0852,0.0208,Canadian
147430,Canadian,Canadian,North American,76.9397,2443.1544,195.2840,147.3566,Canadian
147431,Canadian,Canadian,North American,20.5404,1353.0750,4.8312,140.8832,Canadian
147432,Canadian,Canadian,North American,128.7637,2000.3537,197.0830,78.3356,Canadian
147433,Canadian,Canadian,North American,463.5998,2444.8400,28.7552,60.7312,Canadian
147434,Canadian,Canadian,North American,9.0034,1869.5314,69.0232,172.0194,Canadian
147435,Canadian,Canadian,North American,255.4271,1012.4759,2.4574,0.2240,Canadian
147436,Canadian,Canadian,North American,138.1462,837.4832,27.9492,22.5967,Canadian
147437,Canadian,Canadian,North American,278.4452,2293.8358,13.5959,133.7060,Canadian
147438,Canadian,Canadian,North American,0.0000,0.0000,0.0000,0.0000,Canadian
147439,Canadian,Canadian,North American,46.6760,1169.0950,3.1202,110.5622,Canadian
147440,Canadian,Canadian,North American,12.0550,297.5039,3.3916,28.8068,Canadian
147441,Canadian,Canadian,North American,273.6330,2623.9677,287.2072,37.3561,Canadian
147442,Canadian,Canadian,North American,288.0089,1660.9375,20.8552,57.0553,Canadian
147443,Canadian,Canadian,North American,52.4800,268.8000,3.3720,7.9520,Canadian
147444,Canadian,Canadian,North American,405.1849,2631.6960,41.1083,101.3889,Canadian
147445,Canadian,Canadian,North American,18.5755,590.6966,92.7720,13.9903,Canadian
147446,Canadian,Canadian,North American,140.8792,876.6020,17.8747,30.7477,Canadian
147447,Canadian,Canadian,North American,11.8397,1614.1278,190.6564,84.1997,Canadian
147448,Canadian,Canadian,North American,426.5162,3660.7700,54.8010,207.5758,Canadian
147449,Canadian,Canadian,North American,216.5928,2102.8982,71.6972,106.1714,Canadian
147450,Canadian,Canadian,North American,74.4327,3403.3575,79.5118,315.8299,Canadian
147451,Canadian,Canadian,North American,0.0000,780.1798,94.5741,41.9573,Canadian
147452,Canadian,Canadian,North American,181.8861,980.1053,27.1905,14.2448,Canadian
147453,Canadian,Canadian,North American,486.5808,2526.2510,39.7419,44.2399,Canadian
147454,Canadian,Canadian,North American,1013.3093,5269.6642,171.6008,60.9365,Canadian
147455,Canadian,Canadian,North American,17.4357,86.6450,2.5049,1.6431,Canadian
147456,Canadian,Canadian,North American,16.6020,429.6000,11.3370,38.0730,Canadian
147457,Canadian,Canadian,North American,250.5463,2877.5130,109.7644,192.1806,Canadian
147458,Canadian,Canadian,North American,29.6503,568.8819,94.6461,6.6403,Canadian
147459,Canadian,Canadian,North American,400.9745,2229.1300,52.3790,45.8140,Canadian
147460,Canadian,Canadian,North American,72.0426,1471.4311,118.7330,77.4549,Canadian
147461,Canadian,Canadian,North American,115.0503,464.0408,2.6756,0.7072,Canadian
147462,Canadian,Canadian,North American,87.3653,336.5600,2.9386,0.9649,Canadian
147463,Canadian,Canadian,North American,300.5983,3117.5163,30.3287,206.1582,Canadian
147464,Canadian,Canadian,North American,422.9582,4534.2547,72.4905,291.6823,Canadian
147465,Canadian,Canadian,North American,25.5720,388.6604,10.3200,28.2490,Canadian
147466,Canadian,Canadian,North American,1729.1113,70552.2280,10028.1053,2372.9232,Canadian
147467,Canadian,Canadian,North American,488.4800,1931.1600,2.0160,0.7840,Canadian
147468,Canadian,Canadian,North American,43.1047,1057.2385,21.6450,90.4797,Canadian
147469,Canadian,Canadian,North American,263.0873,2749.7405,140.7924,134.6705,Canadian
147470,Canadian,Canadian,North American,136.4694,6550.6055,122.5922,624.0645,Canadian
147471,Canadian,Canadian,North American,92.7419,956.2659,55.2500,40.5678,Canadian
147472,Canadian,Canadian,North American,42.2479,1336.7615,21.3620,130.1817,Canadian
147473,Canadian,Canadian,North American,19.0548,800.6900,36.4141,65.9288,Canadian
147474,Canadian,Canadian,North American,234.8288,3931.7720,7.7862,339.5854,Canadian
147475,Canadian,Canadian,North American,26.9937,208.2159,3.0117,8.9979,Canadian
147476,Canadian,Canadian,North American,109.8529,594.5735,11.2130,15.6388,Canadian
147477,Canadian,Canadian,North American,43.4100,351.4108,11.4065,18.3267,Canadian
147478,Canadian,Canadian,North American,45.4011,568.5400,58.3908,20.0409,Canadian
147479,Canadian,Canadian,North American,4.9443,344.3550,22.2349,26.1328,Canadian
147480,Canadian,Canadian,North American,113.4288,544.5100,7.9099,8.5736,Canadian
147481,Canadian,Canadian,North American,9.1236,355.7400,5.1743,33.8871,Canadian
147482,Canadian,Canadian,North American,46.1778,670.5083,30.6668,41.7706,Canadian
147483,Canadian,Canadian,North American,16.8904,563.2990,16.5998,48.2069,Canadian
147484,Canadian,Canadian,North American,108.4137,1238.0622,126.4627,40.1317,Canadian
147485,Canadian,Canadian,North American,7.0980,205.8000,23.3520,9.0300,Canadian
147486,Canadian,Canadian,North American,27.3799,346.6220,18.9971,18.7946,Canadian
147487,Canadian,Canadian,North American,103.3675,400.6947,2.2284,1.4697,Canadian
147488,Canadian,Canadian,North American,3.5520,350.4000,2.6040,37.0920,Canadian
147489,Canadian,Canadian,North American,65.3205,864.8650,48.8868,45.0714,Canadian
147490,Canadian,Canadian,North American,93.4906,1531.1396,93.6845,89.4751,Canadian
147491,Canadian,Canadian,North American,677.0624,5278.1743,50.8674,279.2671,Canadian
147492,Canadian,Canadian,North American,22.2761,834.7732,47.8268,63.5601,Canadian
147493,Canadian,Canadian,North American,32.4318,127.2600,1.6976,0.5828,Canadian
147494,Canadian,Canadian,North American,8.6026,481.3590,40.8072,31.7300,Canadian
147495,Canadian,Canadian,North American,56.9752,495.4415,20.0268,23.3485,Canadian
147496,Canadian,Canadian,North American,391.9870,2649.0354,133.8751,66.3492,Canadian
147497,Canadian,Canadian,North American,47.9640,661.8291,11.9724,47.9640,Canadian
147498,Canadian,Canadian,North American,4.0754,73.3200,0.7442,6.3337,Canadian
147499,Canadian,Canadian,North American,466.6368,1812.1735,16.3150,2.4447,Canadian
147500,Canadian,Canadian,North American,156.1754,1682.4543,44.0443,106.0499,Canadian
147501,Canadian,Canadian,North American,92.8465,2512.6107,38.8625,234.7292,Canadian
147502,Canadian,Canadian,North American,41.3887,295.6413,7.4796,14.4284,Canadian
147503,Canadian,Canadian,North American,73.9957,329.5382,6.4352,1.7563,Canadian
147504,Canadian,Canadian,North American,31.1465,1150.1791,67.1932,85.7753,Canadian
147505,Canadian,Canadian,North American,1301.5983,6880.7558,105.1240,148.3097,Canadian
147506,Canadian,Canadian,North American,304.1174,1696.7390,99.4325,15.3330,Canadian
147507,Canadian,Canadian,North American,322.7022,2030.5833,24.3935,76.8902,Canadian
147508,Canadian,Canadian,North American,57.0229,2013.2230,130.2436,140.9717,Canadian
147509,Canadian,Canadian,North American,16.3117,377.3400,22.9175,24.6888,Canadian
147510,Canadian,Canadian,North American,10.1184,398.0365,27.1307,27.9962,Canadian
147511,Canadian,Canadian,North American,204.5403,1230.3097,29.0438,37.1659,Canadian
147512,Canadian,Canadian,North American,19.1061,1124.1060,47.3928,94.6387,Canadian
147513,Canadian,Canadian,North American,325.1737,1996.6045,54.7831,51.7570,Canadian
147514,Canadian,Canadian,North American,691.0278,5213.6520,176.5999,206.3210,Canadian
147515,Canadian,Canadian,North American,224.0568,920.4133,5.9324,2.1691,Canadian
147516,Canadian,Canadian,North American,0.7897,119.1375,7.2225,9.6998,Canadian
147517,Canadian,Canadian,North American,4.6781,3890.5701,297.3593,289.6467,Canadian
147518,Canadian,Canadian,North American,401.6352,2104.7775,13.6336,55.2059,Canadian
147519,Canadian,Canadian,North American,1918.6781,11079.9400,182.8612,309.1533,Canadian
147520,Canadian,Canadian,North American,77.9016,905.3200,51.7960,44.5764,Canadian
147521,Canadian,Canadian,North American,76.4207,1815.2971,79.4186,133.1138,Canadian
147522,Canadian,Canadian,North American,23.5659,197.2878,14.5751,6.3337,Canadian
147523,Canadian,Canadian,North American,111.6472,672.7015,29.9884,16.0148,Canadian
147524,Canadian,Canadian,North American,42.4540,691.6658,16.6115,53.1024,Canadian
147525,Canadian,Canadian,North American,51.8954,500.5560,12.5595,29.7828,Canadian
147526,Canadian,Canadian,North American,127.1521,1936.3063,98.5064,123.1873,Canadian
147527,Canadian,Canadian,North American,73.0022,2032.4237,169.1047,116.0907,Canadian
147528,Canadian,Canadian,North American,47.6020,578.8000,24.5420,34.7200,Canadian
147529,Canadian,Canadian,North American,262.8766,2125.9573,39.4350,122.7952,Canadian
147530,Canadian,Canadian,North American,5.9801,445.0550,1.6943,46.5203,Canadian
147531,Canadian,Canadian,North American,660.3306,3706.1300,110.9556,147.7552,Canadian
147532,Canadian,Canadian,North American,550.5410,4184.8535,53.0999,217.6178,Canadian
147533,Canadian,Canadian,North American,483.1499,11036.3338,1827.7137,140.9775,Canadian
147534,Canadian,Canadian,North American,64.9119,2709.0285,544.5518,15.0330,Canadian
147535,Canadian,Canadian,North American,144.6717,1321.6000,31.0425,71.5268,Canadian
147536,Canadian,Canadian,North American,368.5449,2314.6750,100.7028,58.6817,Canadian
147537,Canadian,Canadian,North American,115.8528,1959.6132,168.3918,90.2816,Canadian
147538,Canadian,Canadian,North American,3.8174,1233.4143,194.5514,49.1325,Canadian
147539,Canadian,Canadian,North American,53.6706,303.6009,9.4377,8.0771,Canadian
147540,Canadian,Canadian,North American,18.5496,117.5988,6.3024,2.3457,Canadian
147541,Canadian,Canadian,North American,45.0471,833.7300,67.1625,43.3176,Canadian
147542,Canadian,Canadian,North American,60.8349,565.4815,13.9680,33.8399,Canadian
147543,Canadian,Canadian,North American,62.4641,1092.1989,40.9687,82.0813,Canadian
147544,Canadian,Canadian,North American,51.6007,626.9628,9.0032,43.2635,Canadian
147545,Canadian,Canadian,North American,257.0402,1686.3441,23.3800,79.8666,Canadian
147546,Canadian,Canadian,North American,5.8060,1891.4824,57.2434,180.0310,Canadian
147547,Canadian,Canadian,North American,144.8900,2146.3510,103.6484,138.4483,Canadian
147548,Canadian,Canadian,North American,17.0101,314.0100,1.7868,27.1638,Canadian
147549,Canadian,Canadian,North American,0.4811,2.7360,0.2257,0.0600,Canadian
147550,Canadian,Canadian,North American,12.6833,22035.3275,2754.1809,1130.5339,Canadian
147551,Canadian,Canadian,North American,160.2223,1152.1949,70.0152,40.6739,Canadian
147552,Canadian,Canadian,North American,97.6623,1731.3429,147.5432,88.0157,Canadian
147553,Canadian,Canadian,North American,130.4750,1226.7605,48.0260,63.7590,Canadian
147554,Canadian,Canadian,North American,120.7906,2031.1600,36.2220,164.5449,Canadian
147555,Canadian,Canadian,North American,17.5000,173.1600,8.1952,8.2068,Canadian
147556,Canadian,Canadian,North American,80.8980,1895.8378,14.1410,173.3278,Canadian
147557,Canadian,Canadian,North American,2.2055,366.8600,0.0000,40.5000,Canadian
147558,Canadian,Canadian,North American,107.3678,1458.9759,119.0520,63.8243,Canadian
147559,Canadian,Canadian,North American,341.8443,2019.5420,23.1177,61.4823,Canadian
147560,Canadian,Canadian,North American,45.0873,44631.8164,3373.9311,3331.9245,Canadian
147561,Canadian,Canadian,North American,20.8223,1269.2077,99.3151,89.6820,Canadian
147562,Canadian,Canadian,North American,15.0560,135.4269,2.8806,7.9460,Canadian
147563,Canadian,Canadian,North American,54.0057,2499.9071,178.3268,174.8154,Canadian
147564,Canadian,Canadian,North American,357.1231,3071.6240,44.8745,165.6090,Canadian
147565,Canadian,Canadian,North American,34.6392,529.4425,5.5637,41.2668,Canadian
147566,Canadian,Canadian,North American,27.7200,393.8162,11.7266,28.9980,Canadian
147567,Canadian,Canadian,North American,182.9042,889.8823,27.0993,7.6577,Canadian
147568,Canadian,Canadian,North American,154.0080,1638.0000,9.6480,115.3260,Canadian
147569,Canadian,Canadian,North American,39.4422,1132.4863,70.9439,79.4149,Canadian
147570,Canadian,Canadian,North American,203.0985,1214.9835,38.0733,35.2774,Canadian
147571,Canadian,Canadian,North American,77.5095,496.4877,31.0190,12.1284,Canadian
147572,Canadian,Canadian,North American,22.5451,130.7616,7.3313,1.5929,Canadian
147573,Canadian,Canadian,North American,8.3234,203.3500,14.1896,12.9534,Canadian
147574,Canadian,Canadian,North American,34.3012,308.6698,11.9735,17.0184,Canadian
147575,Canadian,Canadian,North American,4.6548,20.7000,1.1448,0.1422,Canadian
147576,Canadian,Canadian,North American,569.7220,2839.3270,50.2205,38.2308,Canadian
147577,Canadian,Canadian,North American,11.4724,745.8865,55.7025,52.4775,Canadian
147578,Canadian,Canadian,North American,234.7502,1302.5316,73.8879,14.3575,Canadian
147579,Canadian,Canadian,North American,57.2562,446.4452,0.3071,27.2106,Canadian
147580,Canadian,Canadian,North American,128.9043,3935.5857,158.4101,315.2269,Canadian
147581,Canadian,Canadian,North American,4.4085,3209.5673,385.2023,172.6582,Canadian
147582,Canadian,Canadian,North American,170.4432,1543.2226,109.9239,47.1046,Canadian
147583,Canadian,Canadian,North American,5.6072,947.7920,77.9315,67.5034,Canadian
147584,Canadian,Canadian,North American,926.6375,3724.5525,0.5250,0.3735,Canadian
147585,Canadian,Canadian,North American,379.7855,3088.7438,120.2746,124.7928,Canadian
147586,Canadian,Canadian,North American,0.8295,83.8164,0.3387,9.0705,Canadian
147587,Canadian,Canadian,North American,88.3304,1240.2920,49.8519,77.1042,Canadian
147588,Canadian,Canadian,North American,1411.1720,5641.8600,0.0000,0.0000,Canadian
147589,Canadian,Canadian,North American,39.6960,672.9145,16.6722,52.7820,Canadian
147590,Canadian,Canadian,North American,41.1788,342.1617,9.5538,17.2228,Canadian
147591,Canadian,Canadian,North American,92.7897,1060.6385,54.1148,56.1519,Canadian
147592,Canadian,Canadian,North American,11.7448,1755.3090,64.5448,159.2625,Canadian
147593,Canadian,Canadian,North American,353.1319,2191.7710,59.4380,91.4723,Canadian
147594,Canadian,Canadian,North American,19.1871,331.6059,4.4013,28.1701,Canadian
147595,Canadian,Canadian,North American,81.6318,429.6300,12.1908,9.4950,Canadian
147596,Canadian,Canadian,North American,206.5661,1534.7944,155.1305,12.1589,Canadian
147597,Canadian,Canadian,North American,1017.6724,5003.5472,161.2168,32.2126,Canadian
147598,Canadian,Canadian,North American,59.9984,2247.0018,378.3102,45.6288,Canadian
147599,Canadian,Canadian,North American,273.6256,1668.5808,20.0591,62.7622,Canadian
147600,Canadian,Canadian,North American,,,,,Canadian
147601,Canadian,Canadian,North American,6.5380,1110.9000,0.7700,122.5700,Canadian
147602,Canadian,Canadian,North American,6.4634,1682.2453,369.4375,9.8010,Canadian
147603,Canadian,Canadian,North American,172.4424,1015.7010,74.8491,5.8941,Canadian
147604,Canadian,Canadian,North American,251.2896,4296.1808,432.5444,187.3407,Canadian
147605,Canadian,Canadian,North American,99.5194,2528.2812,97.5905,196.3925,Canadian
147606,Canadian,Canadian,North American,15.1754,1302.4892,270.6991,7.4615,Canadian
147607,Canadian,Canadian,North American,25.5162,976.7341,27.1044,89.3513,Canadian
147608,Canadian,Canadian,North American,144.9910,764.4500,16.6205,13.1200,Canadian
147609,Canadian,Canadian,North American,189.6438,1444.2992,42.7433,62.0887,Canadian
147610,Canadian,Canadian,North American,6.0308,2574.4562,522.2689,39.6091,Canadian
147611,Canadian,Canadian,North American,117.7898,831.5700,50.6119,28.4018,Canadian
147612,Canadian,Canadian,North American,19.8428,241.8180,4.3185,18.4459,Canadian
147613,Canadian,Canadian,North American,102.0430,1283.9400,45.4910,94.7870,Canadian
147614,Canadian,Canadian,North American,21.5847,153.9000,2.6931,7.2000,Canadian
147615,Canadian,Canadian,North American,284.6444,1738.5551,87.3270,37.0822,Canadian
147616,Canadian,Canadian,North American,11.9417,50.9760,2.0415,1.3901,Canadian
147617,Canadian,Canadian,North American,603.0169,3000.4167,44.2388,47.3710,Canadian
147618,Canadian,Canadian,North American,349.3488,1975.0860,43.8496,54.1018,Canadian
147619,Canadian,Canadian,North American,7.7756,260.7267,25.0616,14.7039,Canadian
147620,Canadian,Canadian,North American,491.9527,2443.1847,46.7097,55.7698,Canadian
147621,Canadian,Canadian,North American,5.3500,387.5800,9.7149,37.2789,Canadian
147622,Canadian,Canadian,North American,96.7752,774.6030,39.9685,26.3605,Canadian
147623,Canadian,Canadian,North American,112.4435,1477.1791,18.5771,112.4140,Canadian
147624,Canadian,Canadian,North American,16.8360,53.6800,0.8540,0.5856,Canadian
147625,Canadian,Canadian,North American,4765.0941,20150.8160,230.6649,228.7095,Canadian
147626,Canadian,Canadian,North American,142.2336,893.3707,24.0602,33.6391,Canadian
147627,Canadian,Canadian,North American,423.5082,2315.3133,38.2330,53.7588,Canadian
147628,Canadian,Canadian,North American,537.6821,3555.3625,61.6385,149.8492,Canadian
147629,Canadian,Canadian,North American,,,,,Canadian
147630,Canadian,Canadian,North American,160.0921,3512.8160,109.8637,278.2829,Canadian
147631,Canadian,Canadian,North American,25.2653,104.0762,2.1811,0.9608,Canadian
147632,Canadian,Canadian,North American,306.6895,2788.3653,19.4494,173.3043,Canadian
147633,Canadian,Canadian,North American,78.6784,2299.6575,238.1024,107.4751,Canadian
147634,Canadian,Canadian,North American,68.1203,3323.4007,11.7591,332.2438,Canadian
147635,Canadian,Canadian,North American,99.5255,4777.4240,288.8543,352.3818,Canadian
147636,Canadian,Canadian,North American,25.7920,623.5720,35.3960,42.1460,Canadian
147637,Canadian,Canadian,North American,21.6183,229.6550,16.1303,10.4035,Canadian
147638,Canadian,Canadian,North American,269.7475,5048.4681,475.7111,224.3525,Canadian
147639,Canadian,Canadian,North American,18.3715,1192.9948,102.6652,77.6864,Canadian
147640,Canadian,Canadian,North American,773.4643,4407.7610,76.2602,129.3554,Canadian
147641,Canadian,Canadian,North American,13.7724,2408.0273,285.2286,134.6115,Canadian
147642,Canadian,Canadian,North American,149.6645,695.4016,15.1748,6.4807,Canadian
147643,Canadian,Canadian,North American,1002.9685,3987.6029,13.9354,3.0796,Canadian
147644,Canadian,Canadian,North American,16.7379,390.0969,53.9785,10.1607,Canadian
147645,Canadian,Canadian,North American,103.1717,886.7580,31.0635,38.3633,Canadian
147646,Canadian,Canadian,North American,28.8002,1163.1048,96.9295,72.8372,Canadian
147647,Canadian,Canadian,North American,8.1557,48.7627,2.6571,0.6608,Canadian
147648,Canadian,Canadian,North American,228.6768,1507.6449,66.5898,43.0251,Canadian
147649,Canadian,Canadian,North American,217.3238,1297.7960,17.8980,43.5045,Canadian
147650,Canadian,Canadian,North American,17.1048,1155.4002,86.1258,81.2787,Canadian
147651,Canadian,Canadian,North American,1.6720,6.5392,0.1057,0.0461,Canadian
147652,Canadian,Canadian,North American,120.3380,825.4532,25.9344,28.3339,Canadian
147653,Canadian,Canadian,North American,106.4833,1260.6852,185.0301,7.3936,Canadian
147654,Canadian,Canadian,North American,0.5996,10.1086,0.0299,0.0094,Canadian
147655,Canadian,Canadian,North American,58.5650,685.1000,35.0806,39.6444,Canadian
147656,Canadian,Canadian,North American,112.2771,1629.6954,62.8529,112.3402,Canadian
147657,Canadian,Canadian,North American,308.8687,1237.0953,5.0521,2.3190,Canadian
147658,Canadian,Canadian,North American,27.7082,274.0400,7.0192,15.9874,Canadian
147659,Canadian,Canadian,North American,10.2069,807.3110,90.8486,42.4587,Canadian
147660,Canadian,Canadian,North American,41.3347,467.3844,19.5747,29.7874,Canadian
147661,Canadian,Canadian,North American,673.6155,5837.5487,126.8023,306.9526,Canadian
147662,Canadian,Canadian,North American,226.2340,1897.0000,48.8652,89.0556,Canadian
147663,Canadian,Canadian,North American,409.7893,1822.0491,44.8757,8.8108,Canadian
147664,Canadian,Canadian,North American,175.1923,2067.0260,33.3907,141.7391,Canadian
147665,Canadian,Canadian,North American,62.6564,608.4190,23.8520,30.8350,Canadian
147666,Canadian,Canadian,North American,0.3677,1.4432,0.0597,0.0187,Canadian
147667,Canadian,Canadian,North American,2.7489,214.3870,0.8798,22.7536,Canadian
147668,Canadian,Canadian,North American,6.1469,411.2203,26.8518,30.1922,Canadian
147669,Canadian,Canadian,North American,16.6017,945.8100,52.6113,75.2305,Canadian
147670,Canadian,Canadian,North American,6.8980,3510.5720,133.2415,322.9800,Canadian
147671,Canadian,Canadian,North American,10.0990,185.8599,14.6158,9.9996,Canadian
147672,Canadian,Canadian,North American,31.6651,140.9500,6.6447,0.9689,Canadian
147673,Canadian,Canadian,North American,37.7160,2258.2231,64.6342,207.4722,Canadian
147674,Canadian,Canadian,North American,342.1302,3496.1101,256.5286,137.9478,Canadian
147675,Canadian,Canadian,North American,18.3121,904.7503,82.3278,55.4354,Canadian
147676,Canadian,Canadian,North American,70.9504,864.4757,22.5628,58.2220,Canadian
147677,Canadian,Canadian,North American,357.9192,1381.4360,43.0711,16.5312,Canadian
147678,Canadian,Canadian,North American,380.0990,2435.5567,52.3853,83.2460,Canadian
147679,Canadian,Canadian,North American,26554.1400,106033.6800,122.6100,338.6250,Canadian
147680,Canadian,Canadian,North American,234.2544,937.9986,3.1270,1.1928,Canadian
147681,Canadian,Canadian,North American,56.2986,374.3928,6.2129,15.1148,Canadian
147682,Canadian,Canadian,North American,64.0863,642.1082,25.6523,37.7825,Canadian
147683,Canadian,Canadian,North American,574.8397,3931.8390,72.1571,148.8353,Canadian
147684,Canadian,Canadian,North American,112.9710,1400.7600,50.0234,86.0876,Canadian
147685,Canadian,Canadian,North American,0.0000,0.0000,0.0000,0.0000,Canadian
147686,Canadian,Canadian,North American,1.7760,175.2000,1.3020,18.5460,Canadian
147687,Canadian,Canadian,North American,21.1283,323.7750,16.5350,18.7511,Canadian
147688,Canadian,Canadian,North American,18.5005,1162.4600,105.7298,73.6776,Canadian
147689,Canadian,Canadian,North American,12.3478,122.9620,4.7584,7.4605,Canadian
147690,Canadian,Canadian,North American,135.5087,562.4150,0.0000,0.0000,Canadian
147691,Canadian,Canadian,North American,41.1206,248.9748,26.7590,1.7973,Canadian
147692,Canadian,Canadian,North American,1518.7363,6082.8450,1.5684,1.0460,Canadian
147693,Canadian,Canadian,North American,2.4558,46.1225,1.3024,0.0912,Canadian
147694,Canadian,Canadian,North American,6.1926,1806.9756,189.8150,109.5580,Canadian
147695,Canadian,Canadian,North American,6.4976,1984.9350,3.1807,220.7290,Canadian
147696,Canadian,Canadian,North American,602.2891,5715.0987,161.8902,307.1300,Canadian
147697,Canadian,Canadian,North American,175.7354,1294.0300,19.0400,61.1050,Canadian
147698,Canadian,Canadian,North American,7.3990,279.8400,2.7440,27.1960,Canadian
147699,Canadian,Canadian,North American,496.5249,3853.6741,63.2437,201.4151,Canadian
147700,Canadian,Canadian,North American,48.3398,3385.6424,385.5225,177.5575,Canadian
147701,Canadian,Canadian,North American,383.4091,2303.9752,181.7604,5.2323,Canadian
147702,Canadian,Canadian,North American,10.8978,531.2377,3.4466,54.6113,Canadian
147703,Canadian,Canadian,North American,15.4530,62.7720,0.3072,0.0714,Canadian
147704,Canadian,Canadian,North American,0.4903,2.8350,0.3003,0.0441,Canadian
147705,Canadian,Canadian,North American,119.2140,870.5010,53.6309,21.9025,Canadian
147706,Canadian,Canadian,North American,529.1438,3920.2000,58.4510,227.0682,Canadian
147707,Canadian,Canadian,North American,338.6009,1785.5261,93.7932,10.0377,Canadian
147708,Canadian,Canadian,North American,42.5961,1233.1024,163.6580,45.6513,Canadian
147709,Canadian,Canadian,North American,196.6639,1517.1115,55.6075,58.9010,Canadian
147710,Canadian,Canadian,North American,0.3600,71.5000,6.2800,4.7550,Canadian
147711,Canadian,Canadian,North American,523.4894,2762.8000,101.4672,32.6985,Canadian
147712,Canadian,Canadian,North American,34.8167,1176.9358,17.0067,109.3897,Canadian
147713,Canadian,Canadian,North American,19.9340,827.5862,8.2399,85.7811,Canadian
147714,Canadian,Canadian,North American,8.1397,440.7268,91.4023,2.6243,Canadian
147715,Canadian,Canadian,North American,310.9949,1893.2497,123.1030,23.1013,Canadian
147716,Canadian,Canadian,North American,333.5632,1922.9470,19.0435,63.3540,Canadian
147717,Canadian,Canadian,North American,145.4617,647.1640,18.7087,2.5260,Canadian
147718,Canadian,Canadian,North American,,,,,Canadian
147719,Canadian,Canadian,North American,144.9330,2445.4963,133.5066,161.1931,Canadian
147720,Canadian,Canadian,North American,71.4443,276.3550,0.0954,0.0996,Canadian
147721,Canadian,Canadian,North American,9.0749,78.6413,8.1421,1.0114,Canadian
147722,Canadian,Canadian,North American,129.5191,651.0690,8.7134,14.9397,Canadian
147723,Canadian,Canadian,North American,14.2025,129.5000,3.8815,7.3100,Canadian
147724,Canadian,Canadian,North American,26.6464,709.1940,6.6886,68.8796,Canadian
147725,Canadian,Canadian,North American,29.5711,125.1630,2.9897,0.9882,Canadian
147726,Canadian,Canadian,North American,19.2047,175.1375,9.4537,7.5232,Canadian
147727,Canadian,Canadian,North American,88.2606,799.2130,56.1384,25.0814,Canadian
147728,Canadian,Canadian,North American,19.7787,157.8860,3.8522,7.4821,Canadian
147729,Canadian,Canadian,North American,173.6610,1419.7780,39.5568,65.8479,Canadian
147730,Canadian,Canadian,North American,334.5123,1308.0250,1.6163,0.7127,Canadian
147731,Canadian,Canadian,North American,76.1233,1795.0200,60.1198,149.4890,Canadian
147732,Canadian,Canadian,North American,80.5781,485.7375,16.4506,13.7200,Canadian
147733,Canadian,Canadian,North American,38.9013,3011.9279,158.0369,248.5913,Canadian
147734,Canadian,Canadian,North American,168.1849,661.8400,0.0000,0.0880,Canadian
147735,Canadian,Canadian,North American,30.3450,1304.7100,146.4736,64.4331,Canadian
147736,Canadian,Canadian,North American,94.3996,892.3050,11.4878,55.7593,Canadian
147737,Canadian,Canadian,North American,5.7986,31.1757,2.2545,0.8137,Canadian
147738,Canadian,Canadian,North American,182.2406,1284.4030,15.8032,59.6502,Canadian
147739,Canadian,Canadian,North American,95.7342,1013.1646,23.3653,67.5172,Canadian
147740,Canadian,Canadian,North American,384.7903,1941.2263,62.8370,18.4055,Canadian
147741,Canadian,Canadian,North American,55.8310,285.4850,7.8484,3.6084,Canadian
147742,Canadian,Canadian,North American,267.6246,2615.0551,68.7993,145.8516,Canadian
147743,Canadian,Canadian,North American,117.0890,3688.8189,107.0239,313.8882,Canadian
147744,Canadian,Canadian,North American,45.9549,3183.3050,72.7451,304.0450,Canadian
147745,Canadian,Canadian,North American,56.6440,2848.6632,170.1136,210.6194,Canadian
147746,Canadian,Canadian,North American,103.5609,1305.7225,116.3811,47.2569,Canadian
147747,Canadian,Canadian,North American,334.7025,2562.9800,55.5650,124.8045,Canadian
147748,Canadian,Canadian,North American,9.6302,659.0352,30.0632,56.1951,Canadian
147749,Canadian,Canadian,North American,790.8454,5045.8910,93.3224,173.6060,Canadian
147750,Canadian,Canadian,North American,145.6033,1229.7325,34.8559,55.2745,Canadian
147751,Canadian,Canadian,North American,201.5866,1400.7900,19.4454,62.1500,Canadian
147752,Canadian,Canadian,North American,8.0026,43.9940,3.0471,0.8756,Canadian
147753,Canadian,Canadian,North American,4.5162,20.1112,0.8092,0.0706,Canadian
147754,Canadian,Canadian,North American,145.5589,2632.4674,55.5299,209.4961,Canadian
147755,Canadian,Canadian,North American,398.7091,2672.3100,31.5197,107.6688,Canadian
147756,Canadian,Canadian,North American,38.5397,654.6515,28.3330,48.7204,Canadian
147757,Canadian,Canadian,North American,75.1909,1347.4450,17.4332,119.3900,Canadian
147758,Canadian,Canadian,North American,200.8640,1168.3467,15.8933,36.4320,Canadian
147759,Canadian,Canadian,North American,27.7910,998.5862,13.5829,100.1811,Canadian
147760,Canadian,Canadian,North American,1.0579,819.1590,1.1875,92.3798,Canadian
147761,Canadian,Canadian,North American,97.0945,1114.6963,145.5546,21.8305,Canadian
147762,Canadian,Canadian,North American,43.2043,735.5213,22.8196,57.8649,Canadian
147763,Canadian,Canadian,North American,168.8987,1039.1770,8.7384,41.7513,Canadian
147764,Canadian,Canadian,North American,29.6493,116.8340,0.1067,0.0732,Canadian
147765,Canadian,Canadian,North American,185.9363,1687.4960,43.4775,93.6535,Canadian
147766,Canadian,Canadian,North American,361.8902,2850.3799,90.5927,117.4157,Canadian
147767,Canadian,Canadian,North American,7.1889,868.5700,2.1982,93.0671,Canadian
147768,Canadian,Canadian,North American,30.3522,1364.1642,156.3823,69.2968,Canadian
147769,Canadian,Canadian,North American,66.4522,1076.6537,112.3246,43.7629,Canadian
147770,Canadian,Canadian,North American,52.8581,252.5260,5.7070,2.7619,Canadian
147771,Canadian,Canadian,North American,139.8295,1819.4390,123.3014,87.8431,Canadian
147772,Canadian,Canadian,North American,259.4973,3225.7000,37.1057,237.3958,Canadian
147773,Canadian,Canadian,North American,181.7273,1849.2981,47.3708,112.9364,Canadian
147774,Canadian,Canadian,North American,50.2832,657.9857,49.8485,28.3502,Canadian
147775,Canadian,Canadian,North American,532.1315,3387.3360,36.4950,125.9489,Canadian
147776,Canadian,Canadian,North American,694.9357,3801.0140,54.5395,92.4526,Canadian
147777,Canadian,Canadian,North American,85.9594,6672.7288,274.4038,576.6140,Canadian
147778,Canadian,Canadian,North American,56.0702,241.5727,7.3346,0.7678,Canadian
147779,Canadian,Canadian,North American,389.3502,4343.0530,25.0378,307.6867,Canadian
147780,Canadian,Canadian,North American,5.5070,340.7150,8.2015,32.4858,Canadian
147781,Canadian,Canadian,North American,41.6794,1392.4397,274.0315,7.7771,Canadian
147782,Canadian,Canadian,North American,45.7476,517.1160,29.1636,25.9957,Canadian
147783,Canadian,Canadian,North American,61.9236,255.6948,1.9591,1.1593,Canadian
147784,Canadian,Canadian,North American,455.6098,2260.6834,99.6359,11.2361,Canadian
147785,Canadian,Canadian,North American,282.8376,2838.1820,63.6260,195.3529,Canadian
147786,Canadian,Canadian,North American,52.8064,836.8800,21.9234,65.5052,Canadian
147787,Canadian,Canadian,North American,394.6271,1868.4200,28.5245,26.5533,Canadian
147788,Canadian,Canadian,North American,46.7031,2010.9179,186.7090,118.5427,Canadian
147789,Canadian,Canadian,North American,321.2955,1482.4305,18.6275,14.3213,Canadian
147790,Canadian,Canadian,North American,156.3370,966.6570,29.7706,24.4621,Canadian
147791,Canadian,Canadian,North American,277.3702,1653.6120,22.2549,58.2540,Canadian
147792,Canadian,Canadian,North American,111.8555,1974.9363,262.9181,50.0158,Canadian
147793,Canadian,Canadian,North American,33.7526,2005.5837,111.5903,162.6903,Canadian
147794,Canadian,Canadian,North American,281.6643,1600.9082,5.7350,57.1033,Canadian
147795,Canadian,Canadian,North American,254.5989,1583.7993,11.6892,62.7615,Canadian
147796,Canadian,Canadian,North American,47.9022,997.6500,29.5833,82.2201,Canadian
147797,Canadian,Canadian,North American,10.6490,1292.9200,6.4704,137.3050,Canadian
147798,Canadian,Canadian,North American,68.1646,1142.4500,20.1760,93.5358,Canadian
147799,Canadian,Canadian,North American,198.7061,2988.9089,296.3021,112.5304,Canadian
147800,Canadian,Canadian,North American,140.6766,981.5877,27.3684,39.8652,Canadian
147801,Canadian,Canadian,North American,54.2475,699.6140,2.5301,54.6980,Canadian
147802,Canadian,Canadian,North American,31.5639,171.8525,4.1215,4.6193,Canadian
147803,Canadian,Canadian,North American,7.7143,1109.7008,148.7583,50.3249,Canadian
147804,Canadian,Canadian,North American,59.5654,863.9160,50.6200,43.7270,Canadian
147805,Canadian,Canadian,North American,230.2196,1520.8677,41.3176,50.0572,Canadian
147806,Canadian,Canadian,North American,443.4387,2035.8940,19.0787,24.5616,Canadian
147807,Canadian,Canadian,North American,9.5170,3404.0592,386.2815,192.0494,Canadian
147808,Canadian,Canadian,North American,4.3677,257.5185,1.1274,27.3055,Canadian
147809,Canadian,Canadian,North American,22.5430,94.1924,1.2279,0.4993,Canadian
147810,Canadian,Canadian,North American,192.8915,1152.3250,31.9405,16.8089,Canadian
147811,Canadian,Canadian,North American,89.0778,752.8400,24.6801,40.0880,Canadian
147812,Canadian,Canadian,North American,23.4809,2012.1350,3.2753,216.5182,Canadian
147813,Canadian,Canadian,North American,13.2960,552.0000,5.4960,57.2160,Canadian
147814,Canadian,Canadian,North American,64.7209,1171.9486,190.6704,10.4553,Canadian
147815,Canadian,Canadian,North American,126.3600,67240.0000,1155.6000,7001.9600,Canadian
147816,Canadian,Canadian,North American,60.2761,1649.2142,278.7794,25.1326,Canadian
147817,Canadian,Canadian,North American,8046.6475,36048.2172,464.4117,459.9368,Canadian
147818,Canadian,Canadian,North American,39.6840,457.4733,19.2680,24.3953,Canadian
147819,Canadian,Canadian,North American,33.4276,858.4610,2.2578,81.3335,Canadian
147820,Canadian,Canadian,North American,504.4483,3608.5810,36.2125,160.7625,Canadian
147821,Canadian,Canadian,North American,258.6481,1432.9955,31.3620,27.5972,Canadian
147822,Canadian,Canadian,North American,157.6839,1727.4400,3.4221,119.2851,Canadian
147823,Canadian,Canadian,North American,29.8581,517.5342,34.7964,30.9274,Canadian
147824,Canadian,Canadian,North American,805.8483,3962.9627,121.1784,27.3296,Canadian
147825,Canadian,Canadian,North American,119.3471,2338.8830,43.9254,201.5140,Canadian
147826,Canadian,Canadian,North American,465.2268,3859.8170,20.3451,222.9773,Canadian
147827,Canadian,Canadian,North American,67.4361,2418.4933,70.0893,223.1119,Canadian
147828,Canadian,Canadian,North American,82.3104,830.9098,38.7537,44.7359,Canadian
147829,Canadian,Canadian,North American,56.4388,2516.7446,122.0403,200.3334,Canadian
147830,Canadian,Canadian,North American,393.7519,2062.8380,60.0233,35.7229,Canadian
147831,Canadian,Canadian,North American,262.9372,2023.6245,51.9685,91.9873,Canadian
147832,Canadian,Canadian,North American,14.8899,82.6808,5.5029,0.3967,Canadian
147833,Canadian,Canadian,North American,35.7758,153.6783,6.0662,1.4947,Canadian
147834,Canadian,Canadian,North American,106.9517,590.3920,25.0341,15.8260,Canadian
147835,Canadian,Canadian,North American,30.2169,285.2100,19.3260,8.9410,Canadian
147836,Canadian,Canadian,North American,3.9285,85.5000,2.6715,7.2000,Canadian
147837,Canadian,Canadian,North American,13.2558,601.4958,106.2427,11.5315,Canadian
147838,Canadian,Canadian,North American,430.0508,2592.8765,57.4370,73.1638,Canadian
147839,Canadian,Canadian,North American,1.2600,6.7223,0.2133,0.1056,Canadian
147840,Canadian,Canadian,North American,69.9289,845.0667,71.2093,35.0318,Canadian
147841,Canadian,Canadian,North American,475.9619,2630.4910,75.7492,73.3506,Canadian
147842,Canadian,Canadian,North American,56.2892,2036.2925,5.7107,203.5659,Canadian
147843,Canadian,Canadian,North American,31.5350,1957.1499,60.2376,176.2399,Canadian
147844,Canadian,Canadian,North American,607.2470,3390.5150,27.3960,115.1570,Canadian
147845,Canadian,Canadian,North American,273.8139,1561.0547,106.1685,10.4441,Canadian
147846,Canadian,Canadian,North American,3.5183,17.7375,1.0518,0.2690,Canadian
147847,Canadian,Canadian,North American,29.8534,598.9440,30.2587,41.3855,Canadian
147848,Canadian,Canadian,North American,297.2947,1193.1059,5.1587,1.1280,Canadian
147849,Canadian,Canadian,North American,156.7998,839.7390,49.7756,4.9191,Canadian
147850,Canadian,Canadian,North American,476.5669,2484.5980,53.2736,35.4815,Canadian
147851,Canadian,Canadian,North American,305.7440,1882.8830,25.2555,60.2297,Canadian
147852,Canadian,Canadian,North American,24.3804,1863.6750,111.5535,146.6132,Canadian
147853,Canadian,Canadian,North American,48.6532,743.5690,9.6424,58.5207,Canadian
147854,Canadian,Canadian,North American,89.9891,1187.2396,61.0449,72.6761,Canadian
147855,Canadian,Canadian,North American,6.8002,49.0800,1.2167,2.2246,Canadian
147856,Canadian,Canadian,North American,106.0197,3271.5800,0.6920,324.4880,Canadian
147857,Canadian,Canadian,North American,187.0368,1085.0917,4.3186,44.2249,Canadian
147858,Canadian,Canadian,North American,,,,,Canadian
147859,Canadian,Canadian,North American,332.7022,1374.6910,6.5477,1.6569,Canadian
147860,Canadian,Canadian,North American,200.3608,1073.6800,40.7988,10.5996,Canadian
147861,Canadian,Canadian,North American,215.5522,2173.2627,32.0289,133.8834,Canadian
147862,Canadian,Canadian,North American,9.0636,71.6267,9.4593,0.6467,Canadian
147863,Canadian,Canadian,North American,29.1469,2744.0077,101.3277,243.9693,Canadian
147864,Canadian,Canadian,North American,476.7684,2731.8760,41.5840,86.3100,Canadian
147865,Canadian,Canadian,North American,88.1684,5576.6025,333.0574,430.1291,Canadian
147866,Canadian,Canadian,North American,65.8596,1042.6189,81.4009,52.6320,Canadian
147867,Canadian,Canadian,North American,6.8369,161.8760,8.9515,11.9550,Canadian
147868,Canadian,Canadian,North American,17.9084,75.1167,0.7137,0.2627,Canadian
147869,Canadian,Canadian,North American,13.9034,135.8532,8.8513,5.8933,Canadian
147870,Canadian,Canadian,North American,30.2379,113.7031,1.4924,0.1777,Canadian
147871,Canadian,Canadian,North American,41.2918,714.9517,9.2886,62.9142,Canadian
147872,Canadian,Canadian,North American,228.7050,885.6210,9.7792,1.2792,Canadian
147873,Canadian,Canadian,North American,36.3977,173.8370,4.7669,2.7937,Canadian
147874,Canadian,Canadian,North American,64.6727,737.2867,19.4035,44.5707,Canadian
147875,Canadian,Canadian,North American,120.3364,534.4998,17.8932,3.1560,Canadian
147876,Canadian,Canadian,North American,296.1880,1525.3500,22.2435,40.7705,Canadian
147877,Canadian,Canadian,North American,2115.5977,81666.6807,1028.1446,7887.4838,Canadian
147878,Canadian,Canadian,North American,61.3013,1148.7530,21.1670,97.8775,Canadian
147879,Canadian,Canadian,North American,1.9281,208.8216,45.0291,1.2077,Canadian
147880,Canadian,Canadian,North American,17.4567,977.6767,3.5622,100.9856,Canadian
147881,Canadian,Canadian,North American,11.9680,81.1950,0.3124,0.0000,Canadian
147882,Canadian,Canadian,North American,220.1165,1144.8400,19.4849,27.5541,Canadian
147883,Canadian,Canadian,North American,30.2814,718.3237,103.5845,17.7595,Canadian
147884,Canadian,Canadian,North American,23.6548,291.0858,18.7560,12.9403,Canadian
147885,Canadian,Canadian,North American,91.4344,368.6650,6.1766,1.7960,Canadian
147886,Canadian,Canadian,North American,116.5459,2438.8835,99.8017,184.9224,Canadian
147887,Canadian,Canadian,North American,270.2466,2958.4930,45.5223,189.9247,Canadian
147888,Canadian,Canadian,North American,133.8221,679.9000,10.9486,15.9400,Canadian
147889,Canadian,Canadian,North American,409.4989,2622.0975,75.2328,111.5798,Canadian
147890,Canadian,Canadian,North American,483.6188,3636.1550,43.7315,178.3561,Canadian
147891,Canadian,Canadian,North American,163.4592,774.6568,26.9849,5.8347,Canadian
147892,Canadian,Canadian,North American,17.5639,259.9198,17.7156,15.0576,Canadian
147893,Canadian,Canadian,North American,61.3898,255.2000,2.8044,1.6585,Canadian
147894,Canadian,Canadian,North American,37.6320,158.7600,1.8060,1.1760,Canadian
147895,Canadian,Canadian,North American,41.9612,1092.0654,92.1786,59.1128,Canadian
147896,Canadian,Canadian,North American,89.3239,1222.2530,112.5366,48.2533,Canadian
147897,Canadian,Canadian,North American,55.9838,211.0250,1.6149,0.2256,Canadian
147898,Canadian,Canadian,North American,77.9024,1460.9200,53.2732,115.4808,Canadian
147899,Canadian,Canadian,North American,434.7512,6037.7323,403.0850,291.7982,Canadian
147900,Canadian,Canadian,North American,201.8365,1854.0735,55.6867,94.8664,Canadian
147901,Canadian,Canadian,North American,440.4097,4830.4445,88.4630,310.2687,Canadian
147902,Canadian,Canadian,North American,39.0000,154.9475,2.3681,0.9063,Canadian
147903,Canadian,Canadian,North American,42.9819,1444.2386,121.5880,88.7709,Canadian
147904,Canadian,Canadian,North American,135.9745,1850.5796,224.2533,37.1812,Canadian
147905,Canadian,Canadian,North American,206.9446,998.7180,24.9060,7.4036,Canadian
147906,Canadian,Canadian,North American,53.6317,1209.0710,165.6139,33.3424,Canadian
147907,Canadian,Canadian,North American,259.2564,2035.4933,31.1631,105.0010,Canadian
147908,Canadian,Canadian,North American,155.3021,3271.8543,322.5433,149.6048,Canadian
147909,Canadian,Canadian,North American,237.4565,1262.1747,18.4573,32.4355,Canadian
147910,Canadian,Canadian,North American,108.8460,951.8393,41.4611,40.3061,Canadian
147911,Canadian,Canadian,North American,134.5188,528.3027,4.4328,1.0106,Canadian
147912,Canadian,Canadian,North American,35.5185,579.0760,21.4214,41.9225,Canadian
147913,Canadian,Canadian,North American,44.6792,376.9502,25.5027,17.2377,Canadian
147914,Canadian,Canadian,North American,498.8018,2713.7675,109.7202,28.1484,Canadian
147915,Canadian,Canadian,North American,277.7208,4311.1920,65.2170,335.5614,Canadian
147916,Canadian,Canadian,North American,306.0220,2131.8000,41.1380,90.6580,Canadian
147917,Canadian,Canadian,North American,887.7095,5041.3140,90.5710,136.5211,Canadian
147918,Canadian,Canadian,North American,36.3626,835.6420,19.1368,70.2658,Canadian
147919,Canadian,Canadian,North American,23.4082,2069.4617,70.5866,187.9466,Canadian
147920,Canadian,Canadian,North American,1034.9230,5317.4935,168.3690,56.4895,Canadian
147921,Canadian,Canadian,North American,12.2118,1382.5000,93.0210,107.0470,Canadian
147922,Canadian,Canadian,North American,50.1550,274.8737,12.5362,6.0450,Canadian
147923,Canadian,Canadian,North American,253.0333,2047.6587,40.6444,108.5045,Canadian
147924,Canadian,Canadian,North American,418.8473,2389.4593,71.9210,47.0824,Canadian
147925,Canadian,Canadian,North American,52.3292,343.4000,5.3806,14.4240,Canadian
147926,Canadian,Canadian,North American,4.0030,198.0797,2.1844,20.8101,Canadian
147927,Canadian,Canadian,North American,96.9334,514.5752,12.2305,15.1104,Canadian
147928,Canadian,Canadian,North American,,,,,Canadian
147929,Canadian,Canadian,North American,41.8314,296.1185,4.9595,14.0775,Canadian
147930,Canadian,Canadian,North American,111.2571,3377.7751,38.0936,333.5613,Canadian
147931,Canadian,Canadian,North American,139.8431,690.9508,46.8813,24.6801,Canadian
147932,Canadian,Canadian,North American,542.0592,3227.8163,64.7868,98.9676,Canadian
147933,Canadian,Canadian,North American,76.4547,3563.8692,385.4479,182.4410,Canadian
147934,Canadian,Canadian,North American,196.6389,1347.2625,53.8421,39.2106,Canadian
147935,Canadian,Canadian,North American,219.6675,2078.9200,55.7923,118.0825,Canadian
147936,Canadian,Canadian,North American,142.5717,1207.8883,39.6932,56.5141,Canadian
147937,Canadian,Canadian,North American,25.7005,448.1341,54.3740,13.3976,Canadian
147938,Canadian,Canadian,North American,302.9990,1869.1193,48.6997,57.0711,Canadian
147939,Canadian,Canadian,North American,295.9664,1971.1127,136.4666,34.6185,Canadian
147940,Canadian,Canadian,North American,50.7406,1177.0820,3.7051,109.2115,Canadian
147941,Canadian,Canadian,North American,92.1294,916.8512,99.3829,19.3753,Canadian
147942,Canadian,Canadian,North American,0.0000,37.8250,8.4150,0.2125,Canadian
147943,Canadian,Canadian,North American,12.9955,53.9718,1.8974,1.2798,Canadian
147944,Canadian,Canadian,North American,156.8082,629.4806,8.2447,1.8741,Canadian
147945,Canadian,Canadian,North American,315.6736,2231.0924,75.6720,81.2690,Canadian
147946,Canadian,Canadian,North American,519.1166,3346.5060,61.5485,119.6897,Canadian
147947,Canadian,Canadian,North American,28.3508,959.1000,26.3266,83.3874,Canadian
147948,Canadian,Canadian,North American,3.4122,41.6145,0.6721,3.0475,Canadian
147949,Canadian,Canadian,North American,403.2333,1585.9200,3.5641,3.7589,Canadian
147950,Canadian,Canadian,North American,25.1662,644.5792,109.0493,12.7716,Canadian
147951,Canadian,Canadian,North American,36.6560,437.7000,7.7530,31.1040,Canadian
147952,Canadian,Canadian,North American,1782.6835,7311.7659,64.4150,3.0322,Canadian
147953,Canadian,Canadian,North American,12.4785,66.3015,1.3237,0.5809,Canadian
147954,Canadian,Canadian,North American,77.0336,307.6975,5.7251,0.4816,Canadian
147955,Canadian,Canadian,North American,9.0404,47.9050,1.1667,0.5075,Canadian
147956,Canadian,Canadian,North American,91.3378,770.7288,26.2249,36.1813,Canadian
147957,Canadian,Canadian,North American,130.6422,1055.1600,22.3729,53.2091,Canadian
147958,Canadian,Canadian,North American,20.9950,138.8000,4.2834,5.8725,Canadian
147959,Canadian,Canadian,North American,78.9683,559.8351,25.8671,24.6024,Canadian
147960,Canadian,Canadian,North American,0.0000,68.0280,4.2075,0.1062,Canadian
147961,Canadian,Canadian,North American,89.7151,684.7800,18.7587,33.3775,Canadian
147962,Canadian,Canadian,North American,26.4860,629.2202,14.7388,55.6953,Canadian
147963,Canadian,Canadian,North American,562.5334,3457.6932,73.0468,104.6075,Canadian
147964,Canadian,Canadian,North American,176.0740,2390.5441,124.9506,147.6230,Canadian
147965,Canadian,Canadian,North American,72.4620,1039.4255,62.8000,47.5500,Canadian
147966,Canadian,Canadian,North American,214.7348,1388.0435,57.0568,30.7697,Canadian
147967,Canadian,Canadian,North American,171.1819,1208.7440,44.8785,36.4424,Canadian
147968,Canadian,Canadian,North American,640.2204,2565.1408,3.1038,1.3812,Canadian
147969,Canadian,Canadian,North American,17.5337,579.6231,31.9050,42.7150,Canadian
147970,Canadian,Canadian,North American,168.9613,1079.5900,24.0465,39.9196,Canadian
147971,Canadian,Canadian,North American,282.1038,1799.3560,47.7773,74.0278,Canadian
147972,Canadian,Canadian,North American,492.2872,2694.7861,19.9730,73.7207,Canadian
147973,Canadian,Canadian,North American,108.7186,1204.1199,40.9436,80.2409,Canadian
147974,Canadian,Canadian,North American,19.3093,151.6500,4.4096,7.4898,Canadian
147975,Canadian,Canadian,North American,23.1671,7620.6195,607.2025,568.4081,Canadian
147976,Canadian,Canadian,North American,2.7096,1514.6802,84.2590,128.0751,Canadian
147977,Canadian,Canadian,North American,144.7119,770.4011,20.9676,13.0992,Canadian
147978,Canadian,Canadian,North American,120.0160,639.6000,20.0200,9.9840,Canadian
147979,Canadian,Canadian,North American,75.2977,987.6356,100.6292,29.5163,Canadian
147980,Canadian,Canadian,North American,19.9440,828.0000,8.2440,85.8240,Canadian
147981,Canadian,Canadian,North American,42.7293,803.0010,28.9572,63.0567,Canadian
147982,Canadian,Canadian,North American,20.8111,333.2566,4.1060,28.9928,Canadian
147983,Canadian,Canadian,North American,51.3196,7548.7257,325.4382,663.9994,Canadian
147984,Canadian,Canadian,North American,32.8932,151.0560,2.6754,0.8574,Canadian
147985,Canadian,Canadian,North American,6.0142,27.4867,0.8241,0.3612,Canadian
147986,Canadian,Canadian,North American,374.1971,3982.0078,134.8637,221.8199,Canadian
147987,Canadian,Canadian,North American,15.7598,2695.7505,102.8057,243.7011,Canadian
147988,Canadian,Canadian,North American,123.9207,2842.8604,288.3303,128.4140,Canadian
147989,Canadian,Canadian,North American,66.1279,704.0937,31.3525,35.5546,Canadian
147990,Canadian,Canadian,North American,55.4182,646.2952,39.6030,34.2833,Canadian
147991,Canadian,Canadian,North American,16.2461,2666.9021,239.4488,175.4911,Canadian
147992,Canadian,Canadian,North American,47.4872,836.7665,10.9700,70.9761,Canadian
147993,Canadian,Canadian,North American,55.0871,914.7575,7.0346,76.1330,Canadian
147994,Canadian,Canadian,North American,67.8904,794.8219,12.4520,56.7731,Canadian
147995,Canadian,Canadian,North American,517.5050,3315.8005,122.5300,96.8690,Canadian
147996,Canadian,Canadian,North American,115.2982,1184.0952,4.2778,83.4623,Canadian
147997,Canadian,Canadian,North American,256.2823,977.8073,13.0395,5.4646,Canadian
147998,Canadian,Canadian,North American,367.8104,2580.5050,20.6366,119.6282,Canadian
147999,Canadian,Canadian,North American,59.5752,371.0200,2.5552,15.5444,Canadian
148000,Canadian,Canadian,North American,242.0469,1816.1392,9.7389,85.9355,Canadian
148001,Canadian,Canadian,North American,121.8664,1474.9710,36.7180,100.3509,Canadian
148002,Canadian,Canadian,North American,103.8249,2566.1510,78.0565,214.7071,Canadian
148003,Canadian,Canadian,North American,72.8170,904.2363,26.0648,62.2155,Canadian
148004,Canadian,Canadian,North American,14.6781,722.4040,12.8575,69.1292,Canadian
148005,Canadian,Canadian,North American,84.1015,349.2300,5.6140,1.3244,Canadian
148006,Canadian,Canadian,North American,101.6492,1189.3490,8.7579,86.9532,Canadian
148007,Canadian,Canadian,North American,3.1983,19.4018,1.8274,0.2486,Canadian
148008,Canadian,Canadian,North American,198.3449,905.2558,6.2379,14.5735,Canadian
148009,Canadian,Canadian,North American,543.0079,5353.0333,58.5270,334.1072,Canadian
148010,Canadian,Canadian,North American,376.7026,2030.8300,63.4372,31.6965,Canadian
148011,Canadian,Canadian,North American,79.2496,648.6900,12.3182,32.8081,Canadian
148012,Canadian,Canadian,North American,294.5591,1949.0924,112.0399,43.5172,Canadian
148013,Canadian,Canadian,North American,38.5003,696.1215,61.5818,33.1927,Canadian
148014,Canadian,Canadian,North American,119.6768,1373.0647,16.8452,96.7887,Canadian
148015,Canadian,Canadian,North American,3.8172,434.0725,0.7266,46.5039,Canadian
148016,Canadian,Canadian,North American,302.2860,1774.0910,50.0429,44.8754,Canadian
148017,Canadian,Canadian,North American,83.5140,1244.4600,26.7888,93.6648,Canadian
148018,Canadian,Canadian,North American,16.4367,315.2168,2.3673,27.9322,Canadian
148019,Canadian,Canadian,North American,0.9044,131.8530,10.8290,9.1894,Canadian
148020,Canadian,Canadian,North American,381.2816,3838.9620,61.0995,249.0309,Canadian
148021,Canadian,Canadian,North American,283.6614,1614.1074,30.7568,50.3865,Canadian
148022,Canadian,Canadian,North American,41.9962,1233.4635,13.1320,116.1056,Canadian
148023,Canadian,Canadian,North American,7.4711,133.2825,4.0873,10.8549,Canadian
148024,Canadian,Canadian,North American,1.4370,170.2780,0.6156,18.1125,Canadian
148025,Canadian,Canadian,North American,209.9769,1211.9993,3.4804,45.7815,Canadian
148026,Canadian,Canadian,North American,184.8840,747.2986,8.6424,2.1736,Canadian
148027,Canadian,Canadian,North American,65.1739,1374.5414,46.2361,113.4239,Canadian
148028,Canadian,Canadian,North American,63.6837,916.6355,15.1785,73.8160,Canadian
148029,Canadian,Canadian,North American,162.2260,1243.0980,35.9632,56.3933,Canadian
148030,Canadian,Canadian,North American,293.0445,1630.9270,21.4743,44.1373,Canadian
148031,Canadian,Canadian,North American,45.5748,1660.5399,7.2700,166.6764,Canadian
148032,Canadian,Canadian,North American,14.3629,471.6900,6.1662,44.7414,Canadian
148033,Canadian,Canadian,North American,27.7528,3476.2924,19.1855,371.7163,Canadian
148034,Canadian,Canadian,North American,643.6279,4814.8670,53.2958,220.9730,Canadian
148035,Canadian,Canadian,North American,45.3150,1514.4270,153.4796,81.0109,Canadian
148036,Canadian,Canadian,North American,228.4754,1902.2745,44.3140,96.9565,Canadian
148037,Canadian,Canadian,North American,79.2277,667.4132,34.6850,26.8463,Canadian
148038,Canadian,Canadian,North American,302.5932,1590.0320,20.6966,40.6363,Canadian
148039,Canadian,Canadian,North American,48.0022,4525.2269,267.4853,354.9418,Canadian
148040,Canadian,Canadian,North American,3.3566,331.1221,2.4607,35.0513,Canadian
148041,Canadian,Canadian,North American,431.3950,2578.4770,51.8765,74.4648,Canadian
148042,Canadian,Canadian,North American,46.8611,328.9510,7.5443,15.2491,Canadian
148043,Canadian,Canadian,North American,21.4249,1100.9850,72.7654,80.0873,Canadian
148044,Canadian,Canadian,North American,14.9440,2099.5048,166.6185,147.5897,Canadian
148045,Canadian,Canadian,North American,18.0091,708.5828,105.7295,20.9707,Canadian
148046,Canadian,Canadian,North American,313.4178,3885.4327,41.2921,285.9515,Canadian
148047,Canadian,Canadian,North American,429.9094,4514.0937,71.9997,297.4686,Canadian
148048,Canadian,Canadian,North American,189.2293,1143.2131,56.2330,29.1439,Canadian
148049,Canadian,Canadian,North American,221.0522,1624.3280,32.1201,71.7015,Canadian
148050,Canadian,Canadian,North American,10.6051,527.6996,42.8021,34.1652,Canadian
148051,Canadian,Canadian,North American,34.6094,513.2699,67.8984,10.0211,Canadian
148052,Canadian,Canadian,North American,285.7529,2720.1598,111.5269,124.2548,Canadian
148053,Canadian,Canadian,North American,163.9380,974.1130,26.9482,29.9734,Canadian
148054,Canadian,Canadian,North American,939.3966,3727.5255,37.7810,24.0348,Canadian
148055,Canadian,Canadian,North American,545.4593,2719.8260,62.3100,46.5400,Canadian
148056,Canadian,Canadian,North American,285.1973,1466.3460,17.2640,33.6047,Canadian
148057,Canadian,Canadian,North American,5.8514,259.3932,34.2763,10.2836,Canadian
148058,Canadian,Canadian,North American,483.1781,3230.6420,63.9012,120.2531,Canadian
148059,Canadian,Canadian,North American,102.5473,1167.2425,73.9523,54.4561,Canadian
148060,Canadian,Canadian,North American,4.1710,612.3930,42.2336,46.4356,Canadian
148061,Canadian,Canadian,North American,446.4064,2595.9100,36.2140,88.0358,Canadian
148062,Canadian,Canadian,North American,49.4907,253.9500,20.0832,2.7668,Canadian
148063,Canadian,Canadian,North American,901.1037,3708.1402,16.8041,4.5921,Canadian
148064,Canadian,Canadian,North American,93.9426,422.8800,9.6758,3.8950,Canadian
148065,Canadian,Canadian,North American,38.1840,381.8400,7.0520,22.3600,Canadian
148066,Canadian,Canadian,North American,69.6183,878.6083,31.2327,64.6212,Canadian
148067,Canadian,Canadian,North American,71.3952,1128.9921,16.6054,88.8850,Canadian
148068,Canadian,Canadian,North American,38.3071,373.9680,14.6351,20.0076,Canadian
148069,Canadian,Canadian,North American,24.4575,324.5066,40.0795,7.3762,Canadian
148070,Canadian,Canadian,North American,35.8096,920.2700,37.0251,72.2507,Canadian
148071,Canadian,Canadian,North American,1.4950,1126.3096,89.2151,82.3555,Canadian
148072,Canadian,Canadian,North American,138.8178,609.8160,18.4894,3.9108,Canadian
148073,Canadian,Canadian,North American,459.0515,1849.8549,10.1695,1.5460,Canadian
148074,Canadian,Canadian,North American,32.2712,970.3172,42.7713,79.3244,Canadian
148075,Canadian,Canadian,North American,285.3054,1514.3180,26.6270,37.0270,Canadian
148076,Canadian,Canadian,North American,6.7197,811.3748,95.7000,42.5732,Canadian
148077,Canadian,Canadian,North American,411.9919,2818.7256,70.0408,116.6407,Canadian
148078,Canadian,Canadian,North American,22.8204,385.0332,29.3544,20.3413,Canadian
148079,Canadian,Canadian,North American,306.1744,1651.1452,51.2748,32.3645,Canadian
148080,Canadian,Canadian,North American,266.2972,1084.2045,1.6105,1.3796,Canadian
148081,Canadian,Canadian,North American,11.2773,572.2658,97.2617,16.8102,Canadian
148082,Canadian,Canadian,North American,9.1195,491.7748,34.0088,35.7795,Canadian
148083,Canadian,Canadian,North American,421.4287,1951.9727,31.0818,25.7365,Canadian
148084,Canadian,Canadian,North American,116.0091,729.3900,27.0662,18.2698,Canadian
148085,Canadian,Canadian,North American,2.0686,975.0732,94.5125,62.3247,Canadian
148086,Canadian,Canadian,North American,46.3509,1102.3841,65.3785,74.7201,Canadian
148087,Canadian,Canadian,North American,145.7789,1571.7855,95.8332,63.0512,Canadian
148088,Canadian,Canadian,North American,38.7538,229.9755,19.2941,1.0436,Canadian
148089,Canadian,Canadian,North American,12.4590,79.3500,2.7300,1.9710,Canadian
148090,Canadian,Canadian,North American,116.9889,1466.6862,27.0392,110.0431,Canadian
148091,Canadian,Canadian,North American,9.3685,45.4379,1.9824,0.4878,Canadian
148092,Canadian,Canadian,North American,0.0000,226.9500,50.4900,1.2750,Canadian
148093,Canadian,Canadian,North American,437.2906,4442.9376,27.9691,292.7957,Canadian
148094,Canadian,Canadian,North American,69.8061,701.9550,18.7062,41.6703,Canadian
148095,Canadian,Canadian,North American,2.3838,787.2967,67.3543,56.2067,Canadian
148096,Canadian,Canadian,North American,88.3247,354.0129,1.7010,0.3402,Canadian
148097,Canadian,Canadian,North American,48.9730,1046.3712,122.8994,40.4570,Canadian
148098,Canadian,Canadian,North American,86.2319,479.0509,28.3039,7.2577,Canadian
148099,Canadian,Canadian,North American,1452.6713,8033.2500,119.9590,262.7640,Canadian
148100,Canadian,Canadian,North American,2.3078,815.3417,179.9448,4.6466,Canadian
148101,Canadian,Canadian,North American,178.6634,2875.1680,116.5648,188.3828,Canadian
148102,Canadian,Canadian,North American,10.4812,93.5141,7.7269,2.7560,Canadian
148103,Canadian,Canadian,North American,87.0220,930.4400,21.4458,57.6078,Canadian
148104,Canadian,Canadian,North American,119.6214,1058.9605,27.3020,57.8619,Canadian
148105,Canadian,Canadian,North American,43.6309,163.7160,1.1645,0.4506,Canadian
148106,Canadian,Canadian,North American,301.6010,1312.4225,10.7661,9.8739,Canadian
148107,Canadian,Canadian,North American,786.8865,3219.6860,8.8694,5.0179,Canadian
148108,Canadian,Canadian,North American,590.8753,2521.8010,11.1535,20.7504,Canadian
148109,Canadian,Canadian,North American,366.0614,2125.3374,31.9460,60.6651,Canadian
148110,Canadian,Canadian,North American,249.4122,13883.6000,369.2215,1311.4687,Canadian
148111,Canadian,Canadian,North American,6.1653,7761.0843,593.6867,578.4546,Canadian
148112,Canadian,Canadian,North American,7.7022,1594.5017,190.1223,84.1304,Canadian
148113,Canadian,Canadian,North American,58.2378,230.6565,0.6110,0.1147,Canadian
148114,Canadian,Canadian,North American,42.4997,365.9456,16.1126,16.2331,Canadian
148115,Canadian,Canadian,North American,40.0573,1953.3670,78.4390,166.1170,Canadian
148116,Canadian,Canadian,North American,48.2461,416.7676,19.8512,19.5584,Canadian
148117,Canadian,Canadian,North American,56.3614,731.1250,45.6579,37.4697,Canadian
148118,Canadian,Canadian,North American,40.0029,2019.3432,109.8945,158.7223,Canadian
148119,Canadian,Canadian,North American,115.1725,2233.0215,309.9245,60.3531,Canadian
148120,Canadian,Canadian,North American,35.1053,1938.3616,264.9827,84.1637,Canadian
148121,Canadian,Canadian,North American,12.3772,270.8703,45.4255,1.2093,Canadian
148122,Canadian,Canadian,North American,171.0266,3232.8535,159.5587,214.2895,Canadian
148123,Canadian,Canadian,North American,508.2813,2545.1333,38.9835,53.6130,Canadian
148124,Canadian,Canadian,North American,450.1107,1786.3400,4.3079,0.4628,Canadian
148125,Canadian,Canadian,North American,66.1415,2702.0125,20.8674,276.3320,Canadian
148126,Canadian,Canadian,North American,4.0000,37.0000,4.0000,0.5000,Canadian
148127,Canadian,Canadian,North American,27.9179,569.6400,14.1668,44.4528,Canadian
148128,Canadian,Canadian,North American,35.7196,436.8840,7.3630,31.5094,Canadian
148129,Canadian,Canadian,North American,191.9108,1604.3770,54.3764,80.7292,Canadian
148130,Canadian,Canadian,North American,52.3617,277.4133,16.9477,3.9553,Canadian
148131,Canadian,Canadian,North American,1415.7276,8227.9220,139.4125,278.5180,Canadian
148132,Canadian,Canadian,North American,6.5380,834.9352,180.2904,4.6033,Canadian
148133,Canadian,Canadian,North American,65.8634,330.3562,9.6621,4.6845,Canadian
148134,Canadian,Canadian,North American,451.2940,3227.5455,99.5700,121.3363,Canadian
148135,Canadian,Canadian,North American,74.3555,474.0056,10.4612,15.5613,Canadian
148136,Canadian,Canadian,North American,156.0379,813.9870,46.3077,8.2662,Canadian
148137,Canadian,Canadian,North American,12.7973,569.1410,6.7499,56.8007,Canadian
148138,Canadian,Canadian,North American,68.7152,449.7393,35.0217,4.9378,Canadian
148139,Canadian,Canadian,North American,35.0749,298.3632,12.9933,14.0629,Canadian
148140,Canadian,Canadian,North American,884.5916,3767.9100,55.6010,17.2473,Canadian
148141,Canadian,Canadian,North American,19.1294,137.1320,6.3544,4.8421,Canadian
148142,Canadian,Canadian,North American,39.9540,224.8900,1.0285,7.6580,Canadian
148143,Canadian,Canadian,North American,51.2458,900.4040,60.9740,52.9343,Canadian
148144,Canadian,Canadian,North American,264.5068,5267.7692,59.7206,441.0030,Canadian
148145,Canadian,Canadian,North American,14.7980,704.4759,99.1015,25.4614,Canadian
148146,Canadian,Canadian,North American,1430.6047,8704.7320,171.5435,263.5965,Canadian
148147,Canadian,Canadian,North American,45.8184,1637.0241,145.7228,94.1606,Canadian
148148,Canadian,Canadian,North American,89.4260,3865.3322,398.2110,205.3894,Canadian
148149,Canadian,Canadian,North American,18.9884,460.0875,11.1900,40.3002,Canadian
148150,Canadian,Canadian,North American,10.8527,574.6845,45.8115,38.8249,Canadian
148151,Canadian,Canadian,North American,38.2753,1391.1286,102.0216,91.2990,Canadian
148152,Canadian,Canadian,North American,114.5248,1411.3069,178.4662,30.5345,Canadian
148153,Canadian,Canadian,North American,38.5778,169.3630,6.8225,0.4740,Canadian
148154,Canadian,Canadian,North American,243.1891,1298.1450,88.0095,4.3702,Canadian
148155,Canadian,Canadian,North American,301.1695,1145.6087,4.7417,3.0910,Canadian
148156,Canadian,Canadian,North American,54.9767,1009.7938,33.7336,75.3795,Canadian
148157,Canadian,Canadian,North American,73.6587,1485.3530,50.4914,120.1959,Canadian
148158,Canadian,Canadian,North American,12.4491,955.3271,84.7704,61.9498,Canadian
148159,Canadian,Canadian,North American,250.0984,992.5933,2.4751,1.1720,Canadian
148160,Canadian,Canadian,North American,417.7051,3213.9280,96.8597,144.9701,Canadian
148161,Canadian,Canadian,North American,5.8854,24.9475,0.1588,0.0454,Canadian
148162,Canadian,Canadian,North American,666.4626,3511.2948,367.1533,27.5761,Canadian
148163,Canadian,Canadian,North American,21.8160,779.5867,18.5133,70.1480,Canadian
148164,Canadian,Canadian,North American,79.7116,1268.9940,3.1535,109.8081,Canadian
148165,Canadian,Canadian,North American,14.4352,102.8450,3.1096,3.9419,Canadian
148166,Canadian,Canadian,North American,69.1677,769.4636,94.4786,9.7552,Canadian
148167,Canadian,Canadian,North American,33.8679,222.1859,3.4201,9.6393,Canadian
148168,Canadian,Canadian,North American,96.1420,972.5907,7.3559,65.4740,Canadian
148169,Canadian,Canadian,North American,84.2293,1934.7845,44.3005,169.3475,Canadian
148170,Canadian,Canadian,North American,4.0951,118.5902,0.7995,11.4192,Canadian
148171,Canadian,Canadian,North American,176.5897,1400.2280,38.5685,62.5050,Canadian
148172,Canadian,Canadian,North American,64.3849,302.8003,5.7416,2.2056,Canadian
148173,Canadian,Canadian,North American,272.1780,2467.7690,26.9882,148.6694,Canadian
148174,Canadian,Canadian,North American,37.6509,164.4380,2.0393,0.9145,Canadian
148175,Canadian,Canadian,North American,132.6325,1147.1200,35.3559,56.5670,Canadian
148176,Canadian,Canadian,North American,18.0558,70.3004,0.1737,0.0364,Canadian
148177,Canadian,Canadian,North American,56.0624,332.4205,13.1472,11.1790,Canadian
148178,Canadian,Canadian,North American,671.9477,4016.3600,74.3520,127.1470,Canadian
148179,Canadian,Canadian,North American,13.4169,857.9673,100.9733,42.4307,Canadian
148180,Canadian,Canadian,North American,2.8838,3316.7347,718.2966,27.2385,Canadian
148181,Canadian,Canadian,North American,411.2368,2033.3420,65.6504,9.0968,Canadian
148182,Canadian,Canadian,North American,87.3489,1741.4750,62.1097,139.9095,Canadian
148183,Canadian,Canadian,North American,287.7151,1476.2040,44.9146,40.0230,Canadian
148184,Canadian,Canadian,North American,149.4263,2999.1988,50.5865,256.1279,Canadian
148185,Canadian,Canadian,North American,159.0356,2908.8574,185.0406,180.0879,Canadian
148186,Canadian,Canadian,North American,193.2792,1276.4190,19.2232,48.3190,Canadian
148187,Canadian,Canadian,North American,0.0000,250.6095,0.0000,28.3495,Canadian
148188,Canadian,Canadian,North American,105.7497,2353.6900,39.0401,205.4514,Canadian
148189,Canadian,Canadian,North American,239.1886,1677.5350,74.5871,49.2808,Canadian
148190,Canadian,Canadian,North American,15.3570,676.6475,57.0650,43.9959,Canadian
148191,Canadian,Canadian,North American,678.4061,5399.8311,168.0544,233.8825,Canadian
148192,Canadian,Canadian,North American,96.6192,1690.8034,66.1305,121.7325,Canadian
148193,Canadian,Canadian,North American,228.4634,1800.4304,49.5548,88.6672,Canadian
148194,Canadian,Canadian,North American,4.4006,19.9630,0.8262,0.1181,Canadian
148195,Canadian,Canadian,North American,200.3596,1123.0090,15.7165,36.7876,Canadian
148196,Canadian,Canadian,North American,6.4947,1428.7269,75.1589,122.5351,Canadian
148197,Canadian,Canadian,North American,5.6576,1843.1400,55.7804,175.4298,Canadian
148198,Canadian,Canadian,North American,8.9984,2341.0449,70.8962,222.3264,Canadian
148199,Canadian,Canadian,North American,32.5059,1593.1349,113.8787,109.5132,Canadian
148200,Canadian,Canadian,North American,87.2804,441.4400,35.0612,4.5692,Canadian
148201,Canadian,Canadian,North American,90.1313,2631.7210,9.8739,252.1338,Canadian
148202,Canadian,Canadian,North American,22.8519,1478.5775,129.1014,97.3812,Canadian
148203,Canadian,Canadian,North American,56.2116,699.4000,29.8000,38.5512,Canadian
148204,Canadian,Canadian,North American,515.3331,4480.6170,150.7696,212.3975,Canadian
148205,Canadian,Canadian,North American,126.4169,2398.2800,87.3119,172.5556,Canadian
148206,Canadian,Canadian,North American,9.1673,362.3201,49.8444,13.1402,Canadian
148207,Canadian,Canadian,North American,51.0925,429.0693,13.1061,20.7500,Canadian
148208,Canadian,Canadian,North American,56.7186,1381.5140,47.5808,116.8932,Canadian
148209,Canadian,Canadian,North American,44.0692,519.9070,26.4291,28.0410,Canadian
148210,Canadian,Canadian,North American,102.1781,1260.4845,36.2286,81.1267,Canadian
148211,Canadian,Canadian,North American,39.1303,223.0682,6.5367,6.1515,Canadian
148212,Canadian,Canadian,North American,4.2648,335.8087,8.0892,32.4508,Canadian
148213,Canadian,Canadian,North American,10.8692,1898.9185,360.2302,36.7608,Canadian
148214,Canadian,Canadian,North American,1.2639,4.3242,0.1324,0.0310,Canadian
148215,Canadian,Canadian,North American,64.2215,1059.1375,14.7951,86.5046,Canadian
148216,Canadian,Canadian,North American,35.0208,145.9200,3.0552,1.3680,Canadian
148217,Canadian,Canadian,North American,94.9577,4439.3165,172.1379,373.2211,Canadian
148218,Canadian,Canadian,North American,349.8268,2488.3033,62.6225,92.5184,Canadian
148219,Canadian,Canadian,North American,101.6789,1191.7192,39.9380,74.8110,Canadian
148220,Canadian,Canadian,North American,83.8787,2801.8765,53.7781,268.1433,Canadian
148221,Canadian,Canadian,North American,65.7275,10097.6609,1405.6589,433.1993,Canadian
148222,Canadian,Canadian,North American,29.1866,622.8659,95.3497,13.4032,Canadian
148223,Canadian,Canadian,North American,229.9650,8329.5191,35.3956,813.9250,Canadian
148224,Canadian,Canadian,North American,6.2985,379.8725,1.0919,40.9905,Canadian
148225,Canadian,Canadian,North American,1.7211,1621.1061,359.1373,9.1117,Canadian
148226,Canadian,Canadian,North American,239.0411,1385.6800,31.8563,33.3845,Canadian
148227,Canadian,Canadian,North American,3.9318,85.5199,2.6731,7.2005,Canadian
148228,Canadian,Canadian,North American,149.8621,824.3890,32.6874,37.5199,Canadian
148229,Canadian,Canadian,North American,393.8344,1916.6935,13.9506,32.8099,Canadian
148230,Canadian,Canadian,North American,25.4983,2150.3401,207.2491,129.4463,Canadian
148231,Canadian,Canadian,North American,665.4145,4186.6540,69.9229,154.3494,Canadian
148232,Canadian,Canadian,North American,11.5766,1030.8705,83.8698,69.7702,Canadian
148233,Canadian,Canadian,North American,88.6881,1751.2043,20.0158,157.6604,Canadian
148234,Canadian,Canadian,North American,11.7855,277.8600,12.7665,21.7200,Canadian
148235,Canadian,Canadian,North American,7.0080,946.5120,9.0280,101.4630,Canadian
148236,Canadian,Canadian,North American,307.1145,2774.9930,51.1373,156.1225,Canadian
148237,Canadian,Canadian,North American,883.5263,4919.3227,90.0708,134.8290,Canadian
148238,Canadian,Canadian,North American,2.6469,1266.4779,1.3048,139.2057,Canadian
148239,Canadian,Canadian,North American,20.2145,84.3537,1.8915,0.6234,Canadian
148240,Canadian,Canadian,North American,31.4389,1847.3453,212.3076,97.4033,Canadian
148241,Canadian,Canadian,North American,250.5245,3268.4800,25.7209,258.3797,Canadian
148242,Canadian,Canadian,North American,72.1213,436.8550,8.5729,14.1350,Canadian
148243,Canadian,Canadian,North American,9.7529,1005.1039,78.7236,70.2120,Canadian
148244,Canadian,Canadian,North American,32.7972,691.2015,21.7242,57.9354,Canadian
148245,Canadian,Canadian,North American,171.7879,2998.3827,254.6882,144.2812,Canadian
148246,Canadian,Canadian,North American,397.9138,3729.8506,90.0247,223.0764,Canadian
148247,Canadian,Canadian,North American,241.6068,1877.7528,43.4900,95.4045,Canadian
148248,Canadian,Canadian,North American,28.9716,357.3433,5.5509,25.6148,Canadian
148249,Canadian,Canadian,North American,102.6450,452.4020,7.0769,4.9744,Canadian
148250,Canadian,Canadian,North American,21.5204,2687.2198,362.4025,116.1877,Canadian
148251,Canadian,Canadian,North American,2.9754,53.1900,0.5724,4.5450,Canadian
148252,Canadian,Canadian,North American,56.8623,1643.6119,162.4384,83.6694,Canadian
148253,Canadian,Canadian,North American,282.5002,3183.6623,34.7757,212.3241,Canadian
148254,Canadian,Canadian,North American,213.5080,1532.0940,31.4600,66.9956,Canadian
148255,Canadian,Canadian,North American,284.5606,2456.0880,60.4701,145.3015,Canadian
148256,Canadian,Canadian,North American,24.3731,684.1535,18.7524,59.8572,Canadian
148257,Canadian,Canadian,North American,135.1916,1048.7570,11.2559,56.6754,Canadian
148258,Canadian,Canadian,North American,224.3640,1308.0910,26.9938,42.1700,Canadian
148259,Canadian,Canadian,North American,307.6282,1494.6440,35.3224,9.3686,Canadian
148260,Canadian,Canadian,North American,606.3850,2820.9300,53.2450,17.6226,Canadian
148261,Canadian,Canadian,North American,109.0914,1269.7891,41.5374,78.3183,Canadian
148262,Canadian,Canadian,North American,72.0427,4189.2362,300.4861,294.3914,Canadian
148263,Canadian,Canadian,North American,263.8355,2589.5178,49.7930,162.8438,Canadian
148264,Canadian,Canadian,North American,8.8475,287.2681,18.6783,19.2826,Canadian
148265,Canadian,Canadian,North American,42.6619,1488.5886,50.3484,133.0535,Canadian
148266,Canadian,Canadian,North American,19.1681,431.1680,78.1383,4.3698,Canadian
148267,Canadian,Canadian,North American,9.7546,140.9850,2.8792,10.0839,Canadian
148268,Canadian,Canadian,North American,115.9261,12166.6987,35.1458,1288.0832,Canadian
148269,Canadian,Canadian,North American,183.4707,1357.4814,18.1665,67.8270,Canadian
148270,Canadian,Canadian,North American,21.1359,456.7216,14.2779,38.4094,Canadian
148271,Canadian,Canadian,North American,971.9467,5100.1820,74.3143,125.9921,Canadian
148272,Canadian,Canadian,North American,20.0189,469.1720,12.7396,40.4307,Canadian
148273,Canadian,Canadian,North American,0.0000,0.0000,0.0000,0.0000,Canadian
148274,Canadian,Canadian,North American,138.0915,625.4080,25.5539,0.6989,Canadian
148275,Canadian,Canadian,North American,9.3472,160.9422,2.0930,13.8361,Canadian
148276,Canadian,Canadian,North American,966.4756,7934.0600,84.5185,444.8212,Canadian
148277,Canadian,Canadian,North American,35.5141,156.7538,6.6582,0.9393,Canadian
148278,Canadian,Canadian,North American,16.8228,160.4492,12.9201,5.0758,Canadian
148279,Canadian,Canadian,North American,310.7452,1576.3801,24.5422,33.5468,Canadian
148280,Canadian,Canadian,North American,393.0307,2281.9530,26.6640,67.3779,Canadian
148281,Canadian,Canadian,North American,291.2060,2030.0070,41.4749,80.6069,Canadian
148282,Canadian,Canadian,North American,1.5155,123.1275,3.7239,11.4066,Canadian
148283,Canadian,Canadian,North American,356.6561,2876.0831,71.1413,148.6061,Canadian
148284,Canadian,Canadian,North American,406.7470,2735.3600,99.8420,83.2150,Canadian
148285,Canadian,Canadian,North American,35.5851,162.0078,1.8354,0.5422,Canadian
148286,Canadian,Canadian,North American,276.0073,1500.0960,34.4040,30.9775,Canadian
148287,Canadian,Canadian,North American,116.0995,2780.7100,60.0010,250.1625,Canadian
148288,Canadian,Canadian,North American,102.2897,447.9227,9.4163,3.1702,Canadian
148289,Canadian,Canadian,North American,91.4280,1083.0000,21.3720,77.6100,Canadian
148290,Canadian,Canadian,North American,45.3875,434.6620,12.8737,29.9648,Canadian
148291,Canadian,Canadian,North American,0.0000,0.0000,0.0000,0.0000,Canadian
148292,Canadian,Canadian,North American,81.0499,384.8099,9.4675,3.4474,Canadian
148293,Canadian,Canadian,North American,140.9121,2712.2719,128.0949,188.2250,Canadian
148294,Canadian,Canadian,North American,13.5768,184.3507,9.6815,11.4243,Canadian
148295,Canadian,Canadian,North American,1.0523,2424.1605,538.6146,13.6366,Canadian
148296,Canadian,Canadian,North American,191.6346,1148.0209,12.4786,47.4814,Canadian
148297,Canadian,Canadian,North American,633.0270,4955.7667,103.1050,217.6347,Canadian
148298,Canadian,Canadian,North American,70.3754,460.8110,19.7829,9.2505,Canadian
148299,Canadian,Canadian,North American,13.4470,597.8265,39.2063,42.3258,Canadian
148300,Canadian,Canadian,North American,78.6699,1672.9590,40.0255,140.5350,Canadian
148301,Canadian,Canadian,North American,586.1611,3347.5972,82.4861,128.5907,Canadian
148302,Canadian,Canadian,North American,,,,,Canadian
148303,Canadian,Canadian,North American,234.5291,1872.8242,47.8248,97.1040,Canadian
148304,Canadian,Canadian,North American,257.6885,1655.7804,29.0151,63.1691,Canadian
148305,Canadian,Canadian,North American,126.5946,1584.1160,99.3910,85.4586,Canadian
148306,Canadian,Canadian,North American,326.2224,2657.6182,99.4593,111.8999,Canadian
148307,Canadian,Canadian,North American,21.0029,2546.6230,214.6339,179.1747,Canadian
148308,Canadian,Canadian,North American,142.2434,1161.9230,40.5500,52.6156,Canadian
148309,Canadian,Canadian,North American,4.0205,18.0395,0.8516,0.0935,Canadian
148310,Canadian,Canadian,North American,2.2962,120.3300,0.8633,12.1839,Canadian
148311,Canadian,Canadian,North American,214.1232,2033.2840,104.8351,98.8581,Canadian
148312,Canadian,Canadian,North American,52.8926,4343.6004,226.5257,362.3064,Canadian
148313,Canadian,Canadian,North American,0.0000,0.0000,0.0000,0.0000,Canadian
148314,Canadian,Canadian,North American,397.3939,4431.9490,65.1965,295.3317,Canadian
148315,Canadian,Canadian,North American,326.5229,1489.9509,11.9151,16.0828,Canadian
148316,Canadian,Canadian,North American,39.1330,1374.0767,52.3034,117.6391,Canadian
148317,Canadian,Canadian,North American,100.5293,546.1500,12.4205,15.8282,Canadian
148318,Canadian,Canadian,North American,50.6160,770.2090,24.0824,58.0057,Canadian
148319,Canadian,Canadian,North American,4.5578,84.0409,5.0748,5.9858,Canadian
148320,Canadian,Canadian,North American,1.6095,7.9292,0.3849,0.3152,Canadian
148321,Canadian,Canadian,North American,,,,,Canadian
148322,Canadian,Canadian,North American,234.8699,1295.3541,73.4044,10.0365,Canadian
148323,Canadian,Canadian,North American,186.8204,1639.6660,9.8818,98.1496,Canadian
148324,Canadian,Canadian,North American,65.2897,1073.7052,181.5754,5.2755,Canadian
148325,Canadian,Canadian,North American,112.7200,1991.0760,50.4490,157.3834,Canadian
148326,Canadian,Canadian,North American,85.3395,697.9036,42.4872,25.4417,Canadian
148327,Canadian,Canadian,North American,318.3916,3607.3752,85.5546,234.2854,Canadian
148328,Canadian,Canadian,North American,41.4755,479.0900,14.0203,31.4683,Canadian
148329,Canadian,Canadian,North American,12.6792,575.1130,6.7492,57.7253,Canadian
148330,Canadian,Canadian,North American,0.1957,152.5267,33.7736,0.8777,Canadian
148331,Canadian,Canadian,North American,646.7898,3968.0466,147.9656,77.4942,Canadian
148332,Canadian,Canadian,North American,433.2432,2206.7650,38.0190,36.9138,Canadian
148333,Canadian,Canadian,North American,9.8704,1959.6709,170.7654,127.6537,Canadian
148334,Canadian,Canadian,North American,223.6550,2934.1200,5.6070,232.4000,Canadian
148335,Canadian,Canadian,North American,2.3360,948.5365,71.1178,73.1053,Canadian
148336,Canadian,Canadian,North American,594.5653,3750.5290,65.4271,117.7854,Canadian
148337,Canadian,Canadian,North American,14.0864,225.7306,2.3522,19.0073,Canadian
148338,Canadian,Canadian,North American,60.3110,332.0000,6.6320,10.2450,Canadian
148339,Canadian,Canadian,North American,919.6240,5788.2360,55.6921,228.9630,Canadian
148340,Canadian,Canadian,North American,354.4043,2543.1610,18.8425,116.7675,Canadian
148341,Canadian,Canadian,North American,232.3040,1285.6500,34.2212,32.5690,Canadian
148342,Canadian,Canadian,North American,78.5359,741.4401,91.4411,5.2016,Canadian
148343,Canadian,Canadian,North American,145.0490,1707.6905,190.1759,43.1123,Canadian
148344,Canadian,Canadian,North American,82.4399,3082.8522,267.6096,189.4241,Canadian
148345,Canadian,Canadian,North American,12.3522,308.9710,1.6641,28.4983,Canadian
148346,Canadian,Canadian,North American,80.2630,2371.6320,99.7478,200.7406,Canadian
148347,Canadian,Canadian,North American,51.4408,222.0830,4.3851,1.1902,Canadian
148348,Canadian,Canadian,North American,38.2262,214.4624,7.8659,6.1070,Canadian
148349,Canadian,Canadian,North American,265.2996,1302.5200,10.9500,28.8880,Canadian
148350,Canadian,Canadian,North American,31.1232,334.4500,1.0020,24.4085,Canadian
148351,Canadian,Canadian,North American,,,,,Canadian
148352,Canadian,Canadian,North American,0.0000,45.3520,2.8050,0.0708,Canadian
148353,Canadian,Canadian,North American,0.0681,813.7950,0.9648,92.0599,Canadian
148354,Canadian,Canadian,North American,737.6132,4604.8800,44.9076,164.4978,Canadian
148355,Canadian,Canadian,North American,48.7347,696.4720,29.0785,44.7790,Canadian
148356,Canadian,Canadian,North American,52.4402,440.6516,46.0886,5.9869,Canadian
148357,Canadian,Canadian,North American,27.8080,203.1200,5.1192,9.4512,Canadian
148358,Canadian,Canadian,North American,109.4520,777.8265,42.5401,19.5827,Canadian
148359,Canadian,Canadian,North American,59.9469,1470.7945,69.4478,105.1857,Canadian
148360,Canadian,Canadian,North American,555.3435,4142.8435,59.5024,193.6522,Canadian
148361,Canadian,Canadian,North American,750.1205,5019.7820,70.9468,235.9428,Canadian
148362,Canadian,Canadian,North American,119.8915,935.5200,20.5517,44.4666,Canadian
148363,Canadian,Canadian,North American,170.0965,1378.7169,41.0959,68.5856,Canadian
148364,Canadian,Canadian,North American,627.0192,4515.9630,36.5273,205.5484,Canadian
148365,Canadian,Canadian,North American,42.1015,2547.0522,156.6951,194.0204,Canadian
148366,Canadian,Canadian,North American,20.0842,100.3525,2.1724,0.6137,Canadian
148367,Canadian,Canadian,North American,206.6754,1995.3417,271.6010,7.4462,Canadian
148368,Canadian,Canadian,North American,182.4017,1031.8261,35.6748,33.4011,Canadian
148369,Canadian,Canadian,North American,427.0494,2525.1740,35.2931,72.6926,Canadian
148370,Canadian,Canadian,North American,16.7600,611.6420,7.6860,59.2288,Canadian
148371,Canadian,Canadian,North American,688.1490,3104.9590,28.2778,30.9508,Canadian
148372,Canadian,Canadian,North American,16.4307,1129.1602,188.7188,27.4637,Canadian
148373,Canadian,Canadian,North American,48.1898,244.3583,11.4450,0.3583,Canadian
148374,Canadian,Canadian,North American,22.4641,728.0700,11.7647,72.1328,Canadian
148375,Canadian,Canadian,North American,514.0819,2036.2864,5.0035,3.8900,Canadian
148376,Canadian,Canadian,North American,345.3409,1710.3600,17.5222,34.0602,Canadian
148377,Canadian,Canadian,North American,1253.4934,4982.5818,5.8114,3.1608,Canadian
148378,Canadian,Canadian,North American,103.2468,919.8482,22.2479,51.6424,Canadian
148379,Canadian,Canadian,North American,72.5490,1072.8882,75.6544,55.8285,Canadian
148380,Canadian,Canadian,North American,721.3143,3933.8925,37.6418,106.8338,Canadian
148381,Canadian,Canadian,North American,1.4708,721.8130,0.2390,81.0750,Canadian
148382,Canadian,Canadian,North American,3.9824,1645.2306,363.1297,9.3826,Canadian
148383,Canadian,Canadian,North American,152.3962,1110.3840,42.4540,35.7664,Canadian
148384,Canadian,Canadian,North American,16.5280,345.4516,10.8829,28.8553,Canadian
148385,Canadian,Canadian,North American,80.4662,1091.2249,32.1724,80.8917,Canadian
148386,Canadian,Canadian,North American,8.5556,94.0560,10.8143,0.1748,Canadian
148387,Canadian,Canadian,North American,42.5047,262.4920,10.2218,5.7500,Canadian
148388,Canadian,Canadian,North American,55.6606,967.6775,25.2181,73.7197,Canadian
148389,Canadian,Canadian,North American,104.0733,802.3436,24.7535,34.1551,Canadian
148390,Canadian,Canadian,North American,14.6875,100.7525,12.5288,2.1108,Canadian
148391,Canadian,Canadian,North American,10.9002,189.2195,6.3143,14.9128,Canadian
148392,Canadian,Canadian,North American,70.1250,1191.3400,50.0217,83.0959,Canadian
148393,Canadian,Canadian,North American,161.4448,3137.8695,299.8066,143.2925,Canadian
148394,Canadian,Canadian,North American,300.7069,1170.5232,0.3219,0.1949,Canadian
148395,Canadian,Canadian,North American,166.0157,669.2843,3.3059,1.4799,Canadian
148396,Canadian,Canadian,North American,138.4005,2155.4341,362.5443,9.7117,Canadian
148397,Canadian,Canadian,North American,268.6567,1666.4535,13.2131,60.9440,Canadian
148398,Canadian,Canadian,North American,527.1894,2224.3400,14.0800,1.2800,Canadian
148399,Canadian,Canadian,North American,67.9897,395.4120,18.6577,10.4520,Canadian
148400,Canadian,Canadian,North American,809.9292,3366.2320,23.9586,7.4362,Canadian
148401,Canadian,Canadian,North American,109.2855,771.2100,14.0959,33.0566,Canadian
148402,Canadian,Canadian,North American,104.2856,1324.1328,88.6472,61.2444,Canadian
148403,Canadian,Canadian,North American,27.8145,359.1375,17.8204,24.8749,Canadian
148404,Canadian,Canadian,North American,326.6819,1771.7361,55.4804,36.0732,Canadian
148405,Canadian,Canadian,North American,16.2217,1026.7133,2.7491,108.2233,Canadian
148406,Canadian,Canadian,North American,31.4007,1059.7164,163.7604,27.1169,Canadian
148407,Canadian,Canadian,North American,15.7140,342.0000,10.6860,28.8000,Canadian
148408,Canadian,Canadian,North American,78.1447,555.5020,4.6069,28.1036,Canadian
148409,Canadian,Canadian,North American,32.2867,955.3383,45.0744,71.6361,Canadian
148410,Canadian,Canadian,North American,2.9754,132.7500,0.5724,13.5450,Canadian
148411,Canadian,Canadian,North American,61.1769,402.5975,10.4478,16.1621,Canadian
148412,Canadian,Canadian,North American,538.5564,2479.6750,18.5220,32.6102,Canadian
148413,Canadian,Canadian,North American,12.2262,57.5100,2.0661,1.0011,Canadian
148414,Canadian,Canadian,North American,384.5056,1805.3648,30.7773,14.1259,Canadian
148415,Canadian,Canadian,North American,44.9292,488.2440,71.5524,2.1708,Canadian
148416,Canadian,Canadian,North American,70.4696,642.3600,5.3216,43.0340,Canadian
148417,Canadian,Canadian,North American,31.2879,1244.7432,49.9306,102.7048,Canadian
148418,Canadian,Canadian,North American,15.0683,525.0240,14.4051,47.3406,Canadian
148419,Canadian,Canadian,North American,21.8376,558.1325,16.6241,44.7164,Canadian
148420,Canadian,Canadian,North American,47.3123,1697.1605,52.0274,150.5695,Canadian
148421,Canadian,Canadian,North American,116.3170,669.8000,24.3090,22.2300,Canadian
148422,Canadian,Canadian,North American,11.6736,48.6400,1.0184,0.4560,Canadian
148423,Canadian,Canadian,North American,11.0014,380.3025,5.2103,36.2624,Canadian
148424,Canadian,Canadian,North American,1217.4172,6555.9680,117.7038,148.3068,Canadian
148425,Canadian,Canadian,North American,53.5090,238.3700,5.3916,0.9742,Canadian
148426,Canadian,Canadian,North American,58.6231,2782.2950,84.2543,251.5073,Canadian
148427,Canadian,Canadian,North American,53.6621,1243.8917,141.8303,49.7387,Canadian
148428,Canadian,Canadian,North American,41.5512,2238.1858,6.1053,232.5838,Canadian
148429,Canadian,Canadian,North American,12.7343,192.6012,6.1556,14.5383,Canadian
148430,Canadian,Canadian,North American,218.2141,1491.6318,90.6372,29.2039,Canadian
148431,Canadian,Canadian,North American,23.1702,114.4996,4.1096,1.4361,Canadian
148432,Canadian,Canadian,North American,10.6671,6203.7050,5.8836,695.4425,Canadian
148433,Canadian,Canadian,North American,162.2890,1226.7901,28.4137,57.1581,Canadian
148434,Canadian,Canadian,North American,244.6470,2147.4400,49.0240,119.9550,Canadian
148435,Canadian,Canadian,North American,10.5834,833.2298,96.4308,42.3947,Canadian
148436,Canadian,Canadian,North American,73.1330,915.1069,29.5968,62.9526,Canadian
148437,Canadian,Canadian,North American,233.9553,2276.8738,65.4671,129.8069,Canadian
148438,Canadian,Canadian,North American,929.2022,6908.8300,57.7167,335.8842,Canadian
148439,Canadian,Canadian,North American,5.3260,345.5600,8.5839,32.9349,Canadian
148440,Canadian,Canadian,North American,70.9406,288.8425,7.1497,1.7215,Canadian
148441,Canadian,Canadian,North American,12.9560,59.1615,2.9691,0.6761,Canadian
148442,Canadian,Canadian,North American,324.5964,2562.9600,62.4196,120.0472,Canadian
148443,Canadian,Canadian,North American,61.0377,803.2562,21.9258,57.8600,Canadian
148444,Canadian,Canadian,North American,34.7334,128.4040,1.2233,0.2777,Canadian
148445,Canadian,Canadian,North American,19.2552,601.6250,51.8756,39.5260,Canadian
148446,Canadian,Canadian,North American,350.0205,2076.3102,24.2334,63.3659,Canadian
148447,Canadian,Canadian,North American,379.3514,2132.5660,55.4933,84.2137,Canadian
148448,Canadian,Canadian,North American,6.9567,1149.5677,152.7128,54.2690,Canadian
148449,Canadian,Canadian,North American,,,,,Canadian
148450,Canadian,Canadian,North American,13.4724,656.8743,111.9672,17.1429,Canadian
148451,Canadian,Canadian,North American,18.1082,793.3823,55.9828,57.3555,Canadian
148452,Canadian,Canadian,North American,2.7817,1773.6668,179.9943,112.8756,Canadian
148453,Canadian,Canadian,North American,533.9917,5217.4214,123.3804,297.0696,Canadian
148454,Canadian,Canadian,North American,43.5299,702.6088,26.7479,51.5506,Canadian
148455,Canadian,Canadian,North American,51.5298,197.4320,0.1974,0.1974,Canadian
148456,Canadian,Canadian,North American,372.5104,2271.0715,76.0367,66.8424,Canadian
148457,Canadian,Canadian,North American,523.4059,2964.4045,54.2470,75.6139,Canadian
148458,Canadian,Canadian,North American,65.2309,699.3016,6.9436,48.4611,Canadian
148459,Canadian,Canadian,North American,270.4591,2694.6442,129.6589,119.7441,Canadian
148460,Canadian,Canadian,North American,56.5700,2883.7983,265.3585,175.2580,Canadian
148461,Canadian,Canadian,North American,23.7481,872.0400,59.2560,60.0380,Canadian
148462,Canadian,Canadian,North American,51.3160,1115.7750,25.4765,97.8190,Canadian
148463,Canadian,Canadian,North American,628.5682,4155.9660,34.3400,168.7802,Canadian
148464,Canadian,Canadian,North American,246.7231,1826.8488,6.3330,95.8947,Canadian
148465,Canadian,Canadian,North American,82.5680,959.3200,24.8493,59.6856,Canadian
148466,Canadian,Canadian,North American,,,,,Canadian
148467,Canadian,Canadian,North American,29.4350,284.7600,1.7970,18.8240,Canadian
148468,Canadian,Canadian,North American,0.2548,3855.6710,0.0540,436.0777,Canadian
148469,Canadian,Canadian,North American,19.1115,220.1900,5.7078,14.6919,Canadian
148470,Canadian,Canadian,North American,21.9889,9842.1303,2161.0648,60.1880,Canadian
148471,Canadian,Canadian,North American,488.1232,2802.8550,52.7365,71.5997,Canadian
148472,Canadian,Canadian,North American,31.1883,456.2269,56.7255,10.9686,Canadian
148473,Canadian,Canadian,North American,93.8019,1066.8968,32.4828,64.0962,Canadian
148474,Canadian,Canadian,North American,1.6440,204.0000,1.7040,21.6480,Canadian
148475,Canadian,Canadian,North American,495.0394,2813.2600,37.7850,82.5946,Canadian
148476,Canadian,Canadian,North American,431.5960,4890.6740,450.2357,143.7070,Canadian
148477,Canadian,Canadian,North American,1215.4072,4828.3000,15.6368,7.8144,Canadian
148478,Canadian,Canadian,North American,17.1215,374.1278,14.4526,28.1703,Canadian
148479,Canadian,Canadian,North American,228.0237,2123.4057,49.6244,113.9882,Canadian
148480,Canadian,Canadian,North American,7.6544,62.7869,5.0163,1.2615,Canadian
148481,Canadian,Canadian,North American,4719.7270,193792.6100,1945.9561,20053.5347,Canadian
148482,Canadian,Canadian,North American,106.1117,1023.7536,14.9909,59.9530,Canadian
148483,Canadian,Canadian,North American,497.9768,2701.1360,80.2485,46.9654,Canadian
148484,Canadian,Canadian,North American,0.0000,0.0000,0.0000,0.0000,Canadian
148485,Canadian,Canadian,North American,132.6984,2141.4908,160.3544,112.8778,Canadian
148486,Canadian,Canadian,North American,38.3562,986.5631,13.6044,89.6527,Canadian
148487,Canadian,Canadian,North American,85.3644,555.3090,19.2798,21.7880,Canadian
148488,Canadian,Canadian,North American,31.6476,137.7140,3.5688,0.9304,Canadian
148489,Canadian,Canadian,North American,14.6718,273.2858,26.1126,13.0806,Canadian
148490,Canadian,Canadian,North American,445.1694,2854.6400,52.1080,105.0116,Canadian
148491,Canadian,Canadian,North American,61.4956,738.1408,39.5919,39.1269,Canadian
148492,Canadian,Canadian,North American,117.1030,2581.4634,139.9363,180.3808,Canadian
148493,Canadian,Canadian,North American,307.1697,1660.6940,39.6531,33.9762,Canadian
148494,Canadian,Canadian,North American,591.2961,3345.9605,46.7794,113.9160,Canadian
148495,Canadian,Canadian,North American,149.4028,1051.7533,89.1795,13.9468,Canadian
148496,Canadian,Canadian,North American,347.8518,2121.1254,85.2661,45.8235,Canadian
148497,Canadian,Canadian,North American,16.8914,1326.4097,113.4842,95.4511,Canadian
148498,Canadian,Canadian,North American,60.6597,270.4900,9.9740,1.1330,Canadian
148499,Canadian,Canadian,North American,11.1543,2285.6812,169.1276,171.5660,Canadian
148500,Canadian,Canadian,North American,180.0266,1189.6165,15.0915,50.3999,Canadian
148501,Canadian,Canadian,North American,428.1202,2281.1734,41.9476,55.4308,Canadian
148502,Canadian,Canadian,North American,121.8002,1324.7893,30.0548,85.9093,Canadian
148503,Canadian,Canadian,North American,20.2720,1243.9272,103.3384,80.2060,Canadian
148504,Canadian,Canadian,North American,13.9913,119.9362,5.3840,5.7467,Canadian
148505,Canadian,Canadian,North American,29.7209,1110.8496,101.6484,63.0979,Canadian
148506,Canadian,Canadian,North American,48.0204,708.1565,10.5890,57.4020,Canadian
148507,Canadian,Canadian,North American,154.9912,940.3166,44.8285,25.6333,Canadian
148508,Canadian,Canadian,North American,202.1933,2533.9062,52.8579,181.6911,Canadian
148509,Canadian,Canadian,North American,12.9880,104.1650,3.0304,4.9149,Canadian
148510,Canadian,Canadian,North American,45.1553,226.7380,8.4726,1.9207,Canadian
148511,Canadian,Canadian,North American,0.0000,25.2167,5.6100,0.1417,Canadian
148512,Canadian,Canadian,North American,23.7730,518.2750,11.0007,46.3098,Canadian
148513,Canadian,Canadian,North American,100.3676,1352.6081,88.9192,64.4120,Canadian
148514,Canadian,Canadian,North American,145.2375,898.2213,29.9545,22.7942,Canadian
148515,Canadian,Canadian,North American,135.0211,5545.1945,123.7262,503.7892,Canadian
148516,Canadian,Canadian,North American,14.7641,191.4640,4.4770,14.2359,Canadian
148517,Canadian,Canadian,North American,24.0604,759.2333,6.0200,73.3988,Canadian
148518,Canadian,Canadian,North American,515.0389,2200.6460,20.7098,8.2162,Canadian
148519,Canadian,Canadian,North American,15.2959,245.2370,1.8163,20.5096,Canadian
148520,Canadian,Canadian,North American,29.4974,2544.1065,540.7243,13.7726,Canadian
148521,Canadian,Canadian,North American,69.0009,4936.1314,1107.9950,30.9066,Canadian
148522,Canadian,Canadian,North American,336.3489,2721.6860,71.5540,133.6995,Canadian
148523,Canadian,Canadian,North American,395.0130,3022.7004,32.4156,157.8102,Canadian
148524,Canadian,Canadian,North American,6.7219,28.7216,0.7999,0.0794,Canadian
148525,Canadian,Canadian,North American,14.3748,67.1400,2.7854,0.9874,Canadian
148526,Canadian,Canadian,North American,161.8479,2224.1965,117.2090,124.4239,Canadian
148527,Canadian,Canadian,North American,361.5960,2790.4370,72.0667,153.8011,Canadian
148528,Canadian,Canadian,North American,257.8041,1366.2903,43.1434,14.4049,Canadian
148529,Canadian,Canadian,North American,39.6144,2509.7605,247.8476,149.1523,Canadian
148530,Canadian,Canadian,North American,68.1814,742.4410,16.6724,51.5034,Canadian
148531,Canadian,Canadian,North American,277.0481,2854.6047,31.9992,193.2814,Canadian
148532,Canadian,Canadian,North American,91.8011,3363.6882,430.1017,144.0980,Canadian
148533,Canadian,Canadian,North American,37.6529,1533.5335,89.2308,112.7206,Canadian
148534,Canadian,Canadian,North American,174.5220,1484.6598,20.5131,85.9083,Canadian
148535,Canadian,Canadian,North American,405.4307,3820.2250,45.0690,247.2279,Canadian
148536,Canadian,Canadian,North American,462.5931,3380.3597,65.9193,145.5692,Canadian
148537,Canadian,Canadian,North American,38.4290,2199.7462,16.5769,231.0271,Canadian
148538,Canadian,Canadian,North American,35.1988,181.4372,19.9581,1.0886,Canadian
148539,Canadian,Canadian,North American,469.3083,2944.1530,64.6174,103.4905,Canadian
148540,Canadian,Canadian,North American,297.7314,1844.3912,126.4793,19.3468,Canadian
148541,Canadian,Canadian,North American,71.9567,741.0215,27.3595,39.2922,Canadian
148542,Canadian,Canadian,North American,4.2742,43.2996,2.1743,2.0441,Canadian
148543,Canadian,Canadian,North American,0.5556,23.7600,0.2928,2.3220,Canadian
148544,Canadian,Canadian,North American,21.4864,179.2837,7.7148,8.3728,Canadian
148545,Canadian,Canadian,North American,16.0049,180.6835,3.6622,12.7552,Canadian
148546,Canadian,Canadian,North American,118.2244,1025.9785,37.1308,47.6921,Canadian
148547,Canadian,Canadian,North American,24.9645,2284.0166,201.6766,146.0573,Canadian
148548,Canadian,Canadian,North American,119.6206,452.4150,1.4288,0.2862,Canadian
148549,Canadian,Canadian,North American,42.3473,208.1359,12.3102,2.9480,Canadian
148550,Canadian,Canadian,North American,37.6447,1794.4152,96.3826,143.5284,Canadian
148551,Canadian,Canadian,North American,7.2648,372.6880,38.0486,22.1064,Canadian
148552,Canadian,Canadian,North American,128.8336,530.5200,8.0812,2.6828,Canadian
148553,Canadian,Canadian,North American,34.7368,188.6300,5.4531,4.5507,Canadian
148554,Canadian,Canadian,North American,171.1283,685.3400,1.6034,0.5016,Canadian
148555,Canadian,Canadian,North American,299.8059,1204.3724,7.7987,1.6596,Canadian
148556,Canadian,Canadian,North American,54.3003,210.1183,0.0838,0.0122,Canadian
148557,Canadian,Canadian,North American,92.4247,1382.6000,73.9782,82.0935,Canadian
148558,Canadian,Canadian,North American,117.8436,2434.2966,36.0770,211.8169,Canadian
148559,Canadian,Canadian,North American,24.0481,1804.1407,64.0175,159.1660,Canadian
148560,Canadian,Canadian,North American,716.3856,4099.3262,123.8968,96.4312,Canadian
148561,Canadian,Canadian,North American,266.8165,1767.7783,129.1599,18.1327,Canadian
148562,Canadian,Canadian,North American,207.3125,2457.5422,97.8205,145.9563,Canadian
148563,Canadian,Canadian,North American,38.5084,202.4100,7.2788,2.6977,Canadian
148564,Canadian,Canadian,North American,15.9663,4071.7011,302.5139,303.7671,Canadian
148565,Canadian,Canadian,North American,213.9687,1714.5010,49.4465,78.2215,Canadian
148566,Canadian,Canadian,North American,156.9397,2769.8200,10.0035,246.4290,Canadian
148567,Canadian,Canadian,North American,1.1980,843.4388,1.1421,92.9137,Canadian
148568,Canadian,Canadian,North American,31.1099,2553.7450,95.2091,229.1494,Canadian
148569,Canadian,Canadian,North American,23.3438,1023.1023,112.0611,53.8912,Canadian
148570,Canadian,Canadian,North American,78.5254,1469.2463,44.6554,114.5815,Canadian
148571,Canadian,Canadian,North American,4.2927,618.0977,111.1745,17.0022,Canadian
148572,Canadian,Canadian,North American,671.4738,5325.9181,291.2715,156.6095,Canadian
148573,Canadian,Canadian,North American,95.3298,1535.5850,48.0405,117.7755,Canadian
148574,Canadian,Canadian,North American,58.0695,1031.7113,66.6240,60.5021,Canadian
148575,Canadian,Canadian,North American,37.6312,184.0880,4.6407,1.0084,Canadian
148576,Canadian,Canadian,North American,33.8966,1345.1492,18.3625,130.1205,Canadian
148577,Canadian,Canadian,North American,0.3680,1.5282,0.0728,0.0271,Canadian
148578,Canadian,Canadian,North American,18.3666,1108.4070,38.5520,96.9249,Canadian
148579,Canadian,Canadian,North American,14.2158,920.1761,92.5086,54.0006,Canadian
148580,Canadian,Canadian,North American,255.8351,1262.0545,16.6326,27.5829,Canadian
148581,Canadian,Canadian,North American,95.8741,1545.9900,46.6259,117.1709,Canadian
148582,Canadian,Canadian,North American,54.1969,312.1560,3.6298,12.0633,Canadian
148583,Canadian,Canadian,North American,501.7166,3766.3710,111.2580,164.8083,Canadian
148584,Canadian,Canadian,North American,199.4982,1839.3247,77.3273,89.9061,Canadian
148585,Canadian,Canadian,North American,333.1353,2330.0765,57.5662,99.6716,Canadian
148586,Canadian,Canadian,North American,16.4940,80.5075,0.9580,0.3980,Canadian
148587,Canadian,Canadian,North American,29.3172,1681.4034,150.7632,102.3323,Canadian
148588,Canadian,Canadian,North American,2.4415,180.9575,12.5934,9.5149,Canadian
148589,Canadian,Canadian,North American,207.7786,1475.5305,16.3170,69.5167,Canadian
148590,Canadian,Canadian,North American,62.5816,252.3000,5.1986,1.1802,Canadian
148591,Canadian,Canadian,North American,15.7140,342.0000,10.6860,28.8000,Canadian
148592,Canadian,Canadian,North American,21.9672,1393.1608,21.6675,137.9646,Canadian
148593,Canadian,Canadian,North American,63.3831,348.7861,20.4763,8.0950,Canadian
148594,Canadian,Canadian,North American,10.8992,56.3200,0.3136,0.0000,Canadian
148595,Canadian,Canadian,North American,11.0393,325.0697,0.9761,31.0399,Canadian
148596,Canadian,Canadian,North American,181.5866,1311.9905,81.0520,32.9705,Canadian
148597,Canadian,Canadian,North American,385.4580,6645.4220,59.2008,555.1313,Canadian
148598,Canadian,Canadian,North American,8.4388,38.2400,1.2116,0.1788,Canadian
148599,Canadian,Canadian,North American,18.8108,1748.4464,270.8725,61.9600,Canadian
148600,Canadian,Canadian,North American,22.3596,529.7989,14.3591,44.4440,Canadian
148601,Canadian,Canadian,North American,149.9519,684.1555,13.5767,1.2666,Canadian
148602,Canadian,Canadian,North American,230.6797,1918.0295,46.7373,96.4900,Canadian
148603,Canadian,Canadian,North American,2.6139,490.0171,89.9377,11.4265,Canadian
148604,Canadian,Canadian,North American,41.9368,1422.2983,1.5838,142.0722,Canadian
148605,Canadian,Canadian,North American,132.1006,904.3705,77.4439,8.9741,Canadian
148606,Canadian,Canadian,North American,205.1266,1897.1740,75.3899,107.3026,Canadian
148607,Canadian,Canadian,North American,19.2574,3481.1285,389.8540,197.2464,Canadian
148608,Canadian,Canadian,North American,30.8346,683.1615,55.9873,39.2523,Canadian
148609,Canadian,Canadian,North American,8.8873,1955.7215,0.0239,216.0000,Canadian
148610,Canadian,Canadian,North American,7.8180,1485.0295,49.0870,138.2865,Canadian
148611,Canadian,Canadian,North American,289.8753,5007.2267,51.9802,404.3460,Canadian
148612,Canadian,Canadian,North American,15.5459,1139.4874,149.1806,50.6532,Canadian
148613,Canadian,Canadian,North American,16.1930,511.2625,6.5846,46.7714,Canadian
148614,Canadian,Canadian,North American,753.4400,5033.8440,75.7629,201.7016,Canadian
148615,Canadian,Canadian,North American,321.3112,2122.5293,114.9748,46.9980,Canadian
148616,Canadian,Canadian,North American,75.3250,1367.5983,26.9497,112.3432,Canadian
148617,Canadian,Canadian,North American,2.8020,174.4500,0.4965,18.0300,Canadian
148618,Canadian,Canadian,North American,163.7067,2904.3677,375.0801,72.3313,Canadian
148619,Canadian,Canadian,North American,,,,,Canadian
148620,Canadian,Canadian,North American,27.1350,855.9150,26.3462,73.8913,Canadian
148621,Canadian,Canadian,North American,180.8715,1531.8880,110.0328,45.0941,Canadian
148622,Canadian,Canadian,North American,692.0419,4509.6520,60.1807,186.7516,Canadian
148623,Canadian,Canadian,North American,6.8051,280.6580,3.9773,27.5474,Canadian
148624,Canadian,Canadian,North American,41.4721,670.8724,10.3093,55.8920,Canadian
148625,Canadian,Canadian,North American,224.7045,1995.0000,42.9420,115.2000,Canadian
148626,Canadian,Canadian,North American,4.5375,3031.1719,123.6858,276.1725,Canadian
148627,Canadian,Canadian,North American,23.5343,855.9687,50.3755,63.0663,Canadian
148628,Canadian,Canadian,North American,103.5997,1293.6840,42.5352,84.2621,Canadian
148629,Canadian,Canadian,North American,31.5200,1149.1402,112.8397,60.8333,Canadian
148630,Canadian,Canadian,North American,462.9893,2951.2902,53.7340,103.2871,Canadian
148631,Canadian,Canadian,North American,0.9112,75.0800,6.4286,4.9096,Canadian
148632,Canadian,Canadian,North American,71.3627,2462.4300,35.0342,232.4806,Canadian
148633,Canadian,Canadian,North American,22.0180,1053.8000,23.7840,98.5200,Canadian
148634,Canadian,Canadian,North American,99.3902,838.3160,32.1820,38.4018,Canadian
148635,Canadian,Canadian,North American,66.2910,1782.5608,195.0229,84.8984,Canadian
148636,Canadian,Canadian,North American,11.9675,888.7200,2.2454,93.0135,Canadian
148637,Canadian,Canadian,North American,375.5238,2175.8560,30.0395,68.0750,Canadian
148638,Canadian,Canadian,North American,381.9276,2159.5640,25.0799,69.0225,Canadian
148639,Canadian,Canadian,North American,263.9692,1530.3948,51.8837,28.6976,Canadian
148640,Canadian,Canadian,North American,253.8641,1685.9335,118.0901,23.9961,Canadian
148641,Canadian,Canadian,North American,212.3633,1699.8777,53.0636,80.5173,Canadian
148642,Canadian,Canadian,North American,3.0264,543.8316,105.2510,12.2626,Canadian
148643,Canadian,Canadian,North American,379.3432,1935.4230,30.3380,46.1250,Canadian
148644,Canadian,Canadian,North American,133.4649,1126.1462,32.9930,54.1798,Canadian
148645,Canadian,Canadian,North American,14.2093,61.7165,1.4025,0.1937,Canadian
148646,Canadian,Canadian,North American,40.0339,794.9316,82.3384,34.9210,Canadian
148647,Canadian,Canadian,North American,110.2013,580.3177,17.0378,11.1682,Canadian
148648,Canadian,Canadian,North American,46.4014,1006.1535,106.4276,45.2699,Canadian
148649,Canadian,Canadian,North American,1.0192,450.8000,15.2432,43.1312,Canadian
148650,Canadian,Canadian,North American,53.5903,232.2580,3.5552,2.1727,Canadian
148651,Canadian,Canadian,North American,1.0691,4.2754,0.1020,0.0417,Canadian
148652,Canadian,Canadian,North American,7.0326,2858.3916,1.8523,319.7985,Canadian
148653,Canadian,Canadian,North American,11.8513,616.7230,24.7267,54.8881,Canadian
148654,Canadian,Canadian,North American,293.6381,1383.9882,2.7480,27.7364,Canadian
148655,Canadian,Canadian,North American,274.1657,1074.7750,7.7806,1.3254,Canadian
148656,Canadian,Canadian,North American,22.4973,3266.4163,311.8876,209.7202,Canadian
148657,Canadian,Canadian,North American,82.4235,457.8766,14.3635,9.3792,Canadian
148658,Canadian,Canadian,North American,36.5852,290.2259,32.9467,3.1934,Canadian
148659,Canadian,Canadian,North American,59.8838,1126.5633,64.4403,70.9881,Canadian
148660,Canadian,Canadian,North American,109.3389,3842.0816,126.6352,318.5886,Canadian
148661,Canadian,Canadian,North American,18.6184,1119.8800,81.0418,80.8062,Canadian
148662,Canadian,Canadian,North American,101.8048,4401.9635,162.5623,369.4254,Canadian
148663,Canadian,Canadian,North American,139.7172,674.2460,17.2788,9.8661,Canadian
148664,Canadian,Canadian,North American,25.7597,353.2615,3.5258,27.6594,Canadian
148665,Canadian,Canadian,North American,27.5663,682.2219,9.3855,64.5759,Canadian
148666,Canadian,Canadian,North American,5.9532,25.0800,1.0824,0.1716,Canadian
148667,Canadian,Canadian,North American,141.2188,627.2600,4.8400,0.4400,Canadian
148668,Canadian,Canadian,North American,35.1365,3615.6476,386.8916,205.0816,Canadian
148669,Canadian,Canadian,North American,6.5380,28.0000,0.7700,0.0700,Canadian
148670,Canadian,Canadian,North American,120.3035,982.0012,43.8446,48.0131,Canadian
148672,Canadian,Canadian,North American,120.5436,1984.0606,284.3367,36.5214,Canadian
148673,Canadian,Canadian,North American,83.2437,927.4642,111.6688,18.8266,Canadian
148674,Canadian,Canadian,North American,91.7186,4811.9526,288.2669,367.6996,Canadian
148675,Canadian,Canadian,North American,798.8079,10617.4625,18.7949,837.0831,Canadian
148676,Canadian,Canadian,North American,992.1082,4011.6100,11.5706,6.8087,Canadian
148677,Canadian,Canadian,North American,38.4445,383.4094,7.1041,22.3965,Canadian
148678,Canadian,Canadian,North American,280.0186,1876.1186,11.1189,88.1765,Canadian
148679,Canadian,Canadian,North American,34.7458,702.8400,40.0222,43.8318,Canadian
148680,Canadian,Canadian,North American,109.5608,428.5120,0.3389,0.5517,Canadian
148681,Canadian,Canadian,North American,1.5679,565.6753,25.4269,49.9598,Canadian
148682,Canadian,Canadian,North American,3.5863,19.8655,0.4618,0.4939,Canadian
148683,Canadian,Canadian,North American,23.8147,850.2195,16.8142,77.2461,Canadian
148684,Canadian,Canadian,North American,444.8681,3160.4470,6.8246,159.6524,Canadian
148685,Canadian,Canadian,North American,121.3021,846.0567,15.5518,38.9643,Canadian
148686,Canadian,Canadian,North American,235.3914,1078.9000,14.0953,9.9943,Canadian
148687,Canadian,Canadian,North American,70.6238,2202.2868,127.2834,158.1175,Canadian
148688,Canadian,Canadian,North American,300.5022,1730.7420,47.5560,47.4000,Canadian
148689,Canadian,Canadian,North American,280.8573,2119.0710,35.7915,96.8455,Canadian
148690,Canadian,Canadian,North American,2026.1834,8101.5067,0.9438,1.7255,Canadian
148691,Canadian,Canadian,North American,80.7921,1713.8211,21.7323,151.3527,Canadian
148692,Canadian,Canadian,North American,229.1740,1821.3484,54.3929,97.0450,Canadian
148693,Canadian,Canadian,North American,181.2401,951.6628,46.6042,7.6829,Canadian
148694,Canadian,Canadian,North American,287.7684,1532.4160,15.8682,42.2604,Canadian
148695,Canadian,Canadian,North American,34.7848,642.6450,50.0635,34.0907,Canadian
148696,Canadian,Canadian,North American,27.9627,352.8167,10.2658,23.3790,Canadian
148697,Canadian,Canadian,North American,18.1238,126.9769,12.0449,0.5555,Canadian
148698,Canadian,Canadian,North American,25.7358,140.6800,8.6164,1.1143,Canadian
148699,Canadian,Canadian,North American,354.2132,1523.3710,7.3772,2.1335,Canadian
148700,Canadian,Canadian,North American,312.7071,5575.8688,111.2215,452.6913,Canadian
148701,Canadian,Canadian,North American,8.9098,283.8065,0.3547,27.0375,Canadian
148702,Canadian,Canadian,North American,183.4890,1027.0500,17.3669,27.7009,Canadian
148703,Canadian,Canadian,North American,15.1225,320.3644,1.4885,28.4667,Canadian
148704,Canadian,Canadian,North American,23.2311,769.3111,101.7439,26.0075,Canadian
148705,Canadian,Canadian,North American,29.3878,1006.0837,13.9779,100.3968,Canadian
148706,Canadian,Canadian,North American,21.9281,113.8192,9.0788,1.6105,Canadian
148707,Canadian,Canadian,North American,66.9078,1261.8030,103.0169,64.4866,Canadian
148708,Canadian,Canadian,North American,10.1470,1498.9953,143.7409,96.4543,Canadian
148709,Canadian,Canadian,North American,38.7183,1636.4300,78.8581,130.5296,Canadian
148710,Canadian,Canadian,North American,139.8791,747.3808,27.8326,9.1376,Canadian
148711,Canadian,Canadian,North American,6.8466,2713.3622,483.7575,69.6518,Canadian
148712,Canadian,Canadian,North American,292.0222,2081.5200,41.6254,88.6756,Canadian
148713,Canadian,Canadian,North American,2.5054,49.3842,1.5970,3.6423,Canadian
148714,Canadian,Canadian,North American,1400.7895,7012.6648,68.0777,170.7714,Canadian
148715,Canadian,Canadian,North American,96.7734,431.1211,4.8231,1.4833,Canadian
148716,Canadian,Canadian,North American,379.1206,5229.8451,127.1797,364.3745,Canadian
148717,Canadian,Canadian,North American,172.5185,5195.2278,133.7260,444.1661,Canadian
148718,Canadian,Canadian,North American,31.5819,521.0708,71.8643,14.3025,Canadian
148719,Canadian,Canadian,North American,215.2875,1310.7000,25.0453,46.6579,Canadian
148720,Canadian,Canadian,North American,24.0964,1881.9125,151.1493,129.2452,Canadian
148721,Canadian,Canadian,North American,199.3729,820.2835,14.2194,4.1026,Canadian
148722,Canadian,Canadian,North American,125.8028,2882.3135,43.1603,252.3866,Canadian
148723,Canadian,Canadian,North American,28.2112,4029.2320,128.3099,374.3246,Canadian
148724,Canadian,Canadian,North American,778.7591,4464.6868,105.8196,95.5548,Canadian
148725,Canadian,Canadian,North American,83.2423,1588.8650,22.6012,137.6645,Canadian
148726,Canadian,Canadian,North American,87.6166,527.9413,20.1736,12.5572,Canadian
148727,Canadian,Canadian,North American,123.0228,1591.2373,35.8087,115.0572,Canadian
148728,Canadian,Canadian,North American,17.3881,810.4080,24.9333,73.2828,Canadian
148729,Canadian,Canadian,North American,105.5027,1039.4892,138.5049,17.5607,Canadian
148730,Canadian,Canadian,North American,76.7059,1288.1070,98.5125,63.9408,Canadian
148731,Canadian,Canadian,North American,37.4296,2343.2535,93.3228,202.3438,Canadian
148732,Canadian,Canadian,North American,130.2896,858.3440,17.7028,34.9912,Canadian
148733,Canadian,Canadian,North American,45.1359,533.6027,26.1020,29.3642,Canadian
148734,Canadian,Canadian,North American,52.4700,496.2006,58.4421,6.3673,Canadian
148735,Canadian,Canadian,North American,20.6451,93.7591,3.6005,1.4791,Canadian
148736,Canadian,Canadian,North American,190.1629,12515.5452,94.8943,1314.4804,Canadian
148737,Canadian,Canadian,North American,346.2656,1545.9340,9.9573,18.5337,Canadian
148738,Canadian,Canadian,North American,12.8296,454.5180,6.5379,44.3032,Canadian
148739,Canadian,Canadian,North American,59.8356,1247.3950,40.6402,100.0364,Canadian
148740,Canadian,Canadian,North American,101.8545,2684.5715,80.4500,224.1515,Canadian
148741,Canadian,Canadian,North American,6.5110,1424.3658,149.2286,84.5703,Canadian
148742,Canadian,Canadian,North American,126.1579,1165.9638,53.5139,49.4160,Canadian
148743,Canadian,Canadian,North American,11.8535,627.6694,87.2434,24.0395,Canadian
148744,Canadian,Canadian,North American,34.5083,1079.5747,21.1365,102.5697,Canadian
148745,Canadian,Canadian,North American,102.2896,618.7708,18.8886,14.2782,Canadian
148746,Canadian,Canadian,North American,399.9200,1548.0000,0.0000,0.0000,Canadian
148747,Canadian,Canadian,North American,8.7782,647.3314,136.3000,4.4146,Canadian
148748,Canadian,Canadian,North American,57.7120,859.4432,16.8328,64.9401,Canadian
148749,Canadian,Canadian,North American,52.6669,1275.4620,14.9305,117.1549,Canadian
148750,Canadian,Canadian,North American,852.9471,4944.3160,87.3525,135.4327,Canadian
148751,Canadian,Canadian,North American,29.1929,15947.8512,347.2834,1602.9273,Canadian
148752,Canadian,Canadian,North American,2.8483,849.7960,1.2332,92.8374,Canadian
148753,Canadian,Canadian,North American,436.2745,2396.1902,76.3410,34.8564,Canadian
148754,Canadian,Canadian,North American,26.8770,378.9394,24.3328,19.1315,Canadian
148755,Canadian,Canadian,North American,6.9627,2610.8792,362.5645,115.4456,Canadian
148756,Canadian,Canadian,North American,126.9328,1103.7140,24.2105,78.1667,Canadian
148757,Canadian,Canadian,North American,422.1388,1917.6300,14.2030,23.8190,Canadian
148758,Canadian,Canadian,North American,0.0000,75.6500,16.8300,0.4250,Canadian
148759,Canadian,Canadian,North American,5.1253,20.3984,0.4114,0.1960,Canadian
148760,Canadian,Canadian,North American,339.1997,2306.5715,67.3712,84.8214,Canadian
148761,Canadian,Canadian,North American,189.5764,1310.4220,27.5625,59.4385,Canadian
148762,Canadian,Canadian,North American,357.8614,2125.4910,30.5488,69.5156,Canadian
148763,Canadian,Canadian,North American,5.1584,125.7862,3.1723,10.4336,Canadian
148764,Canadian,Canadian,North American,244.8025,1580.1450,29.9226,60.6113,Canadian
148765,Canadian,Canadian,North American,115.1952,2887.2065,122.8410,216.5210,Canadian
148766,Canadian,Canadian,North American,141.0625,678.9500,13.9490,5.9200,Canadian
148767,Canadian,Canadian,North American,5.9295,2959.7292,77.8909,289.3752,Canadian
148768,Canadian,Canadian,North American,0.2876,1.3417,0.0654,0.0309,Canadian
148769,Canadian,Canadian,North American,61.1209,432.8950,23.4548,16.6046,Canadian
148770,Canadian,Canadian,North American,328.1972,4344.5020,76.1840,330.5908,Canadian
148771,Canadian,Canadian,North American,5.1872,3887.2521,296.9500,289.3005,Canadian
148772,Canadian,Canadian,North American,9.0666,42.4319,1.1128,0.1906,Canadian
148773,Canadian,Canadian,North American,173.2167,838.4748,26.9375,7.3514,Canadian
148774,Canadian,Canadian,North American,15.8741,623.7208,32.9906,48.0769,Canadian
148775,Canadian,Canadian,North American,571.5433,4643.7237,43.9527,248.8553,Canadian
148776,Canadian,Canadian,North American,10.8829,852.6600,25.8148,79.8467,Canadian
148777,Canadian,Canadian,North American,181.7446,786.9643,14.6154,8.7290,Canadian
148778,Canadian,Canadian,North American,16.7253,331.7910,5.3598,28.4000,Canadian
148779,Canadian,Canadian,North American,354.4310,2774.4362,42.7787,148.1966,Canadian
148780,Canadian,Canadian,North American,231.8022,1501.4431,17.8429,58.9372,Canadian
148781,Canadian,Canadian,North American,590.8502,3714.7703,31.0436,142.4846,Canadian
148782,Canadian,Canadian,North American,88.5875,1926.5751,199.6623,90.1947,Canadian
148783,Canadian,Canadian,North American,5.0835,21.3860,0.9338,0.1998,Canadian
148784,Canadian,Canadian,North American,39.2786,827.0700,22.8477,70.0481,Canadian
148785,Canadian,Canadian,North American,354.8396,2857.2460,32.8047,150.0106,Canadian
148786,Canadian,Canadian,North American,92.5389,392.6435,5.7556,3.3988,Canadian
148787,Canadian,Canadian,North American,5.8138,384.2866,1.1080,40.9319,Canadian
148788,Canadian,Canadian,North American,2102.5628,13007.2242,220.6796,428.4662,Canadian
148789,Canadian,Canadian,North American,5.5441,653.7031,1.9701,69.8006,Canadian
148790,Canadian,Canadian,North American,72.7140,1680.8400,68.2910,134.5128,Canadian
148791,Canadian,Canadian,North American,75.2125,577.2666,62.3452,5.0347,Canadian
148792,Canadian,Canadian,North American,2.8968,90.2350,7.9844,5.7991,Canadian
148793,Canadian,Canadian,North American,257.3486,1710.8650,58.3795,66.3382,Canadian
148794,Canadian,Canadian,North American,101.5824,492.3971,4.6413,10.9078,Canadian
148795,Canadian,Canadian,North American,94.7629,905.6700,30.1980,49.5395,Canadian
148796,Canadian,Canadian,North American,0.4406,153.0625,33.6952,0.8545,Canadian
148797,Canadian,Canadian,North American,750.2617,5321.6380,76.7020,243.8968,Canadian
148798,Canadian,Canadian,North American,357.4875,1804.8365,22.6392,33.3477,Canadian
148799,Canadian,Canadian,North American,8.9601,175.3298,5.5222,14.4562,Canadian
148800,Canadian,Canadian,North American,128.3977,1039.3300,35.3466,45.7144,Canadian
148801,Canadian,Canadian,North American,542.5833,3040.5216,57.7663,75.0115,Canadian
148802,Canadian,Canadian,North American,591.2254,4403.8980,31.7267,220.2119,Canadian
148803,Canadian,Canadian,North American,21.6462,3007.3794,304.1810,181.4240,Canadian
148804,Canadian,Canadian,North American,190.1950,1791.0671,14.1015,105.8654,Canadian
148805,Canadian,Canadian,North American,129.0755,1440.3840,28.8725,91.5347,Canadian
148806,Canadian,Canadian,North American,36.9102,606.1100,20.6790,45.3140,Canadian
148807,Canadian,Canadian,North American,97.5701,824.9130,13.7860,45.7439,Canadian
148808,Canadian,Canadian,North American,396.6969,2651.8800,63.6466,99.6348,Canadian
148809,Canadian,Canadian,North American,196.4289,1807.9060,45.5995,99.0367,Canadian
148810,Canadian,Canadian,North American,84.7573,9495.5365,202.3956,939.0488,Canadian
148811,Canadian,Canadian,North American,44.8944,936.8400,13.0020,81.8104,Canadian
148812,Canadian,Canadian,North American,1552.2230,7661.3490,368.5547,21.4057,Canadian
148813,Canadian,Canadian,North American,0.0000,12.6083,2.8050,0.0708,Canadian
148814,Canadian,Canadian,North American,18.2631,391.8305,8.1009,32.5081,Canadian
148815,Canadian,Canadian,North American,90.3387,860.5820,20.0154,51.1967,Canadian
148816,Canadian,Canadian,North American,202.3682,835.2360,3.5995,0.0586,Canadian
148817,Canadian,Canadian,North American,19.5984,426.1670,30.8197,25.4660,Canadian
148818,Canadian,Canadian,North American,69.0382,1295.1539,20.3055,116.0862,Canadian
148819,Canadian,Canadian,North American,66.2150,436.5840,20.7524,12.4226,Canadian
148820,Canadian,Canadian,North American,77.4637,1908.8287,105.4399,127.8640,Canadian
148821,Canadian,Canadian,North American,31.3252,6987.5569,812.5685,376.4473,Canadian
148822,Canadian,Canadian,North American,130.6039,1293.7022,121.4027,38.3174,Canadian
148823,Canadian,Canadian,North American,70.7165,2379.3615,13.2155,229.5248,Canadian
148824,Canadian,Canadian,North American,0.1269,101.3790,0.1269,11.3505,Canadian
148825,Canadian,Canadian,North American,2.9984,139.2040,0.1450,14.3085,Canadian
148826,Canadian,Canadian,North American,138.5866,1561.5732,22.4828,106.7382,Canadian
148827,Canadian,Canadian,North American,25.5843,112.8630,4.9821,0.8862,Canadian
148828,Canadian,Canadian,North American,131.7755,1155.2814,35.1388,57.2013,Canadian
148829,Canadian,Canadian,North American,188.6405,3043.6680,119.9853,197.4693,Canadian
148830,Canadian,Canadian,North American,349.4299,1927.9120,19.2906,59.1415,Canadian
148831,Canadian,Canadian,North American,397.0501,2533.4933,57.6352,83.9284,Canadian
148832,Canadian,Canadian,North American,90.8318,630.1984,18.1515,23.2567,Canadian
148833,Canadian,Canadian,North American,11.2354,509.2360,46.3652,29.6449,Canadian
148834,Canadian,Canadian,North American,296.4532,3628.7733,95.5871,303.5472,Canadian
148835,Canadian,Canadian,North American,244.9501,2497.4057,33.0634,172.5587,Canadian
148836,Canadian,Canadian,North American,120.7100,540.4000,17.2830,4.3350,Canadian
148837,Canadian,Canadian,North American,36.2145,341.2678,2.9741,22.6019,Canadian
148838,Canadian,Canadian,North American,2.9172,42.7934,6.1940,0.5499,Canadian
148839,Canadian,Canadian,North American,86.1843,959.6240,36.3360,57.6555,Canadian
148840,Canadian,Canadian,North American,391.5671,2817.5020,27.0600,132.1785,Canadian
148841,Canadian,Canadian,North American,10.7824,579.5156,120.1363,3.8558,Canadian
148842,Canadian,Canadian,North American,690.7794,4243.5333,33.8165,152.6636,Canadian
148843,Canadian,Canadian,North American,397.4246,3781.4139,221.9255,142.6957,Canadian
148844,Canadian,Canadian,North American,30.0856,495.1774,8.2506,39.7236,Canadian
148845,Canadian,Canadian,North American,27.3394,354.0303,41.2955,10.2588,Canadian
148846,Canadian,Canadian,North American,0.0000,0.0000,0.0000,0.0000,Canadian
148847,Canadian,Canadian,North American,381.7928,11539.7174,273.6605,1021.0349,Canadian
148848,Canadian,Canadian,North American,15.6705,402.9890,47.8311,16.8497,Canadian
148849,Canadian,Canadian,North American,36.3897,1507.7007,111.1499,100.8251,Canadian
148850,Canadian,Canadian,North American,35.7590,1283.7032,10.5152,128.9662,Canadian
148851,Canadian,Canadian,North American,572.6209,3504.9800,32.8591,134.1411,Canadian
148852,Canadian,Canadian,North American,1152.2526,6101.9033,68.6815,147.4656,Canadian
148853,Canadian,Canadian,North American,51.7793,3514.8140,271.3432,243.5577,Canadian
148854,Canadian,Canadian,North American,10.1238,532.3200,5.7264,55.2503,Canadian
148855,Canadian,Canadian,North American,38.1772,1552.5333,134.0608,98.6029,Canadian
148856,Canadian,Canadian,North American,140.1621,1925.4305,38.4947,146.6318,Canadian
148857,Canadian,Canadian,North American,464.1431,3969.0217,26.5062,238.0343,Canadian
148858,Canadian,Canadian,North American,335.8383,1925.5353,28.9493,56.9624,Canadian
148859,Canadian,Canadian,North American,8.0000,74.0000,8.0000,1.0000,Canadian
148860,Canadian,Canadian,North American,201.3391,1209.0858,63.5085,20.0471,Canadian
148861,Canadian,Canadian,North American,57.1256,4736.4492,426.7499,307.7510,Canadian
148862,Canadian,Canadian,North American,2.4450,48.2150,0.1744,4.6276,Canadian
148863,Canadian,Canadian,North American,68.8832,301.1388,13.7525,2.0775,Canadian
148864,Canadian,Canadian,North American,142.0806,1667.5900,62.3683,98.1607,Canadian
148865,Canadian,Canadian,North American,606.1275,4507.0400,25.4138,237.6626,Canadian
148866,Canadian,Canadian,North American,24.3134,155.9650,11.2758,2.0051,Canadian
148867,Canadian,Canadian,North American,159.1320,2593.5404,57.9689,197.7062,Canadian
148868,Canadian,Canadian,North American,0.2898,1.8340,0.0463,0.0820,Canadian
148869,Canadian,Canadian,North American,268.3854,1839.7847,87.2877,49.3596,Canadian
148870,Canadian,Canadian,North American,24.8833,881.5078,96.3390,42.2421,Canadian
148871,Canadian,Canadian,North American,0.0000,3465.4498,317.8779,233.1468,Canadian
148872,Canadian,Canadian,North American,12.2283,1014.3150,3.4038,108.6015,Canadian
148873,Canadian,Canadian,North American,5.7241,302.6644,5.9101,28.9646,Canadian
148874,Canadian,Canadian,North American,8.6898,938.3239,90.0535,58.1892,Canadian
148875,Canadian,Canadian,North American,60.7170,1184.1556,171.0337,29.0414,Canadian
148876,Canadian,Canadian,North American,7.8499,134.5200,9.2073,7.7919,Canadian
148877,Canadian,Canadian,North American,57.5438,1193.0882,2.5398,110.0809,Canadian
148878,Canadian,Canadian,North American,62.4906,263.9600,4.5468,1.0464,Canadian
148879,Canadian,Canadian,North American,353.4214,1774.6083,25.4212,31.6441,Canadian
148880,Canadian,Canadian,North American,301.8297,2410.4459,225.7715,34.5976,Canadian
148881,Canadian,Canadian,North American,32.3725,152.1692,5.6343,1.4046,Canadian
148882,Canadian,Canadian,North American,131.7801,535.1215,7.5209,0.9425,Canadian
148883,Canadian,Canadian,North American,27.3061,689.7056,68.7071,34.9403,Canadian
148884,Canadian,Canadian,North American,13.1531,681.2008,1.6012,69.9669,Canadian
148885,Canadian,Canadian,North American,156.2762,641.0178,12.6344,1.5078,Canadian
148886,Canadian,Canadian,North American,21.1050,2646.7800,16.6088,283.0078,Canadian
148887,Canadian,Canadian,North American,24.8857,1053.3222,174.4650,28.8119,Canadian
148888,Canadian,Canadian,North American,9.3615,56.9807,1.6831,1.9516,Canadian
148889,Canadian,Canadian,North American,35.3764,137.0510,0.0536,0.0033,Canadian
148890,Canadian,Canadian,North American,,,,,Canadian
148891,Canadian,Canadian,North American,200.1600,1450.6450,64.2465,47.7932,Canadian
148892,Canadian,Canadian,North American,53.2747,249.0047,11.1724,3.9601,Canadian
148893,Canadian,Canadian,North American,80.3090,955.0950,57.3900,46.8600,Canadian
148894,Canadian,Canadian,North American,19.0889,612.3043,67.3473,27.5932,Canadian
148895,Canadian,Canadian,North American,249.9039,1322.1925,51.7711,22.1888,Canadian
148896,Canadian,Canadian,North American,79.8083,2046.0345,369.5521,17.6040,Canadian
148897,Canadian,Canadian,North American,24.9110,887.7288,20.4250,81.7757,Canadian
148898,Canadian,Canadian,North American,42.1626,180.5305,4.7132,0.6280,Canadian
148899,Canadian,Canadian,North American,4.3104,1061.9494,180.2881,31.7065,Canadian
148900,Canadian,Canadian,North American,75.5320,317.0260,4.7732,1.4812,Canadian
148901,Canadian,Canadian,North American,2.7392,10.5633,0.3202,0.0920,Canadian
148902,Canadian,Canadian,North American,371.1897,2212.1041,64.9405,79.2504,Canadian
148903,Canadian,Canadian,North American,116.6039,1183.5861,123.5040,26.8910,Canadian
148904,Canadian,Canadian,North American,27.5060,477.5330,16.3303,28.9651,Canadian
148905,Canadian,Canadian,North American,200.1923,1638.8658,12.9283,89.7702,Canadian
148906,Canadian,Canadian,North American,0.0272,0.1575,0.0167,0.0024,Canadian
148907,Canadian,Canadian,North American,157.5013,2435.4967,26.2210,201.7212,Canadian
148908,Canadian,Canadian,North American,1.4708,230.0290,0.3107,25.5419,Canadian
148909,Canadian,Canadian,North American,176.9670,32455.3588,21.7970,3585.0915,Canadian
148910,Canadian,Canadian,North American,332.7522,1566.1206,26.8068,11.5623,Canadian
148911,Canadian,Canadian,North American,0.0805,5.6620,0.0119,0.0000,Canadian
148912,Canadian,Canadian,North American,401.4505,1963.9443,24.3771,50.1069,Canadian
148913,Canadian,Canadian,North American,374.0231,1673.7170,90.4966,37.4290,Canadian
148914,Canadian,Canadian,North American,364.8485,1739.6825,43.0780,14.6284,Canadian
148915,Canadian,Canadian,North American,774.2246,3114.2382,15.2718,7.0436,Canadian
148916,Canadian,Canadian,North American,21.8080,163.0695,12.5619,5.8298,Canadian
148917,Canadian,Canadian,North American,46.6496,441.8400,3.3568,27.6500,Canadian
148918,Canadian,Canadian,North American,284.2312,2103.6102,55.7431,95.1938,Canadian
148919,Canadian,Canadian,North American,54.0479,1536.7236,47.2567,131.6932,Canadian
148920,Canadian,Canadian,North American,501.8950,3694.1440,45.0206,197.7523,Canadian
148921,Canadian,Canadian,North American,617.6021,6920.1360,163.3853,541.1523,Canadian
148922,Canadian,Canadian,North American,140.2630,1077.9370,27.1289,49.0242,Canadian
148923,Canadian,Canadian,North American,187.3818,1078.2500,80.3515,4.8688,Canadian
148924,Canadian,Canadian,North American,357.2670,1444.4297,22.1348,2.5881,Canadian
148925,Canadian,Canadian,North American,73.1764,519.2565,2.8963,25.8569,Canadian
148926,Canadian,Canadian,North American,73.8636,336.7560,6.6706,2.8978,Canadian
148927,Canadian,Canadian,North American,95.1369,8843.8100,66.7012,925.7344,Canadian
148928,Canadian,Canadian,North American,430.9325,1884.2818,26.9697,6.6152,Canadian
148929,Canadian,Canadian,North American,14.3725,73.9184,6.3540,0.9270,Canadian
148930,Canadian,Canadian,North American,29.0729,141.7469,6.5146,1.8807,Canadian
148931,Canadian,Canadian,North American,158.1209,1221.3617,72.8185,33.0110,Canadian
148932,Canadian,Canadian,North American,50.7592,429.7053,25.7904,17.3789,Canadian
148933,Canadian,Canadian,North American,207.2472,1007.6605,8.6679,17.2026,Canadian
148934,Canadian,Canadian,North American,75.9970,298.6900,1.9015,0.9452,Canadian
148935,Canadian,Canadian,North American,29.2441,333.5188,11.0830,22.0676,Canadian
148936,Canadian,Canadian,North American,61.6617,256.1100,9.6285,8.3321,Canadian
148937,Canadian,Canadian,North American,232.1838,2914.3992,7.8530,224.5332,Canadian
148938,Canadian,Canadian,North American,54.3900,210.7000,0.9800,0.2450,Canadian
148939,Canadian,Canadian,North American,80.0685,801.3804,18.3989,62.7181,Canadian
148940,Canadian,Canadian,North American,28.6684,4519.2400,7.9541,494.7645,Canadian
148941,Canadian,Canadian,North American,,,,,Canadian
148942,Canadian,Canadian,North American,643.6053,4072.2457,210.3726,83.6898,Canadian
148943,Canadian,Canadian,North American,105.6102,558.0954,26.4227,1.2921,Canadian
148944,Canadian,Canadian,North American,34.9720,352.5154,11.9860,22.0146,Canadian
148945,Canadian,Canadian,North American,8844.0840,120538.3000,289.1010,9921.1610,Canadian
148946,Canadian,Canadian,North American,128.9434,652.9700,20.9028,8.8746,Canadian
148947,Canadian,Canadian,North American,32.3698,377.1647,3.1214,27.3408,Canadian
148948,Canadian,Canadian,North American,146.8825,1840.1970,101.4283,103.9308,Canadian
148949,Canadian,Canadian,North American,130.3492,554.7660,14.2565,4.5457,Canadian
148950,Canadian,Canadian,North American,19.4218,126.5381,2.9590,3.9756,Canadian
148951,Canadian,Canadian,North American,19.1450,370.7820,21.5975,24.0200,Canadian
148952,Canadian,Canadian,North American,29.1109,495.7056,6.4220,42.0115,Canadian
148953,Canadian,Canadian,North American,139.6300,580.1300,4.7710,1.3430,Canadian
148954,Canadian,Canadian,North American,361.7007,1424.1676,3.2373,0.3704,Canadian
148955,Canadian,Canadian,North American,48.1093,450.9045,7.6337,28.1870,Canadian
148956,Canadian,Canadian,North American,183.7091,1277.1143,115.7867,31.0239,Canadian
148957,Canadian,Canadian,North American,468.3915,1956.0182,6.6229,18.4397,Canadian
148958,Canadian,Canadian,North American,83.4433,1540.6138,116.8163,99.1388,Canadian
148959,Canadian,Canadian,North American,5287.3603,239610.3900,2621.9079,24973.3242,Canadian
148960,Canadian,Canadian,North American,57.9534,234.7679,2.5759,1.1788,Canadian
148961,Canadian,Canadian,North American,41.5175,1232.4970,64.1455,91.6791,Canadian
148962,Canadian,Canadian,North American,15.2235,145.6825,11.6023,5.6936,Canadian
148963,Canadian,Canadian,North American,1.6035,125.0935,0.4087,13.7325,Canadian
148964,Canadian,Canadian,North American,66.8261,273.1980,2.1950,2.5746,Canadian
148965,Canadian,Canadian,North American,222.4647,2742.4698,94.8180,186.7185,Canadian
148966,Canadian,Canadian,North American,66.4800,2760.0000,27.4800,286.0800,Canadian
148967,Canadian,Canadian,North American,30.0040,159.9000,5.0050,2.4960,Canadian
148968,Canadian,Canadian,North American,362.2957,1439.1800,10.5526,2.7130,Canadian
148969,Canadian,Canadian,North American,318.1354,1518.5167,57.2761,58.4291,Canadian
148970,Canadian,Canadian,North American,353.7050,1893.4267,91.8468,17.9620,Canadian
148971,Canadian,Canadian,North American,3.9594,16.8365,0.3365,0.0995,Canadian
148972,Canadian,Canadian,North American,313.2896,3355.8655,81.9992,202.7008,Canadian
148973,Canadian,Canadian,North American,73.5824,289.1512,2.2728,0.6908,Canadian
148974,Canadian,Canadian,North American,329.6221,2444.6252,226.4701,28.4745,Canadian
148975,Canadian,Canadian,North American,15.0020,79.9500,2.5025,1.2480,Canadian
148976,Canadian,Canadian,North American,29.4948,122.4698,2.6025,0.2551,Canadian
148977,Canadian,Canadian,North American,58.5861,523.3875,15.1931,29.2747,Canadian
148978,Canadian,Canadian,North American,,,,,Canadian
148979,Canadian,Canadian,North American,261.4893,1122.6417,8.1681,4.3030,Canadian
148980,Canadian,Canadian,North American,63.9663,363.6741,16.7210,11.0333,Canadian
148981,Canadian,Canadian,North American,0.0000,0.0000,0.0000,0.0000,Canadian
148982,Canadian,Canadian,North American,241.8531,1002.0408,6.6234,0.7759,Canadian
148983,Canadian,Canadian,North American,51.8504,320.0697,4.8177,11.6629,Canadian
148984,Canadian,Canadian,North American,46.8656,436.8300,18.9622,21.0888,Canadian
148985,Canadian,Canadian,North American,65.5600,506.5800,8.5658,25.3484,Canadian
148986,Canadian,Canadian,North American,86.9690,499.3435,14.0034,15.7615,Canadian
148987,Canadian,Canadian,North American,153.7314,1136.7077,110.6355,9.7218,Canadian
148988,Canadian,Canadian,North American,0.0000,358.0200,0.0000,40.5000,Canadian
148989,Canadian,Canadian,North American,16.8710,777.9550,2.1268,80.5291,Canadian
148990,Canadian,Canadian,North American,439.1756,2493.6740,71.3340,64.7500,Canadian
148991,Canadian,Canadian,North American,328.0426,1820.8800,47.2207,34.6086,Canadian
148992,Canadian,Canadian,North American,207.6664,1817.9583,43.6874,106.3876,Canadian
148993,Canadian,Canadian,North American,33.8514,691.6766,118.1376,5.4596,Canadian
148994,Canadian,Canadian,North American,24.5417,305.0752,6.9176,21.3949,Canadian
148995,Canadian,Canadian,North American,124.2510,506.2000,6.5465,3.0430,Canadian
148996,Canadian,Canadian,North American,128.7919,636.6360,12.0257,6.4013,Canadian
148997,Canadian,Canadian,North American,70.7198,487.5460,12.1477,18.7294,Canadian
148998,Canadian,Canadian,North American,76.2240,2477.3828,108.0556,214.7058,Canadian
148999,Canadian,Canadian,North American,129.3241,529.2650,3.4604,1.2913,Canadian
149000,Canadian,Canadian,North American,211.1365,1322.1767,20.8608,53.9887,Canadian
149001,Canadian,Canadian,North American,70.1436,262.5123,1.6632,0.6543,Canadian
149002,Canadian,Canadian,North American,197.6073,2165.9665,78.2067,132.0527,Canadian
149003,Canadian,Canadian,North American,0.0000,120.2240,0.0000,13.6000,Canadian
149004,Canadian,Canadian,North American,679.2665,3207.2463,13.5016,60.1072,Canadian
149005,Canadian,Canadian,North American,,,,,Canadian
149006,Canadian,Canadian,North American,109.2160,429.8300,0.4270,0.2928,Canadian
149007,Canadian,Canadian,North American,492.9835,2761.1715,103.9404,61.3447,Canadian
149008,Canadian,Canadian,North American,46.3991,207.7871,1.5090,0.7283,Canadian
149009,Canadian,Canadian,North American,130.1474,714.8633,15.0452,15.3310,Canadian
149010,Canadian,Canadian,North American,5.1910,20.7240,0.1908,0.0150,Canadian
149011,Canadian,Canadian,North American,12.8960,55.8000,0.8680,0.2480,Canadian
149012,Canadian,Canadian,North American,239.6800,1142.4000,47.1360,3.4560,Canadian
149013,Canadian,Canadian,North American,744.2874,5847.6253,120.5507,380.2362,Canadian
149014,Canadian,Canadian,North American,200.9850,1250.8495,43.5314,35.3243,Canadian
149015,Canadian,Canadian,North American,13.0088,178.0060,3.0410,13.9990,Canadian
149016,Canadian,Canadian,North American,98.9165,1616.7820,54.6439,117.4948,Canadian
149017,Canadian,Canadian,North American,730.6679,2948.8400,4.5026,1.0531,Canadian
149018,Canadian,Canadian,North American,83.4690,352.8750,3.9695,3.3555,Canadian
149019,Canadian,Canadian,North American,806.3840,3223.9200,0.0000,0.0000,Canadian
149020,Canadian,Canadian,North American,0.0000,1927.1200,0.0000,218.0000,Canadian
149021,Canadian,Canadian,North American,6.7314,148.2546,0.8219,13.5939,Canadian
149022,Canadian,Canadian,North American,211.7433,1090.5884,119.8178,6.5597,Canadian
149023,Canadian,Canadian,North American,0.0000,37.8250,8.4150,0.2125,Canadian
149024,Canadian,Canadian,North American,148.0606,1055.8260,19.7419,46.7942,Canadian
149025,Canadian,Canadian,North American,422.3028,1688.7697,0.4324,0.2472,Canadian
149026,Canadian,Canadian,North American,22.1239,272.3811,24.0899,10.6081,Canadian
149027,Canadian,Canadian,North American,458.6010,1889.5333,4.0579,1.1348,Canadian
149028,Canadian,Canadian,North American,12.7937,135.8925,11.4627,5.6775,Canadian
149029,Canadian,Canadian,North American,0.0000,7516.6400,0.0000,872.0000,Canadian
149030,Canadian,Canadian,North American,92.7684,392.0100,8.0720,1.6186,Canadian
149031,Canadian,Canadian,North American,100.7622,401.4725,2.2381,0.9976,Canadian
149032,Canadian,Canadian,North American,9.2084,101.1450,10.7600,3.1576,Canadian
149033,Canadian,Canadian,North American,20.4651,328.2100,3.0837,27.5666,Canadian
149034,Canadian,Canadian,North American,112.0763,460.9221,2.9654,2.5815,Canadian
149035,Canadian,Canadian,North American,33.3535,776.2891,2.1245,73.4385,Canadian
149036,Canadian,Canadian,North American,6.8747,25.6200,0.1037,0.0610,Canadian
149037,Canadian,Canadian,North American,19.2095,83.7180,2.7169,0.2550,Canadian
149038,Canadian,Canadian,North American,38.1840,507.9233,35.1020,23.0683,Canadian
149039,Canadian,Canadian,North American,,,,,Canadian
149040,Canadian,Canadian,North American,2151.7992,78836.5616,8005.2465,4223.0892,Canadian
149041,Canadian,Canadian,North American,707.1425,3691.7022,163.1736,31.9444,Canadian
149042,Canadian,Canadian,North American,28.2880,623.8400,33.1520,45.4080,Canadian
149043,Canadian,Canadian,North American,53.1677,496.5575,7.7617,32.4995,Canadian
149044,Canadian,Canadian,North American,113.8766,487.5396,10.1659,2.8342,Canadian
149045,Canadian,Canadian,North American,14.3883,301.5067,0.1621,27.0080,Canadian
149046,Canadian,Canadian,North American,3852.2880,16051.2000,336.0720,150.4800,Canadian
149047,Canadian,Canadian,North American,210.7077,841.8133,9.4576,4.4173,Canadian
149048,Canadian,Canadian,North American,19.6622,90.8700,5.2132,0.8644,Canadian
149049,Canadian,Canadian,North American,424.2634,2651.1010,127.5885,57.8132,Canadian
149050,Canadian,Canadian,North American,302.3940,1208.9700,0.0000,0.0000,Canadian
149051,Canadian,Canadian,North American,250.6430,1396.0915,22.1521,33.6850,Canadian
149052,Canadian,Canadian,North American,66.8040,268.8240,0.8808,0.2702,Canadian
149053,Canadian,Canadian,North American,60.5012,555.7568,7.8147,32.0309,Canadian
149054,Canadian,Canadian,North American,11.0220,413.7793,3.3077,40.9600,Canadian
149055,Canadian,Canadian,North American,0.0000,1140.8133,112.2000,74.8333,Canadian
149056,Canadian,Canadian,North American,125.6492,576.4995,28.6016,3.3457,Canadian
149057,Canadian,Canadian,North American,14.3585,176.3782,4.1490,12.7586,Canadian
149058,Canadian,Canadian,North American,262.5141,2641.5539,170.5340,96.2088,Canadian
149059,Canadian,Canadian,North American,68.6225,307.6741,12.4649,2.4240,Canadian
149060,Canadian,Canadian,North American,128.3436,480.0808,3.0726,1.1892,Canadian
149061,Canadian,Canadian,North American,38.9863,256.4613,9.1172,9.9752,Canadian
149062,Canadian,Canadian,North American,0.0000,981.0000,0.0000,109.0000,Canadian
149063,Canadian,Canadian,North American,0.1956,358.8280,0.0445,40.5134,Canadian
149064,Canadian,Canadian,North American,8.0147,37.5700,1.1290,0.3895,Canadian
149065,Canadian,Canadian,North American,1172.0088,4574.8800,25.1432,5.5480,Canadian
149066,Canadian,Canadian,North American,180.3320,740.1450,4.3225,0.8645,Canadian
149067,Canadian,Canadian,North American,9.0684,348.2007,39.4615,20.0032,Canadian
149068,Canadian,Canadian,North American,151.6685,770.3195,16.3357,18.6779,Canadian
149069,Canadian,Canadian,North American,82.1545,605.7150,13.6913,6.6923,Canadian
149070,Canadian,Canadian,North American,201.5960,805.9800,0.0000,0.0000,Canadian
149071,Canadian,Canadian,North American,58.3181,602.0827,5.3410,41.6520,Canadian
149072,Canadian,Canadian,North American,144.0380,575.9500,3.4592,0.4416,Canadian
149073,Canadian,Canadian,North American,235.1796,960.8183,6.6058,1.4762,Canadian
149074,Canadian,Canadian,North American,88.2018,424.6500,18.0012,3.0810,Canadian
149075,Canadian,Canadian,North American,45.0060,239.8500,7.5075,3.7440,Canadian
149076,Canadian,Canadian,North American,28.3084,134.2842,5.8655,0.7682,Canadian
149077,Canadian,Canadian,North American,302.9480,1879.3550,90.2609,40.6885,Canadian
149078,Canadian,Canadian,North American,230.8838,1155.6680,33.1356,18.7225,Canadian
149079,Canadian,Canadian,North American,155.6092,625.4325,1.9536,0.6819,Canadian
149080,Canadian,Canadian,North American,0.8233,2.5617,0.0972,0.0265,Canadian
149081,Canadian,Canadian,North American,52.1515,217.9500,2.6190,2.4170,Canadian
149082,Canadian,Canadian,North American,267.5322,1346.3908,56.3450,15.0800,Canadian
149083,Canadian,Canadian,North American,1.4531,6.7259,0.3618,0.0563,Canadian
149084,Canadian,Canadian,North American,118.2210,706.8150,26.0500,15.6102,Canadian
149085,Canadian,Canadian,North American,96.3323,418.2405,6.7877,0.4206,Canadian
149086,Canadian,Canadian,North American,41.1972,341.6300,14.7596,15.2411,Canadian
149087,Canadian,Canadian,North American,246.1098,1160.6503,44.8775,7.9264,Canadian
149088,Canadian,Canadian,North American,1002.7900,4813.3947,187.9538,44.5848,Canadian
149089,Canadian,Canadian,North American,42.5735,252.3179,23.2038,1.8165,Canadian
149090,Canadian,Canadian,North American,3676.8425,19826.8200,1370.8660,363.7361,Canadian
149091,Canadian,Canadian,North American,290.4780,1674.6780,55.7186,35.8250,Canadian
149092,Canadian,Canadian,North American,26.8160,342.6800,0.0160,27.0240,Canadian
149093,Canadian,Canadian,North American,111.6705,3252.9139,21.7022,311.3152,Canadian
149094,Canadian,Canadian,North American,390.0642,3440.4900,7.3960,220.3596,Canadian
149095,Canadian,Canadian,North American,73.4848,317.6000,5.7140,1.3460,Canadian
149096,Canadian,Canadian,North American,90.0120,519.4800,15.0150,11.9880,Canadian
149097,Canadian,Canadian,North American,429.5260,1713.1600,1.0120,0.2860,Canadian
149098,Canadian,Canadian,North American,257.1085,2203.2880,41.7171,129.0283,Canadian
149099,Canadian,Canadian,North American,72.2677,2181.9568,88.8026,183.3065,Canadian
149100,Canadian,Canadian,North American,3.5726,582.8237,3.6480,63.9128,Canadian
149101,Canadian,Canadian,North American,311.2019,1877.9720,98.3673,33.5893,Canadian
149102,Canadian,Canadian,North American,11.9118,529.5170,1.6702,54.2240,Canadian
149103,Canadian,Canadian,North American,600.7359,4074.1521,59.4809,180.2625,Canadian
149104,Canadian,Canadian,North American,49.3607,627.3739,19.4287,42.5732,Canadian
149105,Canadian,Canadian,North American,140.0527,652.0998,25.1926,2.3017,Canadian
149106,Canadian,Canadian,North American,0.8411,18.7897,0.2808,0.1010,Canadian
149107,Canadian,Canadian,North American,1.3112,6.6354,0.2368,0.1243,Canadian
149108,Canadian,Canadian,North American,264.9009,1076.0619,1.1754,0.8159,Canadian
149109,Canadian,Canadian,North American,140.9619,1244.0662,9.4023,70.5782,Canadian
149110,Canadian,Canadian,North American,11.4601,100.4567,5.3672,5.2294,Canadian
149111,Canadian,Canadian,North American,10.2475,52.6150,3.3823,1.1652,Canadian
149112,Canadian,Canadian,North American,55.4418,246.8850,10.9193,2.0327,Canadian
149113,Canadian,Canadian,North American,18.8796,104.0190,5.6265,3.9351,Canadian
149114,Canadian,Canadian,North American,13.1670,1977.7200,0.5060,218.1430,Canadian
149115,Canadian,Canadian,North American,39.5028,293.0950,5.3137,14.6083,Canadian
149116,Canadian,Canadian,North American,792.3702,3109.1450,18.0607,5.2005,Canadian
149117,Canadian,Canadian,North American,166.0935,655.1320,6.8632,2.6539,Canadian
149118,Canadian,Canadian,North American,230.4814,901.5139,5.1029,0.5670,Canadian
149119,Canadian,Canadian,North American,328.3783,1849.3097,51.0497,42.1145,Canadian
149120,Canadian,Canadian,North American,680.4549,2760.8050,26.2424,5.7160,Canadian
149121,Canadian,Canadian,North American,211.1760,819.0000,0.1260,0.1890,Canadian
149122,Canadian,Canadian,North American,110.6348,569.3036,17.3685,9.8114,Canadian
149123,Canadian,Canadian,North American,781.1633,4468.1799,261.5507,47.7072,Canadian
149124,Canadian,Canadian,North American,19.6278,127.7078,2.8880,5.3635,Canadian
149125,Canadian,Canadian,North American,,,,,Canadian
149126,Canadian,Canadian,North American,44.9205,214.2466,14.0080,1.9925,Canadian
149127,Canadian,Canadian,North American,452.2151,3347.9843,28.3666,158.0605,Canadian
149128,Canadian,Canadian,North American,4.6587,44.7914,5.6392,0.1519,Canadian
149129,Canadian,Canadian,North American,,,,,Canadian
149130,Canadian,Canadian,North American,1030.3527,38730.4922,3990.5653,2054.7157,Canadian
149131,Canadian,Canadian,North American,2588.0746,96923.3070,9991.7268,5136.9918,Canadian
149132,Canadian,Canadian,North American,22.6660,161.2474,2.5179,7.0864,Canadian
149133,Canadian,Canadian,North American,23.4069,340.7348,3.8395,27.6671,Canadian
149134,Canadian,Canadian,North American,51.0095,279.9800,5.0643,7.8274,Canadian
149135,Canadian,Canadian,North American,73.9785,793.3535,5.1757,56.0791,Canadian
149136,Canadian,Canadian,North American,122.2249,1910.2905,58.7147,138.5313,Canadian
149137,Canadian,Canadian,North American,44.9481,207.3200,6.3338,1.7723,Canadian
149138,Canadian,Canadian,North American,0.0000,0.0000,0.0000,0.0000,Canadian
149139,Canadian,Canadian,North American,184.8088,838.1828,24.0541,5.0399,Canadian
149140,Canadian,Canadian,North American,1503.9080,6018.1800,9.4080,1.3440,Canadian
149141,Canadian,Canadian,North American,373.1079,2496.6774,124.7763,62.7860,Canadian
149142,Canadian,Canadian,North American,1632.8267,6775.4000,20.4611,9.1930,Canadian
149143,Canadian,Canadian,North American,0.0000,159.1200,0.0000,18.0000,Canadian
149144,Canadian,Canadian,North American,355.3141,2356.7563,74.0134,73.0445,Canadian
149145,Canadian,Canadian,North American,51.1544,1868.2860,23.8995,174.2997,Canadian
149146,Canadian,Canadian,North American,98.2587,1763.6420,53.5419,135.3841,Canadian
149147,Canadian,Canadian,North American,7.0167,452.0423,68.1591,15.2778,Canadian
149148,Canadian,Canadian,North American,166.5775,645.7122,4.1058,0.8058,Canadian
149149,Canadian,Canadian,North American,85.0036,1326.3900,12.0934,110.5173,Canadian
149150,Canadian,Canadian,North American,150.0200,805.8042,26.4275,12.5154,Canadian
149151,Canadian,Canadian,North American,48.7360,1384.9667,66.7560,108.5847,Canadian
149152,Canadian,Canadian,North American,55.6843,377.2457,38.5151,3.0792,Canadian
149153,Canadian,Canadian,North American,68.5000,255.8640,18.3788,8.0878,Canadian
149154,Canadian,Canadian,North American,101.6123,876.4016,51.0418,26.5040,Canadian
149155,Canadian,Canadian,North American,215.3556,1268.0690,75.8072,18.0557,Canadian
149156,Canadian,Canadian,North American,200.6653,812.5645,12.1878,0.9544,Canadian
149157,Canadian,Canadian,North American,203.1194,816.7800,16.4010,4.7277,Canadian
149158,Canadian,Canadian,North American,77.1187,483.8313,13.1410,16.7883,Canadian
149159,Canadian,Canadian,North American,7.6302,65.6100,3.9730,2.1263,Canadian
149160,Canadian,Canadian,North American,79.1823,346.7900,7.7481,3.3455,Canadian
149161,Canadian,Canadian,North American,21.2880,96.4265,2.2253,0.2359,Canadian
149162,Canadian,Canadian,North American,551.2431,2570.6396,77.4425,21.0878,Canadian
149163,Canadian,Canadian,North American,2.8418,736.8270,0.6252,81.2518,Canadian
149164,Canadian,Canadian,North American,1.1981,25.6358,0.0211,0.1049,Canadian
149165,Canadian,Canadian,North American,695.5377,2709.6676,17.7765,5.2620,Canadian
149166,Canadian,Canadian,North American,80.5965,622.2540,20.7718,29.8972,Canadian
149167,Canadian,Canadian,North American,203.9329,2431.0280,12.5650,173.0150,Canadian
149168,Canadian,Canadian,North American,61.8162,349.0100,17.3920,7.2073,Canadian
149169,Canadian,Canadian,North American,6.5835,25.3000,0.2530,0.0715,Canadian
149170,Canadian,Canadian,North American,108.4504,1179.1133,17.6831,74.3036,Canadian
149171,Canadian,Canadian,North American,497.8494,2652.1225,58.8340,53.4929,Canadian
149172,Canadian,Canadian,North American,62.9309,398.7750,9.7374,15.3929,Canadian
149173,Canadian,Canadian,North American,100.0767,403.9347,5.1792,1.6851,Canadian
149174,Canadian,Canadian,North American,6.3300,1110.0600,2.9700,122.2900,Canadian
149175,Canadian,Canadian,North American,166.7285,1456.2212,180.4487,5.2076,Canadian
149176,Canadian,Canadian,North American,199.6655,1804.0100,69.1406,80.8032,Canadian
149177,Canadian,Canadian,North American,96.9664,383.9850,4.2227,1.4559,Canadian
149178,Canadian,Canadian,North American,27.6614,265.8544,9.6129,15.6214,Canadian
149179,Canadian,Canadian,North American,123.0081,1184.6419,12.1501,74.5942,Canadian
149180,Canadian,Canadian,North American,306.6723,1306.3642,35.6668,9.9152,Canadian
149181,Canadian,Canadian,North American,67.7889,285.1500,5.9234,2.3973,Canadian
149182,Canadian,Canadian,North American,478.5504,4805.8607,52.3652,308.9112,Canadian
149183,Canadian,Canadian,North American,222.4429,892.5886,1.3508,0.4500,Canadian
149184,Canadian,Canadian,North American,84.4699,313.0700,21.8157,8.6255,Canadian
149185,Canadian,Canadian,North American,81.3335,443.8962,12.8482,17.1043,Canadian
149186,Canadian,Canadian,North American,28.5035,145.6550,4.6697,2.4229,Canadian
149187,Canadian,Canadian,North American,8.5456,40.2812,1.7664,0.3396,Canadian
149188,Canadian,Canadian,North American,0.3554,1.6000,0.0364,0.0150,Canadian
149189,Canadian,Canadian,North American,15.9716,149.0850,2.0252,9.2374,Canadian
149190,Canadian,Canadian,North American,264.2720,1954.0830,17.6848,91.6479,Canadian
149191,Canadian,Canadian,North American,712.9734,3975.5505,72.5065,133.0444,Canadian
