Recipe_id,Region,Sub_region,Continent,"Carbohydrate, by difference (g)",Energy (kcal),Protein (g),Total lipid (fat) (g),cuisine
7980,Caribbean,Rest Caribbean,Latin American,912.2013,6176.1757,34.6307,289.9729,Caribbean
7981,Caribbean,Rest Caribbean,Latin American,39.4193,167.6465,3.8512,1.0933,Caribbean
7982,Caribbean,Rest Caribbean,Latin American,63.5130,260.2504,5.1201,1.6967,Caribbean
7983,Caribbean,Rest Caribbean,Latin American,34.1151,3679.4446,385.7178,215.8311,Caribbean
7984,Caribbean,Rest Caribbean,Latin American,301.4493,2212.8426,229.3021,19.0089,Caribbean
7985,Caribbean,Rest Caribbean,Latin American,69.5720,1584.4962,63.2237,125.7041,Caribbean
7986,Caribbean,Rest Caribbean,Latin American,161.8353,1185.6662,15.5235,57.2863,Caribbean
7987,Caribbean,Rest Caribbean,Latin American,26.0148,313.1975,14.5002,17.5188,Caribbean
7988,Caribbean,Rest Caribbean,Latin American,63.4900,894.0700,18.8923,68.1676,Caribbean
7989,Caribbean,Rest Caribbean,Latin American,70.0723,1363.4736,8.1121,120.6187,Caribbean
7990,Caribbean,Rest Caribbean,Latin American,179.2931,2210.1150,195.0076,76.4818,Caribbean
7991,Caribbean,Rest Caribbean,Latin American,18.8956,718.3482,0.8080,72.3567,Caribbean
7992,Caribbean,Rest Caribbean,Latin American,158.5115,20960.2493,468.7056,2056.3677,Caribbean
7993,Caribbean,Rest Caribbean,Latin American,23.5613,255.0350,39.6924,1.4950,Caribbean
7994,Caribbean,Rest Caribbean,Latin American,115.1581,834.0657,34.2714,29.6797,Caribbean
7995,Caribbean,Rest Caribbean,Latin American,52.1277,1170.7010,7.0315,111.1163,Caribbean
7996,Caribbean,Rest Caribbean,Latin American,34.2661,661.1600,12.8919,56.0872,Caribbean
7997,Caribbean,Rest Caribbean,Latin American,27.6642,1073.3400,59.3118,81.7602,Caribbean
7998,Caribbean,Rest Caribbean,Latin American,86.2722,929.6435,14.4740,63.7074,Caribbean
7999,Caribbean,Rest Caribbean,Latin American,78.0303,3040.9475,237.0922,193.0181,Caribbean
8000,Caribbean,Rest Caribbean,Latin American,180.4035,1068.3015,78.9792,8.4001,Caribbean
8001,Caribbean,Rest Caribbean,Latin American,1.5011,40.0440,7.4102,0.4231,Caribbean
8002,Caribbean,Rest Caribbean,Latin American,248.2007,1799.6628,91.8498,56.6675,Caribbean
8003,Caribbean,Rest Caribbean,Latin American,34.9585,1348.6180,112.5898,87.5233,Caribbean
8004,Caribbean,Rest Caribbean,Latin American,415.4525,2063.7011,46.4914,19.7768,Caribbean
8005,Caribbean,Rest Caribbean,Latin American,253.5600,4795.9740,327.5922,277.8212,Caribbean
8006,Caribbean,Rest Caribbean,Latin American,299.5510,6867.2663,28.5405,626.8539,Caribbean
8007,Caribbean,Rest Caribbean,Latin American,145.1723,998.3169,23.1097,37.2834,Caribbean
8008,Caribbean,Rest Caribbean,Latin American,82.6303,1433.2602,197.9052,34.7935,Caribbean
8009,Caribbean,Rest Caribbean,Latin American,210.0978,978.8647,15.8218,7.6260,Caribbean
8010,Caribbean,Rest Caribbean,Latin American,235.5832,2239.2174,58.9274,125.4019,Caribbean
8011,Caribbean,Rest Caribbean,Latin American,133.8802,561.0039,14.2393,2.6790,Caribbean
8012,Caribbean,Rest Caribbean,Latin American,11.6337,1111.4014,85.8973,77.9497,Caribbean
8013,Caribbean,Rest Caribbean,Latin American,27.8877,917.4452,181.0893,5.2785,Caribbean
8014,Caribbean,Rest Caribbean,Latin American,623.1834,5349.5291,451.0783,234.2081,Caribbean
8015,Caribbean,Rest Caribbean,Latin American,16.4181,428.2204,2.0528,40.6835,Caribbean
8016,Caribbean,Rest Caribbean,Latin American,39.4951,282.9152,2.4323,13.8851,Caribbean
8017,Caribbean,Rest Caribbean,Latin American,99.3364,388.0300,4.8309,1.3907,Caribbean
8018,Caribbean,Rest Caribbean,Latin American,118.8294,653.8520,31.1248,8.4586,Caribbean
8019,Caribbean,Rest Caribbean,Latin American,62.6315,1462.5994,199.1571,45.4447,Caribbean
8020,Caribbean,Rest Caribbean,Latin American,217.4897,1125.5562,10.8137,29.2100,Caribbean
8021,Caribbean,Rest Caribbean,Latin American,6.1888,8066.6965,33.2242,915.6281,Caribbean
8022,Caribbean,Rest Caribbean,Latin American,16.2210,285.9050,3.2109,25.5893,Caribbean
8023,Caribbean,Rest Caribbean,Latin American,86.5687,333.6332,1.5019,0.3116,Caribbean
8024,Caribbean,Rest Caribbean,Latin American,19.8872,541.7310,12.7604,47.1252,Caribbean
8025,Caribbean,Rest Caribbean,Latin American,279.8470,2629.8180,28.9205,164.4044,Caribbean
8026,Caribbean,Rest Caribbean,Latin American,57.5802,1313.7660,194.4632,33.8368,Caribbean
8027,Caribbean,Rest Caribbean,Latin American,222.9900,917.0000,5.2720,1.5920,Caribbean
8028,Caribbean,Rest Caribbean,Latin American,231.3230,1342.8848,23.5668,36.3884,Caribbean
8029,Caribbean,Rest Caribbean,Latin American,17.0897,3374.2509,629.5920,86.9082,Caribbean
8030,Caribbean,Rest Caribbean,Latin American,133.4981,874.6741,36.1047,27.7768,Caribbean
8031,Caribbean,Rest Caribbean,Latin American,3.5093,493.2885,0.6928,54.1369,Caribbean
8032,Caribbean,Rest Caribbean,Latin American,57.8819,355.1000,5.4562,13.8640,Caribbean
8033,Caribbean,Rest Caribbean,Latin American,19.9608,438.5160,2.7948,41.0400,Caribbean
8034,Caribbean,Rest Caribbean,Latin American,111.7115,1831.6236,90.1978,113.8794,Caribbean
8035,Caribbean,Rest Caribbean,Latin American,59.0167,918.4794,51.0552,57.8136,Caribbean
8036,Caribbean,Rest Caribbean,Latin American,200.3000,1184.8298,71.6455,14.4415,Caribbean
8037,Caribbean,Rest Caribbean,Latin American,79.8900,854.2417,12.0368,58.2055,Caribbean
8038,Caribbean,Rest Caribbean,Latin American,164.8690,3684.1234,232.8784,245.3539,Caribbean
8039,Caribbean,Rest Caribbean,Latin American,70.2624,4471.2370,8.7455,481.2929,Caribbean
8040,Caribbean,Rest Caribbean,Latin American,69.9807,8786.0685,88.4107,909.5532,Caribbean
8041,Caribbean,Rest Caribbean,Latin American,113.4375,673.9812,2.7275,26.8026,Caribbean
8042,Caribbean,Rest Caribbean,Latin American,374.3923,3012.5235,204.4322,81.5664,Caribbean
8043,Caribbean,Rest Caribbean,Latin American,4.7460,298.6049,0.8146,31.9765,Caribbean
8044,Caribbean,Rest Caribbean,Latin American,97.7577,1661.3027,33.6454,138.2603,Caribbean
8045,Caribbean,Rest Caribbean,Latin American,25.4955,1012.9681,107.8676,54.0216,Caribbean
8046,Caribbean,Rest Caribbean,Latin American,24.9112,1340.9738,191.2811,49.6098,Caribbean
8047,Caribbean,Rest Caribbean,Latin American,136.9560,1214.1295,28.9548,67.8203,Caribbean
8048,Caribbean,Rest Caribbean,Latin American,330.3110,3604.3704,198.3383,154.2282,Caribbean
8049,Caribbean,Rest Caribbean,Latin American,105.3647,1374.9783,179.7267,23.9381,Caribbean
8050,Caribbean,Rest Caribbean,Latin American,14.9440,64.0000,1.7600,0.1600,Caribbean
8051,Caribbean,Rest Caribbean,Latin American,256.9538,1166.6645,15.6577,10.9652,Caribbean
8052,Caribbean,Rest Caribbean,Latin American,741.4171,4055.3381,35.1436,123.7723,Caribbean
8053,Caribbean,Rest Caribbean,Latin American,25.2500,556.3921,49.8854,30.1215,Caribbean
8054,Caribbean,Rest Caribbean,Latin American,492.4595,3515.6752,209.1223,86.9445,Caribbean
8055,Caribbean,Rest Caribbean,Latin American,202.5844,1823.1815,71.1280,89.9218,Caribbean
8056,Caribbean,Rest Caribbean,Latin American,137.1742,761.0400,50.9749,1.5040,Caribbean
8057,Caribbean,Rest Caribbean,Latin American,320.3910,2296.0140,17.9490,112.2765,Caribbean
8058,Caribbean,Rest Caribbean,Latin American,169.1895,1024.0000,20.9931,31.1914,Caribbean
8059,Caribbean,Rest Caribbean,Latin American,343.9276,9824.0733,89.7884,907.2626,Caribbean
8060,Caribbean,Rest Caribbean,Latin American,8.1470,927.4082,184.3555,18.4839,Caribbean
8061,Caribbean,Rest Caribbean,Latin American,81.6709,815.6173,8.0347,55.5356,Caribbean
8062,Caribbean,Rest Caribbean,Latin American,21.5534,91.7995,2.8302,0.5080,Caribbean
8063,Caribbean,Rest Caribbean,Latin American,261.6485,2609.9937,29.8496,180.0504,Caribbean
8064,Caribbean,Rest Caribbean,Latin American,610.1475,4946.7650,210.4039,193.2333,Caribbean
8065,Caribbean,Rest Caribbean,Latin American,0.0000,0.8900,0.1980,0.0050,Caribbean
8066,Caribbean,Rest Caribbean,Latin American,36.4194,820.5083,146.1866,7.0906,Caribbean
8067,Caribbean,Rest Caribbean,Latin American,213.6654,1267.2956,70.4452,18.1929,Caribbean
8068,Caribbean,Rest Caribbean,Latin American,104.0202,894.0107,15.8736,50.4667,Caribbean
8069,Caribbean,Rest Caribbean,Latin American,31.2622,438.1948,4.5358,28.6784,Caribbean
8070,Caribbean,Rest Caribbean,Latin American,32.5687,1462.8122,192.1436,61.2612,Caribbean
8071,Caribbean,Rest Caribbean,Latin American,102.6176,3417.1585,571.5905,73.6021,Caribbean
8072,Caribbean,Rest Caribbean,Latin American,86.6893,1327.4401,35.8897,100.8677,Caribbean
8073,Caribbean,Rest Caribbean,Latin American,28.7279,119.3349,3.9799,0.6492,Caribbean
8074,Caribbean,Rest Caribbean,Latin American,14.9440,541.3600,1.7600,54.1600,Caribbean
8075,Caribbean,Rest Caribbean,Latin American,5.0176,139.5360,0.6771,13.7370,Caribbean
8076,Caribbean,Rest Caribbean,Latin American,309.0519,3091.5282,24.7699,203.2142,Caribbean
8077,Caribbean,Rest Caribbean,Latin American,283.7847,3144.9084,43.6288,221.3515,Caribbean
8078,Caribbean,Rest Caribbean,Latin American,43.0071,1225.2275,98.4450,74.2660,Caribbean
8079,Caribbean,Rest Caribbean,Latin American,151.4433,2079.1431,12.8247,162.3700,Caribbean
8080,Caribbean,Rest Caribbean,Latin American,50.9962,813.7330,19.4406,63.8757,Caribbean
8081,Caribbean,Rest Caribbean,Latin American,49.6305,206.7515,2.8088,1.1612,Caribbean
8082,Caribbean,Rest Caribbean,Latin American,29.2106,117.7245,2.1309,0.7173,Caribbean
8083,Caribbean,Rest Caribbean,Latin American,12.9857,166.5464,0.4486,13.8443,Caribbean
8084,Caribbean,Rest Caribbean,Latin American,60.1571,3146.2286,230.1989,222.9574,Caribbean
8085,Caribbean,Rest Caribbean,Latin American,131.8812,854.4363,9.8825,33.6880,Caribbean
8086,Caribbean,Rest Caribbean,Latin American,638.9805,5778.8640,45.2206,360.6644,Caribbean
8087,Caribbean,Rest Caribbean,Latin American,83.6327,713.1423,11.9166,37.9951,Caribbean
8088,Caribbean,Rest Caribbean,Latin American,73.8635,21125.2713,1914.2571,1405.2606,Caribbean
8089,Caribbean,Rest Caribbean,Latin American,219.0996,1129.0605,6.3486,30.2331,Caribbean
8090,Caribbean,Rest Caribbean,Latin American,321.9712,1735.3985,32.1514,34.2963,Caribbean
8091,Caribbean,Rest Caribbean,Latin American,217.8072,2025.0013,177.9194,50.3229,Caribbean
8092,Caribbean,Rest Caribbean,Latin American,17.8607,204.4904,2.5314,15.0932,Caribbean
8093,Caribbean,Rest Caribbean,Latin American,375.2232,1766.5600,39.6256,17.5192,Caribbean
8094,Caribbean,Rest Caribbean,Latin American,454.5381,1987.8300,20.8122,17.0860,Caribbean
8095,Caribbean,Rest Caribbean,Latin American,66.1674,1643.2402,21.5308,155.9097,Caribbean
8096,Caribbean,Rest Caribbean,Latin American,67.6417,701.6738,6.0583,49.5630,Caribbean
8097,Caribbean,Rest Caribbean,Latin American,12.1998,843.7219,41.8100,71.4919,Caribbean
8098,Caribbean,Rest Caribbean,Latin American,193.2214,5688.9880,45.4975,538.4152,Caribbean
8099,Caribbean,Rest Caribbean,Latin American,22.9778,1039.0485,2.9191,110.6611,Caribbean
8100,Caribbean,Rest Caribbean,Latin American,78.9506,312.7817,6.2079,1.5327,Caribbean
8101,Caribbean,Rest Caribbean,Latin American,10.8240,628.3180,136.4458,3.5443,Caribbean
8102,Caribbean,Rest Caribbean,Latin American,76.1900,3241.6881,578.6517,54.3020,Caribbean
8103,Caribbean,Rest Caribbean,Latin American,134.1929,1183.7944,26.5600,69.6084,Caribbean
8104,Caribbean,Rest Caribbean,Latin American,48.0511,306.2480,2.5685,14.5087,Caribbean
8105,Caribbean,Rest Caribbean,Latin American,63.0043,1926.5198,115.5393,140.4954,Caribbean
8106,Caribbean,Rest Caribbean,Latin American,86.2682,3441.1499,111.6887,296.6261,Caribbean
8107,Caribbean,Puerto Rican,Latin American,10.5836,1656.8535,328.7619,23.7411,Caribbean
8108,Caribbean,Puerto Rican,Latin American,249.4779,2503.4974,16.6462,171.5942,Caribbean
8109,Caribbean,Puerto Rican,Latin American,10.3508,224.7765,1.9267,20.4653,Caribbean
8110,Caribbean,Puerto Rican,Latin American,34.8008,276.9037,3.7425,15.5491,Caribbean
8111,Caribbean,Puerto Rican,Latin American,22.3172,403.6525,6.3197,32.7604,Caribbean
8112,Caribbean,Puerto Rican,Latin American,57.9866,255.7562,8.2381,1.5803,Caribbean
8113,Caribbean,Puerto Rican,Latin American,31.0211,1095.4010,5.9914,108.9708,Caribbean
8114,Caribbean,Puerto Rican,Latin American,0.0000,560.6400,0.1792,63.6672,Caribbean
8115,Caribbean,Puerto Rican,Latin American,8.9245,57.8852,1.1754,2.4499,Caribbean
8116,Caribbean,Puerto Rican,Latin American,19.9340,827.5862,8.2399,85.7811,Caribbean
8117,Caribbean,Puerto Rican,Latin American,15.5588,385.3575,6.4634,33.6203,Caribbean
8118,Caribbean,Puerto Rican,Latin American,280.5055,2017.3150,45.9770,87.0446,Caribbean
8119,Caribbean,Puerto Rican,Latin American,25.2726,10454.6440,218.1629,1054.0274,Caribbean
8120,Caribbean,Puerto Rican,Latin American,97.7560,759.1429,87.5725,3.8161,Caribbean
8121,Caribbean,Puerto Rican,Latin American,16.2774,3433.3387,513.7143,131.5861,Caribbean
8122,Caribbean,Puerto Rican,Latin American,47.2134,2039.3184,21.5626,211.1651,Caribbean
8123,Caribbean,Puerto Rican,Latin American,309.4260,1638.4640,25.7790,29.4620,Caribbean
8124,Caribbean,Puerto Rican,Latin American,233.2138,1887.9449,129.2898,46.1499,Caribbean
8125,Caribbean,Puerto Rican,Latin American,6.3694,472.3418,29.9917,37.7943,Caribbean
8126,Caribbean,Puerto Rican,Latin American,30.1738,1305.7862,24.4483,112.8831,Caribbean
8127,Caribbean,Puerto Rican,Latin American,20.0527,1945.8517,244.5276,91.4556,Caribbean
8128,Caribbean,Puerto Rican,Latin American,968.1767,11771.9289,386.8848,709.0667,Caribbean
8129,Caribbean,Puerto Rican,Latin American,7.3798,985.8405,1.3097,108.2434,Caribbean
8130,Caribbean,Puerto Rican,Latin American,67.7777,2891.4247,29.9526,298.8920,Caribbean
8131,Caribbean,Puerto Rican,Latin American,496.9238,3101.5175,139.6434,82.9255,Caribbean
8132,Caribbean,Puerto Rican,Latin American,26.1860,1372.7240,92.1229,98.9625,Caribbean
8133,Caribbean,Puerto Rican,Latin American,23.5750,5211.6500,376.2659,393.7821,Caribbean
8134,Caribbean,Puerto Rican,Latin American,340.0764,4569.9515,43.1158,361.9621,Caribbean
8135,Caribbean,Puerto Rican,Latin American,32.1512,150.9550,4.6076,1.7112,Caribbean
8136,Caribbean,Puerto Rican,Latin American,2.9754,6152.7900,0.5724,694.5450,Caribbean
8137,Caribbean,Puerto Rican,Latin American,27.7085,127.8260,4.4997,1.9530,Caribbean
8138,Caribbean,Puerto Rican,Latin American,1.7737,181.8107,3.3557,18.2052,Caribbean
8139,Caribbean,Puerto Rican,Latin American,308.9736,2531.6165,219.7989,52.8680,Caribbean
8140,Caribbean,Puerto Rican,Latin American,126.8406,1252.4940,52.7939,59.8318,Caribbean
8141,Caribbean,Puerto Rican,Latin American,357.4239,2127.3994,9.8298,86.1204,Caribbean
8142,Caribbean,Puerto Rican,Latin American,25.8024,115.1970,5.5291,0.4540,Caribbean
8143,Caribbean,Puerto Rican,Latin American,135.2561,2968.4590,43.6228,265.3628,Caribbean
8144,Caribbean,Puerto Rican,Latin American,182.4296,6950.4860,17.9603,714.1697,Caribbean
8145,Caribbean,Puerto Rican,Latin American,26.9630,468.3560,4.5740,41.6054,Caribbean
8146,Caribbean,Puerto Rican,Latin American,171.2493,4413.4600,6.9810,437.9869,Caribbean
8147,Caribbean,Puerto Rican,Latin American,19.9872,424.4915,8.1117,31.9150,Caribbean
8148,Caribbean,Puerto Rican,Latin American,284.2000,2732.3331,311.4786,34.2328,Caribbean
8149,Caribbean,Puerto Rican,Latin American,0.0791,0.4500,0.0371,0.0099,Caribbean
8150,Caribbean,Puerto Rican,Latin American,120.4453,1226.6822,8.2424,85.7836,Caribbean
8151,Caribbean,Puerto Rican,Latin American,192.5417,3328.4830,60.0426,281.1154,Caribbean
8152,Caribbean,Puerto Rican,Latin American,75.7220,504.9260,15.4136,15.9656,Caribbean
8153,Caribbean,Puerto Rican,Latin American,5.8316,74.4200,3.8430,3.9894,Caribbean
8154,Caribbean,Puerto Rican,Latin American,0.0000,5781.3600,0.0000,654.0000,Caribbean
8155,Caribbean,Puerto Rican,Latin American,0.1409,470.4313,0.0321,54.5014,Caribbean
8156,Caribbean,Puerto Rican,Latin American,305.5836,3579.5205,102.9669,229.4654,Caribbean
8157,Caribbean,Puerto Rican,Latin American,982.7224,5694.1867,242.2505,92.4098,Caribbean
8158,Caribbean,Puerto Rican,Latin American,1475.0908,10849.5848,567.2351,280.7340,Caribbean
8159,Caribbean,Puerto Rican,Latin American,57.0516,4985.4863,161.1171,458.2209,Caribbean
8160,Caribbean,Puerto Rican,Latin American,24.1659,2324.7550,46.4654,228.0974,Caribbean
8161,Caribbean,Puerto Rican,Latin American,52.3803,2089.2208,190.2324,121.0102,Caribbean
8162,Caribbean,Jamaican,Latin American,143.0384,863.9630,20.2437,30.4099,Caribbean
8163,Caribbean,Jamaican,Latin American,576.6408,5131.3300,149.6350,274.8694,Caribbean
8164,Caribbean,Jamaican,Latin American,352.7564,2876.0880,76.0281,142.2613,Caribbean
8165,Caribbean,Jamaican,Latin American,92.3150,1871.1020,206.1104,73.4702,Caribbean
8166,Caribbean,Jamaican,Latin American,35.6712,650.4182,8.6985,57.9567,Caribbean
8167,Caribbean,Jamaican,Latin American,51.6845,285.8425,3.1927,10.1968,Caribbean
8168,Caribbean,Jamaican,Latin American,68.9972,991.6720,20.7920,72.8411,Caribbean
8169,Caribbean,Jamaican,Latin American,49.6641,2094.2110,104.9345,162.8541,Caribbean
8170,Caribbean,Jamaican,Latin American,19.4465,236.3840,37.1169,2.0314,Caribbean
8171,Caribbean,Jamaican,Latin American,43.2609,1315.7262,23.4407,126.6417,Caribbean
8172,Caribbean,Jamaican,Latin American,39.1849,2736.9963,197.6814,198.1520,Caribbean
8173,Caribbean,Jamaican,Latin American,84.2335,332.2730,5.0117,1.0356,Caribbean
8174,Caribbean,Jamaican,Latin American,52.8283,462.1252,6.5656,29.0087,Caribbean
8175,Caribbean,Jamaican,Latin American,34.1634,206.4818,6.0218,5.0226,Caribbean
8176,Caribbean,Jamaican,Latin American,284.1778,1639.9275,16.5255,53.3752,Caribbean
8177,Caribbean,Jamaican,Latin American,33.9764,2568.0360,21.3720,275.6000,Caribbean
8178,Caribbean,Jamaican,Latin American,69.3966,1671.2001,174.8513,76.2479,Caribbean
8179,Caribbean,Jamaican,Latin American,11.3890,48.0024,0.4988,0.0543,Caribbean
8180,Caribbean,Jamaican,Latin American,11.2546,415.1300,8.0280,38.0638,Caribbean
8181,Caribbean,Jamaican,Latin American,3.4220,5220.3008,597.2542,297.4375,Caribbean
8182,Caribbean,Jamaican,Latin American,45.1069,1684.7589,276.4556,40.4117,Caribbean
8183,Caribbean,Jamaican,Latin American,63.8790,481.9650,8.2782,22.7313,Caribbean
8184,Caribbean,Jamaican,Latin American,528.7175,2817.0211,98.8377,38.9452,Caribbean
8185,Caribbean,Jamaican,Latin American,8.5490,268.8860,1.1486,27.8892,Caribbean
8186,Caribbean,Jamaican,Latin American,118.2094,2208.8630,123.3648,139.3759,Caribbean
8187,Caribbean,Jamaican,Latin American,13.8870,240.5700,3.3192,19.4940,Caribbean
8188,Caribbean,Jamaican,Latin American,560.1278,2902.7969,41.6036,71.9802,Caribbean
8189,Caribbean,Jamaican,Latin American,63.5073,742.1999,1.7429,54.6574,Caribbean
8190,Caribbean,Jamaican,Latin American,39.1445,375.9970,1.5597,25.0045,Caribbean
8191,Caribbean,Jamaican,Latin American,73.1374,712.4915,14.5514,44.1683,Caribbean
8192,Caribbean,Jamaican,Latin American,33.6916,694.1400,21.7953,57.6317,Caribbean
8193,Caribbean,Jamaican,Latin American,15.0300,68.5214,2.6739,0.7750,Caribbean
8194,Caribbean,Jamaican,Latin American,84.8925,1743.4900,210.3638,63.7518,Caribbean
8195,Caribbean,Jamaican,Latin American,1019.4279,5134.7382,162.1266,46.6555,Caribbean
8196,Caribbean,Jamaican,Latin American,7.0534,832.7214,183.0106,9.2440,Caribbean
8197,Caribbean,Jamaican,Latin American,543.1861,2100.9455,4.8811,1.2033,Caribbean
8198,Caribbean,Jamaican,Latin American,83.2073,3579.8217,725.3675,19.9563,Caribbean
8199,Caribbean,Jamaican,Latin American,11.2442,122.9980,6.8473,4.8431,Caribbean
8200,Caribbean,Jamaican,Latin American,124.7683,2774.7861,289.8632,118.7135,Caribbean
8201,Caribbean,Jamaican,Latin American,94.9112,416.7320,10.4388,6.4382,Caribbean
8202,Caribbean,Jamaican,Latin American,65.4612,401.0270,17.5562,15.4465,Caribbean
8203,Caribbean,Jamaican,Latin American,69.6116,561.8644,24.6586,21.4073,Caribbean
8204,Caribbean,Jamaican,Latin American,92.2385,539.9323,7.3302,18.0545,Caribbean
8205,Caribbean,Jamaican,Latin American,42.2932,2381.9449,373.2835,69.2550,Caribbean
8206,Caribbean,Jamaican,Latin American,4.9030,972.3000,75.8450,69.3940,Caribbean
8207,Caribbean,Jamaican,Latin American,51.2916,461.1590,3.1495,27.8985,Caribbean
8208,Caribbean,Jamaican,Latin American,143.2244,784.5615,11.7606,19.9070,Caribbean
8209,Caribbean,Cuban,Latin American,19.7304,76.7740,0.7412,0.2244,Caribbean
8210,Caribbean,Cuban,Latin American,57.1528,953.5000,5.9598,81.9508,Caribbean
8211,Caribbean,Cuban,Latin American,234.0748,1355.5900,38.3644,30.5085,Caribbean
8212,Caribbean,Cuban,Latin American,70.6541,5500.4880,286.7295,460.7579,Caribbean
8213,Caribbean,Cuban,Latin American,340.7769,2275.4878,108.3539,61.5550,Caribbean
8214,Caribbean,Cuban,Latin American,12.5975,48.7620,0.0000,0.0000,Caribbean
8215,Caribbean,Cuban,Latin American,313.1599,2153.3648,117.4144,53.6915,Caribbean
8216,Caribbean,Cuban,Latin American,194.6418,1029.2000,30.6839,16.9664,Caribbean
8217,Caribbean,Cuban,Latin American,66.0757,581.1094,3.9888,35.6694,Caribbean
8218,Caribbean,Cuban,Latin American,55.5693,1461.0120,220.3037,35.2165,Caribbean
8219,Caribbean,Cuban,Latin American,703.9903,4008.5107,165.4225,65.3953,Caribbean
8220,Caribbean,Cuban,Latin American,660.2288,4765.5849,287.6047,106.9086,Caribbean
8221,Caribbean,Cuban,Latin American,53.7885,1229.7422,160.2008,39.4623,Caribbean
8222,Caribbean,Cuban,Latin American,218.5182,858.4800,0.9636,3.0660,Caribbean
8223,Caribbean,Cuban,Latin American,84.7663,796.1880,14.1040,44.7200,Caribbean
8224,Caribbean,Cuban,Latin American,56.9577,4502.4281,361.8722,318.6404,Caribbean
8225,Caribbean,Cuban,Latin American,310.8342,3175.6850,160.0284,148.7529,Caribbean
8226,Caribbean,Cuban,Latin American,14.0132,179.7704,1.6513,13.8499,Caribbean
8227,Caribbean,Cuban,Latin American,158.8266,1276.5687,116.7533,24.3590,Caribbean
8228,Caribbean,Cuban,Latin American,16.6284,3271.8492,210.8130,259.0982,Caribbean
8229,Caribbean,Cuban,Latin American,196.2053,1296.0861,64.9048,31.6046,Caribbean
8230,Caribbean,Cuban,Latin American,41.5915,1828.8000,286.4331,49.9418,Caribbean
8231,Caribbean,Cuban,Latin American,77.5639,695.6185,5.3196,39.7955,Caribbean
8232,Caribbean,Cuban,Latin American,25.1950,97.5240,0.0000,0.0000,Caribbean
8233,Caribbean,Cuban,Latin American,37.7222,301.1620,9.9612,15.0416,Caribbean
8234,Caribbean,Cuban,Latin American,115.7491,1006.4548,52.4593,51.2508,Caribbean
8235,Caribbean,Cuban,Latin American,5.4727,20.0352,0.0635,0.0106,Caribbean
8236,Caribbean,Cuban,Latin American,317.0029,2359.2728,120.5348,75.4356,Caribbean
8237,Caribbean,Cuban,Latin American,39.4721,1585.1046,148.2149,91.5156,Caribbean
8238,Caribbean,Cuban,Latin American,323.3544,1738.9433,102.9405,8.2959,Caribbean
8239,Caribbean,Cuban,Latin American,16.0150,70.7363,2.2033,0.9327,Caribbean
8240,Caribbean,Cuban,Latin American,93.1749,493.5597,7.2845,14.6910,Caribbean
8241,Caribbean,Cuban,Latin American,43.9981,1449.1714,97.4199,94.9833,Caribbean
8242,Caribbean,Cuban,Latin American,8.9014,1320.3148,149.3839,78.0180,Caribbean
8243,Caribbean,Cuban,Latin American,324.4282,2238.8152,19.3993,104.1672,Caribbean
8244,Caribbean,Cuban,Latin American,346.1962,4056.2619,293.1002,176.8834,Caribbean
8245,Caribbean,Cuban,Latin American,19.8042,1230.9825,203.8933,31.9281,Caribbean
8246,Caribbean,Cuban,Latin American,130.0888,1726.7463,124.5775,80.9522,Caribbean
8247,Caribbean,Cuban,Latin American,10.0184,44.1200,2.1456,0.2104,Caribbean
8248,Caribbean,Cuban,Latin American,126.6872,1283.9092,14.8012,88.4887,Caribbean
8249,Caribbean,Cuban,Latin American,16.8143,817.1507,94.0741,43.2217,Caribbean
8250,Caribbean,Cuban,Latin American,279.3655,1601.4111,44.8635,35.3905,Caribbean
8251,Caribbean,Cuban,Latin American,23.4446,341.0160,2.7480,28.6080,Caribbean
8252,Caribbean,Cuban,Latin American,73.4013,1249.5940,187.7281,18.6562,Caribbean
8253,Caribbean,Cuban,Latin American,54.3015,1256.5086,162.4540,46.7506,Caribbean
8254,Caribbean,Cuban,Latin American,14.0922,69.9707,3.5547,0.3031,Caribbean
8255,Caribbean,Cuban,Latin American,53.7266,1679.0114,142.4662,98.0789,Caribbean
8256,Caribbean,Cuban,Latin American,50.1595,3556.9810,155.4876,304.5134,Caribbean
8257,Caribbean,Cuban,Latin American,11.6146,1334.7344,181.1725,58.6794,Caribbean
8258,Caribbean,Cuban,Latin American,,,,,Caribbean
8259,Caribbean,Cuban,Latin American,7.1388,551.8825,11.5810,54.2534,Caribbean
8260,Caribbean,Cuban,Latin American,2.9427,11.4000,0.0036,0.0000,Caribbean
8261,Caribbean,Cuban,Latin American,1.9208,596.1262,94.1783,20.9854,Caribbean
8262,Caribbean,Cuban,Latin American,28.9431,508.1767,82.0553,6.8365,Caribbean
8263,Caribbean,Cuban,Latin American,341.5318,1694.2281,67.1604,33.8372,Caribbean
8264,Caribbean,Cuban,Latin American,31.1740,373.6657,3.0113,28.1654,Caribbean
8265,Caribbean,Cuban,Latin American,48.6254,3271.7521,162.4944,274.0503,Caribbean
8266,Caribbean,Cuban,Latin American,265.5301,1246.8530,34.5354,9.3836,Caribbean
8267,Caribbean,Cuban,Latin American,27.3276,1762.4214,229.8603,79.5046,Caribbean
8268,Caribbean,Cuban,Latin American,0.2123,0.6302,0.0106,0.0018,Caribbean
8269,Caribbean,Cuban,Latin American,16.7026,833.2984,91.9652,43.8569,Caribbean
8270,Caribbean,Cuban,Latin American,332.8899,1959.1174,78.5506,37.6447,Caribbean
8271,Caribbean,Cuban,Latin American,24.4850,919.6002,183.3499,5.6290,Caribbean
8272,Caribbean,Cuban,Latin American,22.3889,161.8645,3.2906,7.4737,Caribbean
8273,Caribbean,Cuban,Latin American,46.6968,2143.2740,4.1939,221.6608,Caribbean
8274,Caribbean,Cuban,Latin American,15.0536,1281.0378,67.0369,107.5008,Caribbean
8275,Caribbean,Cuban,Latin American,682.5231,4375.4489,217.2896,96.1919,Caribbean
8276,Caribbean,Cuban,Latin American,4.1992,16.2540,0.0000,0.0000,Caribbean
8277,Caribbean,Cuban,Latin American,234.9774,2073.2970,20.9724,122.7789,Caribbean
8278,Caribbean,Cuban,Latin American,33.9018,387.2958,6.3388,28.4570,Caribbean
8279,Caribbean,Cuban,Latin American,18.7086,2422.2446,244.9297,146.3864,Caribbean
8280,Caribbean,Cuban,Latin American,200.4031,1624.1183,6.8403,95.4554,Caribbean
8281,Caribbean,Cuban,Latin American,54.4563,2296.7088,398.3691,44.7289,Caribbean
8282,Caribbean,Cuban,Latin American,275.7785,1669.1790,33.6580,59.1634,Caribbean
8283,Caribbean,Cuban,Latin American,53.8071,208.3750,0.2946,0.1446,Caribbean
8284,Caribbean,Cuban,Latin American,22.0892,2636.5074,411.2569,89.9985,Caribbean
8285,Caribbean,Cuban,Latin American,52.9286,1591.5308,203.4613,67.6986,Caribbean
8286,Caribbean,Cuban,Latin American,0.1060,0.9200,0.1260,0.0256,Caribbean
8287,Caribbean,Cuban,Latin American,83.6049,986.6882,110.1138,27.7570,Caribbean
8288,Caribbean,Cuban,Latin American,393.9747,3971.7698,189.1616,187.6437,Caribbean
8289,Caribbean,Cuban,Latin American,237.3434,6812.0961,415.5474,472.3580,Caribbean
8290,Caribbean,Cuban,Latin American,270.4840,1371.4247,29.8303,17.2910,Caribbean
89986,Caribbean,Rest Caribbean,Latin American,219.4767,1337.9467,29.8510,41.3282,Caribbean
89987,Caribbean,Rest Caribbean,Latin American,12.8445,1254.9019,155.2178,63.4621,Caribbean
89988,Caribbean,Rest Caribbean,Latin American,32.0764,2828.6491,4.4190,302.6857,Caribbean
89989,Caribbean,Rest Caribbean,Latin American,680.7582,3793.9644,14.7738,126.9682,Caribbean
89990,Caribbean,Rest Caribbean,Latin American,67.5501,299.3795,14.8139,6.4819,Caribbean
89991,Caribbean,Rest Caribbean,Latin American,12.6296,926.8838,21.0922,88.3596,Caribbean
89992,Caribbean,Rest Caribbean,Latin American,219.4093,15859.6259,3241.1705,137.4925,Caribbean
89993,Caribbean,Rest Caribbean,Latin American,92.4805,760.5316,58.8787,17.8236,Caribbean
89994,Caribbean,Rest Caribbean,Latin American,81.4723,811.7565,2.7848,55.6651,Caribbean
89995,Caribbean,Rest Caribbean,Latin American,58.2644,2213.1657,20.3956,223.2443,Caribbean
89996,Caribbean,Rest Caribbean,Latin American,42.0360,208.9450,8.7870,0.6961,Caribbean
89997,Caribbean,Rest Caribbean,Latin American,190.7372,4390.8325,123.4974,364.2027,Caribbean
89998,Caribbean,Rest Caribbean,Latin American,154.2057,901.0200,47.9568,14.5474,Caribbean
89999,Caribbean,Rest Caribbean,Latin American,28.7127,207.2010,8.1448,1.9763,Caribbean
90000,Caribbean,Rest Caribbean,Latin American,725.2324,4556.5642,229.8363,80.0206,Caribbean
90001,Caribbean,Rest Caribbean,Latin American,41.2437,1335.3039,184.0597,47.3296,Caribbean
90002,Caribbean,Rest Caribbean,Latin American,987.5844,6684.5940,137.0027,242.8537,Caribbean
90003,Caribbean,Rest Caribbean,Latin American,26.3388,692.6700,17.5218,61.7610,Caribbean
90004,Caribbean,Rest Caribbean,Latin American,63.4509,1696.2750,82.1502,126.8729,Caribbean
90005,Caribbean,Rest Caribbean,Latin American,325.0107,1477.2619,28.2437,3.1978,Caribbean
90006,Caribbean,Rest Caribbean,Latin American,19.6497,279.1715,26.8625,11.4272,Caribbean
90007,Caribbean,Rest Caribbean,Latin American,41.3820,292.4831,3.9466,15.1532,Caribbean
90008,Caribbean,Rest Caribbean,Latin American,541.6147,2179.2400,24.3536,6.5887,Caribbean
90009,Caribbean,Rest Caribbean,Latin American,244.3374,1965.3315,56.4827,92.3566,Caribbean
90010,Caribbean,Rest Caribbean,Latin American,74.0574,293.9100,4.1694,1.4970,Caribbean
90011,Caribbean,Rest Caribbean,Latin American,237.2793,4354.8167,388.6594,196.7860,Caribbean
90012,Caribbean,Rest Caribbean,Latin American,107.4229,668.9160,22.9225,21.7946,Caribbean
90013,Caribbean,Rest Caribbean,Latin American,158.3395,4192.2322,22.8836,398.0049,Caribbean
90014,Caribbean,Rest Caribbean,Latin American,898.9358,3514.2818,18.8947,4.4105,Caribbean
90015,Caribbean,Rest Caribbean,Latin American,331.4733,1291.4400,5.1888,0.6624,Caribbean
90016,Caribbean,Rest Caribbean,Latin American,34.4957,226.7816,5.7801,0.2097,Caribbean
90017,Caribbean,Rest Caribbean,Latin American,99.2792,1376.1469,20.6887,111.7698,Caribbean
90018,Caribbean,Rest Caribbean,Latin American,195.0149,1191.4032,32.8789,37.3047,Caribbean
90019,Caribbean,Rest Caribbean,Latin American,10.6332,738.5000,1.4997,78.0368,Caribbean
90020,Caribbean,Rest Caribbean,Latin American,594.7974,2821.3592,25.8585,49.2973,Caribbean
90021,Caribbean,Rest Caribbean,Latin American,53.3344,2487.6076,183.8571,169.3382,Caribbean
90022,Caribbean,Rest Caribbean,Latin American,74.1032,1134.0734,32.3859,80.3693,Caribbean
90023,Caribbean,Rest Caribbean,Latin American,46.4749,2047.7155,140.6289,144.0984,Caribbean
90024,Caribbean,Rest Caribbean,Latin American,167.7215,1442.0689,28.8362,80.7074,Caribbean
90025,Caribbean,Rest Caribbean,Latin American,26.7050,610.9985,5.6149,57.1916,Caribbean
90026,Caribbean,Rest Caribbean,Latin American,430.7116,3240.8127,135.2563,119.4259,Caribbean
90027,Caribbean,Rest Caribbean,Latin American,23.4962,1041.4696,63.9302,77.5303,Caribbean
90028,Caribbean,Rest Caribbean,Latin American,174.0610,1281.2888,100.5337,17.9504,Caribbean
90029,Caribbean,Rest Caribbean,Latin American,210.5492,4902.7989,67.7098,440.2964,Caribbean
90030,Caribbean,Rest Caribbean,Latin American,292.6690,2014.7448,109.6977,51.5824,Caribbean
90031,Caribbean,Rest Caribbean,Latin American,48.6495,1739.6904,320.2250,23.3811,Caribbean
90032,Caribbean,Rest Caribbean,Latin American,187.5004,741.7000,3.0689,1.1689,Caribbean
90033,Caribbean,Rest Caribbean,Latin American,257.9278,1809.0207,32.0950,80.3532,Caribbean
90034,Caribbean,Rest Caribbean,Latin American,12.1480,650.7289,135.4735,3.5526,Caribbean
90035,Caribbean,Rest Caribbean,Latin American,764.5340,11986.8938,362.4036,837.4623,Caribbean
90036,Caribbean,Rest Caribbean,Latin American,1.7284,7.4500,0.3203,0.0633,Caribbean
90037,Caribbean,Rest Caribbean,Latin American,543.4267,2802.5730,138.3674,10.9648,Caribbean
90038,Caribbean,Rest Caribbean,Latin American,15.9791,886.7076,49.4971,68.7619,Caribbean
90039,Caribbean,Rest Caribbean,Latin American,9.9401,82.7835,11.0607,0.8043,Caribbean
90040,Caribbean,Rest Caribbean,Latin American,466.6837,4623.9921,93.5319,284.4952,Caribbean
90041,Caribbean,Rest Caribbean,Latin American,58.0419,472.0964,28.2639,16.1251,Caribbean
90042,Caribbean,Rest Caribbean,Latin American,160.2241,635.9580,6.2550,1.9350,Caribbean
90043,Caribbean,Rest Caribbean,Latin American,7.3357,673.3249,1.1169,72.2514,Caribbean
90044,Caribbean,Rest Caribbean,Latin American,271.5266,1079.0208,2.9421,1.3794,Caribbean
90045,Caribbean,Rest Caribbean,Latin American,655.0316,3382.1658,138.2639,14.1319,Caribbean
90046,Caribbean,Rest Caribbean,Latin American,30.9101,136.9411,6.0030,1.3384,Caribbean
90047,Caribbean,Rest Caribbean,Latin American,10.1838,485.0904,46.5495,28.4200,Caribbean
90048,Caribbean,Rest Caribbean,Latin American,160.6418,2212.3474,196.4973,87.7700,Caribbean
90049,Caribbean,Rest Caribbean,Latin American,64.3570,660.7950,36.1160,31.3684,Caribbean
90050,Caribbean,Rest Caribbean,Latin American,13.1939,80.7817,6.2110,0.3231,Caribbean
90051,Caribbean,Rest Caribbean,Latin American,67.6458,1474.8485,141.3545,73.8300,Caribbean
90052,Caribbean,Rest Caribbean,Latin American,90.2364,494.8500,7.4307,15.5310,Caribbean
90053,Caribbean,Rest Caribbean,Latin American,11.3159,308.4453,4.2590,27.4983,Caribbean
90054,Caribbean,Rest Caribbean,Latin American,8.5402,42.0057,1.3839,1.3546,Caribbean
90055,Caribbean,Rest Caribbean,Latin American,105.8525,409.1500,6.5972,2.3675,Caribbean
90056,Caribbean,Rest Caribbean,Latin American,14.4833,149.3382,4.2185,9.9106,Caribbean
90057,Caribbean,Rest Caribbean,Latin American,40.8612,285.5279,6.6924,12.1904,Caribbean
90058,Caribbean,Rest Caribbean,Latin American,366.9750,2783.6724,164.9349,70.5959,Caribbean
90059,Caribbean,Rest Caribbean,Latin American,209.2590,2129.4067,178.7849,66.4212,Caribbean
90060,Caribbean,Rest Caribbean,Latin American,5.9357,104.3971,0.0595,0.0099,Caribbean
90061,Caribbean,Rest Caribbean,Latin American,20.1430,1996.4320,1.9806,216.8984,Caribbean
90062,Caribbean,Rest Caribbean,Latin American,257.1151,2104.4280,70.7072,87.8271,Caribbean
90063,Caribbean,Rest Caribbean,Latin American,158.5106,3984.9635,19.9863,372.7135,Caribbean
90064,Caribbean,Rest Caribbean,Latin American,124.7035,5665.2143,106.9697,541.1581,Caribbean
90065,Caribbean,Rest Caribbean,Latin American,203.1904,953.7489,10.5218,8.9585,Caribbean
90066,Caribbean,Rest Caribbean,Latin American,72.7969,945.5940,22.4609,67.6607,Caribbean
90067,Caribbean,Rest Caribbean,Latin American,89.0804,474.2400,10.7764,14.1494,Caribbean
90068,Caribbean,Rest Caribbean,Latin American,0.0000,302.6000,67.3200,1.7000,Caribbean
90069,Caribbean,Rest Caribbean,Latin American,124.6324,4624.1020,43.2561,447.3005,Caribbean
90070,Caribbean,Rest Caribbean,Latin American,552.5688,2674.4595,33.1743,33.6792,Caribbean
90071,Caribbean,Rest Caribbean,Latin American,121.3188,943.6041,69.5029,21.0589,Caribbean
90072,Caribbean,Rest Caribbean,Latin American,11.1123,52.3346,2.0330,1.1427,Caribbean
90073,Caribbean,Rest Caribbean,Latin American,41.7569,3589.9057,390.0421,198.6232,Caribbean
90074,Caribbean,Rest Caribbean,Latin American,31.5465,3405.0503,315.3974,224.1192,Caribbean
90075,Caribbean,Rest Caribbean,Latin American,9.3324,62.5770,1.8507,0.9467,Caribbean
90076,Caribbean,Rest Caribbean,Latin American,20.6079,741.2707,121.6655,19.2273,Caribbean
90077,Caribbean,Rest Caribbean,Latin American,22.9541,304.7312,6.8092,22.7153,Caribbean
90078,Caribbean,Rest Caribbean,Latin American,123.9201,1428.8230,76.4136,79.9557,Caribbean
90079,Caribbean,Rest Caribbean,Latin American,80.7658,4165.3003,276.2906,306.6240,Caribbean
90080,Caribbean,Rest Caribbean,Latin American,0.3184,13.5536,2.8209,0.0734,Caribbean
90081,Caribbean,Rest Caribbean,Latin American,23.9290,362.8258,12.1993,26.8495,Caribbean
90082,Caribbean,Rest Caribbean,Latin American,49.9346,737.8100,9.8072,59.1803,Caribbean
90083,Caribbean,Rest Caribbean,Latin American,32.3762,576.2674,82.3232,14.0183,Caribbean
90084,Caribbean,Rest Caribbean,Latin American,0.9781,119.0390,11.2696,0.3173,Caribbean
90085,Caribbean,Rest Caribbean,Latin American,29.8357,372.4695,4.5771,30.7984,Caribbean
90086,Caribbean,Rest Caribbean,Latin American,82.0127,3789.5344,77.5205,350.9838,Caribbean
90087,Caribbean,Rest Caribbean,Latin American,24.7751,510.7160,4.6943,45.7638,Caribbean
90088,Caribbean,Rest Caribbean,Latin American,,,,,Caribbean
90089,Caribbean,Rest Caribbean,Latin American,314.3025,1321.2770,11.2691,2.4437,Caribbean
90090,Caribbean,Rest Caribbean,Latin American,88.3723,2908.8776,171.0524,207.9406,Caribbean
90091,Caribbean,Rest Caribbean,Latin American,85.1662,2461.1895,32.0259,239.7992,Caribbean
90092,Caribbean,Rest Caribbean,Latin American,12.4438,1786.1474,62.5634,166.9257,Caribbean
90093,Caribbean,Rest Caribbean,Latin American,131.1158,769.2908,3.8014,28.8626,Caribbean
90094,Caribbean,Rest Caribbean,Latin American,10.6055,54.8870,1.6216,1.6313,Caribbean
90095,Caribbean,Rest Caribbean,Latin American,162.3131,2589.9128,287.5362,94.5356,Caribbean
90096,Caribbean,Rest Caribbean,Latin American,218.9892,872.7917,11.2854,5.1922,Caribbean
90097,Caribbean,Rest Caribbean,Latin American,26.4957,247.2117,32.3741,1.2976,Caribbean
90098,Caribbean,Rest Caribbean,Latin American,48.6751,202.9955,3.5350,0.9512,Caribbean
90099,Caribbean,Rest Caribbean,Latin American,394.7698,2554.8831,95.6924,76.7623,Caribbean
90100,Caribbean,Rest Caribbean,Latin American,8.4012,40.0306,1.9194,0.5629,Caribbean
90101,Caribbean,Rest Caribbean,Latin American,83.7504,740.8312,10.7528,45.4455,Caribbean
90102,Caribbean,Rest Caribbean,Latin American,178.8499,773.2675,8.7824,9.2053,Caribbean
90103,Caribbean,Rest Caribbean,Latin American,432.8679,2704.1667,127.1922,54.1345,Caribbean
90104,Caribbean,Rest Caribbean,Latin American,202.0538,2854.5736,37.1225,224.2695,Caribbean
90105,Caribbean,Rest Caribbean,Latin American,30.6222,1019.9216,95.8646,58.3704,Caribbean
90106,Caribbean,Rest Caribbean,Latin American,24.4237,2128.8597,1.1571,230.5453,Caribbean
90107,Caribbean,Rest Caribbean,Latin American,78.5935,626.3875,15.6347,28.7536,Caribbean
90108,Caribbean,Rest Caribbean,Latin American,25.8243,114.6196,3.1832,0.2761,Caribbean
90109,Caribbean,Rest Caribbean,Latin American,189.3319,875.6002,10.6871,16.0768,Caribbean
90110,Caribbean,Rest Caribbean,Latin American,35.7018,4237.2911,735.4252,133.0823,Caribbean
90111,Caribbean,Rest Caribbean,Latin American,216.0686,973.0945,3.3526,0.2038,Caribbean
90112,Caribbean,Rest Caribbean,Latin American,391.9863,2236.1938,129.2509,16.6026,Caribbean
90113,Caribbean,Rest Caribbean,Latin American,22.7352,327.8020,11.1386,23.3794,Caribbean
90114,Caribbean,Rest Caribbean,Latin American,56.6279,985.4617,52.2466,65.7907,Caribbean
90115,Caribbean,Rest Caribbean,Latin American,86.1605,829.6705,2.5447,56.0662,Caribbean
90116,Caribbean,Rest Caribbean,Latin American,11.5651,337.4932,3.6470,33.2354,Caribbean
90117,Caribbean,Rest Caribbean,Latin American,231.5977,1185.4200,18.6677,31.1985,Caribbean
90118,Caribbean,Rest Caribbean,Latin American,31.2126,4179.6204,409.7906,263.9078,Caribbean
90119,Caribbean,Rest Caribbean,Latin American,142.8056,1063.8411,10.6825,61.2105,Caribbean
90120,Caribbean,Rest Caribbean,Latin American,7.1252,824.4295,100.3859,41.3500,Caribbean
90121,Caribbean,Rest Caribbean,Latin American,80.3580,1158.1420,16.2820,65.5280,Caribbean
90122,Caribbean,Rest Caribbean,Latin American,74.7874,812.2844,10.5692,56.2190,Caribbean
90123,Caribbean,Rest Caribbean,Latin American,132.0902,2351.9104,147.4594,138.6750,Caribbean
90124,Caribbean,Rest Caribbean,Latin American,567.8215,3374.9325,20.8385,129.6135,Caribbean
90125,Caribbean,Rest Caribbean,Latin American,99.3048,391.2144,1.3493,0.4498,Caribbean
90126,Caribbean,Rest Caribbean,Latin American,424.1033,6058.6252,303.0721,353.6831,Caribbean
90127,Caribbean,Rest Caribbean,Latin American,131.1807,1061.3617,14.4437,54.7392,Caribbean
90128,Caribbean,Rest Caribbean,Latin American,71.7176,514.9788,53.1922,2.9643,Caribbean
90129,Caribbean,Rest Caribbean,Latin American,418.1025,2221.1960,30.1817,60.2689,Caribbean
90130,Caribbean,Rest Caribbean,Latin American,44.4467,4046.6833,298.8111,290.5888,Caribbean
90131,Caribbean,Rest Caribbean,Latin American,233.0240,1489.9800,21.3720,57.6000,Caribbean
90132,Caribbean,Rest Caribbean,Latin American,51.5620,514.1735,39.5113,15.9546,Caribbean
90133,Caribbean,Rest Caribbean,Latin American,42.1598,180.7934,4.9840,0.4845,Caribbean
90134,Caribbean,Rest Caribbean,Latin American,328.1431,1800.1715,5.3330,53.5890,Caribbean
90135,Caribbean,Rest Caribbean,Latin American,7.2734,303.6232,6.4995,28.2492,Caribbean
90136,Caribbean,Rest Caribbean,Latin American,1127.7427,5735.4869,184.8727,50.0540,Caribbean
90137,Caribbean,Rest Caribbean,Latin American,31.9228,130.6125,1.8193,0.5904,Caribbean
90138,Caribbean,Rest Caribbean,Latin American,664.0073,3433.6472,156.4295,21.0396,Caribbean
90139,Caribbean,Rest Caribbean,Latin American,77.5011,1532.6464,30.4301,128.8896,Caribbean
90140,Caribbean,Rest Caribbean,Latin American,76.6112,328.7200,10.5998,1.8381,Caribbean
90141,Caribbean,Rest Caribbean,Latin American,58.6036,802.1465,25.6078,58.5543,Caribbean
90142,Caribbean,Rest Caribbean,Latin American,409.0604,10083.4607,301.3496,810.4111,Caribbean
90143,Caribbean,Rest Caribbean,Latin American,174.2097,1931.4115,38.1903,133.8706,Caribbean
90144,Caribbean,Rest Caribbean,Latin American,99.1832,666.4710,33.2018,19.9895,Caribbean
90145,Caribbean,Rest Caribbean,Latin American,14.8439,57.8090,0.0852,0.0208,Caribbean
90146,Caribbean,Rest Caribbean,Latin American,1.4708,2339.5072,80.9778,221.1123,Caribbean
90147,Caribbean,Rest Caribbean,Latin American,291.0197,1419.2225,20.6230,31.7912,Caribbean
90148,Caribbean,Rest Caribbean,Latin American,9.3818,209.4720,3.7379,10.3384,Caribbean
90149,Caribbean,Rest Caribbean,Latin American,18.7730,116.6366,9.4568,0.5640,Caribbean
90150,Caribbean,Rest Caribbean,Latin American,29.7069,954.1409,108.3283,43.1565,Caribbean
90151,Caribbean,Rest Caribbean,Latin American,126.5548,1184.2460,35.1968,63.6425,Caribbean
90152,Caribbean,Rest Caribbean,Latin American,57.3042,527.5444,69.4932,2.4144,Caribbean
90153,Caribbean,Rest Caribbean,Latin American,178.6854,1703.0910,35.8923,93.7214,Caribbean
90154,Caribbean,Rest Caribbean,Latin American,1.8852,93.5533,1.0291,9.8316,Caribbean
90155,Caribbean,Rest Caribbean,Latin American,17.4321,187.7512,0.8436,13.9187,Caribbean
90156,Caribbean,Rest Caribbean,Latin American,49.5383,4590.2640,465.2967,278.8057,Caribbean
90157,Caribbean,Rest Caribbean,Latin American,10.4563,1070.0325,42.2222,95.6314,Caribbean
90158,Caribbean,Rest Caribbean,Latin American,,,,,Caribbean
90159,Caribbean,Rest Caribbean,Latin American,33.2631,4749.8976,193.3610,429.7145,Caribbean
90160,Caribbean,Rest Caribbean,Latin American,127.2659,626.3658,33.1301,7.2578,Caribbean
90161,Caribbean,Rest Caribbean,Latin American,136.7286,2267.8455,79.3510,162.1486,Caribbean
90162,Caribbean,Rest Caribbean,Latin American,504.2896,3008.6941,39.5021,109.4857,Caribbean
90163,Caribbean,Rest Caribbean,Latin American,163.0272,717.3663,19.1990,0.9004,Caribbean
90164,Caribbean,Rest Caribbean,Latin American,312.6082,1234.4800,5.6667,2.0812,Caribbean
90165,Caribbean,Rest Caribbean,Latin American,73.7288,1853.8267,319.1131,23.4275,Caribbean
90166,Caribbean,Rest Caribbean,Latin American,18.0949,79.5721,2.5294,0.6452,Caribbean
90167,Caribbean,Rest Caribbean,Latin American,73.8001,1037.5422,104.4184,35.1184,Caribbean
90168,Caribbean,Rest Caribbean,Latin American,14.0100,218.1623,13.3478,12.1389,Caribbean
90169,Caribbean,Rest Caribbean,Latin American,9.1365,1366.8169,140.9466,81.6571,Caribbean
90170,Caribbean,Rest Caribbean,Latin American,109.0864,13728.3794,393.7449,1303.6665,Caribbean
90171,Caribbean,Rest Caribbean,Latin American,32.2338,208.6980,6.3421,6.0973,Caribbean
90172,Caribbean,Rest Caribbean,Latin American,66.5921,823.4055,11.4238,14.0732,Caribbean
90173,Caribbean,Rest Caribbean,Latin American,19.8564,1173.5385,156.0157,53.9330,Caribbean
90174,Caribbean,Rest Caribbean,Latin American,90.4664,1345.6035,11.3487,111.1909,Caribbean
90175,Caribbean,Rest Caribbean,Latin American,29.7025,987.4190,9.9484,99.5530,Caribbean
90176,Caribbean,Rest Caribbean,Latin American,16.4795,178.8709,7.0473,10.1094,Caribbean
90177,Caribbean,Rest Caribbean,Latin American,261.9559,1747.6384,3.8510,7.1641,Caribbean
90178,Caribbean,Rest Caribbean,Latin American,0.0000,353.0333,78.5400,1.9833,Caribbean
90179,Caribbean,Rest Caribbean,Latin American,249.8772,1359.1976,41.1432,22.7920,Caribbean
90180,Caribbean,Rest Caribbean,Latin American,134.8918,1221.8742,48.0658,53.2048,Caribbean
90181,Caribbean,Rest Caribbean,Latin American,42.0657,257.7479,9.8399,8.3110,Caribbean
90182,Caribbean,Rest Caribbean,Latin American,25.2326,990.3321,143.8094,24.7652,Caribbean
90183,Caribbean,Rest Caribbean,Latin American,3.2890,274.2400,44.3676,1.1356,Caribbean
90184,Caribbean,Rest Caribbean,Latin American,428.2942,2141.6545,51.7147,23.1650,Caribbean
90185,Caribbean,Rest Caribbean,Latin American,0.0000,107.0759,5.6100,0.1417,Caribbean
90186,Caribbean,Rest Caribbean,Latin American,514.9440,3478.8000,106.6322,117.6440,Caribbean
90187,Caribbean,Rest Caribbean,Latin American,130.8476,2451.3600,8.2050,217.7850,Caribbean
90188,Caribbean,Rest Caribbean,Latin American,36.4866,688.7717,94.8698,16.6066,Caribbean
90189,Caribbean,Rest Caribbean,Latin American,176.1738,1974.9655,58.9650,122.8576,Caribbean
90190,Caribbean,Rest Caribbean,Latin American,55.9165,1190.7882,84.7462,67.3795,Caribbean
90191,Caribbean,Rest Caribbean,Latin American,,,,,Caribbean
90192,Caribbean,Rest Caribbean,Latin American,221.1141,3742.2876,74.7770,296.2380,Caribbean
90193,Caribbean,Rest Caribbean,Latin American,0.2058,13.2487,2.8293,0.0774,Caribbean
90194,Caribbean,Rest Caribbean,Latin American,3.5760,27.4325,3.0078,0.1251,Caribbean
90195,Caribbean,Rest Caribbean,Latin American,9.0068,681.6826,99.8858,26.9477,Caribbean
90196,Caribbean,Rest Caribbean,Latin American,75.1314,336.9600,13.7220,1.6130,Caribbean
90197,Caribbean,Rest Caribbean,Latin American,109.2829,626.9122,5.4677,24.3293,Caribbean
90198,Caribbean,Rest Caribbean,Latin American,140.5048,903.3176,53.1159,12.5442,Caribbean
90199,Caribbean,Rest Caribbean,Latin American,16.7423,224.3400,7.5400,14.5746,Caribbean
90200,Caribbean,Rest Caribbean,Latin American,19.2850,3221.7995,382.3389,180.3306,Caribbean
90201,Caribbean,Rest Caribbean,Latin American,178.8048,3161.7780,121.3396,221.7440,Caribbean
90202,Caribbean,Rest Caribbean,Latin American,44.2849,1955.6627,138.0612,138.8154,Caribbean
90203,Caribbean,Rest Caribbean,Latin American,237.3347,969.5712,4.2215,1.0774,Caribbean
90204,Caribbean,Rest Caribbean,Latin American,4.0500,2212.6560,111.9142,190.2283,Caribbean
90205,Caribbean,Rest Caribbean,Latin American,84.7541,839.9650,30.7531,45.3580,Caribbean
90206,Caribbean,Rest Caribbean,Latin American,53.0860,742.5069,31.5059,29.7229,Caribbean
90207,Caribbean,Rest Caribbean,Latin American,11.5995,61.0975,3.3710,0.4698,Caribbean
90208,Caribbean,Rest Caribbean,Latin American,1.1935,205.2770,44.9395,1.1432,Caribbean
90209,Caribbean,Rest Caribbean,Latin American,286.8361,1318.2190,17.6011,11.6648,Caribbean
90210,Caribbean,Rest Caribbean,Latin American,0.0000,224.4750,0.0718,25.4918,Caribbean
90211,Caribbean,Rest Caribbean,Latin American,89.4822,984.9521,17.5721,65.2321,Caribbean
90212,Caribbean,Rest Caribbean,Latin American,31.7968,131.7600,2.9546,0.9910,Caribbean
90213,Caribbean,Rest Caribbean,Latin American,114.6057,1556.1670,31.3391,114.5999,Caribbean
90214,Caribbean,Rest Caribbean,Latin American,6.7739,131.7750,4.0777,10.8090,Caribbean
90215,Caribbean,Rest Caribbean,Latin American,167.3074,3139.6971,186.1269,191.2496,Caribbean
90216,Caribbean,Rest Caribbean,Latin American,65.9102,1764.1468,199.6778,75.1406,Caribbean
90217,Caribbean,Rest Caribbean,Latin American,290.9049,6849.9527,602.2866,358.4966,Caribbean
90218,Caribbean,Rest Caribbean,Latin American,59.7350,4089.8538,310.7283,280.3896,Caribbean
90219,Caribbean,Rest Caribbean,Latin American,23.5695,147.8874,4.2063,5.7670,Caribbean
90220,Caribbean,Rest Caribbean,Latin American,149.0864,1141.6771,112.1989,7.4257,Caribbean
90221,Caribbean,Rest Caribbean,Latin American,78.5359,1328.9375,9.4271,112.9827,Caribbean
90222,Caribbean,Rest Caribbean,Latin American,136.0717,1034.1167,14.7035,52.5125,Caribbean
90223,Caribbean,Rest Caribbean,Latin American,0.2123,239.3102,0.0106,27.0018,Caribbean
90224,Caribbean,Rest Caribbean,Latin American,315.6848,1970.6118,111.5959,35.1359,Caribbean
90225,Caribbean,Rest Caribbean,Latin American,64.5423,783.3020,16.3380,53.9290,Caribbean
90226,Caribbean,Rest Caribbean,Latin American,107.5109,673.5585,19.0647,19.4215,Caribbean
90227,Caribbean,Rest Caribbean,Latin American,332.8749,4710.4332,298.7381,243.8138,Caribbean
90228,Caribbean,Rest Caribbean,Latin American,101.0638,8185.4780,23.3187,874.3397,Caribbean
90229,Caribbean,Rest Caribbean,Latin American,90.5715,682.0233,21.2690,28.5878,Caribbean
90230,Caribbean,Rest Caribbean,Latin American,48.7621,2652.5778,77.4629,239.2051,Caribbean
90231,Caribbean,Rest Caribbean,Latin American,31.5513,719.4752,7.6343,63.7427,Caribbean
90232,Caribbean,Rest Caribbean,Latin American,99.5396,390.6175,2.3506,0.6944,Caribbean
90233,Caribbean,Rest Caribbean,Latin American,35.8623,428.1750,4.6240,29.2320,Caribbean
90234,Caribbean,Rest Caribbean,Latin American,15.1767,531.3385,1.4889,54.7506,Caribbean
90235,Caribbean,Rest Caribbean,Latin American,7.6196,1130.7555,190.5151,32.3548,Caribbean
90236,Caribbean,Rest Caribbean,Latin American,321.7098,1282.1000,9.9408,2.7268,Caribbean
90237,Caribbean,Rest Caribbean,Latin American,649.1416,6221.7491,283.3947,281.0245,Caribbean
90238,Caribbean,Rest Caribbean,Latin American,66.3859,268.5500,3.7730,1.4514,Caribbean
90239,Caribbean,Rest Caribbean,Latin American,71.2780,929.6268,19.5410,67.1311,Caribbean
90240,Caribbean,Rest Caribbean,Latin American,50.3990,201.4950,0.0000,0.0000,Caribbean
90241,Caribbean,Rest Caribbean,Latin American,6.3025,31.2457,1.3422,0.7083,Caribbean
90242,Caribbean,Rest Caribbean,Latin American,1.6145,1683.3029,132.6407,123.3840,Caribbean
90243,Caribbean,Rest Caribbean,Latin American,334.9970,3857.7810,99.9273,245.7789,Caribbean
90244,Caribbean,Rest Caribbean,Latin American,72.5935,1132.1240,90.5036,57.9184,Caribbean
90245,Caribbean,Rest Caribbean,Latin American,24.7170,124.2167,6.9630,0.7687,Caribbean
90246,Caribbean,Rest Caribbean,Latin American,19.8793,2296.2258,5.4271,249.7691,Caribbean
90247,Caribbean,Rest Caribbean,Latin American,0.0000,50.4333,11.2200,0.2833,Caribbean
90248,Caribbean,Rest Caribbean,Latin American,84.3261,584.7300,22.2954,24.7326,Caribbean
90249,Caribbean,Rest Caribbean,Latin American,14.6992,62.6500,1.7400,0.1928,Caribbean
90250,Caribbean,Rest Caribbean,Latin American,99.2188,397.1183,5.4298,2.5202,Caribbean
90251,Caribbean,Rest Caribbean,Latin American,9.4795,719.6025,57.8549,49.1706,Caribbean
90252,Caribbean,Rest Caribbean,Latin American,68.4150,1039.4600,13.0034,87.3381,Caribbean
90253,Caribbean,Rest Caribbean,Latin American,113.3055,525.4315,8.6547,8.3287,Caribbean
90254,Caribbean,Rest Caribbean,Latin American,29.3057,136.0724,3.8594,2.2196,Caribbean
90255,Caribbean,Rest Caribbean,Latin American,0.6368,1.8906,0.0318,0.0053,Caribbean
90256,Caribbean,Rest Caribbean,Latin American,76.9745,806.3465,11.4256,55.0876,Caribbean
90257,Caribbean,Rest Caribbean,Latin American,55.3712,1275.2540,225.0190,6.5552,Caribbean
90258,Caribbean,Rest Caribbean,Latin American,299.7088,2003.6227,94.8839,53.4666,Caribbean
90259,Caribbean,Rest Caribbean,Latin American,66.6156,1872.1952,288.3638,50.3451,Caribbean
90260,Caribbean,Rest Caribbean,Latin American,82.9241,1551.6532,192.8094,46.9230,Caribbean
90261,Caribbean,Rest Caribbean,Latin American,6.2940,818.2303,98.6622,42.6817,Caribbean
90262,Caribbean,Rest Caribbean,Latin American,12.9955,2331.6684,454.7358,38.9092,Caribbean
90263,Caribbean,Rest Caribbean,Latin American,36.8203,155.3552,1.7690,0.4763,Caribbean
90264,Caribbean,Rest Caribbean,Latin American,0.4406,52.1958,11.2552,0.2878,Caribbean
90265,Caribbean,Rest Caribbean,Latin American,1011.1557,5589.5775,85.8738,163.8868,Caribbean
90266,Caribbean,Rest Caribbean,Latin American,71.0955,2228.2200,77.6545,194.7864,Caribbean
90267,Caribbean,Rest Caribbean,Latin American,81.1259,4429.0493,773.9411,93.5465,Caribbean
90268,Caribbean,Rest Caribbean,Latin American,791.8149,4808.7670,122.9760,127.6608,Caribbean
90269,Caribbean,Rest Caribbean,Latin American,148.6123,905.4651,80.3305,1.4364,Caribbean
90270,Caribbean,Rest Caribbean,Latin American,130.7679,558.3225,13.0892,6.0135,Caribbean
90271,Caribbean,Rest Caribbean,Latin American,47.2647,426.3336,5.7960,26.4409,Caribbean
90272,Caribbean,Rest Caribbean,Latin American,1.3989,297.8406,3.0488,31.6104,Caribbean
90273,Caribbean,Rest Caribbean,Latin American,2.3020,98.9254,5.6695,0.1516,Caribbean
90274,Caribbean,Rest Caribbean,Latin American,977.7795,5608.7880,79.6762,158.6758,Caribbean
90275,Caribbean,Rest Caribbean,Latin American,,,,,Caribbean
90276,Caribbean,Rest Caribbean,Latin American,6657.5812,900421.6350,78407.5133,62200.9298,Caribbean
90277,Caribbean,Rest Caribbean,Latin American,183.9862,3530.9342,405.4616,124.3081,Caribbean
90278,Caribbean,Rest Caribbean,Latin American,30.6801,2207.1432,158.2974,158.7423,Caribbean
90279,Caribbean,Rest Caribbean,Latin American,71.6529,413.1350,15.7883,8.8778,Caribbean
90280,Caribbean,Rest Caribbean,Latin American,39.7353,1060.2132,78.4612,70.3076,Caribbean
90281,Caribbean,Rest Caribbean,Latin American,284.8193,1472.7203,64.3657,9.3468,Caribbean
90282,Caribbean,Rest Caribbean,Latin American,51.8780,222.3600,5.4164,1.1024,Caribbean
90283,Caribbean,Rest Caribbean,Latin American,39.8880,1656.0000,16.4880,171.6480,Caribbean
90284,Caribbean,Rest Caribbean,Latin American,106.6382,1181.9868,59.7574,59.4764,Caribbean
90285,Caribbean,Rest Caribbean,Latin American,257.3868,2262.0789,126.9768,92.0935,Caribbean
90286,Caribbean,Rest Caribbean,Latin American,156.3884,1503.1573,26.5875,88.8027,Caribbean
90287,Caribbean,Rest Caribbean,Latin American,510.6389,2743.4712,90.5401,38.6930,Caribbean
90288,Caribbean,Rest Caribbean,Latin American,269.3449,2899.4253,138.0005,140.6734,Caribbean
90289,Caribbean,Rest Caribbean,Latin American,27.2827,694.7457,5.5147,67.1239,Caribbean
90290,Caribbean,Rest Caribbean,Latin American,52.8187,1255.2063,128.4387,58.8172,Caribbean
90291,Caribbean,Rest Caribbean,Latin American,0.0000,50.4333,11.2200,0.2833,Caribbean
90292,Caribbean,Rest Caribbean,Latin American,52.4068,1963.4898,171.0499,118.1667,Caribbean
90293,Caribbean,Rest Caribbean,Latin American,26.2182,4150.7507,353.1589,283.4441,Caribbean
90294,Caribbean,Rest Caribbean,Latin American,23.4676,1291.6366,188.9564,44.6482,Caribbean
90295,Caribbean,Rest Caribbean,Latin American,590.8130,3415.3388,193.1998,40.1884,Caribbean
90296,Caribbean,Rest Caribbean,Latin American,67.1477,969.9331,128.1766,20.7325,Caribbean
90297,Caribbean,Rest Caribbean,Latin American,42.3597,1761.7492,197.7174,85.3163,Caribbean
90298,Caribbean,Rest Caribbean,Latin American,2.5484,4.8760,0.0000,0.0000,Caribbean
90299,Caribbean,Rest Caribbean,Latin American,431.4420,3420.8600,60.8219,184.9791,Caribbean
90300,Caribbean,Rest Caribbean,Latin American,935.4622,4877.2766,184.1864,55.4748,Caribbean
90301,Caribbean,Rest Caribbean,Latin American,51.7907,204.3706,2.7992,0.8084,Caribbean
90302,Caribbean,Rest Caribbean,Latin American,528.9995,2892.6500,54.8250,69.2644,Caribbean
90303,Caribbean,Rest Caribbean,Latin American,66.3540,1162.8000,33.8460,92.6580,Caribbean
90304,Caribbean,Rest Caribbean,Latin American,7.8771,34.9760,1.7286,0.3699,Caribbean
90305,Caribbean,Rest Caribbean,Latin American,4.4830,55.7810,8.4150,0.2125,Caribbean
90306,Caribbean,Rest Caribbean,Latin American,16.3572,69.6960,2.1838,0.3113,Caribbean
90307,Caribbean,Rest Caribbean,Latin American,142.4172,673.5500,7.3668,14.2673,Caribbean
90308,Caribbean,Rest Caribbean,Latin American,15.5771,3402.9486,256.2587,251.9808,Caribbean
90309,Caribbean,Rest Caribbean,Latin American,66.4740,545.1492,12.0903,25.9005,Caribbean
90310,Caribbean,Rest Caribbean,Latin American,42.5781,2283.3681,154.5644,161.5080,Caribbean
90311,Caribbean,Rest Caribbean,Latin American,84.7578,785.6125,4.5048,52.2061,Caribbean
90312,Caribbean,Rest Caribbean,Latin American,12.2021,291.8840,1.2275,27.2137,Caribbean
90313,Caribbean,Rest Caribbean,Latin American,187.7898,2131.1773,128.7688,102.1312,Caribbean
90314,Caribbean,Rest Caribbean,Latin American,14.3558,57.3666,0.9508,0.2628,Caribbean
90315,Caribbean,Rest Caribbean,Latin American,90.5153,694.9864,71.1061,9.6013,Caribbean
90316,Caribbean,Rest Caribbean,Latin American,163.2510,891.5000,9.4440,30.5910,Caribbean
90317,Caribbean,Rest Caribbean,Latin American,10.9457,70.2924,5.9162,0.2438,Caribbean
90318,Caribbean,Rest Caribbean,Latin American,20.6367,542.6639,68.2753,19.8525,Caribbean
90319,Caribbean,Rest Caribbean,Latin American,36.1801,535.4520,33.7869,30.5258,Caribbean
90320,Caribbean,Rest Caribbean,Latin American,421.6218,2621.1619,89.1405,67.8669,Caribbean
90321,Caribbean,Rest Caribbean,Latin American,36.0808,497.1043,79.8486,4.6172,Caribbean
90322,Caribbean,Rest Caribbean,Latin American,96.0331,1638.9930,109.7138,93.9527,Caribbean
90323,Caribbean,Rest Caribbean,Latin American,228.9693,3900.9241,352.7733,174.6262,Caribbean
90324,Caribbean,Rest Caribbean,Latin American,332.3821,1759.6956,50.7352,27.8186,Caribbean
90325,Caribbean,Rest Caribbean,Latin American,10.4326,56.8335,3.3720,0.1842,Caribbean
90326,Caribbean,Rest Caribbean,Latin American,83.8278,412.9260,14.5951,7.4483,Caribbean
90327,Caribbean,Rest Caribbean,Latin American,5.5361,24.1152,0.8294,0.4368,Caribbean
90328,Caribbean,Rest Caribbean,Latin American,239.0316,943.2800,2.7636,0.8894,Caribbean
90329,Caribbean,Rest Caribbean,Latin American,5.8663,272.0962,0.5843,28.2133,Caribbean
90330,Caribbean,Rest Caribbean,Latin American,13.1939,105.9983,11.8210,0.4647,Caribbean
90331,Caribbean,Rest Caribbean,Latin American,1.2471,135.8372,0.0000,0.0000,Caribbean
90332,Caribbean,Rest Caribbean,Latin American,37.7580,192.8250,11.5150,1.1425,Caribbean
90333,Caribbean,Rest Caribbean,Latin American,403.1920,1611.9600,0.0000,0.0000,Caribbean
90334,Caribbean,Rest Caribbean,Latin American,528.6710,3428.3000,126.5936,98.6540,Caribbean
90335,Caribbean,Rest Caribbean,Latin American,96.4357,1403.6900,35.1848,100.1636,Caribbean
90336,Caribbean,Rest Caribbean,Latin American,287.2554,2972.4873,223.5330,110.9589,Caribbean
90337,Caribbean,Rest Caribbean,Latin American,19.2405,292.3337,6.4337,22.5805,Caribbean
90338,Caribbean,Rest Caribbean,Latin American,46.4508,251.7115,7.2840,3.0954,Caribbean
90339,Caribbean,Rest Caribbean,Latin American,428.3104,3602.5240,28.0414,200.8260,Caribbean
90340,Caribbean,Rest Caribbean,Latin American,347.1267,1508.4040,23.3811,7.5882,Caribbean
90341,Caribbean,Rest Caribbean,Latin American,0.1386,3.1290,0.0000,0.0000,Caribbean
90342,Caribbean,Rest Caribbean,Latin American,225.0913,2075.9639,203.7847,39.5004,Caribbean
90343,Caribbean,Rest Caribbean,Latin American,1.8338,1987.6967,3.1242,222.6238,Caribbean
90344,Caribbean,Rest Caribbean,Latin American,209.5876,1598.9383,64.4673,60.8136,Caribbean
90345,Caribbean,Rest Caribbean,Latin American,31.4420,417.9940,6.5364,32.7196,Caribbean
90346,Caribbean,Rest Caribbean,Latin American,95.9130,418.5371,13.3382,1.3699,Caribbean
90347,Caribbean,Rest Caribbean,Latin American,1.8243,52.8646,2.8560,0.0878,Caribbean
90348,Caribbean,Rest Caribbean,Latin American,5.7387,18.1400,0.3349,0.0806,Caribbean
90349,Caribbean,Rest Caribbean,Latin American,19.8348,254.8476,7.0601,13.7267,Caribbean
90350,Caribbean,Rest Caribbean,Latin American,1351.8207,6776.7445,215.7413,57.3603,Caribbean
90351,Caribbean,Rest Caribbean,Latin American,222.5881,1530.6101,70.5406,47.4432,Caribbean
90352,Caribbean,Rest Caribbean,Latin American,1.6056,8.2625,0.2449,0.1190,Caribbean
90353,Caribbean,Rest Caribbean,Latin American,139.6923,1077.8210,7.9435,58.2323,Caribbean
90354,Caribbean,Rest Caribbean,Latin American,250.9925,1720.4260,107.0766,37.7213,Caribbean
90355,Caribbean,Rest Caribbean,Latin American,42.5902,2090.7750,54.2322,200.5774,Caribbean
90356,Caribbean,Rest Caribbean,Latin American,16.6644,601.3800,28.4796,49.2534,Caribbean
90357,Caribbean,Rest Caribbean,Latin American,291.7235,2381.5100,97.4553,101.8045,Caribbean
90358,Caribbean,Rest Caribbean,Latin American,27.6642,1073.3400,59.3118,81.7602,Caribbean
90359,Caribbean,Rest Caribbean,Latin American,90.1540,409.9427,6.8440,1.2931,Caribbean
90360,Caribbean,Rest Caribbean,Latin American,73.4574,407.1504,4.1797,14.6682,Caribbean
90361,Caribbean,Rest Caribbean,Latin American,0.0000,37.8250,8.4150,0.2125,Caribbean
90362,Caribbean,Rest Caribbean,Latin American,19.5671,311.0490,2.7718,25.6696,Caribbean
90363,Caribbean,Rest Caribbean,Latin American,160.0805,8760.7295,193.6426,814.4258,Caribbean
90364,Caribbean,Rest Caribbean,Latin American,697.4620,3420.6802,108.3377,21.9486,Caribbean
90365,Caribbean,Rest Caribbean,Latin American,86.1164,885.0797,7.6213,62.2526,Caribbean
90366,Caribbean,Rest Caribbean,Latin American,32.8997,1207.8800,34.2630,109.0012,Caribbean
90367,Caribbean,Rest Caribbean,Latin American,763.8991,4610.5032,321.4559,33.7449,Caribbean
90368,Caribbean,Rest Caribbean,Latin American,61.4009,1725.6509,208.7375,71.7491,Caribbean
90369,Caribbean,Rest Caribbean,Latin American,2.6318,100.8906,1.1208,10.4093,Caribbean
90370,Caribbean,Rest Caribbean,Latin American,60.0080,345.0167,15.6200,5.1337,Caribbean
90371,Caribbean,Rest Caribbean,Latin American,26.6677,1223.6484,202.2313,35.0654,Caribbean
90372,Caribbean,Rest Caribbean,Latin American,189.3077,764.4498,4.5080,1.5380,Caribbean
90373,Caribbean,Rest Caribbean,Latin American,94.7707,729.9400,26.9670,27.9258,Caribbean
90374,Caribbean,Rest Caribbean,Latin American,947.7849,7067.9411,465.9465,215.2731,Caribbean
90375,Caribbean,Rest Caribbean,Latin American,323.3071,1734.8212,87.0126,16.0088,Caribbean
90376,Caribbean,Rest Caribbean,Latin American,274.0161,2054.1705,43.3284,94.6615,Caribbean
90377,Caribbean,Rest Caribbean,Latin American,779.9756,4574.2285,139.5290,104.9892,Caribbean
90378,Caribbean,Rest Caribbean,Latin American,1.4702,3315.7811,718.3172,27.5487,Caribbean
90379,Caribbean,Rest Caribbean,Latin American,3.2890,276.6133,44.8956,1.1489,Caribbean
90380,Caribbean,Rest Caribbean,Latin American,692.9115,3523.7077,155.9060,15.7261,Caribbean
90381,Caribbean,Rest Caribbean,Latin American,16.0875,66.2500,0.4500,0.1500,Caribbean
90382,Caribbean,Rest Caribbean,Latin American,434.0581,2615.6057,152.4942,30.6719,Caribbean
90383,Caribbean,Rest Caribbean,Latin American,269.5134,1123.2905,12.5972,3.6395,Caribbean
90384,Caribbean,Rest Caribbean,Latin American,499.0105,2673.9245,92.5726,33.0244,Caribbean
90385,Caribbean,Rest Caribbean,Latin American,363.8469,2975.3062,149.9906,105.7489,Caribbean
90386,Caribbean,Rest Caribbean,Latin American,0.9426,482.6400,0.3772,54.0982,Caribbean
90387,Caribbean,Rest Caribbean,Latin American,179.9681,1849.8043,70.5999,104.3293,Caribbean
90388,Caribbean,Rest Caribbean,Latin American,243.3476,1570.3140,36.8250,53.0717,Caribbean
90389,Caribbean,Rest Caribbean,Latin American,88.4641,4459.9342,390.5839,280.4349,Caribbean
90390,Caribbean,Rest Caribbean,Latin American,42474.3464,227394.2450,5087.7406,3881.3947,Caribbean
90391,Caribbean,Rest Caribbean,Latin American,23.0050,99.1775,3.2440,0.8434,Caribbean
90392,Caribbean,Rest Caribbean,Latin American,205.1014,1185.1160,33.8558,24.1110,Caribbean
90393,Caribbean,Rest Caribbean,Latin American,24.2551,598.4985,6.7639,57.4086,Caribbean
90394,Caribbean,Rest Caribbean,Latin American,3.9908,17.4310,0.4940,0.1177,Caribbean
90395,Caribbean,Rest Caribbean,Latin American,22.3967,344.3195,6.6012,29.0458,Caribbean
90396,Caribbean,Rest Caribbean,Latin American,2.5470,57.9958,11.3470,0.3045,Caribbean
90397,Caribbean,Rest Caribbean,Latin American,673.6490,6343.2940,60.0190,380.2808,Caribbean
90398,Caribbean,Rest Caribbean,Latin American,319.8489,1273.5525,8.2263,2.0086,Caribbean
90399,Caribbean,Rest Caribbean,Latin American,149.0604,1183.9587,26.8676,63.1636,Caribbean
90400,Caribbean,Rest Caribbean,Latin American,6.5866,154.7890,0.4340,14.1240,Caribbean
90401,Caribbean,Rest Caribbean,Latin American,467.4003,3469.5062,147.8924,126.0903,Caribbean
90402,Caribbean,Rest Caribbean,Latin American,317.4616,1988.7560,39.5348,70.2210,Caribbean
90403,Caribbean,Rest Caribbean,Latin American,70.5787,625.2155,6.0443,37.1567,Caribbean
90404,Caribbean,Rest Caribbean,Latin American,0.0000,201.7333,44.8800,1.1333,Caribbean
90405,Caribbean,Rest Caribbean,Latin American,9.1121,404.3160,1.4940,40.8318,Caribbean
90406,Caribbean,Rest Caribbean,Latin American,223.5013,1931.6622,33.3624,104.8036,Caribbean
90407,Caribbean,Rest Caribbean,Latin American,16.6954,566.5092,5.7219,57.2841,Caribbean
90408,Caribbean,Rest Caribbean,Latin American,36.2547,142.9656,2.2672,0.5860,Caribbean
90409,Caribbean,Rest Caribbean,Latin American,20.3423,139.4652,5.8637,0.2437,Caribbean
90410,Caribbean,Rest Caribbean,Latin American,128.7705,503.2812,6.3215,2.1226,Caribbean
90411,Caribbean,Rest Caribbean,Latin American,224.3721,1289.0860,18.6976,34.2137,Caribbean
90412,Caribbean,Rest Caribbean,Latin American,130.2053,982.0025,48.6637,34.7197,Caribbean
90413,Caribbean,Rest Caribbean,Latin American,3418.2048,139156.0458,1554.3906,14311.7226,Caribbean
90414,Caribbean,Rest Caribbean,Latin American,359.8518,2480.2697,167.1484,46.9605,Caribbean
90415,Caribbean,Rest Caribbean,Latin American,22.9855,1101.2862,21.7209,108.3401,Caribbean
90416,Caribbean,Rest Caribbean,Latin American,17.2115,217.0179,8.2385,13.2307,Caribbean
90417,Caribbean,Rest Caribbean,Latin American,12.4336,482.4340,2.2983,47.1641,Caribbean
90418,Caribbean,Rest Caribbean,Latin American,110.8307,632.0723,4.4372,19.8181,Caribbean
90419,Caribbean,Rest Caribbean,Latin American,4.7263,432.9259,39.8922,28.0706,Caribbean
90420,Caribbean,Rest Caribbean,Latin American,0.0000,982.3099,0.0000,0.0000,Caribbean
90421,Caribbean,Rest Caribbean,Latin American,17.4214,82.6070,4.5488,0.9909,Caribbean
90422,Caribbean,Rest Caribbean,Latin American,41.5744,1620.4178,148.2637,95.8918,Caribbean
90423,Caribbean,Rest Caribbean,Latin American,21.6294,226.0620,5.3430,14.4000,Caribbean
90424,Caribbean,Rest Caribbean,Latin American,251.8268,1480.6849,79.6887,18.7065,Caribbean
90425,Caribbean,Rest Caribbean,Latin American,584.6580,3416.1496,198.4542,40.1762,Caribbean
90426,Caribbean,Rest Caribbean,Latin American,3.0929,12.7573,0.0765,0.0340,Caribbean
90427,Caribbean,Rest Caribbean,Latin American,103.1094,405.0350,2.3734,0.6468,Caribbean
90428,Caribbean,Rest Caribbean,Latin American,377.2130,3409.0150,227.2995,109.1256,Caribbean
90429,Caribbean,Rest Caribbean,Latin American,109.2879,6271.3050,25.1791,638.9849,Caribbean
90430,Caribbean,Rest Caribbean,Latin American,85.5496,1062.3373,14.1040,44.7200,Caribbean
90431,Caribbean,Rest Caribbean,Latin American,22.0180,1053.8000,23.7840,98.5200,Caribbean
90432,Caribbean,Rest Caribbean,Latin American,76.3025,5677.9324,430.6081,394.7846,Caribbean
90433,Caribbean,Rest Caribbean,Latin American,42.1330,1311.6876,10.9719,128.9659,Caribbean
90434,Caribbean,Rest Caribbean,Latin American,240.0320,1279.2000,40.0400,19.9680,Caribbean
90435,Caribbean,Rest Caribbean,Latin American,113.8780,1832.6595,126.4081,98.7388,Caribbean
90436,Caribbean,Rest Caribbean,Latin American,139.9777,695.3715,11.5838,11.5293,Caribbean
90437,Caribbean,Rest Caribbean,Latin American,380.3152,1572.3500,13.6882,4.0647,Caribbean
90438,Caribbean,Rest Caribbean,Latin American,0.0000,1366.8031,138.0403,86.4282,Caribbean
90439,Caribbean,Rest Caribbean,Latin American,242.4952,1442.0212,16.5683,56.4053,Caribbean
90440,Caribbean,Rest Caribbean,Latin American,55.9913,692.6662,24.2625,44.9858,Caribbean
90441,Caribbean,Rest Caribbean,Latin American,15.7694,189.4339,3.4595,14.6278,Caribbean
90442,Caribbean,Rest Caribbean,Latin American,262.2000,2008.4838,26.0602,100.8454,Caribbean
90443,Caribbean,Rest Caribbean,Latin American,508.7991,2575.3312,38.6715,37.7727,Caribbean
90444,Caribbean,Rest Caribbean,Latin American,23.5864,103.8198,3.7425,0.6991,Caribbean
90445,Caribbean,Rest Caribbean,Latin American,182.0265,1172.1580,29.7799,49.4255,Caribbean
90446,Caribbean,Rest Caribbean,Latin American,258.6325,1481.5240,87.8020,15.5470,Caribbean
90447,Caribbean,Rest Caribbean,Latin American,30.8053,916.4440,98.6511,42.3032,Caribbean
90448,Caribbean,Rest Caribbean,Latin American,224.1117,5923.2523,379.6559,386.1415,Caribbean
90449,Caribbean,Rest Caribbean,Latin American,140.4369,2037.9645,17.3900,168.1830,Caribbean
90450,Caribbean,Rest Caribbean,Latin American,21.6480,147.9873,0.8910,0.1980,Caribbean
90451,Caribbean,Rest Caribbean,Latin American,85.0737,1420.0954,98.5930,78.0568,Caribbean
90452,Caribbean,Rest Caribbean,Latin American,307.5233,2149.8250,128.4512,53.6926,Caribbean
90453,Caribbean,Rest Caribbean,Latin American,685.7908,3369.8692,107.7763,21.9672,Caribbean
90454,Caribbean,Rest Caribbean,Latin American,343.4862,2621.4180,30.8628,125.6892,Caribbean
90455,Caribbean,Rest Caribbean,Latin American,18.7937,747.1165,6.8350,77.4189,Caribbean
90456,Caribbean,Rest Caribbean,Latin American,60.2224,1951.9156,207.9606,93.1854,Caribbean
90457,Caribbean,Rest Caribbean,Latin American,330.6937,1673.6150,34.5744,21.3002,Caribbean
90458,Caribbean,Rest Caribbean,Latin American,70.7893,3484.8094,222.9491,254.7855,Caribbean
90459,Caribbean,Rest Caribbean,Latin American,79.9102,362.4088,4.9070,6.8349,Caribbean
90460,Caribbean,Rest Caribbean,Latin American,385.7454,1547.3400,7.8495,4.2756,Caribbean
90461,Caribbean,Rest Caribbean,Latin American,29.2815,558.6816,52.3019,26.4436,Caribbean
90462,Caribbean,Rest Caribbean,Latin American,42.2489,1767.7840,200.4371,85.3290,Caribbean
90463,Caribbean,Rest Caribbean,Latin American,9.4595,1185.0661,146.1323,64.0271,Caribbean
90464,Caribbean,Rest Caribbean,Latin American,140.4587,1795.9556,88.0510,106.3509,Caribbean
90465,Caribbean,Rest Caribbean,Latin American,113.7017,490.6350,4.7005,1.1218,Caribbean
90466,Caribbean,Rest Caribbean,Latin American,3.3305,13.1812,0.4877,0.0510,Caribbean
90467,Caribbean,Rest Caribbean,Latin American,192.1544,4877.1450,51.4870,469.0900,Caribbean
90468,Caribbean,Rest Caribbean,Latin American,235.6792,2953.3880,77.7126,198.7281,Caribbean
90469,Caribbean,Rest Caribbean,Latin American,32.6084,167.5405,3.7057,2.4889,Caribbean
90470,Caribbean,Rest Caribbean,Latin American,70.9805,1527.6303,78.3312,109.5569,Caribbean
90471,Caribbean,Rest Caribbean,Latin American,621.3757,3253.9470,48.7821,90.6842,Caribbean
90472,Caribbean,Rest Caribbean,Latin American,533.7699,4030.1185,131.8524,163.9281,Caribbean
90473,Caribbean,Rest Caribbean,Latin American,252.5822,3493.7350,29.3412,286.7917,Caribbean
90474,Caribbean,Rest Caribbean,Latin American,79.3334,349.2665,9.2987,0.4082,Caribbean
90475,Caribbean,Rest Caribbean,Latin American,71.1604,1074.4800,20.8924,86.6432,Caribbean
90476,Caribbean,Rest Caribbean,Latin American,10.2627,133.8120,3.4304,13.5230,Caribbean
90477,Caribbean,Rest Caribbean,Latin American,,,,,Caribbean
90478,Caribbean,Rest Caribbean,Latin American,0.0000,12.6083,2.8050,0.0708,Caribbean
90479,Caribbean,Rest Caribbean,Latin American,35.6595,839.1337,82.1257,41.9040,Caribbean
90480,Caribbean,Rest Caribbean,Latin American,22.5920,3147.9964,161.0853,268.9918,Caribbean
90481,Caribbean,Rest Caribbean,Latin American,21.0585,457.9970,3.3773,42.3774,Caribbean
90482,Caribbean,Rest Caribbean,Latin American,327.7680,2756.0030,78.2159,138.6988,Caribbean
90483,Caribbean,Rest Caribbean,Latin American,21.2239,334.0177,3.1299,27.9187,Caribbean
90484,Caribbean,Rest Caribbean,Latin American,580.3593,2295.9638,13.6104,4.0750,Caribbean
90485,Caribbean,Rest Caribbean,Latin American,396.3290,8562.6212,267.2135,720.0106,Caribbean
90486,Caribbean,Rest Caribbean,Latin American,41.1983,389.0600,13.5541,22.6940,Caribbean
90487,Caribbean,Rest Caribbean,Latin American,132.1686,643.1123,5.5786,14.3940,Caribbean
90488,Caribbean,Rest Caribbean,Latin American,18.6793,1028.2950,1.2121,108.3332,Caribbean
90489,Caribbean,Rest Caribbean,Latin American,0.0344,418.9162,0.4365,46.4017,Caribbean
90490,Caribbean,Rest Caribbean,Latin American,151.9996,884.8520,14.8692,29.4640,Caribbean
90491,Caribbean,Rest Caribbean,Latin American,49.6795,665.5576,94.3532,11.4614,Caribbean
90492,Caribbean,Rest Caribbean,Latin American,30.5908,2714.8676,288.0114,154.3852,Caribbean
90493,Caribbean,Rest Caribbean,Latin American,19.5893,993.4103,125.9803,42.5761,Caribbean
90494,Caribbean,Rest Caribbean,Latin American,23.0812,723.0737,94.9569,25.4195,Caribbean
90495,Caribbean,Rest Caribbean,Latin American,81.2575,1145.7237,48.1752,74.0396,Caribbean
90496,Caribbean,Rest Caribbean,Latin American,30.8713,142.2820,6.7321,1.5507,Caribbean
90497,Caribbean,Rest Caribbean,Latin American,18.0370,83.3370,2.6584,1.1880,Caribbean
90498,Caribbean,Rest Caribbean,Latin American,0.0000,35.2843,4.2075,0.1062,Caribbean
90499,Caribbean,Rest Caribbean,Latin American,191.4864,1883.3650,76.2486,100.1442,Caribbean
90500,Caribbean,Rest Caribbean,Latin American,118.6531,2247.5634,244.5457,85.2082,Caribbean
90501,Caribbean,Rest Caribbean,Latin American,19.4732,1078.8832,143.6482,44.1332,Caribbean
90502,Caribbean,Rest Caribbean,Latin American,853.6400,3448.3200,8.4150,3.1350,Caribbean
90503,Caribbean,Rest Caribbean,Latin American,37.3200,278.3000,2.0319,15.6955,Caribbean
90504,Caribbean,Rest Caribbean,Latin American,37.1744,144.1600,1.8516,0.4464,Caribbean
90505,Caribbean,Rest Caribbean,Latin American,38.7884,729.2603,68.2316,36.1766,Caribbean
90506,Caribbean,Rest Caribbean,Latin American,423.6634,2252.3691,38.7685,49.3236,Caribbean
90507,Caribbean,Rest Caribbean,Latin American,12.2624,52.4800,1.1904,0.3072,Caribbean
90508,Caribbean,Rest Caribbean,Latin American,41.5204,1036.8886,96.0521,54.1662,Caribbean
90509,Caribbean,Rest Caribbean,Latin American,51.9194,710.6220,17.1470,52.4580,Caribbean
90510,Caribbean,Rest Caribbean,Latin American,72.1197,2106.3610,228.6362,105.3390,Caribbean
90511,Caribbean,Rest Caribbean,Latin American,7.2484,99.1957,3.2444,7.2613,Caribbean
90512,Caribbean,Rest Caribbean,Latin American,42.3719,548.7755,6.9302,42.8255,Caribbean
90513,Caribbean,Rest Caribbean,Latin American,195.9479,1840.5112,206.8476,17.5087,Caribbean
90514,Caribbean,Rest Caribbean,Latin American,116.6422,1006.1425,43.5574,44.9310,Caribbean
90515,Caribbean,Rest Caribbean,Latin American,715.1300,4255.0278,217.3718,68.1320,Caribbean
90516,Caribbean,Rest Caribbean,Latin American,0.0000,1909.4400,0.0000,216.0000,Caribbean
90517,Caribbean,Rest Caribbean,Latin American,29.6188,355.8525,1.8426,27.9313,Caribbean
90518,Caribbean,Rest Caribbean,Latin American,82.6503,1952.1484,204.7652,97.6361,Caribbean
90519,Caribbean,Rest Caribbean,Latin American,89.2177,684.5919,47.1765,13.8625,Caribbean
90520,Caribbean,Rest Caribbean,Latin American,3.3024,831.6187,179.7050,4.7555,Caribbean
90521,Caribbean,Rest Caribbean,Latin American,45.9788,872.3492,101.4421,31.8886,Caribbean
90522,Caribbean,Rest Caribbean,Latin American,107.6521,555.1169,8.2397,12.6180,Caribbean
90523,Caribbean,Rest Caribbean,Latin American,496.7868,4438.7730,59.1494,268.5658,Caribbean
90524,Caribbean,Rest Caribbean,Latin American,27.6394,131.8408,4.3761,2.1899,Caribbean
90525,Caribbean,Rest Caribbean,Latin American,49.2420,12987.2730,265.3971,1306.7710,Caribbean
90526,Caribbean,Rest Caribbean,Latin American,321.3181,3499.7050,155.0392,195.2274,Caribbean
90527,Caribbean,Rest Caribbean,Latin American,405.6507,2586.0456,38.7936,115.8476,Caribbean
90528,Caribbean,Rest Caribbean,Latin American,463.2413,2560.4155,32.2919,69.1934,Caribbean
90529,Caribbean,Rest Caribbean,Latin American,,,,,Caribbean
90530,Caribbean,Rest Caribbean,Latin American,615.7059,3712.1732,181.6634,59.6251,Caribbean
90531,Caribbean,Rest Caribbean,Latin American,6.0859,2447.4045,236.8802,158.9508,Caribbean
90532,Caribbean,Rest Caribbean,Latin American,1.8541,1688.5704,189.5333,97.6048,Caribbean
90533,Caribbean,Rest Caribbean,Latin American,0.3600,969.6140,94.3677,62.4974,Caribbean
90534,Caribbean,Rest Caribbean,Latin American,8.5790,50.8395,4.3748,0.4310,Caribbean
90535,Caribbean,Rest Caribbean,Latin American,144.7824,2309.2416,358.5991,39.1837,Caribbean
90536,Caribbean,Rest Caribbean,Latin American,137.8404,2337.2430,25.2868,191.6157,Caribbean
90537,Caribbean,Rest Caribbean,Latin American,119.5158,471.6400,1.3818,0.4447,Caribbean
90538,Caribbean,Rest Caribbean,Latin American,101.6553,909.7538,105.5046,8.5245,Caribbean
90539,Caribbean,Rest Caribbean,Latin American,582.9380,3822.7817,85.4706,133.9715,Caribbean
90540,Caribbean,Rest Caribbean,Latin American,439.9886,3579.8440,87.9504,174.3662,Caribbean
90541,Caribbean,Rest Caribbean,Latin American,29.6995,3874.1207,738.2781,72.5654,Caribbean
90542,Caribbean,Rest Caribbean,Latin American,65.4074,1017.5238,99.4206,43.9433,Caribbean
90543,Caribbean,Rest Caribbean,Latin American,27.3484,1466.0060,11.2761,155.0058,Caribbean
90544,Caribbean,Rest Caribbean,Latin American,412.0895,1719.3000,9.8334,2.9934,Caribbean
90545,Caribbean,Rest Caribbean,Latin American,89.9976,428.7500,12.4354,5.9070,Caribbean
90546,Caribbean,Rest Caribbean,Latin American,363.0530,2676.2269,176.7874,57.5922,Caribbean
90547,Caribbean,Rest Caribbean,Latin American,293.1437,1524.7888,76.8268,9.3045,Caribbean
90548,Caribbean,Rest Caribbean,Latin American,45.3088,1145.8597,40.3806,88.8511,Caribbean
90549,Caribbean,Rest Caribbean,Latin American,131.5701,793.4388,43.4599,12.3925,Caribbean
90550,Caribbean,Rest Caribbean,Latin American,12.4587,69.5070,3.2925,2.2955,Caribbean
90551,Caribbean,Rest Caribbean,Latin American,62.2426,262.3900,4.6416,1.5556,Caribbean
90552,Caribbean,Rest Caribbean,Latin American,412.7054,2268.6379,135.6721,16.6113,Caribbean
90553,Caribbean,Rest Caribbean,Latin American,22.6401,223.4580,0.0000,0.0000,Caribbean
90554,Caribbean,Rest Caribbean,Latin American,373.8070,6712.2095,694.6347,260.7080,Caribbean
90555,Caribbean,Rest Caribbean,Latin American,57.8539,664.1203,66.3811,18.1508,Caribbean
90556,Caribbean,Rest Caribbean,Latin American,119.1850,1793.0271,272.8400,20.6798,Caribbean
90557,Caribbean,Rest Caribbean,Latin American,0.4116,1853.8311,359.0894,36.0799,Caribbean
90558,Caribbean,Rest Caribbean,Latin American,526.7364,2118.8600,7.9604,2.1534,Caribbean
90559,Caribbean,Rest Caribbean,Latin American,222.6185,1853.5262,27.0877,100.0539,Caribbean
90560,Caribbean,Rest Caribbean,Latin American,175.9934,814.0020,27.0790,15.1186,Caribbean
90561,Caribbean,Rest Caribbean,Latin American,25.7723,820.3942,77.6739,45.7165,Caribbean
90562,Caribbean,Rest Caribbean,Latin American,0.2656,1302.4213,0.0013,143.9685,Caribbean
90563,Caribbean,Rest Caribbean,Latin American,35.9583,2047.6443,374.2234,38.0236,Caribbean
90564,Caribbean,Rest Caribbean,Latin American,585.7412,2832.2292,43.6687,43.5368,Caribbean
90565,Caribbean,Rest Caribbean,Latin American,0.0000,151.3000,33.6600,0.8500,Caribbean
90566,Caribbean,Rest Caribbean,Latin American,75.1551,651.0991,24.0393,29.9957,Caribbean
90567,Caribbean,Rest Caribbean,Latin American,86.9310,385.3007,6.8047,3.0249,Caribbean
90568,Caribbean,Rest Caribbean,Latin American,70.6081,947.7132,127.6454,18.0435,Caribbean
90569,Caribbean,Rest Caribbean,Latin American,927.0287,4450.2232,98.8617,102.0197,Caribbean
90570,Caribbean,Rest Caribbean,Latin American,76.7796,764.9608,14.1526,44.7332,Caribbean
90571,Caribbean,Rest Caribbean,Latin American,68.3800,364.6614,17.2801,7.0854,Caribbean
90572,Caribbean,Rest Caribbean,Latin American,59.6783,299.2804,8.6182,5.3305,Caribbean
90573,Caribbean,Rest Caribbean,Latin American,102.3030,4651.1545,728.2714,128.9084,Caribbean
90575,Caribbean,Rest Caribbean,Latin American,492.1260,1937.2080,1.9272,6.1320,Caribbean
90576,Caribbean,Rest Caribbean,Latin American,168.5971,901.3685,11.2470,24.1101,Caribbean
90577,Caribbean,Rest Caribbean,Latin American,181.6820,2362.7900,44.5880,174.2780,Caribbean
90578,Caribbean,Rest Caribbean,Latin American,10.9578,1122.3944,148.2223,50.7292,Caribbean
90579,Caribbean,Rest Caribbean,Latin American,192.1741,2570.7900,39.8898,199.4106,Caribbean
90580,Caribbean,Rest Caribbean,Latin American,10.0007,829.9937,46.9522,67.1541,Caribbean
90581,Caribbean,Rest Caribbean,Latin American,64.5215,8285.8973,191.2139,807.2228,Caribbean
90582,Caribbean,Rest Caribbean,Latin American,2.2006,9.7051,0.3233,0.2846,Caribbean
90583,Caribbean,Rest Caribbean,Latin American,59.8372,241.7600,2.4240,0.6144,Caribbean
90584,Caribbean,Rest Caribbean,Latin American,9.9518,75.5045,3.1469,2.8082,Caribbean
90585,Caribbean,Rest Caribbean,Latin American,507.9741,11221.9200,342.3605,951.6694,Caribbean
90586,Caribbean,Rest Caribbean,Latin American,115.2755,925.6960,67.2140,20.3989,Caribbean
90587,Caribbean,Rest Caribbean,Latin American,353.0558,2124.7712,132.3622,20.6468,Caribbean
90588,Caribbean,Rest Caribbean,Latin American,253.3766,1862.0873,86.1524,59.4488,Caribbean
90589,Caribbean,Rest Caribbean,Latin American,43.8000,219.1272,5.7404,0.1757,Caribbean
90590,Caribbean,Rest Caribbean,Latin American,383.6388,1742.1540,28.2030,6.7308,Caribbean
90591,Caribbean,Rest Caribbean,Latin American,43.4540,566.1000,12.9090,42.3940,Caribbean
90592,Caribbean,Rest Caribbean,Latin American,2044.6315,27677.7700,1338.6050,1614.6715,Caribbean
90593,Caribbean,Rest Caribbean,Latin American,741.5826,5203.6680,54.0546,220.8381,Caribbean
90594,Caribbean,Rest Caribbean,Latin American,32.3026,1769.1869,185.5960,96.2790,Caribbean
90595,Caribbean,Rest Caribbean,Latin American,71.4106,527.5281,4.3814,28.5267,Caribbean
90596,Caribbean,Rest Caribbean,Latin American,604.3957,4372.0507,37.1803,212.6871,Caribbean
90597,Caribbean,Rest Caribbean,Latin American,22.8010,235.0000,7.1030,14.5600,Caribbean
90598,Caribbean,Rest Caribbean,Latin American,25.9841,104.7200,1.6022,0.6558,Caribbean
90599,Caribbean,Rest Caribbean,Latin American,100103.5444,387506.9000,7.9604,2.1534,Caribbean
90600,Caribbean,Rest Caribbean,Latin American,138.3655,2163.4410,308.1768,37.9122,Caribbean
90601,Caribbean,Rest Caribbean,Latin American,105.6330,575.5000,12.2155,16.9680,Caribbean
90602,Caribbean,Rest Caribbean,Latin American,50.0669,810.6148,125.5056,10.0257,Caribbean
90603,Caribbean,Rest Caribbean,Latin American,235.2022,1060.7040,15.9926,4.1879,Caribbean
90604,Caribbean,Rest Caribbean,Latin American,0.0000,50.4333,11.2200,0.2833,Caribbean
90605,Caribbean,Rest Caribbean,Latin American,24.4498,8265.7607,85.0521,886.3114,Caribbean
90606,Caribbean,Rest Caribbean,Latin American,102.3081,2304.3510,116.9954,159.3597,Caribbean
90607,Caribbean,Rest Caribbean,Latin American,11.7023,306.5433,53.1121,3.8899,Caribbean
90608,Caribbean,Rest Caribbean,Latin American,238.7838,1195.9150,34.4202,13.8389,Caribbean
90609,Caribbean,Rest Caribbean,Latin American,626.0249,3608.4702,112.3368,91.4660,Caribbean
90610,Caribbean,Rest Caribbean,Latin American,252.9450,1292.1600,43.0100,12.7605,Caribbean
90611,Caribbean,Rest Caribbean,Latin American,226.7458,2387.6946,76.9669,144.0361,Caribbean
90612,Caribbean,Rest Caribbean,Latin American,94.6066,384.6990,4.2048,1.1556,Caribbean
90613,Caribbean,Rest Caribbean,Latin American,419.3644,4065.1960,27.7840,263.8120,Caribbean
90614,Caribbean,Rest Caribbean,Latin American,0.8490,41.5981,0.0423,4.5404,Caribbean
90615,Caribbean,Rest Caribbean,Latin American,26.3416,117.6238,3.0726,0.1494,Caribbean
90616,Caribbean,Rest Caribbean,Latin American,4.1352,4279.7400,158.2794,397.9506,Caribbean
90617,Caribbean,Rest Caribbean,Latin American,0.0000,90.7040,5.6100,0.1417,Caribbean
90618,Caribbean,Rest Caribbean,Latin American,594.9974,2717.6472,61.3853,26.3466,Caribbean
90619,Caribbean,Rest Caribbean,Latin American,,,,,Caribbean
90620,Caribbean,Rest Caribbean,Latin American,346.5506,5268.4643,108.4295,406.4289,Caribbean
90621,Caribbean,Rest Caribbean,Latin American,671.7206,3415.3600,61.1722,52.2992,Caribbean
90622,Caribbean,Rest Caribbean,Latin American,26.9653,3606.0848,517.3426,154.8084,Caribbean
90623,Caribbean,Rest Caribbean,Latin American,266.7040,1548.2261,42.7926,38.0836,Caribbean
90624,Caribbean,Rest Caribbean,Latin American,498.1358,4473.2745,77.6653,257.7315,Caribbean
90625,Caribbean,Rest Caribbean,Latin American,448.3815,2589.3210,75.8477,67.8218,Caribbean
90626,Caribbean,Rest Caribbean,Latin American,25.3444,676.6040,105.5657,16.6464,Caribbean
90627,Caribbean,Rest Caribbean,Latin American,29.8985,1374.0989,186.4784,51.7825,Caribbean
90628,Caribbean,Rest Caribbean,Latin American,0.0000,25.2167,5.6100,0.1417,Caribbean
90629,Caribbean,Rest Caribbean,Latin American,53.6339,824.2509,82.7813,29.4843,Caribbean
90630,Caribbean,Rest Caribbean,Latin American,16.5771,1760.5221,194.8049,98.8369,Caribbean
90631,Caribbean,Rest Caribbean,Latin American,71.8265,2043.8579,78.1974,171.4857,Caribbean
90632,Caribbean,Rest Caribbean,Latin American,2.8146,849.1484,1.6178,93.0335,Caribbean
90633,Caribbean,Rest Caribbean,Latin American,636.5228,3706.5700,78.3135,106.0077,Caribbean
90634,Caribbean,Rest Caribbean,Latin American,431.2109,2177.4190,29.8729,38.7635,Caribbean
90635,Caribbean,Rest Caribbean,Latin American,3.0409,734.0439,105.0460,30.6067,Caribbean
90636,Caribbean,Rest Caribbean,Latin American,59.5775,1085.2772,12.6946,95.7431,Caribbean
90637,Caribbean,Rest Caribbean,Latin American,129.7751,1872.1592,145.4011,84.8697,Caribbean
90638,Caribbean,Rest Caribbean,Latin American,50.7726,452.6005,11.0855,28.0477,Caribbean
90639,Caribbean,Rest Caribbean,Latin American,89.9218,394.4550,7.8600,0.8917,Caribbean
90640,Caribbean,Rest Caribbean,Latin American,218.2986,1479.0076,21.4383,60.9872,Caribbean
90641,Caribbean,Rest Caribbean,Latin American,145.9663,1421.3660,49.5604,79.2066,Caribbean
90642,Caribbean,Rest Caribbean,Latin American,324.2746,1417.2400,10.8045,9.1214,Caribbean
90643,Caribbean,Rest Caribbean,Latin American,46.4462,1313.8661,58.5165,103.8283,Caribbean
90644,Caribbean,Rest Caribbean,Latin American,43.9767,314.4936,9.4921,11.8247,Caribbean
90645,Caribbean,Rest Caribbean,Latin American,217.8482,3687.1129,299.9424,183.4197,Caribbean
90646,Caribbean,Rest Caribbean,Latin American,61.4165,586.0650,21.6656,30.8369,Caribbean
90647,Caribbean,Rest Caribbean,Latin American,1994.4000,82800.0000,824.4000,8582.4000,Caribbean
90648,Caribbean,Rest Caribbean,Latin American,16.2595,156.6887,6.5435,1.7391,Caribbean
90649,Caribbean,Rest Caribbean,Latin American,50.2165,293.7952,11.9351,9.3821,Caribbean
90650,Caribbean,Rest Caribbean,Latin American,330.9737,9975.8355,778.3665,612.2701,Caribbean
90651,Caribbean,Rest Caribbean,Latin American,695.1614,3407.9007,109.8217,22.0255,Caribbean
90652,Caribbean,Rest Caribbean,Latin American,61.2032,2198.8856,145.5180,160.6568,Caribbean
90653,Caribbean,Rest Caribbean,Latin American,97.2482,1569.0577,185.8401,48.4838,Caribbean
90654,Caribbean,Rest Caribbean,Latin American,620.3335,3194.7415,113.9544,25.4700,Caribbean
90655,Caribbean,Rest Caribbean,Latin American,200.8787,2514.3451,202.2951,102.8374,Caribbean
90656,Caribbean,Rest Caribbean,Latin American,1.0188,1283.9445,47.4940,119.3915,Caribbean
90657,Caribbean,Rest Caribbean,Latin American,8.2390,954.5466,0.7371,103.8090,Caribbean
90658,Caribbean,Rest Caribbean,Latin American,51.0759,3254.2746,260.7986,218.6856,Caribbean
90659,Caribbean,Rest Caribbean,Latin American,30.0918,117.6865,0.1270,0.0212,Caribbean
90660,Caribbean,Rest Caribbean,Latin American,165.3741,1910.2950,117.9166,92.6150,Caribbean
90661,Caribbean,Rest Caribbean,Latin American,26.1667,140.3281,8.9158,2.1589,Caribbean
90662,Caribbean,Rest Caribbean,Latin American,7.9800,408.6083,7.1610,41.6868,Caribbean
90663,Caribbean,Rest Caribbean,Latin American,6.5969,65.6075,8.7155,0.3032,Caribbean
90664,Caribbean,Rest Caribbean,Latin American,8.4988,36.2400,0.6943,0.9907,Caribbean
90665,Caribbean,Rest Caribbean,Latin American,234.7997,1220.3040,28.0638,22.6996,Caribbean
90666,Caribbean,Rest Caribbean,Latin American,355.9667,1925.0284,59.5136,33.1456,Caribbean
90667,Caribbean,Rest Caribbean,Latin American,0.5107,914.2867,0.3814,101.9732,Caribbean
90668,Caribbean,Rest Caribbean,Latin American,628.1000,3406.6989,175.4621,35.6366,Caribbean
90669,Caribbean,Rest Caribbean,Latin American,522.0915,3044.3164,151.4270,46.5249,Caribbean
90670,Caribbean,Rest Caribbean,Latin American,38.4145,230.5500,9.7860,4.4969,Caribbean
90671,Caribbean,Rest Caribbean,Latin American,278.4321,2696.1109,3.2517,1.1376,Caribbean
90672,Caribbean,Rest Caribbean,Latin American,0.4998,1.7029,0.0554,0.0144,Caribbean
90673,Caribbean,Rest Caribbean,Latin American,1105.0258,4425.2246,4.5541,3.7411,Caribbean
90674,Caribbean,Rest Caribbean,Latin American,79.4732,4680.7248,416.3516,294.0813,Caribbean
90675,Caribbean,Rest Caribbean,Latin American,36.9914,208.0420,13.3895,0.2661,Caribbean
90676,Caribbean,Rest Caribbean,Latin American,43.0673,774.8324,63.2966,40.8515,Caribbean
90677,Caribbean,Rest Caribbean,Latin American,46.0672,523.5837,26.1795,26.1524,Caribbean
90678,Caribbean,Rest Caribbean,Latin American,80.3424,695.9325,4.5503,43.1162,Caribbean
90679,Caribbean,Rest Caribbean,Latin American,48.8811,441.2345,26.1576,15.6274,Caribbean
90680,Caribbean,Rest Caribbean,Latin American,112.9931,5114.2038,567.8308,251.7865,Caribbean
90681,Caribbean,Rest Caribbean,Latin American,30.8815,1856.1568,360.8490,23.0853,Caribbean
90682,Caribbean,Rest Caribbean,Latin American,512.8166,2775.0790,61.4640,50.0378,Caribbean
90683,Caribbean,Rest Caribbean,Latin American,138.6967,1349.6723,128.0063,32.2041,Caribbean
90684,Caribbean,Rest Caribbean,Latin American,39.5600,611.1807,38.6009,34.2356,Caribbean
90685,Caribbean,Rest Caribbean,Latin American,139.2972,1935.8845,20.6208,149.9368,Caribbean
90686,Caribbean,Rest Caribbean,Latin American,218.0691,1405.2017,26.1782,59.3240,Caribbean
90687,Caribbean,Rest Caribbean,Latin American,147.2965,629.8890,9.4908,1.8157,Caribbean
90688,Caribbean,Rest Caribbean,Latin American,60.0080,319.8000,10.0100,4.9920,Caribbean
90689,Caribbean,Rest Caribbean,Latin American,23.6065,164.7130,2.7708,0.7807,Caribbean
90690,Caribbean,Rest Caribbean,Latin American,17.7845,110.0525,11.2164,0.9901,Caribbean
90691,Caribbean,Rest Caribbean,Latin American,160.6417,1808.2215,62.7359,117.4434,Caribbean
90692,Caribbean,Rest Caribbean,Latin American,23.3730,230.1542,7.0975,13.8480,Caribbean
90693,Caribbean,Rest Caribbean,Latin American,48.8106,1254.5140,96.3254,71.9903,Caribbean
90694,Caribbean,Rest Caribbean,Latin American,138.7526,1145.1205,10.7167,67.0415,Caribbean
90695,Caribbean,Rest Caribbean,Latin American,115.6901,1655.1744,27.4052,126.3962,Caribbean
90696,Caribbean,Rest Caribbean,Latin American,125.5910,1085.8930,46.4801,48.4437,Caribbean
90697,Caribbean,Rest Caribbean,Latin American,20.9367,1610.3917,286.4294,37.0160,Caribbean
90698,Caribbean,Rest Caribbean,Latin American,31.0568,385.2408,18.0891,14.1972,Caribbean
90699,Caribbean,Rest Caribbean,Latin American,33.5853,1972.0476,202.6909,112.5813,Caribbean
90700,Caribbean,Rest Caribbean,Latin American,6.8646,671.3071,90.6343,29.9219,Caribbean
90701,Caribbean,Rest Caribbean,Latin American,117.3051,485.7733,8.3995,2.2615,Caribbean
90702,Caribbean,Rest Caribbean,Latin American,540.0374,3447.8240,35.3715,129.6282,Caribbean
90703,Caribbean,Rest Caribbean,Latin American,28.0243,2294.4693,162.6006,175.9848,Caribbean
90704,Caribbean,Rest Caribbean,Latin American,4.5925,480.4384,101.8531,3.1338,Caribbean
90705,Caribbean,Rest Caribbean,Latin American,91.3888,522.1875,15.1330,15.1221,Caribbean
90706,Caribbean,Rest Caribbean,Latin American,341.7958,1743.6021,93.9726,9.7146,Caribbean
90707,Caribbean,Rest Caribbean,Latin American,142.4379,1113.5792,105.2535,17.1318,Caribbean
90708,Caribbean,Rest Caribbean,Latin American,300.4801,1890.7053,94.6461,40.2903,Caribbean
90709,Caribbean,Rest Caribbean,Latin American,0.9781,81.2140,2.8546,0.1048,Caribbean
90710,Caribbean,Rest Caribbean,Latin American,90.3195,521.8332,18.4749,11.8532,Caribbean
90711,Caribbean,Rest Caribbean,Latin American,65.3670,258.0000,2.2530,0.7270,Caribbean
90712,Caribbean,Rest Caribbean,Latin American,41.2586,1612.3504,198.4775,67.9597,Caribbean
90713,Caribbean,Rest Caribbean,Latin American,1122.3999,5649.9102,197.5634,44.3649,Caribbean
90714,Caribbean,Rest Caribbean,Latin American,52.7399,210.8809,2.2322,1.2714,Caribbean
90715,Caribbean,Rest Caribbean,Latin American,9.2082,439.3134,89.8223,2.2734,Caribbean
90716,Caribbean,Rest Caribbean,Latin American,2.9899,13.3408,0.3719,0.1658,Caribbean
90717,Caribbean,Rest Caribbean,Latin American,50.9663,1507.7237,36.4187,137.4756,Caribbean
90718,Caribbean,Rest Caribbean,Latin American,1.9223,73.6560,14.7631,0.3076,Caribbean
90719,Caribbean,Rest Caribbean,Latin American,195.2947,837.3475,9.5672,9.4429,Caribbean
90720,Caribbean,Rest Caribbean,Latin American,31.6739,1525.5760,20.4069,155.9781,Caribbean
90721,Caribbean,Rest Caribbean,Latin American,18.0616,69.8975,0.5298,0.1788,Caribbean
90722,Caribbean,Rest Caribbean,Latin American,630.2710,3398.4940,66.2285,68.0646,Caribbean
90723,Caribbean,Rest Caribbean,Latin American,51.7435,1227.9850,55.1935,96.0248,Caribbean
90724,Caribbean,Rest Caribbean,Latin American,48.3243,2006.2343,77.7307,173.3339,Caribbean
90725,Caribbean,Rest Caribbean,Latin American,295.2662,1598.3192,53.4092,22.1483,Caribbean
90726,Caribbean,Rest Caribbean,Latin American,88.7830,3894.7120,111.0664,347.3871,Caribbean
90727,Caribbean,Rest Caribbean,Latin American,332.8067,1956.7055,108.2724,23.7161,Caribbean
90728,Caribbean,Rest Caribbean,Latin American,22.0752,1356.4968,149.6517,71.0789,Caribbean
90729,Caribbean,Rest Caribbean,Latin American,100.3260,687.9396,51.9248,8.6517,Caribbean
90730,Caribbean,Rest Caribbean,Latin American,52.6903,545.2101,62.2414,10.8280,Caribbean
90731,Caribbean,Rest Caribbean,Latin American,53.8560,506.2500,5.0085,33.2145,Caribbean
90732,Caribbean,Rest Caribbean,Latin American,46.1480,3746.1777,723.2178,56.9486,Caribbean
90733,Caribbean,Rest Caribbean,Latin American,249.8240,1578.3000,26.0070,58.3770,Caribbean
90734,Caribbean,Rest Caribbean,Latin American,74.6127,294.3700,1.8952,0.2682,Caribbean
90735,Caribbean,Rest Caribbean,Latin American,273.6687,1517.2039,91.6163,11.1210,Caribbean
90736,Caribbean,Rest Caribbean,Latin American,115.8654,2268.5535,376.7030,21.0102,Caribbean
90737,Caribbean,Rest Caribbean,Latin American,121.3932,1746.4361,125.6095,87.0174,Caribbean
90738,Caribbean,Rest Caribbean,Latin American,158.9696,1592.0692,11.4958,111.2241,Caribbean
90739,Caribbean,Rest Caribbean,Latin American,82.3102,8618.8901,266.0274,800.6447,Caribbean
90740,Caribbean,Rest Caribbean,Latin American,0.0000,504.3333,112.2000,2.8333,Caribbean
90741,Caribbean,Rest Caribbean,Latin American,20.5061,553.7687,96.1713,7.6899,Caribbean
90742,Caribbean,Rest Caribbean,Latin American,219.0996,1129.0605,6.3486,30.2331,Caribbean
90743,Caribbean,Rest Caribbean,Latin American,103.0476,1855.0085,91.0629,122.7094,Caribbean
90744,Caribbean,Rest Caribbean,Latin American,318.6316,2185.3060,39.5947,85.5053,Caribbean
90745,Caribbean,Rest Caribbean,Latin American,30.9248,776.2200,31.7487,64.8203,Caribbean
90746,Caribbean,Rest Caribbean,Latin American,36.2408,1683.4113,188.6561,85.6953,Caribbean
90747,Caribbean,Rest Caribbean,Latin American,94.5470,903.0731,20.1707,61.0691,Caribbean
90748,Caribbean,Rest Caribbean,Latin American,439.0305,2575.2471,136.9819,41.5987,Caribbean
90749,Caribbean,Rest Caribbean,Latin American,0.0000,272.1120,16.8300,0.4250,Caribbean
90750,Caribbean,Rest Caribbean,Latin American,64.5537,3832.6590,212.2270,299.5084,Caribbean
90751,Caribbean,Rest Caribbean,Latin American,230.6119,1252.3520,21.5991,33.6243,Caribbean
90752,Caribbean,Rest Caribbean,Latin American,91.8182,359.8921,2.6793,0.4773,Caribbean
90753,Caribbean,Rest Caribbean,Latin American,24.2710,1012.8505,25.4977,94.3855,Caribbean
90754,Caribbean,Rest Caribbean,Latin American,98.3322,1494.8510,19.1097,112.7994,Caribbean
90755,Caribbean,Rest Caribbean,Latin American,12.9953,51.3906,0.7083,0.3188,Caribbean
90756,Caribbean,Rest Caribbean,Latin American,3.1411,295.9117,19.0747,16.5544,Caribbean
90757,Caribbean,Rest Caribbean,Latin American,1740.5826,6912.8375,72.8907,39.4582,Caribbean
90758,Caribbean,Rest Caribbean,Latin American,474.2783,2908.1512,31.4498,101.8474,Caribbean
90759,Caribbean,Rest Caribbean,Latin American,7.7608,37.9042,1.6214,1.3529,Caribbean
90760,Caribbean,Rest Caribbean,Latin American,112.6553,3038.5560,430.6122,83.0374,Caribbean
90761,Caribbean,Rest Caribbean,Latin American,87.3886,792.9074,33.5166,37.6316,Caribbean
90762,Caribbean,Rest Caribbean,Latin American,23.9208,960.9212,75.5537,62.8846,Caribbean
90763,Caribbean,Rest Caribbean,Latin American,136.0258,528.2038,5.5489,1.6725,Caribbean
90764,Caribbean,Rest Caribbean,Latin American,20.9657,101.4635,1.8682,3.0897,Caribbean
90765,Caribbean,Rest Caribbean,Latin American,27.9908,201.2670,6.2166,0.4139,Caribbean
90766,Caribbean,Rest Caribbean,Latin American,300.0045,2039.9984,61.6157,79.9519,Caribbean
90767,Caribbean,Rest Caribbean,Latin American,32.6019,243.5078,12.2041,7.5069,Caribbean
90768,Caribbean,Rest Caribbean,Latin American,90.5449,364.1128,6.9222,1.4114,Caribbean
90769,Caribbean,Rest Caribbean,Latin American,25.1716,414.6625,6.4138,35.3730,Caribbean
90770,Caribbean,Rest Caribbean,Latin American,219.2482,2222.3607,137.4723,89.3354,Caribbean
90771,Caribbean,Rest Caribbean,Latin American,550.9668,3545.4215,77.8555,136.9415,Caribbean
90772,Caribbean,Rest Caribbean,Latin American,10.5840,45.6000,0.8640,0.1080,Caribbean
90773,Caribbean,Rest Caribbean,Latin American,124.2714,7334.1782,272.2526,636.3865,Caribbean
90774,Caribbean,Rest Caribbean,Latin American,,,,,Caribbean
90775,Caribbean,Rest Caribbean,Latin American,4669.7311,175887.2650,18113.0083,9338.7428,Caribbean
90776,Caribbean,Rest Caribbean,Latin American,496.7318,2484.0137,45.4270,32.7878,Caribbean
90777,Caribbean,Rest Caribbean,Latin American,208.9644,1322.6947,20.7332,54.8447,Caribbean
90778,Caribbean,Rest Caribbean,Latin American,195.1361,1193.4067,74.2658,17.2860,Caribbean
90779,Caribbean,Rest Caribbean,Latin American,7.5762,115.0121,3.6937,8.1352,Caribbean
90780,Caribbean,Rest Caribbean,Latin American,17.9473,1678.4476,190.7579,89.4098,Caribbean
90781,Caribbean,Rest Caribbean,Latin American,16.3194,138.2745,16.9570,0.4462,Caribbean
90782,Caribbean,Rest Caribbean,Latin American,47.1435,579.0940,6.0965,43.8984,Caribbean
90783,Caribbean,Rest Caribbean,Latin American,104.5829,1470.5942,17.2836,110.8368,Caribbean
90784,Caribbean,Rest Caribbean,Latin American,92.6413,1532.0759,171.4657,57.0005,Caribbean
90785,Caribbean,Rest Caribbean,Latin American,39.7725,161.7753,1.8654,0.9278,Caribbean
90786,Caribbean,Rest Caribbean,Latin American,121.9381,499.9937,2.8975,0.4728,Caribbean
90787,Caribbean,Rest Caribbean,Latin American,150.6844,810.5430,14.0192,22.9186,Caribbean
90788,Caribbean,Rest Caribbean,Latin American,21.5110,99.9750,2.9012,0.7740,Caribbean
90789,Caribbean,Rest Caribbean,Latin American,352.4447,2303.7290,41.1641,95.1692,Caribbean
90790,Caribbean,Rest Caribbean,Latin American,195.4962,1070.5225,76.6168,4.4607,Caribbean
90791,Caribbean,Rest Caribbean,Latin American,21.7171,154.6392,3.2522,0.2664,Caribbean
90792,Caribbean,Rest Caribbean,Latin American,6.4562,570.0932,40.4667,41.7487,Caribbean
90793,Caribbean,Rest Caribbean,Latin American,39.6691,6533.7305,509.9690,467.5753,Caribbean
90794,Caribbean,Rest Caribbean,Latin American,50.4777,1023.4815,18.8554,87.3700,Caribbean
90795,Caribbean,Rest Caribbean,Latin American,15.5373,501.6150,22.0119,39.4662,Caribbean
90796,Caribbean,Rest Caribbean,Latin American,7.5138,567.7783,48.0570,37.9380,Caribbean
90797,Caribbean,Rest Caribbean,Latin American,16.8424,186.5108,11.9231,0.4988,Caribbean
90798,Caribbean,Rest Caribbean,Latin American,9.9507,165.1532,16.3951,3.0657,Caribbean
90799,Caribbean,Rest Caribbean,Latin American,17.4394,283.1215,9.0541,22.5381,Caribbean
90800,Caribbean,Rest Caribbean,Latin American,2.6414,170.5114,7.2451,7.4671,Caribbean
90801,Caribbean,Rest Caribbean,Latin American,26.5887,235.4558,0.1271,0.0697,Caribbean
90802,Caribbean,Rest Caribbean,Latin American,16.0914,6094.4952,447.6590,459.6036,Caribbean
90803,Caribbean,Rest Caribbean,Latin American,22.7730,339.2990,3.2984,28.7746,Caribbean
90804,Caribbean,Rest Caribbean,Latin American,2.3343,1191.4275,85.6163,90.3816,Caribbean
90805,Caribbean,Rest Caribbean,Latin American,31.0125,199.4200,2.1742,9.3201,Caribbean
90806,Caribbean,Rest Caribbean,Latin American,319.1570,3900.7153,238.0610,184.6181,Caribbean
90807,Caribbean,Rest Caribbean,Latin American,7.0191,150.0760,0.9957,13.6300,Caribbean
90808,Caribbean,Rest Caribbean,Latin American,108.1076,954.2697,112.4929,10.0650,Caribbean
90809,Caribbean,Rest Caribbean,Latin American,415.1280,2205.2164,132.0056,10.3354,Caribbean
90810,Caribbean,Rest Caribbean,Latin American,243.8162,1557.6782,18.0419,60.1923,Caribbean
90811,Caribbean,Rest Caribbean,Latin American,61.2287,1704.7207,5.8251,165.7730,Caribbean
90812,Caribbean,Rest Caribbean,Latin American,106.0062,578.9280,12.4450,13.3184,Caribbean
90813,Caribbean,Rest Caribbean,Latin American,70564.4316,282167.4200,3.8430,3.9894,Caribbean
90814,Caribbean,Rest Caribbean,Latin American,645.5280,2723.4400,30.9680,8.3440,Caribbean
90815,Caribbean,Rest Caribbean,Latin American,49.7011,709.6797,95.6573,15.8992,Caribbean
90816,Caribbean,Rest Caribbean,Latin American,93.8058,547.6690,10.6222,15.7907,Caribbean
90817,Caribbean,Rest Caribbean,Latin American,648.8586,5315.0373,154.3440,260.1753,Caribbean
90818,Caribbean,Rest Caribbean,Latin American,162.3714,938.3200,25.4358,24.5020,Caribbean
90819,Caribbean,Rest Caribbean,Latin American,63.9027,1309.3950,14.0784,120.9132,Caribbean
90820,Caribbean,Rest Caribbean,Latin American,127.6764,4936.7778,200.8929,409.2337,Caribbean
90821,Caribbean,Rest Caribbean,Latin American,42.6358,182.4606,3.0433,0.8849,Caribbean
90822,Caribbean,Rest Caribbean,Latin American,167.1266,663.1940,4.1470,1.1630,Caribbean
90823,Caribbean,Rest Caribbean,Latin American,400.4237,2396.9086,135.2446,37.2367,Caribbean
90824,Caribbean,Rest Caribbean,Latin American,257.0687,1189.9360,19.6925,6.8872,Caribbean
90825,Caribbean,Rest Caribbean,Latin American,4.8292,1238.4440,84.5481,95.6621,Caribbean
90826,Caribbean,Rest Caribbean,Latin American,154.4419,1492.1425,31.5271,85.7010,Caribbean
90827,Caribbean,Rest Caribbean,Latin American,1.1514,4.9625,0.1080,0.0345,Caribbean
90828,Caribbean,Rest Caribbean,Latin American,204.0512,3806.1520,26.1352,327.8240,Caribbean
90829,Caribbean,Rest Caribbean,Latin American,301.4212,2702.0020,103.8819,125.7754,Caribbean
90830,Caribbean,Rest Caribbean,Latin American,42.6062,1580.6533,151.6235,92.8035,Caribbean
90831,Caribbean,Rest Caribbean,Latin American,90.8203,608.3950,10.5774,23.3886,Caribbean
90832,Caribbean,Rest Caribbean,Latin American,15.8007,1658.5406,138.4314,111.9534,Caribbean
90833,Caribbean,Rest Caribbean,Latin American,43.0071,1225.2275,98.4450,74.2660,Caribbean
90834,Caribbean,Rest Caribbean,Latin American,149.6342,707.9500,18.2292,8.8267,Caribbean
90835,Caribbean,Rest Caribbean,Latin American,32.9925,925.6562,112.4645,41.7634,Caribbean
90836,Caribbean,Rest Caribbean,Latin American,0.0000,75.6500,16.8300,0.4250,Caribbean
90837,Caribbean,Rest Caribbean,Latin American,,,,,Caribbean
90838,Caribbean,Rest Caribbean,Latin American,124.4065,551.1936,10.8242,1.9187,Caribbean
90839,Caribbean,Rest Caribbean,Latin American,565.7457,3057.7431,190.2719,13.2972,Caribbean
90840,Caribbean,Rest Caribbean,Latin American,95.7643,3516.2299,316.1365,207.9686,Caribbean
90841,Caribbean,Rest Caribbean,Latin American,122.0232,607.7600,9.9970,15.7246,Caribbean
90842,Caribbean,Rest Caribbean,Latin American,20.4346,3034.2210,3.3243,326.9796,Caribbean
90843,Caribbean,Rest Caribbean,Latin American,306.1265,1947.9033,124.4813,29.7145,Caribbean
90844,Caribbean,Rest Caribbean,Latin American,130.9701,581.6687,6.1213,1.6608,Caribbean
90845,Caribbean,Rest Caribbean,Latin American,494.6569,3373.4239,41.1967,137.2755,Caribbean
90846,Caribbean,Rest Caribbean,Latin American,202.1091,2116.5600,88.4212,116.5153,Caribbean
90847,Caribbean,Rest Caribbean,Latin American,20.1008,316.5895,35.0953,9.7265,Caribbean
90848,Caribbean,Rest Caribbean,Latin American,6.2680,133.6074,2.8522,11.7706,Caribbean
90849,Caribbean,Rest Caribbean,Latin American,231.0719,2515.3060,360.9918,10.6427,Caribbean
90850,Caribbean,Rest Caribbean,Latin American,252.3644,999.7985,12.8330,3.1858,Caribbean
90851,Caribbean,Rest Caribbean,Latin American,487.8739,3823.0474,69.3730,190.6629,Caribbean
90852,Caribbean,Rest Caribbean,Latin American,210.1747,2320.4741,36.9531,153.8556,Caribbean
90853,Caribbean,Rest Caribbean,Latin American,386.8493,2004.7107,28.3312,60.7638,Caribbean
90854,Caribbean,Rest Caribbean,Latin American,104.7492,1479.9630,17.3850,111.6400,Caribbean
90855,Caribbean,Rest Caribbean,Latin American,256.9041,1390.7110,29.5675,26.5098,Caribbean
90856,Caribbean,Rest Caribbean,Latin American,339.8064,2393.8148,232.3584,14.6080,Caribbean
90857,Caribbean,Rest Caribbean,Latin American,86.8555,818.6525,11.8860,50.9022,Caribbean
90858,Caribbean,Rest Caribbean,Latin American,239.7207,2063.1200,73.0952,98.7419,Caribbean
90859,Caribbean,Rest Caribbean,Latin American,128.2682,528.2779,5.1425,0.4638,Caribbean
90860,Caribbean,Rest Caribbean,Latin American,8.7539,156.1408,1.2451,13.8169,Caribbean
90861,Caribbean,Rest Caribbean,Latin American,255.7605,3952.9400,42.7788,310.9598,Caribbean
90862,Caribbean,Rest Caribbean,Latin American,346.2823,2638.5202,205.1487,49.1389,Caribbean
90863,Caribbean,Rest Caribbean,Latin American,41.3246,168.5657,3.2419,0.8219,Caribbean
90864,Caribbean,Rest Caribbean,Latin American,634.5464,2551.2027,2.6776,5.4980,Caribbean
90865,Caribbean,Rest Caribbean,Latin American,272.4343,10149.4682,313.3804,894.5111,Caribbean
90866,Caribbean,Rest Caribbean,Latin American,0.6368,47.2426,2.8368,0.0761,Caribbean
90867,Caribbean,Rest Caribbean,Latin American,199.6467,16852.0791,1500.2018,1071.6663,Caribbean
90868,Caribbean,Rest Caribbean,Latin American,9.8691,1091.1575,136.5842,53.3334,Caribbean
90869,Caribbean,Rest Caribbean,Latin American,55.6094,696.8562,2.2228,54.9471,Caribbean
90870,Caribbean,Rest Caribbean,Latin American,129.4903,4065.4019,404.2492,218.4473,Caribbean
90871,Caribbean,Rest Caribbean,Latin American,604.7880,51533.4358,0.0000,0.0000,Caribbean
90872,Caribbean,Rest Caribbean,Latin American,6.4811,1083.3822,87.0586,76.8883,Caribbean
90873,Caribbean,Rest Caribbean,Latin American,912.2761,3642.0350,0.2541,0.0424,Caribbean
90874,Caribbean,Rest Caribbean,Latin American,395.7326,2555.1624,173.8831,37.4923,Caribbean
90875,Caribbean,Rest Caribbean,Latin American,440.2988,2284.4437,42.1902,51.2118,Caribbean
90876,Caribbean,Rest Caribbean,Latin American,29.5059,145.4618,5.3261,2.1088,Caribbean
90877,Caribbean,Rest Caribbean,Latin American,12.0826,76.2457,6.1600,0.3231,Caribbean
90878,Caribbean,Rest Caribbean,Latin American,35.1722,250.2012,14.0074,5.9631,Caribbean
90879,Caribbean,Rest Caribbean,Latin American,95.9021,1365.5113,32.3114,104.6903,Caribbean
90880,Caribbean,Rest Caribbean,Latin American,61.1802,2088.2525,22.9514,210.7167,Caribbean
90881,Caribbean,Rest Caribbean,Latin American,343.8142,1936.3123,106.7491,21.4404,Caribbean
90882,Caribbean,Rest Caribbean,Latin American,67.1365,711.5860,12.7450,45.8158,Caribbean
90883,Caribbean,Rest Caribbean,Latin American,12.7828,119.9075,4.3577,0.1515,Caribbean
90884,Caribbean,Rest Caribbean,Latin American,275.7528,1183.6031,34.5105,3.8169,Caribbean
90885,Caribbean,Rest Caribbean,Latin American,311.7357,3451.3623,114.8112,202.9659,Caribbean
90886,Caribbean,Rest Caribbean,Latin American,35.4903,6954.7736,989.7044,301.3492,Caribbean
90887,Caribbean,Rest Caribbean,Latin American,237.9907,1911.3361,13.0572,113.6192,Caribbean
90888,Caribbean,Rest Caribbean,Latin American,46.7395,2661.6689,373.0672,101.4547,Caribbean
90889,Caribbean,Rest Caribbean,Latin American,18.6128,198.2694,2.8802,13.9137,Caribbean
90890,Caribbean,Rest Caribbean,Latin American,19.4278,216.8448,12.8557,10.3077,Caribbean
90891,Caribbean,Rest Caribbean,Latin American,10.9457,135.7797,5.9162,0.2438,Caribbean
90892,Caribbean,Rest Caribbean,Latin American,304.9035,1888.6680,34.4089,60.3100,Caribbean
90893,Caribbean,Rest Caribbean,Latin American,19.3966,371.8200,15.7287,27.5356,Caribbean
90894,Caribbean,Rest Caribbean,Latin American,58.2462,1500.0267,213.0396,44.7052,Caribbean
90895,Caribbean,Rest Caribbean,Latin American,442.9596,2287.2808,41.0406,63.5532,Caribbean
90896,Caribbean,Rest Caribbean,Latin American,43.3804,1242.0109,126.0182,60.5656,Caribbean
90897,Caribbean,Rest Caribbean,Latin American,394.9836,4703.2982,79.3579,321.2779,Caribbean
90898,Caribbean,Rest Caribbean,Latin American,145.1861,961.1645,43.7480,26.6241,Caribbean
90899,Caribbean,Rest Caribbean,Latin American,28.9079,807.8100,21.2016,66.6792,Caribbean
90900,Caribbean,Rest Caribbean,Latin American,71.3725,4732.9388,485.8882,268.0141,Caribbean
90901,Caribbean,Rest Caribbean,Latin American,51.8234,263.6947,8.5572,6.6378,Caribbean
90902,Caribbean,Rest Caribbean,Latin American,281.8811,4701.9282,415.0682,213.5044,Caribbean
90903,Caribbean,Rest Caribbean,Latin American,0.0000,25.2167,5.6100,0.1417,Caribbean
90904,Caribbean,Rest Caribbean,Latin American,55.3872,4322.9389,252.0227,338.2195,Caribbean
90905,Caribbean,Rest Caribbean,Latin American,989.1875,10600.2493,73.5284,762.0375,Caribbean
90906,Caribbean,Rest Caribbean,Latin American,106.6251,519.2440,6.2878,4.7628,Caribbean
90907,Caribbean,Rest Caribbean,Latin American,77.2009,825.2397,13.3422,58.9638,Caribbean
90908,Caribbean,Rest Caribbean,Latin American,323.4536,2113.8536,13.2795,85.2727,Caribbean
90909,Caribbean,Rest Caribbean,Latin American,64.2475,8511.0632,998.6026,449.1847,Caribbean
90910,Caribbean,Rest Caribbean,Latin American,93.7555,375.9000,3.7705,1.1405,Caribbean
90911,Caribbean,Rest Caribbean,Latin American,43.4657,194.0100,7.2724,1.3049,Caribbean
90912,Caribbean,Rest Caribbean,Latin American,283.0341,2613.2460,60.7045,154.1797,Caribbean
90913,Caribbean,Rest Caribbean,Latin American,27.9934,495.6203,35.1045,30.1428,Caribbean
90914,Caribbean,Rest Caribbean,Latin American,42.2366,307.2245,6.4971,14.8535,Caribbean
90915,Caribbean,Rest Caribbean,Latin American,16.8706,1715.4373,182.0076,97.7121,Caribbean
90916,Caribbean,Rest Caribbean,Latin American,165.2623,728.2201,14.0902,6.4291,Caribbean
90917,Caribbean,Rest Caribbean,Latin American,154.2007,802.0600,22.6899,17.7549,Caribbean
90918,Caribbean,Rest Caribbean,Latin American,7364.1979,31020.0595,1312.0324,210.6801,Caribbean
90919,Caribbean,Rest Caribbean,Latin American,43.2327,236.4000,3.5841,7.3980,Caribbean
90920,Caribbean,Rest Caribbean,Latin American,45.1515,355.4250,25.2547,9.7148,Caribbean
90921,Caribbean,Rest Caribbean,Latin American,252.6120,1008.0475,5.5390,2.5292,Caribbean
90922,Caribbean,Rest Caribbean,Latin American,176.4964,4720.7445,254.7831,332.2352,Caribbean
90923,Caribbean,Rest Caribbean,Latin American,710.2994,4235.2802,44.4917,143.4855,Caribbean
90924,Caribbean,Rest Caribbean,Latin American,11.9691,243.0897,5.2062,19.8389,Caribbean
90925,Caribbean,Rest Caribbean,Latin American,72.2043,1846.4692,318.8756,23.4712,Caribbean
90926,Caribbean,Rest Caribbean,Latin American,90.8254,361.2850,0.7092,0.6134,Caribbean
90927,Caribbean,Rest Caribbean,Latin American,424.9424,2620.3240,61.6195,75.0699,Caribbean
90928,Caribbean,Rest Caribbean,Latin American,57.6589,1137.5859,206.9159,4.1433,Caribbean
90929,Caribbean,Rest Caribbean,Latin American,200.6043,2046.9926,65.4428,113.6129,Caribbean
90930,Caribbean,Rest Caribbean,Latin American,171.2493,655.1400,6.9810,1.9869,Caribbean
90931,Caribbean,Rest Caribbean,Latin American,12.0223,1459.2565,281.7216,25.9590,Caribbean
90932,Caribbean,Rest Caribbean,Latin American,0.0000,50.4333,11.2200,0.2833,Caribbean
90933,Caribbean,Rest Caribbean,Latin American,5.0919,139.3710,0.6304,13.6151,Caribbean
90934,Caribbean,Rest Caribbean,Latin American,40337.5887,739474.9960,14.3905,65400.2709,Caribbean
90935,Caribbean,Rest Caribbean,Latin American,601.5886,3226.0578,195.7943,13.7223,Caribbean
90936,Caribbean,Rest Caribbean,Latin American,31.9086,2325.8546,83.2956,210.2304,Caribbean
90937,Caribbean,Rest Caribbean,Latin American,6.2004,994.4400,1.3348,109.6204,Caribbean
90938,Caribbean,Rest Caribbean,Latin American,50.3990,201.4950,0.0000,0.0000,Caribbean
90939,Caribbean,Rest Caribbean,Latin American,5.8500,1148.5105,120.3141,70.1740,Caribbean
90940,Caribbean,Rest Caribbean,Latin American,253.1149,1570.9623,83.7447,39.9250,Caribbean
90941,Caribbean,Rest Caribbean,Latin American,210.7188,1981.8668,162.2046,56.1529,Caribbean
90942,Caribbean,Rest Caribbean,Latin American,3.6122,15.3006,0.6042,0.0503,Caribbean
90943,Caribbean,Rest Caribbean,Latin American,4.2090,13.4200,0.2135,0.1464,Caribbean
90944,Caribbean,Rest Caribbean,Latin American,322.4201,4273.6296,250.2461,220.6976,Caribbean
90945,Caribbean,Rest Caribbean,Latin American,23.1700,99.8000,2.0780,0.3580,Caribbean
90946,Caribbean,Rest Caribbean,Latin American,1.3761,5.7540,0.1254,0.2730,Caribbean
90947,Caribbean,Rest Caribbean,Latin American,73.0690,1843.6817,197.5182,81.9498,Caribbean
90948,Caribbean,Rest Caribbean,Latin American,603.8258,3356.1275,195.7123,29.6638,Caribbean
90949,Caribbean,Rest Caribbean,Latin American,43.1170,439.4412,20.0638,23.9180,Caribbean
90950,Caribbean,Rest Caribbean,Latin American,111.4758,2058.0600,95.1628,148.4540,Caribbean
90951,Caribbean,Rest Caribbean,Latin American,41.5000,1209.1970,12.7865,118.9138,Caribbean
90952,Caribbean,Rest Caribbean,Latin American,553.8233,3113.8060,192.9790,22.9119,Caribbean
90953,Caribbean,Rest Caribbean,Latin American,253.7283,1015.2160,13.3451,4.3051,Caribbean
90954,Caribbean,Rest Caribbean,Latin American,24.4340,213.5800,16.4216,5.5029,Caribbean
90956,Caribbean,Rest Caribbean,Latin American,104.0321,419.0681,4.2373,1.7498,Caribbean
90957,Caribbean,Rest Caribbean,Latin American,75.4332,822.2862,38.3431,50.4384,Caribbean
90958,Caribbean,Rest Caribbean,Latin American,13.2605,142.6473,9.2832,0.4903,Caribbean
90959,Caribbean,Rest Caribbean,Latin American,561.8194,2541.6910,40.4696,9.0824,Caribbean
90960,Caribbean,Rest Caribbean,Latin American,28.3277,134.9575,5.8447,0.5062,Caribbean
90961,Caribbean,Rest Caribbean,Latin American,39.6421,573.9768,94.6782,2.9813,Caribbean
90962,Caribbean,Rest Caribbean,Latin American,187.7192,855.3535,11.6375,15.5839,Caribbean
90963,Caribbean,Rest Caribbean,Latin American,0.0000,403.4676,89.7602,2.2667,Caribbean
90964,Caribbean,Rest Caribbean,Latin American,28.3757,171.0676,8.8062,0.3429,Caribbean
90965,Caribbean,Rest Caribbean,Latin American,76.4972,304.0300,4.4123,1.5383,Caribbean
90966,Caribbean,Rest Caribbean,Latin American,15.9739,1459.1940,91.7947,115.5726,Caribbean
90967,Caribbean,Rest Caribbean,Latin American,143.9408,2826.9826,212.6998,149.1619,Caribbean
90968,Caribbean,Rest Caribbean,Latin American,713.7506,3727.6007,109.4610,48.7196,Caribbean
90969,Caribbean,Rest Caribbean,Latin American,1.0523,3.3550,0.0534,0.0366,Caribbean
90970,Caribbean,Rest Caribbean,Latin American,101.3458,497.0982,11.9835,9.2462,Caribbean
90971,Caribbean,Rest Caribbean,Latin American,48.4591,472.0229,12.0289,29.0986,Caribbean
90972,Caribbean,Rest Caribbean,Latin American,276.2047,1286.1614,24.7420,15.1075,Caribbean
90973,Caribbean,Rest Caribbean,Latin American,190.3120,1162.0433,66.7200,13.6963,Caribbean
90974,Caribbean,Rest Caribbean,Latin American,503.3645,5027.9665,587.0732,56.9001,Caribbean
90975,Caribbean,Rest Caribbean,Latin American,268.8645,2414.3000,3.5229,153.3848,Caribbean
90976,Caribbean,Rest Caribbean,Latin American,5467.0324,221712.4105,2214.8498,22916.6331,Caribbean
90978,Caribbean,Rest Caribbean,Latin American,344.0734,1314.5000,1.4124,0.1694,Caribbean
90979,Caribbean,Rest Caribbean,Latin American,39.0040,175.2327,7.7231,1.3655,Caribbean
90980,Caribbean,Rest Caribbean,Latin American,2.0355,98.6419,5.6100,0.1644,Caribbean
90981,Caribbean,Rest Caribbean,Latin American,114.7404,764.3200,27.6229,20.7696,Caribbean
90982,Caribbean,Rest Caribbean,Latin American,4.6161,255.6551,0.4886,27.2882,Caribbean
90983,Caribbean,Rest Caribbean,Latin American,18.8314,195.4300,1.1852,14.0118,Caribbean
90984,Caribbean,Rest Caribbean,Latin American,26.6502,1273.0197,26.0740,126.9854,Caribbean
90985,Caribbean,Rest Caribbean,Latin American,105.4862,457.5715,21.3814,2.1568,Caribbean
90986,Caribbean,Rest Caribbean,Latin American,1111.8036,4433.8429,5.0198,1.5137,Caribbean
90987,Caribbean,Rest Caribbean,Latin American,84.2961,24291.8493,532.2300,2420.2409,Caribbean
90988,Caribbean,Rest Caribbean,Latin American,112.7851,994.8125,22.3253,57.7373,Caribbean
90989,Caribbean,Rest Caribbean,Latin American,11.1074,45.5060,0.7937,0.5813,Caribbean
90990,Caribbean,Rest Caribbean,Latin American,21.6480,82.5000,0.8910,0.1980,Caribbean
90991,Caribbean,Rest Caribbean,Latin American,189.1222,3707.2310,54.7101,308.9850,Caribbean
90992,Caribbean,Rest Caribbean,Latin American,491.3223,2447.6090,32.9035,33.4526,Caribbean
90993,Caribbean,Rest Caribbean,Latin American,512.4414,2176.0782,17.6975,24.8026,Caribbean
90994,Caribbean,Rest Caribbean,Latin American,7.8244,1000.4891,0.6734,108.3779,Caribbean
90995,Caribbean,Rest Caribbean,Latin American,40.1550,528.5000,5.2560,41.9160,Caribbean
90996,Caribbean,Rest Caribbean,Latin American,36.0609,177.6650,1.7837,4.1770,Caribbean
90997,Caribbean,Rest Caribbean,Latin American,1.6655,84.7577,2.9382,0.0878,Caribbean
90998,Caribbean,Rest Caribbean,Latin American,36.3990,155.1080,3.4901,1.3073,Caribbean
90999,Caribbean,Rest Caribbean,Latin American,215.0163,1646.2930,33.9542,76.5925,Caribbean
91000,Caribbean,Rest Caribbean,Latin American,507.3133,3791.9149,80.1834,179.0847,Caribbean
91001,Caribbean,Rest Caribbean,Latin American,50.6253,424.2815,5.1710,24.3789,Caribbean
91002,Caribbean,Rest Caribbean,Latin American,185.5875,1072.4288,15.8758,42.0876,Caribbean
91003,Caribbean,Rest Caribbean,Latin American,289.6905,2415.8700,50.6960,127.1360,Caribbean
91004,Caribbean,Rest Caribbean,Latin American,33.6110,1202.2310,89.3262,81.7603,Caribbean
91005,Caribbean,Rest Caribbean,Latin American,9.1079,885.5992,123.1401,36.6348,Caribbean
91006,Caribbean,Rest Caribbean,Latin American,26.7926,106.0929,1.7141,0.5694,Caribbean
91007,Caribbean,Rest Caribbean,Latin American,685.0213,5706.6950,79.5255,302.8772,Caribbean
91008,Caribbean,Rest Caribbean,Latin American,5.7565,21.7372,0.0635,0.0106,Caribbean
91009,Caribbean,Rest Caribbean,Latin American,14.3063,320.7876,4.4947,28.2036,Caribbean
91010,Caribbean,Rest Caribbean,Latin American,64.6139,1040.8893,97.4900,45.6099,Caribbean
91011,Caribbean,Rest Caribbean,Latin American,364.4500,2186.9164,80.6076,47.2332,Caribbean
91012,Caribbean,Rest Caribbean,Latin American,55.6573,1767.6640,33.1052,162.0151,Caribbean
91013,Caribbean,Rest Caribbean,Latin American,200.2795,787.7050,3.0299,0.4869,Caribbean
91014,Caribbean,Rest Caribbean,Latin American,35.6448,1178.4062,54.1709,96.9317,Caribbean
91015,Caribbean,Rest Caribbean,Latin American,376.2092,2243.5760,11.3022,96.3096,Caribbean
91016,Caribbean,Rest Caribbean,Latin American,67.1671,2532.7768,311.4319,116.9678,Caribbean
91017,Caribbean,Rest Caribbean,Latin American,1287.5963,6805.3260,133.0700,120.0918,Caribbean
91018,Caribbean,Rest Caribbean,Latin American,24.7062,94.6492,1.6523,0.7061,Caribbean
91019,Caribbean,Rest Caribbean,Latin American,81.9805,2493.3962,377.5584,67.1265,Caribbean
91020,Caribbean,Rest Caribbean,Latin American,33.5265,3211.4944,240.7722,229.9656,Caribbean
91021,Caribbean,Rest Caribbean,Latin American,339.3135,2006.3348,126.4456,20.5048,Caribbean
91022,Caribbean,Rest Caribbean,Latin American,11.4170,149.4500,8.5015,7.9625,Caribbean
91023,Caribbean,Rest Caribbean,Latin American,76.2151,297.7887,4.0878,1.1383,Caribbean
91024,Caribbean,Rest Caribbean,Latin American,366.1394,3572.2410,88.2626,234.6816,Caribbean
91025,Caribbean,Rest Caribbean,Latin American,64.6924,258.3212,4.0491,1.5298,Caribbean
91026,Caribbean,Rest Caribbean,Latin American,18.7999,85.1210,4.0803,0.9250,Caribbean
91027,Caribbean,Rest Caribbean,Latin American,76.0403,17096.4525,359.1708,1712.8434,Caribbean
91028,Caribbean,Rest Caribbean,Latin American,53.4683,4096.8636,303.8244,291.5487,Caribbean
91029,Caribbean,Rest Caribbean,Latin American,17.0897,72.5037,2.0866,0.2400,Caribbean
91030,Caribbean,Rest Caribbean,Latin American,94.9215,533.4708,17.7457,17.1145,Caribbean
91031,Caribbean,Rest Caribbean,Latin American,409.9264,3559.9607,144.7072,150.1976,Caribbean
91032,Caribbean,Rest Caribbean,Latin American,480.8196,3128.8600,53.5336,113.1674,Caribbean
91033,Caribbean,Rest Caribbean,Latin American,43.0282,413.0172,9.9917,22.4812,Caribbean
91034,Caribbean,Rest Caribbean,Latin American,5.3497,56.9386,5.3288,2.5411,Caribbean
91035,Caribbean,Rest Caribbean,Latin American,32.4140,278.4358,19.9135,10.4451,Caribbean
91036,Caribbean,Rest Caribbean,Latin American,194.6375,1087.3079,64.5542,9.4056,Caribbean
91037,Caribbean,Rest Caribbean,Latin American,317.4376,1675.8974,76.0665,18.2256,Caribbean
91038,Caribbean,Rest Caribbean,Latin American,32.3300,787.9567,18.5793,67.0494,Caribbean
91039,Caribbean,Rest Caribbean,Latin American,24.8902,847.9540,8.2804,85.8390,Caribbean
91040,Caribbean,Rest Caribbean,Latin American,207.1514,1460.5612,69.0438,43.1642,Caribbean
91041,Caribbean,Rest Caribbean,Latin American,243.5075,1292.2800,19.6633,25.2868,Caribbean
91042,Caribbean,Rest Caribbean,Latin American,0.0000,18.9125,4.2075,0.1062,Caribbean
91043,Caribbean,Rest Caribbean,Latin American,7.2972,55.2672,5.8141,0.2097,Caribbean
91044,Caribbean,Rest Caribbean,Latin American,26.6182,355.5483,24.8238,20.9939,Caribbean
91045,Caribbean,Rest Caribbean,Latin American,54.4943,1921.5444,9.6824,195.1512,Caribbean
91046,Caribbean,Rest Caribbean,Latin American,84.3892,362.3129,6.6389,2.8158,Caribbean
91047,Caribbean,Rest Caribbean,Latin American,733.2073,3477.1221,112.8484,9.7337,Caribbean
91048,Caribbean,Rest Caribbean,Latin American,264.9078,1383.5045,37.8562,18.9097,Caribbean
91049,Caribbean,Rest Caribbean,Latin American,300.0186,1744.9795,70.6413,31.9448,Caribbean
91050,Caribbean,Rest Caribbean,Latin American,27.3062,496.5067,35.7484,29.9627,Caribbean
91051,Caribbean,Rest Caribbean,Latin American,8.8825,284.5812,3.3690,27.2866,Caribbean
91052,Caribbean,Rest Caribbean,Latin American,24.2023,923.5212,25.8890,84.7290,Caribbean
91053,Caribbean,Rest Caribbean,Latin American,9.2007,31.5064,0.9746,0.2596,Caribbean
91054,Caribbean,Rest Caribbean,Latin American,16.2222,66.1125,1.4210,0.2580,Caribbean
91055,Caribbean,Rest Caribbean,Latin American,301.2260,1353.0634,28.6883,4.3488,Caribbean
91056,Caribbean,Rest Caribbean,Latin American,20.3430,211.3366,2.4131,14.4236,Caribbean
91057,Caribbean,Rest Caribbean,Latin American,143.0805,1215.6358,111.1510,27.0001,Caribbean
91058,Caribbean,Rest Caribbean,Latin American,5.9258,24.1597,0.8846,0.1532,Caribbean
91059,Caribbean,Rest Caribbean,Latin American,248.4054,1813.4800,52.0680,72.0866,Caribbean
91060,Caribbean,Rest Caribbean,Latin American,472.5602,2635.7203,135.1523,15.7663,Caribbean
91061,Caribbean,Rest Caribbean,Latin American,295.5425,2583.5762,69.6595,138.5496,Caribbean
91062,Caribbean,Rest Caribbean,Latin American,5.7194,1819.6372,64.7945,169.5874,Caribbean
91063,Caribbean,Rest Caribbean,Latin American,84.3277,5641.8953,532.5782,347.2578,Caribbean
91064,Caribbean,Rest Caribbean,Latin American,273.9953,2484.8199,148.8348,84.0092,Caribbean
91065,Caribbean,Rest Caribbean,Latin American,0.0000,1526.1496,179.8831,84.4828,Caribbean
91066,Caribbean,Rest Caribbean,Latin American,216.7577,804.4100,1.2457,0.1132,Caribbean
91067,Caribbean,Rest Caribbean,Latin American,310.7126,1651.6000,37.9554,28.0915,Caribbean
91068,Caribbean,Rest Caribbean,Latin American,3.2531,34.6500,0.3854,2.3965,Caribbean
91069,Caribbean,Rest Caribbean,Latin American,59.4144,9056.3362,190.1830,903.5040,Caribbean
91070,Caribbean,Rest Caribbean,Latin American,13.2087,2347.9538,360.8260,86.4841,Caribbean
91071,Caribbean,Rest Caribbean,Latin American,0.3446,1.3250,0.0450,0.0214,Caribbean
91072,Caribbean,Rest Caribbean,Latin American,233.6588,949.3450,5.4236,1.0650,Caribbean
91073,Caribbean,Rest Caribbean,Latin American,141.3456,569.4675,7.0775,3.8308,Caribbean
91074,Caribbean,Rest Caribbean,Latin American,19.4049,761.9726,101.2064,31.1320,Caribbean
91075,Caribbean,Rest Caribbean,Latin American,45.1379,6826.6173,1461.7009,91.8951,Caribbean
91076,Caribbean,Rest Caribbean,Latin American,,,,,Caribbean
91077,Caribbean,Rest Caribbean,Latin American,76.9331,843.4587,11.7871,57.8492,Caribbean
91078,Caribbean,Rest Caribbean,Latin American,128.3906,1402.6510,20.4092,101.9994,Caribbean
91079,Caribbean,Rest Caribbean,Latin American,642.0137,2503.0240,10.8416,2.8792,Caribbean
91080,Caribbean,Rest Caribbean,Latin American,127.7852,617.3115,13.3731,9.8044,Caribbean
91081,Caribbean,Rest Caribbean,Latin American,13.2007,47.7395,1.3038,0.4077,Caribbean
91082,Caribbean,Rest Caribbean,Latin American,141.2650,556.5400,5.8331,1.9837,Caribbean
91083,Caribbean,Rest Caribbean,Latin American,24.3092,2041.7135,69.6187,185.1214,Caribbean
91084,Caribbean,Rest Caribbean,Latin American,39.6376,1041.2788,112.1506,45.5531,Caribbean
91085,Caribbean,Rest Caribbean,Latin American,123.2743,806.6237,28.8681,22.9487,Caribbean
91086,Caribbean,Rest Caribbean,Latin American,481.5683,1916.8600,3.7054,0.9723,Caribbean
91087,Caribbean,Rest Caribbean,Latin American,29.8338,1384.3994,147.2963,77.6875,Caribbean
91088,Caribbean,Rest Caribbean,Latin American,213.7377,2065.7992,39.0866,127.8027,Caribbean
91089,Caribbean,Rest Caribbean,Latin American,726.0483,4263.7440,445.2107,65.7494,Caribbean
91090,Caribbean,Rest Caribbean,Latin American,138.2179,1785.8239,16.0547,140.1722,Caribbean
91091,Caribbean,Rest Caribbean,Latin American,15.5422,653.2790,35.4653,49.6846,Caribbean
91092,Caribbean,Rest Caribbean,Latin American,43.4452,1780.0970,249.4420,63.5352,Caribbean
91093,Caribbean,Rest Caribbean,Latin American,22.4063,215.5525,2.3323,14.0759,Caribbean
91094,Caribbean,Rest Caribbean,Latin American,61.9727,2442.6348,435.5136,39.0652,Caribbean
91095,Caribbean,Rest Caribbean,Latin American,339.6902,2025.7400,24.6742,67.7822,Caribbean
91096,Caribbean,Rest Caribbean,Latin American,51.9810,1180.7873,121.0507,53.7219,Caribbean
91097,Caribbean,Rest Caribbean,Latin American,41.2599,1826.6176,144.7151,125.1302,Caribbean
91098,Caribbean,Rest Caribbean,Latin American,41.9554,6662.7976,812.3530,337.8191,Caribbean
91099,Caribbean,Rest Caribbean,Latin American,3.2705,1527.1512,336.8201,8.5629,Caribbean
91100,Caribbean,Rest Caribbean,Latin American,0.0000,403.4676,89.7602,2.2667,Caribbean
91101,Caribbean,Rest Caribbean,Latin American,0.0000,25.2167,5.6100,0.1417,Caribbean
91102,Caribbean,Rest Caribbean,Latin American,94.9161,390.7747,3.7741,1.1357,Caribbean
91103,Caribbean,Rest Caribbean,Latin American,1.6017,73.5526,5.6525,0.1559,Caribbean
91104,Caribbean,Rest Caribbean,Latin American,27.1815,679.7920,51.5897,39.4056,Caribbean
91105,Caribbean,Rest Caribbean,Latin American,15.4546,796.9438,72.3196,51.7958,Caribbean
91106,Caribbean,Rest Caribbean,Latin American,242.2174,1463.4416,83.4891,21.5937,Caribbean
91107,Caribbean,Rest Caribbean,Latin American,147.0405,546.1254,0.7027,0.7215,Caribbean
91108,Caribbean,Rest Caribbean,Latin American,43.0989,165.7650,0.7903,0.1928,Caribbean
91109,Caribbean,Rest Caribbean,Latin American,,,,,Caribbean
91110,Caribbean,Rest Caribbean,Latin American,134.3548,534.5382,6.8773,2.1624,Caribbean
91111,Caribbean,Rest Caribbean,Latin American,76.5122,589.9717,15.2267,31.0790,Caribbean
91112,Caribbean,Rest Caribbean,Latin American,485.2463,2206.6270,28.8755,16.9077,Caribbean
91113,Caribbean,Rest Caribbean,Latin American,19.9198,158.1829,3.3011,0.2522,Caribbean
91114,Caribbean,Rest Caribbean,Latin American,63.1437,1563.4898,105.8488,100.1105,Caribbean
91115,Caribbean,Rest Caribbean,Latin American,225.7833,2125.0600,72.8881,113.1737,Caribbean
91116,Caribbean,Rest Caribbean,Latin American,109.8141,2000.9605,54.0149,157.5497,Caribbean
91117,Caribbean,Rest Caribbean,Latin American,67.4683,1313.4481,97.0932,73.9735,Caribbean
91118,Caribbean,Rest Caribbean,Latin American,54.0160,1724.2400,38.0738,155.4158,Caribbean
91119,Caribbean,Rest Caribbean,Latin American,47.7735,755.8559,32.4913,52.7596,Caribbean
91120,Caribbean,Rest Caribbean,Latin American,26.5995,1564.2652,273.8400,35.0091,Caribbean
91121,Caribbean,Rest Caribbean,Latin American,135.6244,526.5492,3.4780,0.5829,Caribbean
91122,Caribbean,Rest Caribbean,Latin American,26.6171,2586.7723,387.4831,96.9593,Caribbean
91123,Caribbean,Rest Caribbean,Latin American,109.9855,978.0862,114.7271,14.3490,Caribbean
91124,Caribbean,Rest Caribbean,Latin American,0.8490,41.5981,0.0423,4.5404,Caribbean
91125,Caribbean,Rest Caribbean,Latin American,7.5704,40.6651,1.9765,1.5894,Caribbean
91126,Caribbean,Rest Caribbean,Latin American,151.4028,605.1254,0.0243,0.0066,Caribbean
91127,Caribbean,Rest Caribbean,Latin American,67.9368,526.7193,4.4469,29.4766,Caribbean
91128,Caribbean,Rest Caribbean,Latin American,21.1444,564.2420,6.6730,54.4464,Caribbean
91129,Caribbean,Rest Caribbean,Latin American,42.0900,134.2000,2.1350,1.4640,Caribbean
91130,Caribbean,Rest Caribbean,Latin American,68.6724,444.8462,24.7253,8.3454,Caribbean
91131,Caribbean,Rest Caribbean,Latin American,30.7703,1384.5760,97.8184,97.3862,Caribbean
91132,Caribbean,Rest Caribbean,Latin American,7.1392,224.9633,44.8800,1.1333,Caribbean
91133,Caribbean,Rest Caribbean,Latin American,435.2430,2626.8513,134.8884,35.4615,Caribbean
91134,Caribbean,Rest Caribbean,Latin American,71.5087,1378.0733,198.1857,36.6369,Caribbean
91135,Caribbean,Rest Caribbean,Latin American,89.0184,654.7560,16.9923,29.8031,Caribbean
91136,Caribbean,Rest Caribbean,Latin American,182.9107,2061.0479,140.9299,93.0159,Caribbean
91137,Caribbean,Rest Caribbean,Latin American,282.1083,1501.6011,91.9361,6.7478,Caribbean
91138,Caribbean,Rest Caribbean,Latin American,2.3583,209.4680,0.3605,22.7742,Caribbean
91139,Caribbean,Rest Caribbean,Latin American,148.9423,855.3442,38.7557,16.8183,Caribbean
91140,Caribbean,Rest Caribbean,Latin American,0.0000,136.0560,8.4150,0.2125,Caribbean
91141,Caribbean,Rest Caribbean,Latin American,14.4216,61.2808,1.6986,0.1632,Caribbean
91142,Caribbean,Rest Caribbean,Latin American,555.1317,2944.5292,43.9420,75.3893,Caribbean
91143,Caribbean,Rest Caribbean,Latin American,90.4628,1924.7267,320.9981,23.5635,Caribbean
91144,Caribbean,Rest Caribbean,Latin American,277.8147,1350.3375,50.2745,16.0677,Caribbean
91145,Caribbean,Rest Caribbean,Latin American,281.4731,1692.6290,33.3641,53.1160,Caribbean
91146,Caribbean,Rest Caribbean,Latin American,257.4228,1695.3540,22.7534,69.0840,Caribbean
91147,Caribbean,Rest Caribbean,Latin American,47.4915,5111.9955,338.4407,389.6868,Caribbean
91148,Caribbean,Rest Caribbean,Latin American,272.0572,4541.8147,220.7129,281.2377,Caribbean
91149,Caribbean,Rest Caribbean,Latin American,369.3805,2168.5175,35.0299,79.3392,Caribbean
91150,Caribbean,Rest Caribbean,Latin American,80.1412,584.9392,8.2994,28.8588,Caribbean
91151,Caribbean,Rest Caribbean,Latin American,33.1931,419.0825,12.9975,29.0124,Caribbean
91152,Caribbean,Rest Caribbean,Latin American,35.3268,158.9100,3.8071,1.5471,Caribbean
91153,Caribbean,Rest Caribbean,Latin American,178.3884,1004.0005,23.3855,31.6621,Caribbean
91154,Caribbean,Rest Caribbean,Latin American,39.3042,150.9000,0.9126,0.1980,Caribbean
91155,Caribbean,Rest Caribbean,Latin American,343.3751,1333.9640,15.1750,4.7484,Caribbean
91156,Caribbean,Rest Caribbean,Latin American,57.7616,2511.0097,192.0400,167.8470,Caribbean
91157,Caribbean,Rest Caribbean,Latin American,42.9427,2083.3644,332.5749,56.6072,Caribbean
91158,Caribbean,Rest Caribbean,Latin American,162.3375,795.4500,17.5696,8.3560,Caribbean
91159,Caribbean,Rest Caribbean,Latin American,13.5477,2333.6446,293.2815,116.6701,Caribbean
91160,Caribbean,Rest Caribbean,Latin American,405.7447,2695.3791,137.3127,66.9651,Caribbean
91161,Caribbean,Rest Caribbean,Latin American,5.7293,36.1729,1.2092,1.0200,Caribbean
91162,Caribbean,Rest Caribbean,Latin American,91.7495,910.9464,99.8800,18.6722,Caribbean
91163,Caribbean,Rest Caribbean,Latin American,413.3698,2415.8396,71.4778,55.6617,Caribbean
91164,Caribbean,Rest Caribbean,Latin American,508.7432,2826.3353,21.5561,99.9915,Caribbean
91165,Caribbean,Rest Caribbean,Latin American,194.8097,14611.5768,1275.7976,934.3554,Caribbean
91166,Caribbean,Rest Caribbean,Latin American,78.6974,601.1555,11.8495,30.0171,Caribbean
91167,Caribbean,Rest Caribbean,Latin American,5.5572,130.4074,2.7794,11.7406,Caribbean
91168,Caribbean,Rest Caribbean,Latin American,206.8261,858.2408,6.4098,4.9817,Caribbean
91169,Caribbean,Rest Caribbean,Latin American,95.7870,1219.8231,148.6524,27.7522,Caribbean
91170,Caribbean,Rest Caribbean,Latin American,133.3705,582.2280,17.4514,4.7642,Caribbean
91171,Caribbean,Rest Caribbean,Latin American,55.3121,7820.7102,481.1560,616.2713,Caribbean
91172,Caribbean,Rest Caribbean,Latin American,83.1402,1733.1489,156.7225,85.9019,Caribbean
91173,Caribbean,Rest Caribbean,Latin American,1.2976,2692.6912,360.0081,127.7693,Caribbean
91174,Caribbean,Rest Caribbean,Latin American,37.5845,2491.4034,285.6034,126.3973,Caribbean
91175,Caribbean,Rest Caribbean,Latin American,88.9611,1051.9482,31.1355,70.9119,Caribbean
91176,Caribbean,Rest Caribbean,Latin American,61.8357,421.5338,21.3636,12.9873,Caribbean
91177,Caribbean,Rest Caribbean,Latin American,18.5640,83.7200,4.3680,0.7280,Caribbean
91178,Caribbean,Rest Caribbean,Latin American,7.1206,143.0680,1.0224,12.8184,Caribbean
91179,Caribbean,Rest Caribbean,Latin American,221.3401,1100.7800,30.2043,16.7196,Caribbean
91180,Caribbean,Rest Caribbean,Latin American,125.8424,1320.8358,7.1357,95.1982,Caribbean
91181,Caribbean,Rest Caribbean,Latin American,5.8927,247.5900,4.0072,24.3000,Caribbean
91182,Caribbean,Rest Caribbean,Latin American,7.8570,950.7351,104.9632,55.5401,Caribbean
91183,Caribbean,Rest Caribbean,Latin American,106.7920,2944.5177,185.4217,200.2339,Caribbean
91184,Caribbean,Rest Caribbean,Latin American,153.0220,611.7150,6.6354,1.9863,Caribbean
91185,Caribbean,Rest Caribbean,Latin American,33.2085,1801.6222,34.9597,176.0054,Caribbean
91186,Caribbean,Rest Caribbean,Latin American,0.0119,5.3640,0.0000,0.0000,Caribbean
91187,Caribbean,Rest Caribbean,Latin American,55.4424,3238.9614,162.2653,266.9251,Caribbean
91188,Caribbean,Rest Caribbean,Latin American,23.3789,892.9657,9.1086,91.4068,Caribbean
91189,Caribbean,Rest Caribbean,Latin American,414.9467,4736.0620,57.9740,326.3313,Caribbean
91190,Caribbean,Rest Caribbean,Latin American,445.7022,8614.6150,303.4812,686.7956,Caribbean
91191,Caribbean,Rest Caribbean,Latin American,34.1440,139.6340,4.8641,0.4002,Caribbean
91192,Caribbean,Rest Caribbean,Latin American,66.7799,560.9341,8.5762,32.0660,Caribbean
91193,Caribbean,Rest Caribbean,Latin American,460.7056,1957.3275,6.7329,14.9000,Caribbean
91194,Caribbean,Rest Caribbean,Latin American,21.6496,216.0520,3.0725,14.7701,Caribbean
91195,Caribbean,Rest Caribbean,Latin American,51.1111,203.3554,2.2800,1.2260,Caribbean
91196,Caribbean,Rest Caribbean,Latin American,37.9218,236.4883,5.2096,8.7734,Caribbean
91197,Caribbean,Rest Caribbean,Latin American,827.3685,102371.5000,879.7915,10850.2200,Caribbean
91198,Caribbean,Rest Caribbean,Latin American,29.7698,261.4321,6.3905,11.2607,Caribbean
91199,Caribbean,Rest Caribbean,Latin American,512.7436,4666.1820,39.0368,278.2784,Caribbean
91200,Caribbean,Rest Caribbean,Latin American,22.8611,318.6196,14.2761,20.2413,Caribbean
91201,Caribbean,Rest Caribbean,Latin American,49.8093,2302.8766,364.0988,64.7254,Caribbean
91202,Caribbean,Rest Caribbean,Latin American,489.4638,2820.5253,145.1074,28.6698,Caribbean
91203,Caribbean,Rest Caribbean,Latin American,31.5629,137.7500,3.9487,0.7403,Caribbean
91204,Caribbean,Rest Caribbean,Latin American,25.9368,578.6335,0.7655,55.2355,Caribbean
91205,Caribbean,Rest Caribbean,Latin American,81.7520,382.3047,12.2345,8.4382,Caribbean
91206,Caribbean,Rest Caribbean,Latin American,838.9169,4006.6413,113.5061,26.6637,Caribbean
91207,Caribbean,Rest Caribbean,Latin American,234.9932,2139.9062,47.3259,117.5349,Caribbean
91208,Caribbean,Rest Caribbean,Latin American,145.5123,627.0908,8.2667,4.5359,Caribbean
91209,Caribbean,Rest Caribbean,Latin American,909.2681,3560.1633,16.4266,9.3859,Caribbean
91210,Caribbean,Rest Caribbean,Latin American,104.7398,1905.2952,185.6955,84.1204,Caribbean
91211,Caribbean,Rest Caribbean,Latin American,171.1287,4689.6793,109.4716,407.7075,Caribbean
91212,Caribbean,Rest Caribbean,Latin American,609.0118,4277.6299,109.7531,169.9310,Caribbean
91213,Caribbean,Rest Caribbean,Latin American,542.7856,6782.1897,225.9818,405.4271,Caribbean
91214,Caribbean,Rest Caribbean,Latin American,26.5056,524.5634,92.9312,5.7739,Caribbean
91215,Caribbean,Rest Caribbean,Latin American,7.4729,71.1429,6.8120,1.5195,Caribbean
91216,Caribbean,Rest Caribbean,Latin American,107.2440,898.6446,29.1174,46.4794,Caribbean
91217,Caribbean,Rest Caribbean,Latin American,71.9000,402.4925,4.4562,15.0059,Caribbean
91218,Caribbean,Rest Caribbean,Latin American,532.6739,4306.7190,116.3027,181.4190,Caribbean
91219,Caribbean,Rest Caribbean,Latin American,532.3606,2377.8855,24.5071,19.0869,Caribbean
91220,Caribbean,Rest Caribbean,Latin American,43.6296,186.8723,2.6218,0.7562,Caribbean
91221,Caribbean,Rest Caribbean,Latin American,56.1860,1146.9500,43.6475,84.2110,Caribbean
91222,Caribbean,Rest Caribbean,Latin American,179.3805,1354.8585,75.4027,42.5473,Caribbean
91223,Caribbean,Rest Caribbean,Latin American,52.8710,1299.3150,64.1422,96.2713,Caribbean
91224,Caribbean,Rest Caribbean,Latin American,498.3119,2404.1790,37.3567,31.9479,Caribbean
91225,Caribbean,Rest Caribbean,Latin American,7.2972,161.0252,0.2041,0.0680,Caribbean
91226,Caribbean,Rest Caribbean,Latin American,105.1524,1859.5615,58.6261,141.9214,Caribbean
91227,Caribbean,Rest Caribbean,Latin American,263.0575,1303.7593,9.0325,32.8465,Caribbean
91228,Caribbean,Rest Caribbean,Latin American,57.2097,1938.4843,362.3142,19.4850,Caribbean
91229,Caribbean,Rest Caribbean,Latin American,537.2124,5444.5880,218.2371,309.1251,Caribbean
91230,Caribbean,Rest Caribbean,Latin American,18.2837,274.2840,1.7575,23.4102,Caribbean
91231,Caribbean,Rest Caribbean,Latin American,184.9306,998.2800,29.6593,16.3997,Caribbean
91232,Caribbean,Rest Caribbean,Latin American,44.1024,1176.9600,12.5196,115.1160,Caribbean
91233,Caribbean,Rest Caribbean,Latin American,22.8611,293.4030,8.6661,20.0997,Caribbean
91234,Caribbean,Rest Caribbean,Latin American,122.0078,857.9445,21.7204,32.5953,Caribbean
91235,Caribbean,Rest Caribbean,Latin American,118.5575,704.1400,10.8225,23.5005,Caribbean
91236,Caribbean,Rest Caribbean,Latin American,9.5637,151.7432,1.0933,13.7681,Caribbean
91237,Caribbean,Rest Caribbean,Latin American,7.3407,32.6425,2.0023,0.4373,Caribbean
91238,Caribbean,Rest Caribbean,Latin American,2329.2221,21063.7529,821.9386,1032.2448,Caribbean
91239,Caribbean,Rest Caribbean,Latin American,8.2592,1403.0740,104.0865,102.7008,Caribbean
91240,Caribbean,Rest Caribbean,Latin American,245.1127,1494.3643,22.3174,57.9537,Caribbean
91241,Caribbean,Rest Caribbean,Latin American,291.8021,2663.2532,100.9746,134.1451,Caribbean
91242,Caribbean,Rest Caribbean,Latin American,58.4812,422.0410,18.7772,18.3107,Caribbean
91243,Caribbean,Rest Caribbean,Latin American,262.5377,4944.9008,19.5675,440.7316,Caribbean
91244,Caribbean,Rest Caribbean,Latin American,126.8493,1351.9975,14.5886,91.0818,Caribbean
91245,Caribbean,Rest Caribbean,Latin American,12.5227,1066.6652,124.5930,54.7927,Caribbean
91246,Caribbean,Rest Caribbean,Latin American,250.4076,4401.0609,508.7288,147.4304,Caribbean
91247,Caribbean,Rest Caribbean,Latin American,31.5001,1253.6693,14.0646,128.6541,Caribbean
91248,Caribbean,Rest Caribbean,Latin American,8.2824,969.8127,95.7092,55.4776,Caribbean
91249,Caribbean,Rest Caribbean,Latin American,145.1777,1722.6154,23.5675,118.1558,Caribbean
91250,Caribbean,Rest Caribbean,Latin American,21.4435,84.4815,1.0829,0.4026,Caribbean
91251,Caribbean,Rest Caribbean,Latin American,10.9457,57.6840,3.1112,0.1729,Caribbean
91252,Caribbean,Rest Caribbean,Latin American,416.5457,2821.8260,188.9341,51.2147,Caribbean
91253,Caribbean,Rest Caribbean,Latin American,22.9413,94.5360,1.7913,0.3836,Caribbean
91254,Caribbean,Rest Caribbean,Latin American,476.3603,2395.9295,45.5025,30.0522,Caribbean
91255,Caribbean,Rest Caribbean,Latin American,,,,,Caribbean
91256,Caribbean,Rest Caribbean,Latin American,1812.7219,833671.1420,52603.2479,66813.1504,Caribbean
91257,Caribbean,Rest Caribbean,Latin American,24.8881,3593.0159,724.1478,47.6651,Caribbean
91258,Caribbean,Rest Caribbean,Latin American,36.5379,5398.9077,636.1332,283.1441,Caribbean
91259,Caribbean,Rest Caribbean,Latin American,411.4488,1646.4840,0.7522,1.6380,Caribbean
91260,Caribbean,Rest Caribbean,Latin American,58.6781,240.8640,4.2448,2.0848,Caribbean
91261,Caribbean,Rest Caribbean,Latin American,76.6250,2008.9887,24.1309,191.3943,Caribbean
91262,Caribbean,Rest Caribbean,Latin American,39.0660,916.3848,147.2793,18.4427,Caribbean
91263,Caribbean,Rest Caribbean,Latin American,27.5448,110.1240,0.0000,0.0000,Caribbean
91264,Caribbean,Rest Caribbean,Latin American,59.1038,1688.1672,276.9721,35.2791,Caribbean
91265,Caribbean,Rest Caribbean,Latin American,26.5709,498.6352,4.9493,43.4502,Caribbean
91266,Caribbean,Rest Caribbean,Latin American,163.7886,1545.6376,140.1676,37.4225,Caribbean
91267,Caribbean,Rest Caribbean,Latin American,23.0071,130.9600,9.0740,0.4115,Caribbean
91268,Caribbean,Rest Caribbean,Latin American,177.4277,831.3441,7.9154,14.7703,Caribbean
91269,Caribbean,Rest Caribbean,Latin American,12.7000,1046.3182,97.4761,64.7359,Caribbean
91270,Caribbean,Rest Caribbean,Latin American,16.9276,1028.6819,149.2939,36.7421,Caribbean
91271,Caribbean,Rest Caribbean,Latin American,29.9342,231.6650,2.1235,14.3925,Caribbean
91272,Caribbean,Rest Caribbean,Latin American,615.0352,3222.0643,89.5434,61.2422,Caribbean
91273,Caribbean,Rest Caribbean,Latin American,2.5370,9.3685,0.0675,0.0598,Caribbean
91274,Caribbean,Rest Caribbean,Latin American,47.0179,326.1800,7.9192,14.8814,Caribbean
91275,Caribbean,Rest Caribbean,Latin American,13.7724,55.0620,0.0000,0.0000,Caribbean
91276,Caribbean,Rest Caribbean,Latin American,355.7711,2446.3113,65.0433,85.5191,Caribbean
91277,Caribbean,Rest Caribbean,Latin American,2.2653,8.2512,0.2543,0.0256,Caribbean
91278,Caribbean,Rest Caribbean,Latin American,9.8303,280.2250,1.2978,27.2168,Caribbean
91279,Caribbean,Rest Caribbean,Latin American,37.3244,417.0903,51.5769,7.4450,Caribbean
91280,Caribbean,Rest Caribbean,Latin American,63.2379,775.9052,113.4506,8.0578,Caribbean
91281,Caribbean,Rest Caribbean,Latin American,315.5648,1804.8793,101.3542,20.5067,Caribbean
91282,Caribbean,Rest Caribbean,Latin American,220.8402,3153.9067,117.1888,213.5881,Caribbean
91283,Caribbean,Rest Caribbean,Latin American,235.0313,3376.8799,69.0046,256.5976,Caribbean
91284,Caribbean,Rest Caribbean,Latin American,32.2645,998.3600,58.7662,71.6328,Caribbean
91285,Caribbean,Rest Caribbean,Latin American,268.9522,8747.9242,21.3762,878.0419,Caribbean
91286,Caribbean,Rest Caribbean,Latin American,13.6334,1040.5655,6.1654,110.5197,Caribbean
91287,Caribbean,Rest Caribbean,Latin American,114.1662,436.7600,4.6540,1.3246,Caribbean
91288,Caribbean,Rest Caribbean,Latin American,76.5090,1208.9662,16.5507,103.2667,Caribbean
91289,Caribbean,Rest Caribbean,Latin American,85.6529,3680.5884,391.8721,192.8185,Caribbean
91290,Caribbean,Rest Caribbean,Latin American,193.1689,2747.9022,84.6825,181.2959,Caribbean
91291,Caribbean,Rest Caribbean,Latin American,64.3157,3346.6281,358.1609,175.6480,Caribbean
91292,Caribbean,Rest Caribbean,Latin American,699.7920,9686.9000,629.4600,482.9780,Caribbean
91293,Caribbean,Rest Caribbean,Latin American,88.7652,1553.3050,7.3523,135.1345,Caribbean
91294,Caribbean,Rest Caribbean,Latin American,65.2595,295.4744,0.9968,4.7252,Caribbean
91295,Caribbean,Rest Caribbean,Latin American,146.1330,4596.5714,101.2064,372.7228,Caribbean
91296,Caribbean,Rest Caribbean,Latin American,286.6049,2849.2483,139.2845,141.9308,Caribbean
91297,Caribbean,Rest Caribbean,Latin American,357.5422,2038.3945,100.0184,31.8159,Caribbean
91298,Caribbean,Rest Caribbean,Latin American,,,,,Caribbean
91299,Caribbean,Rest Caribbean,Latin American,100.7492,2022.2777,166.3169,100.8223,Caribbean
91300,Caribbean,Rest Caribbean,Latin American,498.9994,2674.3943,144.5050,18.9990,Caribbean
91301,Caribbean,Rest Caribbean,Latin American,106.8945,818.0765,15.4792,39.5985,Caribbean
91302,Caribbean,Rest Caribbean,Latin American,13.5907,392.7750,22.9898,19.6319,Caribbean
91303,Caribbean,Rest Caribbean,Latin American,8.4283,59.0944,5.9700,0.2423,Caribbean
91304,Caribbean,Rest Caribbean,Latin American,38.2462,362.4410,3.8994,0.4365,Caribbean
91305,Caribbean,Rest Caribbean,Latin American,0.0000,37.8250,8.4150,0.2125,Caribbean
91306,Caribbean,Rest Caribbean,Latin American,28.2261,4532.9637,314.0242,344.4434,Caribbean
91307,Caribbean,Rest Caribbean,Latin American,86.4456,738.4860,15.1982,40.7925,Caribbean
91308,Caribbean,Rest Caribbean,Latin American,304.8018,2748.3754,119.0763,114.9723,Caribbean
91309,Caribbean,Rest Caribbean,Latin American,21.1105,98.2233,4.1800,1.4280,Caribbean
91310,Caribbean,Rest Caribbean,Latin American,79.8018,354.4700,3.7155,3.7197,Caribbean
91311,Caribbean,Rest Caribbean,Latin American,47.7288,1260.5674,209.6424,24.5815,Caribbean
91312,Caribbean,Rest Caribbean,Latin American,111.6636,1204.1220,42.6334,72.8863,Caribbean
91313,Caribbean,Rest Caribbean,Latin American,41.4656,1024.3080,95.2224,57.8390,Caribbean
91314,Caribbean,Rest Caribbean,Latin American,113.5184,454.9650,0.7239,0.3279,Caribbean
91315,Caribbean,Rest Caribbean,Latin American,430.7885,2148.3600,77.1742,15.3935,Caribbean
91316,Caribbean,Rest Caribbean,Latin American,0.8024,600.1184,70.9652,31.6702,Caribbean
91317,Caribbean,Rest Caribbean,Latin American,54.1018,2558.6798,37.5098,237.6687,Caribbean
91318,Caribbean,Rest Caribbean,Latin American,172.7142,756.7500,8.0301,11.5005,Caribbean
91319,Caribbean,Rest Caribbean,Latin American,2.1938,9.7875,0.3071,0.1249,Caribbean
91320,Caribbean,Rest Caribbean,Latin American,37.0252,1148.5853,102.4664,65.3859,Caribbean
91321,Caribbean,Rest Caribbean,Latin American,143.1278,1520.3751,33.8278,106.0519,Caribbean
91322,Caribbean,Rest Caribbean,Latin American,16.3159,118.6796,4.2462,4.9213,Caribbean
91323,Caribbean,Rest Caribbean,Latin American,47.4759,582.6625,13.0215,42.4315,Caribbean
91324,Caribbean,Rest Caribbean,Latin American,117.7970,589.5665,23.7480,12.1703,Caribbean
91325,Caribbean,Rest Caribbean,Latin American,0.0000,90.7040,5.6100,0.1417,Caribbean
91326,Caribbean,Rest Caribbean,Latin American,146.0079,1633.7306,131.6177,55.3401,Caribbean
91327,Caribbean,Rest Caribbean,Latin American,269.1600,1480.5249,15.7970,49.1220,Caribbean
91328,Caribbean,Rest Caribbean,Latin American,40.7955,931.9175,12.3714,88.6681,Caribbean
91329,Caribbean,Rest Caribbean,Latin American,94.0238,1178.3069,109.5100,47.3740,Caribbean
91330,Caribbean,Rest Caribbean,Latin American,10.0713,163.6712,1.8348,14.6489,Caribbean
91331,Caribbean,Rest Caribbean,Latin American,51.7851,228.3537,9.7920,1.7544,Caribbean
91332,Caribbean,Rest Caribbean,Latin American,229.8338,1480.9638,91.3148,26.5579,Caribbean
91333,Caribbean,Rest Caribbean,Latin American,18.5655,98.9300,2.5283,1.7571,Caribbean
91334,Caribbean,Rest Caribbean,Latin American,64.5686,1498.6705,16.3330,142.7172,Caribbean
91335,Caribbean,Rest Caribbean,Latin American,91.5022,1480.0998,144.6354,63.3256,Caribbean
91336,Caribbean,Rest Caribbean,Latin American,0.0000,0.0000,0.0000,0.0000,Caribbean
91337,Caribbean,Rest Caribbean,Latin American,48.6002,6166.6477,136.9894,602.8389,Caribbean
91338,Caribbean,Rest Caribbean,Latin American,5.3221,158.6969,6.2252,8.9045,Caribbean
91339,Caribbean,Rest Caribbean,Latin American,31.3271,1929.7030,191.6232,111.3659,Caribbean
91340,Caribbean,Rest Caribbean,Latin American,222.9004,1672.3103,13.9389,87.7191,Caribbean
91341,Caribbean,Rest Caribbean,Latin American,20.7982,275.4839,0.1956,0.0708,Caribbean
91342,Caribbean,Rest Caribbean,Latin American,185.5648,1125.4977,21.4084,32.2466,Caribbean
91343,Caribbean,Rest Caribbean,Latin American,135.7648,1742.4747,270.8118,7.2512,Caribbean
91344,Caribbean,Rest Caribbean,Latin American,41.5871,590.7254,8.3013,48.0817,Caribbean
91345,Caribbean,Rest Caribbean,Latin American,61.5127,2538.8494,195.6793,175.2011,Caribbean
91346,Caribbean,Rest Caribbean,Latin American,35.0650,663.6307,18.2248,57.8365,Caribbean
91347,Caribbean,Rest Caribbean,Latin American,83.3059,1410.9860,24.3102,111.1285,Caribbean
91348,Caribbean,Rest Caribbean,Latin American,255.2050,1301.9980,31.3620,13.9972,Caribbean
91349,Caribbean,Rest Caribbean,Latin American,815.9265,11615.3802,1939.6694,70.1854,Caribbean
91350,Caribbean,Rest Caribbean,Latin American,32.8597,369.1410,0.2301,27.2975,Caribbean
91351,Caribbean,Rest Caribbean,Latin American,34.1245,986.9388,108.1100,46.7588,Caribbean
91352,Caribbean,Rest Caribbean,Latin American,223.9984,1604.7810,29.1147,76.5867,Caribbean
91353,Caribbean,Rest Caribbean,Latin American,54.0922,3853.8786,195.6445,319.8103,Caribbean
91354,Caribbean,Rest Caribbean,Latin American,8.6544,31.5600,0.7308,1.0428,Caribbean
91355,Caribbean,Rest Caribbean,Latin American,85.1738,677.4000,36.2692,20.8591,Caribbean
91356,Caribbean,Rest Caribbean,Latin American,120.2878,947.3470,97.7496,11.4333,Caribbean
91357,Caribbean,Rest Caribbean,Latin American,58.1940,266.0900,8.5214,3.1704,Caribbean
91358,Caribbean,Rest Caribbean,Latin American,557.2664,3277.9903,156.2925,57.7248,Caribbean
91359,Caribbean,Rest Caribbean,Latin American,0.6368,1.8906,0.0318,0.0053,Caribbean
91360,Caribbean,Rest Caribbean,Latin American,281.8360,3848.0886,290.0932,179.9138,Caribbean
91361,Caribbean,Rest Caribbean,Latin American,175.3093,684.3812,9.7539,2.8508,Caribbean
91362,Caribbean,Rest Caribbean,Latin American,24.8040,101.4000,2.3660,0.6500,Caribbean
91363,Caribbean,Rest Caribbean,Latin American,7610.7065,35115.3937,634.7796,140.8889,Caribbean
91364,Caribbean,Rest Caribbean,Latin American,441.8133,2948.9757,33.3270,114.5500,Caribbean
91365,Caribbean,Rest Caribbean,Latin American,93.8569,439.5766,15.8917,2.3823,Caribbean
91366,Caribbean,Rest Caribbean,Latin American,43.6250,16032.7641,352.9324,1603.7152,Caribbean
91367,Caribbean,Rest Caribbean,Latin American,50.4982,5460.9820,44.9499,578.3575,Caribbean
91368,Caribbean,Rest Caribbean,Latin American,1.1935,16.1520,2.8645,0.0807,Caribbean
91369,Caribbean,Rest Caribbean,Latin American,609.8537,3138.9420,82.5751,45.5604,Caribbean
91370,Caribbean,Rest Caribbean,Latin American,481.5109,11815.9985,395.4242,1000.5325,Caribbean
91371,Caribbean,Rest Caribbean,Latin American,122.5325,5175.8098,575.0579,252.3910,Caribbean
91372,Caribbean,Rest Caribbean,Latin American,570.0403,3728.8055,152.2054,105.2969,Caribbean
91373,Caribbean,Rest Caribbean,Latin American,718.9951,4642.9300,66.6745,173.8873,Caribbean
91374,Caribbean,Rest Caribbean,Latin American,27.9128,1753.6815,284.1544,49.4468,Caribbean
91375,Caribbean,Rest Caribbean,Latin American,183.2067,1730.8800,33.1365,107.3472,Caribbean
91376,Caribbean,Rest Caribbean,Latin American,424.3981,2354.4124,129.8946,23.4858,Caribbean
91377,Caribbean,Rest Caribbean,Latin American,17.7354,240.9419,12.9266,13.9364,Caribbean
91378,Caribbean,Rest Caribbean,Latin American,4.6615,366.0484,23.5066,28.9140,Caribbean
91379,Caribbean,Rest Caribbean,Latin American,286.1325,3997.8579,104.0572,286.3673,Caribbean
91380,Caribbean,Rest Caribbean,Latin American,16.2825,610.7474,107.5938,13.8148,Caribbean
91381,Caribbean,Rest Caribbean,Latin American,154.6899,1316.4102,18.3454,69.7604,Caribbean
91382,Caribbean,Rest Caribbean,Latin American,1151.4616,5294.9980,86.5216,48.4731,Caribbean
91383,Caribbean,Rest Caribbean,Latin American,139.5545,705.1630,2.6538,18.5324,Caribbean
91384,Caribbean,Rest Caribbean,Latin American,37.9396,311.0794,1.7267,17.3458,Caribbean
91385,Caribbean,Rest Caribbean,Latin American,59.1069,1165.3948,94.6886,62.1631,Caribbean
91386,Caribbean,Rest Caribbean,Latin American,47.7288,1260.5674,209.6424,24.5815,Caribbean
91387,Caribbean,Rest Caribbean,Latin American,64.4276,264.2310,6.0592,2.5136,Caribbean
91388,Caribbean,Rest Caribbean,Latin American,43.7477,2399.0358,188.0045,159.9398,Caribbean
91389,Caribbean,Rest Caribbean,Latin American,5.4204,119.6061,14.7920,3.9914,Caribbean
91390,Caribbean,Rest Caribbean,Latin American,0.0000,231.8414,22.4400,0.5667,Caribbean
91391,Caribbean,Rest Caribbean,Latin American,66.7582,1776.1808,133.9395,110.3689,Caribbean
91392,Caribbean,Rest Caribbean,Latin American,32.5967,1088.1264,136.7192,44.4117,Caribbean
91393,Caribbean,Rest Caribbean,Latin American,36.7351,206.7792,6.1225,5.4599,Caribbean
91394,Caribbean,Rest Caribbean,Latin American,88.6461,1443.6038,147.3107,57.1523,Caribbean
91395,Caribbean,Rest Caribbean,Latin American,15.1569,55.3580,0.3246,0.0514,Caribbean
91396,Caribbean,Rest Caribbean,Latin American,153.8885,860.5250,10.1752,30.8765,Caribbean
91397,Caribbean,Rest Caribbean,Latin American,269.9684,853992.9780,31553.8368,79554.0316,Caribbean
91398,Caribbean,Rest Caribbean,Latin American,6.0146,917.8082,184.1371,18.3939,Caribbean
91399,Caribbean,Rest Caribbean,Latin American,308.2621,1662.3227,37.7094,40.6132,Caribbean
91400,Caribbean,Rest Caribbean,Latin American,230.4606,1861.3274,69.6937,73.1597,Caribbean
91401,Caribbean,Rest Caribbean,Latin American,5.2918,23.8650,0.5982,0.2805,Caribbean
91402,Caribbean,Rest Caribbean,Latin American,7.0087,26.4408,0.4789,0.1044,Caribbean
91403,Caribbean,Rest Caribbean,Latin American,18.5232,2208.1482,287.7955,102.6866,Caribbean
91404,Caribbean,Rest Caribbean,Latin American,0.0000,45.3520,2.8050,0.0708,Caribbean
91405,Caribbean,Rest Caribbean,Latin American,849.4678,5606.0978,91.8926,212.9936,Caribbean
91406,Caribbean,Rest Caribbean,Latin American,403.1920,1611.9600,0.0000,0.0000,Caribbean
91407,Caribbean,Rest Caribbean,Latin American,16.3741,341.4967,3.9697,1.2235,Caribbean
91408,Caribbean,Rest Caribbean,Latin American,108.3183,4403.0133,437.5749,237.7307,Caribbean
91409,Caribbean,Rest Caribbean,Latin American,17.3351,896.0082,181.9731,5.4639,Caribbean
91410,Caribbean,Rest Caribbean,Latin American,149.1267,747.7211,44.1159,8.2643,Caribbean
91411,Caribbean,Rest Caribbean,Latin American,357.9477,3395.1546,53.0294,208.5701,Caribbean
91412,Caribbean,Rest Caribbean,Latin American,481.8058,3051.9075,189.5945,40.8505,Caribbean
91413,Caribbean,Rest Caribbean,Latin American,620.6800,2440.0000,33.4300,9.4100,Caribbean
91414,Caribbean,Rest Caribbean,Latin American,837.5905,4810.2880,83.4678,137.3922,Caribbean
91415,Caribbean,Rest Caribbean,Latin American,226.6272,1707.4684,103.5716,48.5895,Caribbean
91416,Caribbean,Rest Caribbean,Latin American,193.6559,2939.7954,231.2742,126.2756,Caribbean
91417,Caribbean,Rest Caribbean,Latin American,154.9341,1250.6730,38.7231,64.2175,Caribbean
91418,Caribbean,Rest Caribbean,Latin American,446.4222,3563.2738,102.7619,166.1607,Caribbean
91419,Caribbean,Rest Caribbean,Latin American,166.6387,681.2257,7.9967,5.6786,Caribbean
91420,Caribbean,Rest Caribbean,Latin American,247.1138,952.1200,10.1832,2.8972,Caribbean
91421,Caribbean,Rest Caribbean,Latin American,53.7734,2126.3630,4.4232,216.9013,Caribbean
91422,Caribbean,Rest Caribbean,Latin American,38.3051,688.8711,50.3351,38.2431,Caribbean
91423,Caribbean,Rest Caribbean,Latin American,25.7927,311.2892,7.2052,21.4268,Caribbean
91424,Caribbean,Rest Caribbean,Latin American,40.1499,927.7304,14.0907,86.1155,Caribbean
91425,Caribbean,Rest Caribbean,Latin American,40.7392,281.1515,3.3267,15.2100,Caribbean
91426,Caribbean,Rest Caribbean,Latin American,495.6726,3153.6942,105.5866,89.3065,Caribbean
91427,Caribbean,Rest Caribbean,Latin American,422.6813,2069.3437,102.5387,6.9242,Caribbean
91428,Caribbean,Rest Caribbean,Latin American,,,,,Caribbean
91429,Caribbean,Rest Caribbean,Latin American,7.8338,849.7542,182.4296,4.7457,Caribbean
91430,Caribbean,Rest Caribbean,Latin American,78.5428,617.0617,11.8096,30.6755,Caribbean
91431,Caribbean,Rest Caribbean,Latin American,23.7606,222.7580,9.6075,9.9735,Caribbean
91432,Caribbean,Rest Caribbean,Latin American,34.7609,1406.3725,69.7283,111.6139,Caribbean
91433,Caribbean,Rest Caribbean,Latin American,51.2881,252.2300,11.8479,4.9764,Caribbean
91434,Caribbean,Rest Caribbean,Latin American,5.3245,227.7000,2.8060,22.2525,Caribbean
91435,Caribbean,Rest Caribbean,Latin American,532.7021,2336.0550,28.6261,14.7168,Caribbean
91436,Caribbean,Rest Caribbean,Latin American,10.9450,58.8679,0.8673,2.0002,Caribbean
91437,Caribbean,Rest Caribbean,Latin American,118.1320,469.9750,5.2617,1.7390,Caribbean
91438,Caribbean,Rest Caribbean,Latin American,567.1268,3231.5505,59.4745,79.4250,Caribbean
91439,Caribbean,Rest Caribbean,Latin American,50.7912,1275.3782,97.8057,78.9231,Caribbean
91440,Caribbean,Rest Caribbean,Latin American,33.8494,1117.7827,20.2919,103.4150,Caribbean
91441,Caribbean,Rest Caribbean,Latin American,168.3297,1859.9165,175.7621,54.3802,Caribbean
91442,Caribbean,Rest Caribbean,Latin American,0.0000,115.9206,11.2200,0.2833,Caribbean
91443,Caribbean,Rest Caribbean,Latin American,277.2127,1101.4800,0.4270,0.2928,Caribbean
91444,Caribbean,Rest Caribbean,Latin American,51.6556,206.2980,2.4538,0.7438,Caribbean
91445,Caribbean,Rest Caribbean,Latin American,80.6208,876.6240,22.2630,57.7980,Caribbean
91446,Caribbean,Rest Caribbean,Latin American,2.5008,1835.9706,63.5810,172.6372,Caribbean
91447,Caribbean,Rest Caribbean,Latin American,39.1456,737.9900,21.4944,59.7871,Caribbean
91448,Caribbean,Rest Caribbean,Latin American,36.1263,1185.4283,12.3224,119.1762,Caribbean
91449,Caribbean,Rest Caribbean,Latin American,13.6320,53.2812,0.7400,0.3241,Caribbean
91450,Caribbean,Rest Caribbean,Latin American,702.7065,3252.0298,76.4530,34.9626,Caribbean
91451,Caribbean,Rest Caribbean,Latin American,100.6941,2177.4249,59.0143,173.8704,Caribbean
91452,Caribbean,Rest Caribbean,Latin American,388.0737,2335.2502,128.7358,35.6754,Caribbean
91453,Caribbean,Rest Caribbean,Latin American,2.2200,219.0000,1.6275,23.1825,Caribbean
91454,Caribbean,Rest Caribbean,Latin American,133.9934,1573.5093,78.4451,87.9780,Caribbean
91455,Caribbean,Rest Caribbean,Latin American,238.0330,1310.8973,66.8851,3.7525,Caribbean
91456,Caribbean,Rest Caribbean,Latin American,207.7634,2883.2062,243.1294,126.2571,Caribbean
91457,Caribbean,Rest Caribbean,Latin American,35.6763,9699.8760,536.3853,813.1608,Caribbean
91458,Caribbean,Rest Caribbean,Latin American,30.5474,649.6055,94.8032,15.8602,Caribbean
91459,Caribbean,Rest Caribbean,Latin American,20.4207,590.4412,57.2252,32.3175,Caribbean
91460,Caribbean,Rest Caribbean,Latin American,32.7309,10263.7807,1144.5273,587.8006,Caribbean
91461,Caribbean,Rest Caribbean,Latin American,912.3984,3667.2925,4.7198,14.0817,Caribbean
91462,Caribbean,Rest Caribbean,Latin American,560.8916,3440.0622,96.5553,101.4359,Caribbean
91463,Caribbean,Rest Caribbean,Latin American,242.8475,1211.0000,17.8800,30.3840,Caribbean
91464,Caribbean,Rest Caribbean,Latin American,313.3485,1729.8214,99.3010,13.6859,Caribbean
91465,Caribbean,Rest Caribbean,Latin American,180.1303,3536.5700,25.0008,323.2771,Caribbean
91466,Caribbean,Rest Caribbean,Latin American,20.0221,113.8380,4.6050,3.6382,Caribbean
91467,Caribbean,Rest Caribbean,Latin American,83.3852,645.5113,14.4332,23.0022,Caribbean
91468,Caribbean,Rest Caribbean,Latin American,58.2144,811.0413,104.8856,16.5200,Caribbean
91469,Caribbean,Rest Caribbean,Latin American,131.9654,644.6536,23.2676,8.6466,Caribbean
91470,Caribbean,Rest Caribbean,Latin American,334.7208,1843.8780,40.7433,49.2601,Caribbean
91471,Caribbean,Rest Caribbean,Latin American,74.7574,2396.6769,170.7718,155.1466,Caribbean
91472,Caribbean,Rest Caribbean,Latin American,53.4763,310.7473,12.7007,10.7988,Caribbean
91473,Caribbean,Rest Caribbean,Latin American,177.9288,1927.6080,50.4338,116.8093,Caribbean
91474,Caribbean,Rest Caribbean,Latin American,10.2708,2600.1960,544.1384,28.1066,Caribbean
91475,Caribbean,Rest Caribbean,Latin American,89.2091,2168.6624,116.0234,161.7750,Caribbean
91476,Caribbean,Rest Caribbean,Latin American,142.2042,835.1600,24.2362,26.2098,Caribbean
91477,Caribbean,Rest Caribbean,Latin American,503.3740,4126.1900,63.2845,224.5915,Caribbean
91478,Caribbean,Rest Caribbean,Latin American,296.0475,1915.7333,41.1229,68.3046,Caribbean
91479,Caribbean,Rest Caribbean,Latin American,100.3281,863.7764,14.9743,44.9808,Caribbean
91480,Caribbean,Rest Caribbean,Latin American,161.2881,1961.2703,28.6024,140.7777,Caribbean
91481,Caribbean,Rest Caribbean,Latin American,1.2735,1975.6715,359.1043,49.5773,Caribbean
91482,Caribbean,Rest Caribbean,Latin American,22.6136,115.2985,5.0397,4.2483,Caribbean
91483,Caribbean,Rest Caribbean,Latin American,15.6945,2984.2065,97.7506,281.5810,Caribbean
91484,Caribbean,Rest Caribbean,Latin American,12.1490,4384.9083,399.6575,291.8119,Caribbean
91485,Caribbean,Rest Caribbean,Latin American,392.7266,2917.8910,45.9740,136.3736,Caribbean
91486,Caribbean,Rest Caribbean,Latin American,44.2599,1103.4765,118.5513,48.8847,Caribbean
91487,Caribbean,Rest Caribbean,Latin American,43.6192,5637.8859,570.8918,339.4138,Caribbean
91488,Caribbean,Rest Caribbean,Latin American,8.6686,237.6361,1.6505,0.1261,Caribbean
91489,Caribbean,Rest Caribbean,Latin American,319.5270,2008.1605,40.0186,65.1138,Caribbean
91490,Caribbean,Rest Caribbean,Latin American,375.0730,1923.0963,82.6828,24.2685,Caribbean
91491,Caribbean,Rest Caribbean,Latin American,0.0000,0.0000,0.0000,0.0000,Caribbean
91492,Caribbean,Rest Caribbean,Latin American,16.2471,69.6212,3.8939,0.4322,Caribbean
91493,Caribbean,Rest Caribbean,Latin American,96.5260,664.7000,14.7550,30.8080,Caribbean
91494,Caribbean,Rest Caribbean,Latin American,,,,,Caribbean
91495,Caribbean,Rest Caribbean,Latin American,28.6204,3130.2934,279.8635,202.6145,Caribbean
91496,Caribbean,Rest Caribbean,Latin American,55.6170,245.5079,10.4422,1.7332,Caribbean
91497,Caribbean,Rest Caribbean,Latin American,436.4008,1765.0399,4.1277,1.7010,Caribbean
91498,Caribbean,Rest Caribbean,Latin American,29.6272,278.1500,10.3304,14.1130,Caribbean
91499,Caribbean,Rest Caribbean,Latin American,94.9792,3713.7509,385.7060,192.0397,Caribbean
91500,Caribbean,Rest Caribbean,Latin American,10.5602,96.2465,0.2622,0.1332,Caribbean
91501,Caribbean,Rest Caribbean,Latin American,50.2736,445.3885,5.5902,28.9470,Caribbean
91502,Caribbean,Rest Caribbean,Latin American,160.4969,860.0600,15.3228,24.7471,Caribbean
91503,Caribbean,Rest Caribbean,Latin American,701.7321,3112.6852,39.5024,22.7247,Caribbean
91504,Caribbean,Rest Caribbean,Latin American,260.9001,8936.2300,39.9471,863.3205,Caribbean
91505,Caribbean,Rest Caribbean,Latin American,42.5359,452.4466,26.8899,19.9688,Caribbean
91506,Caribbean,Rest Caribbean,Latin American,393.4381,2937.5800,210.2804,63.7518,Caribbean
91507,Caribbean,Rest Caribbean,Latin American,241.2734,2454.0957,28.3950,168.4611,Caribbean
91508,Caribbean,Rest Caribbean,Latin American,417.5504,2004.8250,20.4319,49.4792,Caribbean
91509,Caribbean,Rest Caribbean,Latin American,30.3193,122.6640,1.5326,0.3329,Caribbean
91510,Caribbean,Rest Caribbean,Latin American,53.0015,1070.3109,32.9230,86.3337,Caribbean
91511,Caribbean,Rest Caribbean,Latin American,356.4499,2301.3892,190.9470,20.5672,Caribbean
91512,Caribbean,Rest Caribbean,Latin American,7.2972,211.4585,11.4241,0.3513,Caribbean
91513,Caribbean,Rest Caribbean,Latin American,2.9427,142.3747,0.0036,0.0000,Caribbean
91514,Caribbean,Rest Caribbean,Latin American,78.8186,3091.1695,573.4383,39.0597,Caribbean
91515,Caribbean,Rest Caribbean,Latin American,368.0180,2175.3782,152.7012,14.6471,Caribbean
91516,Caribbean,Rest Caribbean,Latin American,3.9910,505.9500,0.7632,54.0600,Caribbean
91517,Caribbean,Rest Caribbean,Latin American,30.3868,1146.1974,94.8110,75.1878,Caribbean
91518,Caribbean,Rest Caribbean,Latin American,87.5324,374.4687,9.3983,1.6390,Caribbean
91519,Caribbean,Rest Caribbean,Latin American,61.8065,380.0000,5.4090,14.4000,Caribbean
91520,Caribbean,Rest Caribbean,Latin American,101.1955,695.2774,12.2479,30.3086,Caribbean
91521,Caribbean,Rest Caribbean,Latin American,110.0188,440.7350,2.8010,0.5818,Caribbean
91522,Caribbean,Rest Caribbean,Latin American,72.3593,2585.7875,113.2859,211.5375,Caribbean
91523,Caribbean,Rest Caribbean,Latin American,209.3444,938.3000,19.7064,7.6414,Caribbean
91524,Caribbean,Rest Caribbean,Latin American,246.5862,5199.7260,32.5898,465.2484,Caribbean
91525,Caribbean,Rest Caribbean,Latin American,1021.9186,5145.4049,162.4199,46.6822,Caribbean
91526,Caribbean,Rest Caribbean,Latin American,1.2353,3603.8492,378.5431,221.8828,Caribbean
91527,Caribbean,Rest Caribbean,Latin American,74.3086,1257.8869,149.7087,45.7376,Caribbean
91528,Caribbean,Rest Caribbean,Latin American,244.7269,1329.7320,16.5781,31.6603,Caribbean
91529,Caribbean,Rest Caribbean,Latin American,143.9189,1567.8730,38.2651,110.5106,Caribbean
91530,Caribbean,Rest Caribbean,Latin American,35.0874,1000.3395,10.4287,99.0789,Caribbean
91531,Caribbean,Rest Caribbean,Latin American,314.8301,1859.5040,33.2455,63.1140,Caribbean
91532,Caribbean,Rest Caribbean,Latin American,5.2550,985.9600,0.5740,109.2270,Caribbean
91533,Caribbean,Rest Caribbean,Latin American,33.8470,593.9161,51.1196,29.9097,Caribbean
91534,Caribbean,Rest Caribbean,Latin American,168.3571,851.6650,14.2069,23.1955,Caribbean
91535,Caribbean,Rest Caribbean,Latin American,75.5749,4230.9765,485.6461,212.7919,Caribbean
91536,Caribbean,Rest Caribbean,Latin American,294.3315,1524.3132,76.6698,9.1661,Caribbean
91537,Caribbean,Rest Caribbean,Latin American,8.1124,1113.7434,148.0798,50.6813,Caribbean
91538,Caribbean,Rest Caribbean,Latin American,138.0249,1650.7380,33.8780,116.1910,Caribbean
91539,Caribbean,Rest Caribbean,Latin American,43.1000,2072.8023,6.8009,219.4328,Caribbean
91540,Caribbean,Rest Caribbean,Latin American,204.4612,1233.2459,35.3261,37.5456,Caribbean
91541,Caribbean,Rest Caribbean,Latin American,13.7132,2484.8833,541.8236,14.0347,Caribbean
91542,Caribbean,Rest Caribbean,Latin American,384.2934,2079.4642,128.9548,8.7050,Caribbean
91543,Caribbean,Rest Caribbean,Latin American,521.5752,2712.8650,116.3551,22.3950,Caribbean
91544,Caribbean,Rest Caribbean,Latin American,39.3303,384.6875,3.8979,26.6457,Caribbean
91545,Caribbean,Rest Caribbean,Latin American,65.0023,354.3705,0.7544,12.8378,Caribbean
91546,Caribbean,Rest Caribbean,Latin American,51.2543,197.7012,2.7007,0.4974,Caribbean
91547,Caribbean,Rest Caribbean,Latin American,49.7241,2055.5499,166.8108,133.1250,Caribbean
91548,Caribbean,Rest Caribbean,Latin American,37.0755,247.1000,24.6395,1.5128,Caribbean
91549,Caribbean,Rest Caribbean,Latin American,90.1470,552.0414,6.7404,23.0307,Caribbean
91550,Caribbean,Rest Caribbean,Latin American,0.0640,0.2510,0.0104,0.0033,Caribbean
91551,Caribbean,Rest Caribbean,Latin American,22.5660,1000.2074,8.6995,103.9029,Caribbean
91552,Caribbean,Rest Caribbean,Latin American,587.0968,2678.4720,45.1629,45.1183,Caribbean
91553,Caribbean,Rest Caribbean,Latin American,54.6877,628.6225,7.6525,43.8018,Caribbean
91554,Caribbean,Rest Caribbean,Latin American,63.7746,854.1438,23.8316,61.3828,Caribbean
91555,Caribbean,Rest Caribbean,Latin American,141.8287,1851.5849,213.2033,48.0072,Caribbean
91556,Caribbean,Rest Caribbean,Latin American,0.0000,1207.3425,187.2271,45.5054,Caribbean
91557,Caribbean,Rest Caribbean,Latin American,1.4708,5.7730,0.2390,0.0750,Caribbean
91558,Caribbean,Rest Caribbean,Latin American,89.1885,9121.5696,952.4503,531.7091,Caribbean
91559,Caribbean,Rest Caribbean,Latin American,9.7867,4583.7670,327.5213,352.5228,Caribbean
91560,Caribbean,Rest Caribbean,Latin American,207.0956,2707.9355,150.4026,146.4001,Caribbean
91561,Caribbean,Rest Caribbean,Latin American,412.0895,1719.3000,9.8334,2.9934,Caribbean
91562,Caribbean,Rest Caribbean,Latin American,9.5453,112.3312,1.9015,0.1828,Caribbean
91563,Caribbean,Rest Caribbean,Latin American,55.3693,2288.7631,228.4866,136.3225,Caribbean
91564,Caribbean,Rest Caribbean,Latin American,308.2436,1843.5970,29.5191,62.2862,Caribbean
91565,Caribbean,Rest Caribbean,Latin American,197.0300,1060.2765,26.6050,18.5461,Caribbean
91566,Caribbean,Rest Caribbean,Latin American,29.5817,284.6572,18.5839,10.0441,Caribbean
91567,Caribbean,Rest Caribbean,Latin American,21.5021,88.0890,2.7762,0.3640,Caribbean
91568,Caribbean,Rest Caribbean,Latin American,2816.0943,837994.0576,52854.9633,66831.5701,Caribbean
91569,Caribbean,Rest Caribbean,Latin American,603.6306,3912.0018,126.3880,117.7840,Caribbean
91570,Caribbean,Rest Caribbean,Latin American,55.4079,1570.7074,23.0871,143.3814,Caribbean
91571,Caribbean,Rest Caribbean,Latin American,190.8778,2875.6755,218.7366,148.6623,Caribbean
91572,Caribbean,Rest Caribbean,Latin American,86.1768,2658.6957,53.0690,243.5778,Caribbean
91573,Caribbean,Rest Caribbean,Latin American,33.9162,719.2575,121.7661,10.2927,Caribbean
91574,Caribbean,Rest Caribbean,Latin American,101.7836,552.0380,12.5613,9.5113,Caribbean
91575,Caribbean,Rest Caribbean,Latin American,189.2470,954.8266,32.3781,5.6865,Caribbean
91576,Caribbean,Rest Caribbean,Latin American,113.1351,2443.7812,113.0650,180.5452,Caribbean
91577,Caribbean,Rest Caribbean,Latin American,63.0581,757.4859,64.2560,28.6110,Caribbean
91578,Caribbean,Rest Caribbean,Latin American,328.6584,1541.5715,51.5751,10.5482,Caribbean
91579,Caribbean,Rest Caribbean,Latin American,383.6388,1742.1540,28.2030,6.7308,Caribbean
91580,Caribbean,Rest Caribbean,Latin American,48.2384,198.6507,1.3493,0.4498,Caribbean
91581,Caribbean,Rest Caribbean,Latin American,7.7880,1084.4099,209.6349,24.4737,Caribbean
91582,Caribbean,Rest Caribbean,Latin American,35.0208,145.9200,3.0552,1.3680,Caribbean
91583,Caribbean,Rest Caribbean,Latin American,182.7466,2548.6277,162.4322,126.6549,Caribbean
91584,Caribbean,Rest Caribbean,Latin American,4029.2207,166574.8704,1704.2033,17229.5922,Caribbean
91585,Caribbean,Rest Caribbean,Latin American,424.2362,1717.1146,13.4854,3.9462,Caribbean
91586,Caribbean,Rest Caribbean,Latin American,272.2050,1562.9050,23.3657,57.2161,Caribbean
91587,Caribbean,Rest Caribbean,Latin American,45.2707,1725.9503,160.4644,103.9642,Caribbean
91588,Caribbean,Rest Caribbean,Latin American,375.4324,1944.7980,48.4389,27.5849,Caribbean
91589,Caribbean,Rest Caribbean,Latin American,34.9585,134.1607,1.3573,0.3016,Caribbean
91590,Caribbean,Rest Caribbean,Latin American,302.3940,1208.9700,0.0000,0.0000,Caribbean
91591,Caribbean,Rest Caribbean,Latin American,19.7507,151.4464,7.5173,7.3612,Caribbean
91592,Caribbean,Rest Caribbean,Latin American,391.2876,1960.9691,83.1230,12.7374,Caribbean
91593,Caribbean,Rest Caribbean,Latin American,101.8233,5592.5342,1097.9697,60.1668,Caribbean
91594,Caribbean,Rest Caribbean,Latin American,42.4864,543.4904,7.0898,42.1747,Caribbean
91595,Caribbean,Rest Caribbean,Latin American,444.4334,2367.0613,83.6288,46.8502,Caribbean
91596,Caribbean,Rest Caribbean,Latin American,80.7514,355.5265,7.3918,2.4770,Caribbean
91597,Caribbean,Rest Caribbean,Latin American,40.8958,9961.2220,2158.9069,67.3239,Caribbean
91598,Caribbean,Rest Caribbean,Latin American,19.7568,81.6465,0.3572,0.0000,Caribbean
91599,Caribbean,Rest Caribbean,Latin American,218.2743,1233.3118,9.1344,46.7346,Caribbean
91600,Caribbean,Rest Caribbean,Latin American,309.0519,3091.5282,24.7699,203.2142,Caribbean
91601,Caribbean,Rest Caribbean,Latin American,10.8118,1653.3078,359.6250,9.1761,Caribbean
91602,Caribbean,Rest Caribbean,Latin American,3.0995,16.4100,0.7113,0.3977,Caribbean
91603,Caribbean,Rest Caribbean,Latin American,18.7384,1592.2482,90.0906,129.7038,Caribbean
91604,Caribbean,Rest Caribbean,Latin American,638.5501,2529.4550,8.8379,2.6412,Caribbean
91605,Caribbean,Rest Caribbean,Latin American,168.8889,1542.5807,19.5947,92.6236,Caribbean
91606,Caribbean,Rest Caribbean,Latin American,70.6248,273.6000,0.0864,0.0000,Caribbean
91607,Caribbean,Rest Caribbean,Latin American,983.8579,5257.8197,196.0895,57.8226,Caribbean
91608,Caribbean,Rest Caribbean,Latin American,5.2020,8406.1528,1797.9391,80.5440,Caribbean
91609,Caribbean,Rest Caribbean,Latin American,152.5754,731.9600,10.8866,15.9726,Caribbean
91610,Caribbean,Rest Caribbean,Latin American,55.9554,224.6000,2.0094,0.5880,Caribbean
91611,Caribbean,Rest Caribbean,Latin American,81.2450,405.7813,6.9350,10.3611,Caribbean
91612,Caribbean,Rest Caribbean,Latin American,102.0283,4723.3240,21.1041,487.8749,Caribbean
91613,Caribbean,Rest Caribbean,Latin American,18.4959,102.5468,4.3676,3.3535,Caribbean
91614,Caribbean,Rest Caribbean,Latin American,664.0915,4165.1622,140.8900,113.0035,Caribbean
91615,Caribbean,Rest Caribbean,Latin American,2433.1496,13638.9448,442.8176,345.6141,Caribbean
91616,Caribbean,Rest Caribbean,Latin American,135.6206,623.0288,18.8250,1.9234,Caribbean
91617,Caribbean,Rest Caribbean,Latin American,136.6710,830.4120,19.5300,1.3250,Caribbean
91618,Caribbean,Rest Caribbean,Latin American,13.2189,186.3435,4.8340,11.1855,Caribbean
91619,Caribbean,Rest Caribbean,Latin American,9.4595,1488.8001,194.5938,76.1764,Caribbean
91620,Caribbean,Rest Caribbean,Latin American,2.5470,7.5625,0.1270,0.0212,Caribbean
91621,Caribbean,Rest Caribbean,Latin American,85.1238,334.3739,4.5168,1.3066,Caribbean
91622,Caribbean,Rest Caribbean,Latin American,436.1148,2164.0282,58.1773,39.8458,Caribbean
91623,Caribbean,Rest Caribbean,Latin American,233.5780,3896.1154,431.8697,141.0464,Caribbean
91624,Caribbean,Rest Caribbean,Latin American,39.4884,531.7900,5.6569,43.3693,Caribbean
91625,Caribbean,Rest Caribbean,Latin American,102.9712,875.9440,14.1040,44.7200,Caribbean
91626,Caribbean,Rest Caribbean,Latin American,89.6640,1315.6800,19.6000,101.9360,Caribbean
91627,Caribbean,Rest Caribbean,Latin American,69.0183,377.5714,11.1121,7.2274,Caribbean
91628,Caribbean,Rest Caribbean,Latin American,28.5749,209.7719,6.6079,0.4365,Caribbean
91629,Caribbean,Rest Caribbean,Latin American,1188.2869,9072.1487,122.8347,460.1297,Caribbean
91630,Caribbean,Rest Caribbean,Latin American,280.1689,1637.4280,30.9523,60.7952,Caribbean
91631,Caribbean,Rest Caribbean,Latin American,256.7128,1299.8600,55.6113,7.4139,Caribbean
91632,Caribbean,Rest Caribbean,Latin American,14.0009,56.8276,0.4552,0.1275,Caribbean
91633,Caribbean,Rest Caribbean,Latin American,124.8225,649.9130,12.1305,11.5803,Caribbean
91634,Caribbean,Rest Caribbean,Latin American,36.6191,790.9699,119.3006,17.4028,Caribbean
91635,Caribbean,Rest Caribbean,Latin American,16.7628,371.3078,40.4076,19.8960,Caribbean
91636,Caribbean,Rest Caribbean,Latin American,51.5968,10379.4274,223.5367,1032.9740,Caribbean
91637,Caribbean,Rest Caribbean,Latin American,2.4353,553.9225,102.6540,11.8089,Caribbean
91638,Caribbean,Rest Caribbean,Latin American,6.2822,286.0320,8.2068,27.1758,Caribbean
91639,Caribbean,Rest Caribbean,Latin American,320.4301,2009.6050,46.7295,61.4244,Caribbean
91640,Caribbean,Rest Caribbean,Latin American,18.6967,1703.7813,363.1419,10.4404,Caribbean
91641,Caribbean,Rest Caribbean,Latin American,75.1536,293.2825,1.4800,0.6482,Caribbean
91642,Caribbean,Rest Caribbean,Latin American,103.3547,533.6450,13.7773,12.3048,Caribbean
91643,Caribbean,Rest Caribbean,Latin American,81.5442,802.0321,1.4693,54.3550,Caribbean
91644,Caribbean,Rest Caribbean,Latin American,912.8505,4480.6700,11.7120,107.1680,Caribbean
91645,Caribbean,Rest Caribbean,Latin American,32.1104,371.0550,15.0426,21.8040,Caribbean
91646,Caribbean,Rest Caribbean,Latin American,115.5885,808.7214,14.8530,18.1057,Caribbean
91647,Caribbean,Rest Caribbean,Latin American,87.6310,2002.8356,220.4789,91.4847,Caribbean
91648,Caribbean,Rest Caribbean,Latin American,0.0000,143.5830,2.8050,0.0708,Caribbean
91649,Caribbean,Rest Caribbean,Latin American,27.5743,1559.9120,1.8907,162.5302,Caribbean
91650,Caribbean,Rest Caribbean,Latin American,44.8253,1639.4796,19.4581,166.7995,Caribbean
91651,Caribbean,Rest Caribbean,Latin American,141.1265,666.8560,17.4761,6.3646,Caribbean
91652,Caribbean,Rest Caribbean,Latin American,642.7832,2907.4087,97.9414,3.5013,Caribbean
91653,Caribbean,Rest Caribbean,Latin American,8.5847,767.2961,136.6725,18.3387,Caribbean
91654,Caribbean,Rest Caribbean,Latin American,21.8295,1040.3945,2.1082,108.3658,Caribbean
91655,Caribbean,Rest Caribbean,Latin American,404.1556,1680.6000,14.3880,0.2244,Caribbean
91656,Caribbean,Rest Caribbean,Latin American,292.1644,162652.8902,207.0765,18169.8142,Caribbean
91657,Caribbean,Rest Caribbean,Latin American,26.6702,155.6599,11.5346,0.3952,Caribbean
91658,Caribbean,Rest Caribbean,Latin American,96.6230,416.6248,10.6643,3.3758,Caribbean
91659,Caribbean,Rest Caribbean,Latin American,228.4600,1538.8500,16.1028,64.8648,Caribbean
91660,Caribbean,Rest Caribbean,Latin American,8.2677,824.7438,46.3117,69.3703,Caribbean
91661,Caribbean,Rest Caribbean,Latin American,68.9964,284.2560,1.9619,2.4116,Caribbean
91662,Caribbean,Rest Caribbean,Latin American,46.5570,652.9398,5.5466,51.9042,Caribbean
91663,Caribbean,Rest Caribbean,Latin American,33.1548,1156.3926,97.2937,73.3898,Caribbean
91664,Caribbean,Rest Caribbean,Latin American,175.0575,1174.8660,36.0044,39.4067,Caribbean
91665,Caribbean,Rest Caribbean,Latin American,23.9152,290.5039,23.3576,0.7881,Caribbean
91666,Caribbean,Rest Caribbean,Latin American,204.9017,2108.3526,159.2131,74.3349,Caribbean
91667,Caribbean,Rest Caribbean,Latin American,84.3514,697.2058,24.5937,1.2526,Caribbean
91668,Caribbean,Rest Caribbean,Latin American,638.7849,9161.3931,595.9043,467.9274,Caribbean
91669,Caribbean,Rest Caribbean,Latin American,5068.2623,81712.3245,4120.4640,5010.7417,Caribbean
91670,Caribbean,Rest Caribbean,Latin American,228.3324,2107.7920,9.3080,139.5612,Caribbean
91671,Caribbean,Rest Caribbean,Latin American,52.4376,1360.3605,80.7208,90.9871,Caribbean
91672,Caribbean,Rest Caribbean,Latin American,33.2734,1040.6640,90.4492,59.2482,Caribbean
91673,Caribbean,Rest Caribbean,Latin American,54.6712,825.0000,14.3500,66.9440,Caribbean
91674,Caribbean,Rest Caribbean,Latin American,154.4931,779.2869,19.7546,18.7002,Caribbean
91675,Caribbean,Rest Caribbean,Latin American,160.7829,3107.7960,125.7770,220.5712,Caribbean
91676,Caribbean,Rest Caribbean,Latin American,0.8119,255.4888,12.6107,22.2481,Caribbean
91677,Caribbean,Rest Caribbean,Latin American,33.3843,325.4750,15.8933,16.4326,Caribbean
91678,Caribbean,Rest Caribbean,Latin American,20.1644,78.1125,0.3268,0.1329,Caribbean
91679,Caribbean,Rest Caribbean,Latin American,394.9241,2413.2182,173.9366,20.6984,Caribbean
91680,Caribbean,Rest Caribbean,Latin American,92.8526,1158.5473,103.9373,42.9430,Caribbean
91681,Caribbean,Rest Caribbean,Latin American,239.5879,1494.2760,58.3972,31.2793,Caribbean
91682,Caribbean,Rest Caribbean,Latin American,,,,,Caribbean
91683,Caribbean,Rest Caribbean,Latin American,254.1462,984.5882,2.3676,0.3832,Caribbean
91684,Caribbean,Rest Caribbean,Latin American,57.0831,218.3800,2.3270,0.6623,Caribbean
91685,Caribbean,Rest Caribbean,Latin American,351.7654,1637.6077,35.1868,23.4137,Caribbean
91686,Caribbean,Rest Caribbean,Latin American,130.0934,1361.2024,179.9367,28.6512,Caribbean
91687,Caribbean,Rest Caribbean,Latin American,25.2665,178.6900,5.4323,7.7353,Caribbean
91688,Caribbean,Rest Caribbean,Latin American,142.9273,5121.7529,115.2809,455.2919,Caribbean
91689,Caribbean,Rest Caribbean,Latin American,34.2403,1419.0539,8.9723,140.9021,Caribbean
91690,Caribbean,Rest Caribbean,Latin American,21.0064,217.8422,0.6159,0.2372,Caribbean
91691,Caribbean,Rest Caribbean,Latin American,68.9515,441.0808,14.0353,16.0258,Caribbean
91692,Caribbean,Rest Caribbean,Latin American,135.6206,623.0288,18.8250,1.9234,Caribbean
91693,Caribbean,Rest Caribbean,Latin American,150.0282,903.9600,30.0348,20.9952,Caribbean
91694,Caribbean,Rest Caribbean,Latin American,392.0341,4276.6548,195.1764,210.6596,Caribbean
91695,Caribbean,Rest Caribbean,Latin American,16.7582,346.5878,10.8751,28.9800,Caribbean
91696,Caribbean,Rest Caribbean,Latin American,69.5802,3155.3199,188.1456,241.6263,Caribbean
91697,Caribbean,Rest Caribbean,Latin American,126.3469,529.9478,6.2890,0.8754,Caribbean
91698,Caribbean,Rest Caribbean,Latin American,20.6200,140.3157,6.0097,0.3004,Caribbean
91699,Caribbean,Rest Caribbean,Latin American,31.8396,685.2808,21.4206,57.6132,Caribbean
91700,Caribbean,Rest Caribbean,Latin American,18.2360,69.9125,0.8085,0.3982,Caribbean
91701,Caribbean,Rest Caribbean,Latin American,24.7418,1187.7355,106.8952,66.0845,Caribbean
91702,Caribbean,Rest Caribbean,Latin American,246.0185,1817.6401,75.0275,67.1306,Caribbean
91703,Caribbean,Rest Caribbean,Latin American,436.8868,3241.3729,12.8882,162.3806,Caribbean
91704,Caribbean,Rest Caribbean,Latin American,19.5408,484.5240,5.5710,46.6774,Caribbean
91705,Caribbean,Rest Caribbean,Latin American,48.9344,190.7412,2.3355,0.7418,Caribbean
91706,Caribbean,Rest Caribbean,Latin American,264.8501,3194.9556,427.4855,42.0035,Caribbean
91707,Caribbean,Rest Caribbean,Latin American,15.1831,1126.6764,194.0431,34.0280,Caribbean
91708,Caribbean,Rest Caribbean,Latin American,23.8184,102.6838,3.4088,1.6522,Caribbean
91709,Caribbean,Rest Caribbean,Latin American,34.0664,2277.0977,215.2893,136.0840,Caribbean
91710,Caribbean,Rest Caribbean,Latin American,13.0699,75.2125,3.4377,3.3868,Caribbean
91711,Caribbean,Rest Caribbean,Latin American,209.8746,1185.3782,35.7940,26.7894,Caribbean
91712,Caribbean,Rest Caribbean,Latin American,169.3408,2009.2365,196.3836,63.4777,Caribbean
91713,Caribbean,Rest Caribbean,Latin American,69.6777,478.6641,28.0418,11.9255,Caribbean
91714,Caribbean,Rest Caribbean,Latin American,10.3942,929.8302,184.9493,12.1562,Caribbean
91715,Caribbean,Rest Caribbean,Latin American,11.0389,755.1350,152.7404,7.0987,Caribbean
91716,Caribbean,Rest Caribbean,Latin American,85.3962,538.5238,2.9916,0.9075,Caribbean
91717,Caribbean,Rest Caribbean,Latin American,430.3489,3016.5141,200.6710,64.0170,Caribbean
91718,Caribbean,Rest Caribbean,Latin American,174.6252,827.6400,19.2888,8.4132,Caribbean
91719,Caribbean,Rest Caribbean,Latin American,14.9110,60.4520,0.2760,0.0358,Caribbean
91720,Caribbean,Rest Caribbean,Latin American,41.1509,420.1945,20.9988,19.1211,Caribbean
91721,Caribbean,Rest Caribbean,Latin American,76.4230,8916.4510,249.7081,847.5163,Caribbean
91722,Caribbean,Rest Caribbean,Latin American,14.2816,468.4731,91.9999,3.5155,Caribbean
91723,Caribbean,Rest Caribbean,Latin American,13.7724,55.0620,0.0000,0.0000,Caribbean
91724,Caribbean,Rest Caribbean,Latin American,418.4320,4403.9445,48.9367,288.7279,Caribbean
91725,Caribbean,Rest Caribbean,Latin American,8.1165,3840.4439,156.7562,358.3751,Caribbean
91726,Caribbean,Rest Caribbean,Latin American,88.5616,1071.8104,66.4647,52.1424,Caribbean
91727,Caribbean,Rest Caribbean,Latin American,32.3034,384.9510,5.1424,29.9027,Caribbean
91728,Caribbean,Rest Caribbean,Latin American,87.3469,377.8163,14.5716,3.1177,Caribbean
91729,Caribbean,Rest Caribbean,Latin American,37.4387,188.4040,7.5560,7.0856,Caribbean
91730,Caribbean,Rest Caribbean,Latin American,1.8408,6.9908,0.2331,0.0221,Caribbean
91731,Caribbean,Rest Caribbean,Latin American,417.8194,3247.1424,206.2081,89.8604,Caribbean
91732,Caribbean,Rest Caribbean,Latin American,156.7404,1164.1750,23.0950,55.9826,Caribbean
91733,Caribbean,Rest Caribbean,Latin American,9.3921,104.7796,10.6419,1.2321,Caribbean
91734,Caribbean,Rest Caribbean,Latin American,16.7020,350.3274,10.7325,28.8150,Caribbean
91735,Caribbean,Rest Caribbean,Latin American,468.6568,4518.0592,50.3946,287.1364,Caribbean
91736,Caribbean,Rest Caribbean,Latin American,83.8143,1554.8160,7.1741,138.8519,Caribbean
91737,Caribbean,Rest Caribbean,Latin American,18.1910,1091.2034,184.0417,32.4048,Caribbean
91738,Caribbean,Rest Caribbean,Latin American,103.8494,1830.2501,218.6247,60.1855,Caribbean
91739,Caribbean,Rest Caribbean,Latin American,6.6197,77.0818,11.3816,0.3003,Caribbean
91740,Caribbean,Rest Caribbean,Latin American,41.3080,2464.8865,37.0507,246.8942,Caribbean
91741,Caribbean,Rest Caribbean,Latin American,158.4850,925.8278,23.4077,29.4369,Caribbean
91742,Caribbean,Rest Caribbean,Latin American,15.0733,66.0802,3.3232,0.5555,Caribbean
91743,Caribbean,Rest Caribbean,Latin American,30.2950,462.6000,12.2300,36.2270,Caribbean
91744,Caribbean,Rest Caribbean,Latin American,228.0710,4418.5712,57.5719,391.3581,Caribbean
91745,Caribbean,Rest Caribbean,Latin American,22.7080,1290.8449,149.9013,63.8899,Caribbean
91746,Caribbean,Rest Caribbean,Latin American,128.6930,702.8583,48.3857,2.0775,Caribbean
91747,Caribbean,Rest Caribbean,Latin American,38.3314,393.0247,1.8728,30.7756,Caribbean
91748,Caribbean,Rest Caribbean,Latin American,57.5257,236.9530,1.9309,0.6183,Caribbean
91749,Caribbean,Rest Caribbean,Latin American,20.6446,499.7017,7.1593,45.2073,Caribbean
91750,Caribbean,Rest Caribbean,Latin American,17.2284,394.3698,48.5401,15.5133,Caribbean
91751,Caribbean,Rest Caribbean,Latin American,61.3974,769.9720,16.8942,59.6244,Caribbean
91752,Caribbean,Rest Caribbean,Latin American,343.8476,2345.3286,33.4234,104.5905,Caribbean
91753,Caribbean,Rest Caribbean,Latin American,265.4826,1803.3375,40.1519,78.6149,Caribbean
91754,Caribbean,Rest Caribbean,Latin American,6.0870,127.6870,1.0614,11.4505,Caribbean
91755,Caribbean,Rest Caribbean,Latin American,514.4831,5146.5442,29.0183,350.6124,Caribbean
91756,Caribbean,Rest Caribbean,Latin American,898.2600,6353.9635,65.2607,314.8283,Caribbean
91757,Caribbean,Rest Caribbean,Latin American,18.4223,80.6890,2.4412,1.1762,Caribbean
91758,Caribbean,Rest Caribbean,Latin American,640.4340,7762.6816,349.3290,434.9272,Caribbean
91759,Caribbean,Rest Caribbean,Latin American,84.4431,589.4512,12.1571,28.6455,Caribbean
91760,Caribbean,Rest Caribbean,Latin American,36.2352,157.0808,6.8400,0.7965,Caribbean
91761,Caribbean,Rest Caribbean,Latin American,10.7949,1880.9110,97.7255,159.9921,Caribbean
91762,Caribbean,Rest Caribbean,Latin American,79.3146,1479.6662,100.0034,88.3724,Caribbean
91763,Caribbean,Rest Caribbean,Latin American,21.7858,699.7482,114.9820,17.2217,Caribbean
91764,Caribbean,Rest Caribbean,Latin American,27.5448,129.0365,4.2075,0.1062,Caribbean
91765,Caribbean,Rest Caribbean,Latin American,90.8399,1974.9703,195.7647,91.4012,Caribbean
91766,Caribbean,Rest Caribbean,Latin American,4.2283,25.8187,1.2304,0.8458,Caribbean
91767,Caribbean,Rest Caribbean,Latin American,75.0542,7971.4400,9.7697,887.5649,Caribbean
91768,Caribbean,Rest Caribbean,Latin American,16.7845,780.1845,13.4236,74.8594,Caribbean
91769,Caribbean,Rest Caribbean,Latin American,41.3304,178.6033,3.2958,1.3132,Caribbean
91770,Caribbean,Rest Caribbean,Latin American,68.2352,1495.2412,34.9288,131.9518,Caribbean
91771,Caribbean,Rest Caribbean,Latin American,342.8663,2586.7233,40.7783,125.0424,Caribbean
91772,Caribbean,Rest Caribbean,Latin American,201.5960,805.9800,0.0000,0.0000,Caribbean
91773,Caribbean,Rest Caribbean,Latin American,4.2006,16.3229,0.1360,0.0383,Caribbean
91774,Caribbean,Rest Caribbean,Latin American,111.1281,3582.7177,112.7682,296.0897,Caribbean
91775,Caribbean,Rest Caribbean,Latin American,78.6982,566.4040,7.4261,28.8478,Caribbean
91776,Caribbean,Rest Caribbean,Latin American,12.2465,648.7676,94.4841,23.7239,Caribbean
91777,Caribbean,Rest Caribbean,Latin American,5.1773,257.0780,1.3091,27.6073,Caribbean
91778,Caribbean,Rest Caribbean,Latin American,63.4128,1613.5497,155.9342,79.8760,Caribbean
91779,Caribbean,Rest Caribbean,Latin American,41.7285,676.7252,105.7525,8.2504,Caribbean
91780,Caribbean,Rest Caribbean,Latin American,135.0676,1601.1265,157.9214,42.6421,Caribbean
91781,Caribbean,Rest Caribbean,Latin American,54.4628,2296.1640,268.4471,109.6888,Caribbean
91782,Caribbean,Rest Caribbean,Latin American,104.3195,1414.0511,184.7498,28.7316,Caribbean
91783,Caribbean,Rest Caribbean,Latin American,1.9333,3258.3613,380.9619,181.5270,Caribbean
91784,Caribbean,Rest Caribbean,Latin American,53.1719,1283.9466,24.0781,118.3935,Caribbean
91785,Caribbean,Rest Caribbean,Latin American,638.9805,5778.8640,45.2206,360.6644,Caribbean
91786,Caribbean,Rest Caribbean,Latin American,0.7030,883.0384,135.4521,33.4811,Caribbean
91787,Caribbean,Rest Caribbean,Latin American,128.5258,1296.9700,86.4780,51.2173,Caribbean
91788,Caribbean,Rest Caribbean,Latin American,27.3937,2127.6093,123.5264,174.0780,Caribbean
91789,Caribbean,Rest Caribbean,Latin American,60.1228,243.4000,4.6634,1.6217,Caribbean
91790,Caribbean,Rest Caribbean,Latin American,107.9177,708.8220,13.2456,29.8516,Caribbean
91791,Caribbean,Rest Caribbean,Latin American,268.5802,3190.4119,209.2638,146.7634,Caribbean
91792,Caribbean,Rest Caribbean,Latin American,321.7126,2670.9451,186.8621,77.7579,Caribbean
91793,Caribbean,Rest Caribbean,Latin American,16153.4720,410457.4000,80.9360,39087.4960,Caribbean
91794,Caribbean,Rest Caribbean,Latin American,341.1012,1831.1350,111.6305,8.3842,Caribbean
91795,Caribbean,Rest Caribbean,Latin American,22.2909,714.1068,140.4670,3.7685,Caribbean
91796,Caribbean,Rest Caribbean,Latin American,37.4093,152.4892,2.5044,0.8022,Caribbean
91797,Caribbean,Rest Caribbean,Latin American,50.2049,4565.5750,94.4377,446.6018,Caribbean
91798,Caribbean,Rest Caribbean,Latin American,401.4603,2011.9327,27.4093,47.8222,Caribbean
91799,Caribbean,Rest Caribbean,Latin American,30.6580,2111.5360,75.5418,188.0375,Caribbean
91800,Caribbean,Rest Caribbean,Latin American,32.3323,395.7445,5.4702,28.4624,Caribbean
91801,Caribbean,Rest Caribbean,Latin American,0.0000,3818.8800,0.0000,432.0000,Caribbean
91802,Caribbean,Rest Caribbean,Latin American,4.6032,366.7259,23.5406,28.8047,Caribbean
91803,Caribbean,Rest Caribbean,Latin American,202.6204,1654.1618,167.6032,20.6292,Caribbean
91804,Caribbean,Rest Caribbean,Latin American,167.0990,1975.1655,178.1983,57.7607,Caribbean
91805,Caribbean,Rest Caribbean,Latin American,313.4412,1387.2033,26.3670,3.5126,Caribbean
91806,Caribbean,Rest Caribbean,Latin American,43.2706,1419.2288,13.7823,143.0471,Caribbean
91807,Caribbean,Rest Caribbean,Latin American,69.0760,1320.1512,28.1586,116.1049,Caribbean
91808,Caribbean,Rest Caribbean,Latin American,94.7114,1480.9190,186.2075,38.3795,Caribbean
91809,Caribbean,Rest Caribbean,Latin American,253.2576,2671.2118,44.9241,184.2161,Caribbean
91810,Caribbean,Rest Caribbean,Latin American,79.2589,1437.2553,117.9509,73.6746,Caribbean
91811,Caribbean,Rest Caribbean,Latin American,478.9560,3408.6930,66.9882,143.9094,Caribbean
91812,Caribbean,Rest Caribbean,Latin American,3605.8592,780771.5950,40219.3212,67346.0940,Caribbean
91813,Caribbean,Rest Caribbean,Latin American,90.7358,1148.8305,25.6349,80.2853,Caribbean
91814,Caribbean,Rest Caribbean,Latin American,23.7697,432.5100,45.7199,16.6810,Caribbean
91815,Caribbean,Rest Caribbean,Latin American,0.0000,196.4620,0.0000,0.0000,Caribbean
91816,Caribbean,Rest Caribbean,Latin American,9.8652,880.0121,46.9644,73.4784,Caribbean
91817,Caribbean,Rest Caribbean,Latin American,799.5891,6148.6907,83.1147,307.6003,Caribbean
91818,Caribbean,Rest Caribbean,Latin American,784.6027,4127.7100,14.4775,119.3705,Caribbean
91819,Caribbean,Rest Caribbean,Latin American,364.4939,4162.0346,73.2441,287.3630,Caribbean
91820,Caribbean,Rest Caribbean,Latin American,257.8795,1358.9560,20.5670,34.8001,Caribbean
91821,Caribbean,Rest Caribbean,Latin American,6.5773,385.9375,1.4091,40.6687,Caribbean
91822,Caribbean,Rest Caribbean,Latin American,106.5004,24439.1117,534.7791,2433.6735,Caribbean
91823,Caribbean,Rest Caribbean,Latin American,65.8657,518.2020,9.2583,28.5711,Caribbean
91824,Caribbean,Rest Caribbean,Latin American,430.4073,4460.0739,127.7637,247.8626,Caribbean
91825,Caribbean,Rest Caribbean,Latin American,3.5238,120.4200,16.8240,3.9876,Caribbean
91826,Caribbean,Rest Caribbean,Latin American,103.0284,680.0300,12.5523,29.4657,Caribbean
91827,Caribbean,Rest Caribbean,Latin American,37.9880,3468.6578,290.7824,243.3537,Caribbean
91828,Caribbean,Rest Caribbean,Latin American,59.9911,1159.4761,167.0321,28.4310,Caribbean
91829,Caribbean,Rest Caribbean,Latin American,3612.0735,15048.7812,371.7635,84.0856,Caribbean
91830,Caribbean,Rest Caribbean,Latin American,32.8344,1798.7497,273.3373,58.3302,Caribbean
91831,Caribbean,Rest Caribbean,Latin American,0.0000,50.4333,11.2200,0.2833,Caribbean
91832,Caribbean,Rest Caribbean,Latin American,23.0456,502.5445,20.1495,41.0887,Caribbean
91833,Caribbean,Rest Caribbean,Latin American,179.1814,2121.0293,43.9361,138.6465,Caribbean
91834,Caribbean,Rest Caribbean,Latin American,288.8096,1879.1740,94.6409,45.1485,Caribbean
91835,Caribbean,Rest Caribbean,Latin American,2.3870,57.5207,11.3391,0.3031,Caribbean
91836,Caribbean,Rest Caribbean,Latin American,69.6006,304.2435,4.6961,4.1703,Caribbean
91837,Caribbean,Rest Caribbean,Latin American,15.7140,745.4676,100.4462,31.0667,Caribbean
91838,Caribbean,Rest Caribbean,Latin American,87.4591,443.5435,13.9313,10.6965,Caribbean
91839,Caribbean,Rest Caribbean,Latin American,69.3833,1595.4140,141.1576,82.4475,Caribbean
91840,Caribbean,Rest Caribbean,Latin American,343.8107,1878.4988,97.2602,9.1215,Caribbean
91841,Caribbean,Rest Caribbean,Latin American,9.3494,1601.2075,189.7563,86.7998,Caribbean
91842,Caribbean,Rest Caribbean,Latin American,92.8663,685.0560,17.6718,28.9014,Caribbean
91843,Caribbean,Rest Caribbean,Latin American,54.5505,16467.0292,363.5358,1646.1420,Caribbean
91844,Caribbean,Rest Caribbean,Latin American,372.0214,2259.6679,135.0990,33.3138,Caribbean
91845,Caribbean,Rest Caribbean,Latin American,229.1228,1641.5136,8.2399,85.7811,Caribbean
91846,Caribbean,Rest Caribbean,Latin American,42.6888,977.1071,182.3227,5.5572,Caribbean
91847,Caribbean,Rest Caribbean,Latin American,30.5222,124.9300,2.7012,0.8552,Caribbean
91848,Caribbean,Rest Caribbean,Latin American,86.0002,1621.2406,221.5595,41.1879,Caribbean
91849,Caribbean,Rest Caribbean,Latin American,133.6116,651.0600,7.9386,16.7262,Caribbean
91850,Caribbean,Rest Caribbean,Latin American,338.5197,2014.6400,32.5488,64.7748,Caribbean
91851,Caribbean,Rest Caribbean,Latin American,120.5276,909.8000,21.9813,43.7266,Caribbean
91852,Caribbean,Rest Caribbean,Latin American,18.0748,108.5500,2.2208,0.3034,Caribbean
91853,Caribbean,Rest Caribbean,Latin American,131.9978,2103.5339,167.0983,97.7039,Caribbean
91854,Caribbean,Rest Caribbean,Latin American,182.7353,716.1300,5.7118,1.7522,Caribbean
91855,Caribbean,Rest Caribbean,Latin American,143.7546,1179.0237,49.6137,46.3589,Caribbean
91856,Caribbean,Rest Caribbean,Latin American,14.6740,604.8275,13.1712,55.7340,Caribbean
91857,Caribbean,Rest Caribbean,Latin American,44.3494,544.1838,0.1127,42.1103,Caribbean
91858,Caribbean,Rest Caribbean,Latin American,14.0100,3382.4525,424.8265,169.1127,Caribbean
91859,Caribbean,Rest Caribbean,Latin American,60.3303,3644.1892,389.6528,196.5394,Caribbean
91860,Caribbean,Rest Caribbean,Latin American,30.2912,537.6811,11.1007,40.9094,Caribbean
91861,Caribbean,Rest Caribbean,Latin American,176.3740,1536.1117,111.2720,45.5443,Caribbean
91862,Caribbean,Rest Caribbean,Latin American,57.9015,3402.6496,381.3965,182.4284,Caribbean
91863,Caribbean,Rest Caribbean,Latin American,13.9410,301.1983,47.1033,6.1143,Caribbean
91864,Caribbean,Rest Caribbean,Latin American,137.2038,678.4300,10.3583,16.3256,Caribbean
91865,Caribbean,Rest Caribbean,Latin American,27.3458,424.4235,71.4861,2.3451,Caribbean
91866,Caribbean,Rest Caribbean,Latin American,707.2049,3455.5370,108.4181,21.8329,Caribbean
91867,Caribbean,Rest Caribbean,Latin American,20.8476,764.2676,94.3115,32.9055,Caribbean
91868,Caribbean,Rest Caribbean,Latin American,7.3600,150.1380,0.8215,13.6196,Caribbean
91869,Caribbean,Rest Caribbean,Latin American,23.6080,296.2408,2.7604,22.9719,Caribbean
91870,Caribbean,Rest Caribbean,Latin American,92.8760,2229.3800,56.5020,190.6120,Caribbean
91871,Caribbean,Rest Caribbean,Latin American,222.9917,1554.2600,35.5618,55.6146,Caribbean
91872,Caribbean,Rest Caribbean,Latin American,95.6937,1355.6821,93.9242,77.1495,Caribbean
91873,Caribbean,Rest Caribbean,Latin American,147.4986,2703.2951,130.8831,176.6247,Caribbean
91874,Caribbean,Rest Caribbean,Latin American,186.4290,1333.9771,27.9726,55.9879,Caribbean
91875,Caribbean,Rest Caribbean,Latin American,59.2850,1873.3340,39.7045,177.0512,Caribbean
91876,Caribbean,Rest Caribbean,Latin American,163.9919,1487.9385,47.2230,89.7195,Caribbean
91877,Caribbean,Rest Caribbean,Latin American,60.0366,237.9760,3.4592,0.4416,Caribbean
91878,Caribbean,Rest Caribbean,Latin American,389.3427,2460.8500,40.2912,81.6153,Caribbean
91879,Caribbean,Rest Caribbean,Latin American,34.2207,492.0410,4.2442,41.5923,Caribbean
91880,Caribbean,Rest Caribbean,Latin American,196.4190,774.9550,8.3642,1.9266,Caribbean
91881,Caribbean,Rest Caribbean,Latin American,56.2088,324.5816,14.5663,9.6507,Caribbean
91882,Caribbean,Rest Caribbean,Latin American,110.8639,1101.6011,11.7032,71.3530,Caribbean
91883,Caribbean,Rest Caribbean,Latin American,19.8323,169.3471,14.2816,3.2503,Caribbean
91884,Caribbean,Rest Caribbean,Latin American,10.7657,179.3000,2.1677,14.9010,Caribbean
91885,Caribbean,Rest Caribbean,Latin American,375.5778,3340.6662,126.6768,165.7120,Caribbean
91886,Caribbean,Rest Caribbean,Latin American,160.2125,2034.7448,139.3616,92.2563,Caribbean
91887,Caribbean,Rest Caribbean,Latin American,177.4281,1526.0360,44.5717,71.9780,Caribbean
91888,Caribbean,Rest Caribbean,Latin American,4.2090,63.8533,11.4335,0.4297,Caribbean
91889,Caribbean,Rest Caribbean,Latin American,3.7705,427.4107,32.0009,25.5962,Caribbean
91890,Caribbean,Rest Caribbean,Latin American,742.0133,4433.1364,46.9037,158.7656,Caribbean
91891,Caribbean,Rest Caribbean,Latin American,133.4834,673.1276,25.8669,7.1010,Caribbean
91892,Caribbean,Rest Caribbean,Latin American,32.8460,541.3818,4.6888,47.6384,Caribbean
91893,Caribbean,Rest Caribbean,Latin American,42.7810,574.3005,53.0325,23.3255,Caribbean
91894,Caribbean,Rest Caribbean,Latin American,30.0556,270.0165,15.7490,10.4956,Caribbean
91895,Caribbean,Rest Caribbean,Latin American,307.0990,1722.9145,41.6962,35.8220,Caribbean
91896,Caribbean,Rest Caribbean,Latin American,56.5988,964.6944,9.7892,86.2244,Caribbean
91897,Caribbean,Rest Caribbean,Latin American,426.4682,3272.3780,47.1232,161.8544,Caribbean
91898,Caribbean,Rest Caribbean,Latin American,25.2341,684.5747,17.5267,58.4197,Caribbean
91899,Caribbean,Rest Caribbean,Latin American,28.9016,697.7940,108.9592,14.2943,Caribbean
91900,Caribbean,Rest Caribbean,Latin American,17.6291,1154.0889,147.0624,54.0477,Caribbean
91901,Caribbean,Rest Caribbean,Latin American,299.7517,2831.1345,138.1554,136.2916,Caribbean
91902,Caribbean,Rest Caribbean,Latin American,374.3362,2089.9953,98.7321,25.6664,Caribbean
91903,Caribbean,Rest Caribbean,Latin American,178.7009,1125.5600,67.9170,18.6657,Caribbean
91904,Caribbean,Rest Caribbean,Latin American,198.4798,1966.4430,56.1233,111.2629,Caribbean
91905,Caribbean,Rest Caribbean,Latin American,139.1118,5036.9023,411.4854,301.5817,Caribbean
91906,Caribbean,Rest Caribbean,Latin American,12.1840,283.2000,2.6640,26.7920,Caribbean
91907,Caribbean,Rest Caribbean,Latin American,14.1372,222.7492,2.3796,10.5398,Caribbean
91908,Caribbean,Rest Caribbean,Latin American,40.0018,196.3942,3.2706,5.4801,Caribbean
91909,Caribbean,Rest Caribbean,Latin American,491.9895,2804.8682,67.0196,68.5098,Caribbean
91910,Caribbean,Rest Caribbean,Latin American,28.4001,446.2640,12.5411,35.5100,Caribbean
91911,Caribbean,Rest Caribbean,Latin American,65.4616,16267.3400,372.2690,1611.1970,Caribbean
91912,Caribbean,Rest Caribbean,Latin American,205.3365,865.3832,12.2951,3.2042,Caribbean
91913,Caribbean,Rest Caribbean,Latin American,315.9710,1755.4106,114.2423,9.2300,Caribbean
91914,Caribbean,Rest Caribbean,Latin American,314.9365,1262.0958,5.5458,2.2173,Caribbean
91915,Caribbean,Rest Caribbean,Latin American,121.7365,3016.6660,74.6233,267.5305,Caribbean
91916,Caribbean,Rest Caribbean,Latin American,104.9689,4525.9118,384.7894,279.6542,Caribbean
91917,Caribbean,Rest Caribbean,Latin American,485.8784,4485.8100,101.8183,249.7184,Caribbean
91918,Caribbean,Rest Caribbean,Latin American,106.0082,1044.2414,23.6691,61.5255,Caribbean
91919,Caribbean,Rest Caribbean,Latin American,,,,,Caribbean
91920,Caribbean,Rest Caribbean,Latin American,210.2574,824.0740,9.5545,3.0865,Caribbean
91921,Caribbean,Rest Caribbean,Latin American,174.6252,827.6400,19.2888,8.4132,Caribbean
91922,Caribbean,Rest Caribbean,Latin American,70.3408,1263.1280,11.7373,110.1600,Caribbean
91923,Caribbean,Rest Caribbean,Latin American,4.6267,96.2392,2.9567,0.1388,Caribbean
91924,Caribbean,Rest Caribbean,Latin American,3.9992,19.7620,1.0516,0.6841,Caribbean
91925,Caribbean,Rest Caribbean,Latin American,62.8045,959.3362,50.4894,58.5617,Caribbean
91926,Caribbean,Rest Caribbean,Latin American,224.7820,8449.8271,420.9586,636.4894,Caribbean
91927,Caribbean,Rest Caribbean,Latin American,3.7254,853.5540,1.6105,92.8976,Caribbean
91928,Caribbean,Rest Caribbean,Latin American,127.4734,715.1087,20.1460,20.4386,Caribbean
91929,Caribbean,Rest Caribbean,Latin American,236.3475,1952.6258,43.9991,101.9903,Caribbean
91930,Caribbean,Rest Caribbean,Latin American,148.3367,580.4125,8.4613,1.9731,Caribbean
91931,Caribbean,Rest Caribbean,Latin American,36.4005,2132.2437,102.5105,176.8967,Caribbean
91932,Caribbean,Rest Caribbean,Latin American,10.2358,51.6700,0.5082,0.0847,Caribbean
91933,Caribbean,Rest Caribbean,Latin American,408.1557,1588.2731,2.4329,3.4333,Caribbean
91934,Caribbean,Rest Caribbean,Latin American,247.7729,1653.0140,51.8659,58.7955,Caribbean
91935,Caribbean,Rest Caribbean,Latin American,26.0462,268.2365,7.4882,15.1844,Caribbean
91936,Caribbean,Rest Caribbean,Latin American,364.8137,1667.5208,42.7321,12.8152,Caribbean
91937,Caribbean,Rest Caribbean,Latin American,33.2773,385.0104,5.3912,28.6277,Caribbean
91938,Caribbean,Rest Caribbean,Latin American,39.6067,3455.2115,255.7019,247.2827,Caribbean
91939,Caribbean,Rest Caribbean,Latin American,180.4131,1917.7200,52.2396,121.3733,Caribbean
91940,Caribbean,Rest Caribbean,Latin American,220.3882,1216.3006,69.5161,10.8580,Caribbean
91941,Caribbean,Rest Caribbean,Latin American,78.8608,1000.0798,109.0783,24.9403,Caribbean
91942,Caribbean,Rest Caribbean,Latin American,9.2970,658.7338,75.3431,34.5533,Caribbean
91943,Caribbean,Rest Caribbean,Latin American,693.1442,3544.0046,58.5947,67.1011,Caribbean
91944,Caribbean,Rest Caribbean,Latin American,867.9047,5199.4601,35.3802,228.0698,Caribbean
91945,Caribbean,Rest Caribbean,Latin American,175.2395,1178.6008,68.5093,26.2666,Caribbean
91946,Caribbean,Rest Caribbean,Latin American,23.5913,97.4627,3.4239,1.3099,Caribbean
91947,Caribbean,Rest Caribbean,Latin American,211.3311,936.0603,22.1178,1.8216,Caribbean
91948,Caribbean,Rest Caribbean,Latin American,26.9413,117.8093,3.2512,1.2755,Caribbean
91949,Caribbean,Rest Caribbean,Latin American,24.1659,2324.7550,46.4654,228.0974,Caribbean
91950,Caribbean,Rest Caribbean,Latin American,20.0027,106.6000,3.3367,1.6640,Caribbean
91951,Caribbean,Rest Caribbean,Latin American,71.2243,409.3837,5.0689,15.3086,Caribbean
91952,Caribbean,Rest Caribbean,Latin American,24.3680,566.4000,5.3280,53.5840,Caribbean
91953,Caribbean,Rest Caribbean,Latin American,288.9948,1893.6430,22.1511,75.5111,Caribbean
91954,Caribbean,Rest Caribbean,Latin American,24.0317,225.6455,9.6396,10.1732,Caribbean
91955,Caribbean,Rest Caribbean,Latin American,253.5426,1449.4050,85.0718,14.7143,Caribbean
91956,Caribbean,Rest Caribbean,Latin American,169.0026,3596.0300,440.1822,120.1348,Caribbean
91957,Caribbean,Rest Caribbean,Latin American,28.9835,122.0500,1.3180,0.3980,Caribbean
91958,Caribbean,Rest Caribbean,Latin American,30.7421,326.0567,43.5733,2.8342,Caribbean
91959,Caribbean,Rest Caribbean,Latin American,62.8990,562.9410,8.8686,35.5630,Caribbean
91960,Caribbean,Rest Caribbean,Latin American,131.3710,3933.1775,96.0976,351.0778,Caribbean
91961,Caribbean,Rest Caribbean,Latin American,51.0633,1309.8413,192.8257,33.0739,Caribbean
91962,Caribbean,Rest Caribbean,Latin American,31.2725,601.0310,40.7855,34.5199,Caribbean
91963,Caribbean,Rest Caribbean,Latin American,203.4357,1052.6622,29.6560,15.2974,Caribbean
91964,Caribbean,Rest Caribbean,Latin American,187.8179,2756.1709,23.6045,230.2957,Caribbean
91965,Caribbean,Rest Caribbean,Latin American,352.9109,3886.4169,224.4854,178.7663,Caribbean
91966,Caribbean,Rest Caribbean,Latin American,26.9576,830.9024,105.1022,35.3278,Caribbean
91967,Caribbean,Rest Caribbean,Latin American,1575.1606,6276.7050,64.3779,43.4433,Caribbean
91968,Caribbean,Rest Caribbean,Latin American,227.1800,3006.5508,249.0274,136.1017,Caribbean
91969,Caribbean,Rest Caribbean,Latin American,207.9974,1378.2600,31.8672,45.8412,Caribbean
91970,Caribbean,Rest Caribbean,Latin American,8.5215,67.6446,7.4756,0.2697,Caribbean
91971,Caribbean,Rest Caribbean,Latin American,187.4809,740.9908,9.2357,3.4491,Caribbean
91972,Caribbean,Rest Caribbean,Latin American,15.2968,306.3528,24.9095,17.1908,Caribbean
91973,Caribbean,Rest Caribbean,Latin American,,,,,Caribbean
91974,Caribbean,Rest Caribbean,Latin American,279.8288,1932.6638,40.7360,75.9660,Caribbean
91975,Caribbean,Rest Caribbean,Latin American,688.4910,3585.7500,61.6105,63.1425,Caribbean
91976,Caribbean,Rest Caribbean,Latin American,279.0503,1735.7660,62.4165,50.8482,Caribbean
91977,Caribbean,Rest Caribbean,Latin American,220.5662,1352.6974,52.6796,32.4429,Caribbean
91978,Caribbean,Rest Caribbean,Latin American,406.8165,2688.4090,33.5937,102.3165,Caribbean
91979,Caribbean,Rest Caribbean,Latin American,822.7725,4259.3805,59.8078,90.5639,Caribbean
91980,Caribbean,Rest Caribbean,Latin American,57.0590,2119.3172,66.8185,197.8568,Caribbean
91981,Caribbean,Rest Caribbean,Latin American,472.7932,2407.9306,127.6536,8.7902,Caribbean
91982,Caribbean,Rest Caribbean,Latin American,151.1970,604.4850,0.0000,0.0000,Caribbean
91983,Caribbean,Rest Caribbean,Latin American,158.9216,938.6441,18.6513,27.8942,Caribbean
91984,Caribbean,Rest Caribbean,Latin American,24.5794,1357.5967,125.1456,83.4694,Caribbean
91985,Caribbean,Rest Caribbean,Latin American,13.6887,5032.4446,819.9966,164.0886,Caribbean
91986,Caribbean,Rest Caribbean,Latin American,126.7428,9190.3158,802.8899,584.0690,Caribbean
91987,Caribbean,Rest Caribbean,Latin American,892.6981,6684.0248,32.9907,343.1556,Caribbean
91988,Caribbean,Rest Caribbean,Latin American,229.0033,1374.1975,19.2215,47.9733,Caribbean
91989,Caribbean,Rest Caribbean,Latin American,321.8007,2118.3400,70.2327,61.2582,Caribbean
91990,Caribbean,Rest Caribbean,Latin American,157.3291,877.9250,50.4754,9.3128,Caribbean
91991,Caribbean,Rest Caribbean,Latin American,464.7273,4654.9005,65.8990,294.7670,Caribbean
91992,Caribbean,Rest Caribbean,Latin American,1138.1694,5653.5875,235.4705,21.9986,Caribbean
91993,Caribbean,Rest Caribbean,Latin American,19.0920,281.6240,9.1360,11.3217,Caribbean
91994,Caribbean,Rest Caribbean,Latin American,525.7249,2558.7844,97.0347,7.3485,Caribbean
91995,Caribbean,Rest Caribbean,Latin American,183.3612,729.7558,6.5897,2.9000,Caribbean
91996,Caribbean,Rest Caribbean,Latin American,1047.9433,4810.0784,121.7901,42.6174,Caribbean
91997,Caribbean,Rest Caribbean,Latin American,14.8593,295.5281,1.0821,27.2516,Caribbean
91998,Caribbean,Rest Caribbean,Latin American,120.9990,1720.9254,41.2836,130.7258,Caribbean
91999,Caribbean,Rest Caribbean,Latin American,36.9054,162.5846,4.4914,2.4160,Caribbean
92000,Caribbean,Rest Caribbean,Latin American,211.3256,1951.1270,34.8010,125.1089,Caribbean
92001,Caribbean,Rest Caribbean,Latin American,,,,,Caribbean
92002,Caribbean,Rest Caribbean,Latin American,42.0244,619.8166,13.0599,47.0878,Caribbean
92003,Caribbean,Rest Caribbean,Latin American,83.9588,345.6642,2.3508,0.4818,Caribbean
92004,Caribbean,Rest Caribbean,Latin American,11.4713,519.6465,0.8611,54.1630,Caribbean
92005,Caribbean,Rest Caribbean,Latin American,22.8877,5439.7156,424.1937,396.1364,Caribbean
92006,Caribbean,Rest Caribbean,Latin American,115.6214,464.9058,11.1818,1.8160,Caribbean
92007,Caribbean,Rest Caribbean,Latin American,35.4037,278.1904,5.4519,14.4264,Caribbean
92008,Caribbean,Rest Caribbean,Latin American,193.3553,1492.7111,108.6608,33.2280,Caribbean
92009,Caribbean,Rest Caribbean,Latin American,24.9293,99.6302,1.3636,0.6288,Caribbean
92010,Caribbean,Rest Caribbean,Latin American,25.6111,102.0283,0.0486,0.0132,Caribbean
92011,Caribbean,Rest Caribbean,Latin American,114.3768,3087.5235,85.2877,259.2747,Caribbean
92012,Caribbean,Rest Caribbean,Latin American,322.1121,1633.6949,31.0138,26.0825,Caribbean
92013,Caribbean,Rest Caribbean,Latin American,37.1170,1471.3039,191.8214,58.5479,Caribbean
92014,Caribbean,Rest Caribbean,Latin American,158.6195,657.5962,8.5241,4.4144,Caribbean
92015,Caribbean,Rest Caribbean,Latin American,250.3613,3823.5633,212.3281,223.0040,Caribbean
92016,Caribbean,Rest Caribbean,Latin American,2.9513,14.1550,0.9444,0.2736,Caribbean
92017,Caribbean,Rest Caribbean,Latin American,15.5907,675.7348,125.2276,9.3474,Caribbean
92018,Caribbean,Rest Caribbean,Latin American,33.9441,431.5553,18.1645,27.8823,Caribbean
92019,Caribbean,Rest Caribbean,Latin American,69.1271,2427.9320,57.6247,229.8984,Caribbean
92020,Caribbean,Rest Caribbean,Latin American,7.7685,121.4668,4.6689,2.6321,Caribbean
92021,Caribbean,Rest Caribbean,Latin American,323.7833,1723.8550,25.8465,35.9388,Caribbean
92022,Caribbean,Rest Caribbean,Latin American,36.7070,431.4565,10.7770,28.9868,Caribbean
92023,Caribbean,Rest Caribbean,Latin American,220.1236,3657.4279,174.6361,232.8208,Caribbean
92024,Caribbean,Rest Caribbean,Latin American,53.0250,204.1168,4.5359,0.4536,Caribbean
92025,Caribbean,Rest Caribbean,Latin American,343.1405,2539.4513,140.8375,64.5451,Caribbean
92026,Caribbean,Rest Caribbean,Latin American,181.5786,796.8946,13.3170,2.4842,Caribbean
92027,Caribbean,Rest Caribbean,Latin American,446.6318,3441.8524,45.2636,172.0188,Caribbean
92028,Caribbean,Rest Caribbean,Latin American,38.4597,778.7380,9.6748,69.5484,Caribbean
92029,Caribbean,Rest Caribbean,Latin American,22.3614,2159.7535,120.5863,174.5901,Caribbean
92030,Caribbean,Rest Caribbean,Latin American,9.1824,191.6318,5.4407,10.0058,Caribbean
92031,Caribbean,Rest Caribbean,Latin American,85.3311,902.5157,103.7904,18.0946,Caribbean
92032,Caribbean,Rest Caribbean,Latin American,607.4249,3058.8940,44.8355,46.2591,Caribbean
92033,Caribbean,Rest Caribbean,Latin American,12.8796,176.4335,10.2469,10.2706,Caribbean
92034,Caribbean,Rest Caribbean,Latin American,106.5256,750.4813,61.3994,11.8973,Caribbean
92035,Caribbean,Rest Caribbean,Latin American,32.8631,1727.2008,238.8966,70.9407,Caribbean
92036,Caribbean,Rest Caribbean,Latin American,120.6477,2359.2303,199.6975,124.7473,Caribbean
92037,Caribbean,Rest Caribbean,Latin American,22.2169,87.7170,0.3419,0.1222,Caribbean
92038,Caribbean,Rest Caribbean,Latin American,256.3398,1276.0105,17.7413,29.1190,Caribbean
92039,Caribbean,Rest Caribbean,Latin American,7.2972,55.2672,5.8141,0.2097,Caribbean
92040,Caribbean,Rest Caribbean,Latin American,64.1565,2149.7707,372.5163,38.8853,Caribbean
92041,Caribbean,Rest Caribbean,Latin American,62.9407,1133.4611,13.1399,100.1939,Caribbean
92042,Caribbean,Rest Caribbean,Latin American,115.0802,5928.5921,340.3847,463.5807,Caribbean
92043,Caribbean,Rest Caribbean,Latin American,22.1619,122.2585,5.5724,5.0208,Caribbean
92044,Caribbean,Rest Caribbean,Latin American,295.3469,1660.0993,43.6276,33.0122,Caribbean
92045,Caribbean,Rest Caribbean,Latin American,0.0000,445.0000,99.0000,2.5000,Caribbean
92046,Caribbean,Rest Caribbean,Latin American,431.3354,2175.9768,29.4693,51.6596,Caribbean
92047,Caribbean,Rest Caribbean,Latin American,66.4359,392.7598,6.1044,14.6720,Caribbean
92048,Caribbean,Rest Caribbean,Latin American,32.3019,135.4500,0.9277,0.5791,Caribbean
92049,Caribbean,Rest Caribbean,Latin American,19.5650,851.4000,143.8870,19.3200,Caribbean
92050,Caribbean,Rest Caribbean,Latin American,198.2850,2015.9612,25.8159,131.4931,Caribbean
92051,Caribbean,Rest Caribbean,Latin American,164.5248,1957.3540,44.4500,146.0500,Caribbean
92052,Caribbean,Rest Caribbean,Latin American,560.0702,2841.8620,45.8320,45.9943,Caribbean
92053,Caribbean,Rest Caribbean,Latin American,10.0090,122.4447,1.9160,9.3527,Caribbean
92054,Caribbean,Rest Caribbean,Latin American,558.2856,3859.4950,74.4532,161.4362,Caribbean
92055,Caribbean,Rest Caribbean,Latin American,8.0786,37.4486,1.4902,0.4539,Caribbean
92056,Caribbean,Rest Caribbean,Latin American,15.9197,1078.9311,51.5281,90.7586,Caribbean
92057,Caribbean,Rest Caribbean,Latin American,79.7714,329.4150,2.9520,1.5990,Caribbean
92058,Caribbean,Rest Caribbean,Latin American,179.0010,1335.0100,18.0975,66.0945,Caribbean
92059,Caribbean,Rest Caribbean,Latin American,267.5799,3080.3715,160.6356,153.8591,Caribbean
92060,Caribbean,Rest Caribbean,Latin American,23.2780,477.1821,7.3385,41.7116,Caribbean
92061,Caribbean,Rest Caribbean,Latin American,13.2404,55.9380,1.8258,0.7178,Caribbean
92062,Caribbean,Rest Caribbean,Latin American,18.7770,3450.6217,382.8683,195.6749,Caribbean
92063,Caribbean,Puerto Rican,Latin American,4.2800,751.5753,79.5193,45.0180,Caribbean
92064,Caribbean,Puerto Rican,Latin American,92.7713,2334.7164,302.2621,80.0784,Caribbean
92065,Caribbean,Puerto Rican,Latin American,430.2114,2650.1707,82.3472,73.9630,Caribbean
92066,Caribbean,Puerto Rican,Latin American,184.7023,1056.5335,71.7468,8.2752,Caribbean
92067,Caribbean,Puerto Rican,Latin American,232.1666,1650.6945,56.3825,57.1460,Caribbean
92068,Caribbean,Puerto Rican,Latin American,25.1129,5433.1238,26.6924,581.7743,Caribbean
92069,Caribbean,Puerto Rican,Latin American,0.5872,3.6800,0.3408,0.0832,Caribbean
92070,Caribbean,Puerto Rican,Latin American,351.6106,3145.4858,60.6529,177.5150,Caribbean
92071,Caribbean,Puerto Rican,Latin American,507.2350,6968.5866,384.5268,381.5776,Caribbean
92072,Caribbean,Puerto Rican,Latin American,245.9941,2989.1600,22.1504,228.8960,Caribbean
92073,Caribbean,Puerto Rican,Latin American,566.4323,2854.4793,39.3327,50.9375,Caribbean
92074,Caribbean,Puerto Rican,Latin American,2.2227,50.1900,0.0000,0.0000,Caribbean
92075,Caribbean,Puerto Rican,Latin American,348.0650,1820.4000,5.7240,53.5840,Caribbean
92076,Caribbean,Puerto Rican,Latin American,355.1429,2983.3112,51.0102,158.9792,Caribbean
92077,Caribbean,Puerto Rican,Latin American,44.9246,2039.1845,21.3064,210.5717,Caribbean
92078,Caribbean,Puerto Rican,Latin American,269.0423,1541.3322,54.7870,28.3093,Caribbean
92079,Caribbean,Puerto Rican,Latin American,26.0100,3966.5571,1.7674,436.5043,Caribbean
92080,Caribbean,Puerto Rican,Latin American,37.8383,150.6283,2.7135,0.9062,Caribbean
92081,Caribbean,Puerto Rican,Latin American,87.6976,1305.1327,26.2450,98.4506,Caribbean
92082,Caribbean,Puerto Rican,Latin American,19.2131,561.2277,41.1079,37.5479,Caribbean
92083,Caribbean,Puerto Rican,Latin American,234.4640,2715.5600,46.4920,185.6200,Caribbean
92084,Caribbean,Puerto Rican,Latin American,599.1896,4339.3560,69.4290,187.0686,Caribbean
92085,Caribbean,Puerto Rican,Latin American,89.7308,1444.9768,19.4550,122.8132,Caribbean
92086,Caribbean,Puerto Rican,Latin American,421.9924,2585.1442,127.9816,48.9653,Caribbean
92087,Caribbean,Puerto Rican,Latin American,96.6216,557.6270,15.1057,12.1388,Caribbean
92088,Caribbean,Puerto Rican,Latin American,425.4765,2756.4426,113.4082,73.2147,Caribbean
92089,Caribbean,Puerto Rican,Latin American,88.8323,2363.9692,86.9273,184.2370,Caribbean
92090,Caribbean,Puerto Rican,Latin American,31.2145,752.8867,4.6491,42.1738,Caribbean
92091,Caribbean,Puerto Rican,Latin American,95.5911,1467.4425,27.2355,111.4420,Caribbean
92092,Caribbean,Puerto Rican,Latin American,56.5337,1439.0234,19.8752,125.2898,Caribbean
92093,Caribbean,Puerto Rican,Latin American,575.6714,3049.1263,147.4587,21.9284,Caribbean
92094,Caribbean,Puerto Rican,Latin American,94.4191,1177.3072,14.8376,86.3941,Caribbean
92095,Caribbean,Puerto Rican,Latin American,168.5150,866.0000,12.9855,23.0850,Caribbean
92096,Caribbean,Puerto Rican,Latin American,14.6869,66.4553,3.2689,0.7709,Caribbean
92097,Caribbean,Puerto Rican,Latin American,413.1820,2368.0240,46.3163,54.2867,Caribbean
92098,Caribbean,Puerto Rican,Latin American,41.4949,1997.4527,293.6541,71.2087,Caribbean
92099,Caribbean,Puerto Rican,Latin American,14.1892,118.3800,3.4168,5.7066,Caribbean
92100,Caribbean,Puerto Rican,Latin American,450.8231,2258.8650,78.1551,10.3959,Caribbean
92101,Caribbean,Puerto Rican,Latin American,80.3676,7247.3070,639.5517,467.5029,Caribbean
92102,Caribbean,Puerto Rican,Latin American,471.1651,2428.9998,95.2442,17.2094,Caribbean
92103,Caribbean,Puerto Rican,Latin American,573.0835,3022.7364,111.7202,31.5232,Caribbean
92104,Caribbean,Puerto Rican,Latin American,49.4340,198.0000,2.7060,1.2540,Caribbean
92105,Caribbean,Puerto Rican,Latin American,22.3656,773.5343,101.2454,29.1930,Caribbean
92106,Caribbean,Puerto Rican,Latin American,11.2515,603.9637,95.4904,16.9387,Caribbean
92107,Caribbean,Puerto Rican,Latin American,210.2939,3255.1900,32.0742,261.6259,Caribbean
92108,Caribbean,Puerto Rican,Latin American,212.9580,854.1450,0.6175,0.1235,Caribbean
92109,Caribbean,Puerto Rican,Latin American,353.5576,7411.8390,483.6723,438.6285,Caribbean
92110,Caribbean,Puerto Rican,Latin American,56.8211,567.7590,15.5777,32.0938,Caribbean
92111,Caribbean,Puerto Rican,Latin American,112.5440,639.1467,9.8933,18.1920,Caribbean
92112,Caribbean,Puerto Rican,Latin American,269.6775,3337.1316,24.8873,257.3766,Caribbean
92113,Caribbean,Puerto Rican,Latin American,179.8821,834.2825,20.1286,11.6371,Caribbean
92114,Caribbean,Puerto Rican,Latin American,1.1483,265.4460,0.3185,27.0814,Caribbean
92115,Caribbean,Puerto Rican,Latin American,343.3438,1348.0235,6.3503,1.3608,Caribbean
92116,Caribbean,Puerto Rican,Latin American,173.3126,2146.3221,126.0447,104.5328,Caribbean
92117,Caribbean,Puerto Rican,Latin American,28.2392,269.3842,11.8419,12.1869,Caribbean
92118,Caribbean,Puerto Rican,Latin American,230.4046,2729.3117,35.8360,187.1350,Caribbean
92119,Caribbean,Puerto Rican,Latin American,112.1666,499.5108,11.0905,5.4977,Caribbean
92120,Caribbean,Puerto Rican,Latin American,24.4831,512.3555,94.1399,3.0273,Caribbean
92121,Caribbean,Puerto Rican,Latin American,426.3664,2161.8200,74.0023,13.4291,Caribbean
92122,Caribbean,Puerto Rican,Latin American,127.5886,968.6625,10.2682,55.0735,Caribbean
92123,Caribbean,Puerto Rican,Latin American,569.8448,2974.2687,117.9909,24.2638,Caribbean
92124,Caribbean,Puerto Rican,Latin American,29.1642,561.8418,57.3530,24.1704,Caribbean
92125,Caribbean,Puerto Rican,Latin American,19.8056,995.4498,99.4605,55.9569,Caribbean
92126,Caribbean,Puerto Rican,Latin American,13.6363,54.1672,1.1503,0.2399,Caribbean
92127,Caribbean,Puerto Rican,Latin American,22.8008,141.6915,6.3377,6.1595,Caribbean
92128,Caribbean,Puerto Rican,Latin American,385.7020,1928.4931,69.3570,9.7850,Caribbean
92129,Caribbean,Puerto Rican,Latin American,389.0085,2303.4109,91.1736,42.4692,Caribbean
92130,Caribbean,Puerto Rican,Latin American,96.4957,682.5797,10.9983,30.2791,Caribbean
92131,Caribbean,Puerto Rican,Latin American,,,,,Caribbean
92132,Caribbean,Puerto Rican,Latin American,79.7359,1211.1344,188.7805,10.4347,Caribbean
92133,Caribbean,Puerto Rican,Latin American,13.5709,4349.0946,544.3601,222.5182,Caribbean
92134,Caribbean,Puerto Rican,Latin American,66.4899,3275.6978,194.6633,247.2863,Caribbean
92135,Caribbean,Puerto Rican,Latin American,2.0089,961.3877,0.1830,108.0481,Caribbean
92136,Caribbean,Puerto Rican,Latin American,507.5448,2679.6094,95.9310,27.5038,Caribbean
92137,Caribbean,Puerto Rican,Latin American,88.7350,4437.8873,42.6526,421.3040,Caribbean
92138,Caribbean,Puerto Rican,Latin American,253.0357,7144.7994,64.0593,688.5976,Caribbean
92139,Caribbean,Puerto Rican,Latin American,147.9776,962.0229,63.1792,17.3923,Caribbean
92140,Caribbean,Puerto Rican,Latin American,796.6365,4555.3297,182.9546,77.7809,Caribbean
92141,Caribbean,Puerto Rican,Latin American,654.5343,9576.4460,601.0464,542.1898,Caribbean
92142,Caribbean,Puerto Rican,Latin American,1.7584,735.7257,135.1720,17.4352,Caribbean
92143,Caribbean,Puerto Rican,Latin American,285.2535,2719.4718,276.6388,52.6123,Caribbean
92144,Caribbean,Puerto Rican,Latin American,6.5964,1017.4520,1.0459,109.3427,Caribbean
92145,Caribbean,Puerto Rican,Latin American,152.2140,598.5000,7.6110,2.7390,Caribbean
92146,Caribbean,Puerto Rican,Latin American,10.4718,107.5890,1.1213,7.2763,Caribbean
92147,Caribbean,Puerto Rican,Latin American,26.3794,613.9334,86.2530,16.6104,Caribbean
92148,Caribbean,Puerto Rican,Latin American,197.5880,4315.6747,552.1176,139.5474,Caribbean
92149,Caribbean,Puerto Rican,Latin American,54.1260,12423.2650,273.4044,1234.7772,Caribbean
92150,Caribbean,Puerto Rican,Latin American,45.6888,2830.5518,98.4822,248.1057,Caribbean
92151,Caribbean,Puerto Rican,Latin American,9.7086,1242.7424,222.9351,34.0044,Caribbean
92152,Caribbean,Puerto Rican,Latin American,448.3266,2863.1102,43.8884,113.4441,Caribbean
92153,Caribbean,Puerto Rican,Latin American,630.8390,4542.2238,39.6383,215.7096,Caribbean
92154,Caribbean,Puerto Rican,Latin American,19.0630,1927.4716,236.7568,95.1065,Caribbean
92155,Caribbean,Puerto Rican,Latin American,0.0000,2004.8761,0.0000,226.7959,Caribbean
92156,Caribbean,Puerto Rican,Latin American,480.7008,2775.5479,107.7762,48.6655,Caribbean
92157,Caribbean,Puerto Rican,Latin American,22.2653,1197.1822,39.6424,109.5586,Caribbean
92158,Caribbean,Puerto Rican,Latin American,77.3333,3248.6414,158.0331,259.3236,Caribbean
92159,Caribbean,Puerto Rican,Latin American,117.7621,1257.9772,133.2781,28.3609,Caribbean
92160,Caribbean,Puerto Rican,Latin American,298.8462,2039.9500,67.9380,60.7750,Caribbean
92161,Caribbean,Puerto Rican,Latin American,25.6603,957.7070,53.4807,72.1827,Caribbean
92162,Caribbean,Puerto Rican,Latin American,53.3666,4185.9200,93.3817,401.5138,Caribbean
92163,Caribbean,Puerto Rican,Latin American,221.4597,1409.0350,70.2950,31.3258,Caribbean
92164,Caribbean,Puerto Rican,Latin American,203.0124,1286.7979,73.0566,23.6071,Caribbean
92165,Caribbean,Puerto Rican,Latin American,520.9305,2575.5740,96.9951,11.1352,Caribbean
92166,Caribbean,Puerto Rican,Latin American,13.2936,1575.3841,196.7276,78.5029,Caribbean
92167,Caribbean,Puerto Rican,Latin American,1077.0680,5461.4684,13.6577,132.9909,Caribbean
92168,Caribbean,Puerto Rican,Latin American,23.7413,109.9460,3.7365,1.8930,Caribbean
92169,Caribbean,Puerto Rican,Latin American,422.1902,2563.8537,200.1204,12.8739,Caribbean
92170,Caribbean,Puerto Rican,Latin American,296.6446,1604.3796,114.0910,1.7507,Caribbean
92171,Caribbean,Puerto Rican,Latin American,422.5938,2348.5683,140.4521,16.6809,Caribbean
92172,Caribbean,Puerto Rican,Latin American,148.0954,1509.5310,119.1218,55.4664,Caribbean
92173,Caribbean,Puerto Rican,Latin American,148.1896,5306.3633,156.5404,452.6731,Caribbean
92174,Caribbean,Puerto Rican,Latin American,701.2192,5000.7171,336.7064,91.4796,Caribbean
92175,Caribbean,Puerto Rican,Latin American,158.2035,885.7200,26.3886,18.5379,Caribbean
92176,Caribbean,Puerto Rican,Latin American,111.7680,446.7875,4.5951,1.7991,Caribbean
92177,Caribbean,Puerto Rican,Latin American,47.1253,2185.7459,23.2267,228.5763,Caribbean
92178,Caribbean,Puerto Rican,Latin American,0.0000,1017.4540,88.0877,71.2424,Caribbean
92179,Caribbean,Puerto Rican,Latin American,262.0335,1209.5405,24.4437,5.0720,Caribbean
92180,Caribbean,Puerto Rican,Latin American,68.7985,1687.7593,21.5802,149.4229,Caribbean
92181,Caribbean,Puerto Rican,Latin American,203.4104,2124.5110,20.3351,149.1070,Caribbean
92182,Caribbean,Puerto Rican,Latin American,641.4795,5659.9216,201.9872,247.0245,Caribbean
92183,Caribbean,Puerto Rican,Latin American,2.7770,967.2360,0.5342,108.0420,Caribbean
92184,Caribbean,Puerto Rican,Latin American,89.6416,485.8237,8.0113,15.8571,Caribbean
92185,Caribbean,Puerto Rican,Latin American,35.0241,154.8045,6.2910,1.7834,Caribbean
92186,Caribbean,Puerto Rican,Latin American,120.0097,1419.9024,34.9475,78.8661,Caribbean
92187,Caribbean,Puerto Rican,Latin American,4.1352,5148.3244,869.0833,158.2704,Caribbean
92188,Caribbean,Puerto Rican,Latin American,,,,,Caribbean
92189,Caribbean,Puerto Rican,Latin American,139.3450,509.3550,0.4270,0.6338,Caribbean
92190,Caribbean,Puerto Rican,Latin American,360.4474,13693.2000,312.1024,1216.4452,Caribbean
92191,Caribbean,Puerto Rican,Latin American,13.8346,57.8330,0.4649,0.0907,Caribbean
92192,Caribbean,Puerto Rican,Latin American,498.7336,3022.1862,16.3597,99.3477,Caribbean
92193,Caribbean,Puerto Rican,Latin American,133.7656,512.7333,0.6776,0.1129,Caribbean
92194,Caribbean,Puerto Rican,Latin American,19.0286,432.5960,3.0476,41.4854,Caribbean
92195,Caribbean,Puerto Rican,Latin American,0.9121,94.4603,5.6355,0.1502,Caribbean
92196,Caribbean,Puerto Rican,Latin American,7.0417,6042.5012,1023.7744,182.0188,Caribbean
92197,Caribbean,Puerto Rican,Latin American,11.1988,343.5992,5.8139,27.6343,Caribbean
92198,Caribbean,Puerto Rican,Latin American,,,,,Caribbean
92199,Caribbean,Puerto Rican,Latin American,28.7826,8261.3289,198.6072,817.2422,Caribbean
92200,Caribbean,Puerto Rican,Latin American,114.1662,1366.0954,125.5129,46.9300,Caribbean
92201,Caribbean,Puerto Rican,Latin American,10.1828,2416.1063,111.4768,211.8665,Caribbean
92202,Caribbean,Puerto Rican,Latin American,18.6971,2642.1123,94.4946,253.6765,Caribbean
92203,Caribbean,Puerto Rican,Latin American,225.2135,2158.2947,47.9352,122.4217,Caribbean
92204,Caribbean,Puerto Rican,Latin American,1.9107,718.8226,98.3685,32.8363,Caribbean
92205,Caribbean,Puerto Rican,Latin American,95.7854,393.4507,8.0840,2.2742,Caribbean
92206,Caribbean,Puerto Rican,Latin American,43.8620,2014.9925,21.3014,210.5667,Caribbean
92207,Caribbean,Puerto Rican,Latin American,56.0460,2298.1925,23.9654,237.3587,Caribbean
92208,Caribbean,Puerto Rican,Latin American,483.6088,3337.1244,18.7047,169.7895,Caribbean
92209,Caribbean,Puerto Rican,Latin American,0.0000,2878.6732,510.9078,77.0668,Caribbean
92210,Caribbean,Puerto Rican,Latin American,16.9971,74.3960,2.8539,0.4441,Caribbean
92211,Caribbean,Puerto Rican,Latin American,178.8158,1431.5948,41.9134,62.0423,Caribbean
92212,Caribbean,Puerto Rican,Latin American,153.4299,703.2599,25.6895,7.2083,Caribbean
92213,Caribbean,Puerto Rican,Latin American,89.4804,4119.3808,42.7013,421.4734,Caribbean
92214,Caribbean,Puerto Rican,Latin American,20.4653,839.6822,8.2424,85.7836,Caribbean
92215,Caribbean,Puerto Rican,Latin American,0.7824,1865.3006,216.1482,104.5241,Caribbean
92216,Caribbean,Puerto Rican,Latin American,153.5766,958.8420,16.3444,31.5295,Caribbean
92217,Caribbean,Puerto Rican,Latin American,2.8030,965.5565,0.3895,108.1659,Caribbean
92218,Caribbean,Puerto Rican,Latin American,1.0391,88.1250,0.4379,9.4833,Caribbean
92219,Caribbean,Puerto Rican,Latin American,5.8967,116.2185,6.0069,0.2551,Caribbean
92220,Caribbean,Puerto Rican,Latin American,478.6543,6544.7205,351.4857,366.8885,Caribbean
92221,Caribbean,Puerto Rican,Latin American,60.0080,521.5333,54.8900,6.1253,Caribbean
92222,Caribbean,Puerto Rican,Latin American,907.5155,6079.4995,141.0860,222.0316,Caribbean
92223,Caribbean,Puerto Rican,Latin American,0.0000,477.3600,0.0000,54.0000,Caribbean
92224,Caribbean,Puerto Rican,Latin American,238.1035,2971.7305,50.7739,227.9578,Caribbean
92225,Caribbean,Puerto Rican,Latin American,210.7607,1727.3100,36.1829,85.5205,Caribbean
92226,Caribbean,Puerto Rican,Latin American,70.6499,648.5254,15.2738,40.2977,Caribbean
92227,Caribbean,Puerto Rican,Latin American,32.3787,159.7520,7.3217,3.5207,Caribbean
92228,Caribbean,Puerto Rican,Latin American,12.4031,292.1440,1.5701,20.5777,Caribbean
92229,Caribbean,Puerto Rican,Latin American,8.8731,1036.9902,105.9230,66.8353,Caribbean
92230,Caribbean,Puerto Rican,Latin American,8.4966,7784.7541,1177.4282,306.8970,Caribbean
92231,Caribbean,Puerto Rican,Latin American,31.5929,1481.9552,150.2357,80.7922,Caribbean
92232,Caribbean,Puerto Rican,Latin American,302.4985,2421.6756,152.0075,71.7066,Caribbean
92233,Caribbean,Puerto Rican,Latin American,282.8280,1388.4138,29.5460,14.1832,Caribbean
92234,Caribbean,Puerto Rican,Latin American,328.0226,1283.4888,4.2854,1.0343,Caribbean
92235,Caribbean,Puerto Rican,Latin American,345.5044,2201.6520,165.9935,23.5489,Caribbean
92236,Caribbean,Puerto Rican,Latin American,510.9339,2837.8874,103.3837,41.2082,Caribbean
92237,Caribbean,Puerto Rican,Latin American,505.2065,3738.4580,92.8123,157.5008,Caribbean
92238,Caribbean,Puerto Rican,Latin American,4.6654,432.9677,35.7448,28.5908,Caribbean
92239,Caribbean,Puerto Rican,Latin American,42.5749,1880.1804,27.2659,189.6107,Caribbean
92240,Caribbean,Puerto Rican,Latin American,112.0392,1497.0880,37.9512,102.9352,Caribbean
92241,Caribbean,Cuban,Latin American,152.6638,1764.7438,49.3192,113.0326,Caribbean
92242,Caribbean,Cuban,Latin American,35.9734,694.6250,63.0083,33.4471,Caribbean
92243,Caribbean,Cuban,Latin American,629.3965,4341.2232,208.0334,120.8827,Caribbean
92244,Caribbean,Cuban,Latin American,20.6267,784.3279,12.0641,75.6129,Caribbean
92245,Caribbean,Cuban,Latin American,123.7832,1072.1007,0.5976,0.4992,Caribbean
92246,Caribbean,Cuban,Latin American,107.0508,957.3545,11.1295,56.7326,Caribbean
92247,Caribbean,Cuban,Latin American,328.6492,2166.7143,148.9640,34.2284,Caribbean
92248,Caribbean,Cuban,Latin American,122.5715,2498.1987,362.0639,55.9218,Caribbean
92249,Caribbean,Cuban,Latin American,30.2159,2427.5868,411.9583,62.2580,Caribbean
92250,Caribbean,Cuban,Latin American,70.4233,709.5000,11.3681,37.6759,Caribbean
92251,Caribbean,Cuban,Latin American,278.5986,1511.6011,91.5158,7.3143,Caribbean
92252,Caribbean,Cuban,Latin American,39.1621,190.9100,8.2183,3.4074,Caribbean
92253,Caribbean,Cuban,Latin American,2.2954,9.1770,0.0000,0.0000,Caribbean
92254,Caribbean,Cuban,Latin American,123.6668,2265.7361,368.4747,25.2132,Caribbean
92255,Caribbean,Cuban,Latin American,2.5628,0.0000,0.0000,0.0000,Caribbean
92256,Caribbean,Cuban,Latin American,18.4890,5210.2080,271.3367,446.5306,Caribbean
92257,Caribbean,Cuban,Latin American,10.4508,476.5800,27.8998,35.5374,Caribbean
92258,Caribbean,Cuban,Latin American,54.4026,1334.5768,58.9120,100.1563,Caribbean
92259,Caribbean,Cuban,Latin American,761.7952,4080.8348,151.7264,47.0109,Caribbean
92260,Caribbean,Cuban,Latin American,233.3425,1693.7301,72.0576,59.1541,Caribbean
92261,Caribbean,Cuban,Latin American,288.1254,1569.2872,98.8994,6.6925,Caribbean
92262,Caribbean,Cuban,Latin American,103.6258,788.7450,6.4897,44.0092,Caribbean
92263,Caribbean,Cuban,Latin American,137.4493,1216.4140,48.0712,66.4405,Caribbean
92264,Caribbean,Cuban,Latin American,217.3455,1057.5000,17.8245,24.5700,Caribbean
92265,Caribbean,Cuban,Latin American,899.2979,6797.1080,303.8484,218.1738,Caribbean
92266,Caribbean,Cuban,Latin American,322.2271,1790.1210,39.6425,36.8724,Caribbean
92267,Caribbean,Cuban,Latin American,505.6432,5379.8372,217.9158,270.2950,Caribbean
92268,Caribbean,Cuban,Latin American,350.3860,1932.8800,113.4393,14.4465,Caribbean
92269,Caribbean,Cuban,Latin American,24.4812,100.2715,0.4593,0.2041,Caribbean
92270,Caribbean,Cuban,Latin American,251.4193,1488.4650,44.1860,34.7916,Caribbean
92271,Caribbean,Cuban,Latin American,24.6164,3367.5492,370.9029,188.1660,Caribbean
92272,Caribbean,Cuban,Latin American,14.4435,1625.6496,190.3677,84.4554,Caribbean
92273,Caribbean,Cuban,Latin American,858.3036,4003.3100,62.9369,37.3034,Caribbean
92274,Caribbean,Cuban,Latin American,17.7223,627.3300,69.3005,28.8600,Caribbean
92275,Caribbean,Cuban,Latin American,12.6122,280.6300,1.1454,27.1771,Caribbean
92276,Caribbean,Cuban,Latin American,73.3640,1633.7098,125.1841,92.4396,Caribbean
92277,Caribbean,Cuban,Latin American,45.8454,3255.3841,161.7388,273.5526,Caribbean
92278,Caribbean,Cuban,Latin American,34.2495,2391.3828,24.9898,243.8975,Caribbean
92279,Caribbean,Cuban,Latin American,269.8350,1473.2993,54.7313,31.9943,Caribbean
92280,Caribbean,Cuban,Latin American,73.1014,1184.8688,109.4597,54.5183,Caribbean
92281,Caribbean,Cuban,Latin American,350.4582,3483.8854,438.7202,27.3952,Caribbean
92282,Caribbean,Cuban,Latin American,36.8339,440.3910,13.9098,28.9215,Caribbean
92283,Caribbean,Cuban,Latin American,409.5315,3857.7899,156.3767,175.2294,Caribbean
92284,Caribbean,Cuban,Latin American,3.9672,855.4000,1.6216,92.8600,Caribbean
92285,Caribbean,Cuban,Latin American,76.2948,1501.9819,124.9946,81.9153,Caribbean
92286,Caribbean,Cuban,Latin American,987.2746,4873.2754,184.5929,19.0004,Caribbean
92287,Caribbean,Cuban,Latin American,3.9720,12.1358,0.2498,0.0449,Caribbean
92288,Caribbean,Cuban,Latin American,53.7885,1066.5419,139.2567,31.2343,Caribbean
92289,Caribbean,Cuban,Latin American,367.1118,2332.1960,54.2653,70.0121,Caribbean
92290,Caribbean,Cuban,Latin American,4.7936,786.2400,57.2992,59.6288,Caribbean
92291,Caribbean,Cuban,Latin American,90.4470,739.5787,13.2315,38.0466,Caribbean
92292,Caribbean,Cuban,Latin American,11.2508,132.1590,1.5434,9.6209,Caribbean
92293,Caribbean,Cuban,Latin American,234.9394,923.1912,11.0711,4.9038,Caribbean
92294,Caribbean,Cuban,Latin American,715.9908,4496.5015,216.8898,110.1781,Caribbean
92295,Caribbean,Cuban,Latin American,2.9893,71.0450,2.3074,5.5991,Caribbean
92296,Caribbean,Cuban,Latin American,167.5206,1350.7200,21.2208,67.0800,Caribbean
92297,Caribbean,Cuban,Latin American,3.7677,13.5062,0.0635,0.0106,Caribbean
92298,Caribbean,Cuban,Latin American,278.7216,1598.7433,36.5611,47.2187,Caribbean
92299,Caribbean,Cuban,Latin American,6.4146,861.4496,91.3735,50.0159,Caribbean
92300,Caribbean,Cuban,Latin American,605.1801,3384.8746,202.0874,25.5268,Caribbean
92301,Caribbean,Cuban,Latin American,68.4138,351.5195,19.4294,3.3466,Caribbean
92302,Caribbean,Cuban,Latin American,17.3300,552.0950,2.2674,54.2164,Caribbean
92303,Caribbean,Cuban,Latin American,21.6272,2728.3870,299.1895,154.8987,Caribbean
92304,Caribbean,Cuban,Latin American,399.6371,2381.1065,129.0406,35.9424,Caribbean
92305,Caribbean,Cuban,Latin American,29.8305,1009.2028,76.6323,66.0205,Caribbean
92306,Caribbean,Cuban,Latin American,17.7168,9911.0687,1136.9271,557.8099,Caribbean
92307,Caribbean,Cuban,Latin American,72.6346,2086.1062,287.8644,66.1876,Caribbean
92308,Caribbean,Cuban,Latin American,49.6236,2336.1667,288.0284,105.6156,Caribbean
92309,Caribbean,Cuban,Latin American,226.1914,2619.0876,252.6008,77.5297,Caribbean
92310,Caribbean,Cuban,Latin American,115.9340,488.2000,5.2720,1.5920,Caribbean
92311,Caribbean,Cuban,Latin American,344.9118,1685.7450,27.6618,30.9396,Caribbean
92312,Caribbean,Cuban,Latin American,112.2266,1108.2069,117.5640,25.8544,Caribbean
92313,Caribbean,Cuban,Latin American,336.2468,1676.8855,54.0509,13.2347,Caribbean
92314,Caribbean,Cuban,Latin American,0.7246,502.4347,0.5702,55.4928,Caribbean
92315,Caribbean,Cuban,Latin American,141.2235,2342.5898,140.1673,133.6753,Caribbean
92316,Caribbean,Cuban,Latin American,24.1766,1416.9515,189.3559,59.9622,Caribbean
92317,Caribbean,Cuban,Latin American,19.3532,565.2825,2.5399,55.5809,Caribbean
92318,Caribbean,Cuban,Latin American,13.0114,411.9173,1.5825,40.7942,Caribbean
92319,Caribbean,Cuban,Latin American,772.4269,3894.5293,143.0415,24.2947,Caribbean
92320,Caribbean,Cuban,Latin American,118.8756,524.4607,6.9081,1.8679,Caribbean
92321,Caribbean,Cuban,Latin American,32.5858,584.3244,82.0188,14.0187,Caribbean
92322,Caribbean,Cuban,Latin American,9.8502,653.9660,24.4274,57.5691,Caribbean
92323,Caribbean,Cuban,Latin American,200.6203,1296.4099,70.9218,28.1819,Caribbean
92324,Caribbean,Cuban,Latin American,52.3618,4029.8520,3.9754,432.6827,Caribbean
92325,Caribbean,Cuban,Latin American,134.8901,841.9872,15.0845,28.8997,Caribbean
92326,Caribbean,Cuban,Latin American,63.7025,2484.6639,312.8421,103.2600,Caribbean
92327,Caribbean,Cuban,Latin American,27.5704,137.2800,5.7200,3.4320,Caribbean
92328,Caribbean,Cuban,Latin American,33.6729,554.5241,94.3885,3.6829,Caribbean
92329,Caribbean,Cuban,Latin American,14.4443,261.9167,25.6643,10.6960,Caribbean
92330,Caribbean,Cuban,Latin American,,,,,Caribbean
92331,Caribbean,Cuban,Latin American,35.4680,3268.3249,380.4475,168.6690,Caribbean
92332,Caribbean,Cuban,Latin American,336.0781,2396.7624,215.6648,22.5714,Caribbean
92333,Caribbean,Cuban,Latin American,18.2126,633.2678,100.3272,15.6393,Caribbean
92334,Caribbean,Cuban,Latin American,11.8473,47.4558,0.0000,0.0000,Caribbean
92335,Caribbean,Cuban,Latin American,68.7060,702.6125,12.5732,45.8782,Caribbean
92336,Caribbean,Cuban,Latin American,341.4036,3053.5751,116.0298,144.6030,Caribbean
92337,Caribbean,Cuban,Latin American,36.2009,243.2387,0.0000,0.0000,Caribbean
92338,Caribbean,Cuban,Latin American,1.4322,964.7852,0.1487,108.0314,Caribbean
92339,Caribbean,Cuban,Latin American,52.9101,375.1630,15.0692,11.5511,Caribbean
92340,Caribbean,Cuban,Latin American,46.8088,922.4987,10.0475,80.0767,Caribbean
92341,Caribbean,Cuban,Latin American,115.2145,566.8510,18.2968,9.4310,Caribbean
92342,Caribbean,Cuban,Latin American,180.5308,10499.6883,1975.7843,146.9875,Caribbean
92343,Caribbean,Cuban,Latin American,1282.8546,7082.5768,305.5060,72.4132,Caribbean
92344,Caribbean,Cuban,Latin American,105.1481,4233.8100,7.7672,435.1135,Caribbean
92345,Caribbean,Cuban,Latin American,384.6987,2091.9289,130.7134,10.5187,Caribbean
92346,Caribbean,Cuban,Latin American,51.7617,701.5150,6.7418,55.1929,Caribbean
92347,Caribbean,Cuban,Latin American,14.1096,183.5540,3.2107,13.6416,Caribbean
92348,Caribbean,Cuban,Latin American,600.4923,2692.6800,49.2378,6.8226,Caribbean
92349,Caribbean,Cuban,Latin American,62.0162,2579.5166,409.0741,66.4944,Caribbean
92350,Caribbean,Cuban,Latin American,89.4584,2035.8567,72.4796,168.1927,Caribbean
92351,Caribbean,Cuban,Latin American,334.1587,2437.3196,85.9219,87.4082,Caribbean
92352,Caribbean,Cuban,Latin American,418.8844,5401.5056,229.7044,323.9786,Caribbean
92353,Caribbean,Cuban,Latin American,46.9672,215.7784,9.6041,2.2640,Caribbean
92354,Caribbean,Cuban,Latin American,454.3471,5719.3760,292.1931,310.2140,Caribbean
92355,Caribbean,Cuban,Latin American,5.1262,43.7082,0.9463,0.1264,Caribbean
92356,Caribbean,Cuban,Latin American,230.0367,2638.0025,172.3597,114.6866,Caribbean
92357,Caribbean,Cuban,Latin American,100.1072,991.5096,11.3112,42.5577,Caribbean
92358,Caribbean,Cuban,Latin American,169.4773,2553.5787,43.4507,199.7880,Caribbean
92359,Caribbean,Cuban,Latin American,1066.4254,5150.0152,186.9266,15.2391,Caribbean
92360,Caribbean,Cuban,Latin American,12.5980,301.7567,8.7054,26.3826,Caribbean
92361,Caribbean,Cuban,Latin American,55.4352,1991.5068,253.4495,80.0526,Caribbean
92362,Caribbean,Cuban,Latin American,30.7960,1226.9800,66.3250,96.0496,Caribbean
92363,Caribbean,Cuban,Latin American,20.7375,207.2657,4.3719,14.0407,Caribbean
92364,Caribbean,Cuban,Latin American,400.0500,2296.5694,138.8203,23.6258,Caribbean
92365,Caribbean,Cuban,Latin American,13.7724,55.0620,0.0000,0.0000,Caribbean
92366,Caribbean,Cuban,Latin American,266.0231,1927.2218,89.0237,60.8001,Caribbean
92367,Caribbean,Cuban,Latin American,324.5730,1889.2780,45.0456,46.1610,Caribbean
92368,Caribbean,Cuban,Latin American,64.1095,318.9683,18.6465,0.9707,Caribbean
92369,Caribbean,Cuban,Latin American,52.3618,4029.8520,3.9754,432.6827,Caribbean
92370,Caribbean,Cuban,Latin American,37.7290,645.7900,4.3282,54.9238,Caribbean
92371,Caribbean,Cuban,Latin American,32.5317,3485.4020,503.1992,135.6115,Caribbean
92372,Caribbean,Cuban,Latin American,11.1516,336.7880,18.8065,24.9512,Caribbean
92373,Caribbean,Cuban,Latin American,261.2795,4501.9289,122.3930,349.7020,Caribbean
92374,Caribbean,Cuban,Latin American,604.9711,3367.2500,107.9547,54.6487,Caribbean
92375,Caribbean,Cuban,Latin American,14.4951,191.3591,0.5131,0.1588,Caribbean
92376,Caribbean,Cuban,Latin American,23.4741,103.5771,4.0530,1.5557,Caribbean
92377,Caribbean,Cuban,Latin American,66.9637,1194.2440,99.0721,60.1681,Caribbean
92378,Caribbean,Cuban,Latin American,70.4978,5683.1065,399.4082,411.6339,Caribbean
92379,Caribbean,Cuban,Latin American,13.7795,1975.6778,191.3203,125.0822,Caribbean
92380,Caribbean,Cuban,Latin American,7.9031,31.9151,0.7169,0.4508,Caribbean
92381,Caribbean,Cuban,Latin American,709.2918,4966.5380,37.6040,213.9744,Caribbean
92382,Caribbean,Cuban,Latin American,37.7222,402.0287,32.4012,15.6083,Caribbean
92383,Caribbean,Cuban,Latin American,0.0000,866.3625,79.4695,58.2867,Caribbean
92384,Caribbean,Cuban,Latin American,16.4148,600.1742,106.5832,12.4297,Caribbean
92385,Caribbean,Cuban,Latin American,10.1882,30.2500,0.5082,0.0847,Caribbean
92386,Caribbean,Cuban,Latin American,11.3866,289.9865,26.4181,14.9641,Caribbean
92387,Caribbean,Cuban,Latin American,203.5323,4581.9530,357.3947,253.9174,Caribbean
92388,Caribbean,Cuban,Latin American,962.7460,6223.3107,340.4411,115.5131,Caribbean
92389,Caribbean,Cuban,Latin American,67.8904,2743.7251,397.8695,89.3985,Caribbean
92390,Caribbean,Cuban,Latin American,134.7118,834.2698,26.5251,23.5593,Caribbean
92391,Caribbean,Cuban,Latin American,15.4134,4825.4948,569.2635,261.4914,Caribbean
92392,Caribbean,Cuban,Latin American,333.3353,2128.5843,169.5932,15.9030,Caribbean
92393,Caribbean,Cuban,Latin American,35.5591,1090.0848,3.7469,108.4218,Caribbean
92394,Caribbean,Cuban,Latin American,12.6730,1238.6744,185.9120,46.0720,Caribbean
92395,Caribbean,Cuban,Latin American,271.8491,3321.9557,220.7579,150.3779,Caribbean
92396,Caribbean,Cuban,Latin American,138.3779,775.9981,6.4928,28.4096,Caribbean
92397,Caribbean,Cuban,Latin American,212.3934,3182.9925,86.4638,222.3123,Caribbean
92398,Caribbean,Cuban,Latin American,246.2957,1764.4396,73.1420,60.7970,Caribbean
92399,Caribbean,Cuban,Latin American,29.9118,890.2600,70.9835,53.0035,Caribbean
92400,Caribbean,Cuban,Latin American,638.3166,3294.8423,104.5292,32.7849,Caribbean
92401,Caribbean,Cuban,Latin American,452.4621,2659.2150,107.3398,60.6783,Caribbean
92402,Caribbean,Cuban,Latin American,251.6502,1695.8722,36.8862,68.3296,Caribbean
92403,Caribbean,Cuban,Latin American,146.9358,771.4105,44.5257,3.7311,Caribbean
92404,Caribbean,Cuban,Latin American,18.0414,3458.5969,384.8234,195.3292,Caribbean
92405,Caribbean,Cuban,Latin American,76.0633,5196.5742,142.5384,488.0683,Caribbean
92406,Caribbean,Cuban,Latin American,360.0260,1795.4530,61.0261,8.0947,Caribbean
92407,Caribbean,Cuban,Latin American,191.7304,2010.3938,171.8095,64.4667,Caribbean
92408,Caribbean,Cuban,Latin American,9.1816,36.7080,0.0000,0.0000,Caribbean
92409,Caribbean,Cuban,Latin American,447.5811,3183.2020,140.5043,99.8664,Caribbean
92410,Caribbean,Cuban,Latin American,5.8927,182.4000,4.0627,16.8000,Caribbean
92411,Caribbean,Cuban,Latin American,172.9486,4168.7082,733.0423,47.3301,Caribbean
92412,Caribbean,Cuban,Latin American,68.2255,620.0283,16.7807,33.9309,Caribbean
92413,Caribbean,Cuban,Latin American,754.5978,4753.5700,125.9124,130.7342,Caribbean
92414,Caribbean,Cuban,Latin American,8.8450,136.5028,0.5953,0.1701,Caribbean
92415,Caribbean,Cuban,Latin American,18.3233,295.1147,3.8353,24.4396,Caribbean
92416,Caribbean,Cuban,Latin American,35.6521,401.7552,7.6316,28.5592,Caribbean
92417,Caribbean,Cuban,Latin American,120.0967,2290.0510,81.6649,177.2539,Caribbean
92418,Caribbean,Cuban,Latin American,2.3968,12.5400,0.9376,0.2080,Caribbean
92419,Caribbean,Cuban,Latin American,102.1075,431.4900,0.8905,2.4000,Caribbean
92420,Caribbean,Cuban,Latin American,6.1002,1098.2247,73.5033,86.1069,Caribbean
92421,Caribbean,Cuban,Latin American,491.1389,2643.9726,90.9510,33.7882,Caribbean
92422,Caribbean,Cuban,Latin American,201.0134,1074.4341,65.1794,4.6029,Caribbean
92423,Caribbean,Cuban,Latin American,256.7094,1569.2289,108.7545,6.7714,Caribbean
92424,Caribbean,Cuban,Latin American,397.7097,3129.8967,134.4255,120.1066,Caribbean
92425,Caribbean,Cuban,Latin American,25.4584,782.8677,118.6190,20.9046,Caribbean
92426,Caribbean,Cuban,Latin American,274.3801,1719.3290,90.3024,35.0800,Caribbean
92427,Caribbean,Cuban,Latin American,60.6033,2052.5991,139.6842,140.9104,Caribbean
92428,Caribbean,Cuban,Latin American,0.3949,1.6007,0.0764,0.0211,Caribbean
92429,Caribbean,Cuban,Latin American,43.9563,2135.8672,72.4882,188.1042,Caribbean
92430,Caribbean,Cuban,Latin American,721.6018,3762.6181,112.5429,47.4691,Caribbean
92431,Caribbean,Cuban,Latin American,50.5831,289.9208,0.0000,0.0000,Caribbean
92432,Caribbean,Cuban,Latin American,373.8194,2956.5182,134.5488,109.5469,Caribbean
92433,Caribbean,Cuban,Latin American,25.9242,152.4206,11.3093,0.2982,Caribbean
92434,Caribbean,Cuban,Latin American,185.1833,1500.0504,95.6211,33.5758,Caribbean
92435,Caribbean,Cuban,Latin American,409.2171,1725.3635,34.5877,4.3891,Caribbean
92436,Caribbean,Cuban,Latin American,378.1777,2048.6694,127.3400,8.6793,Caribbean
92437,Caribbean,Cuban,Latin American,46.6956,181.6455,2.2164,0.5521,Caribbean
92438,Caribbean,Cuban,Latin American,187.5079,1446.9903,65.9336,52.3084,Caribbean
92439,Caribbean,Cuban,Latin American,158.4660,1071.9369,57.9218,25.9167,Caribbean
92440,Caribbean,Cuban,Latin American,39.2391,657.8349,69.4458,23.8171,Caribbean
92441,Caribbean,Cuban,Latin American,144.6989,906.7142,49.3729,16.7555,Caribbean
92442,Caribbean,Cuban,Latin American,57.1528,953.5000,5.9598,81.9508,Caribbean
92443,Caribbean,Cuban,Latin American,450.9042,2789.8814,10.5177,2.2679,Caribbean
92444,Caribbean,Cuban,Latin American,7.2366,42.4133,1.5306,1.3036,Caribbean
92445,Caribbean,Cuban,Latin American,106.9244,2366.9744,174.5801,134.6006,Caribbean
92446,Caribbean,Cuban,Latin American,205.4334,1877.6384,160.9509,49.6706,Caribbean
92447,Caribbean,Cuban,Latin American,5.8702,186.6917,19.0905,10.0519,Caribbean
92448,Caribbean,Cuban,Latin American,23.2977,338.0632,3.2102,27.3444,Caribbean
92449,Caribbean,Cuban,Latin American,11.7855,1771.2876,176.8372,109.4610,Caribbean
92450,Caribbean,Cuban,Latin American,57.4970,248.1420,9.0138,1.9730,Caribbean
92451,Caribbean,Cuban,Latin American,35.2879,987.6545,64.0884,67.3375,Caribbean
92452,Caribbean,Cuban,Latin American,163.8191,5115.0341,359.2155,331.1668,Caribbean
92453,Caribbean,Cuban,Latin American,236.0951,3402.8250,56.0001,250.3394,Caribbean
92454,Caribbean,Cuban,Latin American,3.7958,546.7382,105.0686,12.2400,Caribbean
92455,Caribbean,Cuban,Latin American,277.2391,1590.5219,44.3334,35.3526,Caribbean
92456,Caribbean,Cuban,Latin American,18.1422,1040.9651,124.1724,50.5243,Caribbean
92457,Caribbean,Cuban,Latin American,53.8696,1313.5642,39.6399,109.5561,Caribbean
92458,Caribbean,Cuban,Latin American,19.6463,672.6116,105.3841,17.0496,Caribbean
92459,Caribbean,Cuban,Latin American,439.3994,2484.8901,150.1900,19.7381,Caribbean
92460,Caribbean,Cuban,Latin American,20.6140,725.6398,52.8888,47.8768,Caribbean
92461,Caribbean,Cuban,Latin American,49.7598,1608.9300,4.7532,164.6175,Caribbean
92462,Caribbean,Cuban,Latin American,20.3938,1046.1080,1.9242,108.9318,Caribbean
92463,Caribbean,Cuban,Latin American,263.3812,1209.0528,16.4888,20.9700,Caribbean
92464,Caribbean,Cuban,Latin American,35.3247,1241.7300,56.5020,107.8356,Caribbean
92465,Caribbean,Cuban,Latin American,35.6654,2472.4870,271.9799,133.9895,Caribbean
92466,Caribbean,Cuban,Latin American,18.9614,3224.1136,264.0756,225.2887,Caribbean
92467,Caribbean,Cuban,Latin American,54.2119,2061.9417,329.7286,51.3700,Caribbean
92468,Caribbean,Cuban,Latin American,408.4640,3709.9080,240.0835,130.5343,Caribbean
92469,Caribbean,Cuban,Latin American,605.8132,5378.1410,233.6496,224.2954,Caribbean
92470,Caribbean,Cuban,Latin American,28.5490,367.2560,5.7582,28.4054,Caribbean
92471,Caribbean,Cuban,Latin American,862.2515,6150.7235,358.6819,144.5172,Caribbean
92472,Caribbean,Cuban,Latin American,2.5845,521.2600,1.1280,57.7582,Caribbean
92473,Caribbean,Cuban,Latin American,0.4752,257.7570,34.8275,12.1647,Caribbean
92474,Caribbean,Cuban,Latin American,680.3058,11578.6413,257.9371,889.0787,Caribbean
92475,Caribbean,Cuban,Latin American,18.8363,263.7300,1.7166,14.0246,Caribbean
92476,Caribbean,Cuban,Latin American,110.8061,1508.1712,112.3315,69.1683,Caribbean
92477,Caribbean,Cuban,Latin American,13.0344,2164.3200,23.1133,226.8674,Caribbean
92478,Caribbean,Cuban,Latin American,37.0332,1431.1574,164.0332,65.9469,Caribbean
92479,Caribbean,Cuban,Latin American,4.8384,6517.4030,246.5992,615.7473,Caribbean
92480,Caribbean,Cuban,Latin American,198.4459,2069.7558,38.5018,2.1993,Caribbean
92481,Caribbean,Cuban,Latin American,406.0855,1800.3720,8.0936,13.5404,Caribbean
92482,Caribbean,Cuban,Latin American,23.4007,709.2526,125.2831,9.4725,Caribbean
92483,Caribbean,Cuban,Latin American,26.3413,221.4960,4.2912,11.4337,Caribbean
92484,Caribbean,Cuban,Latin American,117.7168,778.3808,13.7688,29.8798,Caribbean
92485,Caribbean,Cuban,Latin American,53.5990,1815.7302,54.7357,162.4049,Caribbean
92486,Caribbean,Cuban,Latin American,10.5422,180.2763,1.7801,0.1370,Caribbean
92487,Caribbean,Cuban,Latin American,85.7257,3606.5303,291.2734,229.8862,Caribbean
92488,Caribbean,Cuban,Latin American,39.9652,724.8257,7.6419,64.1928,Caribbean
92489,Caribbean,Cuban,Latin American,321.9057,1667.1284,88.4335,6.9376,Caribbean
92490,Caribbean,Cuban,Latin American,833.4024,4135.1031,170.0247,13.5834,Caribbean
92491,Caribbean,Cuban,Latin American,17.6383,72.2446,0.0318,0.3173,Caribbean
92492,Caribbean,Cuban,Latin American,16.1163,1198.2843,87.9245,84.1407,Caribbean
92493,Caribbean,Cuban,Latin American,407.8997,2886.0730,31.6450,139.0262,Caribbean
92494,Caribbean,Cuban,Latin American,30.3118,136.0880,3.8322,1.0818,Caribbean
92495,Caribbean,Cuban,Latin American,322.2990,2989.5688,102.5929,151.1968,Caribbean
92496,Caribbean,Cuban,Latin American,113.4574,528.5625,21.9586,7.9592,Caribbean
92497,Caribbean,Cuban,Latin American,146.8630,697.9076,5.5763,12.6450,Caribbean
92498,Caribbean,Cuban,Latin American,309.3989,2968.6738,200.9272,112.9536,Caribbean
92499,Caribbean,Cuban,Latin American,25.4074,100.4530,0.0635,0.0106,Caribbean
92500,Caribbean,Cuban,Latin American,26.6997,1727.0875,200.2832,89.3532,Caribbean
92501,Caribbean,Cuban,Latin American,375.7694,2407.6657,128.3650,50.4796,Caribbean
92502,Caribbean,Cuban,Latin American,3.2256,1096.9200,60.6124,93.4176,Caribbean
92503,Caribbean,Cuban,Latin American,0.0734,358.4800,0.0426,40.5104,Caribbean
92504,Caribbean,Cuban,Latin American,0.0000,78.0956,2.8050,0.0708,Caribbean
92505,Caribbean,Cuban,Latin American,96.1772,1284.5794,64.9960,75.6198,Caribbean
92506,Caribbean,Cuban,Latin American,55.6293,644.8730,11.0383,44.6149,Caribbean
92507,Caribbean,Cuban,Latin American,203.3230,1126.8340,32.8252,18.0484,Caribbean
92508,Caribbean,Cuban,Latin American,508.5919,2851.4777,165.0954,27.5240,Caribbean
92509,Caribbean,Cuban,Latin American,959.5787,5078.3452,179.3654,68.4513,Caribbean
92510,Caribbean,Cuban,Latin American,33.9733,1098.7242,3.9057,108.6633,Caribbean
92511,Caribbean,Cuban,Latin American,91.7785,1738.2554,144.3534,89.0600,Caribbean
92512,Caribbean,Cuban,Latin American,13.6219,756.4754,69.2903,2.3946,Caribbean
92513,Caribbean,Cuban,Latin American,298.4106,1808.6648,95.3967,32.6409,Caribbean
92514,Caribbean,Cuban,Latin American,44.4407,574.4980,34.6142,25.5839,Caribbean
92515,Caribbean,Cuban,Latin American,21.2726,338.7949,2.1978,27.5581,Caribbean
92516,Caribbean,Cuban,Latin American,19.8097,1673.3769,134.7554,113.9357,Caribbean
92517,Caribbean,Cuban,Latin American,97.2821,1223.0357,131.6851,34.3403,Caribbean
92518,Caribbean,Cuban,Latin American,23.7818,221.4137,2.8894,13.7932,Caribbean
92519,Caribbean,Cuban,Latin American,19.6452,3186.2609,408.1355,165.7504,Caribbean
92520,Caribbean,Cuban,Latin American,9.3912,38.1908,1.5851,0.2509,Caribbean
92521,Caribbean,Cuban,Latin American,245.5901,2746.4524,35.9858,192.5252,Caribbean
92522,Caribbean,Cuban,Latin American,330.8341,1637.8920,33.5562,28.8016,Caribbean
92523,Caribbean,Cuban,Latin American,204.5709,3199.1534,380.2591,96.2053,Caribbean
92524,Caribbean,Cuban,Latin American,95.5257,1991.1479,27.0139,174.8471,Caribbean
92525,Caribbean,Cuban,Latin American,48.2678,324.3182,0.0000,0.0000,Caribbean
92526,Caribbean,Cuban,Latin American,13.8282,1253.9848,149.1245,63.7892,Caribbean
92527,Caribbean,Cuban,Latin American,136.3449,78765.3980,37.2839,8835.7630,Caribbean
92528,Caribbean,Cuban,Latin American,46.6663,3262.9654,162.1270,274.0238,Caribbean
92529,Caribbean,Cuban,Latin American,306.8223,1527.8910,51.3870,6.9036,Caribbean
92530,Caribbean,Cuban,Latin American,577.4749,4569.0244,364.8460,98.7784,Caribbean
92531,Caribbean,Cuban,Latin American,240.1179,1130.0200,17.3225,24.2492,Caribbean
92532,Caribbean,Cuban,Latin American,61.2048,243.6000,2.7204,1.2540,Caribbean
92533,Caribbean,Cuban,Latin American,19.8280,92.2650,3.4503,0.3479,Caribbean
92534,Caribbean,Cuban,Latin American,6.5862,98.9914,16.9491,0.4448,Caribbean
92535,Caribbean,Cuban,Latin American,216.5687,1270.4706,70.1494,19.4177,Caribbean
92536,Caribbean,Cuban,Latin American,159.2358,1348.3850,74.1226,49.5535,Caribbean
92537,Caribbean,Cuban,Latin American,42.0729,1290.7791,108.3362,76.3822,Caribbean
92538,Caribbean,Cuban,Latin American,18.9388,1026.7965,1.6511,108.7769,Caribbean
92539,Caribbean,Cuban,Latin American,459.2744,4331.0902,270.5399,168.9042,Caribbean
92540,Caribbean,Cuban,Latin American,622.0429,4447.6423,416.3688,14.2840,Caribbean
92541,Caribbean,Cuban,Latin American,32.5913,789.0296,69.4534,42.1969,Caribbean
92542,Caribbean,Cuban,Latin American,426.2386,2425.0500,33.5279,85.6322,Caribbean
92543,Caribbean,Cuban,Latin American,40.5342,770.1981,105.8494,16.2231,Caribbean
92544,Caribbean,Cuban,Latin American,5.5400,3017.6114,255.9872,212.3010,Caribbean
92545,Caribbean,Cuban,Latin American,59.4186,1786.3114,20.2380,174.1904,Caribbean
92546,Caribbean,Cuban,Latin American,11.5235,1968.0681,158.0392,144.1930,Caribbean
92547,Caribbean,Cuban,Latin American,41.4876,487.9970,19.5092,29.9959,Caribbean
92548,Caribbean,Cuban,Latin American,282.5195,1651.0302,95.2076,19.9696,Caribbean
92549,Caribbean,Cuban,Latin American,306.7941,1600.2100,58.3906,11.6856,Caribbean
92550,Caribbean,Cuban,Latin American,7.7857,400.3945,1.6708,42.4638,Caribbean
92551,Caribbean,Cuban,Latin American,10.6921,1417.8172,83.1052,113.3042,Caribbean
92552,Caribbean,Cuban,Latin American,50.7213,677.7300,34.6719,38.7660,Caribbean
92553,Caribbean,Cuban,Latin American,338.5961,4245.2740,88.6730,304.5295,Caribbean
92554,Caribbean,Cuban,Latin American,135.7273,3648.2827,296.6235,221.4831,Caribbean
92555,Caribbean,Cuban,Latin American,11.9590,3208.2179,233.6549,242.5497,Caribbean
92556,Caribbean,Cuban,Latin American,27.8978,543.2462,69.5362,16.4266,Caribbean
92557,Caribbean,Cuban,Latin American,17.6850,977.0004,71.4038,68.3609,Caribbean
92558,Caribbean,Cuban,Latin American,210.8099,2113.8334,58.1735,123.1401,Caribbean
92559,Caribbean,Cuban,Latin American,124.1435,1575.7762,28.0009,113.0951,Caribbean
92560,Caribbean,Cuban,Latin American,189.7736,1424.9460,32.9818,61.8786,Caribbean
92561,Caribbean,Cuban,Latin American,29.1165,666.2774,75.7939,26.0796,Caribbean
92562,Caribbean,Cuban,Latin American,143.8511,2592.3558,278.7021,104.5043,Caribbean
92563,Caribbean,Cuban,Latin American,55.0668,2159.4685,183.6218,130.0961,Caribbean
92564,Caribbean,Cuban,Latin American,0.0000,130.9747,0.0000,0.0000,Caribbean
92565,Caribbean,Cuban,Latin American,40.2903,427.7370,38.6648,16.2934,Caribbean
92566,Caribbean,Cuban,Latin American,787.1772,3579.8040,56.4060,13.4616,Caribbean
92567,Caribbean,Cuban,Latin American,88.7596,1862.8112,158.6091,103.6411,Caribbean
92568,Caribbean,Cuban,Latin American,80.9636,292.2450,1.5246,0.2541,Caribbean
92569,Caribbean,Cuban,Latin American,498.4506,3456.4399,134.6153,97.9167,Caribbean
92570,Caribbean,Cuban,Latin American,30.9800,370.2992,3.7301,11.2480,Caribbean
92571,Caribbean,Cuban,Latin American,67.8595,3479.7765,268.5924,238.3349,Caribbean
92572,Caribbean,Cuban,Latin American,24.0839,86.6865,1.7798,0.7991,Caribbean
92573,Caribbean,Cuban,Latin American,17.7928,204.0605,3.2342,15.4444,Caribbean
92574,Caribbean,Cuban,Latin American,16.3224,69.3000,1.9400,0.2456,Caribbean
92575,Caribbean,Cuban,Latin American,177.0154,1276.2252,55.4547,49.5279,Caribbean
92576,Caribbean,Cuban,Latin American,500.6870,2439.8741,91.4245,7.0534,Caribbean
92577,Caribbean,Cuban,Latin American,68.2556,1153.8301,91.6641,63.2245,Caribbean
92578,Caribbean,Cuban,Latin American,25.9091,933.6932,134.0948,32.8287,Caribbean
92579,Caribbean,Cuban,Latin American,338.8358,1945.7770,110.0660,21.8968,Caribbean
92580,Caribbean,Cuban,Latin American,22.1600,1982.5403,368.9475,37.7085,Caribbean
92581,Caribbean,Cuban,Latin American,496.8305,2924.4507,103.4469,51.2821,Caribbean
92582,Caribbean,Cuban,Latin American,11.8404,169.9162,0.3812,0.0635,Caribbean
92583,Caribbean,Cuban,Latin American,278.2604,2563.1782,195.9197,74.9785,Caribbean
92584,Caribbean,Cuban,Latin American,360.0459,2407.4453,220.7938,8.8355,Caribbean
92585,Caribbean,Cuban,Latin American,126.1432,1136.5350,29.9581,56.7330,Caribbean
92586,Caribbean,Cuban,Latin American,1.6128,440.1600,30.1952,34.7088,Caribbean
92587,Caribbean,Cuban,Latin American,13.8206,878.9694,141.6697,24.7108,Caribbean
92588,Caribbean,Cuban,Latin American,63.2441,3218.4884,349.1231,166.0489,Caribbean
92589,Caribbean,Cuban,Latin American,163.6848,644.8896,9.4362,2.9475,Caribbean
92590,Caribbean,Cuban,Latin American,34.0772,415.4160,10.6860,28.8000,Caribbean
92591,Caribbean,Cuban,Latin American,1.5784,136.0072,0.0801,0.0549,Caribbean
92592,Caribbean,Cuban,Latin American,4.2799,714.3841,102.8101,29.1543,Caribbean
92593,Caribbean,Cuban,Latin American,108.9407,454.7756,5.6056,2.7560,Caribbean
92594,Caribbean,Cuban,Latin American,213.0534,1250.5500,23.4297,45.4275,Caribbean
92595,Caribbean,Cuban,Latin American,729.8438,4463.7330,78.5779,136.8846,Caribbean
92596,Caribbean,Cuban,Latin American,26.7248,1041.0130,1.5200,108.9534,Caribbean
92597,Caribbean,Cuban,Latin American,418.0083,6661.5112,1126.1266,63.6057,Caribbean
92598,Caribbean,Cuban,Latin American,6.4317,1700.4098,174.7820,108.8428,Caribbean
92599,Caribbean,Cuban,Latin American,554.4988,5684.9145,325.4018,241.7005,Caribbean
92600,Caribbean,Cuban,Latin American,27.8874,854.7959,17.3582,77.0690,Caribbean
92601,Caribbean,Cuban,Latin American,573.1066,5626.9588,314.1792,237.3055,Caribbean
92602,Caribbean,Cuban,Latin American,2271.7376,13581.0142,111.7852,44.5659,Caribbean
92603,Caribbean,Cuban,Latin American,26.3808,2350.4563,245.2395,136.8581,Caribbean
92604,Caribbean,Cuban,Latin American,91.6279,1438.9722,32.4748,109.0722,Caribbean
92605,Caribbean,Cuban,Latin American,10418.3914,47891.8012,259.4946,630.5815,Caribbean
92606,Caribbean,Cuban,Latin American,386.5416,3603.2189,188.4159,137.8282,Caribbean
92607,Caribbean,Cuban,Latin American,28.4781,632.7814,19.7177,50.3043,Caribbean
92608,Caribbean,Cuban,Latin American,24.1920,936.4063,95.6943,49.3969,Caribbean
92609,Caribbean,Cuban,Latin American,133.1042,1232.0915,113.8180,28.2414,Caribbean
92610,Caribbean,Cuban,Latin American,4.1033,252.2580,0.2401,27.0711,Caribbean
92611,Caribbean,Cuban,Latin American,30.9800,289.7578,14.9501,11.5313,Caribbean
92612,Caribbean,Cuban,Latin American,395.2414,2967.5203,182.7562,76.9346,Caribbean
92613,Caribbean,Cuban,Latin American,451.2781,4713.9597,176.4245,234.4321,Caribbean
92614,Caribbean,Cuban,Latin American,76.3185,1632.8475,161.2479,74.2405,Caribbean
92615,Caribbean,Cuban,Latin American,527.5671,2727.7901,88.9962,22.9604,Caribbean
92616,Caribbean,Cuban,Latin American,80.5715,345.1042,5.6746,3.5317,Caribbean
92617,Caribbean,Cuban,Latin American,28.5079,768.4032,2.9797,74.1641,Caribbean
92618,Caribbean,Cuban,Latin American,38.1668,623.0600,51.8104,31.7210,Caribbean
92619,Caribbean,Cuban,Latin American,8.4180,833.7752,179.9474,4.8261,Caribbean
92620,Caribbean,Cuban,Latin American,282.5904,2722.4606,223.5891,74.9912,Caribbean
92621,Caribbean,Cuban,Latin American,2.6758,1784.9787,373.7310,19.9841,Caribbean
92622,Caribbean,Cuban,Latin American,506.7068,3427.7787,94.2680,115.2926,Caribbean
92623,Caribbean,Cuban,Latin American,1.8192,861.8250,85.0624,55.5428,Caribbean
92624,Caribbean,Cuban,Latin American,32.3391,1354.3142,150.9536,71.0281,Caribbean
92625,Caribbean,Cuban,Latin American,10.9612,281.5212,1.3540,27.6084,Caribbean
92626,Caribbean,Cuban,Latin American,189.5622,4116.9271,228.7480,286.0921,Caribbean
92627,Caribbean,Cuban,Latin American,10.7856,5812.2000,129.3524,590.5648,Caribbean
92628,Caribbean,Cuban,Latin American,16.3159,560.5405,52.5936,32.8567,Caribbean
92629,Caribbean,Cuban,Latin American,23.6570,2540.4699,178.7927,189.7253,Caribbean
92630,Caribbean,Cuban,Latin American,39.3408,261.9880,7.6866,7.9794,Caribbean
92631,Caribbean,Cuban,Latin American,65.8393,1258.7323,11.9934,109.9580,Caribbean
92632,Caribbean,Cuban,Latin American,9.9442,65.3699,6.6564,0.3136,Caribbean
92633,Caribbean,Cuban,Latin American,78.4768,1398.9200,24.1872,116.0128,Caribbean
92634,Caribbean,Cuban,Latin American,233.2107,1469.5000,23.9307,49.7525,Caribbean
92635,Caribbean,Cuban,Latin American,106.3967,421.8960,0.0097,0.0025,Caribbean
92636,Caribbean,Cuban,Latin American,52.5510,322.9840,5.3227,14.7876,Caribbean
92637,Caribbean,Cuban,Latin American,36.0064,415.7446,25.4832,21.7105,Caribbean
92638,Caribbean,Cuban,Latin American,10.3322,667.6431,48.4729,47.1825,Caribbean
92639,Caribbean,Cuban,Latin American,3.6803,214.0879,24.1570,11.2832,Caribbean
92640,Caribbean,Cuban,Latin American,219.6992,2846.5900,52.0577,217.8235,Caribbean
92641,Caribbean,Cuban,Latin American,660.4752,4386.4711,321.0469,61.6140,Caribbean
92642,Caribbean,Cuban,Latin American,200.6310,802.4850,2.7060,1.2540,Caribbean
92643,Caribbean,Cuban,Latin American,65.8657,518.2020,9.2583,28.5711,Caribbean
92644,Caribbean,Cuban,Latin American,142.5375,559.9462,7.1804,1.1441,Caribbean
92645,Caribbean,Cuban,Latin American,5.8901,122.2342,0.1021,0.0340,Caribbean
92646,Caribbean,Cuban,Latin American,401.9664,1757.0200,17.5205,24.2492,Caribbean
92647,Caribbean,Cuban,Latin American,44.9503,3635.8342,362.6599,217.7574,Caribbean
92648,Caribbean,Cuban,Latin American,2037.1393,14696.4048,182.4641,633.4268,Caribbean
92649,Caribbean,Cuban,Latin American,11.8802,67.3181,1.9220,1.4443,Caribbean
92650,Caribbean,Cuban,Latin American,196.3586,5312.7328,348.8838,343.6972,Caribbean
92651,Caribbean,Cuban,Latin American,148.4956,1121.2060,33.8730,41.9914,Caribbean
92652,Caribbean,Cuban,Latin American,197.7293,1434.5500,4.3967,72.8661,Caribbean
92653,Caribbean,Cuban,Latin American,5.5406,662.8955,2.0944,72.2914,Caribbean
92654,Caribbean,Cuban,Latin American,103.8710,1156.6705,20.5175,45.1964,Caribbean
92655,Caribbean,Cuban,Latin American,18.1220,2618.6274,410.4937,89.9385,Caribbean
92656,Caribbean,Cuban,Latin American,16.4885,1228.1516,111.5917,80.4662,Caribbean
92657,Caribbean,Cuban,Latin American,68.7657,842.1357,103.5698,16.5322,Caribbean
92658,Caribbean,Cuban,Latin American,278.2403,3463.7351,87.1488,235.6552,Caribbean
92659,Caribbean,Cuban,Latin American,58.3843,285.5675,15.4391,2.0458,Caribbean
92660,Caribbean,Cuban,Latin American,59.8954,745.5435,13.5619,55.9868,Caribbean
92661,Caribbean,Cuban,Latin American,275.1316,2503.4543,16.7734,156.6824,Caribbean
92662,Caribbean,Cuban,Latin American,672.5069,3550.7344,107.9422,48.9338,Caribbean
92663,Caribbean,Cuban,Latin American,25.4376,1914.9102,373.7436,26.4991,Caribbean
92664,Caribbean,Cuban,Latin American,6.7849,5266.3989,613.4861,290.3078,Caribbean
92665,Caribbean,Cuban,Latin American,14.6913,63.3870,1.0746,0.0405,Caribbean
92666,Caribbean,Cuban,Latin American,70.6399,801.6657,13.3575,57.1753,Caribbean
92667,Caribbean,Cuban,Latin American,70.7626,3433.4548,45.1501,353.4020,Caribbean
92668,Caribbean,Cuban,Latin American,78.3047,410.2335,3.3036,0.3506,Caribbean
92669,Caribbean,Cuban,Latin American,368.8306,2487.4307,126.6948,62.4475,Caribbean
92670,Caribbean,Cuban,Latin American,37.7711,630.5182,5.2254,55.1735,Caribbean
92671,Caribbean,Cuban,Latin American,14.4092,187.9273,0.0318,0.0053,Caribbean
92672,Caribbean,Cuban,Latin American,282.2521,2235.1845,75.9340,95.9917,Caribbean
92673,Caribbean,Cuban,Latin American,5.2163,243.7913,5.8935,0.1984,Caribbean
92674,Caribbean,Cuban,Latin American,147.8952,3054.0878,462.1622,55.0230,Caribbean
92675,Caribbean,Cuban,Latin American,330.9562,1899.6060,42.3727,43.2052,Caribbean
92676,Caribbean,Cuban,Latin American,10.9973,35.5125,0.7402,0.3399,Caribbean
92677,Caribbean,Cuban,Latin American,326.4829,1963.5058,99.8961,33.7194,Caribbean
92678,Caribbean,Cuban,Latin American,59.5060,3160.8172,519.3311,80.4486,Caribbean
92679,Caribbean,Cuban,Latin American,16.5535,1486.9332,103.9476,111.6503,Caribbean
92680,Caribbean,Cuban,Latin American,318.9175,13467.5628,316.7366,1211.3514,Caribbean
92681,Caribbean,Cuban,Latin American,51.5842,826.8354,23.4965,58.6482,Caribbean
92682,Caribbean,Cuban,Latin American,165.9584,971.2989,53.0402,14.2793,Caribbean
92683,Caribbean,Cuban,Latin American,90.0120,479.7000,15.0150,7.4880,Caribbean
92684,Caribbean,Cuban,Latin American,8.2170,242.5000,11.6230,19.1550,Caribbean
92685,Caribbean,Cuban,Latin American,175.2619,1426.6682,121.7666,26.1455,Caribbean
92686,Caribbean,Cuban,Latin American,170.1383,1275.9176,93.9779,28.5787,Caribbean
92687,Caribbean,Cuban,Latin American,199.0685,1702.8974,156.7264,34.7714,Caribbean
92688,Caribbean,Cuban,Latin American,,,,,Caribbean
92689,Caribbean,Cuban,Latin American,12.3750,1112.1722,79.7188,80.3672,Caribbean
92690,Caribbean,Cuban,Latin American,39.0809,379.3767,43.9558,2.1064,Caribbean
92691,Caribbean,Cuban,Latin American,215.2825,1292.8760,36.8234,33.0010,Caribbean
92692,Caribbean,Cuban,Latin American,102.4042,970.5120,41.1564,57.1994,Caribbean
92693,Caribbean,Cuban,Latin American,188.3139,1022.4109,63.8969,4.4711,Caribbean
92694,Caribbean,Cuban,Latin American,182.1860,997.0766,63.0566,4.3853,Caribbean
92695,Caribbean,Cuban,Latin American,185.1650,1050.9441,63.3429,8.8447,Caribbean
92696,Caribbean,Cuban,Latin American,80.1260,5035.4014,407.3982,342.6942,Caribbean
92697,Caribbean,Cuban,Latin American,4.3967,1088.3339,109.9013,67.5556,Caribbean
92698,Caribbean,Cuban,Latin American,76.0242,1804.0164,146.3499,103.4489,Caribbean
92699,Caribbean,Cuban,Latin American,22.3145,840.7172,98.2965,38.0770,Caribbean
92700,Caribbean,Cuban,Latin American,409.0768,3265.0535,131.3767,133.2953,Caribbean
