Recipe_id,Region,Sub_region,Continent,"Carbohydrate, by difference (g)",Energy (kcal),Protein (g),Total lipid (fat) (g),cuisine
9221,Deutschland ,Austrian,European,416.7896,4397.5240,24.6829,310.9650,Deutschland 
9222,Deutschland ,Austrian,European,132.5496,2422.5827,24.0707,207.4476,Deutschland 
9223,Deutschland ,Austrian,European,237.0173,1498.9960,21.6705,57.6585,Deutschland 
9224,Deutschland ,Austrian,European,129.5093,3071.3400,42.7440,278.7000,Deutschland 
9225,Deutschland ,Austrian,European,552.4330,4504.1050,135.7351,203.1615,Deutschland 
9226,Deutschland ,Austrian,European,415.1999,3638.2000,81.4901,208.4528,Deutschland 
9227,Deutschland ,Austrian,European,189.8496,2147.2920,42.7490,147.2210,Deutschland 
9228,Deutschland ,Austrian,European,27.8595,3078.9000,24.9805,327.6550,Deutschland 
9229,Deutschland ,Austrian,European,410.7338,2643.6696,51.9212,102.3393,Deutschland 
9230,Deutschland ,Austrian,European,36.5061,2205.3617,29.5252,222.5258,Deutschland 
9231,Deutschland ,Austrian,European,346.6638,2230.7600,102.4027,49.9375,Deutschland 
9232,Deutschland ,Austrian,European,164.5805,5848.6110,1111.8759,50.2545,Deutschland 
9233,Deutschland ,Austrian,European,1.9406,5070.2800,17.9524,563.5336,Deutschland 
9234,Deutschland ,Austrian,European,43.8298,1084.2220,30.1878,88.2408,Deutschland 
9235,Deutschland ,Austrian,European,465.9472,2215.0700,24.3420,42.2438,Deutschland 
9236,Deutschland ,Austrian,European,247.6340,3317.5592,38.3537,254.6891,Deutschland 
9237,Deutschland ,Austrian,European,210.7233,1478.2900,55.8679,44.9978,Deutschland 
9238,Deutschland ,Austrian,European,104.3778,1001.4630,45.8287,46.3449,Deutschland 
9239,Deutschland ,Austrian,European,207.1426,1979.7740,13.0658,126.9389,Deutschland 
9240,Deutschland ,Austrian,European,261.0728,2044.0567,39.0502,104.8211,Deutschland 
9241,Deutschland ,Austrian,European,133.4769,5922.9475,2.4119,611.6496,Deutschland 
9242,Deutschland ,Austrian,European,266.0137,1529.3500,54.5515,24.1309,Deutschland 
9243,Deutschland ,Austrian,European,45.2664,1856.3903,364.5064,10.1675,Deutschland 
9244,Deutschland ,Austrian,European,253.5382,2350.8756,75.0374,119.6266,Deutschland 
9245,Deutschland ,Austrian,European,329.8095,1742.2901,44.0907,35.9287,Deutschland 
9246,Deutschland ,Austrian,European,325.0870,3549.0431,279.6109,122.9866,Deutschland 
9247,Deutschland ,Austrian,European,111.3873,1699.2960,42.7465,131.2105,Deutschland 
9248,Deutschland ,Austrian,European,30.4273,617.3098,68.8928,23.6421,Deutschland 
9249,Deutschland ,Austrian,European,523.0754,3603.6810,78.2887,156.6595,Deutschland 
9250,Deutschland ,Austrian,European,84.3076,921.1500,44.4290,46.1538,Deutschland 
10117,Deutschland ,Swiss,European,99.4678,1530.7410,23.7350,121.2986,Deutschland 
10118,Deutschland ,Swiss,European,53.9833,1563.4400,196.5023,62.7632,Deutschland 
10119,Deutschland ,Swiss,European,97.7314,1193.0200,52.0784,68.2612,Deutschland 
10120,Deutschland ,Swiss,European,39.9632,2051.8204,82.1441,178.3025,Deutschland 
10121,Deutschland ,Swiss,European,237.1517,2015.3264,73.7948,90.8814,Deutschland 
10122,Deutschland ,Swiss,European,191.7196,1060.6497,29.8815,23.4995,Deutschland 
10123,Deutschland ,Swiss,European,20.0565,1841.3939,123.5246,140.6869,Deutschland 
10124,Deutschland ,Swiss,European,70.9539,1556.1600,51.6840,129.6561,Deutschland 
10125,Deutschland ,Swiss,European,323.8611,1819.7434,23.6800,55.4522,Deutschland 
10126,Deutschland ,Swiss,European,39.5724,874.0500,31.0644,68.5314,Deutschland 
10127,Deutschland ,Swiss,European,2.8486,417.4636,90.5206,2.5471,Deutschland 
10128,Deutschland ,Swiss,European,323.3236,2901.9800,78.5994,157.6436,Deutschland 
10129,Deutschland ,Swiss,European,369.3780,2133.8350,78.1991,34.9604,Deutschland 
10130,Deutschland ,Swiss,European,230.7889,1217.7680,44.1802,49.3585,Deutschland 
10131,Deutschland ,Swiss,European,10.3428,42.7110,0.5572,1.1720,Deutschland 
10132,Deutschland ,Swiss,European,30.6263,1872.6397,184.4703,108.1117,Deutschland 
10133,Deutschland ,Swiss,European,13.2253,1312.1035,92.7023,98.1707,Deutschland 
10134,Deutschland ,Swiss,European,338.7135,1865.5012,51.0255,38.3493,Deutschland 
10135,Deutschland ,Swiss,European,68.5992,1246.5267,197.3677,21.5454,Deutschland 
10136,Deutschland ,Swiss,European,355.4627,2453.9133,76.3459,150.8966,Deutschland 
10137,Deutschland ,Swiss,European,305.0496,1434.0855,19.3944,14.7659,Deutschland 
10138,Deutschland ,Swiss,European,33.6364,1754.9440,97.7718,138.8793,Deutschland 
10139,Deutschland ,Swiss,European,26.8369,1404.3240,77.1743,113.4853,Deutschland 
10140,Deutschland ,Swiss,European,39.4595,983.4301,184.4213,5.4205,Deutschland 
10141,Deutschland ,Swiss,European,166.6911,2783.7480,20.1371,232.6454,Deutschland 
10142,Deutschland ,Swiss,European,19.3042,11638.0442,2290.0151,201.9315,Deutschland 
10143,Deutschland ,Swiss,European,29.9486,1278.5833,115.7019,75.4407,Deutschland 
10144,Deutschland ,Swiss,European,330.3223,3473.7750,42.9909,225.1116,Deutschland 
13115,Deutschland ,German,European,7.2460,2177.4824,82.3634,199.0510,Deutschland 
13116,Deutschland ,German,European,9.8274,326.1300,24.6045,20.2491,Deutschland 
13117,Deutschland ,German,European,206.6093,1845.3465,49.5133,100.7978,Deutschland 
13118,Deutschland ,German,European,3.4647,593.2800,30.3313,50.0046,Deutschland 
13119,Deutschland ,German,European,28.8019,1658.0086,119.2868,121.3218,Deutschland 
13120,Deutschland ,German,European,55.7926,845.9873,32.4893,55.6881,Deutschland 
13121,Deutschland ,German,European,136.0704,3541.1652,264.1014,213.7716,Deutschland 
13122,Deutschland ,German,European,77.2024,1864.2116,235.5943,68.9309,Deutschland 
13123,Deutschland ,German,European,205.6797,908.4710,22.8413,1.9333,Deutschland 
13124,Deutschland ,German,European,143.6858,1419.3300,48.8421,77.9571,Deutschland 
13125,Deutschland ,German,European,91.3552,505.3317,11.7975,15.1989,Deutschland 
13126,Deutschland ,German,European,510.5972,4441.6980,85.4750,260.8841,Deutschland 
13127,Deutschland ,German,European,471.9091,6992.2795,63.8513,566.1239,Deutschland 
13128,Deutschland ,German,European,581.0986,2557.3823,68.9593,5.8992,Deutschland 
13129,Deutschland ,German,European,492.9716,2950.3660,6.9010,115.1970,Deutschland 
13130,Deutschland ,German,European,19.9762,396.9514,70.4652,3.0727,Deutschland 
13131,Deutschland ,German,European,79.4091,1283.1133,16.9907,103.5335,Deutschland 
13132,Deutschland ,German,European,174.0283,1378.6780,37.5003,67.2425,Deutschland 
13133,Deutschland ,German,European,201.5667,2742.8960,12.5989,214.5275,Deutschland 
13134,Deutschland ,German,European,123.8180,1075.5381,20.9853,56.7790,Deutschland 
13135,Deutschland ,German,European,0.7227,2808.1847,10.7910,312.0127,Deutschland 
13136,Deutschland ,German,European,183.1472,1378.5360,31.4628,60.8878,Deutschland 
13137,Deutschland ,German,European,59.6251,684.2322,24.2805,41.3543,Deutschland 
13138,Deutschland ,German,European,34.6624,352.1540,18.3245,15.4941,Deutschland 
13139,Deutschland ,German,European,85.7488,4471.3238,260.4434,334.1637,Deutschland 
13140,Deutschland ,German,European,3.7009,746.5310,24.3990,69.9589,Deutschland 
13141,Deutschland ,German,European,14.9155,2455.0100,385.8414,85.9099,Deutschland 
13142,Deutschland ,German,European,2.7142,691.9056,114.8802,21.2867,Deutschland 
13143,Deutschland ,German,European,29.5372,919.8400,56.0520,65.3088,Deutschland 
13144,Deutschland ,German,European,313.3901,1227.1566,2.4995,1.5069,Deutschland 
13145,Deutschland ,German,European,79.3956,2239.3800,127.7242,156.3348,Deutschland 
13146,Deutschland ,German,European,48.6711,1164.0330,70.5580,80.6496,Deutschland 
13147,Deutschland ,German,European,143.6283,581.4200,1.2100,0.1100,Deutschland 
13148,Deutschland ,German,European,385.5356,2070.9860,66.8502,24.5259,Deutschland 
13149,Deutschland ,German,European,7.3997,382.2480,32.2853,23.8807,Deutschland 
13150,Deutschland ,German,European,83.9288,2841.5083,369.6321,102.4642,Deutschland 
13151,Deutschland ,German,European,221.4933,2857.7785,6.9442,223.3882,Deutschland 
13152,Deutschland ,German,European,36.8881,2019.5910,129.1587,150.9153,Deutschland 
13153,Deutschland ,German,European,22.8010,235.0000,7.1030,14.5600,Deutschland 
13154,Deutschland ,German,European,553.0362,8669.9400,47.4150,727.0116,Deutschland 
13155,Deutschland ,German,European,244.3617,1236.5880,15.3279,33.3655,Deutschland 
13156,Deutschland ,German,European,86.3037,496.0448,12.0559,13.3362,Deutschland 
13157,Deutschland ,German,European,43.5711,2706.2782,134.2899,228.1777,Deutschland 
13158,Deutschland ,German,European,331.7299,3863.8227,330.0070,140.5396,Deutschland 
13159,Deutschland ,German,European,29.0018,526.1120,5.7291,44.5802,Deutschland 
13160,Deutschland ,German,European,146.7284,2346.0907,67.4011,172.9025,Deutschland 
13161,Deutschland ,German,European,112.2874,600.0817,11.9883,17.3591,Deutschland 
13162,Deutschland ,German,European,1.2312,2699.7165,264.4522,173.2424,Deutschland 
13163,Deutschland ,German,European,16.2535,1308.1546,88.2426,96.5542,Deutschland 
13164,Deutschland ,German,European,829.5025,4319.2057,149.9206,42.7540,Deutschland 
13165,Deutschland ,German,European,129.5093,3071.3400,42.7440,278.7000,Deutschland 
13166,Deutschland ,German,European,83.3039,2245.9881,212.5034,116.6413,Deutschland 
13167,Deutschland ,German,European,290.7815,1751.1238,30.3088,56.3611,Deutschland 
13168,Deutschland ,German,European,135.4084,3588.5878,112.6361,301.7332,Deutschland 
13169,Deutschland ,German,European,126.9580,989.6396,7.5480,52.0331,Deutschland 
13170,Deutschland ,German,European,389.8678,1705.0560,23.4973,17.0176,Deutschland 
13171,Deutschland ,German,European,316.8632,2588.9008,23.3206,144.8337,Deutschland 
13172,Deutschland ,German,European,207.3827,962.1580,14.9184,11.6406,Deutschland 
13173,Deutschland ,German,European,159.8829,5264.7765,124.2216,484.1567,Deutschland 
13174,Deutschland ,German,European,62.8544,1520.3318,77.1538,110.9691,Deutschland 
13175,Deutschland ,German,European,118.1718,1880.6750,71.4802,133.7004,Deutschland 
13176,Deutschland ,German,European,0.7227,2056.3561,10.7910,226.9642,Deutschland 
13177,Deutschland ,German,European,28.6663,574.1490,14.4788,44.6196,Deutschland 
13178,Deutschland ,German,European,358.9883,3471.3919,101.4617,200.1898,Deutschland 
13179,Deutschland ,German,European,552.4330,4504.1050,135.7351,203.1615,Deutschland 
13180,Deutschland ,German,European,29.0864,267.0590,8.4973,15.5877,Deutschland 
13181,Deutschland ,German,European,291.9042,1730.9477,124.4650,9.5048,Deutschland 
13182,Deutschland ,German,European,38.5893,1111.4554,60.5331,80.0283,Deutschland 
13183,Deutschland ,German,European,319.2406,6866.5520,42.6330,628.5440,Deutschland 
13184,Deutschland ,German,European,205.9509,1016.1680,20.0192,15.3303,Deutschland 
13185,Deutschland ,German,European,730.3263,3537.9365,38.8821,71.9805,Deutschland 
13186,Deutschland ,German,European,39.9859,580.5530,19.4928,41.1645,Deutschland 
13187,Deutschland ,German,European,415.1999,3638.2000,81.4901,208.4528,Deutschland 
13188,Deutschland ,German,European,31.6195,511.1839,14.6271,40.0282,Deutschland 
13189,Deutschland ,German,European,477.5622,5667.7204,93.2956,408.1787,Deutschland 
13190,Deutschland ,German,European,107.3337,1171.2232,47.1591,65.6147,Deutschland 
13191,Deutschland ,German,European,146.5749,3828.8207,179.3578,286.0885,Deutschland 
13192,Deutschland ,German,European,118.5044,822.7000,19.8316,33.6630,Deutschland 
13193,Deutschland ,German,European,274.1399,2687.7260,60.0607,162.4139,Deutschland 
13194,Deutschland ,German,European,17.4095,292.2410,21.9381,15.6146,Deutschland 
13195,Deutschland ,German,European,235.5876,1918.2185,30.7000,103.0700,Deutschland 
13196,Deutschland ,German,European,6.1334,402.3220,2.3625,43.2525,Deutschland 
13197,Deutschland ,German,European,695.3384,3367.7990,115.4257,29.5972,Deutschland 
13198,Deutschland ,German,European,424.3704,2094.8000,34.8982,37.4268,Deutschland 
13199,Deutschland ,German,European,7.2734,1944.3464,177.0650,129.1923,Deutschland 
13200,Deutschland ,German,European,832.7870,3825.0740,70.0560,23.7328,Deutschland 
13201,Deutschland ,German,European,336.2517,3434.4320,13.5800,238.6645,Deutschland 
13202,Deutschland ,German,European,159.6125,3198.6968,417.8354,83.6208,Deutschland 
13203,Deutschland ,German,European,868.0210,5208.7348,169.1303,119.8552,Deutschland 
13204,Deutschland ,German,European,71.3093,1167.2580,40.0069,75.7674,Deutschland 
13205,Deutschland ,German,European,59.3611,410.2807,22.4161,9.6340,Deutschland 
13206,Deutschland ,German,European,288.5120,2094.9380,6.5274,107.4374,Deutschland 
13207,Deutschland ,German,European,1121.6134,4833.3760,52.6490,49.8600,Deutschland 
13208,Deutschland ,German,European,111.1867,1732.9236,159.5520,73.4424,Deutschland 
13209,Deutschland ,German,European,33.1804,600.1991,31.6230,39.6255,Deutschland 
13210,Deutschland ,German,European,20.7454,330.9400,14.4618,22.4328,Deutschland 
13211,Deutschland ,German,European,82.7646,571.2230,22.4305,16.5421,Deutschland 
13212,Deutschland ,German,European,31.9008,401.7236,57.7087,6.5993,Deutschland 
13213,Deutschland ,German,European,252.5832,1975.3971,41.6172,91.2856,Deutschland 
13214,Deutschland ,German,European,59.9696,2113.3265,87.0019,169.8361,Deutschland 
13215,Deutschland ,German,European,33.4883,1774.0080,100.1658,136.6742,Deutschland 
13216,Deutschland ,German,European,272.2597,2093.7046,29.4309,102.2647,Deutschland 
13217,Deutschland ,German,European,72.1820,2437.4508,201.2243,154.5865,Deutschland 
13218,Deutschland ,German,European,470.2213,3842.2560,13.8625,228.3625,Deutschland 
13219,Deutschland ,German,European,14.4228,432.4191,28.4335,28.9174,Deutschland 
13220,Deutschland ,German,European,68.9803,1440.1895,51.9146,115.3674,Deutschland 
13221,Deutschland ,German,European,54.7172,3095.9234,114.8176,269.3974,Deutschland 
13222,Deutschland ,German,European,8.3753,844.8010,2.1751,90.9846,Deutschland 
13223,Deutschland ,German,European,100.1512,485.3168,8.1444,6.6068,Deutschland 
13224,Deutschland ,German,European,472.7126,4470.7267,46.6308,277.4139,Deutschland 
13225,Deutschland ,German,European,159.3914,2671.0394,119.8429,174.2390,Deutschland 
13226,Deutschland ,German,European,743.0717,6616.3980,90.1737,396.2749,Deutschland 
13227,Deutschland ,German,European,19.0415,559.0883,17.1831,48.7422,Deutschland 
13228,Deutschland ,German,European,496.0747,3325.5139,179.1154,62.2604,Deutschland 
13229,Deutschland ,German,European,0.7200,1502.1500,12.5600,163.2600,Deutschland 
13230,Deutschland ,German,European,109.9780,1764.2165,184.6971,63.6435,Deutschland 
13231,Deutschland ,German,European,482.0068,5062.3160,21.8770,358.9625,Deutschland 
13232,Deutschland ,German,European,407.3267,3783.3450,25.3996,237.7044,Deutschland 
13233,Deutschland ,German,European,322.2384,1955.6270,34.0589,67.8987,Deutschland 
13234,Deutschland ,German,European,383.5761,2177.1648,155.4716,4.4479,Deutschland 
13235,Deutschland ,German,European,274.4222,1531.8683,44.4521,34.6993,Deutschland 
13236,Deutschland ,German,European,59.4367,1733.8977,274.6468,37.2549,Deutschland 
13237,Deutschland ,German,European,638.9790,4202.6160,40.4132,170.4076,Deutschland 
13238,Deutschland ,German,European,40.4829,375.9290,4.3839,22.9442,Deutschland 
13239,Deutschland ,German,European,1080.7819,5507.0202,179.8566,51.2231,Deutschland 
13240,Deutschland ,German,European,411.1988,1940.3145,26.8901,20.6193,Deutschland 
13241,Deutschland ,German,European,131.6380,1701.4887,36.7535,114.8107,Deutschland 
13242,Deutschland ,German,European,483.7692,2520.1680,75.6730,24.3219,Deutschland 
13243,Deutschland ,German,European,729.1411,4797.7367,162.6417,146.1515,Deutschland 
13244,Deutschland ,German,European,200.9236,842.6400,14.3880,0.2244,Deutschland 
13245,Deutschland ,German,European,39.1825,865.0056,22.7322,67.0613,Deutschland 
13246,Deutschland ,German,European,0.7200,143.0000,12.5600,9.5100,Deutschland 
13247,Deutschland ,German,European,12.6190,360.1650,20.1300,26.3673,Deutschland 
13248,Deutschland ,German,European,64.4160,322.5000,3.5075,7.2700,Deutschland 
13249,Deutschland ,German,European,183.9970,4645.0260,33.0610,437.3714,Deutschland 
13250,Deutschland ,German,European,206.2856,1720.4506,194.6502,11.4190,Deutschland 
13251,Deutschland ,German,European,19.6381,79.3930,0.5468,0.3164,Deutschland 
13252,Deutschland ,German,European,162.8113,1095.2150,26.1490,41.9872,Deutschland 
13253,Deutschland ,German,European,194.7378,1397.1160,31.8685,65.3030,Deutschland 
13254,Deutschland ,German,European,452.2442,4011.7479,238.3717,142.8758,Deutschland 
13255,Deutschland ,German,European,3.8083,306.1600,7.2170,29.1840,Deutschland 
13256,Deutschland ,German,European,46.4707,394.3910,8.1393,18.9265,Deutschland 
13257,Deutschland ,German,European,35.7478,1948.9837,113.7614,153.0127,Deutschland 
13258,Deutschland ,German,European,67.9035,3183.1026,256.1263,203.3649,Deutschland 
13259,Deutschland ,German,European,9.6158,1405.2074,222.9585,54.0484,Deutschland 
13260,Deutschland ,German,European,479.6940,7046.4761,61.8480,561.2609,Deutschland 
13261,Deutschland ,German,European,68.2103,1186.3400,32.0819,90.6587,Deutschland 
13262,Deutschland ,German,European,30.5574,1036.3927,154.1998,30.6246,Deutschland 
13263,Deutschland ,German,European,23.0742,595.3444,7.6845,54.5749,Deutschland 
13264,Deutschland ,German,European,0.0119,5.3640,0.0000,0.0000,Deutschland 
13265,Deutschland ,German,European,124.9172,1000.6256,24.2722,44.9672,Deutschland 
13266,Deutschland ,German,European,189.5753,3089.4124,330.2036,115.6050,Deutschland 
13267,Deutschland ,German,European,720.3747,3935.9525,49.2603,120.3392,Deutschland 
13268,Deutschland ,German,European,300.3453,1365.3882,10.5383,22.4689,Deutschland 
13269,Deutschland ,German,European,157.4189,5217.0600,44.6980,499.2588,Deutschland 
13270,Deutschland ,German,European,143.0736,694.4480,13.4523,9.9403,Deutschland 
13271,Deutschland ,German,European,922.0880,4467.7291,106.1662,53.1435,Deutschland 
13272,Deutschland ,German,European,528.7865,3925.7716,391.3792,39.9415,Deutschland 
13273,Deutschland ,German,European,18.0970,2861.0661,303.6999,165.6713,Deutschland 
13274,Deutschland ,German,European,64.2316,2223.1113,227.8557,114.2633,Deutschland 
13275,Deutschland ,German,European,161.4171,644.9600,7.0456,0.7580,Deutschland 
13276,Deutschland ,German,European,10.6911,739.5016,117.2386,23.4173,Deutschland 
13277,Deutschland ,German,European,359.8665,2355.1050,105.6813,55.4798,Deutschland 
13278,Deutschland ,German,European,3.9884,694.3436,114.8802,21.2867,Deutschland 
13279,Deutschland ,German,European,236.7930,1300.8447,33.6976,32.1983,Deutschland 
13280,Deutschland ,German,European,33.2038,3840.1780,436.5879,206.4669,Deutschland 
13281,Deutschland ,German,European,848.4444,7437.7262,25.9791,458.1257,Deutschland 
13282,Deutschland ,German,European,118.7261,1295.9290,40.4569,77.4338,Deutschland 
13283,Deutschland ,German,European,204.4894,6977.8795,6.6095,697.3333,Deutschland 
13284,Deutschland ,German,European,364.6257,2617.7295,93.8643,93.8390,Deutschland 
13285,Deutschland ,German,European,339.9509,7308.1860,692.3447,352.0190,Deutschland 
13286,Deutschland ,German,European,48.6258,2652.2191,219.9164,172.0108,Deutschland 
13287,Deutschland ,German,European,889.1177,4110.8880,78.0314,26.4525,Deutschland 
13288,Deutschland ,German,European,236.0944,1952.8605,6.5968,114.5420,Deutschland 
13289,Deutschland ,German,European,73.3565,536.8209,38.5187,11.8790,Deutschland 
13290,Deutschland ,German,European,41.7588,413.6822,5.1464,26.4822,Deutschland 
13291,Deutschland ,German,European,155.3316,1503.1382,25.2406,91.9058,Deutschland 
13292,Deutschland ,German,European,100.6586,2258.8106,415.5924,12.8935,Deutschland 
13293,Deutschland ,German,European,180.1216,1244.4560,27.7878,52.4528,Deutschland 
13295,Deutschland ,German,European,22.8478,527.2440,20.9979,41.6668,Deutschland 
13296,Deutschland ,German,European,59.9923,721.8990,15.6099,44.7546,Deutschland 
13297,Deutschland ,German,European,15.7995,326.5549,2.8598,27.7323,Deutschland 
13298,Deutschland ,German,European,147.1532,1020.9926,49.5506,37.4253,Deutschland 
13299,Deutschland ,German,European,38.6216,578.3530,0.6099,46.6527,Deutschland 
13300,Deutschland ,German,European,104.1521,1478.6990,15.4976,114.4067,Deutschland 
13301,Deutschland ,German,European,316.4340,2034.9000,17.3314,90.4140,Deutschland 
13302,Deutschland ,German,European,,,,,Deutschland 
13303,Deutschland ,German,European,265.4837,3098.6920,14.0910,228.2608,Deutschland 
13304,Deutschland ,German,European,32.4152,747.6863,80.1010,31.5009,Deutschland 
13305,Deutschland ,German,European,257.5911,1845.1595,69.3991,66.3476,Deutschland 
13306,Deutschland ,German,European,460.9986,2696.8040,53.7295,94.3188,Deutschland 
13307,Deutschland ,German,European,363.9119,1939.2279,76.3352,22.4374,Deutschland 
13308,Deutschland ,German,European,155.6970,2307.6400,91.5826,157.7430,Deutschland 
13309,Deutschland ,German,European,2.1185,358.1095,31.4000,23.7750,Deutschland 
13310,Deutschland ,German,European,708.8829,3788.5360,125.6792,41.6877,Deutschland 
13311,Deutschland ,German,European,148.3426,2486.0400,37.4504,204.4236,Deutschland 
13312,Deutschland ,German,European,226.6586,2468.5374,61.5543,157.1474,Deutschland 
13313,Deutschland ,German,European,144.6161,2707.9387,35.6715,229.2933,Deutschland 
13314,Deutschland ,German,European,434.1166,3291.6810,81.8960,146.0183,Deutschland 
13315,Deutschland ,German,European,19.2418,367.1210,27.1057,19.2400,Deutschland 
13316,Deutschland ,German,European,30.9617,4023.3731,315.5777,284.3085,Deutschland 
13317,Deutschland ,German,European,164.5526,968.9341,19.6062,28.2897,Deutschland 
13318,Deutschland ,German,European,61.3729,237.5898,1.5656,1.1023,Deutschland 
13319,Deutschland ,German,European,170.6642,5848.9787,740.0634,240.8614,Deutschland 
13320,Deutschland ,German,European,301.2980,1916.5193,18.5447,77.4104,Deutschland 
13321,Deutschland ,German,European,15.7318,220.5540,9.6414,14.5620,Deutschland 
13322,Deutschland ,German,European,47.2402,1723.6295,40.2244,157.0693,Deutschland 
13323,Deutschland ,German,European,170.6571,1541.4385,126.3918,41.3404,Deutschland 
13324,Deutschland ,German,European,111.2618,758.5080,13.4392,27.9430,Deutschland 
13325,Deutschland ,German,European,261.0728,2044.0567,39.0502,104.8211,Deutschland 
13326,Deutschland ,German,European,217.9623,860.2400,0.8083,1.0145,Deutschland 
13327,Deutschland ,German,European,30.6959,2887.2466,285.0387,172.1887,Deutschland 
13328,Deutschland ,German,European,139.4753,2136.8694,47.8392,161.8065,Deutschland 
13329,Deutschland ,German,European,253.6497,1370.0800,36.1931,31.2034,Deutschland 
13330,Deutschland ,German,European,153.2946,2196.6970,145.2283,114.7571,Deutschland 
13331,Deutschland ,German,European,308.8563,2622.3740,106.3685,107.8919,Deutschland 
13332,Deutschland ,German,European,576.7002,4903.2755,177.8856,218.4143,Deutschland 
13333,Deutschland ,German,European,508.9716,2093.2060,6.9010,11.5330,Deutschland 
13334,Deutschland ,German,European,498.0907,3222.8780,55.8398,124.7178,Deutschland 
13335,Deutschland ,German,European,425.5578,3765.3016,104.3911,183.5862,Deutschland 
13336,Deutschland ,German,European,147.7787,621.7700,10.4039,1.6006,Deutschland 
13337,Deutschland ,German,European,466.6563,3884.2610,32.5756,226.7127,Deutschland 
13338,Deutschland ,German,European,6.7894,4362.2395,540.1022,230.5246,Deutschland 
13339,Deutschland ,German,European,321.3927,3672.7920,45.3234,259.5354,Deutschland 
13340,Deutschland ,German,European,56.4846,1935.7612,63.1277,162.1629,Deutschland 
13341,Deutschland ,German,European,316.5178,2431.7620,24.4930,126.0635,Deutschland 
13342,Deutschland ,German,European,83.8059,1870.9390,252.9940,55.2425,Deutschland 
13343,Deutschland ,German,European,38.8604,2211.1689,73.7609,194.6815,Deutschland 
13344,Deutschland ,German,European,1.2660,915.0021,202.5545,5.2580,Deutschland 
13345,Deutschland ,German,European,55.4127,1661.8898,142.0436,94.5664,Deutschland 
13346,Deutschland ,German,European,97.1720,1192.0000,68.2840,60.5440,Deutschland 
13347,Deutschland ,German,European,409.3189,3058.0080,37.1846,158.3060,Deutschland 
13348,Deutschland ,German,European,109.2243,4868.3480,103.5454,445.8639,Deutschland 
13349,Deutschland ,German,European,5.4244,27.3540,1.4328,0.0540,Deutschland 
13350,Deutschland ,German,European,25.5414,668.1300,35.2905,49.0491,Deutschland 
13351,Deutschland ,German,European,324.4565,4556.1278,38.6258,354.5225,Deutschland 
13352,Deutschland ,German,European,30.5607,534.6200,94.2763,3.0379,Deutschland 
13353,Deutschland ,German,European,304.0078,2430.3840,68.5657,117.7148,Deutschland 
13354,Deutschland ,German,European,6.8926,516.1000,1.4300,55.3580,Deutschland 
13355,Deutschland ,German,European,13.3202,326.5460,10.7910,25.7683,Deutschland 
13356,Deutschland ,German,European,1.6436,5184.4617,8.8824,581.5076,Deutschland 
13357,Deutschland ,German,European,23.3264,297.6800,15.3720,15.9576,Deutschland 
13358,Deutschland ,German,European,402.5444,1650.7200,13.2513,0.2144,Deutschland 
13359,Deutschland ,German,European,234.1256,4916.8610,15.5215,447.2640,Deutschland 
13360,Deutschland ,German,European,412.4801,5302.7610,243.5886,308.1403,Deutschland 
13361,Deutschland ,German,European,661.4371,3684.9196,101.9587,78.1780,Deutschland 
13362,Deutschland ,German,European,1315.4194,6073.3790,380.0597,24.9463,Deutschland 
13363,Deutschland ,German,European,182.6913,2109.2060,52.3023,148.5548,Deutschland 
13364,Deutschland ,German,European,221.3076,2746.9150,0.6535,218.1864,Deutschland 
13365,Deutschland ,German,European,471.9834,4330.8840,30.9156,276.7592,Deutschland 
13366,Deutschland ,German,European,103.7060,2782.8259,386.8476,82.0407,Deutschland 
13367,Deutschland ,German,European,34.8030,338.9206,7.0377,20.3221,Deutschland 
13368,Deutschland ,German,European,4.7388,18.4800,0.0000,0.0528,Deutschland 
13369,Deutschland ,German,European,80.8913,435.4939,1.3794,14.1516,Deutschland 
13370,Deutschland ,German,European,74.3858,741.8688,34.6858,34.9455,Deutschland 
13371,Deutschland ,German,European,93.6981,843.8339,99.0323,8.3040,Deutschland 
13372,Deutschland ,German,European,108.7686,1240.3246,105.6133,48.2169,Deutschland 
13373,Deutschland ,German,European,372.9122,3856.0548,52.0921,264.1321,Deutschland 
13374,Deutschland ,German,European,81.4160,1224.1957,44.8647,83.4432,Deutschland 
13375,Deutschland ,German,European,15.4092,1625.6119,86.6432,137.3707,Deutschland 
13376,Deutschland ,German,European,2.6955,1060.1522,90.9558,73.2575,Deutschland 
13377,Deutschland ,German,European,76.0702,1996.0772,182.7524,108.0175,Deutschland 
13378,Deutschland ,German,European,8.6023,296.0805,5.1533,28.5682,Deutschland 
13379,Deutschland ,German,European,356.4704,2058.5520,50.7140,51.0018,Deutschland 
13380,Deutschland ,German,European,324.2177,1967.0285,34.2542,68.5205,Deutschland 
13381,Deutschland ,German,European,457.1387,2050.5730,25.9623,19.5179,Deutschland 
13382,Deutschland ,German,European,325.0870,3549.0431,279.6109,122.9866,Deutschland 
13383,Deutschland ,German,European,38.7800,2073.1431,184.4170,127.7676,Deutschland 
13384,Deutschland ,German,European,103.5083,2468.7040,33.6408,218.0525,Deutschland 
13385,Deutschland ,German,European,100.9985,3265.1491,417.1410,121.5176,Deutschland 
13386,Deutschland ,German,European,175.4506,678.6192,1.9774,3.5794,Deutschland 
13387,Deutschland ,German,European,6.0655,714.4846,116.0594,22.3520,Deutschland 
13388,Deutschland ,German,European,750.7504,4077.0584,114.4836,83.4875,Deutschland 
13389,Deutschland ,German,European,173.5457,2576.0400,120.6893,160.5227,Deutschland 
13390,Deutschland ,German,European,391.3574,2522.7230,14.0517,107.6933,Deutschland 
13391,Deutschland ,German,European,166.2304,1702.3880,10.4096,115.0653,Deutschland 
13392,Deutschland ,German,European,60.8993,235.4498,2.9123,0.9356,Deutschland 
13393,Deutschland ,German,European,86.9861,1062.5569,37.2309,67.6784,Deutschland 
13394,Deutschland ,German,European,30.4273,617.3098,68.8928,23.6421,Deutschland 
13395,Deutschland ,German,European,396.8761,1732.1040,12.2493,18.7714,Deutschland 
13396,Deutschland ,German,European,203.9304,1849.6130,13.5692,113.3904,Deutschland 
13397,Deutschland ,German,European,392.1703,3020.1740,79.7640,145.1443,Deutschland 
13398,Deutschland ,German,European,193.3879,1496.2300,33.9018,67.0230,Deutschland 
13399,Deutschland ,German,European,176.7791,2591.1725,198.2456,121.6219,Deutschland 
13400,Deutschland ,German,European,202.2110,1587.8460,57.8172,66.0285,Deutschland 
13401,Deutschland ,German,European,43.0103,600.7980,2.7039,47.6165,Deutschland 
13402,Deutschland ,German,European,242.2856,2204.9667,70.8288,117.7225,Deutschland 
13403,Deutschland ,German,European,48.2465,447.8292,19.3084,21.1578,Deutschland 
13404,Deutschland ,German,European,53.3402,698.0023,4.9715,43.7262,Deutschland 
13405,Deutschland ,German,European,21.9458,754.8880,50.7103,50.9101,Deutschland 
13406,Deutschland ,German,European,444.9006,3369.5733,80.1045,153.6342,Deutschland 
13407,Deutschland ,German,European,164.5000,3766.0227,124.9029,294.4501,Deutschland 
13408,Deutschland ,German,European,65.1645,861.4378,95.7753,24.0750,Deutschland 
107251,Deutschland ,Austrian,European,24.0385,743.5000,22.9315,63.3200,Deutschland 
107252,Deutschland ,Austrian,European,48.4654,611.7150,35.2002,32.8880,Deutschland 
107253,Deutschland ,Austrian,European,405.8523,1729.2850,21.5845,0.3391,Deutschland 
107254,Deutschland ,Austrian,European,127.7370,722.5608,22.0096,11.7668,Deutschland 
107255,Deutschland ,Austrian,European,94.5414,1361.2250,38.2577,94.3223,Deutschland 
107256,Deutschland ,Austrian,European,69634.0499,318129.3760,5177.1304,1238.8066,Deutschland 
107257,Deutschland ,Austrian,European,358.5885,2108.2267,45.2121,56.7190,Deutschland 
107258,Deutschland ,Austrian,European,233.9914,5177.1430,59.5073,463.3008,Deutschland 
107259,Deutschland ,Austrian,European,24.4069,598.7000,26.9192,45.2666,Deutschland 
107260,Deutschland ,Austrian,European,124.8819,2915.9800,217.1203,183.2946,Deutschland 
107261,Deutschland ,Austrian,European,374.5817,1514.6400,3.5695,1.0060,Deutschland 
107262,Deutschland ,Austrian,European,3.4580,494.7420,0.3356,54.3053,Deutschland 
107263,Deutschland ,Austrian,European,55.3231,1400.9536,226.8483,30.9857,Deutschland 
107264,Deutschland ,Austrian,European,11.4839,472.0417,38.6096,29.0701,Deutschland 
107265,Deutschland ,Austrian,European,64.4066,1089.4967,189.3171,6.1231,Deutschland 
107266,Deutschland ,Austrian,European,24.0740,423.3079,13.2200,33.6820,Deutschland 
107267,Deutschland ,Austrian,European,0.2610,1.8000,0.1962,0.0438,Deutschland 
107268,Deutschland ,Austrian,European,0.6769,1048.3862,124.5822,57.2768,Deutschland 
107269,Deutschland ,Austrian,European,35.7039,1545.0506,86.9151,118.1585,Deutschland 
107270,Deutschland ,Austrian,European,0.8571,3.2177,0.0736,0.1167,Deutschland 
107271,Deutschland ,Austrian,European,112.2225,7240.8333,1190.4375,208.4833,Deutschland 
107272,Deutschland ,Austrian,European,365.0365,3166.6267,68.7847,173.3313,Deutschland 
107273,Deutschland ,Austrian,European,58.5737,1102.3250,100.9731,50.4265,Deutschland 
107274,Deutschland ,Austrian,European,417.8973,3111.3380,76.0304,134.6465,Deutschland 
107275,Deutschland ,Austrian,European,65.4872,1338.2352,208.5684,20.0391,Deutschland 
107276,Deutschland ,Austrian,European,29.8465,1074.5957,50.5546,86.0044,Deutschland 
107277,Deutschland ,Austrian,European,30.0353,1761.5991,94.1038,142.2689,Deutschland 
107278,Deutschland ,Austrian,European,27.9207,1231.8076,129.0642,66.6827,Deutschland 
107279,Deutschland ,Austrian,European,52.6786,12439.2496,69.5957,1353.4921,Deutschland 
107280,Deutschland ,Austrian,European,33.3084,178.6350,14.2875,1.6447,Deutschland 
107281,Deutschland ,Austrian,European,22.4000,181.3000,1.5050,9.6250,Deutschland 
107282,Deutschland ,Austrian,European,117.4315,3244.9334,305.4753,169.1425,Deutschland 
107283,Deutschland ,Austrian,European,37.6479,983.8782,72.9665,62.0621,Deutschland 
107284,Deutschland ,Austrian,European,238.8970,950.2641,10.2670,0.9324,Deutschland 
107285,Deutschland ,Austrian,European,70.1328,2056.3924,95.1405,162.2636,Deutschland 
107286,Deutschland ,Austrian,European,1.5104,111.3140,5.4387,9.1056,Deutschland 
107287,Deutschland ,Austrian,European,378.1571,25359.3112,141.5674,2653.0363,Deutschland 
107288,Deutschland ,Austrian,European,1.8752,9.5720,0.6236,0.1325,Deutschland 
107289,Deutschland ,Austrian,European,7.6365,472.7320,5.4093,48.7942,Deutschland 
107290,Deutschland ,Austrian,European,113.1501,631.9111,8.5304,18.2795,Deutschland 
107291,Deutschland ,Austrian,European,3.7084,250.7953,51.1463,2.3456,Deutschland 
107292,Deutschland ,Austrian,European,164.1719,639.8025,1.2889,2.7345,Deutschland 
107293,Deutschland ,Austrian,European,190.4060,1462.3380,38.9407,63.5711,Deutschland 
107294,Deutschland ,Austrian,European,97.7127,975.9268,34.3930,54.9106,Deutschland 
107295,Deutschland ,Austrian,European,23.9513,586.2101,96.3473,10.1309,Deutschland 
107296,Deutschland ,Austrian,European,0.8220,102.0000,0.8520,10.8240,Deutschland 
107297,Deutschland ,Austrian,European,97.1065,2396.4998,263.9544,108.7552,Deutschland 
107298,Deutschland ,Austrian,European,233.8572,1290.7595,13.4609,33.5245,Deutschland 
107299,Deutschland ,Austrian,European,42.4612,1093.4163,93.7839,59.2166,Deutschland 
107300,Deutschland ,Austrian,European,30.4074,1424.9980,180.9851,65.1796,Deutschland 
107301,Deutschland ,Austrian,European,308.0953,1379.5849,24.2966,13.2344,Deutschland 
107302,Deutschland ,Austrian,European,505.6210,6097.5500,50.7620,439.8740,Deutschland 
107303,Deutschland ,Austrian,European,14.9440,415.6960,1.7600,40.9600,Deutschland 
107304,Deutschland ,Austrian,European,149.3919,1611.0275,38.6138,102.4375,Deutschland 
107305,Deutschland ,Austrian,European,19067.6475,88164.1280,1436.4011,456.6242,Deutschland 
107306,Deutschland ,Austrian,European,3011.9718,38541.7659,1949.1603,2095.2504,Deutschland 
107307,Deutschland ,Austrian,European,176.8524,7935.9522,417.3735,633.2585,Deutschland 
107308,Deutschland ,Austrian,European,47.3662,1797.2060,236.0102,70.8803,Deutschland 
107309,Deutschland ,Austrian,European,173.1911,888.2910,28.3113,14.0195,Deutschland 
107310,Deutschland ,Austrian,European,41945.0190,215414.2065,4682.1525,2696.8749,Deutschland 
107311,Deutschland ,Austrian,European,105.2145,1609.8667,72.7288,104.6053,Deutschland 
107312,Deutschland ,Austrian,European,238.4255,2078.5793,130.6472,68.4567,Deutschland 
107313,Deutschland ,Austrian,European,7.4843,104.5665,16.8300,0.4250,Deutschland 
107314,Deutschland ,Austrian,European,154.7117,1226.8703,15.2440,62.2680,Deutschland 
107315,Deutschland ,Austrian,European,160.7796,3515.9523,77.2480,301.6647,Deutschland 
107316,Deutschland ,Austrian,European,80.2370,355.7920,12.3670,3.2850,Deutschland 
107317,Deutschland ,Austrian,European,41.3257,325.8645,6.9117,16.7504,Deutschland 
107318,Deutschland ,Austrian,European,6684.1200,41485.5288,1513.8993,1005.2695,Deutschland 
107319,Deutschland ,Austrian,European,1135.2367,5673.6370,181.1549,43.4301,Deutschland 
107320,Deutschland ,Austrian,European,68.4597,2244.7775,61.9451,206.2054,Deutschland 
107321,Deutschland ,Austrian,European,174.0646,2839.7995,25.0981,251.8844,Deutschland 
107322,Deutschland ,Austrian,European,90.1063,666.4952,28.1966,20.6707,Deutschland 
107323,Deutschland ,Austrian,European,405.9513,2444.3547,27.2487,77.6091,Deutschland 
107324,Deutschland ,Austrian,European,2.4339,491.9400,0.0069,54.5013,Deutschland 
107325,Deutschland ,Austrian,European,24.1484,5467.6569,282.2162,463.2440,Deutschland 
107326,Deutschland ,Austrian,European,11.6516,436.3104,22.9144,34.2195,Deutschland 
107327,Deutschland ,Austrian,European,1.0479,6.9930,0.4152,0.3064,Deutschland 
107328,Deutschland ,Austrian,European,14.9597,1435.0021,107.6710,102.9595,Deutschland 
107329,Deutschland ,Austrian,European,1001.5731,3831.9766,7.1661,13.2265,Deutschland 
107330,Deutschland ,Austrian,European,19.4045,390.6860,22.5328,26.2637,Deutschland 
107331,Deutschland ,Austrian,European,19.9281,609.4475,28.0222,46.0167,Deutschland 
107332,Deutschland ,Austrian,European,37.5934,512.4330,16.4910,36.6573,Deutschland 
107333,Deutschland ,Austrian,European,434.6450,5569.2250,81.7949,402.8161,Deutschland 
107334,Deutschland ,Austrian,European,32.1480,827.0000,33.9320,67.1100,Deutschland 
107335,Deutschland ,Austrian,European,53.9262,2340.8600,287.7270,101.3306,Deutschland 
107336,Deutschland ,Austrian,European,259.1945,4166.1939,202.6533,251.9314,Deutschland 
107337,Deutschland ,Austrian,European,31.5370,126.2413,1.6900,0.5160,Deutschland 
107338,Deutschland ,Austrian,European,37.2055,856.3543,62.0408,53.5539,Deutschland 
107339,Deutschland ,Austrian,European,51.7312,1028.3752,184.8516,5.6149,Deutschland 
107340,Deutschland ,Austrian,European,39.3874,3917.8430,475.3335,195.6242,Deutschland 
107341,Deutschland ,Austrian,European,64.2098,1170.2998,190.5656,10.5232,Deutschland 
107342,Deutschland ,Austrian,European,68.5378,743.7900,29.5707,39.8494,Deutschland 
107343,Deutschland ,Austrian,European,1.4400,1434.6422,204.7122,62.6451,Deutschland 
107344,Deutschland ,Austrian,European,675.2634,5474.9185,71.6852,304.0725,Deutschland 
107345,Deutschland ,Austrian,European,161.0890,934.2200,30.2430,16.8938,Deutschland 
107346,Deutschland ,Austrian,European,32.3714,287.5700,14.9102,10.0709,Deutschland 
107347,Deutschland ,Austrian,European,565.0564,4329.2795,95.8022,219.6687,Deutschland 
107348,Deutschland ,Austrian,European,48.8594,1881.4783,234.1159,81.2177,Deutschland 
107349,Deutschland ,Austrian,European,380.5688,8700.8427,52.4325,791.7805,Deutschland 
107350,Deutschland ,Austrian,European,77.6788,571.5800,19.0745,20.6994,Deutschland 
107351,Deutschland ,Austrian,European,639.4507,4729.8840,138.7691,206.8030,Deutschland 
107352,Deutschland ,Austrian,European,24.8493,567.3500,49.2223,29.4001,Deutschland 
107353,Deutschland ,Austrian,European,60.8553,533.1512,17.0625,29.3347,Deutschland 
107354,Deutschland ,Austrian,European,30761.3411,131392.1858,369.4111,1099.7665,Deutschland 
107355,Deutschland ,Austrian,European,10.8749,186.6250,8.6751,13.1000,Deutschland 
107356,Deutschland ,Austrian,European,493.3450,2606.3100,65.6227,34.6467,Deutschland 
107357,Deutschland ,Austrian,European,1.0615,853.9165,100.8897,46.7367,Deutschland 
107358,Deutschland ,Austrian,European,31.9076,145.9434,6.0286,1.3561,Deutschland 
107359,Deutschland ,Austrian,European,55.7987,1435.4201,99.9320,90.2860,Deutschland 
107360,Deutschland ,Austrian,European,418.1579,2124.6872,64.6337,33.0442,Deutschland 
107361,Deutschland ,Austrian,European,53.1988,25579.0760,1686.2596,2064.3214,Deutschland 
107362,Deutschland ,Austrian,European,48.2832,647.5250,27.2798,43.3564,Deutschland 
107363,Deutschland ,Austrian,European,9992.2614,59849.2433,2186.1350,1165.6258,Deutschland 
107364,Deutschland ,Austrian,European,344.2428,2599.2325,73.6116,109.3132,Deutschland 
107365,Deutschland ,Austrian,European,138.1279,1086.9219,44.4296,40.1134,Deutschland 
107366,Deutschland ,Austrian,European,24852.9755,114351.2911,1331.5374,1897.6922,Deutschland 
107367,Deutschland ,Austrian,European,17.0623,537.1400,13.1002,49.0078,Deutschland 
107368,Deutschland ,Austrian,European,1658.4365,15696.9578,1694.4440,232.0650,Deutschland 
107369,Deutschland ,Austrian,European,13.9522,240.1202,1.0291,9.8316,Deutschland 
107370,Deutschland ,Austrian,European,1017.7795,305717.9059,221.2699,34100.8949,Deutschland 
107371,Deutschland ,Austrian,European,79651.5816,339058.9409,3055.2071,1940.8660,Deutschland 
107372,Deutschland ,Austrian,European,436.1021,2915.4740,67.5715,106.5310,Deutschland 
107373,Deutschland ,Austrian,European,146.8997,612.6500,2.5029,1.7496,Deutschland 
107374,Deutschland ,Austrian,European,88.1527,1970.7285,192.2508,94.6000,Deutschland 
107375,Deutschland ,Austrian,European,462.8066,1921.2525,25.7630,4.5484,Deutschland 
107376,Deutschland ,Austrian,European,482.1434,2201.3194,37.8809,8.4960,Deutschland 
107377,Deutschland ,Austrian,European,89.4418,843.6820,1.9174,55.7868,Deutschland 
107378,Deutschland ,Austrian,European,5157.6709,25623.6460,859.5492,121.1506,Deutschland 
107379,Deutschland ,Austrian,European,55.3913,753.3728,7.9243,58.5461,Deutschland 
107380,Deutschland ,Austrian,European,514.5305,2320.0200,74.5404,27.5436,Deutschland 
107381,Deutschland ,Austrian,European,121.3208,1136.5955,18.0905,65.3815,Deutschland 
107382,Deutschland ,Austrian,European,8.0793,171.9582,5.3770,14.4069,Deutschland 
107383,Deutschland ,Austrian,European,83.6757,2042.6475,83.7437,164.4921,Deutschland 
107384,Deutschland ,Austrian,European,3159.3236,42534.7600,2095.4128,2438.6020,Deutschland 
107385,Deutschland ,Austrian,European,91.4577,594.9611,31.5162,18.5014,Deutschland 
107386,Deutschland ,Austrian,European,428.6626,7507.6450,43.3684,667.4213,Deutschland 
107387,Deutschland ,Austrian,European,17.3375,1720.6309,252.6590,66.0887,Deutschland 
107388,Deutschland ,Austrian,European,94.2687,659.6461,20.5420,29.8941,Deutschland 
107389,Deutschland ,Austrian,European,69.5208,1100.9451,26.0460,86.2763,Deutschland 
107390,Deutschland ,Austrian,European,6862.3403,42220.0634,1921.8681,971.3405,Deutschland 
107391,Deutschland ,Austrian,European,55.6712,3143.8471,521.0714,89.6472,Deutschland 
107392,Deutschland ,Austrian,European,285.6635,2324.9820,21.6925,120.2989,Deutschland 
107393,Deutschland ,Austrian,European,191.9437,1653.4744,69.7445,74.7495,Deutschland 
107394,Deutschland ,Austrian,European,3083.2749,122924.0380,4211.9187,10625.0984,Deutschland 
107395,Deutschland ,Austrian,European,164.8004,2070.1740,170.9501,95.3778,Deutschland 
107396,Deutschland ,Austrian,European,12503.5118,55129.5100,193.9755,529.7047,Deutschland 
107397,Deutschland ,Austrian,European,94.6836,830.8960,19.9635,44.1213,Deutschland 
107398,Deutschland ,Austrian,European,15811.3743,98281.3979,3582.0164,2392.9104,Deutschland 
107399,Deutschland ,Austrian,European,194.8720,4701.1550,61.1567,413.5848,Deutschland 
107400,Deutschland ,Austrian,European,64.4335,903.4368,35.7083,56.6337,Deutschland 
107401,Deutschland ,Austrian,European,97.6691,961.6058,90.7274,23.7626,Deutschland 
107402,Deutschland ,Austrian,European,222.9593,1296.7750,52.2366,35.2815,Deutschland 
107403,Deutschland ,Austrian,European,80.4212,2097.4002,45.4019,194.5876,Deutschland 
107404,Deutschland ,Austrian,European,29.4744,13809.4041,738.7430,1177.6887,Deutschland 
107405,Deutschland ,Austrian,European,50028.7977,194436.4800,19.1160,83.8933,Deutschland 
107406,Deutschland ,Austrian,European,101.1824,754.5300,6.1669,39.8936,Deutschland 
107407,Deutschland ,Austrian,European,0.0000,481.7800,0.0000,54.5000,Deutschland 
107408,Deutschland ,Austrian,European,435.5578,4083.4500,198.7111,190.4744,Deutschland 
107409,Deutschland ,Austrian,European,17.7278,80.2260,2.6115,1.0265,Deutschland 
107410,Deutschland ,Austrian,European,98.2610,3297.6150,44.6180,313.9100,Deutschland 
107411,Deutschland ,Austrian,European,33.0481,1378.6175,15.5463,133.4123,Deutschland 
107412,Deutschland ,Austrian,European,161.9980,2610.1850,68.2521,198.1952,Deutschland 
107413,Deutschland ,Austrian,European,21.5982,765.8317,127.2658,16.7190,Deutschland 
107414,Deutschland ,Austrian,European,695.7724,5480.4896,271.3762,172.5434,Deutschland 
107415,Deutschland ,Austrian,European,28.3118,640.6342,51.4098,36.8114,Deutschland 
107416,Deutschland ,Austrian,European,27.3313,950.3979,12.6474,95.2204,Deutschland 
107417,Deutschland ,Austrian,European,169.2530,944.3768,22.2198,22.9782,Deutschland 
107418,Deutschland ,Austrian,European,96.2454,2919.2896,352.1411,116.2386,Deutschland 
107419,Deutschland ,Austrian,European,55.1744,622.0860,19.2895,39.5901,Deutschland 
107420,Deutschland ,Austrian,European,18.2589,69.6865,0.6407,0.2938,Deutschland 
107421,Deutschland ,Austrian,European,137.2582,1265.1720,36.3813,67.4729,Deutschland 
107422,Deutschland ,Austrian,European,606.0483,2936.0580,53.8861,30.4190,Deutschland 
107423,Deutschland ,Austrian,European,51.3094,904.4011,60.1792,52.5846,Deutschland 
107424,Deutschland ,Austrian,European,618.8019,3894.3019,140.1105,92.5583,Deutschland 
107425,Deutschland ,Austrian,European,540.1995,22800.7100,281.2967,2225.6682,Deutschland 
107426,Deutschland ,Austrian,European,8.4346,1.2808,0.0486,0.0132,Deutschland 
107427,Deutschland ,Austrian,European,,,,,Deutschland 
107428,Deutschland ,Austrian,European,377.1689,4053.0812,148.3440,225.8110,Deutschland 
107429,Deutschland ,Austrian,European,408.9387,2804.1547,42.7292,116.3946,Deutschland 
107430,Deutschland ,Austrian,European,295.3162,1984.8435,72.9540,97.1761,Deutschland 
107431,Deutschland ,Austrian,European,45.9095,1814.3000,78.1741,150.9909,Deutschland 
107432,Deutschland ,Austrian,European,3298.5835,173241.4750,10279.1386,13249.1797,Deutschland 
107433,Deutschland ,Austrian,European,2.3337,39.1058,8.4636,0.2257,Deutschland 
107434,Deutschland ,Austrian,European,104.3778,1001.4630,45.8287,46.3449,Deutschland 
107435,Deutschland ,Austrian,European,363.7182,2817.1300,79.8962,122.2481,Deutschland 
107436,Deutschland ,Austrian,European,166.7959,1633.7275,20.9243,99.0365,Deutschland 
107437,Deutschland ,Austrian,European,112.5019,813.6080,27.0978,29.4475,Deutschland 
107438,Deutschland ,Austrian,European,53.5842,3429.9770,160.7193,281.6684,Deutschland 
107439,Deutschland ,Austrian,European,19750.0184,122188.8085,4469.5107,2922.1923,Deutschland 
107440,Deutschland ,Austrian,European,281.0850,4811.0050,122.1450,376.5650,Deutschland 
107441,Deutschland ,Austrian,European,132.6671,1118.6450,73.4997,33.2590,Deutschland 
107442,Deutschland ,Austrian,European,51.2004,950.3029,68.1393,52.0689,Deutschland 
107443,Deutschland ,Austrian,European,202.1753,1178.7535,32.8252,24.9484,Deutschland 
107444,Deutschland ,Austrian,European,325.8429,1681.4300,49.2085,15.6461,Deutschland 
107445,Deutschland ,Austrian,European,19822.2221,122239.8400,4494.1031,2888.6000,Deutschland 
107446,Deutschland ,Austrian,European,146.0535,960.2150,28.4161,28.5854,Deutschland 
107447,Deutschland ,Austrian,European,250.7386,1007.5400,4.2370,5.6808,Deutschland 
107448,Deutschland ,Austrian,European,31.8214,652.2148,30.7126,45.6330,Deutschland 
107449,Deutschland ,Austrian,European,662.7016,3542.9606,96.7039,47.2163,Deutschland 
107450,Deutschland ,Austrian,European,9.6745,821.3215,49.4384,65.5877,Deutschland 
107451,Deutschland ,Austrian,European,19.0272,219.4038,9.0092,12.0629,Deutschland 
107452,Deutschland ,Austrian,European,82.2655,3973.4784,391.7950,235.9876,Deutschland 
107453,Deutschland ,Austrian,European,82.6546,643.9410,15.7723,30.0916,Deutschland 
107454,Deutschland ,Austrian,European,7.9380,990.9267,61.0735,79.2355,Deutschland 
107455,Deutschland ,Austrian,European,507.5449,3451.7172,109.1844,102.7246,Deutschland 
107456,Deutschland ,Austrian,European,40589.8450,196993.4000,4954.5850,1258.0750,Deutschland 
107457,Deutschland ,Austrian,European,53344.7085,396974.5000,13608.0915,13760.1800,Deutschland 
107458,Deutschland ,Austrian,European,1027.8684,21713.1140,676.1294,1815.0901,Deutschland 
107459,Deutschland ,Austrian,European,982.1250,21375.0000,667.8750,1800.0000,Deutschland 
107460,Deutschland ,Austrian,European,10.1626,3337.0924,519.4393,121.7396,Deutschland 
107461,Deutschland ,Austrian,European,332.5676,2068.0425,121.4671,34.1955,Deutschland 
107462,Deutschland ,Austrian,European,100798.8233,402992.5617,0.0972,0.0265,Deutschland 
107463,Deutschland ,Austrian,European,389.7563,2091.0340,67.8019,26.3053,Deutschland 
107464,Deutschland ,Austrian,European,343.2087,3302.1848,123.0019,155.8238,Deutschland 
107465,Deutschland ,Austrian,European,,,,,Deutschland 
107466,Deutschland ,Austrian,European,83864.5420,393073.6725,14.4681,8004.2793,Deutschland 
107467,Deutschland ,Austrian,European,221.3878,947.4050,10.4192,6.5129,Deutschland 
107468,Deutschland ,Austrian,European,892.5665,3648.4300,39.9572,3.2916,Deutschland 
107469,Deutschland ,Austrian,European,147.2213,2573.0602,86.2368,193.6103,Deutschland 
107470,Deutschland ,Austrian,European,2135.0879,10585.7830,612.1639,162.5382,Deutschland 
107471,Deutschland ,Austrian,European,29.5775,1064.9215,32.4553,91.2917,Deutschland 
107472,Deutschland ,Austrian,European,112.1029,1790.7898,126.8883,92.9599,Deutschland 
107473,Deutschland ,Austrian,European,1459.3259,15269.2716,109.6230,1000.6693,Deutschland 
107474,Deutschland ,Austrian,European,65.0629,2450.2673,370.2922,69.6236,Deutschland 
107475,Deutschland ,Austrian,European,17.9591,85.4498,2.6115,1.0265,Deutschland 
107476,Deutschland ,Austrian,European,204.0706,2549.2106,60.0324,176.9219,Deutschland 
107477,Deutschland ,Austrian,European,1013.7764,21519.5700,670.2252,1800.5609,Deutschland 
107478,Deutschland ,Austrian,European,118.6099,616.4975,10.5601,15.0107,Deutschland 
107479,Deutschland ,Austrian,European,43.1949,1206.5035,108.6219,69.1317,Deutschland 
107480,Deutschland ,Austrian,European,64308.1837,316698.6683,3981.5725,4687.4438,Deutschland 
107481,Deutschland ,Austrian,European,19803.7938,122259.1176,4477.7164,2903.3551,Deutschland 
107482,Deutschland ,Austrian,European,46.8616,1269.4400,40.8620,108.1924,Deutschland 
107483,Deutschland ,Austrian,European,58.7099,922.0650,48.0495,57.7890,Deutschland 
107484,Deutschland ,Austrian,European,114.5558,1863.5893,12.7589,155.1674,Deutschland 
107485,Deutschland ,Austrian,European,185.2635,2024.7717,38.6719,131.6254,Deutschland 
107486,Deutschland ,Austrian,European,227.4088,3141.5868,19.9817,247.3784,Deutschland 
107487,Deutschland ,Austrian,European,45561.4016,197665.2200,1930.0200,556.3450,Deutschland 
107488,Deutschland ,Austrian,European,330.6383,3063.5550,74.7081,168.6380,Deutschland 
107489,Deutschland ,Austrian,European,312.5013,3762.3250,63.9816,255.8990,Deutschland 
107490,Deutschland ,Austrian,European,264.0819,2825.9367,52.4735,203.6602,Deutschland 
107491,Deutschland ,Austrian,European,99.7151,2227.8625,77.4277,183.7840,Deutschland 
107492,Deutschland ,Austrian,European,1782.7102,22763.3592,1156.6148,1232.0001,Deutschland 
107493,Deutschland ,Austrian,European,403.7147,3373.6168,47.2201,176.0657,Deutschland 
107494,Deutschland ,Austrian,European,45660.9016,521027.3808,24009.4986,26827.1582,Deutschland 
107495,Deutschland ,Austrian,European,52662.2039,210725.9100,856.0725,301.6575,Deutschland 
107496,Deutschland ,Austrian,European,196.2013,2026.7690,47.2578,116.7906,Deutschland 
107497,Deutschland ,Austrian,European,66.8109,1524.3010,21.9550,134.7730,Deutschland 
107498,Deutschland ,Austrian,European,60497.0160,272646.8888,3252.2043,2073.7840,Deutschland 
107499,Deutschland ,Austrian,European,528.1635,3779.5960,67.0798,163.5722,Deutschland 
107500,Deutschland ,Austrian,European,5108.6317,21605.0800,74.0323,185.1870,Deutschland 
107501,Deutschland ,Austrian,European,31.6532,4796.9492,14.1411,522.7014,Deutschland 
107502,Deutschland ,Austrian,European,49.2125,915.0612,49.4088,61.8024,Deutschland 
107503,Deutschland ,Austrian,European,233.2706,2932.5091,11.2539,229.8908,Deutschland 
107504,Deutschland ,Austrian,European,350.2902,1949.3887,14.2992,58.3434,Deutschland 
107505,Deutschland ,Austrian,European,944.8064,7517.8772,52.2443,394.9308,Deutschland 
107506,Deutschland ,Austrian,European,120.0922,622.4340,24.8681,8.5075,Deutschland 
107507,Deutschland ,Austrian,European,367.1402,3246.4920,106.2698,165.9050,Deutschland 
107508,Deutschland ,Austrian,European,49793.5581,218234.5973,2233.5095,931.5861,Deutschland 
107509,Deutschland ,Austrian,European,161.7324,1846.7513,21.0046,127.6813,Deutschland 
107510,Deutschland ,Austrian,European,157.3916,1724.8480,50.1329,108.9509,Deutschland 
107511,Deutschland ,Austrian,European,79617.7588,412802.1900,8835.1852,5858.5858,Deutschland 
107512,Deutschland ,Austrian,European,519.1549,2510.2800,58.0256,25.7541,Deutschland 
107513,Deutschland ,Austrian,European,174.4160,1533.2968,59.3688,70.3571,Deutschland 
107514,Deutschland ,Austrian,European,58195.3519,256227.5760,2861.3149,878.1061,Deutschland 
107515,Deutschland ,Austrian,European,13336.7933,53279.6535,99.2619,140.0501,Deutschland 
107516,Deutschland ,Austrian,European,307.3212,3132.6550,77.7630,193.5922,Deutschland 
107517,Deutschland ,Austrian,European,199.1931,1692.4527,30.2163,91.1494,Deutschland 
107518,Deutschland ,Austrian,European,501.7500,6416.8256,117.8391,445.4283,Deutschland 
107519,Deutschland ,Austrian,European,507.2507,3398.2664,72.0490,126.3130,Deutschland 
107520,Deutschland ,Austrian,European,21881.5074,88826.4480,240.4059,384.8283,Deutschland 
107521,Deutschland ,Austrian,European,323.1244,2914.8282,47.9904,171.9907,Deutschland 
107522,Deutschland ,Austrian,European,204.9300,1638.7285,27.6833,86.4352,Deutschland 
107523,Deutschland ,Austrian,European,60.7971,1092.5280,15.2825,90.0200,Deutschland 
107524,Deutschland ,Austrian,European,171.3378,1615.9099,52.3225,84.3140,Deutschland 
107525,Deutschland ,Austrian,European,126.7414,2444.1246,95.9144,187.0854,Deutschland 
107526,Deutschland ,Austrian,European,315.3645,3266.4720,112.3114,182.4608,Deutschland 
107527,Deutschland ,Austrian,European,237.5490,2879.4579,24.1255,204.5075,Deutschland 
107528,Deutschland ,Austrian,European,296.9184,3015.3100,27.1124,190.8502,Deutschland 
107529,Deutschland ,Austrian,European,31814.1872,146726.2080,1750.9169,1231.1811,Deutschland 
107530,Deutschland ,Austrian,European,117.8547,1024.3327,18.3324,55.5961,Deutschland 
107531,Deutschland ,Austrian,European,46674.3221,213411.9139,3091.9987,2436.9261,Deutschland 
107532,Deutschland ,Austrian,European,31016.7690,159871.3000,2381.2150,2836.5510,Deutschland 
107533,Deutschland ,Austrian,European,655.1387,11373.4534,177.9088,914.3753,Deutschland 
107534,Deutschland ,Austrian,European,45247.1496,207718.9190,2690.4675,1465.6550,Deutschland 
107535,Deutschland ,Austrian,European,197.9810,5407.1700,80.7012,494.8456,Deutschland 
107536,Deutschland ,Austrian,European,93987.0232,401091.9179,3880.4352,1084.2444,Deutschland 
107537,Deutschland ,Austrian,European,757.2810,5314.9108,131.1856,211.2005,Deutschland 
107538,Deutschland ,Austrian,European,40132.2554,585288.1411,1077.7029,47918.3185,Deutschland 
107539,Deutschland ,Austrian,European,70.9066,1626.2067,56.8117,128.6827,Deutschland 
107540,Deutschland ,Austrian,European,543.5463,2167.6355,4.6897,2.6548,Deutschland 
107541,Deutschland ,Austrian,European,66612.4816,335302.5288,6905.7186,3873.3232,Deutschland 
107542,Deutschland ,Austrian,European,750.5246,4873.9790,79.9909,193.3433,Deutschland 
107543,Deutschland ,Austrian,European,57496.0948,241766.4362,1018.9106,2218.7399,Deutschland 
107544,Deutschland ,Austrian,European,29.3407,820.4133,117.3350,24.9691,Deutschland 
107545,Deutschland ,Austrian,European,173.4535,1655.5216,106.4761,60.9418,Deutschland 
107546,Deutschland ,Austrian,European,139.5693,806.3660,24.6550,19.2889,Deutschland 
107547,Deutschland ,Austrian,European,131.3578,1227.4375,25.8457,66.3879,Deutschland 
107548,Deutschland ,Austrian,European,246.8227,1415.4087,29.8352,33.3078,Deutschland 
107549,Deutschland ,Austrian,European,240.1110,2866.8860,132.5398,169.3740,Deutschland 
107550,Deutschland ,Austrian,European,644.2745,2791.9106,46.2063,2.0372,Deutschland 
107551,Deutschland ,Austrian,European,274.0778,1319.1000,7.1940,24.1242,Deutschland 
107552,Deutschland ,Austrian,European,138.5414,1625.7376,134.4920,57.5011,Deutschland 
107553,Deutschland ,Austrian,European,531.2865,5488.3050,78.8065,348.3190,Deutschland 
107554,Deutschland ,Austrian,European,578.2503,3889.7450,112.1819,128.7679,Deutschland 
107555,Deutschland ,Austrian,European,261.4023,2354.2960,49.0265,135.9655,Deutschland 
107556,Deutschland ,Austrian,European,38.7120,836.2625,51.1464,55.4760,Deutschland 
107557,Deutschland ,Austrian,European,433.8298,3147.7479,34.8032,155.1867,Deutschland 
107558,Deutschland ,Austrian,European,57.9838,857.5262,42.6365,54.9987,Deutschland 
107559,Deutschland ,Austrian,European,146.9609,1361.7034,25.3608,80.5751,Deutschland 
107560,Deutschland ,Austrian,European,213.6847,1566.4500,33.1232,68.4085,Deutschland 
117261,Deutschland ,Swiss,European,104.9247,1808.9137,286.2542,22.9342,Deutschland 
117262,Deutschland ,Swiss,European,37.1491,2122.7194,141.3621,155.3872,Deutschland 
117263,Deutschland ,Swiss,European,66.5504,2558.1298,123.4036,201.1287,Deutschland 
117264,Deutschland ,Swiss,European,176.7433,1047.5074,31.0901,42.9756,Deutschland 
117265,Deutschland ,Swiss,European,4.8423,1042.1920,71.3763,81.8320,Deutschland 
117266,Deutschland ,Swiss,European,11.1032,1068.0000,71.1952,81.8176,Deutschland 
117267,Deutschland ,Swiss,European,159.5738,840.5700,48.7115,33.1597,Deutschland 
117268,Deutschland ,Swiss,European,16.7667,1495.4333,53.6679,136.3873,Deutschland 
117269,Deutschland ,Swiss,European,2885.7879,550561.7685,36427.6031,42630.9034,Deutschland 
117270,Deutschland ,Swiss,European,48.6566,765.9700,29.9964,51.8292,Deutschland 
117271,Deutschland ,Swiss,European,358.1765,2857.2038,121.5656,106.7039,Deutschland 
117272,Deutschland ,Swiss,European,43.7990,1904.0875,174.4660,111.4663,Deutschland 
117273,Deutschland ,Swiss,European,4542.9334,22079.3355,948.4914,122.7624,Deutschland 
117274,Deutschland ,Swiss,European,30.6803,983.8900,52.5791,73.2918,Deutschland 
117275,Deutschland ,Swiss,European,234.5301,1579.1327,93.9662,30.5557,Deutschland 
117276,Deutschland ,Swiss,European,8.6803,174.5520,5.4678,14.4254,Deutschland 
117277,Deutschland ,Swiss,European,178.8801,1420.2587,74.1704,47.2798,Deutschland 
117278,Deutschland ,Swiss,European,103.3088,1260.7241,105.7611,47.1931,Deutschland 
117279,Deutschland ,Swiss,European,87.5590,3112.8550,139.5214,249.0294,Deutschland 
117280,Deutschland ,Swiss,European,68.3280,3127.9251,407.6526,124.9569,Deutschland 
117281,Deutschland ,Swiss,European,2004.2990,82989.5000,832.1310,8596.8900,Deutschland 
117282,Deutschland ,Swiss,European,29.7258,755.3715,24.2036,61.1816,Deutschland 
117283,Deutschland ,Swiss,European,695.9372,3996.3263,215.4951,53.8510,Deutschland 
117284,Deutschland ,Swiss,European,3.4254,277.0800,16.8786,22.1544,Deutschland 
117285,Deutschland ,Swiss,European,16.7505,144.3467,5.8209,6.0125,Deutschland 
117286,Deutschland ,Swiss,European,177.4819,2746.7358,141.2081,164.9271,Deutschland 
117287,Deutschland ,Swiss,European,156.6034,1085.4369,49.2792,31.6354,Deutschland 
117288,Deutschland ,Swiss,European,2.2266,714.4180,36.7290,62.1648,Deutschland 
117289,Deutschland ,Swiss,European,1.2452,113.8910,7.7352,8.7205,Deutschland 
117290,Deutschland ,Swiss,European,34.7431,901.9858,59.0098,57.7868,Deutschland 
117291,Deutschland ,Swiss,European,24.0997,2718.9528,172.5733,180.0462,Deutschland 
117292,Deutschland ,Swiss,European,214.1686,2436.1285,215.7939,73.2621,Deutschland 
117293,Deutschland ,Swiss,European,375.4744,3200.8000,153.1662,144.3416,Deutschland 
117294,Deutschland ,Swiss,European,40.0042,711.7400,21.8733,57.9126,Deutschland 
117295,Deutschland ,Swiss,European,113.2872,1306.8808,133.1428,34.0949,Deutschland 
117296,Deutschland ,Swiss,European,37.8249,2566.9745,120.2474,216.3637,Deutschland 
117297,Deutschland ,Swiss,European,71.9545,1773.6533,59.3848,148.6927,Deutschland 
117298,Deutschland ,Swiss,European,9.1021,657.2375,21.7229,60.1466,Deutschland 
117299,Deutschland ,Swiss,European,10.0916,1377.0500,154.0502,77.0410,Deutschland 
117300,Deutschland ,Swiss,European,658.5000,4031.4200,82.2980,124.4400,Deutschland 
117301,Deutschland ,Swiss,European,263.9240,2197.7648,73.5363,105.1777,Deutschland 
117302,Deutschland ,Swiss,European,12.4747,1504.4809,103.1571,115.3124,Deutschland 
117303,Deutschland ,Swiss,European,0.9632,854.9313,84.3846,55.8725,Deutschland 
117304,Deutschland ,Swiss,European,13.3048,570.8000,38.1651,41.4413,Deutschland 
117305,Deutschland ,Swiss,European,27.9579,935.4474,50.0068,69.3772,Deutschland 
117306,Deutschland ,Swiss,European,6.5760,816.0000,6.8160,86.5920,Deutschland 
117307,Deutschland ,Swiss,European,30.1680,1611.1430,202.6793,69.0537,Deutschland 
117308,Deutschland ,Swiss,European,205.5279,1761.6581,142.9279,46.7158,Deutschland 
117309,Deutschland ,Swiss,European,114.5559,1299.8305,9.2359,94.5736,Deutschland 
117310,Deutschland ,Swiss,European,50.2967,1569.8285,202.0290,57.7938,Deutschland 
117311,Deutschland ,Swiss,European,86.0737,2306.7083,311.1498,73.2197,Deutschland 
117312,Deutschland ,Swiss,European,46.8067,1071.1600,17.2277,98.7242,Deutschland 
117313,Deutschland ,Swiss,European,70.9703,515.8605,8.0419,24.1720,Deutschland 
117314,Deutschland ,Swiss,European,66644.1107,335176.3020,6913.3382,3841.8218,Deutschland 
117315,Deutschland ,Swiss,European,5.8545,396.1133,24.8581,30.8979,Deutschland 
117316,Deutschland ,Swiss,European,20.9361,2796.6911,275.6791,177.7281,Deutschland 
117317,Deutschland ,Swiss,European,26.7400,1553.2728,152.0559,91.8118,Deutschland 
117318,Deutschland ,Swiss,European,132.0792,1942.0165,108.3480,113.6538,Deutschland 
117319,Deutschland ,Swiss,European,18.1545,89.6800,3.7744,1.2513,Deutschland 
117320,Deutschland ,Swiss,European,992.4446,123464.3414,15604.7444,5984.8304,Deutschland 
117321,Deutschland ,Swiss,European,25.7762,641.8298,30.4169,49.5515,Deutschland 
117322,Deutschland ,Swiss,European,5528.0249,232734.0883,8989.9513,20813.0857,Deutschland 
117323,Deutschland ,Swiss,European,25.9388,1094.4325,64.0080,81.8611,Deutschland 
117324,Deutschland ,Swiss,European,14.2925,1139.0802,43.0074,103.2212,Deutschland 
117325,Deutschland ,Swiss,European,29.2462,449.6000,23.5528,26.4230,Deutschland 
117326,Deutschland ,Swiss,European,56.4010,731.0329,19.7132,38.8192,Deutschland 
117327,Deutschland ,Swiss,European,158.9853,1215.9988,23.3380,55.9844,Deutschland 
117328,Deutschland ,Swiss,European,83.7459,1205.5093,45.5522,81.7978,Deutschland 
117329,Deutschland ,Swiss,European,29.7501,1806.3204,159.0236,117.2138,Deutschland 
117330,Deutschland ,Swiss,European,73.3449,1426.9836,58.3899,101.1005,Deutschland 
117331,Deutschland ,Swiss,European,54.4191,718.3780,34.4064,43.8597,Deutschland 
117332,Deutschland ,Swiss,European,177.9451,1466.9980,42.3270,68.5338,Deutschland 
117333,Deutschland ,Swiss,European,19.9336,2272.7505,102.1512,196.7114,Deutschland 
117334,Deutschland ,Swiss,European,23.6960,827.9606,26.0666,70.1560,Deutschland 
117335,Deutschland ,Swiss,European,86.9421,359.6117,9.6128,4.3975,Deutschland 
117336,Deutschland ,Swiss,European,215.6120,1142.4375,41.2334,24.7604,Deutschland 
117337,Deutschland ,Swiss,European,12579.7053,50322.2350,869.3252,596.5814,Deutschland 
117338,Deutschland ,Swiss,European,23.0228,1419.6000,62.9260,122.6616,Deutschland 
117339,Deutschland ,Swiss,European,591.6428,4529.8290,268.6378,127.3980,Deutschland 
117340,Deutschland ,Swiss,European,5.3413,954.4225,36.8332,87.4852,Deutschland 
117341,Deutschland ,Swiss,European,104.6198,2450.0077,98.5871,192.1736,Deutschland 
117342,Deutschland ,Swiss,European,42.0482,1029.2460,36.9715,85.9232,Deutschland 
117343,Deutschland ,Swiss,European,138.8660,2419.1327,211.5676,109.8046,Deutschland 
117344,Deutschland ,Swiss,European,266.6997,2014.3045,66.6721,72.5694,Deutschland 
117345,Deutschland ,Swiss,European,30.5373,936.7537,40.5396,75.9053,Deutschland 
117346,Deutschland ,Swiss,European,97.7314,1193.0200,52.0784,68.2612,Deutschland 
117347,Deutschland ,Swiss,European,26.1168,108.8200,2.5052,0.7923,Deutschland 
117348,Deutschland ,Swiss,European,6.5319,1782.6520,122.2908,140.5710,Deutschland 
117349,Deutschland ,Swiss,European,51.1497,2882.9280,102.0153,250.9995,Deutschland 
117350,Deutschland ,Swiss,European,77.2645,1128.9028,107.5061,42.4050,Deutschland 
117351,Deutschland ,Swiss,European,9.9833,606.0147,58.3290,36.5298,Deutschland 
117352,Deutschland ,Swiss,European,45.6026,1065.5619,156.6539,24.8457,Deutschland 
117353,Deutschland ,Swiss,European,53.0176,381.0319,12.5188,14.2269,Deutschland 
117354,Deutschland ,Swiss,European,4339.8734,521976.0585,399.9601,56858.3596,Deutschland 
117355,Deutschland ,Swiss,European,24.6105,1799.5974,151.6558,123.5060,Deutschland 
117356,Deutschland ,Swiss,European,32.5484,745.2119,121.0337,15.7831,Deutschland 
117357,Deutschland ,Swiss,European,30.2304,1203.8039,152.4303,50.9747,Deutschland 
117358,Deutschland ,Swiss,European,48.1910,1391.5657,91.5641,94.1173,Deutschland 
117359,Deutschland ,Swiss,European,10.6417,2146.6480,113.4700,183.7291,Deutschland 
117360,Deutschland ,Swiss,European,55.2044,1626.7116,100.9740,114.3915,Deutschland 
117361,Deutschland ,Swiss,European,14.9965,391.3774,74.7667,2.5544,Deutschland 
117362,Deutschland ,Swiss,European,168.2604,2007.4766,77.6370,127.8517,Deutschland 
117363,Deutschland ,Swiss,European,12.6878,1100.8634,60.3410,91.1024,Deutschland 
117364,Deutschland ,Swiss,European,84.6753,2228.0032,116.5441,163.4487,Deutschland 
117365,Deutschland ,Swiss,European,46.9765,1319.8300,155.4126,54.6159,Deutschland 
117366,Deutschland ,Swiss,European,14.9773,674.9652,3.0192,70.0965,Deutschland 
117367,Deutschland ,Swiss,European,42.3333,1695.3523,69.2523,144.3256,Deutschland 
117368,Deutschland ,Swiss,European,25.7231,834.8865,90.2278,39.6283,Deutschland 
117369,Deutschland ,Swiss,European,0.3677,1160.0744,179.5801,45.3520,Deutschland 
117370,Deutschland ,Swiss,European,296.4512,1399.8770,29.1906,8.9231,Deutschland 
117371,Deutschland ,Swiss,European,33.9273,2492.0372,199.9242,169.3574,Deutschland 
117372,Deutschland ,Swiss,European,4.4696,547.5033,54.9356,34.1836,Deutschland 
117373,Deutschland ,Swiss,European,56.6007,1238.3862,141.9616,53.0171,Deutschland 
117374,Deutschland ,Swiss,European,113.9750,1426.4716,172.7645,29.8462,Deutschland 
117375,Deutschland ,Swiss,European,6.5319,2620.1720,123.1492,233.3710,Deutschland 
117376,Deutschland ,Swiss,European,193.7972,1273.8400,11.1088,55.4281,Deutschland 
117377,Deutschland ,Swiss,European,155.2156,1717.8470,118.9869,65.4826,Deutschland 
117378,Deutschland ,Swiss,European,90.0198,413.5300,10.3932,4.1425,Deutschland 
117379,Deutschland ,Swiss,European,15.3117,344.2438,50.8705,7.8627,Deutschland 
117380,Deutschland ,Swiss,European,231.2963,2737.1300,124.8412,163.0768,Deutschland 
117381,Deutschland ,Swiss,European,46.3770,1473.3840,64.7426,114.9484,Deutschland 
117382,Deutschland ,Swiss,European,49.7603,1742.1400,109.4637,125.8688,Deutschland 
117383,Deutschland ,Swiss,European,24.6687,387.0200,33.7957,16.6084,Deutschland 
117384,Deutschland ,Swiss,European,9.2995,1600.8398,136.1680,111.2021,Deutschland 
117385,Deutschland ,Swiss,European,53.2792,790.4000,24.5360,58.9524,Deutschland 
117386,Deutschland ,Swiss,European,22.5348,1174.3000,80.0794,84.0554,Deutschland 
117387,Deutschland ,Swiss,European,36.8145,1747.0020,67.2283,149.1607,Deutschland 
117388,Deutschland ,Swiss,European,92.3722,4554.7372,415.1653,259.7031,Deutschland 
117389,Deutschland ,Swiss,European,344.4933,4573.4660,271.6293,258.9921,Deutschland 
117390,Deutschland ,Swiss,European,51.2792,2033.3600,117.2356,158.3250,Deutschland 
117391,Deutschland ,Swiss,European,15.1672,1925.6563,236.9270,94.9786,Deutschland 
117392,Deutschland ,Swiss,European,,,,,Deutschland 
117393,Deutschland ,Swiss,European,12.4231,1016.6700,42.3266,89.1996,Deutschland 
117394,Deutschland ,Swiss,European,280.4115,1747.3520,93.1442,34.0406,Deutschland 
117395,Deutschland ,Swiss,European,171.2086,1431.2510,64.3761,53.4918,Deutschland 
117396,Deutschland ,Swiss,European,79.0245,2495.1438,376.2050,66.8213,Deutschland 
117397,Deutschland ,Swiss,European,4.9469,348.1000,24.9806,25.4890,Deutschland 
117398,Deutschland ,Swiss,European,,,,,Deutschland 
117399,Deutschland ,Swiss,European,324.7533,4546.2224,35.6917,350.9638,Deutschland 
117400,Deutschland ,Swiss,European,62.2800,68717.0000,4968.8900,5374.1400,Deutschland 
117401,Deutschland ,Swiss,European,112.5571,9128.0133,48.4600,961.2893,Deutschland 
117402,Deutschland ,Swiss,European,46.7560,582.2106,59.7157,18.3151,Deutschland 
117403,Deutschland ,Swiss,European,21.8971,1255.4690,87.6304,89.6115,Deutschland 
117404,Deutschland ,Swiss,European,47.4690,638.4000,47.9407,28.3602,Deutschland 
117405,Deutschland ,Swiss,European,0.5621,458.5748,0.1917,50.9434,Deutschland 
117406,Deutschland ,Swiss,European,18.0689,285.0800,15.4226,17.5669,Deutschland 
117407,Deutschland ,Swiss,European,62.3644,3079.5864,155.2129,246.1247,Deutschland 
117408,Deutschland ,Swiss,European,123.3404,5630.0792,451.9199,360.3894,Deutschland 
117409,Deutschland ,Swiss,European,1.9970,560.7454,44.8406,40.4737,Deutschland 
117410,Deutschland ,Swiss,European,38.1185,427.5733,15.0996,28.6876,Deutschland 
117411,Deutschland ,Swiss,European,80.4355,1723.2228,97.3703,115.0998,Deutschland 
117412,Deutschland ,Swiss,European,4.2882,541.6552,44.1133,38.3334,Deutschland 
117413,Deutschland ,Swiss,European,0.0000,37.8250,8.4150,0.2125,Deutschland 
117414,Deutschland ,Swiss,European,44.7340,1384.6641,92.7308,96.7754,Deutschland 
117415,Deutschland ,Swiss,European,11.0973,46.5617,1.3072,0.1365,Deutschland 
117416,Deutschland ,Swiss,European,19.2372,733.7442,97.3878,29.1300,Deutschland 
117417,Deutschland ,Swiss,European,38.1593,2609.7325,111.0322,225.6194,Deutschland 
117418,Deutschland ,Swiss,European,32.5572,1217.6708,65.6403,93.9144,Deutschland 
117419,Deutschland ,Swiss,European,6.0045,536.2032,36.0869,40.9655,Deutschland 
117420,Deutschland ,Swiss,European,7.9304,329.8927,25.3944,21.5170,Deutschland 
117421,Deutschland ,Swiss,European,47.7659,1326.4825,200.3100,31.5202,Deutschland 
117422,Deutschland ,Swiss,European,3.0464,4027.9192,422.6261,246.9910,Deutschland 
117423,Deutschland ,Swiss,European,19.1037,2625.6685,155.0357,209.7717,Deutschland 
117424,Deutschland ,Swiss,European,69.4547,353.7650,10.1465,3.0988,Deutschland 
117425,Deutschland ,Swiss,European,0.0000,1699.9178,275.1908,64.1516,Deutschland 
117426,Deutschland ,Swiss,European,85647.8469,1350306.5210,3985.3998,111767.9400,Deutschland 
117427,Deutschland ,Swiss,European,36.6229,158.9648,5.0854,0.6633,Deutschland 
117428,Deutschland ,Swiss,European,87.0625,47684.8333,3931.9605,3469.8083,Deutschland 
117429,Deutschland ,Swiss,European,15.4089,1001.2200,64.1501,76.7505,Deutschland 
117430,Deutschland ,Swiss,European,19.3475,534.8062,40.9508,33.6404,Deutschland 
117431,Deutschland ,Swiss,European,40.2159,1019.4386,97.6113,53.4955,Deutschland 
117432,Deutschland ,Swiss,European,90.8651,1302.2884,64.5618,82.4300,Deutschland 
117433,Deutschland ,Swiss,European,357.6416,2140.7115,71.9185,66.1164,Deutschland 
117434,Deutschland ,Swiss,European,32.9599,416.1560,13.5325,29.0831,Deutschland 
117435,Deutschland ,Swiss,European,33.1933,2029.2573,119.0105,155.9519,Deutschland 
117436,Deutschland ,Swiss,European,38.5287,565.3800,14.7891,39.9600,Deutschland 
117437,Deutschland ,Swiss,European,8.3112,35.4626,0.9952,0.1037,Deutschland 
117438,Deutschland ,Swiss,European,152.4954,2105.2880,27.2164,159.0972,Deutschland 
117439,Deutschland ,Swiss,European,256.6164,3209.7566,122.3806,194.6576,Deutschland 
117440,Deutschland ,Swiss,European,5.6279,767.5500,26.5058,72.0208,Deutschland 
117441,Deutschland ,Swiss,European,9.8973,1588.9705,86.6637,133.2637,Deutschland 
117442,Deutschland ,Swiss,European,38.2793,2579.9400,115.3438,220.0250,Deutschland 
117443,Deutschland ,Swiss,European,66.2382,3456.9281,233.3487,253.9775,Deutschland 
117444,Deutschland ,Swiss,European,85087.8723,377181.8765,4868.8583,1494.3421,Deutschland 
117445,Deutschland ,Swiss,European,48.5320,1415.6800,60.8120,113.2900,Deutschland 
117446,Deutschland ,Swiss,European,119.5511,1730.4249,134.7381,90.3811,Deutschland 
117447,Deutschland ,Swiss,European,142.7360,562357.9070,42109.9384,43061.3782,Deutschland 
117448,Deutschland ,Swiss,European,95.9527,1131.9771,82.3534,49.4102,Deutschland 
117449,Deutschland ,Swiss,European,14.0100,60.0000,1.6500,0.1500,Deutschland 
117450,Deutschland ,Swiss,European,50.7824,1994.7512,158.4775,129.0104,Deutschland 
117451,Deutschland ,Swiss,European,52.2636,1712.0200,93.6082,129.4950,Deutschland 
117452,Deutschland ,Swiss,European,,,,,Deutschland 
117453,Deutschland ,Swiss,European,19.3440,1015.8496,96.8659,61.4601,Deutschland 
117454,Deutschland ,Swiss,European,20.2702,1230.3424,200.3799,33.5516,Deutschland 
117455,Deutschland ,Swiss,European,47.6849,1969.4010,163.3200,132.6967,Deutschland 
117456,Deutschland ,Swiss,European,386.7278,2023.7600,50.8860,24.9852,Deutschland 
117457,Deutschland ,Swiss,European,30.1708,1978.5400,119.4418,153.1180,Deutschland 
117458,Deutschland ,Swiss,European,9173.5303,47784.6080,986.5616,728.5078,Deutschland 
117459,Deutschland ,Swiss,European,82.4399,3553.6816,159.6342,288.4922,Deutschland 
117460,Deutschland ,Swiss,European,60.7450,1712.3645,74.5725,135.6399,Deutschland 
117461,Deutschland ,Swiss,European,11.6215,1772.4841,91.4414,149.5714,Deutschland 
117462,Deutschland ,Swiss,European,8.6555,2078.3950,142.4022,163.6638,Deutschland 
117463,Deutschland ,Swiss,European,5.6306,1086.4020,84.8960,78.4811,Deutschland 
117464,Deutschland ,Swiss,European,0.8165,507.6477,54.6673,30.5630,Deutschland 
117465,Deutschland ,Swiss,European,7.8298,1196.3740,45.5788,110.2123,Deutschland 
117466,Deutschland ,Swiss,European,39.0144,2330.9800,78.8176,217.4734,Deutschland 
117467,Deutschland ,Swiss,European,247.9418,2818.5367,87.0098,168.3377,Deutschland 
117468,Deutschland ,Swiss,European,114.7312,1813.8497,56.0953,139.9411,Deutschland 
117469,Deutschland ,Swiss,European,36.2664,2004.4800,111.9576,161.7264,Deutschland 
117470,Deutschland ,Swiss,European,59.9949,460.3829,12.4854,22.2604,Deutschland 
117471,Deutschland ,Swiss,European,139537.0600,684629.8000,21577.6000,2764.2000,Deutschland 
117472,Deutschland ,Swiss,European,39.6332,1071.7382,54.4246,80.3278,Deutschland 
117473,Deutschland ,Swiss,European,41.7530,301.4844,7.9154,14.8118,Deutschland 
117474,Deutschland ,Swiss,European,40.9011,888.0340,48.1468,60.4424,Deutschland 
117475,Deutschland ,Swiss,European,30.6748,4073.8000,108.0036,394.0918,Deutschland 
117476,Deutschland ,Swiss,European,108.6389,1078.2807,52.1735,45.9484,Deutschland 
117477,Deutschland ,Swiss,European,43.4041,518.9944,46.2224,20.2894,Deutschland 
117478,Deutschland ,Swiss,European,10.7496,354.8434,58.7828,7.2310,Deutschland 
117479,Deutschland ,Swiss,European,72.4776,81912.6104,5932.2951,6404.0916,Deutschland 
117480,Deutschland ,Swiss,European,18.8725,149.5000,4.4315,7.3600,Deutschland 
117481,Deutschland ,Swiss,European,23.1967,1013.2692,67.3004,72.5094,Deutschland 
117482,Deutschland ,Swiss,European,18.5402,1874.1752,189.4884,115.2773,Deutschland 
117483,Deutschland ,Swiss,European,182.5707,1181.8500,34.3405,39.4754,Deutschland 
117484,Deutschland ,Swiss,European,33.5793,1665.9652,114.0613,118.7113,Deutschland 
117485,Deutschland ,Swiss,European,394.3372,3860.9575,161.2340,181.9626,Deutschland 
117486,Deutschland ,Swiss,European,17.0056,279.2979,15.5106,17.0483,Deutschland 
117487,Deutschland ,Swiss,European,32.8602,698.9700,42.7252,46.9246,Deutschland 
117488,Deutschland ,Swiss,European,52.7480,483.4297,11.2033,28.2160,Deutschland 
117489,Deutschland ,Swiss,European,22.2704,2136.2510,142.4008,163.6385,Deutschland 
117490,Deutschland ,Swiss,European,202.0076,833.9608,5.9886,0.1632,Deutschland 
117491,Deutschland ,Swiss,European,,,,,Deutschland 
117492,Deutschland ,Swiss,European,215.1451,4256.0237,566.8308,114.6527,Deutschland 
117493,Deutschland ,Swiss,European,261.4551,3525.0329,208.0169,182.1622,Deutschland 
117494,Deutschland ,Swiss,European,52.2065,986.8378,55.5555,61.5538,Deutschland 
117495,Deutschland ,Swiss,European,43.4033,2325.0700,66.2464,213.4751,Deutschland 
117496,Deutschland ,Swiss,European,112.4902,2341.7737,82.5856,184.1238,Deutschland 
117497,Deutschland ,Swiss,European,153.3924,2957.2550,40.1573,245.0464,Deutschland 
117498,Deutschland ,Swiss,European,1.5465,31.5953,5.6483,0.1587,Deutschland 
117499,Deutschland ,Swiss,European,38.4458,6237.3633,654.0083,369.6659,Deutschland 
117500,Deutschland ,Swiss,European,35.2244,2087.8350,36.2038,202.8455,Deutschland 
117501,Deutschland ,Swiss,European,2.1965,442.8360,30.3244,34.7248,Deutschland 
117502,Deutschland ,Swiss,European,8804.8821,121773.4852,5986.4515,6987.2756,Deutschland 
117503,Deutschland ,Swiss,European,28.7791,126.3794,5.0117,0.7023,Deutschland 
117504,Deutschland ,Swiss,European,18.4362,299.2215,28.8602,11.6577,Deutschland 
117505,Deutschland ,Swiss,European,74.7733,567.3727,11.8224,28.8846,Deutschland 
117506,Deutschland ,Swiss,European,5675.4055,188202.9638,12687.4261,13135.1749,Deutschland 
117507,Deutschland ,Swiss,European,10.6884,2048.2218,385.2151,42.1904,Deutschland 
117508,Deutschland ,Swiss,European,11.1552,1026.0300,68.8165,78.8406,Deutschland 
117509,Deutschland ,Swiss,European,11.7574,716.8130,46.1750,54.0300,Deutschland 
117510,Deutschland ,Swiss,European,37.8155,1001.9558,89.7974,62.9100,Deutschland 
117511,Deutschland ,Swiss,European,10.2740,2145.2048,113.4103,183.7104,Deutschland 
117512,Deutschland ,Swiss,European,114.5017,539.3121,9.2852,6.9943,Deutschland 
117513,Deutschland ,Swiss,European,6.6314,383.2525,23.9228,29.1179,Deutschland 
117514,Deutschland ,Swiss,European,1.4139,89.0775,4.9793,7.4799,Deutschland 
117515,Deutschland ,Swiss,European,54.9187,1798.9900,91.2426,138.7712,Deutschland 
117516,Deutschland ,Swiss,European,326.0604,3828.8859,103.2513,249.5621,Deutschland 
117517,Deutschland ,Swiss,European,39.5351,1751.4019,102.0065,133.9057,Deutschland 
117518,Deutschland ,Swiss,European,53.2185,1808.2344,188.3258,90.6049,Deutschland 
117519,Deutschland ,Swiss,European,5.7167,388.4031,45.7527,19.2241,Deutschland 
117520,Deutschland ,Swiss,European,4.0320,1100.4000,75.4880,86.7720,Deutschland 
117521,Deutschland ,Swiss,European,575.4918,2678.3710,31.1170,23.7625,Deutschland 
117522,Deutschland ,Swiss,European,32.0783,1114.8440,75.5575,77.5425,Deutschland 
117523,Deutschland ,Swiss,European,1977.8804,28171.9808,1296.6783,1713.5161,Deutschland 
117524,Deutschland ,Swiss,European,1.1909,679.5080,18.3357,66.8834,Deutschland 
117525,Deutschland ,Swiss,European,10.4109,469.8160,2.4100,47.7754,Deutschland 
117526,Deutschland ,Swiss,European,103.5553,1295.5314,98.2152,56.9712,Deutschland 
117527,Deutschland ,Swiss,European,11.2809,934.7430,50.3532,77.8399,Deutschland 
117528,Deutschland ,Swiss,European,986.4000,122400.0000,1022.4000,12988.8000,Deutschland 
117529,Deutschland ,Swiss,European,2.3636,520.8460,35.6762,40.9138,Deutschland 
117530,Deutschland ,Swiss,European,68.6888,965.6140,39.1430,61.2768,Deutschland 
117531,Deutschland ,Swiss,European,567.4620,4542.4350,41.1695,291.1910,Deutschland 
117532,Deutschland ,Swiss,European,320.7819,6208.9513,217.3761,448.7746,Deutschland 
117533,Deutschland ,Swiss,European,21.1363,212.5890,1.8399,14.6100,Deutschland 
117534,Deutschland ,Swiss,European,61.3720,2547.0110,184.0291,175.0629,Deutschland 
117535,Deutschland ,Swiss,European,9.3863,549.9616,35.6379,40.9202,Deutschland 
117536,Deutschland ,Swiss,European,207303.8265,903541.0910,9405.8462,2544.9832,Deutschland 
117537,Deutschland ,Swiss,European,111.9325,2687.1640,190.8059,164.0581,Deutschland 
117538,Deutschland ,Swiss,European,145.0328,976.2400,44.9826,24.0820,Deutschland 
117539,Deutschland ,Swiss,European,15.5738,1538.7518,203.4293,69.5460,Deutschland 
117540,Deutschland ,Swiss,European,37.0591,1184.1312,76.0846,82.7083,Deutschland 
117541,Deutschland ,Swiss,European,34.5250,331.7338,45.5301,1.5583,Deutschland 
117542,Deutschland ,Swiss,European,34.8220,155.9540,5.4413,1.4593,Deutschland 
117543,Deutschland ,Swiss,European,6.6760,986.6907,73.4238,73.5065,Deutschland 
117544,Deutschland ,Swiss,European,8.1439,172.1471,5.3430,14.4000,Deutschland 
117545,Deutschland ,Swiss,European,22.8837,1216.1340,199.8488,31.3423,Deutschland 
117546,Deutschland ,Swiss,European,48.7638,1635.4048,54.7564,143.5768,Deutschland 
117547,Deutschland ,Swiss,European,64.6144,1536.2426,128.8866,85.7576,Deutschland 
117548,Deutschland ,Swiss,European,37.4392,3145.0200,196.7890,246.3398,Deutschland 
117549,Deutschland ,Swiss,European,51.6811,719.6475,33.4653,43.3329,Deutschland 
117550,Deutschland ,Swiss,European,21.2603,796.8365,159.6051,4.2268,Deutschland 
117551,Deutschland ,Swiss,European,63.1540,1827.6633,182.9768,93.3866,Deutschland 
117552,Deutschland ,Swiss,European,11.2360,1055.5700,30.5398,99.4155,Deutschland 
117553,Deutschland ,Swiss,European,16.8077,2682.6966,6.9154,291.7978,Deutschland 
117554,Deutschland ,Swiss,European,154.2462,1234.1340,34.5478,56.6680,Deutschland 
117555,Deutschland ,Swiss,European,81.6805,2095.1600,85.2558,170.1510,Deutschland 
117556,Deutschland ,Swiss,European,0.3564,408.8700,29.5119,32.0166,Deutschland 
117557,Deutschland ,Swiss,European,219.0870,1295.7414,19.3677,39.3900,Deutschland 
117558,Deutschland ,Swiss,European,212.4443,2059.5225,73.0385,105.5322,Deutschland 
117559,Deutschland ,Swiss,European,2.3385,570.5677,51.3099,38.8932,Deutschland 
117560,Deutschland ,Swiss,European,34.9202,2490.9843,116.8729,211.6139,Deutschland 
117561,Deutschland ,Swiss,European,13764.3490,157608.2108,8625.4300,7984.9870,Deutschland 
117562,Deutschland ,Swiss,European,26.1310,1174.3633,77.2518,86.3749,Deutschland 
117563,Deutschland ,Swiss,European,14.3056,306.5076,38.2937,11.2729,Deutschland 
117564,Deutschland ,Swiss,European,95.7136,1245.3600,45.9080,78.1308,Deutschland 
117565,Deutschland ,Swiss,European,63.7265,3713.8594,164.6059,324.5728,Deutschland 
117566,Deutschland ,Swiss,European,7.3590,42.9000,4.4550,0.7260,Deutschland 
117567,Deutschland ,Swiss,European,77.4201,1136.1907,107.1630,42.6543,Deutschland 
117568,Deutschland ,Swiss,European,0.0805,342.0460,0.1194,38.2003,Deutschland 
117569,Deutschland ,Swiss,European,60.9708,2514.8478,152.6399,186.5240,Deutschland 
117570,Deutschland ,Swiss,European,8.8016,2512.7596,316.0250,127.4477,Deutschland 
117571,Deutschland ,Swiss,European,60.5780,1311.7333,161.7480,45.8407,Deutschland 
117572,Deutschland ,Swiss,European,612.7434,8573.0400,464.7473,489.9576,Deutschland 
117573,Deutschland ,Swiss,European,7.7789,1908.9860,141.9579,143.4680,Deutschland 
117574,Deutschland ,Swiss,European,238.2861,898.3300,34.7450,13.7291,Deutschland 
117575,Deutschland ,Swiss,European,18.4815,495.2716,58.0935,19.8038,Deutschland 
117576,Deutschland ,Swiss,European,35.8337,497.2759,22.5233,31.9701,Deutschland 
117577,Deutschland ,Swiss,European,37.1736,166.3180,6.7665,0.9950,Deutschland 
117578,Deutschland ,Swiss,European,9.0930,204.3999,9.5701,15.1240,Deutschland 
117579,Deutschland ,Swiss,European,58.9140,1035.4420,64.3136,61.5884,Deutschland 
117580,Deutschland ,Swiss,European,7.1886,994.3710,1.8618,109.7591,Deutschland 
117581,Deutschland ,Swiss,European,32.3145,881.6075,27.8678,71.7126,Deutschland 
117582,Deutschland ,Swiss,European,44.8720,714.1000,29.9010,48.7470,Deutschland 
117583,Deutschland ,Swiss,European,74.4624,2182.6435,125.2354,154.7318,Deutschland 
117584,Deutschland ,Swiss,European,63.9704,2797.0372,120.5603,239.6174,Deutschland 
117585,Deutschland ,Swiss,European,306.3376,1182.7750,8.7149,2.3367,Deutschland 
117586,Deutschland ,Swiss,European,61.0586,850.0042,61.0530,40.5760,Deutschland 
117587,Deutschland ,Swiss,European,23.3972,1401.5285,161.1723,71.0899,Deutschland 
117588,Deutschland ,Swiss,European,65.4711,948.3894,30.2617,71.6704,Deutschland 
117589,Deutschland ,Swiss,European,37.9373,602.9856,21.7121,40.0591,Deutschland 
117590,Deutschland ,Swiss,European,49.3498,220.8909,3.2576,2.8201,Deutschland 
117591,Deutschland ,Swiss,European,8.4510,852.4500,54.5295,67.7610,Deutschland 
117592,Deutschland ,Swiss,European,24.2679,1115.2744,146.8095,46.6941,Deutschland 
117593,Deutschland ,Swiss,European,62.9697,839.3819,107.9401,16.6338,Deutschland 
117594,Deutschland ,Swiss,European,3.2256,1435.9800,99.9216,112.2148,Deutschland 
117595,Deutschland ,Swiss,European,120.5495,1481.8387,114.8895,60.3868,Deutschland 
117596,Deutschland ,Swiss,European,37.8418,2243.9705,168.5743,156.8236,Deutschland 
117597,Deutschland ,Swiss,European,0.4852,452.1717,0.3353,50.2267,Deutschland 
117598,Deutschland ,Swiss,European,2175.2960,10156.8947,299.2323,94.8026,Deutschland 
117599,Deutschland ,Swiss,European,12.5645,546.8474,10.8036,54.2099,Deutschland 
117600,Deutschland ,Swiss,European,224.0085,191273.2000,13816.5515,14949.4500,Deutschland 
117601,Deutschland ,Swiss,European,17.8066,543.2100,34.8670,37.2024,Deutschland 
117602,Deutschland ,Swiss,European,18.7170,1139.0000,59.9390,94.0560,Deutschland 
117603,Deutschland ,Swiss,European,63.7382,1147.6200,45.5720,80.4372,Deutschland 
117604,Deutschland ,Swiss,European,505.4429,4444.0910,87.8882,238.2006,Deutschland 
117605,Deutschland ,Swiss,European,614.0276,4299.3916,153.9801,147.5647,Deutschland 
117606,Deutschland ,Swiss,European,40.7984,513.0700,21.8132,29.9909,Deutschland 
117607,Deutschland ,Swiss,European,44.8341,2754.4153,368.2632,110.2453,Deutschland 
117608,Deutschland ,Swiss,European,20.8564,484.7000,10.5420,42.0341,Deutschland 
117609,Deutschland ,Swiss,European,16.7399,479.3326,89.9837,3.1101,Deutschland 
117610,Deutschland ,Swiss,European,11.7864,981.8338,87.2599,63.3854,Deutschland 
117611,Deutschland ,Swiss,European,12.7845,522.6133,9.0991,49.8227,Deutschland 
117612,Deutschland ,Swiss,European,11.7540,939.7539,113.8022,47.3533,Deutschland 
117613,Deutschland ,Swiss,European,40.0543,830.7509,49.5062,56.4713,Deutschland 
117614,Deutschland ,Swiss,European,42.4324,323.5727,27.5161,4.2317,Deutschland 
117615,Deutschland ,Swiss,European,12.9344,1745.7187,36.9797,174.5620,Deutschland 
117616,Deutschland ,Swiss,European,2.4444,797.3292,116.6226,33.0302,Deutschland 
117617,Deutschland ,Swiss,European,0.0000,403.4676,89.7602,2.2667,Deutschland 
117618,Deutschland ,Swiss,European,35.5243,299.6368,13.2265,15.2404,Deutschland 
117619,Deutschland ,Swiss,European,57.7696,1843.5510,105.3572,134.9998,Deutschland 
117620,Deutschland ,Swiss,European,18.8299,744.2518,6.7944,73.0982,Deutschland 
117621,Deutschland ,Swiss,European,5.9310,109.8500,17.2080,1.3610,Deutschland 
117622,Deutschland ,Swiss,European,91.2118,2647.3469,178.6010,173.2109,Deutschland 
117623,Deutschland ,Swiss,European,127.6344,1876.4250,96.8482,109.8180,Deutschland 
117624,Deutschland ,Swiss,European,138.6286,798.6200,23.3670,14.9774,Deutschland 
117625,Deutschland ,Swiss,European,54.5999,395.6671,9.7854,14.4902,Deutschland 
117626,Deutschland ,Swiss,European,32.4385,809.6390,10.6666,73.0745,Deutschland 
117627,Deutschland ,Swiss,European,10.8498,2724.7546,516.5316,53.7519,Deutschland 
117628,Deutschland ,Swiss,European,76.3724,1461.6140,75.0263,99.8873,Deutschland 
117629,Deutschland ,Swiss,European,37.1424,288.4125,10.0957,11.8986,Deutschland 
117630,Deutschland ,Swiss,European,28.6825,198.6575,13.4533,3.2332,Deutschland 
117631,Deutschland ,Swiss,European,102137.3772,614871.5262,33338.7036,9915.2368,Deutschland 
117632,Deutschland ,Swiss,European,60.7450,1712.3645,74.5725,135.6399,Deutschland 
117633,Deutschland ,Swiss,European,13.5363,535.9171,1.7824,54.1550,Deutschland 
117634,Deutschland ,Swiss,European,3.8520,2943.3910,61.6860,301.3157,Deutschland 
117635,Deutschland ,Swiss,European,35.6207,3501.4766,594.8891,93.1612,Deutschland 
117636,Deutschland ,Swiss,European,42.6603,351.8394,7.1412,16.9197,Deutschland 
117637,Deutschland ,Swiss,European,2.2192,861.7304,45.8822,74.5414,Deutschland 
117638,Deutschland ,Swiss,European,16989.0180,347250.7982,10259.1962,26283.0597,Deutschland 
117639,Deutschland ,Swiss,European,31.4112,1606.6767,80.3041,136.8704,Deutschland 
117640,Deutschland ,Swiss,European,34.8706,1525.7313,222.4677,52.0840,Deutschland 
117641,Deutschland ,Swiss,European,17.8740,771.0000,48.3660,57.3300,Deutschland 
117642,Deutschland ,Swiss,European,16.2655,884.1000,59.5109,64.1597,Deutschland 
117643,Deutschland ,Swiss,European,58.8697,2478.3243,100.4326,213.2430,Deutschland 
117644,Deutschland ,Swiss,European,123.2532,1695.8108,118.3942,82.4994,Deutschland 
117645,Deutschland ,Swiss,European,19.1403,772.3635,57.4370,51.7676,Deutschland 
117646,Deutschland ,Swiss,European,20.7419,992.6751,185.7280,14.4221,Deutschland 
117647,Deutschland ,Swiss,European,18.0081,1369.5234,133.5087,83.8596,Deutschland 
117648,Deutschland ,Swiss,European,43.9269,679.5170,5.7685,55.0185,Deutschland 
117649,Deutschland ,Swiss,European,8.6568,1008.5760,56.4125,83.6727,Deutschland 
117650,Deutschland ,Swiss,European,38.1588,1194.2600,32.3330,107.3022,Deutschland 
117651,Deutschland ,Swiss,European,66.7432,883.6645,33.9889,53.9083,Deutschland 
117652,Deutschland ,Swiss,European,54.6748,332.2712,9.5777,10.3831,Deutschland 
117653,Deutschland ,Swiss,European,43.8443,2985.3900,153.1502,245.1300,Deutschland 
117654,Deutschland ,Swiss,European,20.3406,1406.1099,73.6038,115.4876,Deutschland 
117655,Deutschland ,Swiss,European,20.6426,1032.3923,74.0420,73.2919,Deutschland 
117656,Deutschland ,Swiss,European,233.3964,1032.5630,11.3055,6.0893,Deutschland 
117657,Deutschland ,Swiss,European,25.7927,763.3556,100.3099,26.8333,Deutschland 
117658,Deutschland ,Swiss,European,111.3207,3668.7082,98.2645,322.8143,Deutschland 
117659,Deutschland ,Swiss,European,1.1314,819.5802,59.0496,64.0953,Deutschland 
117660,Deutschland ,Swiss,European,32822.4576,138714.5870,965.3329,243.4100,Deutschland 
117661,Deutschland ,Swiss,European,41.7135,1688.2086,186.3651,89.1122,Deutschland 
117662,Deutschland ,Swiss,European,43.2380,1011.6044,59.2672,67.7517,Deutschland 
117663,Deutschland ,Swiss,European,593.8616,3148.8400,120.1280,32.9104,Deutschland 
117664,Deutschland ,Swiss,European,311.9051,2365.1090,90.0707,81.3883,Deutschland 
117665,Deutschland ,Swiss,European,3.9837,144.3410,2.4087,13.8517,Deutschland 
117666,Deutschland ,Swiss,European,40.7126,1230.7546,62.0617,92.9074,Deutschland 
117667,Deutschland ,Swiss,European,9.7693,597.9750,23.0931,52.3672,Deutschland 
117668,Deutschland ,Swiss,European,11.5660,921.9293,3.0863,96.2157,Deutschland 
117669,Deutschland ,Swiss,European,80.2119,2782.9900,36.8433,267.6585,Deutschland 
117670,Deutschland ,Swiss,European,14.0511,828.8200,44.6015,67.8855,Deutschland 
117671,Deutschland ,Swiss,European,2.9115,1084.9865,120.7097,63.0602,Deutschland 
117672,Deutschland ,Swiss,European,45.7708,1541.2919,96.8239,110.4656,Deutschland 
117673,Deutschland ,Swiss,European,11.8802,139.5660,7.2721,7.7520,Deutschland 
117674,Deutschland ,Swiss,European,10.1347,69.9100,6.0782,1.7229,Deutschland 
117675,Deutschland ,Swiss,European,97.2392,1091.9014,20.2919,70.5722,Deutschland 
117676,Deutschland ,Swiss,European,390.5899,2597.6920,52.6680,91.8788,Deutschland 
117677,Deutschland ,Swiss,European,54.6553,2591.1820,184.4877,178.5270,Deutschland 
117678,Deutschland ,Swiss,European,4.4112,1372.7610,51.9626,127.7696,Deutschland 
117679,Deutschland ,Swiss,European,140.0472,2015.8200,157.9062,107.0190,Deutschland 
117680,Deutschland ,Swiss,European,369.6172,2919.9436,138.3197,107.4844,Deutschland 
117681,Deutschland ,Swiss,European,55.1543,931.2775,62.6900,49.1269,Deutschland 
117682,Deutschland ,Swiss,European,293.0307,2158.1525,97.8297,65.9474,Deutschland 
117683,Deutschland ,Swiss,European,689.7076,4137.8397,145.6942,88.3135,Deutschland 
117684,Deutschland ,Swiss,European,105864.7065,511267.2150,10465.4527,4637.8280,Deutschland 
117685,Deutschland ,Swiss,European,57.4880,1234.7760,71.7919,87.5325,Deutschland 
117686,Deutschland ,Swiss,European,1.6392,395.2203,44.0561,23.5585,Deutschland 
117687,Deutschland ,Swiss,European,51.1085,1320.7378,66.2335,97.9738,Deutschland 
117688,Deutschland ,Swiss,European,54.5999,395.6671,9.7854,14.4902,Deutschland 
117689,Deutschland ,Swiss,European,10.8862,708.1320,46.6542,53.0074,Deutschland 
117690,Deutschland ,Swiss,European,75.3222,3003.8033,181.7143,227.9898,Deutschland 
117691,Deutschland ,Swiss,European,4.7349,305.5800,17.7691,24.5544,Deutschland 
117692,Deutschland ,Swiss,European,123.5800,15679.6951,744.0815,1340.6960,Deutschland 
117693,Deutschland ,Swiss,European,16.9631,743.3467,53.6604,50.4408,Deutschland 
117694,Deutschland ,Swiss,European,45.5683,1487.9420,62.7769,120.1420,Deutschland 
117695,Deutschland ,Swiss,European,39.9395,676.7140,31.1641,43.3468,Deutschland 
117696,Deutschland ,Swiss,European,21.8498,607.6629,40.7983,40.9082,Deutschland 
117697,Deutschland ,Swiss,European,53.5179,1114.8527,187.0487,12.5363,Deutschland 
117698,Deutschland ,Swiss,European,12.1254,2318.9512,145.0326,188.8401,Deutschland 
117699,Deutschland ,Swiss,European,38.3621,1005.1669,150.7278,23.7497,Deutschland 
117700,Deutschland ,Swiss,European,98.0882,2491.7772,187.7504,146.8518,Deutschland 
117701,Deutschland ,Swiss,European,582.8830,3654.1955,186.1439,74.2812,Deutschland 
117702,Deutschland ,Swiss,European,0.9504,461.1133,62.6736,21.5867,Deutschland 
117703,Deutschland ,Swiss,European,39.5423,857.5650,38.8901,62.5468,Deutschland 
117704,Deutschland ,Swiss,European,25.4466,1254.7200,72.4264,99.0276,Deutschland 
117705,Deutschland ,Swiss,European,30.7360,1893.0797,124.1473,141.0035,Deutschland 
117706,Deutschland ,Swiss,European,35.2181,1173.0524,72.3417,83.5355,Deutschland 
117707,Deutschland ,Swiss,European,64.3434,3293.7514,316.1610,193.1914,Deutschland 
117708,Deutschland ,Swiss,European,6.0508,559.7408,39.3200,41.9231,Deutschland 
117709,Deutschland ,Swiss,European,33.1357,145.9860,5.7041,0.9274,Deutschland 
117710,Deutschland ,Swiss,European,24.1765,856.3240,58.0011,58.9352,Deutschland 
117711,Deutschland ,Swiss,European,2.6285,1073.4832,41.9269,100.1805,Deutschland 
117712,Deutschland ,Swiss,European,184.6178,1953.4794,129.0024,75.8898,Deutschland 
117713,Deutschland ,Swiss,European,40.3674,2437.7805,120.1431,200.5036,Deutschland 
117714,Deutschland ,Swiss,European,8.5779,648.7780,98.9884,25.0034,Deutschland 
117715,Deutschland ,Swiss,European,41.5221,715.6500,100.7462,19.8157,Deutschland 
117716,Deutschland ,Swiss,European,34.7261,814.0042,45.2469,53.9649,Deutschland 
117717,Deutschland ,Swiss,European,63.3519,4670.4758,460.0890,278.0729,Deutschland 
117718,Deutschland ,Swiss,European,34.9270,881.6400,56.0211,58.4089,Deutschland 
117719,Deutschland ,Swiss,European,36.9396,759.8149,48.4559,50.3327,Deutschland 
117720,Deutschland ,Swiss,European,5.8316,377.0200,71.1630,5.6894,Deutschland 
117721,Deutschland ,Swiss,European,207.2565,2234.0911,124.4876,101.5324,Deutschland 
117722,Deutschland ,Swiss,European,46.9315,208.4949,5.7809,0.9672,Deutschland 
117723,Deutschland ,Swiss,European,25.4671,325.7019,16.9660,17.4506,Deutschland 
117724,Deutschland ,Swiss,European,57.3280,1600.2960,46.2117,139.4228,Deutschland 
117725,Deutschland ,Swiss,European,56.7142,1703.0332,57.3160,145.2963,Deutschland 
117726,Deutschland ,Swiss,European,80249.7557,433718.7300,3555.4478,11705.5942,Deutschland 
117727,Deutschland ,Swiss,European,1.3104,330.8800,24.0736,25.2084,Deutschland 
117728,Deutschland ,Swiss,European,34.8747,2047.2373,197.9403,118.1108,Deutschland 
117729,Deutschland ,Swiss,European,21.2897,207.3065,0.7037,14.1575,Deutschland 
117730,Deutschland ,Swiss,European,30.0471,1125.1351,126.7388,52.8856,Deutschland 
117731,Deutschland ,Swiss,European,696.8380,3105.0850,79.4146,25.0119,Deutschland 
117732,Deutschland ,Swiss,European,55.0985,3244.2708,258.2365,218.9084,Deutschland 
117733,Deutschland ,Swiss,European,54.4098,1010.4360,49.8763,66.8655,Deutschland 
117734,Deutschland ,Swiss,European,54.2832,1716.0078,86.6661,134.3077,Deutschland 
117735,Deutschland ,Swiss,European,131.6840,1993.3525,11.4610,158.8346,Deutschland 
117736,Deutschland ,Swiss,European,25.3728,1536.2800,53.3256,135.7868,Deutschland 
117737,Deutschland ,Swiss,European,21.6820,418.3000,66.1840,6.4510,Deutschland 
117738,Deutschland ,Swiss,European,11.0781,47.8551,1.5651,0.1662,Deutschland 
117739,Deutschland ,Swiss,European,42.3702,1540.5220,67.4750,123.8847,Deutschland 
117740,Deutschland ,Swiss,European,55.3427,944.8390,82.3608,48.9570,Deutschland 
117741,Deutschland ,Swiss,European,8.2101,2234.3864,186.0260,158.4104,Deutschland 
117742,Deutschland ,Swiss,European,47.0520,630.2160,25.2377,39.9285,Deutschland 
117743,Deutschland ,Swiss,European,0.8064,220.0800,15.0976,17.3544,Deutschland 
117744,Deutschland ,Swiss,European,47.9640,661.8291,11.9724,47.9640,Deutschland 
117745,Deutschland ,Swiss,European,5.1370,22.0000,0.6050,0.0550,Deutschland 
117746,Deutschland ,Swiss,European,80.1518,1569.2544,158.4598,66.1017,Deutschland 
117747,Deutschland ,Swiss,European,567.9013,8302.8148,473.3626,460.1781,Deutschland 
117748,Deutschland ,Swiss,European,24.5857,1069.5791,77.1004,73.1771,Deutschland 
117749,Deutschland ,Swiss,European,68.4687,1275.3224,157.4828,38.6387,Deutschland 
117750,Deutschland ,Swiss,European,40.1363,1490.6450,104.2089,100.8300,Deutschland 
117751,Deutschland ,Swiss,European,86.7258,1502.8795,203.0396,32.0667,Deutschland 
117752,Deutschland ,Swiss,European,21.7198,1197.6187,137.5675,60.8522,Deutschland 
117753,Deutschland ,Swiss,European,247.4734,2537.7457,81.6035,135.0393,Deutschland 
117754,Deutschland ,Swiss,European,55.2082,4668.8141,367.5326,325.6287,Deutschland 
117755,Deutschland ,Swiss,European,13.6505,880.4252,19.6887,83.8334,Deutschland 
117756,Deutschland ,Swiss,European,268.7683,3357.5040,245.9940,141.6401,Deutschland 
117757,Deutschland ,Swiss,European,11.9167,1016.0615,39.5302,90.8155,Deutschland 
117758,Deutschland ,Swiss,European,240.4602,1492.7060,11.8929,61.7846,Deutschland 
117759,Deutschland ,Swiss,European,5.6368,534.7600,36.0272,40.9468,Deutschland 
117760,Deutschland ,Swiss,European,153.7086,1059.6150,45.9068,30.2745,Deutschland 
117761,Deutschland ,Swiss,European,19.8339,870.5472,46.6891,69.7535,Deutschland 
117762,Deutschland ,Swiss,European,607.5693,3766.0269,202.4872,71.4030,Deutschland 
117763,Deutschland ,Swiss,European,121.5154,1079.4420,49.2140,40.5032,Deutschland 
117764,Deutschland ,Swiss,European,1.9122,281.8400,21.9293,20.2272,Deutschland 
117765,Deutschland ,Swiss,European,36.1393,1262.9440,81.4697,89.0468,Deutschland 
117766,Deutschland ,Swiss,European,65.8159,1661.0912,189.9449,67.8658,Deutschland 
117767,Deutschland ,Swiss,European,36688.0748,170714.7814,896.3952,2317.8079,Deutschland 
117768,Deutschland ,Swiss,European,10.4534,1014.8333,61.6275,80.3552,Deutschland 
117769,Deutschland ,Swiss,European,42.1865,1091.9993,56.8838,79.9185,Deutschland 
117770,Deutschland ,Swiss,European,121.3836,1584.8020,133.3216,74.1390,Deutschland 
117771,Deutschland ,Swiss,European,174.1872,137776.5000,9864.8340,10803.8358,Deutschland 
117772,Deutschland ,Swiss,European,262.1168,3064.4866,43.4068,232.3452,Deutschland 
117773,Deutschland ,Swiss,European,94.2834,919.3136,99.6633,17.3619,Deutschland 
117774,Deutschland ,Swiss,European,56.2855,1199.2244,7.1606,110.4078,Deutschland 
117775,Deutschland ,Swiss,European,249.5144,1868.6639,67.9522,79.6967,Deutschland 
117776,Deutschland ,Swiss,European,22.1674,1228.9299,41.4110,111.0773,Deutschland 
117777,Deutschland ,Swiss,European,10.1574,1249.9311,41.5651,117.1970,Deutschland 
117778,Deutschland ,Swiss,European,15.9302,202.2022,6.1235,14.6161,Deutschland 
117779,Deutschland ,Swiss,European,25.5392,390.0995,7.4854,28.9379,Deutschland 
117780,Deutschland ,Swiss,European,3.8016,1037.5200,71.1744,81.8136,Deutschland 
117781,Deutschland ,Swiss,European,306.8114,2639.9975,101.2960,109.1399,Deutschland 
117782,Deutschland ,Swiss,European,29.4202,738.4800,12.3311,64.9156,Deutschland 
117783,Deutschland ,Swiss,European,29.3711,3029.7068,105.6613,275.0070,Deutschland 
117784,Deutschland ,Swiss,European,0.8064,220.0800,15.0976,17.3544,Deutschland 
117785,Deutschland ,Swiss,European,6.0755,680.9322,75.0094,38.4289,Deutschland 
117786,Deutschland ,Swiss,European,60426.6616,362988.1124,19644.8312,5816.5261,Deutschland 
117787,Deutschland ,Swiss,European,76.5593,2459.0038,167.7858,161.8919,Deutschland 
117788,Deutschland ,Swiss,European,16.2844,1677.2000,60.0086,152.0412,Deutschland 
117789,Deutschland ,Swiss,European,68.3754,2576.2787,151.0089,189.0983,Deutschland 
117790,Deutschland ,Swiss,European,334.1561,1984.6078,54.8805,43.8606,Deutschland 
117791,Deutschland ,Swiss,European,29.2204,1984.6050,97.6366,163.9125,Deutschland 
117792,Deutschland ,Swiss,European,30.5590,711.0940,24.8244,55.3311,Deutschland 
117793,Deutschland ,Swiss,European,17.6009,78.6191,2.3715,0.7660,Deutschland 
117794,Deutschland ,Swiss,European,32.2802,2302.5547,143.5774,178.6873,Deutschland 
117795,Deutschland ,Swiss,European,108.8862,888.4121,64.8456,28.2619,Deutschland 
117796,Deutschland ,Swiss,European,117.7753,1720.5260,81.6378,110.3780,Deutschland 
117797,Deutschland ,Swiss,European,166.1675,2192.5817,73.2390,139.5453,Deutschland 
117798,Deutschland ,Swiss,European,97.9799,2828.8860,223.5034,171.8084,Deutschland 
117799,Deutschland ,Swiss,European,47.0084,1650.6500,79.3551,133.8608,Deutschland 
117800,Deutschland ,Swiss,European,31.5675,2821.7698,169.9012,5.3480,Deutschland 
117801,Deutschland ,Swiss,European,62.2494,1026.4800,66.0144,58.2362,Deutschland 
117802,Deutschland ,Swiss,European,67.4761,461.0970,11.3814,17.5423,Deutschland 
117803,Deutschland ,Swiss,European,244.3598,2890.9793,104.1352,174.2854,Deutschland 
117804,Deutschland ,Swiss,European,47.7966,1040.7284,152.0530,24.1212,Deutschland 
117805,Deutschland ,Swiss,European,1333.8756,10322.8150,412.9249,375.3969,Deutschland 
117806,Deutschland ,Swiss,European,51.0561,1618.9595,61.4986,136.0293,Deutschland 
117807,Deutschland ,Swiss,European,306.2504,2081.9452,83.7936,62.7836,Deutschland 
117808,Deutschland ,Swiss,European,83.3684,1586.3710,88.6012,102.8453,Deutschland 
117809,Deutschland ,Swiss,European,35.7883,1894.8897,185.6095,108.2007,Deutschland 
117810,Deutschland ,Swiss,European,7.1472,468.3750,41.2332,29.7880,Deutschland 
117811,Deutschland ,Swiss,European,3.8016,1859.7476,161.3638,130.4803,Deutschland 
117812,Deutschland ,Swiss,European,35.4576,962.8445,18.7469,82.3056,Deutschland 
117813,Deutschland ,Swiss,European,2.9196,942.3125,36.1886,87.3902,Deutschland 
117814,Deutschland ,Swiss,European,62.6201,1628.6219,203.6277,58.0352,Deutschland 
117815,Deutschland ,Swiss,European,20.5406,498.7808,23.9964,36.1959,Deutschland 
117816,Deutschland ,Swiss,European,87.6320,1240.8339,20.7323,98.6080,Deutschland 
117817,Deutschland ,Swiss,European,59.6970,836.7613,52.8054,44.8832,Deutschland 
117818,Deutschland ,Swiss,European,11.0465,1912.3949,135.4912,146.7997,Deutschland 
117819,Deutschland ,Swiss,European,658.2287,4982.6440,107.2121,214.0242,Deutschland 
117820,Deutschland ,Swiss,European,141.0925,1739.9315,112.4872,79.0687,Deutschland 
117821,Deutschland ,Swiss,European,2.7803,893.6892,20.4259,90.3181,Deutschland 
117822,Deutschland ,Swiss,European,12.4158,633.6025,46.8319,43.7679,Deutschland 
117823,Deutschland ,Swiss,European,58.4465,452.7098,35.9884,11.0643,Deutschland 
117824,Deutschland ,Swiss,European,58.1531,3958.6470,423.4264,215.9486,Deutschland 
117825,Deutschland ,Swiss,European,714.6281,98129.6025,6019.7520,7936.7222,Deutschland 
117826,Deutschland ,Swiss,European,12.4230,4489.7800,225.6546,394.7311,Deutschland 
117827,Deutschland ,Swiss,European,661.1204,6753.4913,412.3576,262.5111,Deutschland 
117828,Deutschland ,Swiss,European,8.3291,2340.1825,90.3381,218.2914,Deutschland 
117829,Deutschland ,Swiss,European,733.6933,4749.1397,175.6607,117.7482,Deutschland 
117830,Deutschland ,Swiss,European,261.8807,7103.6173,242.3356,588.0036,Deutschland 
117831,Deutschland ,Swiss,European,41365.5610,201940.0500,6216.2240,804.8050,Deutschland 
117832,Deutschland ,Swiss,European,29.5233,828.0375,45.3219,58.6391,Deutschland 
117833,Deutschland ,Swiss,European,154.0696,2960.2503,31.1797,254.3195,Deutschland 
117834,Deutschland ,Swiss,European,11.6296,1264.3982,111.3062,84.1138,Deutschland 
117835,Deutschland ,Swiss,European,33.7852,1312.7202,61.6084,105.9163,Deutschland 
117836,Deutschland ,Swiss,European,36.9049,1040.9929,23.6009,91.3190,Deutschland 
117837,Deutschland ,Swiss,European,22.8957,1303.3407,74.2316,104.5797,Deutschland 
117838,Deutschland ,Swiss,European,127.0790,916.4723,12.7519,41.1638,Deutschland 
117839,Deutschland ,Swiss,European,235.7891,5370.8980,160.3271,459.2099,Deutschland 
117840,Deutschland ,Swiss,European,248.7242,1037.2680,50.2719,10.8237,Deutschland 
117841,Deutschland ,Swiss,European,31.0587,847.8233,40.3362,62.6926,Deutschland 
117842,Deutschland ,Swiss,European,24.3456,459.5984,79.6287,3.3343,Deutschland 
117843,Deutschland ,Swiss,European,171.5197,2236.1901,73.1840,147.7319,Deutschland 
117844,Deutschland ,Swiss,European,218.8707,2926.3698,78.0934,197.8573,Deutschland 
117845,Deutschland ,Swiss,European,82.6743,1222.0015,164.8941,22.8296,Deutschland 
117846,Deutschland ,Swiss,European,167.3622,3412.7280,127.0033,261.5213,Deutschland 
117847,Deutschland ,Swiss,European,25.3623,1488.0016,101.9033,108.0862,Deutschland 
117848,Deutschland ,Swiss,European,257.1601,1722.4453,64.6920,99.6510,Deutschland 
117849,Deutschland ,Swiss,European,2.9340,524.1600,36.0768,40.9608,Deutschland 
117850,Deutschland ,Swiss,European,15.9069,780.6120,25.1188,68.9722,Deutschland 
117851,Deutschland ,Swiss,European,351.8659,2442.4757,88.8740,92.2298,Deutschland 
117852,Deutschland ,Swiss,European,6.5349,905.3240,61.5303,70.3203,Deutschland 
117853,Deutschland ,Swiss,European,301.8501,2255.2733,67.9864,142.2218,Deutschland 
117854,Deutschland ,Swiss,European,40.8738,193.7150,2.1632,4.4989,Deutschland 
117855,Deutschland ,Swiss,European,1.8852,184.2573,6.6391,9.9733,Deutschland 
117856,Deutschland ,Swiss,European,19.3796,361.3025,12.4065,29.0777,Deutschland 
117857,Deutschland ,Swiss,European,59.1653,888.4978,28.0647,65.1106,Deutschland 
117858,Deutschland ,Swiss,European,11.7000,1083.7333,6.6793,113.6667,Deutschland 
117859,Deutschland ,Swiss,European,35.5111,3138.7472,154.9023,264.8396,Deutschland 
117860,Deutschland ,Swiss,European,11.9038,608.0346,86.9724,22.3563,Deutschland 
117861,Deutschland ,Swiss,European,66.4418,1076.0650,61.7622,65.1104,Deutschland 
117862,Deutschland ,Swiss,European,65.6760,1959.6841,136.3633,127.9528,Deutschland 
117863,Deutschland ,Swiss,European,60.8661,600.8500,16.5320,48.0146,Deutschland 
117864,Deutschland ,Swiss,European,90.5753,1297.0800,66.9115,74.3928,Deutschland 
117865,Deutschland ,Swiss,European,36.8156,730.4752,62.9631,38.8289,Deutschland 
117866,Deutschland ,Swiss,European,3.0256,371.1400,0.6912,40.5752,Deutschland 
117867,Deutschland ,Swiss,European,,,,,Deutschland 
117868,Deutschland ,Swiss,European,56.6246,392.4700,35.4728,1.6328,Deutschland 
117869,Deutschland ,Swiss,European,7.7058,652.9416,42.0268,50.8630,Deutschland 
117870,Deutschland ,Swiss,European,81.6108,3040.2425,146.2603,249.4926,Deutschland 
117871,Deutschland ,Swiss,European,279.7211,1813.2185,74.2473,45.9639,Deutschland 
117872,Deutschland ,Swiss,European,14.2523,2105.0765,143.9241,163.8765,Deutschland 
117873,Deutschland ,Swiss,European,54.5848,4822.7937,463.0451,298.0078,Deutschland 
117874,Deutschland ,Swiss,European,100.8216,436.5800,9.8198,2.7772,Deutschland 
117875,Deutschland ,Swiss,European,241.5702,3103.5379,169.4171,162.5704,Deutschland 
117876,Deutschland ,Swiss,European,159.7722,1115.2680,28.5312,42.8039,Deutschland 
117877,Deutschland ,Swiss,European,286.4327,3440.6400,29.7378,260.9712,Deutschland 
117878,Deutschland ,Swiss,European,60.3345,1071.2992,41.0773,76.6842,Deutschland 
117879,Deutschland ,Swiss,European,10.3685,1498.2415,99.6982,117.3807,Deutschland 
117880,Deutschland ,Swiss,European,60.5330,1691.0109,196.6072,71.3473,Deutschland 
117881,Deutschland ,Swiss,European,14.4696,1659.4859,66.2944,147.9073,Deutschland 
117882,Deutschland ,Swiss,European,2371.1403,13546.3700,1335.7616,198.8734,Deutschland 
117883,Deutschland ,Swiss,European,30.0713,881.3315,59.1103,59.1051,Deutschland 
117884,Deutschland ,Swiss,European,73.4123,2037.7276,282.9643,63.4191,Deutschland 
117885,Deutschland ,Swiss,European,7.1909,929.4006,61.8337,71.2945,Deutschland 
117886,Deutschland ,Swiss,European,44.7988,1989.9775,129.6955,144.1602,Deutschland 
117887,Deutschland ,Swiss,European,41.0052,1253.7600,50.0544,102.3108,Deutschland 
117888,Deutschland ,Swiss,European,8.7098,1195.7100,73.2747,96.7598,Deutschland 
117889,Deutschland ,Swiss,European,26.3626,2127.6830,149.5730,156.8246,Deutschland 
117890,Deutschland ,Swiss,European,75.9856,2661.0273,126.6448,209.0974,Deutschland 
117891,Deutschland ,Swiss,European,37.7134,771.6303,9.1994,69.4841,Deutschland 
117892,Deutschland ,Swiss,European,3.2450,683.3480,49.4979,51.0855,Deutschland 
117893,Deutschland ,Swiss,European,68242.7467,295341.7160,2821.8321,773.5297,Deutschland 
117894,Deutschland ,Swiss,European,409.6746,4057.3142,138.1759,210.7895,Deutschland 
117895,Deutschland ,Swiss,European,7.5392,504.7938,64.5755,22.4817,Deutschland 
117896,Deutschland ,Swiss,European,46.4731,228.9612,11.0944,2.6003,Deutschland 
117897,Deutschland ,Swiss,European,0.0000,880.8276,89.7602,56.2667,Deutschland 
117898,Deutschland ,Swiss,European,136.6501,1622.5786,87.8838,82.9270,Deutschland 
117899,Deutschland ,Swiss,European,589.4841,3089.8339,109.3798,40.4862,Deutschland 
117900,Deutschland ,Swiss,European,170.9552,1861.1752,82.3032,99.0220,Deutschland 
117901,Deutschland ,Swiss,European,176.0402,9650.7012,470.4134,784.6843,Deutschland 
117902,Deutschland ,Swiss,European,1.0862,112.3048,0.2483,12.0497,Deutschland 
117903,Deutschland ,Swiss,European,51.3336,931.8628,60.7866,52.4796,Deutschland 
117904,Deutschland ,Swiss,European,142.1680,1931.8375,110.2177,108.6408,Deutschland 
117905,Deutschland ,Swiss,European,103.5435,1947.1975,107.9444,123.8050,Deutschland 
117906,Deutschland ,Swiss,European,73.4499,306.3250,1.2515,0.8748,Deutschland 
117907,Deutschland ,Swiss,European,51.9050,980.8700,11.8491,86.9496,Deutschland 
117908,Deutschland ,Swiss,European,127.4622,1173.5433,16.3361,79.4690,Deutschland 
117909,Deutschland ,Swiss,European,14.9543,703.8600,38.5617,56.3888,Deutschland 
117910,Deutschland ,Swiss,European,19.5614,371.9402,10.9680,28.9270,Deutschland 
117911,Deutschland ,Swiss,European,44.2578,210.2613,7.1379,5.0056,Deutschland 
117912,Deutschland ,Swiss,European,24.3153,2339.3200,29.3877,237.7294,Deutschland 
117913,Deutschland ,Swiss,European,179.4325,4193.7617,105.8521,345.5232,Deutschland 
117914,Deutschland ,Swiss,European,87.0106,2373.7310,104.1775,181.3788,Deutschland 
117915,Deutschland ,Swiss,European,20.8356,1028.0200,72.2362,71.8950,Deutschland 
117916,Deutschland ,Swiss,European,193.7124,2551.0161,211.6303,99.2905,Deutschland 
117917,Deutschland ,Swiss,European,96.8513,2328.1638,144.5724,155.4434,Deutschland 
117918,Deutschland ,Swiss,European,155.2716,936.8400,19.9414,30.4109,Deutschland 
117919,Deutschland ,Swiss,European,0.9282,154.2900,8.6138,12.9672,Deutschland 
117920,Deutschland ,Swiss,European,3.8594,2026.2787,53.8293,201.4592,Deutschland 
117921,Deutschland ,Swiss,European,1002.0616,7122.2580,264.0610,237.9710,Deutschland 
117922,Deutschland ,Swiss,European,220.7892,3285.1915,425.9416,77.1633,Deutschland 
117923,Deutschland ,Swiss,European,9.5698,918.8943,61.8878,71.6383,Deutschland 
117924,Deutschland ,Swiss,European,54.8207,2675.0533,300.8737,140.1760,Deutschland 
117925,Deutschland ,Swiss,European,6.5319,1782.6520,122.2908,140.5710,Deutschland 
117926,Deutschland ,Swiss,European,4.3408,390326.3964,47289.2685,21003.7368,Deutschland 
117927,Deutschland ,Swiss,European,0.1701,222.6910,16.6656,17.5755,Deutschland 
117928,Deutschland ,Swiss,European,14.4679,811.3216,55.8631,58.4050,Deutschland 
117929,Deutschland ,Swiss,European,24.1560,361.3645,10.9452,24.9390,Deutschland 
117930,Deutschland ,Swiss,European,168.1080,1623.9200,70.8716,78.8648,Deutschland 
117931,Deutschland ,Swiss,European,12.0720,281.4000,16.1799,19.0113,Deutschland 
117932,Deutschland ,Swiss,European,5.1032,284.4700,14.2835,23.2708,Deutschland 
117933,Deutschland ,Swiss,European,19.8236,605.5360,7.9844,56.1887,Deutschland 
117934,Deutschland ,Swiss,European,8.0000,74.0000,8.0000,1.0000,Deutschland 
117935,Deutschland ,Swiss,European,57.9363,263.7359,13.2209,2.1973,Deutschland 
117936,Deutschland ,Swiss,European,5336.3606,1399616.1400,51625.5692,128525.1127,Deutschland 
117937,Deutschland ,Swiss,European,373.0469,1616.4765,17.8543,25.4859,Deutschland 
117938,Deutschland ,Swiss,European,92.5405,775.3699,9.0863,42.2886,Deutschland 
117939,Deutschland ,Swiss,European,10.2399,546.0415,26.2061,44.6379,Deutschland 
117940,Deutschland ,Swiss,European,37.9083,2360.9573,127.2915,193.6244,Deutschland 
117941,Deutschland ,Swiss,European,174.7102,1970.9475,54.7358,117.4555,Deutschland 
117942,Deutschland ,Swiss,European,7.0026,682.4683,3.0231,71.6469,Deutschland 
117943,Deutschland ,Swiss,European,46.5363,1292.9828,53.4074,101.6921,Deutschland 
117944,Deutschland ,Swiss,European,34.3111,1560.3956,109.6597,108.0831,Deutschland 
117945,Deutschland ,Swiss,European,47.2605,2947.6167,139.0713,247.1678,Deutschland 
117946,Deutschland ,Swiss,European,67.6038,1532.6051,206.2960,46.3111,Deutschland 
117947,Deutschland ,Swiss,European,9370.4014,153666.4456,23010.2524,2724.8976,Deutschland 
117948,Deutschland ,Swiss,European,7.8016,1074.5200,75.1744,82.3136,Deutschland 
117949,Deutschland ,Swiss,European,17.7801,223.7536,34.6784,1.3740,Deutschland 
117950,Deutschland ,Swiss,European,30.0141,2065.1120,44.5095,198.3890,Deutschland 
117951,Deutschland ,Swiss,European,58.1981,663.0099,17.6082,42.4959,Deutschland 
117952,Deutschland ,Swiss,European,15.4982,742.8420,54.2945,51.0886,Deutschland 
117953,Deutschland ,Swiss,European,46.3720,748.0000,23.1320,57.7600,Deutschland 
117954,Deutschland ,Swiss,European,129.0092,2997.6447,21.2453,275.6772,Deutschland 
117955,Deutschland ,Swiss,European,3.0222,167.0400,9.3298,13.4772,Deutschland 
117956,Deutschland ,Swiss,European,38.6541,782.8395,33.3636,55.6260,Deutschland 
117957,Deutschland ,Swiss,European,19.0760,1183.6948,103.6024,76.1701,Deutschland 
117958,Deutschland ,Swiss,European,335.8672,2505.1040,69.4149,95.4019,Deutschland 
117959,Deutschland ,Swiss,European,42.7240,1084.3867,137.7968,37.6683,Deutschland 
117960,Deutschland ,Swiss,European,6.1272,465.4684,32.7049,35.0537,Deutschland 
117961,Deutschland ,Swiss,European,125.2656,1888.2200,112.9104,101.5926,Deutschland 
117962,Deutschland ,Swiss,European,4.6824,1320.5333,71.6801,112.7697,Deutschland 
117963,Deutschland ,Swiss,European,17.0400,1006.5000,27.5520,97.4970,Deutschland 
117964,Deutschland ,Swiss,European,54.2357,3060.8751,187.9877,241.9120,Deutschland 
117965,Deutschland ,Swiss,European,36.5237,1897.7762,185.7290,108.2382,Deutschland 
117966,Deutschland ,Swiss,European,254.9404,2877.1600,66.1304,244.6044,Deutschland 
117967,Deutschland ,Swiss,European,29.9264,549.5131,79.1077,12.3967,Deutschland 
117968,Deutschland ,Swiss,European,72.6352,291.1250,2.3946,0.8767,Deutschland 
117969,Deutschland ,Swiss,European,879.3834,3563.2200,21.0791,11.9826,Deutschland 
117970,Deutschland ,Swiss,European,48.9228,523.1161,54.5701,14.1072,Deutschland 
117971,Deutschland ,Swiss,European,53.0770,887.0850,36.7486,57.8844,Deutschland 
117972,Deutschland ,Swiss,European,32.5271,875.0636,50.2160,62.7788,Deutschland 
117973,Deutschland ,Swiss,European,12.4651,1419.8923,192.8911,67.4321,Deutschland 
117974,Deutschland ,Swiss,European,337.5310,4882.5588,135.7038,356.8983,Deutschland 
117975,Deutschland ,Swiss,European,150.6194,2336.0900,92.0884,157.5410,Deutschland 
117976,Deutschland ,Swiss,European,203.3839,2003.5412,28.5409,132.5537,Deutschland 
117977,Deutschland ,Swiss,European,49.0066,1852.7542,180.5940,102.6989,Deutschland 
117978,Deutschland ,Swiss,European,0.8064,220.0800,15.0976,17.3544,Deutschland 
117979,Deutschland ,Swiss,European,32.2223,841.3372,35.6018,65.8846,Deutschland 
117980,Deutschland ,Swiss,European,211.4714,1140.2400,21.3659,22.6767,Deutschland 
117981,Deutschland ,Swiss,European,82.7156,1630.4670,81.2294,111.2500,Deutschland 
117982,Deutschland ,Swiss,European,396.1944,3992.9900,124.7665,276.2238,Deutschland 
117983,Deutschland ,Swiss,European,70.2762,1549.3700,91.4324,103.5151,Deutschland 
117984,Deutschland ,Swiss,European,205.7007,2554.2970,98.9299,152.4561,Deutschland 
117985,Deutschland ,Swiss,European,214.4061,1960.6718,122.6097,68.3280,Deutschland 
117986,Deutschland ,Swiss,European,79.9439,624.4005,17.8736,29.5402,Deutschland 
117987,Deutschland ,Swiss,European,115.6887,1222.4210,77.0678,55.8442,Deutschland 
117988,Deutschland ,Swiss,European,3895.7354,104311.5203,6393.6905,7018.6399,Deutschland 
117989,Deutschland ,Swiss,European,37.8002,168.1379,7.6868,1.1895,Deutschland 
117990,Deutschland ,Swiss,European,1.4336,601.5292,44.0545,45.2084,Deutschland 
117991,Deutschland ,Swiss,European,41.1786,2061.4350,113.8675,165.5485,Deutschland 
117992,Deutschland ,Swiss,European,43.0668,1464.0139,98.8324,100.4333,Deutschland 
117993,Deutschland ,Swiss,European,339.9080,3215.0897,44.1832,197.4591,Deutschland 
117994,Deutschland ,Swiss,European,18.9396,4343.0392,449.3729,266.0470,Deutschland 
117995,Deutschland ,Swiss,European,58.1186,713.7086,58.8545,29.6391,Deutschland 
117996,Deutschland ,Swiss,European,52.6888,603.9160,1.1792,45.8270,Deutschland 
117997,Deutschland ,Swiss,European,38.4974,167.9800,4.2654,0.4422,Deutschland 
117998,Deutschland ,Swiss,European,239.3743,2040.2368,104.2772,74.0525,Deutschland 
117999,Deutschland ,Swiss,European,35.9031,1492.1670,59.9289,126.5240,Deutschland 
118000,Deutschland ,Swiss,European,171.1185,1274.0609,41.8630,73.2373,Deutschland 
118001,Deutschland ,Swiss,European,18.6179,2134.6750,140.8098,166.0458,Deutschland 
118002,Deutschland ,Swiss,European,591.0800,14096.0000,428.5450,1207.3050,Deutschland 
118003,Deutschland ,Swiss,European,40319.6116,161197.2808,0.0486,0.0132,Deutschland 
118004,Deutschland ,Swiss,European,45.7632,2691.1200,197.4968,190.1952,Deutschland 
118005,Deutschland ,Swiss,European,22.1080,1392.1665,76.6121,111.7728,Deutschland 
118006,Deutschland ,Swiss,European,115.7542,1590.8000,27.4125,123.9050,Deutschland 
118007,Deutschland ,Swiss,European,58.4730,1303.1421,188.5186,30.0213,Deutschland 
118008,Deutschland ,Swiss,European,15.3625,1990.1136,118.6287,162.0772,Deutschland 
118009,Deutschland ,Swiss,European,39.0690,1715.4620,204.6996,77.7858,Deutschland 
118010,Deutschland ,Swiss,European,110.8104,3295.7853,163.6518,247.4441,Deutschland 
118011,Deutschland ,Swiss,European,38.4168,2339.2433,385.0246,62.0137,Deutschland 
118012,Deutschland ,Swiss,European,1.4139,89.0775,4.9793,7.4799,Deutschland 
118013,Deutschland ,Swiss,European,2.0000,18.5000,2.0000,0.2500,Deutschland 
118014,Deutschland ,Swiss,European,104.4029,1054.3537,43.5124,54.4841,Deutschland 
118015,Deutschland ,Swiss,European,24486.7421,121355.9322,5671.0370,414.0562,Deutschland 
118016,Deutschland ,Swiss,European,0.0000,0.0000,0.0000,0.0000,Deutschland 
118017,Deutschland ,Swiss,European,122.7438,997.4100,38.3877,43.1678,Deutschland 
118018,Deutschland ,Swiss,European,881.2203,5061.9057,79.5549,134.4717,Deutschland 
118019,Deutschland ,Swiss,European,154.9976,1583.2276,63.7760,81.5594,Deutschland 
118020,Deutschland ,Swiss,European,55.0730,1265.7996,70.8821,84.8318,Deutschland 
118021,Deutschland ,Swiss,European,456.2511,3764.4529,272.5969,83.4727,Deutschland 
118022,Deutschland ,Swiss,European,85.9722,1363.9387,160.6972,39.2753,Deutschland 
118023,Deutschland ,Swiss,European,487.6417,2810.9178,71.3955,58.2026,Deutschland 
118024,Deutschland ,Swiss,European,42.5474,1545.7000,92.5776,114.8284,Deutschland 
118025,Deutschland ,Swiss,European,41.2814,424.0649,6.8284,28.2338,Deutschland 
118026,Deutschland ,Swiss,European,9.6898,889.1530,62.3784,66.2698,Deutschland 
118027,Deutschland ,Swiss,European,34.6561,218.9385,13.7099,3.4192,Deutschland 
118028,Deutschland ,Swiss,European,193.1312,5283.8535,326.5045,361.3011,Deutschland 
118029,Deutschland ,Swiss,European,203.9181,927.4200,15.7515,3.5154,Deutschland 
118030,Deutschland ,Swiss,European,138.4109,2544.7512,219.4052,121.9182,Deutschland 
118031,Deutschland ,Swiss,European,126.6054,654.7800,17.5525,7.1226,Deutschland 
118032,Deutschland ,Swiss,European,25.5129,1689.7023,88.4563,136.0390,Deutschland 
118033,Deutschland ,Swiss,European,72.2484,2416.6800,153.7356,168.8004,Deutschland 
118034,Deutschland ,Swiss,European,4.2279,792.4100,53.8973,62.1062,Deutschland 
118035,Deutschland ,Swiss,European,0.0000,18.9125,4.2075,0.1062,Deutschland 
118036,Deutschland ,Swiss,European,1.9008,518.7600,35.5872,40.9068,Deutschland 
118037,Deutschland ,Swiss,European,70.5909,662.5725,14.7247,39.7931,Deutschland 
118038,Deutschland ,Swiss,European,8.6979,494.6450,22.3281,42.8541,Deutschland 
118039,Deutschland ,Swiss,European,17.7300,892.2000,48.4300,72.1860,Deutschland 
118040,Deutschland ,Swiss,European,79.6731,2115.0848,253.0400,80.1969,Deutschland 
118041,Deutschland ,Swiss,European,30.7001,2586.0960,131.4485,215.1560,Deutschland 
118042,Deutschland ,Swiss,European,73.4228,520.5600,17.4950,17.0662,Deutschland 
118043,Deutschland ,Swiss,European,32.2793,1546.6169,80.5873,123.6424,Deutschland 
118044,Deutschland ,Swiss,European,47.8090,1357.4105,86.5459,90.5010,Deutschland 
118045,Deutschland ,Swiss,European,26.4644,3012.9421,150.9982,254.1807,Deutschland 
118046,Deutschland ,Swiss,European,255.8014,3531.2731,234.2223,179.6812,Deutschland 
118047,Deutschland ,Swiss,European,0.0000,837.5200,0.8584,92.8000,Deutschland 
118048,Deutschland ,Swiss,European,23.8523,2267.5397,159.8744,165.8829,Deutschland 
118049,Deutschland ,Swiss,European,9.0141,1589.6049,169.4953,97.0047,Deutschland 
118050,Deutschland ,Swiss,European,10374.5740,120655.4000,7361.0240,6054.7560,Deutschland 
118051,Deutschland ,Swiss,European,240.4590,4378.1210,125.8143,324.8154,Deutschland 
118052,Deutschland ,Swiss,European,17.0844,1161.7412,79.0265,85.9519,Deutschland 
118053,Deutschland ,Swiss,European,711.5257,3818.8518,124.5347,52.4352,Deutschland 
118054,Deutschland ,Swiss,European,207.5981,1045.9175,28.5312,21.4623,Deutschland 
118055,Deutschland ,Swiss,European,112.9677,1775.4434,53.2192,123.7923,Deutschland 
118056,Deutschland ,Swiss,European,14.2308,989.2425,58.3676,77.7382,Deutschland 
118057,Deutschland ,Swiss,European,0.0000,212.0580,1.4317,22.8218,Deutschland 
118058,Deutschland ,Swiss,European,41.4410,2391.4128,164.9755,172.8960,Deutschland 
118059,Deutschland ,Swiss,European,0.8064,220.0800,15.0976,17.3544,Deutschland 
118060,Deutschland ,Swiss,European,54.5396,515.1400,13.8956,29.2356,Deutschland 
118061,Deutschland ,Swiss,European,236.1201,1711.8961,109.6185,41.5906,Deutschland 
118062,Deutschland ,Swiss,European,35.9380,3427.8516,244.8190,252.6840,Deutschland 
118063,Deutschland ,Swiss,European,19.6425,427.5000,13.3575,36.0000,Deutschland 
118064,Deutschland ,Swiss,European,1007.1867,8315.0933,369.9441,320.2031,Deutschland 
118065,Deutschland ,Swiss,European,25.1369,783.7638,15.5039,72.5393,Deutschland 
118066,Deutschland ,Swiss,European,21.2548,1198.2760,68.5925,92.9709,Deutschland 
118067,Deutschland ,Swiss,European,151.7590,2813.6808,167.3135,170.1215,Deutschland 
118068,Deutschland ,Swiss,European,32.2936,1201.4070,107.7984,57.0331,Deutschland 
118069,Deutschland ,Swiss,European,2.0676,3271.6800,45.1500,340.9986,Deutschland 
118070,Deutschland ,Swiss,European,61.3494,1484.2355,94.7382,95.2696,Deutschland 
118071,Deutschland ,Swiss,European,122.3256,2136.5010,91.8393,147.4873,Deutschland 
118072,Deutschland ,Swiss,European,59.5843,1504.9259,88.1578,102.6924,Deutschland 
118073,Deutschland ,Swiss,European,11.7934,126.6791,17.6238,0.6518,Deutschland 
118074,Deutschland ,Swiss,European,70.5818,1286.4085,52.8528,88.4094,Deutschland 
118075,Deutschland ,Swiss,European,49.8032,2039.8676,173.4010,123.9031,Deutschland 
118076,Deutschland ,Swiss,European,12.0719,2040.7640,79.5605,187.1631,Deutschland 
118077,Deutschland ,Swiss,European,62.7294,7217.1613,689.7147,452.0438,Deutschland 
118078,Deutschland ,Swiss,European,13.6422,2490.4200,76.8990,240.2436,Deutschland 
118079,Deutschland ,Swiss,European,19.0108,1421.7200,46.8369,131.1593,Deutschland 
118080,Deutschland ,Swiss,European,4.1100,913.4676,94.0202,56.3867,Deutschland 
118081,Deutschland ,Swiss,European,21.0137,830.3841,61.7195,55.4567,Deutschland 
118082,Deutschland ,Swiss,European,59.2034,2323.2472,190.2680,147.1064,Deutschland 
118083,Deutschland ,Swiss,European,8.8920,270.2745,31.3236,11.6853,Deutschland 
118084,Deutschland ,Swiss,European,287.0663,3115.6600,46.0006,240.3218,Deutschland 
118085,Deutschland ,Swiss,European,,,,,Deutschland 
118086,Deutschland ,Swiss,European,48.5286,2047.2733,217.9370,112.1273,Deutschland 
118087,Deutschland ,Swiss,European,43.8893,2275.6640,154.5115,163.4601,Deutschland 
118088,Deutschland ,Swiss,European,45.6213,540.1192,20.6057,32.6913,Deutschland 
118089,Deutschland ,Swiss,European,219.2370,3407.3894,363.3558,112.8696,Deutschland 
118090,Deutschland ,Swiss,European,69.6905,1158.0396,63.1759,69.1682,Deutschland 
118091,Deutschland ,Swiss,European,30.9288,1657.3900,77.9450,141.4667,Deutschland 
118092,Deutschland ,Swiss,European,2.5094,488.5850,0.7248,54.0676,Deutschland 
118093,Deutschland ,Swiss,European,308.2122,1440.3241,2.9488,22.2919,Deutschland 
118094,Deutschland ,Swiss,European,527.2765,119663.6216,8244.0931,9377.2178,Deutschland 
118095,Deutschland ,Swiss,European,40.0800,2323.8780,123.4597,187.9246,Deutschland 
118096,Deutschland ,Swiss,European,15.8462,2759.3707,255.4245,181.1120,Deutschland 
118097,Deutschland ,Swiss,European,64.7414,4164.9543,167.3401,370.4556,Deutschland 
118098,Deutschland ,Swiss,European,78.2467,353.1400,6.4605,1.2818,Deutschland 
118099,Deutschland ,Swiss,European,38.0873,964.8642,107.4311,42.1587,Deutschland 
118100,Deutschland ,Swiss,European,305.1190,2151.9206,129.9375,47.1020,Deutschland 
118101,Deutschland ,Swiss,European,40.6306,1016.8501,151.2291,23.8772,Deutschland 
118102,Deutschland ,Swiss,European,59.7270,1525.3275,95.6740,100.0791,Deutschland 
118103,Deutschland ,Swiss,European,23.7588,116.4140,3.2847,2.8900,Deutschland 
118104,Deutschland ,Swiss,European,1.2397,215.5827,18.8629,14.3196,Deutschland 
118105,Deutschland ,Swiss,European,44.5312,335.2134,20.7445,2.5839,Deutschland 
118106,Deutschland ,Swiss,European,70.4977,2582.0985,365.2842,82.6707,Deutschland 
118107,Deutschland ,Swiss,European,404.1916,2559.8325,88.5675,61.3878,Deutschland 
118108,Deutschland ,Swiss,European,211.0361,2674.0430,105.2438,162.8174,Deutschland 
118109,Deutschland ,Swiss,European,9.7571,528.6267,55.5399,28.7976,Deutschland 
118110,Deutschland ,Swiss,European,100.5708,2525.8621,94.1332,201.9093,Deutschland 
118111,Deutschland ,Swiss,European,256.6717,2463.6760,103.9041,115.3304,Deutschland 
118112,Deutschland ,Swiss,European,49.5262,516.0112,20.0953,29.8876,Deutschland 
118113,Deutschland ,Swiss,European,813.5428,119376.9700,7229.7938,9714.3250,Deutschland 
118114,Deutschland ,Swiss,European,0.8233,2.5617,0.0972,0.0265,Deutschland 
118115,Deutschland ,Swiss,European,2.9483,103.4613,5.8084,0.1984,Deutschland 
118116,Deutschland ,Swiss,European,20.1679,1766.0710,102.0313,145.0989,Deutschland 
118117,Deutschland ,Swiss,European,80.3129,1719.2515,203.9195,59.4779,Deutschland 
118118,Deutschland ,Swiss,European,0.0000,39.7800,0.0000,4.5000,Deutschland 
118119,Deutschland ,Swiss,European,41.3186,518.2020,13.6601,33.6640,Deutschland 
118120,Deutschland ,Swiss,European,61.0367,2771.0230,116.6702,230.4188,Deutschland 
118121,Deutschland ,Swiss,European,26.6173,361.7458,17.3778,18.1785,Deutschland 
118122,Deutschland ,Swiss,European,178.1836,1571.0220,52.9596,74.3896,Deutschland 
118123,Deutschland ,Swiss,European,21.9927,918.2465,29.3055,83.6530,Deutschland 
118124,Deutschland ,Swiss,European,75.7487,592.7779,15.0446,29.9721,Deutschland 
118125,Deutschland ,Swiss,European,49.9037,1154.5204,141.1295,42.5100,Deutschland 
118126,Deutschland ,Swiss,European,0.9252,3586.8792,412.0761,204.1378,Deutschland 
118127,Deutschland ,Swiss,European,218.4594,7681.9352,1203.5273,190.8120,Deutschland 
118128,Deutschland ,Swiss,European,41.3979,2093.6344,184.0593,136.0865,Deutschland 
118129,Deutschland ,Swiss,European,14.9440,2165.2048,113.9603,183.7604,Deutschland 
118130,Deutschland ,Swiss,European,55.9340,1035.7917,51.5325,70.3737,Deutschland 
118131,Deutschland ,Swiss,European,226.7319,2462.5233,164.6904,101.9428,Deutschland 
118132,Deutschland ,Swiss,European,69.6759,492.7030,29.3411,16.4009,Deutschland 
118133,Deutschland ,Swiss,European,213.0870,1680.5700,58.2503,65.7429,Deutschland 
118134,Deutschland ,Swiss,European,0.0000,0.0000,0.0000,0.0000,Deutschland 
118135,Deutschland ,Swiss,European,35.5512,3755.6156,596.9154,119.5896,Deutschland 
118136,Deutschland ,Swiss,European,11.4024,1964.9240,75.3886,180.2670,Deutschland 
118137,Deutschland ,Swiss,European,18.2928,1368.1405,62.3206,117.6638,Deutschland 
118138,Deutschland ,Swiss,European,59.8268,1760.4067,147.7740,107.2779,Deutschland 
118139,Deutschland ,Swiss,European,83.9850,1579.9338,83.8415,104.8488,Deutschland 
118140,Deutschland ,Swiss,European,38.1890,697.4429,14.7718,57.7836,Deutschland 
118141,Deutschland ,Swiss,European,17.7857,1248.8263,50.8935,109.5636,Deutschland 
118142,Deutschland ,Swiss,European,90.8289,1640.6084,207.4162,45.6708,Deutschland 
118143,Deutschland ,Swiss,European,7.2734,2451.6920,539.4507,13.7075,Deutschland 
118144,Deutschland ,Swiss,European,35.0028,985.3174,49.5658,74.5461,Deutschland 
118145,Deutschland ,Swiss,European,25324.7925,115947.5000,1894.3935,473.8360,Deutschland 
118146,Deutschland ,Swiss,European,10.5794,578.0800,27.1836,48.5894,Deutschland 
118147,Deutschland ,Swiss,European,53.7322,2446.9512,109.6570,198.3544,Deutschland 
118148,Deutschland ,Swiss,European,54.5459,972.3230,26.1408,76.0570,Deutschland 
118149,Deutschland ,Swiss,European,188.4492,1928.6571,167.2367,54.6713,Deutschland 
118150,Deutschland ,Swiss,European,340.1268,2764.2300,77.1732,127.0758,Deutschland 
118151,Deutschland ,Swiss,European,63.0490,2459.3381,119.9073,193.5643,Deutschland 
118152,Deutschland ,Swiss,European,70.4117,1928.9144,106.7279,137.1602,Deutschland 
118153,Deutschland ,Swiss,European,38.3213,2528.3508,118.5747,212.4393,Deutschland 
118154,Deutschland ,Swiss,European,521.3384,3363.8400,65.8444,119.8492,Deutschland 
118155,Deutschland ,Swiss,European,56.2815,4884.3260,248.2853,402.3013,Deutschland 
118156,Deutschland ,Swiss,European,89.4531,1797.7975,222.3805,66.4117,Deutschland 
118157,Deutschland ,Swiss,European,129.1699,4045.1128,415.3591,208.7335,Deutschland 
118158,Deutschland ,Swiss,European,201.5960,805.9800,0.0000,0.0000,Deutschland 
118159,Deutschland ,Swiss,European,38.0191,634.5414,41.4681,41.1436,Deutschland 
118160,Deutschland ,Swiss,European,12.9377,817.7000,53.6648,61.4720,Deutschland 
118161,Deutschland ,Swiss,European,25.5948,771.0745,36.1814,58.6908,Deutschland 
118162,Deutschland ,Swiss,European,0.0000,201.7333,44.8800,1.1333,Deutschland 
118163,Deutschland ,Swiss,European,48.9932,1478.4750,65.8318,120.2563,Deutschland 
118164,Deutschland ,Swiss,European,24.9156,113.0660,2.9854,0.7172,Deutschland 
118165,Deutschland ,Swiss,European,21.2980,910.8000,11.2240,89.0100,Deutschland 
118166,Deutschland ,Swiss,European,80.5791,4887.0911,246.9183,398.4261,Deutschland 
118167,Deutschland ,Swiss,European,81.3722,2224.5400,134.2031,151.8597,Deutschland 
118168,Deutschland ,Swiss,European,60.4636,3069.3464,154.7713,246.0159,Deutschland 
118169,Deutschland ,Swiss,European,17.6001,837.5016,78.9434,48.5157,Deutschland 
118170,Deutschland ,Swiss,European,149.1546,1123.2750,72.4607,25.8278,Deutschland 
118171,Deutschland ,Swiss,European,21.1499,2003.4040,80.1437,177.6093,Deutschland 
118172,Deutschland ,Swiss,European,84.3775,1833.1165,206.7925,71.0660,Deutschland 
118173,Deutschland ,Swiss,European,27.1761,1324.6578,92.1413,94.1344,Deutschland 
118174,Deutschland ,Swiss,European,19.2892,889.3630,71.4801,58.5410,Deutschland 
118175,Deutschland ,Swiss,European,158.6668,1102.0007,108.3575,3.0832,Deutschland 
118176,Deutschland ,Swiss,European,114.7906,839.5515,22.4825,30.2276,Deutschland 
118177,Deutschland ,Swiss,European,17.1159,346.5585,10.3660,29.5024,Deutschland 
118178,Deutschland ,Swiss,European,66.7629,2333.1460,121.9959,178.7340,Deutschland 
118179,Deutschland ,Swiss,European,221.8451,1766.6700,41.6607,80.4600,Deutschland 
118180,Deutschland ,Swiss,European,18.0047,648.5481,19.8986,56.5435,Deutschland 
118181,Deutschland ,Swiss,European,107.0058,8747.6850,1465.0547,249.9370,Deutschland 
118182,Deutschland ,Swiss,European,249.7154,3392.5555,126.9520,209.7223,Deutschland 
118183,Deutschland ,Swiss,European,47.7487,1279.8362,13.7073,123.8448,Deutschland 
118184,Deutschland ,Swiss,European,28.4064,4412.6787,736.7222,133.6519,Deutschland 
118185,Deutschland ,Swiss,European,55.0288,1843.8670,208.2698,84.1155,Deutschland 
118186,Deutschland ,Swiss,European,36.4792,1551.8726,184.8592,73.9609,Deutschland 
118187,Deutschland ,Swiss,European,73.8032,1510.2952,109.7332,85.9731,Deutschland 
118188,Deutschland ,Swiss,European,7.2259,2360.0822,164.1154,185.4949,Deutschland 
118189,Deutschland ,Swiss,European,289.0179,2255.1800,96.4745,77.5250,Deutschland 
118190,Deutschland ,Swiss,European,133.3148,1233.3600,56.2852,53.0288,Deutschland 
118191,Deutschland ,Swiss,European,3.1977,271.3600,25.1829,17.1993,Deutschland 
118192,Deutschland ,Swiss,European,4.7913,308.5790,26.2992,20.0853,Deutschland 
118193,Deutschland ,Swiss,European,61.6335,897.9494,18.1458,68.5510,Deutschland 
118194,Deutschland ,Swiss,European,93.8189,5939.1787,569.4686,362.0118,Deutschland 
118195,Deutschland ,Swiss,European,15.1944,271.1020,8.5256,21.6234,Deutschland 
118196,Deutschland ,Swiss,European,65.5284,738.0028,57.5911,30.0890,Deutschland 
118197,Deutschland ,Swiss,European,16.9704,566.2247,8.1647,54.9072,Deutschland 
118198,Deutschland ,Swiss,European,88.6958,1470.4159,170.6998,44.3726,Deutschland 
118199,Deutschland ,Swiss,European,56.1933,404.5170,16.5767,16.6632,Deutschland 
118200,Deutschland ,Swiss,European,24.6043,1842.9642,114.2648,141.7647,Deutschland 
118201,Deutschland ,Swiss,European,94.0304,2518.5862,125.1776,185.8668,Deutschland 
118202,Deutschland ,Swiss,European,52.1069,2101.3368,0.4072,214.3146,Deutschland 
118203,Deutschland ,Swiss,European,68630.5534,452174.7760,2654.1700,18747.9450,Deutschland 
118204,Deutschland ,Swiss,European,22.4050,960.6053,85.4327,58.4810,Deutschland 
118205,Deutschland ,Swiss,European,154.7921,867.0110,23.9029,15.4752,Deutschland 
118206,Deutschland ,Swiss,European,718.0092,8599.8415,383.1577,492.2028,Deutschland 
118207,Deutschland ,Swiss,European,,,,,Deutschland 
118208,Deutschland ,Swiss,European,7.6973,612.2600,38.4787,48.1268,Deutschland 
118209,Deutschland ,Swiss,European,28.2747,1980.3410,103.6748,160.9640,Deutschland 
118210,Deutschland ,Swiss,European,194.7481,2002.3622,61.9533,120.0987,Deutschland 
118211,Deutschland ,Swiss,European,198.2441,1596.6860,61.7517,60.2449,Deutschland 
118212,Deutschland ,Swiss,European,1.5065,274.0233,21.4935,19.7400,Deutschland 
118213,Deutschland ,Swiss,European,16.8310,626.8765,36.7548,47.1231,Deutschland 
118214,Deutschland ,Swiss,European,27.6245,709.7759,60.3116,39.7989,Deutschland 
118215,Deutschland ,Swiss,European,23.7385,209.2942,24.2027,0.9874,Deutschland 
118216,Deutschland ,Swiss,European,16.7757,1213.2607,16.2838,123.3739,Deutschland 
118217,Deutschland ,Swiss,European,41.8676,829.6473,46.4548,55.5402,Deutschland 
118218,Deutschland ,Swiss,European,10.9854,1684.6840,103.0758,134.7203,Deutschland 
118219,Deutschland ,Swiss,European,17.9278,716.7058,39.0898,56.4037,Deutschland 
118220,Deutschland ,Swiss,European,17.5851,1238.0760,178.2657,45.7500,Deutschland 
118221,Deutschland ,Swiss,European,155.1393,1498.9312,66.1544,68.5452,Deutschland 
118222,Deutschland ,Swiss,European,150.2727,3235.8993,90.0932,278.4058,Deutschland 
118223,Deutschland ,Swiss,European,15.2090,3335.9916,180.2416,280.8998,Deutschland 
118224,Deutschland ,Swiss,European,104.0263,1388.7598,144.6513,39.3925,Deutschland 
118225,Deutschland ,Swiss,European,24.9266,586.8165,14.7283,49.9425,Deutschland 
118226,Deutschland ,Swiss,European,11.4226,1088.3632,128.2628,57.0719,Deutschland 
118227,Deutschland ,Swiss,European,7.7920,169.5300,12.0062,10.1329,Deutschland 
118228,Deutschland ,Swiss,European,17.5813,815.8947,95.4854,38.8961,Deutschland 
118229,Deutschland ,Swiss,European,35.6502,1665.4383,183.6011,86.8853,Deutschland 
118230,Deutschland ,Swiss,European,63.9200,1444.0654,208.3623,34.3061,Deutschland 
118231,Deutschland ,Swiss,European,23.0495,1454.8620,135.2642,88.5907,Deutschland 
118232,Deutschland ,Swiss,European,98.9142,1130.5480,33.1202,72.6043,Deutschland 
118233,Deutschland ,Swiss,European,78.0236,1632.6978,32.8439,132.9499,Deutschland 
118234,Deutschland ,Swiss,European,112.2367,449.8132,5.8414,0.9464,Deutschland 
118235,Deutschland ,Swiss,European,59.2701,1935.1260,205.1373,100.0789,Deutschland 
118236,Deutschland ,Swiss,European,35.4390,2453.4712,257.5531,142.6676,Deutschland 
118237,Deutschland ,Swiss,European,70.2431,315.2596,9.6982,1.6676,Deutschland 
118238,Deutschland ,Swiss,European,139.8452,4346.1185,227.9568,330.8487,Deutschland 
118239,Deutschland ,Swiss,European,126.3308,1072.5791,43.9217,45.9670,Deutschland 
118240,Deutschland ,Swiss,European,1.0800,214.5000,18.8400,14.2650,Deutschland 
118241,Deutschland ,Swiss,European,52.3731,1748.0359,81.3188,135.5232,Deutschland 
118242,Deutschland ,Swiss,European,66.3411,922.5238,38.6241,55.4939,Deutschland 
118243,Deutschland ,Swiss,European,14.5837,677.1953,57.2601,42.2217,Deutschland 
118244,Deutschland ,Swiss,European,52.0929,2219.3154,232.7003,124.1094,Deutschland 
118245,Deutschland ,Swiss,European,3.5498,14.3707,0.5287,0.3115,Deutschland 
118246,Deutschland ,Swiss,European,85.3134,3088.7542,95.5152,263.9523,Deutschland 
118247,Deutschland ,Swiss,European,87.9834,2380.2195,104.9097,185.2899,Deutschland 
118248,Deutschland ,Swiss,European,77.7314,958.5236,30.4452,60.6451,Deutschland 
118249,Deutschland ,Swiss,European,330.4692,3318.6702,122.0098,171.4801,Deutschland 
118250,Deutschland ,Swiss,European,1717.9400,14663.9500,119.8530,996.5930,Deutschland 
118251,Deutschland ,Swiss,European,44.6388,1859.3726,368.7432,13.9431,Deutschland 
118252,Deutschland ,Swiss,European,3.4124,284.5578,33.8645,14.6954,Deutschland 
118253,Deutschland ,Swiss,European,273.5136,1992.6223,96.2619,69.8596,Deutschland 
118254,Deutschland ,Swiss,European,26.9086,628.9945,39.0754,42.0304,Deutschland 
118255,Deutschland ,Swiss,European,223.7035,850.7400,28.1420,11.1235,Deutschland 
118256,Deutschland ,Swiss,European,1017.4468,6497.4540,110.1440,224.5580,Deutschland 
118257,Deutschland ,Swiss,European,969.9500,55038.6375,6041.8560,2848.0471,Deutschland 
118258,Deutschland ,Swiss,European,114.7212,1699.4640,164.5750,65.1713,Deutschland 
118259,Deutschland ,Swiss,European,39.7365,203.2175,2.1941,7.0312,Deutschland 
118260,Deutschland ,Swiss,European,3.0218,645.4659,86.1119,30.1713,Deutschland 
118261,Deutschland ,Swiss,European,112.1023,4256.2500,229.2239,332.1787,Deutschland 
118262,Deutschland ,Swiss,European,9.8521,285.4607,7.8178,23.5598,Deutschland 
118263,Deutschland ,Swiss,European,9.1309,963.6453,34.1388,88.4587,Deutschland 
118264,Deutschland ,Swiss,European,76805.6320,343164.6000,3945.1200,1727.0780,Deutschland 
118265,Deutschland ,Swiss,European,24.8697,1895.7120,125.5868,144.3604,Deutschland 
118266,Deutschland ,Swiss,European,15.5129,1417.8669,194.3597,59.9127,Deutschland 
118267,Deutschland ,Swiss,European,24.9765,986.6780,110.9811,51.7841,Deutschland 
118268,Deutschland ,Swiss,European,25.1838,953.1600,46.2242,77.9088,Deutschland 
118269,Deutschland ,Swiss,European,71.9080,1186.8020,110.1345,55.3961,Deutschland 
118270,Deutschland ,Swiss,European,35.6764,3859.6000,103.6716,371.1006,Deutschland 
118271,Deutschland ,Swiss,European,48.2954,355.4907,11.0262,15.3488,Deutschland 
118272,Deutschland ,Swiss,European,33.4936,1582.9086,55.3792,141.7723,Deutschland 
118273,Deutschland ,Swiss,European,372.0405,2178.6525,80.7308,37.6014,Deutschland 
118274,Deutschland ,Swiss,European,12.0160,54.7382,2.5560,0.5040,Deutschland 
118275,Deutschland ,Swiss,European,12.4171,778.0303,30.9222,67.7667,Deutschland 
118276,Deutschland ,Swiss,European,108.2759,1478.2259,77.9082,84.7255,Deutschland 
118277,Deutschland ,Swiss,European,174.0083,5525.3332,212.4467,445.2288,Deutschland 
118278,Deutschland ,Swiss,European,43.6733,1749.6425,143.0511,118.4322,Deutschland 
118279,Deutschland ,Swiss,European,28.5279,1286.0758,140.8101,67.0337,Deutschland 
118280,Deutschland ,Swiss,European,1.9008,1482.3200,35.5872,149.9068,Deutschland 
118281,Deutschland ,Swiss,European,456.8451,6208.5987,120.1046,434.7290,Deutschland 
118282,Deutschland ,Swiss,European,87.5328,1324.2175,154.0828,37.9429,Deutschland 
118283,Deutschland ,Swiss,European,53.0278,3100.9508,320.6941,176.5006,Deutschland 
118284,Deutschland ,Swiss,European,11.5087,1560.3077,79.1689,132.3142,Deutschland 
118285,Deutschland ,Swiss,European,84.2314,924.7181,21.0644,73.6963,Deutschland 
118286,Deutschland ,Swiss,European,54.1817,1662.7238,55.5459,138.5015,Deutschland 
118287,Deutschland ,Swiss,European,73.6385,1003.8560,46.9323,60.9760,Deutschland 
118288,Deutschland ,Swiss,European,0.3656,41.4112,0.0512,4.5208,Deutschland 
118289,Deutschland ,Swiss,European,3.7912,1920.3071,98.3303,168.8169,Deutschland 
118290,Deutschland ,Swiss,European,35323.8555,171783.9250,3543.7259,1659.4398,Deutschland 
118291,Deutschland ,Swiss,European,178.3827,1243.7985,67.2442,32.7744,Deutschland 
118292,Deutschland ,Swiss,European,129.0957,1300.6152,34.7385,87.5873,Deutschland 
118293,Deutschland ,Swiss,European,5.3071,800.6040,48.5352,65.1823,Deutschland 
118294,Deutschland ,Swiss,European,33.9287,172.3653,16.3293,1.8144,Deutschland 
118295,Deutschland ,Swiss,European,44.3738,1933.2012,54.9787,173.0205,Deutschland 
118296,Deutschland ,Swiss,European,25.9895,940.8990,37.2225,80.4574,Deutschland 
118297,Deutschland ,Swiss,European,4.0000,533.2725,8.2075,54.6062,Deutschland 
118298,Deutschland ,Swiss,European,7.8570,1620.0827,274.6236,48.2000,Deutschland 
118299,Deutschland ,Swiss,European,32.9684,756.1400,55.5300,44.6136,Deutschland 
118300,Deutschland ,Swiss,European,222.0946,2699.7618,140.6455,138.2441,Deutschland 
118301,Deutschland ,Swiss,European,9.3630,638.4985,19.4890,58.8733,Deutschland 
118302,Deutschland ,Swiss,European,23.6960,827.9606,26.0666,70.1560,Deutschland 
118303,Deutschland ,Swiss,European,183.5308,2009.3144,65.5527,125.2524,Deutschland 
118304,Deutschland ,Swiss,European,2.3987,129.5350,0.7014,13.6086,Deutschland 
118305,Deutschland ,Swiss,European,20.6817,308.0526,3.8698,25.1948,Deutschland 
118306,Deutschland ,Swiss,European,43.1884,606.4549,20.5897,46.2742,Deutschland 
118307,Deutschland ,Swiss,European,1.9836,34.1567,5.9916,0.1717,Deutschland 
118308,Deutschland ,Swiss,European,24.3092,982.1600,61.4552,73.1488,Deutschland 
118309,Deutschland ,Swiss,European,2.0676,7.9500,0.2700,0.1284,Deutschland 
118310,Deutschland ,Swiss,European,208.6866,1095.6610,15.3696,31.3652,Deutschland 
118311,Deutschland ,Swiss,European,16.0000,148.0000,16.0000,2.0000,Deutschland 
118312,Deutschland ,Swiss,European,18.1479,352.1600,10.6929,28.8013,Deutschland 
118313,Deutschland ,Swiss,European,5.2439,1302.7032,61.7126,115.7060,Deutschland 
118314,Deutschland ,Swiss,European,38.8182,1142.1600,50.5482,89.8608,Deutschland 
118315,Deutschland ,Swiss,European,15.3400,434.9366,20.6395,33.8789,Deutschland 
118316,Deutschland ,Swiss,European,116.3286,3451.5194,174.6225,266.9547,Deutschland 
118317,Deutschland ,Swiss,European,31.5094,970.4740,42.6180,75.7845,Deutschland 
118318,Deutschland ,Swiss,European,94.9396,2235.2132,87.1819,173.7452,Deutschland 
118319,Deutschland ,Swiss,European,5.6570,1834.9577,248.8593,85.2889,Deutschland 
118320,Deutschland ,Swiss,European,26.3557,621.9072,11.9557,56.1287,Deutschland 
118321,Deutschland ,Swiss,European,22.7326,949.3138,95.3398,54.8078,Deutschland 
118322,Deutschland ,Swiss,European,58.0806,657.7358,12.2455,46.9900,Deutschland 
118323,Deutschland ,Swiss,European,4.4144,1200.3000,68.5616,99.6246,Deutschland 
118324,Deutschland ,Swiss,European,137.5506,2065.9209,68.3334,144.6759,Deutschland 
118325,Deutschland ,Swiss,European,11.4798,918.1498,55.4734,73.1798,Deutschland 
118326,Deutschland ,Swiss,European,4.3062,2143.6585,395.0321,50.1590,Deutschland 
118327,Deutschland ,Swiss,European,4.0251,2240.0252,168.9962,171.1400,Deutschland 
118328,Deutschland ,Swiss,European,4.2435,497.2616,31.9901,39.5116,Deutschland 
118329,Deutschland ,Swiss,European,168.7863,3240.2851,158.0736,218.3279,Deutschland 
118330,Deutschland ,Swiss,European,153.4872,4093.0000,107.5480,358.2016,Deutschland 
118331,Deutschland ,Swiss,European,51.4876,1539.8610,79.6651,113.8805,Deutschland 
118332,Deutschland ,Swiss,European,310.0169,1983.6049,75.1726,54.1658,Deutschland 
118333,Deutschland ,Swiss,European,26.7838,269.1075,7.7861,15.4700,Deutschland 
118334,Deutschland ,Swiss,European,33.2373,1792.9120,118.9965,132.9367,Deutschland 
118335,Deutschland ,Swiss,European,42.8018,707.8485,40.2314,43.6576,Deutschland 
118336,Deutschland ,Swiss,European,103.0142,1148.6800,83.2915,47.1433,Deutschland 
118337,Deutschland ,Swiss,European,83.6318,1096.4080,60.8549,61.9320,Deutschland 
118338,Deutschland ,Swiss,European,19.0814,474.3800,24.3466,34.9634,Deutschland 
118339,Deutschland ,Swiss,European,8.5550,985.4007,0.9686,109.3566,Deutschland 
118340,Deutschland ,Swiss,European,254.3396,2847.4677,98.5870,162.3687,Deutschland 
118341,Deutschland ,Swiss,European,24.2224,355.0400,7.8938,27.5085,Deutschland 
118342,Deutschland ,Swiss,European,14.6134,537.0755,20.3001,44.3688,Deutschland 
118343,Deutschland ,Swiss,European,68.9661,834.2275,38.3431,47.1043,Deutschland 
118344,Deutschland ,Swiss,European,98.0902,1355.0816,56.3971,92.1527,Deutschland 
118345,Deutschland ,Swiss,European,6.0743,54.4450,3.2431,1.8735,Deutschland 
118346,Deutschland ,Swiss,European,353.7425,4125.5624,119.7620,252.9933,Deutschland 
118347,Deutschland ,Swiss,European,276.2704,2186.8615,117.8616,73.0722,Deutschland 
118348,Deutschland ,Swiss,European,4602.8311,20493.8676,974.0036,156.7769,Deutschland 
118349,Deutschland ,Swiss,European,31.0845,360.9590,38.5622,14.6102,Deutschland 
118350,Deutschland ,Swiss,European,54.3473,3186.7677,172.2656,256.4570,Deutschland 
118351,Deutschland ,Swiss,European,400.9348,91170.3463,18507.1499,1189.6202,Deutschland 
118352,Deutschland ,Swiss,European,25.6863,669.0470,35.3137,49.0901,Deutschland 
118353,Deutschland ,Swiss,European,1.9836,8.9400,0.3816,0.0300,Deutschland 
118354,Deutschland ,Swiss,European,34.9992,868.0012,48.5736,62.0713,Deutschland 
118355,Deutschland ,Swiss,European,166.0801,2580.1065,163.7856,144.3968,Deutschland 
118356,Deutschland ,Swiss,European,34.8361,1005.4875,97.1511,54.7197,Deutschland 
118357,Deutschland ,Swiss,European,32.7721,257.3563,34.7551,1.9729,Deutschland 
118358,Deutschland ,Swiss,European,106.6449,497.6213,28.3969,6.0326,Deutschland 
118359,Deutschland ,Swiss,European,57530.0490,345419.1050,18767.1622,5489.7920,Deutschland 
118360,Deutschland ,Swiss,European,89.6819,1178.4489,33.3057,80.1688,Deutschland 
118361,Deutschland ,Swiss,European,13.8220,2622.9173,109.7526,239.1702,Deutschland 
118362,Deutschland ,Swiss,European,69.9589,628.0600,5.9795,40.1088,Deutschland 
118363,Deutschland ,Swiss,European,23.7644,707.4208,59.7676,43.7813,Deutschland 
118364,Deutschland ,Swiss,European,8.5370,862.6980,41.6853,74.4962,Deutschland 
118365,Deutschland ,Swiss,European,62.3031,743.2401,107.5497,4.4391,Deutschland 
118366,Deutschland ,Swiss,European,66.4640,2914.9155,21.5839,290.2258,Deutschland 
118367,Deutschland ,Swiss,European,108.5144,1309.8060,72.4060,67.0569,Deutschland 
118368,Deutschland ,Swiss,European,27.2850,137.6182,2.9466,0.5108,Deutschland 
118369,Deutschland ,Swiss,European,39.0742,1160.7940,41.4124,93.0092,Deutschland 
118370,Deutschland ,Swiss,European,22.6856,651.3869,59.0060,37.4547,Deutschland 
118371,Deutschland ,Swiss,European,8.0716,440.6976,91.5526,2.6457,Deutschland 
118372,Deutschland ,Swiss,European,71.1553,873.4933,18.9363,59.4477,Deutschland 
118373,Deutschland ,Swiss,European,267.8773,11353.3700,281.4139,1052.4423,Deutschland 
118374,Deutschland ,Swiss,European,3.2659,891.3240,61.1453,70.2853,Deutschland 
118375,Deutschland ,Swiss,European,50.7357,1252.8486,61.3415,92.7031,Deutschland 
118376,Deutschland ,Swiss,European,115.7297,833.3671,20.3632,34.8302,Deutschland 
118377,Deutschland ,Swiss,European,8.0000,74.0000,8.0000,1.0000,Deutschland 
118378,Deutschland ,Swiss,European,20.8278,877.3832,47.3791,69.9893,Deutschland 
118379,Deutschland ,Swiss,European,88.7176,792.9600,39.5754,33.3483,Deutschland 
118380,Deutschland ,Swiss,European,135.7983,1423.8926,43.1963,82.9865,Deutschland 
118381,Deutschland ,Swiss,European,129.0016,990.6100,43.5300,32.1484,Deutschland 
118382,Deutschland ,Swiss,European,36.6132,1570.1600,75.4592,130.6068,Deutschland 
118383,Deutschland ,Swiss,European,13.8016,2602.0600,184.7574,200.0784,Deutschland 
118384,Deutschland ,Swiss,European,269.7632,1428.4482,44.4955,15.7556,Deutschland 
118385,Deutschland ,Swiss,European,74.0651,3275.6785,160.4814,264.6443,Deutschland 
118386,Deutschland ,Swiss,European,32.8044,931.0872,49.3741,70.5636,Deutschland 
118387,Deutschland ,Swiss,European,164.6417,2095.0332,111.8273,111.7582,Deutschland 
118388,Deutschland ,Swiss,European,98.2090,1092.9833,39.0983,65.7627,Deutschland 
118389,Deutschland ,Swiss,European,97.8635,1724.5675,131.1193,100.0577,Deutschland 
118390,Deutschland ,Swiss,European,40.6655,1656.4505,117.2450,115.0396,Deutschland 
118391,Deutschland ,Swiss,European,21.4052,577.8240,34.5899,39.5682,Deutschland 
118392,Deutschland ,Swiss,European,9.6744,2016.8549,118.8953,165.1124,Deutschland 
118393,Deutschland ,Swiss,European,84.0623,2060.2940,93.5230,153.5468,Deutschland 
118394,Deutschland ,Swiss,European,47.7071,2720.4593,107.5130,235.5007,Deutschland 
118395,Deutschland ,Swiss,European,6.7381,679.2819,48.6552,50.4767,Deutschland 
118396,Deutschland ,Swiss,European,47.5569,1393.1216,113.2304,87.4859,Deutschland 
118397,Deutschland ,Swiss,European,31.1417,969.0308,42.5583,75.7658,Deutschland 
118398,Deutschland ,Swiss,European,19.6316,563.9800,17.2619,48.3571,Deutschland 
118399,Deutschland ,Swiss,European,83.9745,1037.8205,41.5131,62.4585,Deutschland 
118400,Deutschland ,Swiss,European,22.8573,644.0232,31.1903,50.2331,Deutschland 
118401,Deutschland ,Swiss,European,68.8435,1831.7217,208.0124,76.9310,Deutschland 
118402,Deutschland ,Swiss,European,29.3250,873.2277,34.6070,69.5158,Deutschland 
118403,Deutschland ,Swiss,European,8.0993,316.9185,4.4168,31.0875,Deutschland 
118404,Deutschland ,Swiss,European,250.2570,2319.9657,58.0153,121.8866,Deutschland 
118405,Deutschland ,Swiss,European,2.2113,1378.8074,93.3578,107.7163,Deutschland 
118406,Deutschland ,Swiss,European,213.1604,1718.3055,65.8874,72.7793,Deutschland 
118407,Deutschland ,Swiss,European,14.0100,60.0000,1.6500,0.1500,Deutschland 
118408,Deutschland ,Swiss,European,147.6624,973.0900,29.1076,30.3392,Deutschland 
118409,Deutschland ,Swiss,European,25.5701,245.5450,10.9938,14.7336,Deutschland 
118410,Deutschland ,Swiss,European,30.1055,2101.1550,103.7210,177.8135,Deutschland 
118411,Deutschland ,Swiss,European,162.3258,1136.2833,28.2337,44.3233,Deutschland 
118412,Deutschland ,Swiss,European,0.0000,0.0000,0.0000,0.0000,Deutschland 
118413,Deutschland ,Swiss,European,741.9095,3694.7310,83.9873,49.6617,Deutschland 
118414,Deutschland ,Swiss,European,42.9010,310.5392,40.2264,2.6175,Deutschland 
118415,Deutschland ,Swiss,European,215.1447,2142.4915,98.7320,104.9126,Deutschland 
118416,Deutschland ,Swiss,European,21.6064,658.8625,44.9072,42.8374,Deutschland 
118417,Deutschland ,Swiss,European,3.7410,451.2488,7.6390,46.5174,Deutschland 
118418,Deutschland ,Swiss,European,115.8945,1352.3105,63.8765,72.3811,Deutschland 
118419,Deutschland ,Swiss,European,28.1221,800.6705,39.7182,59.1501,Deutschland 
118420,Deutschland ,Swiss,European,63.6577,1232.4785,45.2442,90.0667,Deutschland 
118421,Deutschland ,Swiss,European,87.2154,1320.9090,56.5338,86.2669,Deutschland 
118422,Deutschland ,Swiss,European,157.1040,2715.4262,82.9376,202.6339,Deutschland 
118423,Deutschland ,Swiss,European,50.6516,541.3688,4.6347,38.8204,Deutschland 
118424,Deutschland ,Swiss,European,26.6307,1725.8583,32.4002,171.3971,Deutschland 
118425,Deutschland ,Swiss,European,39.7305,1666.0100,104.2526,123.2638,Deutschland 
118426,Deutschland ,Swiss,European,7.9346,410.0854,5.3633,41.4185,Deutschland 
118427,Deutschland ,Swiss,European,22.8010,4017.5000,848.6030,35.8100,Deutschland 
118428,Deutschland ,Swiss,European,6.4030,387.2200,1.1990,40.7130,Deutschland 
118429,Deutschland ,Swiss,European,7.3026,955.9020,47.7310,81.0355,Deutschland 
118430,Deutschland ,Swiss,European,6.0968,362.4210,20.9095,29.1368,Deutschland 
118431,Deutschland ,Swiss,European,407.2002,2396.7400,79.1120,45.7358,Deutschland 
118432,Deutschland ,Swiss,European,7.6975,285.7367,13.3646,23.1844,Deutschland 
118433,Deutschland ,Swiss,European,40.1438,1047.6560,32.7460,86.8614,Deutschland 
118434,Deutschland ,Swiss,European,0.5014,1.8904,0.0868,0.0128,Deutschland 
118435,Deutschland ,Swiss,European,242.2876,2492.4677,112.8369,133.0589,Deutschland 
118436,Deutschland ,Swiss,European,47.2977,680.9400,17.1093,49.8612,Deutschland 
118437,Deutschland ,Swiss,European,42.3507,750.6579,45.3292,50.9609,Deutschland 
118438,Deutschland ,Swiss,European,34.8168,2430.1600,98.8384,218.2224,Deutschland 
118439,Deutschland ,Swiss,European,11.6632,148.8400,7.6860,7.9788,Deutschland 
118440,Deutschland ,Swiss,European,29.8880,18692.0000,3.5200,2100.3200,Deutschland 
118441,Deutschland ,Swiss,European,3.7410,212.5688,7.6390,19.5174,Deutschland 
118442,Deutschland ,Swiss,European,218.6544,1353.7168,67.3302,28.9569,Deutschland 
118443,Deutschland ,Swiss,European,15.7140,342.0000,10.6860,28.8000,Deutschland 
118444,Deutschland ,Swiss,European,36.8539,877.6288,33.5261,68.6022,Deutschland 
118445,Deutschland ,Swiss,European,144.0323,3121.2550,142.3710,235.0065,Deutschland 
118446,Deutschland ,Swiss,European,29.0529,2965.6450,568.1893,50.0529,Deutschland 
118447,Deutschland ,Swiss,European,14.5293,530.2803,26.7825,40.7843,Deutschland 
118448,Deutschland ,Swiss,European,2.9925,625.8600,1.6335,69.6060,Deutschland 
118449,Deutschland ,Swiss,European,185.4955,1518.4096,67.5830,59.1251,Deutschland 
118450,Deutschland ,Swiss,European,122.0599,1375.0466,66.6172,69.2435,Deutschland 
118451,Deutschland ,Swiss,European,102.8488,621.9440,10.4245,22.1850,Deutschland 
118452,Deutschland ,Swiss,European,22.7645,3478.7328,187.9934,290.0691,Deutschland 
118453,Deutschland ,Swiss,European,237.4805,1571.7653,85.1935,40.6636,Deutschland 
118454,Deutschland ,Swiss,European,55.5091,281.2230,25.0611,2.8181,Deutschland 
118455,Deutschland ,Swiss,European,4.2864,512.5588,36.1513,38.3966,Deutschland 
118456,Deutschland ,Swiss,European,15.7560,64.0020,0.3816,0.0300,Deutschland 
118457,Deutschland ,Swiss,European,18.5916,689.5721,56.2765,43.4196,Deutschland 
118458,Deutschland ,Swiss,European,2.0122,763.9080,29.3772,71.5925,Deutschland 
118459,Deutschland ,Swiss,European,34.3686,635.5800,42.2276,37.8544,Deutschland 
118460,Deutschland ,Swiss,European,364.2431,2160.2236,115.6797,34.6726,Deutschland 
118461,Deutschland ,Swiss,European,165.1661,1191.1232,72.6253,29.4153,Deutschland 
118462,Deutschland ,Swiss,European,72.9477,1291.3167,35.6403,97.5834,Deutschland 
118463,Deutschland ,Swiss,European,9.9180,283.3800,1.9080,27.1500,Deutschland 
118464,Deutschland ,Swiss,European,72.0303,1152.9505,69.8613,64.5027,Deutschland 
118465,Deutschland ,Swiss,European,376.0315,2777.9458,115.7873,95.9786,Deutschland 
118466,Deutschland ,Swiss,European,74.8013,1978.5035,88.6263,148.8385,Deutschland 
118467,Deutschland ,Swiss,European,188.7428,1653.6700,58.6706,71.1927,Deutschland 
118468,Deutschland ,Swiss,European,647.8854,40459.4229,2141.5744,3272.9578,Deutschland 
118469,Deutschland ,Swiss,European,17.8723,160.2951,1.9140,10.3823,Deutschland 
118470,Deutschland ,Swiss,European,25.8737,704.2965,22.1863,59.2683,Deutschland 
118471,Deutschland ,Swiss,European,29.5851,1771.0360,122.7113,130.4039,Deutschland 
118472,Deutschland ,Swiss,European,20.0442,1301.1635,82.6442,100.9690,Deutschland 
118473,Deutschland ,Swiss,European,44.6909,2993.1407,128.3472,266.0235,Deutschland 
118474,Deutschland ,Swiss,European,296.0297,2130.6332,76.0629,72.1069,Deutschland 
118475,Deutschland ,Swiss,European,12.9323,1458.7317,95.0192,115.0230,Deutschland 
118476,Deutschland ,Swiss,European,56.9330,526.2650,30.3541,22.5537,Deutschland 
118477,Deutschland ,Swiss,European,228.1565,1106.1392,21.4079,11.9763,Deutschland 
118478,Deutschland ,Swiss,European,1.8163,99.3700,8.0716,6.5232,Deutschland 
118479,Deutschland ,Swiss,European,27.9929,489.4206,6.4152,41.8783,Deutschland 
118480,Deutschland ,Swiss,European,37.7880,287.7000,5.3430,14.4000,Deutschland 
118481,Deutschland ,Swiss,European,686.4981,4035.9960,43.4920,120.1351,Deutschland 
118482,Deutschland ,Swiss,European,125.0157,784.2660,21.6545,20.7151,Deutschland 
118483,Deutschland ,Swiss,European,199.4931,2908.3230,21.5355,232.8352,Deutschland 
118484,Deutschland ,Swiss,European,890.1126,7040.8080,94.1630,352.0343,Deutschland 
118485,Deutschland ,Swiss,European,3.2880,458.4333,14.6280,43.5793,Deutschland 
118486,Deutschland ,Swiss,European,160.8416,2367.5540,41.0817,173.0321,Deutschland 
118487,Deutschland ,Swiss,European,139.7523,2680.3080,60.9572,262.5386,Deutschland 
118488,Deutschland ,Swiss,European,29932.2488,119847.1575,10.8177,350.1866,Deutschland 
118489,Deutschland ,Swiss,European,140.3170,2104.7076,37.9016,154.6307,Deutschland 
118490,Deutschland ,Swiss,European,55.5295,756.6190,63.8110,29.3942,Deutschland 
118491,Deutschland ,Swiss,European,9.2259,1819.4775,24.5436,190.5618,Deutschland 
118492,Deutschland ,Swiss,European,30538.5299,120470.8832,827.2944,173.0201,Deutschland 
118493,Deutschland ,Swiss,European,6220.0118,25741.4878,59.2481,72.3034,Deutschland 
118494,Deutschland ,Swiss,European,107.5469,856.5031,25.8416,38.1771,Deutschland 
118495,Deutschland ,Swiss,European,282.7113,2213.1848,13.9982,115.9639,Deutschland 
118496,Deutschland ,Swiss,European,9797.8011,65461.4356,2249.3158,1914.1497,Deutschland 
118497,Deutschland ,Swiss,European,95062.9030,637190.4837,672.4060,29246.1463,Deutschland 
118498,Deutschland ,Swiss,European,4.2655,220.5950,18.8400,14.2650,Deutschland 
118499,Deutschland ,Swiss,European,32262.1715,157040.4950,2815.4675,1546.6550,Deutschland 
118500,Deutschland ,Swiss,European,145.5055,1129.2187,34.1838,49.4883,Deutschland 
118501,Deutschland ,Swiss,European,180.5194,1243.9476,62.5537,31.2405,Deutschland 
118502,Deutschland ,Swiss,European,61.4320,843.9000,26.3770,60.0960,Deutschland 
118503,Deutschland ,Swiss,European,69.9284,403.4725,20.4572,4.3430,Deutschland 
118504,Deutschland ,Swiss,European,849.2469,5290.9483,75.8050,187.6735,Deutschland 
118505,Deutschland ,Swiss,European,1.6440,206.6700,2.2980,21.6630,Deutschland 
118506,Deutschland ,Swiss,European,1.2086,42.3030,7.1953,0.1135,Deutschland 
118508,Deutschland ,Swiss,European,813.2331,5776.6117,192.9679,206.1638,Deutschland 
118509,Deutschland ,Swiss,European,43.9483,4339.9632,21.7343,479.6744,Deutschland 
118510,Deutschland ,Swiss,European,60.5009,2190.7116,102.0855,175.8528,Deutschland 
118511,Deutschland ,Swiss,European,584.2730,2304.2520,12.7006,5.4431,Deutschland 
118512,Deutschland ,Swiss,European,83036.8234,367802.3760,3049.5250,2384.6750,Deutschland 
118513,Deutschland ,Swiss,European,373.2003,2954.5680,40.1443,151.0549,Deutschland 
118514,Deutschland ,Swiss,European,81727.9476,376137.1156,3620.5939,3526.9229,Deutschland 
118515,Deutschland ,Swiss,European,215.6786,4698.8400,72.4214,401.3372,Deutschland 
118516,Deutschland ,Swiss,European,434.7892,2588.3862,15.9259,93.7599,Deutschland 
118517,Deutschland ,Swiss,European,61.0992,2824.3650,26.1477,281.3782,Deutschland 
118518,Deutschland ,Swiss,European,6815.5235,36664.3965,227.3695,976.0816,Deutschland 
118519,Deutschland ,Swiss,European,203.0143,1090.1350,43.4871,16.9848,Deutschland 
118520,Deutschland ,Swiss,European,215.9113,2194.7444,60.3308,122.8602,Deutschland 
118521,Deutschland ,Swiss,European,121900.8012,558797.4200,6720.6868,4248.8332,Deutschland 
118522,Deutschland ,Swiss,European,8.7000,628.0000,36.7160,51.6260,Deutschland 
118523,Deutschland ,Swiss,European,8179.9022,115959.5433,1513.5900,8848.3230,Deutschland 
118524,Deutschland ,Swiss,European,11.2407,1101.5376,25.3008,108.2211,Deutschland 
118525,Deutschland ,Swiss,European,1333.8756,10322.8150,412.9249,375.3969,Deutschland 
118526,Deutschland ,Swiss,European,101.4926,1281.2982,17.0849,94.8341,Deutschland 
118527,Deutschland ,Swiss,European,93.9823,1208.8890,17.5201,85.5105,Deutschland 
118528,Deutschland ,Swiss,European,0.0000,0.0000,0.0000,0.0000,Deutschland 
118529,Deutschland ,Swiss,European,94108.0805,424371.4424,2510.4943,5050.4385,Deutschland 
118530,Deutschland ,Swiss,European,61911.6248,266472.4965,2361.2971,666.4404,Deutschland 
118531,Deutschland ,Swiss,European,156.8531,763.2925,22.4655,6.3046,Deutschland 
118532,Deutschland ,Swiss,European,109.4625,955.6900,6.1435,56.6560,Deutschland 
118533,Deutschland ,Swiss,European,630.4844,3828.5950,57.2501,127.8366,Deutschland 
118534,Deutschland ,Swiss,European,173.1800,2488.3740,152.8312,132.9759,Deutschland 
118535,Deutschland ,Swiss,European,4351.0222,40012.3541,413.6537,2348.0135,Deutschland 
118536,Deutschland ,Swiss,European,51.6520,242.4000,5.8960,2.6940,Deutschland 
118537,Deutschland ,Swiss,European,289.5104,2963.0308,114.1343,149.9392,Deutschland 
118538,Deutschland ,Swiss,European,757.2418,7664.9937,200.2117,462.8150,Deutschland 
118539,Deutschland ,Swiss,European,96.7544,9375.0953,1580.4296,259.5842,Deutschland 
118540,Deutschland ,Swiss,European,41002.6236,193206.6290,2125.7850,2254.8250,Deutschland 
118541,Deutschland ,Swiss,European,1462.4054,7220.8702,134.5710,95.0798,Deutschland 
118542,Deutschland ,Swiss,European,1164.8044,6220.1223,70.9729,136.2075,Deutschland 
118543,Deutschland ,Swiss,European,163.5825,4267.2440,83.1460,370.2592,Deutschland 
118544,Deutschland ,Swiss,European,574.6103,5834.7070,329.9891,252.6335,Deutschland 
118545,Deutschland ,Swiss,European,919.7365,14859.7000,488.4470,1122.7725,Deutschland 
118546,Deutschland ,Swiss,European,74496.7456,339054.7173,8483.5951,1457.8470,Deutschland 
118547,Deutschland ,Swiss,European,82.1295,734.4650,22.3821,37.0683,Deutschland 
118548,Deutschland ,Swiss,European,141778.4665,606407.4625,7478.6555,2870.2167,Deutschland 
118549,Deutschland ,Swiss,European,858.2295,5228.6700,28.1256,195.2796,Deutschland 
118550,Deutschland ,Swiss,European,598.8029,7464.7080,79.6478,539.5678,Deutschland 
118551,Deutschland ,Swiss,European,108.7903,1465.1560,6.4145,113.7575,Deutschland 
118552,Deutschland ,Swiss,European,673.3274,3740.0540,49.3170,95.0887,Deutschland 
118553,Deutschland ,Swiss,European,110479.2776,502981.4200,7341.4670,2416.4694,Deutschland 
118554,Deutschland ,Swiss,European,74.5125,3268.1300,10.8569,332.6239,Deutschland 
118555,Deutschland ,Swiss,European,325.8633,3134.5384,122.0742,160.4996,Deutschland 
118556,Deutschland ,Swiss,European,308.1778,2379.4133,45.6907,118.2600,Deutschland 
118557,Deutschland ,Swiss,European,96.8438,2948.5200,12.9340,283.0122,Deutschland 
118558,Deutschland ,Swiss,European,2.9158,37.2100,1.9215,1.9947,Deutschland 
118559,Deutschland ,Swiss,European,171.0404,1343.3670,32.7859,59.0382,Deutschland 
118560,Deutschland ,Swiss,European,280.1660,6852.0000,53.4300,634.5000,Deutschland 
118561,Deutschland ,Swiss,European,25.2048,451.5708,4.8920,38.1069,Deutschland 
118562,Deutschland ,Swiss,European,2.0383,1645.7985,33.9010,168.8483,Deutschland 
118563,Deutschland ,Swiss,European,1.4400,1170.0000,25.1200,119.0200,Deutschland 
118564,Deutschland ,Swiss,European,212.4420,1590.0250,43.9808,64.0649,Deutschland 
118565,Deutschland ,Swiss,European,321.8776,3014.0946,30.3639,179.5718,Deutschland 
118566,Deutschland ,Swiss,European,1378.2471,7126.5400,91.4680,141.3736,Deutschland 
118567,Deutschland ,Swiss,European,85911.2012,923817.4000,4348.4232,63228.9829,Deutschland 
118568,Deutschland ,Swiss,European,39.4080,1084.4500,26.7180,99.2410,Deutschland 
118569,Deutschland ,Swiss,European,264.5674,1561.1241,104.2134,14.5774,Deutschland 
118570,Deutschland ,Swiss,European,49.6680,1608.5229,119.8320,102.1911,Deutschland 
118571,Deutschland ,Swiss,European,275.7956,1931.6962,20.2478,93.1684,Deutschland 
118572,Deutschland ,Swiss,European,52.0863,585.2555,19.5674,35.4864,Deutschland 
118573,Deutschland ,Swiss,European,45.9679,310.3030,3.6160,13.6392,Deutschland 
118574,Deutschland ,Swiss,European,790.9163,4109.4725,96.5236,55.5305,Deutschland 
118575,Deutschland ,Swiss,European,108284.3616,784263.3158,4019.3600,37452.7937,Deutschland 
118576,Deutschland ,Swiss,European,78.5647,733.2100,6.0845,44.9955,Deutschland 
118577,Deutschland ,Swiss,European,763.9010,5488.6800,113.8574,237.1628,Deutschland 
118578,Deutschland ,Swiss,European,57039.7220,246849.4059,1615.5024,1255.9499,Deutschland 
118579,Deutschland ,Swiss,European,813.9718,5700.6354,53.0665,273.6776,Deutschland 
118580,Deutschland ,Swiss,European,265.8720,3329.0400,77.5585,219.3129,Deutschland 
118581,Deutschland ,Swiss,European,214.4915,2455.2800,94.3997,148.0912,Deutschland 
118582,Deutschland ,Swiss,European,0.9430,36.2550,7.1940,0.1122,Deutschland 
118583,Deutschland ,Swiss,European,93.9665,2107.4650,66.0832,169.1301,Deutschland 
118584,Deutschland ,Swiss,European,183.2401,3363.1164,12.5377,293.9848,Deutschland 
118585,Deutschland ,Swiss,European,264.7981,2137.0720,69.5852,98.2044,Deutschland 
118586,Deutschland ,Swiss,European,39993.2803,154822.1450,3.9482,0.3016,Deutschland 
118587,Deutschland ,Swiss,European,529.0345,5064.9260,56.9767,312.7789,Deutschland 
118588,Deutschland ,Swiss,European,648.3015,4064.0810,85.8140,131.4133,Deutschland 
118589,Deutschland ,Swiss,European,142.2865,1305.8160,27.3150,74.2739,Deutschland 
118590,Deutschland ,Swiss,European,334.2749,5013.2233,57.9788,388.6723,Deutschland 
118591,Deutschland ,Swiss,European,100.7980,402.9900,0.0000,0.0000,Deutschland 
118592,Deutschland ,Swiss,European,188.8812,1462.2815,19.6666,82.4702,Deutschland 
118593,Deutschland ,Swiss,European,151.7256,3767.4650,19.0337,350.0677,Deutschland 
118594,Deutschland ,Swiss,European,50399.7227,204648.4900,12.5730,350.2133,Deutschland 
118595,Deutschland ,Swiss,European,117.1264,884.8960,30.4630,33.4200,Deutschland 
118596,Deutschland ,Swiss,European,27.9881,4886.6756,9.9919,540.5987,Deutschland 
118597,Deutschland ,Swiss,European,417.6096,3658.9013,132.7062,179.7345,Deutschland 
118598,Deutschland ,Swiss,European,56.2102,792.4436,42.8210,44.6647,Deutschland 
118599,Deutschland ,Swiss,European,307.7387,3756.4640,125.5280,281.1013,Deutschland 
118600,Deutschland ,Swiss,European,251.1189,2072.6994,55.8638,99.7242,Deutschland 
118601,Deutschland ,Swiss,European,182.1160,994.1400,13.4828,29.1795,Deutschland 
118602,Deutschland ,Swiss,European,83.5956,686.6870,26.3047,31.1001,Deutschland 
118603,Deutschland ,Swiss,European,24.2531,772.2513,34.8081,62.0627,Deutschland 
118604,Deutschland ,Swiss,European,426.9294,5583.7097,8.9819,436.9247,Deutschland 
118605,Deutschland ,Swiss,European,984.1387,5530.0340,108.5680,139.5436,Deutschland 
118606,Deutschland ,Swiss,European,0.7227,3145.4800,10.7910,350.1683,Deutschland 
118607,Deutschland ,Swiss,European,60.9398,302.5880,5.5538,6.2080,Deutschland 
118608,Deutschland ,Swiss,European,504.5969,9838.4681,199.1805,824.7737,Deutschland 
118609,Deutschland ,Swiss,European,485.2312,13658.5258,58.1292,1306.8859,Deutschland 
118610,Deutschland ,Swiss,European,68945.9851,744336.1379,3319.3521,51116.2972,Deutschland 
118611,Deutschland ,Swiss,European,56.6512,6506.9850,11.0838,705.6630,Deutschland 
118612,Deutschland ,Swiss,European,477.6461,3017.3956,34.0144,114.0863,Deutschland 
118613,Deutschland ,Swiss,European,223.8114,3887.2637,63.8335,315.0661,Deutschland 
118614,Deutschland ,Swiss,European,66432.0659,294247.8757,2439.7172,1907.7665,Deutschland 
118615,Deutschland ,Swiss,European,708.7552,3227.2900,48.8227,15.5470,Deutschland 
118616,Deutschland ,Swiss,European,21.4569,377.8989,6.0410,30.6766,Deutschland 
118617,Deutschland ,Swiss,European,,,,,Deutschland 
118618,Deutschland ,Swiss,European,49.0515,209.0255,5.3247,1.7551,Deutschland 
118619,Deutschland ,Swiss,European,186.5170,7512.1925,33.0142,756.0405,Deutschland 
136887,Deutschland ,German,European,56.3483,1096.3400,69.5931,66.8328,Deutschland 
136888,Deutschland ,German,European,135.4476,3090.9837,549.6621,29.4911,Deutschland 
136889,Deutschland ,German,European,15.6710,1793.2650,360.9887,22.0563,Deutschland 
136890,Deutschland ,German,European,244.5072,1080.8359,31.0967,3.2034,Deutschland 
136891,Deutschland ,German,European,8.9827,318.9640,20.7681,20.6702,Deutschland 
136892,Deutschland ,German,European,14.0100,60.0000,1.6500,0.1500,Deutschland 
136893,Deutschland ,German,European,0.0000,1795.2041,178.9764,114.0589,Deutschland 
136894,Deutschland ,German,European,23.2621,2222.3643,369.4146,63.3992,Deutschland 
136895,Deutschland ,German,European,206.6481,1611.1526,95.5184,43.3215,Deutschland 
136896,Deutschland ,German,European,76.5351,2658.9531,461.9735,44.7766,Deutschland 
136897,Deutschland ,German,European,130.6087,4247.3984,335.5881,263.8096,Deutschland 
136898,Deutschland ,German,European,54.0506,422.8604,19.2666,18.1784,Deutschland 
136899,Deutschland ,German,European,18.9091,6401.3059,412.6010,512.3211,Deutschland 
136900,Deutschland ,German,European,377.0798,4014.7005,554.0562,24.6615,Deutschland 
136901,Deutschland ,German,European,16.8430,982.4640,69.7670,70.3690,Deutschland 
136902,Deutschland ,German,European,235.5674,3594.0590,343.3416,137.4088,Deutschland 
136903,Deutschland ,German,European,204.6020,4168.3074,172.4691,306.8375,Deutschland 
136904,Deutschland ,German,European,0.0000,1.7800,0.3960,0.0100,Deutschland 
136905,Deutschland ,German,European,303.4322,3427.0928,331.7815,94.7199,Deutschland 
136906,Deutschland ,German,European,0.9714,1197.6019,184.9576,47.8118,Deutschland 
136907,Deutschland ,German,European,15.5230,713.6637,23.8399,63.9582,Deutschland 
136908,Deutschland ,German,European,10.6340,115.5000,7.4900,4.8650,Deutschland 
136909,Deutschland ,German,European,158.1451,2328.5662,127.6974,131.7970,Deutschland 
136910,Deutschland ,German,European,20.7534,1764.9704,75.9227,157.3886,Deutschland 
136911,Deutschland ,German,European,92.9420,397.9380,9.9761,2.0956,Deutschland 
136912,Deutschland ,German,European,115.0897,2421.0450,237.2416,108.1252,Deutschland 
136913,Deutschland ,German,European,230.1523,1506.2200,28.7119,64.1818,Deutschland 
136914,Deutschland ,German,European,76.4707,2670.8194,325.8096,118.0520,Deutschland 
136915,Deutschland ,German,European,73.2821,1927.0335,212.8207,83.3293,Deutschland 
136916,Deutschland ,German,European,22.8550,1675.5317,191.8392,90.1436,Deutschland 
136917,Deutschland ,German,European,6.9633,2375.5882,175.6464,180.6954,Deutschland 
136918,Deutschland ,German,European,60.5148,1048.9487,182.6297,5.5602,Deutschland 
136919,Deutschland ,German,European,711.5257,4190.1318,124.5347,94.4352,Deutschland 
136920,Deutschland ,German,European,132.8581,778.0300,19.6882,17.7986,Deutschland 
136921,Deutschland ,German,European,691.1780,3656.9678,121.7235,46.6947,Deutschland 
136922,Deutschland ,German,European,691.5066,3647.0750,110.8765,49.5320,Deutschland 
136923,Deutschland ,German,European,1008.8756,5388.4120,166.8712,76.9258,Deutschland 
136924,Deutschland ,German,European,77.1274,1027102.4630,38562.7742,95495.9160,Deutschland 
136925,Deutschland ,German,European,708.3173,3633.6379,116.4852,36.9298,Deutschland 
136926,Deutschland ,German,European,14.0100,294.4640,1.6500,27.3500,Deutschland 
136927,Deutschland ,German,European,149.4479,2321.0071,313.5872,46.9884,Deutschland 
136928,Deutschland ,German,European,666.9398,3445.3127,120.7344,31.9006,Deutschland 
136929,Deutschland ,German,European,14.3794,3547.2600,649.3038,80.8695,Deutschland 
136930,Deutschland ,German,European,33.3974,3693.0050,409.0023,201.5726,Deutschland 
136931,Deutschland ,German,European,49.8239,2930.0392,95.1408,256.8431,Deutschland 
136932,Deutschland ,German,European,742.6993,3724.7627,112.9289,36.0693,Deutschland 
136933,Deutschland ,German,European,103.1058,2168.1858,73.4149,160.2046,Deutschland 
136934,Deutschland ,German,European,24.5106,3390.6502,349.8538,207.3768,Deutschland 
136935,Deutschland ,German,European,34.6266,321.2400,11.5638,16.4496,Deutschland 
136936,Deutschland ,German,European,25.8433,1259.8286,200.8265,34.0027,Deutschland 
136937,Deutschland ,German,European,48.9329,2301.5992,103.3848,186.2990,Deutschland 
136938,Deutschland ,German,European,56.6261,2217.9223,321.7754,74.7749,Deutschland 
136939,Deutschland ,German,European,3.6295,1086.0438,78.5532,81.9763,Deutschland 
136940,Deutschland ,German,European,2636.5898,16781.0350,583.9060,537.0569,Deutschland 
136941,Deutschland ,German,European,37.7431,778.7447,3.4745,70.4094,Deutschland 
136942,Deutschland ,German,European,37.2401,4914.6315,594.1727,255.5392,Deutschland 
136943,Deutschland ,German,European,692.2008,4003.6105,147.0683,72.0660,Deutschland 
136944,Deutschland ,German,European,733.9586,4130.3039,158.0166,68.1286,Deutschland 
136945,Deutschland ,German,European,83.5530,2602.7761,99.0903,208.1210,Deutschland 
136946,Deutschland ,German,European,29.2233,359.8844,3.8348,26.2445,Deutschland 
136947,Deutschland ,German,European,122.7977,3054.8577,90.0216,246.6000,Deutschland 
136948,Deutschland ,German,European,885.9789,4494.7675,121.5308,52.0082,Deutschland 
136949,Deutschland ,German,European,0.6710,1091.8095,187.4088,32.1982,Deutschland 
136950,Deutschland ,German,European,10.7370,743.0000,55.5830,52.4400,Deutschland 
136951,Deutschland ,German,European,15.6207,689.0309,47.4974,47.4364,Deutschland 
136952,Deutschland ,German,European,7.8719,537.3310,20.3322,47.5717,Deutschland 
136953,Deutschland ,German,European,54.2690,2255.0151,74.1292,193.9022,Deutschland 
136954,Deutschland ,German,European,15.7459,5433.8243,332.4568,443.1270,Deutschland 
136955,Deutschland ,German,European,73.4958,3190.4550,562.2017,59.5214,Deutschland 
136956,Deutschland ,German,European,15.3585,1752.8502,175.3476,109.1725,Deutschland 
136957,Deutschland ,German,European,7.7755,906.1619,184.6444,9.8525,Deutschland 
136958,Deutschland ,German,European,716.7579,3496.9928,111.9801,22.5399,Deutschland 
136959,Deutschland ,German,European,117.5628,560.8738,18.7066,6.2005,Deutschland 
136960,Deutschland ,German,European,68.4208,1225.7052,27.6336,93.7911,Deutschland 
136961,Deutschland ,German,European,,,,,Deutschland 
136962,Deutschland ,German,European,27.0262,11186.8278,1285.2262,661.8099,Deutschland 
136963,Deutschland ,German,European,674.4078,3506.3127,113.5584,40.5124,Deutschland 
136964,Deutschland ,German,European,0.3949,268.9488,3.8258,28.0499,Deutschland 
136965,Deutschland ,German,European,83.6479,4169.8339,580.8359,152.0941,Deutschland 
136966,Deutschland ,German,European,1011.1113,5397.8552,167.1509,76.9645,Deutschland 
136967,Deutschland ,German,European,0.0000,663.3412,93.6135,29.5027,Deutschland 
136968,Deutschland ,German,European,1147.9921,6460.6508,215.0543,116.2116,Deutschland 
136969,Deutschland ,German,European,1077.7605,5506.5539,172.1238,60.2116,Deutschland 
136970,Deutschland ,German,European,224.6231,2058.4274,186.5342,47.5871,Deutschland 
136971,Deutschland ,German,European,99.9987,1503.6181,191.9029,33.6994,Deutschland 
136972,Deutschland ,German,European,70.3271,2947.4425,316.7525,147.1477,Deutschland 
136973,Deutschland ,German,European,62.1983,434.3600,15.2664,15.8902,Deutschland 
136974,Deutschland ,German,European,65.9727,703.7731,9.1574,45.1786,Deutschland 
136975,Deutschland ,German,European,245.6306,3065.4604,93.9043,207.4308,Deutschland 
136976,Deutschland ,German,European,61.9854,6224.2576,252.1475,544.5450,Deutschland 
136977,Deutschland ,German,European,106.0587,584.0381,12.5730,17.9957,Deutschland 
136978,Deutschland ,German,European,567.9352,3122.4950,18.6549,94.1510,Deutschland 
136979,Deutschland ,German,European,708.2549,3196.1058,79.6308,3.0040,Deutschland 
136980,Deutschland ,German,European,293.0581,2958.1931,69.4146,172.2857,Deutschland 
136981,Deutschland ,German,European,294.4558,1403.0663,38.5188,9.5100,Deutschland 
136982,Deutschland ,German,European,205.0944,1099.8540,25.2984,19.3216,Deutschland 
136983,Deutschland ,German,European,44486.3458,352285.2364,5787.7773,16805.1810,Deutschland 
136984,Deutschland ,German,European,272.2605,1118.1170,8.9879,2.2464,Deutschland 
136985,Deutschland ,German,European,102.8316,10924.2263,467.4777,945.5521,Deutschland 
136986,Deutschland ,German,European,4.6180,53.0190,0.5522,3.8192,Deutschland 
136987,Deutschland ,German,European,64.5649,437.9150,17.3247,11.0312,Deutschland 
136988,Deutschland ,German,European,475.9543,3455.2259,76.0071,157.4158,Deutschland 
136989,Deutschland ,German,European,66.2639,585.6450,25.2613,26.6648,Deutschland 
136990,Deutschland ,German,European,24.3600,231.1000,6.2800,12.7590,Deutschland 
136991,Deutschland ,German,European,224.9828,1395.8733,26.3110,49.6787,Deutschland 
136992,Deutschland ,German,European,83.4541,651.2891,54.6605,11.8973,Deutschland 
136993,Deutschland ,German,European,132.1121,2111.9783,68.9266,142.7551,Deutschland 
136994,Deutschland ,German,European,144.2492,1307.3300,35.3380,70.3338,Deutschland 
136995,Deutschland ,German,European,221.9877,1422.8516,60.4451,42.6319,Deutschland 
136996,Deutschland ,German,European,44.0411,3835.2592,132.5723,346.2719,Deutschland 
136997,Deutschland ,German,European,106.0409,425.1798,1.9751,1.3876,Deutschland 
136998,Deutschland ,German,European,11.4510,1334.3400,43.9680,124.9110,Deutschland 
136999,Deutschland ,German,European,100.0443,444.3233,21.2109,3.2202,Deutschland 
137000,Deutschland ,German,European,448.3281,2228.1349,40.8934,29.1301,Deutschland 
137001,Deutschland ,German,European,717.9017,4723.7727,172.4650,130.3093,Deutschland 
137002,Deutschland ,German,European,554.5465,4405.6353,61.9475,233.6117,Deutschland 
137003,Deutschland ,German,European,101.8348,1015.1780,6.9568,65.2910,Deutschland 
137004,Deutschland ,German,European,121.2856,551.4230,5.5737,5.2631,Deutschland 
137005,Deutschland ,German,European,35.5459,226.4638,11.0293,8.2089,Deutschland 
137006,Deutschland ,German,European,64.0981,1391.1309,104.4270,81.2362,Deutschland 
137007,Deutschland ,German,European,650.2405,3401.5605,110.0395,32.3395,Deutschland 
137008,Deutschland ,German,European,333.3469,4061.6778,142.0787,256.6122,Deutschland 
137009,Deutschland ,German,European,260.4768,1500.3150,36.9842,36.6064,Deutschland 
137010,Deutschland ,German,European,115.2250,6976.7883,285.0147,592.1374,Deutschland 
137011,Deutschland ,German,European,328.8195,1275.3891,5.6815,2.2397,Deutschland 
137012,Deutschland ,German,European,666.5955,6620.7790,224.4956,345.9961,Deutschland 
137013,Deutschland ,German,European,156.8373,1497.9895,70.5377,66.1572,Deutschland 
137014,Deutschland ,German,European,70392.9254,341017.7800,6277.3660,6454.7736,Deutschland 
137015,Deutschland ,German,European,19.5561,1321.6825,55.5433,113.3991,Deutschland 
137016,Deutschland ,German,European,122.6724,558.8110,21.4036,3.6005,Deutschland 
137017,Deutschland ,German,European,264.3269,3613.2186,42.4202,275.3076,Deutschland 
137018,Deutschland ,German,European,76.2044,686.7218,2.8279,33.9026,Deutschland 
137019,Deutschland ,German,European,200.3242,1705.1025,28.2934,95.8390,Deutschland 
137020,Deutschland ,German,European,123.6335,2351.8489,47.1483,198.6737,Deutschland 
137021,Deutschland ,German,European,657.9534,4021.5760,77.0690,114.4930,Deutschland 
137022,Deutschland ,German,European,115.1235,470.4040,1.2507,0.1306,Deutschland 
137023,Deutschland ,German,European,106.7393,1040.1798,25.3820,57.9867,Deutschland 
137024,Deutschland ,German,European,0.0000,302.6000,67.3200,1.7000,Deutschland 
137025,Deutschland ,German,European,2.9232,223.9500,1.7102,23.1700,Deutschland 
137026,Deutschland ,German,European,6637.5072,229972.4011,34656.1217,6193.8786,Deutschland 
137027,Deutschland ,German,European,21023.0026,124257.8878,794.8223,4857.2446,Deutschland 
137028,Deutschland ,German,European,206.5925,2682.9740,36.5913,200.9325,Deutschland 
137029,Deutschland ,German,European,10.3699,1070.2400,69.7319,83.1890,Deutschland 
137030,Deutschland ,German,European,21.8463,173.1420,19.3878,0.4923,Deutschland 
137031,Deutschland ,German,European,239.9500,1231.3810,11.9956,29.0829,Deutschland 
137032,Deutschland ,German,European,607.9457,3630.7800,70.4379,106.3788,Deutschland 
137033,Deutschland ,German,European,34.3520,1071.3324,50.2716,84.3211,Deutschland 
137034,Deutschland ,German,European,42.1256,501.0000,11.6867,31.0391,Deutschland 
137035,Deutschland ,German,European,347.4542,3072.6160,47.7951,177.5899,Deutschland 
137036,Deutschland ,German,European,9.9262,162.7460,5.2439,11.8060,Deutschland 
137037,Deutschland ,German,European,966.7384,4616.9400,178.8996,31.8989,Deutschland 
137038,Deutschland ,German,European,20.0293,2138.8686,146.1266,161.9159,Deutschland 
137039,Deutschland ,German,European,5.5832,23.1330,0.1626,0.1482,Deutschland 
137040,Deutschland ,German,European,166.1141,1307.5500,41.0064,56.4860,Deutschland 
137041,Deutschland ,German,European,32.9292,1316.7860,36.8195,115.6495,Deutschland 
137042,Deutschland ,German,European,119.5287,1038.9100,21.5895,49.4882,Deutschland 
137043,Deutschland ,German,European,12.3956,1099.4200,59.0722,91.2968,Deutschland 
137044,Deutschland ,German,European,89.9019,360.0386,0.6236,0.6889,Deutschland 
137045,Deutschland ,German,European,0.3223,1.7311,0.0540,0.0659,Deutschland 
137046,Deutschland ,German,European,51.6200,222.5000,11.3920,0.8900,Deutschland 
137047,Deutschland ,German,European,17.4247,286.2685,3.1390,23.7887,Deutschland 
137048,Deutschland ,German,European,1032.6211,8886.9960,53.3843,515.1985,Deutschland 
137049,Deutschland ,German,European,228.8109,1306.0340,25.1851,37.2667,Deutschland 
137050,Deutschland ,German,European,122.8083,754.9700,21.4128,24.2395,Deutschland 
137051,Deutschland ,German,European,395.7187,4071.9451,85.7690,252.0241,Deutschland 
137052,Deutschland ,German,European,13.5278,403.8540,24.1830,28.6650,Deutschland 
137053,Deutschland ,German,European,60.8214,6082.3074,250.8691,529.7317,Deutschland 
137054,Deutschland ,German,European,126.6054,802.5360,9.4727,27.7105,Deutschland 
137055,Deutschland ,German,European,132.3948,4307.6633,34.4552,414.3436,Deutschland 
137056,Deutschland ,German,European,67.0211,3287.1708,122.8781,282.0569,Deutschland 
137057,Deutschland ,German,European,8.8988,85.0325,1.6184,5.2451,Deutschland 
137058,Deutschland ,German,European,61.0647,1059.2545,34.2279,72.8306,Deutschland 
137059,Deutschland ,German,European,51.1875,3165.8439,310.2551,187.7943,Deutschland 
137060,Deutschland ,German,European,626.0432,5128.4060,65.5457,259.4266,Deutschland 
137061,Deutschland ,German,European,123.2660,809.1909,17.5345,29.7764,Deutschland 
137062,Deutschland ,German,European,66.1292,1686.4215,68.3405,136.9789,Deutschland 
137063,Deutschland ,German,European,104.3425,695.7000,25.2267,19.0932,Deutschland 
137064,Deutschland ,German,European,193.3508,1876.5488,146.6661,61.7988,Deutschland 
137065,Deutschland ,German,European,2793.2008,24953.1183,267.1678,1570.4122,Deutschland 
137066,Deutschland ,German,European,203.5367,4746.4549,481.8062,226.7688,Deutschland 
137067,Deutschland ,German,European,0.0000,18.9125,4.2075,0.1062,Deutschland 
137068,Deutschland ,German,European,13.6198,1599.0074,141.1054,105.8534,Deutschland 
137069,Deutschland ,German,European,3.5681,362.2320,36.8317,21.8220,Deutschland 
137070,Deutschland ,German,European,2621.3998,171485.1240,1627.8100,17545.6700,Deutschland 
137071,Deutschland ,German,European,38.5331,1621.1372,66.2063,132.9014,Deutschland 
137072,Deutschland ,German,European,257.5666,1479.7700,45.8435,25.5019,Deutschland 
137073,Deutschland ,German,European,112.3681,983.9164,14.9564,55.1716,Deutschland 
137074,Deutschland ,German,European,162.5452,1695.8519,107.6522,66.8023,Deutschland 
137075,Deutschland ,German,European,25.6556,250.5248,10.0756,14.9744,Deutschland 
137076,Deutschland ,German,European,33.4466,2480.3538,242.1319,154.4131,Deutschland 
137077,Deutschland ,German,European,492.7180,4039.3660,21.2113,228.1553,Deutschland 
137078,Deutschland ,German,European,22.0594,2505.1336,117.8776,217.2521,Deutschland 
137079,Deutschland ,German,European,251.5908,1802.4575,131.0371,70.4581,Deutschland 
137080,Deutschland ,German,European,44.3119,6839.9127,355.6586,571.8490,Deutschland 
137081,Deutschland ,German,European,98.7301,457.7790,22.0246,4.8158,Deutschland 
137082,Deutschland ,German,European,459.0415,3425.1634,25.1820,168.1723,Deutschland 
137083,Deutschland ,German,European,212.7613,1715.9760,20.1043,91.5087,Deutschland 
137084,Deutschland ,German,European,61.8216,589.6933,26.0047,26.9524,Deutschland 
137085,Deutschland ,German,European,0.5992,98.2800,7.1624,7.4536,Deutschland 
137086,Deutschland ,German,European,364.8330,4090.8150,48.6542,276.4566,Deutschland 
137087,Deutschland ,German,European,47.3041,984.4100,108.1739,42.4112,Deutschland 
137088,Deutschland ,German,European,1.3595,549.9144,93.8640,16.0364,Deutschland 
137089,Deutschland ,German,European,978.3084,5219.7050,77.2581,128.5022,Deutschland 
137090,Deutschland ,German,European,45.6751,5623.9428,484.6533,377.5927,Deutschland 
137091,Deutschland ,German,European,7.5340,621.6876,106.1896,15.3919,Deutschland 
137092,Deutschland ,German,European,382.7929,3031.5460,87.8358,133.9250,Deutschland 
137093,Deutschland ,German,European,215.6589,1891.5910,4.2947,117.4664,Deutschland 
137094,Deutschland ,German,European,43.5399,5890.6560,0.0000,642.0000,Deutschland 
137095,Deutschland ,German,European,33.0658,1624.6644,73.8299,133.7377,Deutschland 
137096,Deutschland ,German,European,737.9141,6369.3500,228.6866,309.3501,Deutschland 
137097,Deutschland ,German,European,32477.3976,163433.1920,2911.2700,2172.9050,Deutschland 
137098,Deutschland ,German,European,11.7500,1976.0195,378.7452,36.7433,Deutschland 
137099,Deutschland ,German,European,32.3851,553.8760,100.6887,2.8329,Deutschland 
137100,Deutschland ,German,European,9.9720,414.0000,4.1220,42.9120,Deutschland 
137101,Deutschland ,German,European,102.5499,1850.0651,143.1421,107.9117,Deutschland 
137102,Deutschland ,German,European,49.1499,414.4160,20.8198,17.3557,Deutschland 
137103,Deutschland ,German,European,154.5636,1474.2945,28.1518,92.5637,Deutschland 
137104,Deutschland ,German,European,46.6147,279.0870,12.2964,6.2240,Deutschland 
137105,Deutschland ,German,European,569.3828,3398.1200,84.0960,85.5944,Deutschland 
137106,Deutschland ,German,European,253.0715,3277.9018,78.1550,226.7266,Deutschland 
137107,Deutschland ,German,European,171.6967,1642.1850,65.2429,85.6851,Deutschland 
137108,Deutschland ,German,European,173.8594,1162.7922,53.7808,32.7875,Deutschland 
137109,Deutschland ,German,European,72.4884,1247.2550,0.6791,109.3776,Deutschland 
137110,Deutschland ,German,European,259.8490,1578.9027,36.3241,45.2835,Deutschland 
137111,Deutschland ,German,European,29.5440,653.0458,18.0320,51.8627,Deutschland 
137112,Deutschland ,German,European,11.5483,98.6398,4.5492,4.0802,Deutschland 
137113,Deutschland ,German,European,64.1736,607.7900,34.9334,24.4003,Deutschland 
137114,Deutschland ,German,European,61.8431,1550.8865,130.5628,87.2229,Deutschland 
137115,Deutschland ,German,European,15773.7635,103677.6300,5443.6702,2362.1196,Deutschland 
137116,Deutschland ,German,European,41.5077,1084.0408,100.8953,58.5485,Deutschland 
137117,Deutschland ,German,European,39.3986,3198.0700,552.5896,78.5172,Deutschland 
137118,Deutschland ,German,European,639.5650,10376.5840,524.3272,611.9451,Deutschland 
137119,Deutschland ,German,European,39.7789,807.1882,106.5804,25.2908,Deutschland 
137120,Deutschland ,German,European,41.5265,1013.0175,46.0086,78.0488,Deutschland 
137121,Deutschland ,German,European,79.9200,1256.6341,30.3098,89.2654,Deutschland 
137122,Deutschland ,German,European,714.8282,5254.8938,38.4650,261.5539,Deutschland 
137123,Deutschland ,German,European,769.3631,4455.0960,76.5242,130.2430,Deutschland 
137124,Deutschland ,German,European,285.6381,1295.0590,58.8252,10.2572,Deutschland 
137125,Deutschland ,German,European,3.5512,223.2932,2.0662,22.8532,Deutschland 
137126,Deutschland ,German,European,77.8759,325.1649,8.7386,1.3101,Deutschland 
137127,Deutschland ,German,European,21.5665,645.3190,36.5229,48.0449,Deutschland 
137128,Deutschland ,German,European,739.9606,4357.0200,63.9988,134.9374,Deutschland 
137129,Deutschland ,German,European,463.6114,4426.2983,126.1972,243.6367,Deutschland 
137130,Deutschland ,German,European,19.9340,1231.0538,98.0001,88.0478,Deutschland 
137131,Deutschland ,German,European,1.4632,24.1110,0.8936,1.8600,Deutschland 
137132,Deutschland ,German,European,479.7037,3670.7388,70.8416,174.0393,Deutschland 
137133,Deutschland ,German,European,0.0000,1008.6690,224.4005,5.6667,Deutschland 
137134,Deutschland ,German,European,729.7565,2920.7717,2.1340,0.9385,Deutschland 
137135,Deutschland ,German,European,55.3554,2367.4148,161.9356,165.7994,Deutschland 
137136,Deutschland ,German,European,5015.7830,20628.3073,406.9114,122.2555,Deutschland 
137137,Deutschland ,German,European,,,,,Deutschland 
137138,Deutschland ,German,European,233.5963,1391.1862,96.9654,10.8712,Deutschland 
137139,Deutschland ,German,European,16.1981,2021.9274,287.3598,81.9000,Deutschland 
137140,Deutschland ,German,European,15.9372,212.1154,7.7981,14.5641,Deutschland 
137141,Deutschland ,German,European,51.2475,964.2283,3.3819,86.1664,Deutschland 
137142,Deutschland ,German,European,42.5399,300.8700,12.8617,9.1209,Deutschland 
137143,Deutschland ,German,European,178.3635,1022.7960,24.3192,22.9405,Deutschland 
137144,Deutschland ,German,European,38.7197,2067.5623,361.5567,44.2858,Deutschland 
137145,Deutschland ,German,European,64.2235,253.0000,1.2760,0.1100,Deutschland 
137146,Deutschland ,German,European,47.6817,1028.9690,111.2555,43.8278,Deutschland 
137147,Deutschland ,German,European,1013.5632,4993.4960,87.8397,52.9257,Deutschland 
137148,Deutschland ,German,European,10.9202,418.3056,29.0630,29.0549,Deutschland 
137149,Deutschland ,German,European,118.1012,1125.2503,35.2702,60.4081,Deutschland 
137150,Deutschland ,German,European,141.1014,639.8978,10.2472,2.2755,Deutschland 
137151,Deutschland ,German,European,101.6213,405.5517,0.0972,0.0265,Deutschland 
137152,Deutschland ,German,European,741.6747,4395.3585,129.9391,103.6981,Deutschland 
137153,Deutschland ,German,European,16.4205,224.0620,16.6311,10.2222,Deutschland 
137154,Deutschland ,German,European,12.5278,1189.5700,61.6595,97.3497,Deutschland 
137155,Deutschland ,German,European,328.3074,3304.3580,91.6223,193.8510,Deutschland 
137156,Deutschland ,German,European,11.4932,488.0602,23.9349,38.8913,Deutschland 
137157,Deutschland ,German,European,327.8628,4102.6587,90.6403,288.8013,Deutschland 
137158,Deutschland ,German,European,29.3600,575.9300,58.2366,26.3884,Deutschland 
137159,Deutschland ,German,European,131.0387,1778.2700,77.5346,105.1039,Deutschland 
137160,Deutschland ,German,European,169.7043,1122.0850,35.8250,32.8380,Deutschland 
137161,Deutschland ,German,European,312.8038,1940.7540,53.7384,56.2180,Deutschland 
137162,Deutschland ,German,European,2433.1181,21702.0438,1805.0974,534.5635,Deutschland 
137163,Deutschland ,German,European,59.8325,474.4920,9.5449,22.6613,Deutschland 
137164,Deutschland ,German,European,26.0420,3760.0319,368.9868,230.9294,Deutschland 
137165,Deutschland ,German,European,731.8908,4712.8860,54.7965,184.6198,Deutschland 
137166,Deutschland ,German,European,414.1288,2504.9080,62.5565,65.4249,Deutschland 
137167,Deutschland ,German,European,68.1724,1026.2369,9.5892,86.2309,Deutschland 
137168,Deutschland ,German,European,314.5487,2078.0330,102.2663,53.5958,Deutschland 
137169,Deutschland ,German,European,15.5492,262.0860,1.7046,21.6486,Deutschland 
137170,Deutschland ,German,European,282.9025,1960.8960,39.0852,73.1962,Deutschland 
137171,Deutschland ,German,European,20.5622,908.4760,30.3244,78.2752,Deutschland 
137172,Deutschland ,German,European,196.9161,1214.9200,23.1295,36.7284,Deutschland 
137173,Deutschland ,German,European,21.7165,194.1400,9.1296,8.0328,Deutschland 
137174,Deutschland ,German,European,30.5018,2049.6830,85.6456,174.5860,Deutschland 
137175,Deutschland ,German,European,109.1098,854.3235,32.2566,35.5530,Deutschland 
137176,Deutschland ,German,European,83.6888,1382.6485,73.8372,86.8149,Deutschland 
137177,Deutschland ,German,European,12.0465,258.3000,8.2107,21.6438,Deutschland 
137178,Deutschland ,German,European,773.0581,4201.2601,143.5293,107.3686,Deutschland 
137179,Deutschland ,German,European,574.7119,2959.8590,34.9675,68.4070,Deutschland 
137180,Deutschland ,German,European,5.1661,1032.5105,225.1447,6.3266,Deutschland 
137181,Deutschland ,German,European,56.5160,789.8400,22.5760,58.3840,Deutschland 
137182,Deutschland ,German,European,27.6048,2829.1947,319.7692,152.6140,Deutschland 
137183,Deutschland ,German,European,652.4550,3879.0630,51.9500,124.0582,Deutschland 
137184,Deutschland ,German,European,26.4640,1347.6380,81.1161,101.7016,Deutschland 
137185,Deutschland ,German,European,9.6704,991.9962,1.2435,108.2871,Deutschland 
137186,Deutschland ,German,European,110.1009,1545.8213,59.7488,99.4411,Deutschland 
137187,Deutschland ,German,European,364.6029,2168.9360,23.7885,78.1265,Deutschland 
137188,Deutschland ,German,European,102.1140,669.7036,16.2058,29.2680,Deutschland 
137189,Deutschland ,German,European,0.4710,3121.8763,359.2586,179.3053,Deutschland 
137190,Deutschland ,German,European,15.9600,792.0000,8.7120,83.2320,Deutschland 
137191,Deutschland ,German,European,20.2152,395.3400,27.4060,22.3238,Deutschland 
137192,Deutschland ,German,European,42.9868,931.1810,39.8492,69.2090,Deutschland 
137193,Deutschland ,German,European,30.1285,248.7080,3.6329,13.8500,Deutschland 
137194,Deutschland ,German,European,87.1237,2292.2330,288.5996,85.9980,Deutschland 
137195,Deutschland ,German,European,246.4605,1598.1900,46.3785,46.8530,Deutschland 
137196,Deutschland ,German,European,43886.9442,198018.1311,3883.9296,465.0355,Deutschland 
137197,Deutschland ,German,European,73.3416,749.9985,7.4117,48.4341,Deutschland 
137198,Deutschland ,German,European,140.9362,1561.6360,55.2746,84.1544,Deutschland 
137199,Deutschland ,German,European,3772.7832,28477.8050,766.9953,1257.9751,Deutschland 
137200,Deutschland ,German,European,338.6620,5299.5600,53.0180,434.1920,Deutschland 
137201,Deutschland ,German,European,300.8703,2145.0578,50.8699,89.1247,Deutschland 
137202,Deutschland ,German,European,212.0188,2798.9490,39.5937,203.4725,Deutschland 
137203,Deutschland ,German,European,98.2586,3564.8301,198.8740,264.6416,Deutschland 
137204,Deutschland ,German,European,22.7853,2657.8748,168.1674,210.5492,Deutschland 
137205,Deutschland ,German,European,46.4163,2307.2750,38.9527,233.7513,Deutschland 
137206,Deutschland ,German,European,147.0698,3154.7135,150.3523,219.5227,Deutschland 
137207,Deutschland ,German,European,47.6782,2350.0965,369.8961,66.4818,Deutschland 
137208,Deutschland ,German,European,422.8355,3639.7040,59.2614,199.4713,Deutschland 
137209,Deutschland ,German,European,0.3600,71.5000,6.2800,4.7550,Deutschland 
137210,Deutschland ,German,European,134.8917,1583.8860,27.1061,104.0913,Deutschland 
137211,Deutschland ,German,European,85.4520,1041.8467,33.5453,68.3870,Deutschland 
137212,Deutschland ,German,European,361.4118,7167.8422,17.3756,639.6375,Deutschland 
137213,Deutschland ,German,European,29.7937,387.1900,11.8583,27.3760,Deutschland 
137214,Deutschland ,German,European,21.6480,82.5000,0.8910,0.1980,Deutschland 
137215,Deutschland ,German,European,103.7030,1183.7000,12.6160,87.1160,Deutschland 
137216,Deutschland ,German,European,96.9967,761.2799,42.2323,34.2999,Deutschland 
137217,Deutschland ,German,European,16.0877,885.7899,137.8954,28.5866,Deutschland 
137218,Deutschland ,German,European,6330.7518,31600.3200,477.2440,412.2922,Deutschland 
137219,Deutschland ,German,European,97.4087,896.7467,30.9993,44.5730,Deutschland 
137220,Deutschland ,German,European,87.6589,1865.3783,62.8542,138.9481,Deutschland 
137221,Deutschland ,German,European,237.1590,1649.6230,48.0815,58.9418,Deutschland 
137222,Deutschland ,German,European,275.3430,1963.1520,47.0342,86.0188,Deutschland 
137223,Deutschland ,German,European,742.6553,4437.4860,105.2884,123.6403,Deutschland 
137224,Deutschland ,German,European,61.5199,3465.2564,172.0268,284.0740,Deutschland 
137225,Deutschland ,German,European,449.2020,3657.4703,29.2358,215.4837,Deutschland 
137226,Deutschland ,German,European,279.2202,2750.1102,117.6243,134.6980,Deutschland 
137227,Deutschland ,German,European,98.9196,9434.3063,419.2905,804.9793,Deutschland 
137228,Deutschland ,German,European,25.6167,1436.9000,143.4510,84.8650,Deutschland 
137229,Deutschland ,German,European,669.9831,3370.0585,42.6283,63.0833,Deutschland 
137230,Deutschland ,German,European,163.6072,1128.5184,30.6979,41.9765,Deutschland 
137231,Deutschland ,German,European,515.1801,2484.6160,36.8028,50.9343,Deutschland 
137232,Deutschland ,German,European,185.6882,2909.4216,153.6593,176.6849,Deutschland 
137233,Deutschland ,German,European,155.9603,1385.3602,51.2081,65.5956,Deutschland 
137234,Deutschland ,German,European,7.3477,974.6932,132.4233,46.4589,Deutschland 
137235,Deutschland ,German,European,26.3572,857.8893,25.0381,73.0380,Deutschland 
137236,Deutschland ,German,European,46.3479,687.5450,28.8698,46.8609,Deutschland 
137237,Deutschland ,German,European,132.8500,1080.1947,18.6784,55.7801,Deutschland 
137238,Deutschland ,German,European,184.4684,1799.5517,29.3638,121.5820,Deutschland 
137239,Deutschland ,German,European,129.5068,1199.0000,70.3125,44.9044,Deutschland 
137240,Deutschland ,German,European,398.8378,2512.0040,59.7898,73.2849,Deutschland 
137241,Deutschland ,German,European,36.4727,709.8428,22.2845,54.7795,Deutschland 
137242,Deutschland ,German,European,64.0554,564.5352,15.7108,29.8364,Deutschland 
137243,Deutschland ,German,European,702.0176,4109.1627,85.3375,129.6092,Deutschland 
137244,Deutschland ,German,European,635.6100,2549.9400,3.6300,0.3300,Deutschland 
137245,Deutschland ,German,European,178.1492,1766.0960,25.9709,112.3621,Deutschland 
137246,Deutschland ,German,European,580.2198,2954.4060,21.3066,69.0320,Deutschland 
137247,Deutschland ,German,European,11.1515,3911.6096,3.5970,436.0845,Deutschland 
137248,Deutschland ,German,European,227.0167,1628.4491,115.5176,29.9960,Deutschland 
137249,Deutschland ,German,European,491.3071,4261.7640,56.0713,230.7891,Deutschland 
137250,Deutschland ,German,European,140.2292,2709.9100,59.7090,226.8915,Deutschland 
137251,Deutschland ,German,European,10.9655,1187.1016,11.8253,124.7498,Deutschland 
137252,Deutschland ,German,European,512.1010,3638.8552,149.8133,115.0077,Deutschland 
137253,Deutschland ,German,European,183.8175,1312.1131,52.0296,41.3147,Deutschland 
137254,Deutschland ,German,European,240.9167,1360.9700,36.1058,27.2875,Deutschland 
137255,Deutschland ,German,European,3.3240,138.0000,1.3740,14.3040,Deutschland 
137256,Deutschland ,German,European,29.7240,402.0000,12.3360,28.9500,Deutschland 
137257,Deutschland ,German,European,32.0590,1974.2485,374.0640,29.3674,Deutschland 
137258,Deutschland ,German,European,151.3400,2697.9380,61.8020,215.7253,Deutschland 
137259,Deutschland ,German,European,81.7686,695.9905,6.6305,42.5763,Deutschland 
137260,Deutschland ,German,European,178.5859,1656.9450,38.8144,90.7466,Deutschland 
137261,Deutschland ,German,European,254.6508,1442.5600,43.9220,23.5072,Deutschland 
137262,Deutschland ,German,European,404.4061,3389.9300,107.1552,163.3632,Deutschland 
137263,Deutschland ,German,European,63903.5458,296897.9623,5096.5100,1544.8108,Deutschland 
137264,Deutschland ,German,European,27.4896,401.5400,18.8918,23.5596,Deutschland 
137265,Deutschland ,German,European,34.3273,699.3370,22.1434,57.9344,Deutschland 
137266,Deutschland ,German,European,,,,,Deutschland 
137267,Deutschland ,German,European,22.8418,918.2520,30.6068,78.3079,Deutschland 
137268,Deutschland ,German,European,391.7565,1875.5860,25.9665,21.0823,Deutschland 
137269,Deutschland ,German,European,31.3536,1363.5432,188.4445,51.7244,Deutschland 
137270,Deutschland ,German,European,407.4937,3675.3783,228.1799,144.0819,Deutschland 
137271,Deutschland ,German,European,711.3804,5451.5540,83.6340,258.4581,Deutschland 
137272,Deutschland ,German,European,87.8359,1482.4004,17.6461,127.4433,Deutschland 
137273,Deutschland ,German,European,123.5474,6390.7146,224.8252,552.6090,Deutschland 
137274,Deutschland ,German,European,464.5547,3644.7620,65.8138,165.6298,Deutschland 
137275,Deutschland ,German,European,61327.2800,287324.7500,3385.6300,2918.8600,Deutschland 
137276,Deutschland ,German,European,31.3536,1363.5432,188.4445,51.7244,Deutschland 
137277,Deutschland ,German,European,32.6914,1579.9515,91.2690,120.7925,Deutschland 
137278,Deutschland ,German,European,71.8488,435.2000,4.2568,14.5520,Deutschland 
137279,Deutschland ,German,European,13641.8099,61015.8888,955.2555,988.9671,Deutschland 
137280,Deutschland ,German,European,23.8683,242.0350,13.3996,9.8916,Deutschland 
137281,Deutschland ,German,European,443.6562,2942.4489,55.6357,112.7697,Deutschland 
137282,Deutschland ,German,European,368.4600,2197.3415,37.9986,67.4134,Deutschland 
137283,Deutschland ,German,European,249.2093,5286.2760,47.5745,471.4385,Deutschland 
137284,Deutschland ,German,European,27.0800,107.4000,1.8574,0.4690,Deutschland 
137285,Deutschland ,German,European,130.6900,2129.0910,59.2957,159.6508,Deutschland 
137286,Deutschland ,German,European,205.3677,1798.9925,9.2181,108.4809,Deutschland 
137287,Deutschland ,German,European,54.6148,1377.0063,13.3928,128.4182,Deutschland 
137288,Deutschland ,German,European,480.2108,2357.1454,66.1316,41.2818,Deutschland 
137289,Deutschland ,German,European,73.3525,779.1582,87.4454,17.6784,Deutschland 
137290,Deutschland ,German,European,126.7810,1811.7890,40.8591,128.4511,Deutschland 
137291,Deutschland ,German,European,36.9808,450.6440,6.5682,33.3299,Deutschland 
137292,Deutschland ,German,European,34.4444,796.4800,67.0034,45.1104,Deutschland 
137293,Deutschland ,German,European,95.5567,792.6887,10.6199,46.5340,Deutschland 
137294,Deutschland ,German,European,186.6018,2678.8043,201.6017,129.8731,Deutschland 
137295,Deutschland ,German,European,364.2900,2743.9240,34.5428,123.0145,Deutschland 
137296,Deutschland ,German,European,58.0769,3290.6822,312.2717,197.1142,Deutschland 
137297,Deutschland ,German,European,216.1750,1011.9200,9.6075,12.2235,Deutschland 
137298,Deutschland ,German,European,852.7134,5772.4494,130.5907,212.6698,Deutschland 
137299,Deutschland ,German,European,248.3434,3048.3145,119.0031,191.1158,Deutschland 
137300,Deutschland ,German,European,146.0381,2387.6334,31.0839,189.9323,Deutschland 
137301,Deutschland ,German,European,51.0946,266.0140,5.9687,3.6909,Deutschland 
137302,Deutschland ,German,European,199.6790,1296.0523,19.5601,48.6469,Deutschland 
137303,Deutschland ,German,European,148.2771,2108.2139,151.6175,95.0444,Deutschland 
137304,Deutschland ,German,European,461.0004,2705.9796,28.7005,83.3251,Deutschland 
137305,Deutschland ,German,European,18.8965,1164.3078,76.4851,86.7546,Deutschland 
137306,Deutschland ,German,European,134.5172,928.3235,29.5053,34.0562,Deutschland 
137307,Deutschland ,German,European,476.3135,2071.3300,25.1744,17.9038,Deutschland 
137308,Deutschland ,German,European,51.8708,1001.6535,180.0982,4.7055,Deutschland 
137309,Deutschland ,German,European,224.7153,1840.8175,90.8679,74.2748,Deutschland 
137310,Deutschland ,German,European,36.9550,1252.2976,142.1282,57.9245,Deutschland 
137311,Deutschland ,German,European,155.4226,1355.1200,52.8930,58.0424,Deutschland 
137312,Deutschland ,German,European,23.6470,687.7050,42.1274,48.1163,Deutschland 
137313,Deutschland ,German,European,86.4235,1283.0470,31.2375,95.1594,Deutschland 
137314,Deutschland ,German,European,579.2001,4779.8516,86.6011,252.3168,Deutschland 
137315,Deutschland ,German,European,630.1754,3899.5097,29.2587,144.6197,Deutschland 
137316,Deutschland ,German,European,156.6739,1510.2160,65.4555,67.5549,Deutschland 
137317,Deutschland ,German,European,27.2945,338.2450,17.3469,17.9889,Deutschland 
137318,Deutschland ,German,European,210.9341,2973.7751,158.7800,172.9548,Deutschland 
137319,Deutschland ,German,European,63959.1250,306916.7167,5327.3250,2665.8717,Deutschland 
137320,Deutschland ,German,European,8.7402,2207.1988,136.3997,181.0261,Deutschland 
137321,Deutschland ,German,European,226.8756,1879.5510,28.8566,97.5940,Deutschland 
137322,Deutschland ,German,European,26.9129,921.3000,119.5500,34.8238,Deutschland 
137323,Deutschland ,German,European,55.4216,532.9860,18.4708,26.0260,Deutschland 
137324,Deutschland ,German,European,16.9281,72.6115,3.0384,0.5141,Deutschland 
137325,Deutschland ,German,European,34.7748,1321.0770,37.7222,111.6632,Deutschland 
137326,Deutschland ,German,European,946.0708,6646.5704,103.3429,277.7887,Deutschland 
137327,Deutschland ,German,European,77.2085,1088.4743,21.5354,84.0169,Deutschland 
137328,Deutschland ,German,European,1.4370,907.3136,102.7927,53.0672,Deutschland 
137329,Deutschland ,German,European,64.0227,4762.3855,555.8217,240.2318,Deutschland 
137330,Deutschland ,German,European,250.8087,1105.2455,14.8285,7.3277,Deutschland 
137331,Deutschland ,German,European,14.8987,1406.2718,111.1732,97.5999,Deutschland 
137332,Deutschland ,German,European,224.4709,908.4988,5.1757,0.8378,Deutschland 
137333,Deutschland ,German,European,99.5696,635.4563,29.1362,16.1904,Deutschland 
137334,Deutschland ,German,European,744.6709,3706.2800,46.9845,66.8447,Deutschland 
137335,Deutschland ,German,European,32.4987,970.8742,117.3659,40.4059,Deutschland 
137336,Deutschland ,German,European,87.7007,2631.8389,78.4263,224.4501,Deutschland 
137337,Deutschland ,German,European,252.7045,2899.4600,32.1454,206.9314,Deutschland 
137338,Deutschland ,German,European,345.8557,3557.1427,133.2184,209.3824,Deutschland 
137339,Deutschland ,German,European,252.3310,1235.6400,20.6037,21.5554,Deutschland 
137340,Deutschland ,German,European,509.3016,2885.1200,87.8440,47.0144,Deutschland 
137341,Deutschland ,German,European,180.7458,1669.7171,48.1733,88.2861,Deutschland 
137342,Deutschland ,German,European,121.0750,839.8025,17.9073,37.3635,Deutschland 
137343,Deutschland ,German,European,597.1727,3883.6550,116.4767,141.2358,Deutschland 
137344,Deutschland ,German,European,132.8399,3813.0203,724.6251,24.3561,Deutschland 
137345,Deutschland ,German,European,8.4824,915.5316,155.0628,28.5254,Deutschland 
137346,Deutschland ,German,European,70.0492,1107.8600,21.7121,83.2738,Deutschland 
137347,Deutschland ,German,European,387.8615,2930.3322,105.6977,109.0392,Deutschland 
137348,Deutschland ,German,European,484.3328,2472.8160,20.3896,47.9065,Deutschland 
137349,Deutschland ,German,European,47.5105,1836.2752,3.7426,181.9016,Deutschland 
137350,Deutschland ,German,European,53.1138,820.6912,96.4464,23.8245,Deutschland 
137351,Deutschland ,German,European,374.9452,2256.2573,145.8659,24.9953,Deutschland 
137352,Deutschland ,German,European,353.7774,4248.2889,245.4090,209.1579,Deutschland 
137353,Deutschland ,German,European,37.1380,2133.3480,24.9434,215.8058,Deutschland 
137354,Deutschland ,German,European,829.8200,5565.0000,195.0500,197.4600,Deutschland 
137355,Deutschland ,German,European,0.0000,449.0570,44.0439,28.8712,Deutschland 
137356,Deutschland ,German,European,260.4748,2738.3245,211.3612,97.3507,Deutschland 
137357,Deutschland ,German,European,338.2839,1911.8225,40.3349,45.5792,Deutschland 
137358,Deutschland ,German,European,25934.3597,127100.3915,3364.7442,1400.2689,Deutschland 
137359,Deutschland ,German,European,175.6754,1344.9680,41.4753,53.4309,Deutschland 
137360,Deutschland ,German,European,45.6718,448.0400,13.7393,24.8183,Deutschland 
137361,Deutschland ,German,European,24.8781,1767.6161,72.7504,153.6993,Deutschland 
137362,Deutschland ,German,European,10.3868,1584.5480,5.1868,174.3500,Deutschland 
137363,Deutschland ,German,European,89.8703,627.1967,10.8989,28.8125,Deutschland 
137364,Deutschland ,German,European,347.6519,1896.4710,45.0972,34.7993,Deutschland 
137365,Deutschland ,German,European,100.9178,418.7670,3.1680,3.0823,Deutschland 
137366,Deutschland ,German,European,,,,,Deutschland 
137367,Deutschland ,German,European,19580.7484,285140.6328,4215.5686,21839.6332,Deutschland 
137368,Deutschland ,German,European,761.1358,6904.1187,127.4728,391.4015,Deutschland 
137369,Deutschland ,German,European,14.0849,68.4632,3.0863,0.1273,Deutschland 
137370,Deutschland ,German,European,1.0800,840.8867,18.8400,86.9317,Deutschland 
137371,Deutschland ,German,European,195.2180,18446.0497,758.0997,1604.6378,Deutschland 
137372,Deutschland ,German,European,0.1716,0.7484,0.0212,0.0255,Deutschland 
137373,Deutschland ,German,European,51.1669,3825.4218,455.4424,201.7115,Deutschland 
137374,Deutschland ,German,European,62.1956,997.2615,117.9503,31.2520,Deutschland 
137375,Deutschland ,German,European,17.1870,1381.5140,94.4697,102.3174,Deutschland 
137376,Deutschland ,German,European,43.5918,751.4333,46.5994,42.5505,Deutschland 
137377,Deutschland ,German,European,57.2400,234.0000,5.4600,1.5000,Deutschland 
137378,Deutschland ,German,European,109.8415,1213.2849,38.8382,79.8190,Deutschland 
137379,Deutschland ,German,European,90022.3454,460558.6480,7143.4614,7320.6020,Deutschland 
137380,Deutschland ,German,European,20.0043,1476.2918,161.6777,81.5004,Deutschland 
137381,Deutschland ,German,European,3121.3144,20817.7583,14.4058,1040.7566,Deutschland 
137382,Deutschland ,German,European,54.5115,269.0828,4.2221,5.8922,Deutschland 
137383,Deutschland ,German,European,178.2666,3590.0521,180.3676,224.7554,Deutschland 
137384,Deutschland ,German,European,361.9459,3699.3675,50.9888,234.8231,Deutschland 
137385,Deutschland ,German,European,32.3928,1036.8870,94.0935,58.2834,Deutschland 
137386,Deutschland ,German,European,26.5616,215.5530,6.1693,10.0923,Deutschland 
137387,Deutschland ,German,European,74.6036,1635.5074,215.0395,58.6783,Deutschland 
137388,Deutschland ,German,European,108.4450,1756.4558,87.0326,111.6108,Deutschland 
137389,Deutschland ,German,European,15.6877,80.9880,0.8988,1.8202,Deutschland 
137390,Deutschland ,German,European,15.5535,114.8625,4.7119,3.8790,Deutschland 
137391,Deutschland ,German,European,59.7000,1113.1733,49.4387,79.6360,Deutschland 
137392,Deutschland ,German,European,125.7251,805.2764,11.7295,28.9753,Deutschland 
137393,Deutschland ,German,European,85.5907,812.7709,42.4960,34.5463,Deutschland 
137394,Deutschland ,German,European,126.8101,1264.6547,64.4315,59.4982,Deutschland 
137395,Deutschland ,German,European,24450.6850,99063.6000,247.7985,178.0020,Deutschland 
137396,Deutschland ,German,European,147.6895,3858.2031,33.8859,352.8642,Deutschland 
137397,Deutschland ,German,European,286.0993,3130.2560,14.1265,228.3625,Deutschland 
137398,Deutschland ,German,European,147.9786,1060.7800,40.9586,32.4924,Deutschland 
137399,Deutschland ,German,European,51.3260,382.2647,2.7783,19.0536,Deutschland 
137400,Deutschland ,German,European,110.2076,1044.3447,30.6965,52.7436,Deutschland 
137401,Deutschland ,German,European,76.4200,2524.2554,198.2049,152.6414,Deutschland 
137402,Deutschland ,German,European,31.6971,1110.6610,112.4007,59.2896,Deutschland 
137403,Deutschland ,German,European,13.1676,1067.6368,77.7159,78.8805,Deutschland 
137404,Deutschland ,German,European,73.7815,2085.5634,146.7454,133.9367,Deutschland 
137405,Deutschland ,German,European,201.4786,4199.5970,188.9341,288.2995,Deutschland 
137406,Deutschland ,German,European,46.1664,5128.6284,255.3034,431.4924,Deutschland 
137407,Deutschland ,German,European,109.2062,1850.0820,19.7264,152.5265,Deutschland 
137408,Deutschland ,German,European,148.0969,1196.2160,47.5525,43.6449,Deutschland 
137409,Deutschland ,German,European,117905.5264,629534.5250,47.0728,18635.9031,Deutschland 
137410,Deutschland ,German,European,56.1697,2784.8244,111.5175,235.6205,Deutschland 
137411,Deutschland ,German,European,467.8733,3375.5710,49.0412,176.1719,Deutschland 
137412,Deutschland ,German,European,458.0689,3402.2760,76.0833,146.7045,Deutschland 
137413,Deutschland ,German,European,357.7418,2668.6823,49.5190,144.0894,Deutschland 
137414,Deutschland ,German,European,618.4761,5231.8340,47.9318,295.4778,Deutschland 
137415,Deutschland ,German,European,82.4296,647.3933,27.4224,19.3911,Deutschland 
137416,Deutschland ,German,European,1169.5536,6639.8250,81.6556,171.9418,Deutschland 
137417,Deutschland ,German,European,42.2318,782.5205,21.4465,59.3144,Deutschland 
137418,Deutschland ,German,European,46.3326,3030.5048,142.2694,252.0605,Deutschland 
137419,Deutschland ,German,European,50.3990,4055.7350,0.0000,436.0000,Deutschland 
137420,Deutschland ,German,European,1949.0476,9188.8808,233.2686,165.5452,Deutschland 
137421,Deutschland ,German,European,20.6200,4680.3174,340.5062,355.1766,Deutschland 
137422,Deutschland ,German,European,12.9301,178.4785,1.0535,14.1978,Deutschland 
137423,Deutschland ,German,European,603.6462,4713.3690,31.0467,251.5903,Deutschland 
137424,Deutschland ,German,European,454.8041,2559.1760,51.8840,61.6116,Deutschland 
137425,Deutschland ,German,European,52.7782,499.3150,9.8736,27.6830,Deutschland 
137426,Deutschland ,German,European,29.9137,849.1137,82.7410,43.8189,Deutschland 
137427,Deutschland ,German,European,90.1704,2568.6477,73.3391,212.8623,Deutschland 
137428,Deutschland ,German,European,57891.7228,241963.3353,2462.1200,832.8136,Deutschland 
137429,Deutschland ,German,European,724.0906,3633.8000,53.9633,64.5046,Deutschland 
137430,Deutschland ,German,European,89.9376,377.3174,12.6024,1.3924,Deutschland 
137431,Deutschland ,German,European,56.7701,1273.7857,67.3442,86.1167,Deutschland 
137432,Deutschland ,German,European,118.6526,2764.5370,95.1870,215.0589,Deutschland 
137433,Deutschland ,German,European,242.8629,1931.0200,30.2724,100.5601,Deutschland 
137434,Deutschland ,German,European,370.8375,1678.5740,19.0025,14.6236,Deutschland 
137435,Deutschland ,German,European,783.4305,5214.9027,139.0865,176.3010,Deutschland 
137436,Deutschland ,German,European,6.9177,144.3500,4.8063,11.2556,Deutschland 
137437,Deutschland ,German,European,360.8497,2148.5880,125.5069,26.6131,Deutschland 
137438,Deutschland ,German,European,53.1222,518.8790,13.5397,26.9989,Deutschland 
137439,Deutschland ,German,European,28349.6485,140441.7560,2588.3032,1624.7069,Deutschland 
137440,Deutschland ,German,European,517.3350,4604.7769,80.2227,248.9915,Deutschland 
137441,Deutschland ,German,European,75.4137,1706.0017,45.2131,141.3478,Deutschland 
137442,Deutschland ,German,European,57.5272,867.9435,19.3561,62.7657,Deutschland 
137443,Deutschland ,German,European,42.4400,1667.7320,190.6342,80.2630,Deutschland 
137444,Deutschland ,German,European,28.6735,127.5865,4.6753,1.3458,Deutschland 
137445,Deutschland ,German,European,367.8867,3923.9498,148.8785,220.0078,Deutschland 
137446,Deutschland ,German,European,21.7462,790.5301,22.3253,66.8153,Deutschland 
137447,Deutschland ,German,European,179.0353,2383.2350,107.2393,148.8848,Deutschland 
137448,Deutschland ,German,European,59.6351,590.7509,32.1059,29.8788,Deutschland 
137449,Deutschland ,German,European,94.7752,839.5000,26.1497,47.7197,Deutschland 
137450,Deutschland ,German,European,33341.8309,148306.5220,2272.0339,405.3306,Deutschland 
137451,Deutschland ,German,European,31.5221,1640.7631,103.0585,121.7058,Deutschland 
137452,Deutschland ,German,European,86.1233,971.3725,26.8688,59.3244,Deutschland 
137453,Deutschland ,German,European,78.0713,749.0600,32.7265,33.7762,Deutschland 
137454,Deutschland ,German,European,73.7632,324.6517,1.6544,1.4178,Deutschland 
137455,Deutschland ,German,European,68.5538,439.4693,6.1820,20.2647,Deutschland 
137456,Deutschland ,German,European,32.7451,843.7850,57.7281,56.0003,Deutschland 
137457,Deutschland ,German,European,20.7969,397.0225,8.4246,30.5307,Deutschland 
137458,Deutschland ,German,European,1.2508,316.5420,1.7949,34.6069,Deutschland 
137459,Deutschland ,German,European,61.6529,4237.9851,242.3673,327.9807,Deutschland 
137460,Deutschland ,German,European,161.7308,3886.8660,107.0034,338.9338,Deutschland 
137461,Deutschland ,German,European,178.1781,2645.1855,88.3526,184.1192,Deutschland 
137462,Deutschland ,German,European,0.0000,243.1013,17.2949,18.7238,Deutschland 
137463,Deutschland ,German,European,338.1185,3826.7439,206.8579,177.4928,Deutschland 
137464,Deutschland ,German,European,44.9998,270.3595,4.6938,8.8906,Deutschland 
137465,Deutschland ,German,European,93.9556,474.6976,27.4670,3.0103,Deutschland 
137466,Deutschland ,German,European,1.2405,727.8145,56.3928,54.7557,Deutschland 
137467,Deutschland ,German,European,166.1734,1361.7940,23.3670,66.2274,Deutschland 
137468,Deutschland ,German,European,200.9616,2208.5770,33.0890,145.5660,Deutschland 
137469,Deutschland ,German,European,41.7128,192.9384,7.5766,3.0628,Deutschland 
137470,Deutschland ,German,European,64.4804,424.5641,19.8207,9.9716,Deutschland 
137471,Deutschland ,German,European,116.8234,785.2821,20.5837,30.9070,Deutschland 
137472,Deutschland ,German,European,50386.2170,429004.0000,3193.2950,23940.2080,Deutschland 
137473,Deutschland ,German,European,267.4906,2230.0717,79.7083,98.0684,Deutschland 
137474,Deutschland ,German,European,626.9253,4438.6656,90.8303,176.3922,Deutschland 
137475,Deutschland ,German,European,54.3689,1473.4567,211.6554,43.6552,Deutschland 
137476,Deutschland ,German,European,369.2499,2351.1140,15.8922,95.4896,Deutschland 
137477,Deutschland ,German,European,1338.1334,7664.9957,164.3740,196.3997,Deutschland 
137478,Deutschland ,German,European,14.0100,60.0000,1.6500,0.1500,Deutschland 
137479,Deutschland ,German,European,198.0631,1203.8666,28.5870,37.8718,Deutschland 
137480,Deutschland ,German,European,292.8147,2366.6852,61.5812,109.6045,Deutschland 
137481,Deutschland ,German,European,985.9186,6101.5375,54.6701,226.2684,Deutschland 
137482,Deutschland ,German,European,62.0635,243.6880,1.0184,0.4560,Deutschland 
137483,Deutschland ,German,European,179.8372,932.0193,40.4806,6.2453,Deutschland 
137484,Deutschland ,German,European,74008.2113,332025.4960,4284.8825,2489.4385,Deutschland 
137485,Deutschland ,German,European,82.2543,803.2810,1.9139,51.1468,Deutschland 
137486,Deutschland ,German,European,40.9746,712.1347,73.6044,28.1749,Deutschland 
137487,Deutschland ,German,European,384.0218,2155.3400,39.1220,56.6082,Deutschland 
137488,Deutschland ,German,European,2.8442,433.6200,38.2762,28.6180,Deutschland 
137489,Deutschland ,German,European,66.3274,616.3370,23.0560,31.5979,Deutschland 
137490,Deutschland ,German,European,13.6197,503.4457,8.0085,47.6339,Deutschland 
137491,Deutschland ,German,European,10.2740,44.0000,1.2100,0.1100,Deutschland 
137492,Deutschland ,German,European,11.3511,563.1797,29.8080,44.4408,Deutschland 
137493,Deutschland ,German,European,1082.4318,6499.7800,67.5666,221.1201,Deutschland 
137494,Deutschland ,German,European,107.1032,723.2877,10.3049,21.6479,Deutschland 
137495,Deutschland ,German,European,101.4139,577.8200,12.4016,15.5783,Deutschland 
137496,Deutschland ,German,European,1334.8481,6566.6249,78.8149,142.0705,Deutschland 
137497,Deutschland ,German,European,5.9251,895.4580,164.2520,23.6648,Deutschland 
137498,Deutschland ,German,European,127.3525,9952.8578,679.5525,18.0588,Deutschland 
137499,Deutschland ,German,European,41.0938,941.9216,5.7945,87.1280,Deutschland 
137500,Deutschland ,German,European,59.9400,368.5200,23.4432,3.8628,Deutschland 
137501,Deutschland ,German,European,130.3163,1483.2855,31.5386,89.3733,Deutschland 
137502,Deutschland ,German,European,888.2800,6361.4769,144.3712,257.7876,Deutschland 
137503,Deutschland ,German,European,702.2667,3203.3290,58.7191,51.1702,Deutschland 
137504,Deutschland ,German,European,454.6442,4484.9702,85.0465,272.8001,Deutschland 
137505,Deutschland ,German,European,71.5200,1795.3701,223.8681,74.7802,Deutschland 
137506,Deutschland ,German,European,2.8890,3299.6032,379.1543,186.4901,Deutschland 
137507,Deutschland ,German,European,537.9516,3326.6950,48.6648,107.1720,Deutschland 
137508,Deutschland ,German,European,41.3178,1040.2362,21.2879,93.4717,Deutschland 
137509,Deutschland ,German,European,44.4748,428.3225,24.7866,18.9828,Deutschland 
137510,Deutschland ,German,European,59.5981,1141.0100,86.4573,60.4601,Deutschland 
137511,Deutschland ,German,European,31.1958,255.9637,7.3351,13.5806,Deutschland 
137512,Deutschland ,German,European,133.0801,1013.6200,30.9503,51.1043,Deutschland 
137513,Deutschland ,German,European,33.4155,894.8557,21.3557,75.7442,Deutschland 
137514,Deutschland ,German,European,657.7831,4793.3670,59.1746,221.1565,Deutschland 
137515,Deutschland ,German,European,206.3860,2047.6467,53.6423,123.7280,Deutschland 
137516,Deutschland ,German,European,341.7531,2422.7200,75.0425,86.3044,Deutschland 
137517,Deutschland ,German,European,120.8093,1801.5625,145.2452,94.0098,Deutschland 
137518,Deutschland ,German,European,60.3306,262.7240,7.2607,1.1355,Deutschland 
137519,Deutschland ,German,European,552.9525,3175.5336,205.5225,25.0100,Deutschland 
137520,Deutschland ,German,European,28.5308,1218.9623,15.8730,124.9188,Deutschland 
137521,Deutschland ,German,European,10.2192,564.1800,39.5490,41.6928,Deutschland 
137522,Deutschland ,German,European,86.3715,1760.5833,166.2660,86.1238,Deutschland 
137523,Deutschland ,German,European,134.2455,2062.3560,18.1605,160.3724,Deutschland 
137524,Deutschland ,German,European,1761.0937,9857.1688,99.8849,302.9844,Deutschland 
137525,Deutschland ,German,European,712.7326,3581.4590,124.0891,41.4574,Deutschland 
137526,Deutschland ,German,European,6.8120,284.6000,13.8920,22.9060,Deutschland 
137527,Deutschland ,German,European,151.0232,790.9180,25.7607,15.5738,Deutschland 
137528,Deutschland ,German,European,867.9459,6487.3832,93.2966,296.1933,Deutschland 
137529,Deutschland ,German,European,9.8790,3376.6300,396.6696,183.3367,Deutschland 
137530,Deutschland ,German,European,218.8869,995.8440,15.0465,4.3464,Deutschland 
137531,Deutschland ,German,European,573.9587,2628.6928,42.6605,16.9163,Deutschland 
137532,Deutschland ,German,European,0.6712,49.4627,2.9510,0.1729,Deutschland 
137533,Deutschland ,German,European,62636.7320,516688.1000,6038.5130,27970.5750,Deutschland 
137534,Deutschland ,German,European,95.5707,1048.4834,16.8723,69.1705,Deutschland 
137535,Deutschland ,German,European,648.4750,3726.2400,83.5805,86.8235,Deutschland 
137536,Deutschland ,German,European,226.7080,2380.1567,281.6140,41.1489,Deutschland 
137537,Deutschland ,German,European,272.4505,2257.1893,134.3921,64.0033,Deutschland 
137538,Deutschland ,German,European,23.7851,795.0553,76.0599,44.0897,Deutschland 
137539,Deutschland ,German,European,5.0403,1055.5562,80.2588,77.4847,Deutschland 
137540,Deutschland ,German,European,31143.9932,231193.3000,5334.6098,10544.3690,Deutschland 
137541,Deutschland ,German,European,102.1913,2198.0021,139.9045,137.8040,Deutschland 
137542,Deutschland ,German,European,60.5153,3878.0181,298.5302,266.8232,Deutschland 
137543,Deutschland ,German,European,347.2384,5375.4159,44.8922,432.0772,Deutschland 
137544,Deutschland ,German,European,240.2642,1142.8395,49.7107,9.7062,Deutschland 
137545,Deutschland ,German,European,22.7067,697.3712,113.0197,17.1424,Deutschland 
137546,Deutschland ,German,European,135.9942,858.4110,30.8512,28.1329,Deutschland 
137547,Deutschland ,German,European,44.7230,1553.4640,17.5450,156.1420,Deutschland 
137548,Deutschland ,German,European,0.1395,3.1500,0.0000,0.0000,Deutschland 
137549,Deutschland ,German,European,15.2121,346.0920,11.2635,26.2588,Deutschland 
137550,Deutschland ,German,European,1244.0322,5677.7818,58.0939,71.7224,Deutschland 
137551,Deutschland ,German,European,44.8341,2754.4153,368.2632,110.2453,Deutschland 
137552,Deutschland ,German,European,345.8298,2718.6860,35.9320,133.4924,Deutschland 
137553,Deutschland ,German,European,4.5908,30.9623,2.8050,0.0708,Deutschland 
137554,Deutschland ,German,European,1.5114,770.4320,89.9052,42.8234,Deutschland 
137555,Deutschland ,German,European,583.5086,3482.3020,88.3160,91.1956,Deutschland 
137556,Deutschland ,German,European,594.9279,4691.0077,87.5894,236.1190,Deutschland 
137557,Deutschland ,German,European,824.1013,5910.6822,114.5332,251.5860,Deutschland 
137558,Deutschland ,German,European,162.3498,4174.8075,57.1076,369.9352,Deutschland 
137559,Deutschland ,German,European,71.6580,1854.6881,131.1325,118.2039,Deutschland 
137560,Deutschland ,German,European,24.6320,1131.8948,168.4510,37.0657,Deutschland 
137561,Deutschland ,German,European,459.6575,5642.7220,11.9392,431.5272,Deutschland 
137562,Deutschland ,German,European,111.1713,1408.4800,1.2326,109.1416,Deutschland 
137563,Deutschland ,German,European,56600.2117,244387.4425,1483.5930,1217.9926,Deutschland 
137564,Deutschland ,German,European,30.0253,715.7531,37.9069,51.4087,Deutschland 
137565,Deutschland ,German,European,253.9835,1807.5654,46.5248,70.1518,Deutschland 
137566,Deutschland ,German,European,1149.0346,12746.8281,461.8504,761.6665,Deutschland 
137567,Deutschland ,German,European,59.8320,2484.0000,24.7320,257.4720,Deutschland 
137568,Deutschland ,German,European,23.6973,505.5579,90.7837,2.6264,Deutschland 
137569,Deutschland ,German,European,15.7738,1202.1399,122.2380,75.2742,Deutschland 
137570,Deutschland ,German,European,21.4621,700.4300,37.5532,51.1076,Deutschland 
137571,Deutschland ,German,European,662.6887,3551.7210,42.9742,75.1887,Deutschland 
137572,Deutschland ,German,European,297.8622,3551.4134,131.1704,225.5751,Deutschland 
137573,Deutschland ,German,European,2188.6458,93912.4227,1563.6175,8982.8862,Deutschland 
137574,Deutschland ,German,European,622.9452,4978.2740,22.3070,287.9813,Deutschland 
137575,Deutschland ,German,European,311.5184,3713.1743,46.0033,268.3935,Deutschland 
137576,Deutschland ,German,European,265.3317,2385.1100,64.6888,154.7432,Deutschland 
137577,Deutschland ,German,European,0.8125,57.3800,3.5794,4.3709,Deutschland 
137578,Deutschland ,German,European,6.8749,149.6250,4.6751,12.6000,Deutschland 
137579,Deutschland ,German,European,1046.7329,5005.1800,86.7575,43.9746,Deutschland 
137580,Deutschland ,German,European,165.9931,883.9445,22.6464,11.0664,Deutschland 
137581,Deutschland ,German,European,565.5871,3692.1870,32.0356,148.3164,Deutschland 
137582,Deutschland ,German,European,348.4196,1941.4153,14.6004,69.2632,Deutschland 
137583,Deutschland ,German,European,499.5050,11090.7335,347.8064,936.0022,Deutschland 
137584,Deutschland ,German,European,0.2610,41.5800,0.1962,4.5438,Deutschland 
137585,Deutschland ,German,European,79.9046,1347.0930,69.0591,85.4076,Deutschland 
137586,Deutschland ,German,European,68.8332,785.2907,33.8521,42.6679,Deutschland 
137587,Deutschland ,German,European,666.3291,4384.2944,119.8866,138.9461,Deutschland 
137588,Deutschland ,German,European,289.8584,2666.4743,13.8010,171.5580,Deutschland 
137589,Deutschland ,German,European,243.1193,4093.8160,52.7565,338.1945,Deutschland 
137590,Deutschland ,German,European,281.1085,6360.5647,757.3986,84.3423,Deutschland 
137591,Deutschland ,German,European,152.4003,3260.7130,409.4385,121.6036,Deutschland 
137592,Deutschland ,German,European,674.8848,3075.9765,53.8380,11.1749,Deutschland 
137593,Deutschland ,German,European,25592.7100,109369.0000,273.4300,724.7550,Deutschland 
137594,Deutschland ,German,European,71.6964,585.8340,23.2625,23.7368,Deutschland 
137595,Deutschland ,German,European,242.2586,1665.9350,44.9622,59.4220,Deutschland 
137596,Deutschland ,German,European,24.7068,226.9494,1.3033,13.7628,Deutschland 
137597,Deutschland ,German,European,10.0622,565.0304,72.0230,26.8488,Deutschland 
137598,Deutschland ,German,European,71.4446,596.9006,24.5725,31.0717,Deutschland 
137599,Deutschland ,German,European,848.1424,5208.8607,139.4400,136.5121,Deutschland 
137600,Deutschland ,German,European,182.9094,1372.7131,30.5020,59.0575,Deutschland 
137601,Deutschland ,German,European,312.3926,2111.3500,124.5745,35.2970,Deutschland 
137602,Deutschland ,German,European,234.5147,2722.9280,18.1543,197.2806,Deutschland 
137603,Deutschland ,German,European,21.1533,529.9191,31.4350,36.1474,Deutschland 
137604,Deutschland ,German,European,647.1506,3407.9912,58.8371,72.9119,Deutschland 
137605,Deutschland ,German,European,76.0933,1631.8425,46.1376,137.5927,Deutschland 
137606,Deutschland ,German,European,46.6304,1458.8095,4.2412,139.9211,Deutschland 
137607,Deutschland ,German,European,72.7908,3969.4817,361.5822,240.4309,Deutschland 
137608,Deutschland ,German,European,11.3922,190.6150,6.2532,14.9424,Deutschland 
137609,Deutschland ,German,European,206.6655,2885.5175,7.5921,235.6274,Deutschland 
137610,Deutschland ,German,European,6.6587,505.4210,0.7879,54.4700,Deutschland 
137611,Deutschland ,German,European,111.9681,706.2426,1.3418,27.3353,Deutschland 
137612,Deutschland ,German,European,280.1676,4670.8234,122.0533,339.8652,Deutschland 
137613,Deutschland ,German,European,37.2740,1955.2041,64.2051,173.9697,Deutschland 
137614,Deutschland ,German,European,9.7601,159.9200,6.5145,11.1894,Deutschland 
137615,Deutschland ,German,European,40.5056,2242.5130,84.9265,195.6550,Deutschland 
137616,Deutschland ,German,European,8.3600,119.6000,1.5310,9.3530,Deutschland 
137617,Deutschland ,German,European,93.3756,426.2716,17.8487,6.1713,Deutschland 
137618,Deutschland ,German,European,200.3367,1826.6150,99.1312,70.6184,Deutschland 
137619,Deutschland ,German,European,279.8223,3052.3677,320.7921,76.2323,Deutschland 
137620,Deutschland ,German,European,0.4818,932.2200,7.4810,102.0792,Deutschland 
137621,Deutschland ,German,European,1077.6665,6486.7830,114.2428,194.9696,Deutschland 
137622,Deutschland ,German,European,455.8447,5980.3643,32.5530,467.3943,Deutschland 
137623,Deutschland ,German,European,344.4933,4573.4660,271.6293,258.9921,Deutschland 
137624,Deutschland ,German,European,1370.3642,5588.7253,2.6665,26.7945,Deutschland 
137625,Deutschland ,German,European,71.9643,1319.1200,61.8763,87.9824,Deutschland 
137626,Deutschland ,German,European,296.2525,1663.3819,38.3018,36.1801,Deutschland 
137627,Deutschland ,German,European,27.3842,1715.9537,145.7330,114.4432,Deutschland 
137628,Deutschland ,German,European,32.3460,3897.2825,391.4928,250.5113,Deutschland 
137629,Deutschland ,German,European,92.7758,780.1654,29.7792,39.5139,Deutschland 
137630,Deutschland ,German,European,37.9085,2010.8107,151.9268,139.4260,Deutschland 
137631,Deutschland ,German,European,,,,,Deutschland 
137632,Deutschland ,German,European,4.9024,1030.5140,225.1288,6.3628,Deutschland 
137633,Deutschland ,German,European,240.5142,1096.4040,25.2530,5.2436,Deutschland 
137634,Deutschland ,German,European,447.6703,3989.4760,25.0435,241.5915,Deutschland 
137635,Deutschland ,German,European,41.0787,1142.5210,82.7667,70.8083,Deutschland 
137636,Deutschland ,German,European,285.4544,2090.9056,59.6431,83.8726,Deutschland 
137637,Deutschland ,German,European,23.8360,496.0000,5.8280,43.5160,Deutschland 
137638,Deutschland ,German,European,36.0905,144.7198,0.1303,0.1278,Deutschland 
137639,Deutschland ,German,European,1082.3009,19373.2903,580.0567,1537.9639,Deutschland 
137640,Deutschland ,German,European,37.2778,2330.0371,323.5197,87.1722,Deutschland 
137641,Deutschland ,German,European,212.2479,2588.8960,126.4948,147.9630,Deutschland 
137642,Deutschland ,German,European,411.7998,2069.7466,75.2509,22.9781,Deutschland 
137643,Deutschland ,German,European,25.7920,293.0080,12.9560,0.7793,Deutschland 
137644,Deutschland ,German,European,31.8614,415.9087,26.3923,19.3269,Deutschland 
137645,Deutschland ,German,European,129.1047,1753.1041,27.3464,128.0597,Deutschland 
137646,Deutschland ,German,European,299.6476,1444.2256,28.6092,11.0960,Deutschland 
137647,Deutschland ,German,European,133.0690,946.7340,36.9170,33.3314,Deutschland 
137648,Deutschland ,German,European,19.4640,150.3232,7.3344,5.0373,Deutschland 
137649,Deutschland ,German,European,482.0071,2945.2737,22.8044,108.0875,Deutschland 
137650,Deutschland ,German,European,33.1089,1184.5190,106.3523,67.7216,Deutschland 
137651,Deutschland ,German,European,410.8074,2176.7100,44.6348,43.0982,Deutschland 
137652,Deutschland ,German,European,26.5513,842.2105,34.0586,66.5279,Deutschland 
137653,Deutschland ,German,European,197.0163,1333.0019,23.2343,55.3522,Deutschland 
137654,Deutschland ,German,European,222.3725,1386.7190,29.5298,43.0688,Deutschland 
137655,Deutschland ,German,European,73.0000,1335.8134,192.2725,29.4115,Deutschland 
137656,Deutschland ,German,European,65.3322,460.6400,18.1510,13.0318,Deutschland 
137657,Deutschland ,German,European,20.4563,1897.9391,213.6656,102.6937,Deutschland 
137658,Deutschland ,German,European,328.9613,2794.9635,149.4321,112.1623,Deutschland 
137659,Deutschland ,German,European,172.1058,3025.3360,39.4680,252.9208,Deutschland 
137660,Deutschland ,German,European,122.8873,675.3040,35.5635,5.9348,Deutschland 
137661,Deutschland ,German,European,1110.0440,6235.9903,110.3845,158.0381,Deutschland 
137662,Deutschland ,German,European,1307.6327,9134.4700,115.7584,379.3671,Deutschland 
137663,Deutschland ,German,European,7.5010,411.2550,1.2512,42.6240,Deutschland 
137664,Deutschland ,German,European,255.6473,1788.4196,56.7405,55.7208,Deutschland 
137665,Deutschland ,German,European,252.4173,2162.7359,53.4883,117.1767,Deutschland 
137666,Deutschland ,German,European,16.3011,208.2190,14.3200,9.6700,Deutschland 
137667,Deutschland ,German,European,66.9124,1205.0183,128.7377,47.0246,Deutschland 
137668,Deutschland ,German,European,25.6590,519.5195,34.4432,30.4675,Deutschland 
137669,Deutschland ,German,European,74.9909,790.4050,22.4646,45.5152,Deutschland 
137670,Deutschland ,German,European,363.3669,3615.2714,103.1407,206.7984,Deutschland 
137671,Deutschland ,German,European,112.1579,767.7790,46.9044,21.0660,Deutschland 
137672,Deutschland ,German,European,100.1932,2921.3720,147.5024,213.0566,Deutschland 
137673,Deutschland ,German,European,362.4824,3488.1518,14.3959,229.6733,Deutschland 
137674,Deutschland ,German,European,506.0968,3025.4327,53.0344,87.3487,Deutschland 
137675,Deutschland ,German,European,43.8832,710.8240,107.1377,9.8691,Deutschland 
137676,Deutschland ,German,European,269.6448,2090.6170,86.0919,71.6684,Deutschland 
137677,Deutschland ,German,European,141.1014,639.8978,10.2472,2.2755,Deutschland 
137678,Deutschland ,German,European,31.2298,202.3730,5.2780,7.8744,Deutschland 
137679,Deutschland ,German,European,25753.0300,314647.5000,4188.7400,21709.0150,Deutschland 
137680,Deutschland ,German,European,440.1068,2025.3960,31.8450,17.0844,Deutschland 
137681,Deutschland ,German,European,31.7995,697.6100,39.1003,46.7885,Deutschland 
137682,Deutschland ,German,European,4.1284,132.7180,0.3761,13.6190,Deutschland 
137683,Deutschland ,German,European,3.3798,231.2842,46.8405,2.5922,Deutschland 
137684,Deutschland ,German,European,558.8669,4465.7214,74.6679,222.6707,Deutschland 
137685,Deutschland ,German,European,895.7141,9817.5420,89.5599,682.9758,Deutschland 
137686,Deutschland ,German,European,634.7164,3718.6021,69.7553,104.4826,Deutschland 
137687,Deutschland ,German,European,,,,,Deutschland 
137688,Deutschland ,German,European,12.3722,4929.3475,392.8193,359.0364,Deutschland 
137689,Deutschland ,German,European,99.2680,1231.4295,126.3189,39.9406,Deutschland 
137690,Deutschland ,German,European,39.1571,985.8401,95.6415,50.9302,Deutschland 
137691,Deutschland ,German,European,464.5160,3552.0262,54.2287,170.6032,Deutschland 
137692,Deutschland ,German,European,190.5414,2160.7800,70.9850,131.7086,Deutschland 
137693,Deutschland ,German,European,32.3272,739.8224,25.1307,62.9201,Deutschland 
137694,Deutschland ,German,European,1116.7117,6071.9827,84.9768,151.5851,Deutschland 
137695,Deutschland ,German,European,143.5575,1720.4659,50.8010,118.3719,Deutschland 
137696,Deutschland ,German,European,1.1316,2453.4151,371.6494,96.9899,Deutschland 
137697,Deutschland ,German,European,17183.4850,115974.7500,2443.8250,4651.5150,Deutschland 
137698,Deutschland ,German,European,32.7271,3085.1797,121.3492,278.4868,Deutschland 
137699,Deutschland ,German,European,75909.9018,417759.0947,3983.4227,11389.7989,Deutschland 
137700,Deutschland ,German,European,5.6155,1103.6413,144.6232,56.1148,Deutschland 
137701,Deutschland ,German,European,107.3496,1576.9433,27.6230,116.2827,Deutschland 
137702,Deutschland ,German,European,98.8115,1158.1464,53.8321,69.7140,Deutschland 
137703,Deutschland ,German,European,65.5148,3646.3999,180.5182,295.1267,Deutschland 
137704,Deutschland ,German,European,66426.7000,294095.0000,2427.0600,1898.2300,Deutschland 
137705,Deutschland ,German,European,75.5537,1413.8650,20.6551,119.1304,Deutschland 
137706,Deutschland ,German,European,13.1480,348.3000,27.2750,20.1110,Deutschland 
137707,Deutschland ,German,European,101.7661,1534.3862,199.2537,34.4263,Deutschland 
137708,Deutschland ,German,European,1.8516,287.2808,25.1686,19.0332,Deutschland 
137709,Deutschland ,German,European,968.5053,5296.6300,69.7197,124.9314,Deutschland 
137710,Deutschland ,German,European,6.7755,177.1700,10.0750,4.7768,Deutschland 
137711,Deutschland ,German,European,121.7589,799.8671,11.7897,28.6023,Deutschland 
137712,Deutschland ,German,European,177.7291,2699.2345,14.6797,217.2819,Deutschland 
137713,Deutschland ,German,European,2.3354,123.2040,21.5858,0.3404,Deutschland 
137714,Deutschland ,German,European,41.7288,166.4668,0.0486,0.0132,Deutschland 
137715,Deutschland ,German,European,69.6309,1398.0293,49.0407,107.4525,Deutschland 
137716,Deutschland ,German,European,572.8292,3366.6093,55.9394,109.9441,Deutschland 
137717,Deutschland ,German,European,24218.6183,97696.9183,31.2341,87.5310,Deutschland 
137718,Deutschland ,German,European,20.6171,363.3055,11.2300,28.9720,Deutschland 
137719,Deutschland ,German,European,34.7818,322.0507,11.6045,16.4867,Deutschland 
137720,Deutschland ,German,European,413.5200,3170.8989,76.2109,137.6533,Deutschland 
137721,Deutschland ,German,European,51.1285,758.1318,34.8407,47.5063,Deutschland 
137722,Deutschland ,German,European,99.4730,2465.0919,191.3698,142.5539,Deutschland 
137723,Deutschland ,German,European,28.1508,497.6580,18.4807,37.1817,Deutschland 
137724,Deutschland ,German,European,26.0126,2253.1985,109.5035,189.0496,Deutschland 
137725,Deutschland ,German,European,237.7207,1444.6344,35.2709,39.1972,Deutschland 
137726,Deutschland ,German,European,59.4196,1661.3480,118.8801,103.1722,Deutschland 
137727,Deutschland ,German,European,26.8685,2128.2498,21.2813,219.1920,Deutschland 
137728,Deutschland ,German,European,31.7201,3021.0266,140.2627,260.5879,Deutschland 
137729,Deutschland ,German,European,143.9624,2073.6933,14.6238,170.4787,Deutschland 
137730,Deutschland ,German,European,180.9351,1451.8350,9.8371,83.7612,Deutschland 
137731,Deutschland ,German,European,316.4129,1896.7470,78.2541,35.2459,Deutschland 
137732,Deutschland ,German,European,452.1758,3795.9000,280.1347,85.6773,Deutschland 
137733,Deutschland ,German,European,37.1271,1131.3852,62.5377,82.5563,Deutschland 
137734,Deutschland ,German,European,252.2564,1565.7761,42.2731,46.5779,Deutschland 
137735,Deutschland ,German,European,54.4406,1331.3295,100.9522,79.7652,Deutschland 
137736,Deutschland ,German,European,381.5350,1953.6707,47.1348,21.2142,Deutschland 
137737,Deutschland ,German,European,160.1171,654.6762,16.9227,2.4526,Deutschland 
137738,Deutschland ,German,European,40.1145,1680.1965,75.3884,139.3169,Deutschland 
137739,Deutschland ,German,European,224.7153,1840.8175,90.8679,74.2748,Deutschland 
137740,Deutschland ,German,European,417.6457,2284.0880,52.9115,45.2400,Deutschland 
137741,Deutschland ,German,European,795.2581,5053.7559,177.7317,125.8905,Deutschland 
137742,Deutschland ,German,European,323.0130,3126.5864,166.9453,143.1369,Deutschland 
137743,Deutschland ,German,European,65.3256,1269.3400,136.6312,55.1718,Deutschland 
137744,Deutschland ,German,European,54.1691,4055.1406,312.8858,284.6344,Deutschland 
137745,Deutschland ,German,European,32295.4230,147842.9400,2376.9650,632.9000,Deutschland 
137746,Deutschland ,German,European,,,,,Deutschland 
137747,Deutschland ,German,European,65.4405,2732.2162,157.3343,215.3800,Deutschland 
137748,Deutschland ,German,European,18.2266,632.6268,36.1705,47.9372,Deutschland 
137749,Deutschland ,German,European,18.8101,160.6650,16.5406,2.0425,Deutschland 
137750,Deutschland ,German,European,1071.2076,4867.5187,45.0759,61.0658,Deutschland 
137751,Deutschland ,German,European,112.1000,930.9295,22.6916,45.5476,Deutschland 
137752,Deutschland ,German,European,23.4441,439.2571,9.8751,34.5147,Deutschland 
137753,Deutschland ,German,European,38.0424,2003.7600,46.0152,196.9968,Deutschland 
137754,Deutschland ,German,European,5.2445,2548.2400,63.3818,251.4918,Deutschland 
137755,Deutschland ,German,European,629.8257,4277.2116,146.3878,145.1036,Deutschland 
137756,Deutschland ,German,European,512.7805,2816.6725,44.9167,60.2333,Deutschland 
137757,Deutschland ,German,European,1198.0988,5554.6488,86.7761,52.1970,Deutschland 
137758,Deutschland ,German,European,60.5683,1912.9550,153.1156,121.6282,Deutschland 
137759,Deutschland ,German,European,673.4714,3275.3340,66.5436,28.8785,Deutschland 
137760,Deutschland ,German,European,30.5422,226.3400,9.2360,8.4438,Deutschland 
137761,Deutschland ,German,European,81.2634,1835.6902,95.5790,127.3800,Deutschland 
137762,Deutschland ,German,European,61.4486,932.7925,1.5282,40.6556,Deutschland 
137763,Deutschland ,German,European,155.4120,1028.9413,27.0863,39.6448,Deutschland 
137764,Deutschland ,German,European,34.4093,511.5015,31.0406,27.5506,Deutschland 
137765,Deutschland ,German,European,61.3404,1929.2748,113.1935,137.4415,Deutschland 
137766,Deutschland ,German,European,15.6838,181.0700,3.8279,11.3312,Deutschland 
137767,Deutschland ,German,European,393.7140,3529.7737,96.3784,182.7573,Deutschland 
137768,Deutschland ,German,European,192.0990,1103.1400,28.4701,21.6558,Deutschland 
137769,Deutschland ,German,European,109.5506,2133.7758,44.9726,181.5552,Deutschland 
137770,Deutschland ,German,European,620.0520,3526.8140,55.1260,91.1079,Deutschland 
137771,Deutschland ,German,European,358.2401,2128.4652,101.7997,27.8699,Deutschland 
137772,Deutschland ,German,European,2125.3121,12691.9917,267.6575,368.5949,Deutschland 
137773,Deutschland ,German,European,43.9700,2017.2027,275.8146,79.8960,Deutschland 
137774,Deutschland ,German,European,181.4004,748.8660,12.2208,5.4720,Deutschland 
137775,Deutschland ,German,European,30.9575,1236.8640,98.8914,79.5814,Deutschland 
137776,Deutschland ,German,European,174.7070,3376.1233,52.3882,296.0770,Deutschland 
137777,Deutschland ,German,European,16.0812,963.7812,56.6122,75.1266,Deutschland 
137778,Deutschland ,German,European,106.8485,626.2408,16.5684,15.5496,Deutschland 
137779,Deutschland ,German,European,171.0317,5845.2948,286.3452,450.6393,Deutschland 
137780,Deutschland ,German,European,45.9942,1979.7599,223.1162,95.7125,Deutschland 
137781,Deutschland ,German,European,652.3620,5747.6433,49.9000,331.1417,Deutschland 
137782,Deutschland ,German,European,862.2968,5626.1240,115.0118,197.9277,Deutschland 
137783,Deutschland ,German,European,152.5089,3062.6675,52.9004,261.9073,Deutschland 
137784,Deutschland ,German,European,319.6004,2447.5987,45.3667,125.6030,Deutschland 
137785,Deutschland ,German,European,4.6892,39.6500,4.0900,0.5428,Deutschland 
137786,Deutschland ,German,European,271.4256,1522.8200,42.8910,25.9654,Deutschland 
137787,Deutschland ,German,European,410.2181,2885.6060,55.3306,120.8216,Deutschland 
137788,Deutschland ,German,European,27.9894,1803.8032,215.4951,93.4452,Deutschland 
137789,Deutschland ,German,European,16.0126,539.2105,34.9283,37.2225,Deutschland 
137790,Deutschland ,German,European,65.6612,482.3590,19.5312,15.9419,Deutschland 
137791,Deutschland ,German,European,0.8608,3.4414,0.0000,0.0000,Deutschland 
137792,Deutschland ,German,European,74.0517,8142.6809,339.2778,709.5854,Deutschland 
137793,Deutschland ,German,European,16.5735,436.7817,13.1570,34.5985,Deutschland 
137794,Deutschland ,German,European,1.2513,1443.8543,99.8045,113.6753,Deutschland 
137795,Deutschland ,German,European,94.0845,760.8635,28.0418,35.6488,Deutschland 
137796,Deutschland ,German,European,171.4430,1062.4850,5.3320,43.0220,Deutschland 
137797,Deutschland ,German,European,66679.3039,268685.5488,48.3206,223.0981,Deutschland 
137798,Deutschland ,German,European,152.9334,1431.1400,15.9070,82.5295,Deutschland 
137799,Deutschland ,German,European,152.2406,950.8954,21.5436,30.7374,Deutschland 
137800,Deutschland ,German,European,23.1783,1138.1445,100.8726,73.5766,Deutschland 
137801,Deutschland ,German,European,391.2929,2024.8608,74.3850,24.8040,Deutschland 
137802,Deutschland ,German,European,894.8570,5156.7967,75.8698,141.3701,Deutschland 
137803,Deutschland ,German,European,1756.5450,73598.8703,1309.8308,6999.8767,Deutschland 
137804,Deutschland ,German,European,383.8053,4550.3400,213.6434,263.3233,Deutschland 
137805,Deutschland ,German,European,62.1470,6444.8226,250.2419,570.0583,Deutschland 
137806,Deutschland ,German,European,452.2442,4011.7479,238.3717,142.8758,Deutschland 
137807,Deutschland ,German,European,978.8409,12933.5014,65.2671,998.9810,Deutschland 
137808,Deutschland ,German,European,484.6456,4148.7060,70.1594,215.1125,Deutschland 
137809,Deutschland ,German,European,20.8236,1281.5782,76.7588,99.7257,Deutschland 
137810,Deutschland ,German,European,5.4016,25.4360,0.6209,1.1457,Deutschland 
137811,Deutschland ,German,European,38.6222,1098.1031,28.8568,90.0153,Deutschland 
137812,Deutschland ,German,European,130.2412,758.4900,23.8825,13.7483,Deutschland 
137813,Deutschland ,German,European,47.9628,1042.7000,35.7634,81.8255,Deutschland 
137814,Deutschland ,German,European,448.0895,1835.1983,5.4023,3.9258,Deutschland 
137815,Deutschland ,German,European,184.3720,1221.4950,18.3838,50.5818,Deutschland 
137816,Deutschland ,German,European,193.4644,4927.5340,68.4476,442.7415,Deutschland 
137817,Deutschland ,German,European,7.2824,1015.4848,120.3271,54.3660,Deutschland 
137818,Deutschland ,German,European,32.8084,414.8505,11.2736,28.9402,Deutschland 
137819,Deutschland ,German,European,65.4318,382.0785,11.9680,7.0608,Deutschland 
137820,Deutschland ,German,European,545.5564,3073.5600,83.2796,55.2152,Deutschland 
137821,Deutschland ,German,European,1011.2830,21785.3700,695.6040,1820.1620,Deutschland 
137822,Deutschland ,German,European,145.6335,1185.8708,55.6584,43.4274,Deutschland 
137823,Deutschland ,German,European,25392.2475,116095.1280,1886.4908,465.6109,Deutschland 
137824,Deutschland ,German,European,8.8281,2658.8244,140.2725,224.9605,Deutschland 
137825,Deutschland ,German,European,151.4605,897.4650,21.3998,25.6838,Deutschland 
137826,Deutschland ,German,European,8.0516,1375.9035,150.7675,78.5847,Deutschland 
137827,Deutschland ,German,European,1232.7923,42502.4234,1190.0603,3841.3409,Deutschland 
137828,Deutschland ,German,European,205.6397,1769.3416,132.0861,50.9069,Deutschland 
137829,Deutschland ,German,European,77.4017,16572.8632,375.8051,1639.9379,Deutschland 
137830,Deutschland ,German,European,11.6950,736.7650,12.1784,72.1007,Deutschland 
137831,Deutschland ,German,European,127.6011,13555.5261,482.2051,1231.4493,Deutschland 
137832,Deutschland ,German,European,190.6281,1010.4200,26.6615,12.8754,Deutschland 
137833,Deutschland ,German,European,16.4537,326.1375,21.5425,19.3698,Deutschland 
137834,Deutschland ,German,European,30.2621,184.0321,1.2945,0.1559,Deutschland 
137835,Deutschland ,German,European,17.6483,2641.3318,262.6625,169.3137,Deutschland 
137836,Deutschland ,German,European,112.2006,9283.7291,380.8417,802.1750,Deutschland 
137837,Deutschland ,German,European,74.6632,3972.8250,164.0530,331.7714,Deutschland 
137838,Deutschland ,German,European,,,,,Deutschland 
137839,Deutschland ,German,European,49.5421,564.2135,19.2315,34.3675,Deutschland 
137840,Deutschland ,German,European,2050.8896,105551.1049,6007.0011,8133.1066,Deutschland 
137841,Deutschland ,German,European,163.9996,1669.1200,70.7960,81.9524,Deutschland 
137842,Deutschland ,German,European,347.1853,2943.4759,61.9324,151.1941,Deutschland 
137843,Deutschland ,German,European,110.7846,3151.4220,64.8612,291.9891,Deutschland 
137844,Deutschland ,German,European,168.7532,2733.7093,130.4086,169.5534,Deutschland 
137845,Deutschland ,German,European,9.2562,421.1133,30.3535,28.8796,Deutschland 
137846,Deutschland ,German,European,130.6070,1306.1292,59.3935,57.2311,Deutschland 
137847,Deutschland ,German,European,325.8153,4174.9617,46.6021,306.4238,Deutschland 
137848,Deutschland ,German,European,61.7272,1033.0709,50.9518,63.9049,Deutschland 
137849,Deutschland ,German,European,33.8011,2224.9769,194.8347,148.5232,Deutschland 
137850,Deutschland ,German,European,86.3016,1475.7220,40.6838,112.4054,Deutschland 
137851,Deutschland ,German,European,70.5860,1791.3701,223.7581,74.7702,Deutschland 
137852,Deutschland ,German,European,56.8163,1383.1744,25.1871,125.5600,Deutschland 
137853,Deutschland ,German,European,107.1672,3953.4992,742.9802,56.9619,Deutschland 
137854,Deutschland ,German,European,1424.0072,63166.1170,1472.6817,5855.8713,Deutschland 
137855,Deutschland ,German,European,49.1900,199.0898,4.1705,0.7675,Deutschland 
137856,Deutschland ,German,European,778.0659,3490.7500,51.8790,13.6337,Deutschland 
137857,Deutschland ,German,European,13.9388,321.0023,23.2823,19.5703,Deutschland 
137858,Deutschland ,German,European,921.0628,5005.8334,61.6368,129.4700,Deutschland 
137859,Deutschland ,German,European,18.3618,564.3138,33.9428,39.4687,Deutschland 
137860,Deutschland ,German,European,13.5230,1657.6000,31.9640,166.4730,Deutschland 
137861,Deutschland ,German,European,13.0248,517.8832,15.8496,44.7000,Deutschland 
137862,Deutschland ,German,European,3.7124,80.7975,2.5246,6.8040,Deutschland 
137863,Deutschland ,German,European,0.0000,0.0000,0.0000,0.0000,Deutschland 
137864,Deutschland ,German,European,43556.3004,175906.4310,332.8073,729.9645,Deutschland 
137865,Deutschland ,German,European,225.9772,1602.1999,35.5239,64.3760,Deutschland 
137866,Deutschland ,German,European,160.7376,695.6715,13.2933,3.9273,Deutschland 
137867,Deutschland ,German,European,14647.5968,95006.1442,2950.1766,2689.7992,Deutschland 
137868,Deutschland ,German,European,321.7075,3751.1240,190.6190,218.6310,Deutschland 
137869,Deutschland ,German,European,112.5770,434.8983,0.5152,0.5336,Deutschland 
137870,Deutschland ,German,European,128.4366,768.8000,22.5466,16.3976,Deutschland 
137871,Deutschland ,German,European,26.2761,526.0296,94.0694,2.4287,Deutschland 
137872,Deutschland ,German,European,9.2745,1373.6566,28.8977,138.4526,Deutschland 
137873,Deutschland ,German,European,816.8091,5060.4684,114.8244,154.8001,Deutschland 
137874,Deutschland ,German,European,285.8225,3037.1500,27.7303,212.6024,Deutschland 
137875,Deutschland ,German,European,21.9742,100.8871,4.5003,0.9081,Deutschland 
137876,Deutschland ,German,European,143.1800,703.9900,5.9930,14.8250,Deutschland 
137877,Deutschland ,German,European,60.4767,1603.9338,30.2651,150.7495,Deutschland 
137878,Deutschland ,German,European,31.4193,10705.7643,594.9677,903.3330,Deutschland 
137879,Deutschland ,German,European,1247.3180,8697.6522,111.0670,403.5698,Deutschland 
137880,Deutschland ,German,European,42.3562,1560.7630,46.5703,135.5302,Deutschland 
137881,Deutschland ,German,European,153.9918,1817.2310,37.4053,111.9359,Deutschland 
137882,Deutschland ,German,European,7.8397,33.4432,0.9397,0.0987,Deutschland 
137883,Deutschland ,German,European,270.7198,10584.9460,71.2733,1049.5173,Deutschland 
137884,Deutschland ,German,European,1.9036,8762.0915,190.4739,880.5846,Deutschland 
137885,Deutschland ,German,European,240.5814,4130.0910,128.0409,314.4606,Deutschland 
137886,Deutschland ,German,European,114.7209,2672.6725,226.7893,146.2335,Deutschland 
137887,Deutschland ,German,European,2612.9968,11855.9600,631.1208,83.3844,Deutschland 
137888,Deutschland ,German,European,562.1866,3466.5809,37.8456,134.0218,Deutschland 
137889,Deutschland ,German,European,186.7404,693.7200,48.7860,19.8246,Deutschland 
137890,Deutschland ,German,European,447.9931,3601.4700,59.5977,181.5821,Deutschland 
137891,Deutschland ,German,European,12.3676,486.6953,58.8372,20.9165,Deutschland 
137892,Deutschland ,German,European,323.8089,2570.7611,77.1820,111.9557,Deutschland 
137893,Deutschland ,German,European,112.7344,987.6002,10.1728,59.3722,Deutschland 
137894,Deutschland ,German,European,108.3540,2664.2026,157.2389,182.1103,Deutschland 
137895,Deutschland ,German,European,198.1874,1793.0150,41.0796,99.6952,Deutschland 
137896,Deutschland ,German,European,61.0851,350.7500,10.0240,9.3745,Deutschland 
137897,Deutschland ,German,European,34.0268,964.9396,22.5734,83.4836,Deutschland 
137898,Deutschland ,German,European,9174.8048,40053.8772,821.0660,553.0131,Deutschland 
137899,Deutschland ,German,European,24.7567,454.1975,33.8120,25.1505,Deutschland 
137900,Deutschland ,German,European,20.4341,995.1278,26.8418,90.3305,Deutschland 
137901,Deutschland ,German,European,103.7947,884.8910,9.0767,49.1334,Deutschland 
137902,Deutschland ,German,European,10.7548,533.1104,47.0432,34.8885,Deutschland 
137903,Deutschland ,German,European,60.0797,1468.0562,122.0903,81.3438,Deutschland 
137904,Deutschland ,German,European,7.8570,574.4676,95.1032,16.6667,Deutschland 
137905,Deutschland ,German,European,36.1097,221.9340,5.3499,7.8912,Deutschland 
137906,Deutschland ,German,European,76.3633,340.2042,12.7797,1.9247,Deutschland 
137907,Deutschland ,German,European,44.9611,195.1400,3.0484,0.2480,Deutschland 
137908,Deutschland ,German,European,63.3766,1296.0170,99.6841,74.0256,Deutschland 
137909,Deutschland ,German,European,153.5414,2789.9200,219.9851,138.2016,Deutschland 
137910,Deutschland ,German,European,60.5078,1150.9510,42.0963,85.6343,Deutschland 
137911,Deutschland ,German,European,386.5249,3205.6200,77.1411,156.5969,Deutschland 
137912,Deutschland ,German,European,385.4371,4315.4160,194.2797,242.7952,Deutschland 
137913,Deutschland ,German,European,101.0717,2612.5645,64.9168,225.1846,Deutschland 
137914,Deutschland ,German,European,30.1548,1685.9115,67.5874,142.5779,Deutschland 
137915,Deutschland ,German,European,403.0250,4127.9040,61.0539,264.7296,Deutschland 
137916,Deutschland ,German,European,140.8702,571.4590,2.2802,0.6355,Deutschland 
137917,Deutschland ,German,European,57.2728,650.4372,42.9241,35.3936,Deutschland 
137918,Deutschland ,German,European,830.8644,8640.6260,54.0400,571.2614,Deutschland 
137919,Deutschland ,German,European,36.9738,1726.7584,63.4429,146.0684,Deutschland 
137920,Deutschland ,German,European,61.8703,1461.9325,272.6709,7.7130,Deutschland 
137921,Deutschland ,German,European,205.8415,2789.8789,94.0226,186.3383,Deutschland 
137922,Deutschland ,German,European,0.1305,235.3640,0.0981,27.2219,Deutschland 
137923,Deutschland ,German,European,487.4120,3888.0700,6.7785,229.8714,Deutschland 
137924,Deutschland ,German,European,213.1118,3197.1540,212.7750,187.5300,Deutschland 
137925,Deutschland ,German,European,665.3524,4352.1607,82.0173,167.8055,Deutschland 
137926,Deutschland ,German,European,43.4683,747.8632,44.9787,48.6481,Deutschland 
137927,Deutschland ,German,European,57.4843,1437.4908,120.9807,80.5835,Deutschland 
137928,Deutschland ,German,European,54.4096,1212.0600,27.6108,104.9062,Deutschland 
137929,Deutschland ,German,European,39.5814,808.4042,13.7105,70.9572,Deutschland 
137930,Deutschland ,German,European,70.2792,1556.3950,19.3090,136.1338,Deutschland 
137931,Deutschland ,German,European,,,,,Deutschland 
137932,Deutschland ,German,European,70.5111,1880.3243,77.8279,145.8877,Deutschland 
137933,Deutschland ,German,European,180.7018,2818.7354,33.2049,226.1007,Deutschland 
137934,Deutschland ,German,European,211.0590,3528.8400,95.7777,273.8412,Deutschland 
137935,Deutschland ,German,European,392.7863,2740.0145,64.9011,106.3712,Deutschland 
137936,Deutschland ,German,European,58.0107,1857.1344,101.7786,138.9826,Deutschland 
137937,Deutschland ,German,European,74.2562,979.0213,131.4673,13.8854,Deutschland 
137938,Deutschland ,German,European,124.9020,730.3880,16.7830,23.2314,Deutschland 
137939,Deutschland ,German,European,86.2708,1874.2614,73.8320,139.5945,Deutschland 
137940,Deutschland ,German,European,33642.7760,200822.6990,6094.3792,4415.2062,Deutschland 
137941,Deutschland ,German,European,0.0000,0.0000,0.0000,0.0000,Deutschland 
137942,Deutschland ,German,European,24.5707,334.4218,51.2806,3.9784,Deutschland 
137943,Deutschland ,German,European,573.9434,4975.9152,132.0899,252.4631,Deutschland 
137944,Deutschland ,German,European,38.5299,1024.4875,30.6714,85.5153,Deutschland 
137945,Deutschland ,German,European,75.3699,536.6150,15.3798,15.9654,Deutschland 
137946,Deutschland ,German,European,670.4294,3888.3851,48.0206,125.9436,Deutschland 
137947,Deutschland ,German,European,10687.2573,143228.4783,2283.0239,11038.9885,Deutschland 
137948,Deutschland ,German,European,269.9831,2281.8480,65.4144,113.4170,Deutschland 
137949,Deutschland ,German,European,26213.5174,122789.1288,764.7031,1813.8334,Deutschland 
137950,Deutschland ,German,European,737.2369,4519.5060,96.0043,136.4196,Deutschland 
137951,Deutschland ,German,European,125.0392,1750.5620,53.1193,118.6000,Deutschland 
137952,Deutschland ,German,European,24.0279,1531.8620,85.0440,120.8835,Deutschland 
137953,Deutschland ,German,European,12.5872,327.6050,47.2047,8.5042,Deutschland 
137954,Deutschland ,German,European,243.2135,2116.7630,16.5582,129.2953,Deutschland 
137955,Deutschland ,German,European,68.0536,584.7557,9.2863,34.1250,Deutschland 
137956,Deutschland ,German,European,373.4698,1849.6320,35.4942,20.7319,Deutschland 
137957,Deutschland ,German,European,472.2727,2579.3200,73.8135,50.6692,Deutschland 
137958,Deutschland ,German,European,102.2049,705.5518,19.7479,24.7259,Deutschland 
137959,Deutschland ,German,European,666.2945,6036.8182,415.3590,184.1730,Deutschland 
137960,Deutschland ,German,European,88.0019,1851.2948,69.2985,138.9929,Deutschland 
137961,Deutschland ,German,European,237.9567,1884.0500,5.2416,103.6983,Deutschland 
137962,Deutschland ,German,European,13.7251,3823.4517,211.3394,318.3394,Deutschland 
137963,Deutschland ,German,European,44898.6510,175077.4500,1.4175,1.4715,Deutschland 
137964,Deutschland ,German,European,111.3617,1549.7275,133.9472,74.4510,Deutschland 
137965,Deutschland ,German,European,22.6270,827.7050,42.3857,65.9744,Deutschland 
137966,Deutschland ,German,European,929.7790,5178.7475,79.7944,126.3410,Deutschland 
137967,Deutschland ,German,European,106.0517,2492.9460,28.9451,220.9272,Deutschland 
137968,Deutschland ,German,European,47.0893,764.8695,64.0436,39.5184,Deutschland 
137969,Deutschland ,German,European,2.9106,2735.8920,151.9747,230.7751,Deutschland 
137970,Deutschland ,German,European,91.0965,1947.7250,235.2025,67.6705,Deutschland 
137971,Deutschland ,German,European,109.7245,6915.5809,362.4886,553.3466,Deutschland 
137972,Deutschland ,German,European,2329.6858,10473.5660,291.8528,69.7450,Deutschland 
137973,Deutschland ,German,European,624.8611,3929.8231,105.2120,118.5533,Deutschland 
137974,Deutschland ,German,European,13.8731,236.9447,2.2136,20.8324,Deutschland 
137975,Deutschland ,German,European,220.8404,2614.6603,88.0595,161.7744,Deutschland 
137976,Deutschland ,German,European,4.3200,858.0000,75.3600,57.0600,Deutschland 
137977,Deutschland ,German,European,9.1958,1246.0459,269.3511,6.8187,Deutschland 
137978,Deutschland ,German,European,59.9145,4724.4479,210.4043,406.4986,Deutschland 
137979,Deutschland ,German,European,68.7207,1944.3840,48.9570,164.7791,Deutschland 
137980,Deutschland ,German,European,204.2889,1547.0319,49.6065,60.1943,Deutschland 
137981,Deutschland ,German,European,39.1771,1120.0345,34.0299,97.3811,Deutschland 
137982,Deutschland ,German,European,150.5391,830.7617,42.5081,10.2678,Deutschland 
137983,Deutschland ,German,European,380.0765,30621.2294,442.6123,3070.7502,Deutschland 
137984,Deutschland ,German,European,285.0527,1961.3149,42.7884,85.7742,Deutschland 
137985,Deutschland ,German,European,14.7686,698.6000,28.0260,59.6544,Deutschland 
137986,Deutschland ,German,European,28.8250,361.6172,5.5806,27.8532,Deutschland 
137987,Deutschland ,German,European,362.3015,3976.1440,68.9433,262.4198,Deutschland 
137988,Deutschland ,German,European,115.2596,1902.6800,123.8092,114.3540,Deutschland 
137989,Deutschland ,German,European,45.2837,2290.3950,155.6467,162.9442,Deutschland 
137990,Deutschland ,German,European,368.1566,2358.4820,102.4950,55.6899,Deutschland 
137991,Deutschland ,German,European,5.2996,28.9700,1.4792,0.7778,Deutschland 
137992,Deutschland ,German,European,77.9769,683.6080,26.4478,29.0225,Deutschland 
137993,Deutschland ,German,European,1.5784,5.0325,0.0801,0.0549,Deutschland 
137994,Deutschland ,German,European,73.0303,343.0800,3.8430,3.9894,Deutschland 
137995,Deutschland ,German,European,891.2130,5733.3022,89.7421,223.9936,Deutschland 
137996,Deutschland ,German,European,250.6437,1652.0650,29.7721,63.6164,Deutschland 
137997,Deutschland ,German,European,10.8252,662.8399,6.3293,68.6801,Deutschland 
137998,Deutschland ,German,European,46.0507,487.9095,18.3470,30.3717,Deutschland 
137999,Deutschland ,German,European,14.9038,251.2180,8.2422,18.9858,Deutschland 
138000,Deutschland ,German,European,356.2098,1960.8900,10.9789,62.1840,Deutschland 
138001,Deutschland ,German,European,106.2673,2237.6427,25.0478,204.4745,Deutschland 
138002,Deutschland ,German,European,11.3771,946.4438,89.4769,57.9086,Deutschland 
138003,Deutschland ,German,European,129.8483,1486.4341,31.0067,90.4057,Deutschland 
138004,Deutschland ,German,European,67.4174,341.1989,5.6134,8.1225,Deutschland 
138005,Deutschland ,German,European,444.7987,2103.9210,36.0611,28.9271,Deutschland 
138006,Deutschland ,German,European,1402.9061,30897.1160,688.4925,2666.8057,Deutschland 
138007,Deutschland ,German,European,815.7816,7167.0928,124.2178,371.6065,Deutschland 
138008,Deutschland ,German,European,64740.2798,290078.3680,3174.6062,1668.8131,Deutschland 
138009,Deutschland ,German,European,78.4045,721.3280,16.8518,38.5522,Deutschland 
138010,Deutschland ,German,European,176.8360,694.1000,1.5476,2.7551,Deutschland 
138011,Deutschland ,German,European,370.6396,2284.7830,46.1090,73.5278,Deutschland 
138012,Deutschland ,German,European,149.2278,1017.2610,22.5861,42.6442,Deutschland 
138013,Deutschland ,German,European,175.0390,1345.2600,32.0330,62.6407,Deutschland 
138014,Deutschland ,German,European,564.0560,3866.8000,124.5880,120.5720,Deutschland 
138015,Deutschland ,German,European,18.0887,1815.9303,195.6009,102.9739,Deutschland 
138016,Deutschland ,German,European,7.2972,55.2672,5.8141,0.2097,Deutschland 
138017,Deutschland ,German,European,2.0637,223.2427,39.6491,5.2891,Deutschland 
138018,Deutschland ,German,European,569.4154,3552.9620,54.4762,116.1394,Deutschland 
138019,Deutschland ,German,European,256.7052,7465.9910,348.6516,563.2549,Deutschland 
138020,Deutschland ,German,European,52.9781,513.7550,17.5569,26.5899,Deutschland 
138021,Deutschland ,German,European,0.0000,37.8250,8.4150,0.2125,Deutschland 
138022,Deutschland ,German,European,278.1637,1123.0600,5.7000,1.7824,Deutschland 
138023,Deutschland ,German,European,1042.4657,5321.9150,39.3440,108.7627,Deutschland 
138024,Deutschland ,German,European,170.6145,3109.1595,378.6558,99.9093,Deutschland 
138025,Deutschland ,German,European,17.1171,444.0700,33.5092,27.0856,Deutschland 
138026,Deutschland ,German,European,116.8538,933.5916,26.2939,47.1257,Deutschland 
138027,Deutschland ,German,European,374.1469,1764.2690,38.4548,18.4948,Deutschland 
138028,Deutschland ,German,European,89.1935,2350.5468,315.7402,85.5791,Deutschland 
138029,Deutschland ,German,European,415.3038,3356.3355,37.1642,190.6641,Deutschland 
138030,Deutschland ,German,European,173.3908,2344.0769,174.4049,103.7325,Deutschland 
138031,Deutschland ,German,European,330.5123,2753.8350,48.2847,147.9376,Deutschland 
138032,Deutschland ,German,European,109.0698,2619.3013,35.3987,233.8553,Deutschland 
138033,Deutschland ,German,European,40.2920,1122.8240,88.6712,65.9075,Deutschland 
138034,Deutschland ,German,European,630.7944,249976.3575,10146.1776,22655.9242,Deutschland 
138035,Deutschland ,German,European,116.1602,9457.6276,382.5750,818.4853,Deutschland 
138036,Deutschland ,German,European,772.5211,5660.6607,119.6511,242.1890,Deutschland 
138037,Deutschland ,German,European,90.0353,404.7730,8.0038,0.7605,Deutschland 
138038,Deutschland ,German,European,0.0000,119.3400,0.0000,13.5000,Deutschland 
138039,Deutschland ,German,European,38.1786,1564.8407,119.2795,103.9066,Deutschland 
138040,Deutschland ,German,European,362.8649,3360.8333,144.5575,160.4519,Deutschland 
138041,Deutschland ,German,European,1.4498,852887.1273,31548.9859,79551.0253,Deutschland 
138042,Deutschland ,German,European,102.7339,539.2200,0.2868,0.0000,Deutschland 
138043,Deutschland ,German,European,85.2934,2340.2093,384.2870,39.2242,Deutschland 
138044,Deutschland ,German,European,420.0104,2921.9767,45.9773,130.4728,Deutschland 
138045,Deutschland ,German,European,281.0696,3181.2222,58.9086,208.8606,Deutschland 
138046,Deutschland ,German,European,83.2638,1048.1755,38.5384,63.4631,Deutschland 
138047,Deutschland ,German,European,89.1929,1348.8258,186.4387,24.8989,Deutschland 
138048,Deutschland ,German,European,64.4644,1396.2298,55.6374,101.6696,Deutschland 
138049,Deutschland ,German,European,55466.2674,425536.2300,2727.8445,21772.7341,Deutschland 
138050,Deutschland ,German,European,132.7665,2334.4968,128.5680,142.9538,Deutschland 
138051,Deutschland ,German,European,613.3268,6184.4800,168.0616,369.6380,Deutschland 
138052,Deutschland ,German,European,91.4866,1564.2232,26.3671,125.2847,Deutschland 
138053,Deutschland ,German,European,268.6111,2088.0880,32.6867,100.7264,Deutschland 
138054,Deutschland ,German,European,9.1767,251.3641,19.4575,14.4146,Deutschland 
138055,Deutschland ,German,European,189.7814,2529.8315,79.6553,166.8397,Deutschland 
138056,Deutschland ,German,European,26.2826,1316.9916,65.2645,104.5733,Deutschland 
138057,Deutschland ,German,European,282.8833,3168.6207,175.9851,146.3182,Deutschland 
138058,Deutschland ,German,European,544.3437,3594.7232,243.3389,57.4912,Deutschland 
138059,Deutschland ,German,European,44.2093,201.7525,9.6195,0.7848,Deutschland 
138060,Deutschland ,German,European,115.8029,1626.5288,110.7447,78.7459,Deutschland 
138061,Deutschland ,German,European,,,,,Deutschland 
138062,Deutschland ,German,European,779.7880,7291.0137,131.7765,439.8840,Deutschland 
138063,Deutschland ,German,European,471.4819,3213.8700,61.5865,129.4675,Deutschland 
138064,Deutschland ,German,European,468.0054,3751.0230,24.7458,202.3754,Deutschland 
138065,Deutschland ,German,European,21.2982,89.5400,1.9344,0.4637,Deutschland 
138066,Deutschland ,German,European,45.8156,3184.0961,405.1235,157.3536,Deutschland 
138067,Deutschland ,German,European,24.1177,157.6467,6.2788,5.0202,Deutschland 
138068,Deutschland ,German,European,559.2116,3250.1254,36.5536,97.3648,Deutschland 
138069,Deutschland ,German,European,63336.6225,289372.8900,4713.2011,1129.3780,Deutschland 
138070,Deutschland ,German,European,39.8300,4113.6743,331.1235,284.7280,Deutschland 
138071,Deutschland ,German,European,79.4091,1283.1133,16.9907,103.5335,Deutschland 
138072,Deutschland ,German,European,14.7542,344.8460,11.7360,26.7493,Deutschland 
138073,Deutschland ,German,European,445.8695,3421.2641,58.9790,163.5873,Deutschland 
138074,Deutschland ,German,European,371.3570,3185.8907,305.0486,44.8422,Deutschland 
138075,Deutschland ,German,European,73.3483,2037.4766,282.9539,63.4158,Deutschland 
138076,Deutschland ,German,European,157.3224,15236.8937,627.8802,1325.2475,Deutschland 
138077,Deutschland ,German,European,28898.0025,139908.0000,1482.3975,2372.4000,Deutschland 
138078,Deutschland ,German,European,484.9226,4135.9660,23.7985,251.9572,Deutschland 
138079,Deutschland ,German,European,68.9403,388.9550,13.1372,8.1760,Deutschland 
138080,Deutschland ,German,European,567.1161,5039.3349,181.4444,234.8195,Deutschland 
138081,Deutschland ,German,European,12049.2000,47000.0000,6.7000,3.0000,Deutschland 
138082,Deutschland ,German,European,160.1993,3389.2850,258.6745,187.1955,Deutschland 
138083,Deutschland ,German,European,1082.9369,6795.9577,262.6298,141.2681,Deutschland 
138084,Deutschland ,German,European,27.7624,426.3260,15.2145,30.8070,Deutschland 
138085,Deutschland ,German,European,732.3683,4676.8860,44.5801,188.5505,Deutschland 
138086,Deutschland ,German,European,330.7175,27690.9292,1604.2924,2259.7627,Deutschland 
138087,Deutschland ,German,European,127.8683,1773.2062,59.3004,125.1842,Deutschland 
138088,Deutschland ,German,European,576.4032,3194.1481,58.8753,74.1970,Deutschland 
138089,Deutschland ,German,European,,,,,Deutschland 
138090,Deutschland ,German,European,178.9558,3359.4850,222.7144,192.3273,Deutschland 
138091,Deutschland ,German,European,37.6893,314.3200,16.9646,10.3705,Deutschland 
138092,Deutschland ,German,European,819.2063,3550.0005,44.0084,19.8217,Deutschland 
138093,Deutschland ,German,European,269.4924,1357.2247,35.8865,13.2804,Deutschland 
138094,Deutschland ,German,European,363.8314,2319.1240,58.9665,73.0822,Deutschland 
138095,Deutschland ,German,European,29.5199,1619.2134,85.3642,131.4536,Deutschland 
138096,Deutschland ,German,European,214.1490,906.9750,10.3418,8.1776,Deutschland 
138097,Deutschland ,German,European,266.8250,2278.8300,49.1379,120.0283,Deutschland 
138098,Deutschland ,German,European,83.6210,2902.4150,28.5970,281.3360,Deutschland 
138099,Deutschland ,German,European,727.7885,5568.0960,32.7930,288.1485,Deutschland 
138100,Deutschland ,German,European,31.3074,1091.4310,61.9553,80.9199,Deutschland 
138101,Deutschland ,German,European,33.6164,1710.1850,190.4895,87.1850,Deutschland 
138102,Deutschland ,German,European,770.1642,5378.1258,74.6505,240.9014,Deutschland 
138103,Deutschland ,German,European,540.9863,4720.8983,84.3041,267.3608,Deutschland 
138104,Deutschland ,German,European,0.7200,741.6000,12.7513,77.4880,Deutschland 
138105,Deutschland ,German,European,734.8309,3431.7137,48.8345,31.4395,Deutschland 
138106,Deutschland ,German,European,135.4653,2247.7400,35.6280,183.2337,Deutschland 
138107,Deutschland ,German,European,69.6016,350.9125,8.7198,1.9405,Deutschland 
138108,Deutschland ,German,European,33.3981,2075.8465,113.5927,165.1819,Deutschland 
138109,Deutschland ,German,European,124.2239,1847.3692,10.4653,150.5334,Deutschland 
138110,Deutschland ,German,European,45.4856,1008.6471,185.9041,6.5381,Deutschland 
138111,Deutschland ,German,European,30.8360,1736.7788,93.8860,135.6264,Deutschland 
138112,Deutschland ,German,European,744.1680,3656.1350,136.0901,18.9017,Deutschland 
138113,Deutschland ,German,European,17.4901,425.5240,12.8295,35.5651,Deutschland 
138114,Deutschland ,German,European,393.6380,3269.0500,127.4457,129.2859,Deutschland 
138115,Deutschland ,German,European,19627.0269,80137.7720,1497.3467,507.8532,Deutschland 
138116,Deutschland ,German,European,629.8831,3695.3633,52.3994,128.0000,Deutschland 
138117,Deutschland ,German,European,80.5493,380.6663,9.3713,3.3559,Deutschland 
138118,Deutschland ,German,European,390.2561,2860.6793,35.4176,136.7005,Deutschland 
138119,Deutschland ,German,European,102.8927,3169.5746,269.5999,178.7641,Deutschland 
138120,Deutschland ,German,European,124.7922,2315.7190,123.1811,163.4953,Deutschland 
138121,Deutschland ,German,European,15.4107,214.6400,7.5160,15.2094,Deutschland 
138122,Deutschland ,German,European,100.9369,390.5622,0.1544,0.0267,Deutschland 
138123,Deutschland ,German,European,47754.5774,222523.6470,3715.2352,1301.6551,Deutschland 
138124,Deutschland ,German,European,365.9367,2273.2507,76.8695,69.1352,Deutschland 
138125,Deutschland ,German,European,76.3375,1977.6949,201.5771,93.5866,Deutschland 
138126,Deutschland ,German,European,27.9564,111.4048,0.0486,0.0132,Deutschland 
138127,Deutschland ,German,European,4678.6637,36319.6000,2557.9787,975.6580,Deutschland 
138128,Deutschland ,German,European,88.7764,9257.9383,374.9293,810.7157,Deutschland 
138129,Deutschland ,German,European,825.8543,4518.4873,52.3751,134.4950,Deutschland 
138130,Deutschland ,German,European,25.9687,1129.7559,203.1086,20.3765,Deutschland 
138131,Deutschland ,German,European,50.0243,1692.7516,154.7606,94.6729,Deutschland 
138132,Deutschland ,German,European,53.4191,682.0277,74.1975,19.0381,Deutschland 
138133,Deutschland ,German,European,526.2145,2110.6959,2.6230,1.6493,Deutschland 
138134,Deutschland ,German,European,361.6236,2213.6980,43.3330,69.3536,Deutschland 
138135,Deutschland ,German,European,10.8398,116.3880,7.5212,4.8714,Deutschland 
138136,Deutschland ,German,European,1002.4003,7301.4200,61.6725,338.3612,Deutschland 
138137,Deutschland ,German,European,36.8957,602.6425,27.9864,39.8356,Deutschland 
138138,Deutschland ,German,European,38.1968,1724.1978,116.3885,126.5651,Deutschland 
138139,Deutschland ,German,European,41.3172,165.1860,0.0000,0.0000,Deutschland 
138140,Deutschland ,German,European,52.8909,2365.2300,102.2349,192.0733,Deutschland 
138141,Deutschland ,German,European,82395.6300,589783.6000,2667.3700,27824.9500,Deutschland 
138142,Deutschland ,German,European,38.3048,744.5790,53.7060,44.3100,Deutschland 
138143,Deutschland ,German,European,6.1139,552.8558,6.8975,57.1904,Deutschland 
138144,Deutschland ,German,European,520.5464,3647.7460,25.3065,163.5009,Deutschland 
138145,Deutschland ,German,European,1.1240,489.0065,37.1190,37.1050,Deutschland 
138146,Deutschland ,German,European,160.0650,2249.1560,81.7899,146.4559,Deutschland 
138147,Deutschland ,German,European,41.9387,1740.7153,108.9083,127.7144,Deutschland 
138148,Deutschland ,German,European,124.6963,3864.7567,66.2334,356.5690,Deutschland 
138149,Deutschland ,German,European,1084.9407,6011.0402,111.1832,118.8209,Deutschland 
138150,Deutschland ,German,European,1.8680,64.0640,0.2379,6.3867,Deutschland 
138151,Deutschland ,German,European,631.4220,3085.4032,75.3741,31.2514,Deutschland 
138152,Deutschland ,German,European,398.1804,2798.9847,214.4251,33.4273,Deutschland 
138153,Deutschland ,German,European,17.5756,300.7840,1.2308,25.7140,Deutschland 
138154,Deutschland ,German,European,225.0307,1696.4194,44.6866,72.3057,Deutschland 
138155,Deutschland ,German,European,1.7045,207.8205,45.0478,1.1688,Deutschland 
138156,Deutschland ,German,European,56163.8784,427483.2817,1234.1835,22189.6042,Deutschland 
138157,Deutschland ,German,European,280.0645,1402.5000,21.0577,32.3512,Deutschland 
138158,Deutschland ,German,European,3.6290,857.3600,1.5498,93.3354,Deutschland 
138159,Deutschland ,German,European,2.1323,3753.8550,18.8934,414.3016,Deutschland 
138160,Deutschland ,German,European,57.8100,1421.8353,25.3170,129.2556,Deutschland 
138161,Deutschland ,German,European,4.0115,0.0000,0.0000,0.0000,Deutschland 
138162,Deutschland ,German,European,29.2500,2395.1399,352.6791,92.3484,Deutschland 
138163,Deutschland ,German,European,772.9590,7090.4840,100.3445,414.4474,Deutschland 
138164,Deutschland ,German,European,73.7289,1055.5303,18.9716,78.1178,Deutschland 
138165,Deutschland ,German,European,4.8317,72.8900,3.6089,4.3006,Deutschland 
138166,Deutschland ,German,European,780.9510,3172.4950,8.9280,4.5632,Deutschland 
138167,Deutschland ,German,European,220.1119,1193.2921,21.8771,32.1163,Deutschland 
138168,Deutschland ,German,European,178.1438,1420.0830,41.0739,61.5773,Deutschland 
138169,Deutschland ,German,European,103629.4668,450388.0840,4702.7524,1124.0938,Deutschland 
138170,Deutschland ,German,European,20.5011,2940.4244,172.1475,237.2296,Deutschland 
138171,Deutschland ,German,European,,,,,Deutschland 
138172,Deutschland ,German,European,790.2953,8657.4926,51.1754,595.4140,Deutschland 
138173,Deutschland ,German,European,118.5201,979.0800,42.7834,40.3310,Deutschland 
138174,Deutschland ,German,European,230.5475,2091.5630,36.7190,111.2870,Deutschland 
138175,Deutschland ,German,European,80.8325,1365.7507,49.7420,101.2292,Deutschland 
138176,Deutschland ,German,European,37.3104,1662.6140,75.9014,133.8536,Deutschland 
138177,Deutschland ,German,European,37.5081,1613.6190,123.8982,111.3614,Deutschland 
138178,Deutschland ,German,European,379.0645,6676.6777,33.2954,569.7349,Deutschland 
138179,Deutschland ,German,European,41.6989,168.8013,3.1816,0.7466,Deutschland 
138180,Deutschland ,German,European,44.6283,1171.7533,75.2119,82.7912,Deutschland 
138181,Deutschland ,German,European,757.3764,4081.5445,124.0771,77.3928,Deutschland 
138182,Deutschland ,German,European,12.4545,137.5975,13.1003,4.0129,Deutschland 
138183,Deutschland ,German,European,22.5576,1112.4272,8.9789,112.0881,Deutschland 
138184,Deutschland ,German,European,77.7113,677.5600,26.4465,29.0212,Deutschland 
138185,Deutschland ,German,European,84.0339,7086.4598,255.7081,636.6227,Deutschland 
138186,Deutschland ,German,European,115.8069,647.4924,23.6528,13.9370,Deutschland 
138187,Deutschland ,German,European,28.5971,113.4790,0.0534,0.0366,Deutschland 
138188,Deutschland ,German,European,74.5181,904.6088,40.8845,49.0067,Deutschland 
138189,Deutschland ,German,European,344.8308,3874.2164,131.2647,217.4672,Deutschland 
138190,Deutschland ,German,European,31.6334,142.5917,5.3255,0.7794,Deutschland 
138191,Deutschland ,German,European,32.3346,1067.4512,15.8691,100.5974,Deutschland 
138192,Deutschland ,German,European,169.0465,1697.7300,52.5186,95.0718,Deutschland 
138193,Deutschland ,German,European,62.6762,973.3944,25.4040,68.4924,Deutschland 
138194,Deutschland ,German,European,12.3832,291.8400,20.2460,17.4888,Deutschland 
138195,Deutschland ,German,European,124.2611,849.4561,31.9967,28.7703,Deutschland 
138196,Deutschland ,German,European,201.2219,812.4965,1.3041,0.4876,Deutschland 
138197,Deutschland ,German,European,21.1762,149.4490,2.4957,5.7316,Deutschland 
138198,Deutschland ,German,European,50.3411,223.0941,6.7136,1.6151,Deutschland 
138199,Deutschland ,German,European,163.0111,2288.4093,366.1871,13.4691,Deutschland 
138200,Deutschland ,German,European,93.0616,1140.5365,50.0220,64.5860,Deutschland 
138201,Deutschland ,German,European,627.2150,5443.6520,82.6883,298.9278,Deutschland 
138202,Deutschland ,German,European,,,,,Deutschland 
138203,Deutschland ,German,European,347.7985,2559.5048,33.5052,121.7262,Deutschland 
138204,Deutschland ,German,European,80.3497,619.4796,25.4665,22.7113,Deutschland 
138205,Deutschland ,German,European,587.5872,3611.4400,152.1616,88.4040,Deutschland 
138206,Deutschland ,German,European,728.4568,4887.2224,109.5616,181.9738,Deutschland 
138207,Deutschland ,German,European,241.5992,5528.4099,47.1818,497.7646,Deutschland 
138208,Deutschland ,German,European,435.7882,2391.7979,61.2043,41.3316,Deutschland 
138209,Deutschland ,German,European,2863.4152,94744.2748,5344.6850,6936.3265,Deutschland 
138210,Deutschland ,German,European,64.3843,353.0481,11.4796,5.5374,Deutschland 
138211,Deutschland ,German,European,523.6402,3046.3455,64.8120,80.5520,Deutschland 
138212,Deutschland ,German,European,56.8573,3678.4580,192.6230,294.1175,Deutschland 
138213,Deutschland ,German,European,30.4732,1084.7458,62.3195,81.0070,Deutschland 
138214,Deutschland ,German,European,49251.7088,208002.8360,1436.7976,356.2440,Deutschland 
138215,Deutschland ,German,European,81.5369,8885.0254,344.3206,789.0565,Deutschland 
138216,Deutschland ,German,European,296.0219,1698.9930,59.1347,34.9335,Deutschland 
138217,Deutschland ,German,European,579.0909,5131.9778,62.0604,315.9373,Deutschland 
138218,Deutschland ,German,European,78.0713,749.0600,32.7265,33.7762,Deutschland 
138219,Deutschland ,German,European,78.0371,3962.1183,137.5027,344.3471,Deutschland 
138220,Deutschland ,German,European,64.9447,885.3750,12.1755,66.0404,Deutschland 
138221,Deutschland ,German,European,86.3863,3421.1640,31.7520,333.0152,Deutschland 
138222,Deutschland ,German,European,67.4045,269.3004,0.0243,0.0066,Deutschland 
138223,Deutschland ,German,European,,,,,Deutschland 
138224,Deutschland ,German,European,27.3384,808.8227,19.5919,73.1522,Deutschland 
138225,Deutschland ,German,European,71.8078,866.1032,36.4420,51.9547,Deutschland 
138226,Deutschland ,German,European,202.7209,966.7495,14.0672,10.6512,Deutschland 
138227,Deutschland ,German,European,,,,,Deutschland 
138228,Deutschland ,German,European,163.9996,1669.1200,70.7960,81.9524,Deutschland 
138229,Deutschland ,German,European,34.7595,1332.7057,34.6067,117.4187,Deutschland 
138230,Deutschland ,German,European,19.4204,694.9739,93.7614,24.3817,Deutschland 
138231,Deutschland ,German,European,87.1591,647.2583,41.4780,20.3431,Deutschland 
138232,Deutschland ,German,European,293.5509,1902.0780,40.3482,66.1405,Deutschland 
138233,Deutschland ,German,European,24.7762,376.6543,52.0476,6.3409,Deutschland 
138234,Deutschland ,German,European,30.2780,404.5232,12.5047,28.9897,Deutschland 
138235,Deutschland ,German,European,54450.2330,294864.2260,4357.6177,6210.0019,Deutschland 
138236,Deutschland ,German,European,147.4810,2672.6149,45.6322,214.7954,Deutschland 
138237,Deutschland ,German,European,445.2806,2253.1573,73.9464,21.3631,Deutschland 
138238,Deutschland ,German,European,31.7637,1611.2670,212.4797,67.9341,Deutschland 
138239,Deutschland ,German,European,6.1831,95.7610,3.1846,7.2226,Deutschland 
138240,Deutschland ,German,European,32.0973,511.6279,37.0340,27.6731,Deutschland 
138241,Deutschland ,German,European,133.5123,2603.3444,196.5710,138.3469,Deutschland 
138242,Deutschland ,German,European,69.2923,675.3550,34.5134,32.5366,Deutschland 
138243,Deutschland ,German,European,31.7147,827.6232,104.7955,30.8926,Deutschland 
138244,Deutschland ,German,European,129.5313,1875.5380,11.8918,149.6325,Deutschland 
138245,Deutschland ,German,European,7.2456,47.4650,4.1692,0.6136,Deutschland 
138246,Deutschland ,German,European,11.8664,1156.0300,38.9253,105.3283,Deutschland 
138247,Deutschland ,German,European,350.5303,2839.2814,83.7108,139.9125,Deutschland 
138248,Deutschland ,German,European,84.1133,453.0188,11.6021,7.7184,Deutschland 
138249,Deutschland ,German,European,20.5480,986.1140,90.5077,57.9624,Deutschland 
138250,Deutschland ,German,European,270.9853,2004.8867,51.3195,93.7678,Deutschland 
138251,Deutschland ,German,European,2.2227,50.1900,0.0000,0.0000,Deutschland 
138252,Deutschland ,German,European,387.8785,2024.0906,42.4428,52.1189,Deutschland 
138253,Deutschland ,German,European,70.1720,499.7139,8.7918,23.8832,Deutschland 
138254,Deutschland ,German,European,223.0792,1188.5650,29.9890,18.0939,Deutschland 
138255,Deutschland ,German,European,206.3597,1169.4200,16.2236,29.1842,Deutschland 
138256,Deutschland ,German,European,301.1138,1750.1565,28.7349,52.6528,Deutschland 
138257,Deutschland ,German,European,57.9279,521.4250,10.8294,28.8375,Deutschland 
138258,Deutschland ,German,European,36.3043,751.8605,26.0700,59.1155,Deutschland 
138259,Deutschland ,German,European,1.2276,548.5160,13.0676,54.9120,Deutschland 
138260,Deutschland ,German,European,62.9632,1508.5000,214.2048,40.0500,Deutschland 
138261,Deutschland ,German,European,506.6174,3914.0879,38.9884,218.9663,Deutschland 
138262,Deutschland ,German,European,88.8619,7662.4569,313.5496,662.9417,Deutschland 
138263,Deutschland ,German,European,346.3097,6244.5476,228.1034,444.6288,Deutschland 
138264,Deutschland ,German,European,55.6004,6492.1300,279.6113,564.2169,Deutschland 
138265,Deutschland ,German,European,11993.9625,46839.2500,1.0375,8.4950,Deutschland 
138266,Deutschland ,German,European,33.2260,2887.3099,144.1967,239.1585,Deutschland 
138267,Deutschland ,German,European,3523.6563,162697.5193,2306.2975,15870.8642,Deutschland 
138268,Deutschland ,German,European,271.8772,1276.7700,20.9071,9.0593,Deutschland 
138269,Deutschland ,German,European,252.4472,2743.3037,85.6283,166.1380,Deutschland 
138270,Deutschland ,German,European,73.3898,1713.2696,94.5493,118.1331,Deutschland 
138271,Deutschland ,German,European,5.1890,603.0891,15.6833,58.3527,Deutschland 
138272,Deutschland ,German,European,264.5234,1733.3720,52.1352,49.1163,Deutschland 
138273,Deutschland ,German,European,571.2543,3102.6990,54.0667,68.4183,Deutschland 
138274,Deutschland ,German,European,232.1602,1848.1200,41.6254,88.6756,Deutschland 
138275,Deutschland ,German,European,55.0202,1023.2895,14.4897,90.9820,Deutschland 
138276,Deutschland ,German,European,171.1177,2676.9591,143.5139,157.2193,Deutschland 
138277,Deutschland ,German,European,331.7983,2184.8727,48.3536,77.3456,Deutschland 
138278,Deutschland ,German,European,93.6071,1727.7875,50.8301,136.0067,Deutschland 
138279,Deutschland ,German,European,36.6742,947.8400,48.8350,70.1988,Deutschland 
138280,Deutschland ,German,European,84.1346,1443.5500,86.7824,84.4367,Deutschland 
138281,Deutschland ,German,European,108.0083,5348.3188,242.9280,434.1526,Deutschland 
138282,Deutschland ,German,European,223.9850,3146.0175,305.2171,112.0701,Deutschland 
138283,Deutschland ,German,European,31.3144,845.7495,24.1098,67.3998,Deutschland 
138284,Deutschland ,German,European,38.9249,476.9072,1.6536,25.8275,Deutschland 
138285,Deutschland ,German,European,17958.6000,73556.0000,0.0000,400.0000,Deutschland 
138286,Deutschland ,German,European,507.8850,2504.1809,82.3892,16.3647,Deutschland 
138287,Deutschland ,German,European,30.3302,2740.7248,439.7061,94.9976,Deutschland 
138288,Deutschland ,German,European,112.3917,1242.4801,23.5578,81.1143,Deutschland 
138289,Deutschland ,German,European,201.7831,1055.7622,27.8448,15.7269,Deutschland 
138290,Deutschland ,German,European,245.3834,1386.3580,25.6248,30.6011,Deutschland 
138291,Deutschland ,German,European,1291.1535,7827.6320,93.4161,251.7035,Deutschland 
138292,Deutschland ,German,European,199.0290,813.3873,1.0758,2.4997,Deutschland 
138293,Deutschland ,German,European,17.5413,1215.9778,20.6079,118.3863,Deutschland 
138294,Deutschland ,German,European,22.0594,2505.1336,117.8776,217.2521,Deutschland 
138295,Deutschland ,German,European,63.4294,5941.7206,229.1904,528.8099,Deutschland 
138296,Deutschland ,German,European,75.2398,338.5437,1.9317,4.9365,Deutschland 
138297,Deutschland ,German,European,54.2872,1203.8400,48.7420,94.2888,Deutschland 
138298,Deutschland ,German,European,11.3837,2651.1456,132.0344,232.8334,Deutschland 
138299,Deutschland ,German,European,29.4365,129.0900,3.9860,0.6640,Deutschland 
138300,Deutschland ,German,European,314.9385,4730.3781,277.6653,249.9013,Deutschland 
138301,Deutschland ,German,European,57.5899,464.8423,6.9513,23.5233,Deutschland 
138302,Deutschland ,German,European,131.6660,2239.4285,123.1579,141.0204,Deutschland 
138303,Deutschland ,German,European,13477.2380,58417.7619,869.5958,789.5229,Deutschland 
138304,Deutschland ,German,European,152.8404,693.7800,12.4760,2.3786,Deutschland 
138305,Deutschland ,German,European,209.1017,1461.2475,7.1835,68.8184,Deutschland 
138306,Deutschland ,German,European,109.1283,2765.1070,86.2288,220.6043,Deutschland 
138307,Deutschland ,German,European,12.1887,303.2795,2.6147,27.7187,Deutschland 
138308,Deutschland ,German,European,3.1056,1166.1112,19.1119,123.7142,Deutschland 
138309,Deutschland ,German,European,345.0410,1402.2916,4.6429,2.9846,Deutschland 
138310,Deutschland ,German,European,374.3375,2294.9950,53.7013,65.7712,Deutschland 
138311,Deutschland ,German,European,34.1987,696.5455,8.2453,59.1854,Deutschland 
138312,Deutschland ,German,European,187.0768,2621.8623,173.4932,131.7594,Deutschland 
138313,Deutschland ,German,European,91.5319,550.0780,20.3355,10.7668,Deutschland 
138314,Deutschland ,German,European,14033.7496,59255.5864,1280.5310,609.2859,Deutschland 
138315,Deutschland ,German,European,176.5914,2149.9809,150.2868,88.7883,Deutschland 
138316,Deutschland ,German,European,35.4972,149.8304,5.6050,0.9541,Deutschland 
138317,Deutschland ,German,European,1.6239,286.7216,25.1499,19.0294,Deutschland 
138318,Deutschland ,German,European,668.8121,3369.9167,109.9231,28.6163,Deutschland 
138319,Deutschland ,German,European,804.1437,5334.7850,117.9475,191.3495,Deutschland 
138320,Deutschland ,German,European,24.9736,1041.9937,101.5333,59.5428,Deutschland 
138321,Deutschland ,German,European,618.5425,4343.4120,92.9485,175.4807,Deutschland 
138322,Deutschland ,German,European,93.4665,1202.0440,61.5118,63.8304,Deutschland 
138323,Deutschland ,German,European,132.4237,1153.4924,29.0065,60.3133,Deutschland 
138324,Deutschland ,German,European,1028.6463,4463.2110,4.0884,46.2360,Deutschland 
138325,Deutschland ,German,European,880.6603,4362.1804,104.8311,62.8242,Deutschland 
138326,Deutschland ,German,European,37.6463,1530.1445,105.1966,111.7806,Deutschland 
138327,Deutschland ,German,European,56.0007,378.3722,6.9539,15.5181,Deutschland 
138328,Deutschland ,German,European,151.0210,868.3795,23.0824,21.1517,Deutschland 
138329,Deutschland ,German,European,506.4030,3404.7825,75.8529,130.3531,Deutschland 
138330,Deutschland ,German,European,683.9895,9143.0700,79.0773,683.8035,Deutschland 
138331,Deutschland ,German,European,905.5123,4041.0202,145.5870,3.9903,Deutschland 
138332,Deutschland ,German,European,29.9725,280.7120,9.9708,17.0594,Deutschland 
138333,Deutschland ,German,European,59.2870,1166.0583,42.9030,89.4639,Deutschland 
138334,Deutschland ,German,European,29.5488,385.6240,7.9840,26.4030,Deutschland 
138335,Deutschland ,German,European,40211.5926,167242.6920,352.6350,726.7600,Deutschland 
138336,Deutschland ,German,European,239.6306,1088.2580,6.1900,5.8131,Deutschland 
138337,Deutschland ,German,European,253.6497,1370.0800,36.1931,31.2034,Deutschland 
138338,Deutschland ,German,European,106.5898,3462.3888,375.0223,155.1153,Deutschland 
138339,Deutschland ,German,European,26.3469,303.1600,6.1455,22.9092,Deutschland 
138340,Deutschland ,German,European,255.6278,4169.0802,57.0845,335.5642,Deutschland 
138341,Deutschland ,German,European,341.6390,2221.5695,71.9383,62.1275,Deutschland 
138342,Deutschland ,German,European,411.4589,3811.2493,41.0686,231.5188,Deutschland 
138343,Deutschland ,German,European,42.5810,314.6578,10.2124,0.4619,Deutschland 
138344,Deutschland ,German,European,245.5356,1419.5677,26.8969,36.7161,Deutschland 
138345,Deutschland ,German,European,15.0332,406.8000,8.4003,36.7758,Deutschland 
138346,Deutschland ,German,European,970.4698,5189.3882,86.9977,113.0608,Deutschland 
138347,Deutschland ,German,European,114.9709,461.8108,1.3023,2.7432,Deutschland 
138348,Deutschland ,German,European,929.9167,5886.6754,116.8804,199.9414,Deutschland 
138349,Deutschland ,German,European,379.1047,2913.0260,75.1969,127.3145,Deutschland 
138350,Deutschland ,German,European,10.5082,1505.9193,94.1271,121.3814,Deutschland 
138351,Deutschland ,German,European,463.0072,1886.1860,6.9730,5.1455,Deutschland 
138352,Deutschland ,German,European,9.7020,166.8713,20.5965,5.3466,Deutschland 
138353,Deutschland ,German,European,55.6383,228.5975,5.3599,0.6146,Deutschland 
138354,Deutschland ,German,European,496.3366,3733.2875,107.3054,154.9389,Deutschland 
138355,Deutschland ,German,European,103.4571,505.8244,17.1697,4.2295,Deutschland 
138356,Deutschland ,German,European,16.1604,4962.9695,247.2521,434.0300,Deutschland 
138357,Deutschland ,German,European,161.5914,1213.9463,34.6398,47.6575,Deutschland 
138358,Deutschland ,German,European,39.6037,320.1220,37.5912,1.3835,Deutschland 
138359,Deutschland ,German,European,60.8917,1903.6709,127.1503,132.0147,Deutschland 
138360,Deutschland ,German,European,49.0857,1005.8800,31.3872,79.8182,Deutschland 
138361,Deutschland ,German,European,21.1250,1645.4599,68.0471,142.8709,Deutschland 
138362,Deutschland ,German,European,9.3005,2007.5200,25.6638,209.8648,Deutschland 
138363,Deutschland ,German,European,957.9218,6960.3240,67.5447,330.7376,Deutschland 
138364,Deutschland ,German,European,18.7545,89.5510,2.9824,1.3401,Deutschland 
138365,Deutschland ,German,European,973.5496,5507.5800,99.1880,138.4394,Deutschland 
138366,Deutschland ,German,European,32.3894,967.8822,85.0868,55.5796,Deutschland 
138367,Deutschland ,German,European,675.6658,6043.7845,130.3120,337.2414,Deutschland 
138368,Deutschland ,German,European,1020.1209,8527.0407,221.0143,407.0044,Deutschland 
138369,Deutschland ,German,European,851.6439,3773.5945,100.2547,5.5515,Deutschland 
138370,Deutschland ,German,European,88.7005,2451.7168,25.4393,148.0643,Deutschland 
138371,Deutschland ,German,European,298.9713,1974.1427,38.3498,75.8915,Deutschland 
138372,Deutschland ,German,European,428.8303,2079.1597,82.1584,28.3809,Deutschland 
138373,Deutschland ,German,European,69.8543,506.5600,21.1035,14.6212,Deutschland 
138374,Deutschland ,German,European,321.2931,1371.8654,12.6414,4.6111,Deutschland 
138375,Deutschland ,German,European,58.7605,407.5579,11.2892,18.9457,Deutschland 
138376,Deutschland ,German,European,11.3681,48.1960,0.2076,0.0407,Deutschland 
138377,Deutschland ,German,European,289.1749,3250.0622,36.9585,226.4170,Deutschland 
138378,Deutschland ,German,European,744.0557,3500.9300,12.4071,51.9366,Deutschland 
138379,Deutschland ,German,European,373.6444,2646.7962,45.0691,112.2327,Deutschland 
138380,Deutschland ,German,European,52.5395,951.6913,35.3372,68.9279,Deutschland 
138381,Deutschland ,German,European,645.7504,5426.3027,53.1381,298.5498,Deutschland 
138382,Deutschland ,German,European,14.9440,64.0000,1.7600,0.1600,Deutschland 
138383,Deutschland ,German,European,55.0842,1318.9072,128.5465,70.5675,Deutschland 
138384,Deutschland ,German,European,68.4580,1475.5135,11.1839,130.7996,Deutschland 
138385,Deutschland ,German,European,,,,,Deutschland 
138386,Deutschland ,German,European,450.7104,2746.0380,72.8200,71.3640,Deutschland 
138387,Deutschland ,German,European,1053.5683,5970.8926,206.3291,105.4342,Deutschland 
138388,Deutschland ,German,European,856.7614,5686.1270,72.6963,230.8941,Deutschland 
138389,Deutschland ,German,European,26.4541,813.6654,36.6426,64.2293,Deutschland 
138390,Deutschland ,German,European,54.0054,1203.4225,74.5886,78.3292,Deutschland 
138391,Deutschland ,German,European,151.8985,606.7217,0.0356,0.0244,Deutschland 
138392,Deutschland ,German,European,78.5212,1600.9821,74.0369,111.6231,Deutschland 
138393,Deutschland ,German,European,99.3216,2525.8956,71.2191,211.7586,Deutschland 
138394,Deutschland ,German,European,2145.0193,91145.2500,1124.2184,8901.1738,Deutschland 
138395,Deutschland ,German,European,16.9517,1867.7739,178.3034,115.7848,Deutschland 
138396,Deutschland ,German,European,667.9974,3323.9100,40.6318,65.4031,Deutschland 
138397,Deutschland ,German,European,6.3293,1474.4949,203.1529,70.6319,Deutschland 
138398,Deutschland ,German,European,11.9788,1121.7790,93.0362,77.2495,Deutschland 
138399,Deutschland ,German,European,37079.0266,168722.4500,2468.9905,807.6874,Deutschland 
138400,Deutschland ,German,European,89.2452,3497.5722,169.5831,269.7495,Deutschland 
138401,Deutschland ,German,European,317.7285,2509.5550,32.2329,122.3031,Deutschland 
138402,Deutschland ,German,European,310.9908,5045.6851,219.7820,352.3330,Deutschland 
138403,Deutschland ,German,European,10.6417,1044.7724,105.8539,66.7234,Deutschland 
138404,Deutschland ,German,European,587.3774,5171.7460,47.0480,293.5008,Deutschland 
138405,Deutschland ,German,European,980.7082,5675.2875,84.9527,151.6078,Deutschland 
138406,Deutschland ,German,European,155.5920,2251.8400,19.4320,178.3570,Deutschland 
138407,Deutschland ,German,European,44.2464,605.6120,7.1934,45.3014,Deutschland 
138408,Deutschland ,German,European,83.8059,1870.9390,252.9940,55.2425,Deutschland 
138409,Deutschland ,German,European,0.7394,311.7248,6.3536,31.7765,Deutschland 
138410,Deutschland ,German,European,0.7768,187.0923,6.4151,10.3702,Deutschland 
138411,Deutschland ,German,European,26.7098,118.2000,3.2978,0.1942,Deutschland 
138412,Deutschland ,German,European,37.7721,544.4795,5.9991,43.4150,Deutschland 
138413,Deutschland ,German,European,214.5350,2152.9470,120.7404,86.2825,Deutschland 
138414,Deutschland ,German,European,11.3771,946.4438,89.4769,57.9086,Deutschland 
138415,Deutschland ,German,European,672.6175,4030.7820,62.1597,115.1652,Deutschland 
138416,Deutschland ,German,European,63.8338,1682.8541,36.4422,145.5817,Deutschland 
138417,Deutschland ,German,European,181.1399,3269.2450,34.8918,278.0256,Deutschland 
138418,Deutschland ,German,European,143.5342,1889.1007,204.4953,50.8514,Deutschland 
138419,Deutschland ,German,European,46.2057,966.4973,48.7260,71.8041,Deutschland 
138420,Deutschland ,German,European,363.0864,1585.7600,16.3310,7.4236,Deutschland 
138421,Deutschland ,German,European,19.3149,751.0062,92.5890,31.3018,Deutschland 
138422,Deutschland ,German,European,23.0131,2913.3408,492.9090,95.7496,Deutschland 
138423,Deutschland ,German,European,2.1600,429.0000,37.6800,28.5300,Deutschland 
138424,Deutschland ,German,European,214.0683,2209.1960,28.3125,146.3558,Deutschland 
138425,Deutschland ,German,European,135.5323,958.7740,23.3205,34.5946,Deutschland 
138426,Deutschland ,German,European,89.4216,363.6413,0.8505,1.0693,Deutschland 
138427,Deutschland ,German,European,3.4783,212.2010,0.8623,22.1308,Deutschland 
138428,Deutschland ,German,European,2833.1323,11304.4212,27.2949,7.4431,Deutschland 
138429,Deutschland ,German,European,320.6222,2929.4427,44.8484,174.5739,Deutschland 
138430,Deutschland ,German,European,0.6371,1.2190,0.0000,0.0000,Deutschland 
138431,Deutschland ,German,European,68.9155,1163.8858,23.8963,91.6519,Deutschland 
138432,Deutschland ,German,European,46.2324,194.7610,1.8030,0.5443,Deutschland 
138433,Deutschland ,German,European,27.2609,701.7950,118.3338,13.9221,Deutschland 
138434,Deutschland ,German,European,172.6763,2192.0913,74.5433,136.5585,Deutschland 
138435,Deutschland ,German,European,3.5629,15.5375,0.1586,0.2355,Deutschland 
138436,Deutschland ,German,European,1792.6304,11594.6333,206.8455,432.3963,Deutschland 
138437,Deutschland ,German,European,49.9446,240.6420,5.7430,2.8958,Deutschland 
138438,Deutschland ,German,European,40.3066,3112.9013,104.7256,274.6744,Deutschland 
138439,Deutschland ,German,European,73.4539,2231.9131,148.6163,145.9745,Deutschland 
138440,Deutschland ,German,European,40.6020,2861.1808,155.6856,230.8220,Deutschland 
138441,Deutschland ,German,European,108.0702,2704.1285,139.0321,196.9063,Deutschland 
138442,Deutschland ,German,European,55.0896,1988.2480,0.0000,200.0000,Deutschland 
138443,Deutschland ,German,European,43.3462,2983.1202,184.3305,224.3149,Deutschland 
138444,Deutschland ,German,European,309.3869,4320.4753,90.5728,318.4072,Deutschland 
138445,Deutschland ,German,European,16.8599,1530.5224,194.8181,72.5859,Deutschland 
138446,Deutschland ,German,European,472.8419,3462.6000,42.3206,175.0300,Deutschland 
138447,Deutschland ,German,European,89.1385,3040.5908,169.3144,223.5207,Deutschland 
138448,Deutschland ,German,European,67.7323,379.6683,14.9303,6.0857,Deutschland 
138449,Deutschland ,German,European,83.5538,1348.6956,154.3657,46.1532,Deutschland 
138450,Deutschland ,German,European,27.5331,373.4400,31.7392,14.3209,Deutschland 
138451,Deutschland ,German,European,74.0852,808.6013,22.9640,48.2295,Deutschland 
138452,Deutschland ,German,European,235.6951,1362.6266,30.3930,39.0478,Deutschland 
138453,Deutschland ,German,European,73.6018,1948.2058,366.9876,10.5227,Deutschland 
138454,Deutschland ,German,European,86.3601,1109.6145,18.6710,68.4174,Deutschland 
138455,Deutschland ,German,European,80.3492,417.9285,11.0111,5.5606,Deutschland 
138456,Deutschland ,German,European,51.2541,7640.8775,467.6501,607.2993,Deutschland 
138457,Deutschland ,German,European,122.4247,2266.4390,36.3953,186.0225,Deutschland 
138458,Deutschland ,German,European,238.0266,9736.7037,357.9072,818.4222,Deutschland 
138459,Deutschland ,German,European,54.5831,230.2385,5.2984,0.7228,Deutschland 
138460,Deutschland ,German,European,164.6713,1010.0021,60.0732,13.3597,Deutschland 
138461,Deutschland ,German,European,568.7544,3022.6068,94.2907,53.9117,Deutschland 
138462,Deutschland ,German,European,52262.0600,232974.1100,2872.7570,928.3750,Deutschland 
138463,Deutschland ,German,European,215.7411,1846.6136,62.3432,88.1524,Deutschland 
138464,Deutschland ,German,European,379.1289,3206.4505,107.4558,157.2808,Deutschland 
138465,Deutschland ,German,European,758.7145,4651.0476,100.6763,139.6855,Deutschland 
138466,Deutschland ,German,European,3727.4787,20783.1300,179.2964,584.6126,Deutschland 
138467,Deutschland ,German,European,33.2840,356.2733,10.5587,21.1670,Deutschland 
138468,Deutschland ,German,European,20.5115,469.8438,19.8171,36.5979,Deutschland 
138469,Deutschland ,German,European,509.2921,3306.5822,27.1084,141.0506,Deutschland 
138470,Deutschland ,German,European,109.8150,15133.0051,481.9495,1403.9296,Deutschland 
138471,Deutschland ,German,European,160.7531,946.3422,25.1498,23.2644,Deutschland 
138472,Deutschland ,German,European,,,,,Deutschland 
138473,Deutschland ,German,European,82.3889,1006.6870,42.2898,59.8316,Deutschland 
138474,Deutschland ,German,European,27.4125,235.9893,4.4288,14.1244,Deutschland 
138475,Deutschland ,German,European,22.1268,935.3176,88.6859,53.4376,Deutschland 
138476,Deutschland ,German,European,17559.0624,165050.3133,5744.9489,8156.2876,Deutschland 
138477,Deutschland ,German,European,814.2454,5634.3269,147.2335,206.6620,Deutschland 
138478,Deutschland ,German,European,56.8622,3608.1070,269.9883,250.8683,Deutschland 
138479,Deutschland ,German,European,2.1600,915.1400,37.6800,82.5177,Deutschland 
138480,Deutschland ,German,European,76.7871,3261.9044,398.5256,150.0771,Deutschland 
138481,Deutschland ,German,European,1311.1764,5724.6577,33.2512,42.9428,Deutschland 
138482,Deutschland ,German,European,10.2691,274.7762,8.1917,22.9190,Deutschland 
138483,Deutschland ,German,European,287.5060,2688.9400,101.4610,137.7753,Deutschland 
138484,Deutschland ,German,European,237.8974,2842.7325,49.2713,198.5948,Deutschland 
138485,Deutschland ,German,European,38.5897,1118.0735,64.9080,80.4921,Deutschland 
138486,Deutschland ,German,European,39.1794,1625.3928,63.3356,138.0565,Deutschland 
138487,Deutschland ,German,European,101.5502,1199.9638,51.3426,67.9582,Deutschland 
138488,Deutschland ,German,European,76.9156,5362.2494,285.8677,426.5658,Deutschland 
138489,Deutschland ,German,European,180.0282,1710.9468,105.0016,59.5222,Deutschland 
138490,Deutschland ,German,European,8389.3900,43148.1667,2257.7550,91.7967,Deutschland 
138491,Deutschland ,German,European,16156.2562,161721.2107,57.8959,10962.6770,Deutschland 
138492,Deutschland ,German,European,1.9183,11.5290,0.1896,0.6724,Deutschland 
138493,Deutschland ,German,European,49.2627,732.0865,4.9243,60.4684,Deutschland 
138494,Deutschland ,German,European,114.1031,2090.0876,26.6106,170.9850,Deutschland 
138495,Deutschland ,German,European,234.8050,1567.0900,37.9900,54.9536,Deutschland 
138496,Deutschland ,German,European,11.5465,328.0000,22.2815,21.5350,Deutschland 
138497,Deutschland ,German,European,848.0725,5638.2260,114.1809,209.7776,Deutschland 
138498,Deutschland ,German,European,32.8183,414.6275,12.9254,26.4406,Deutschland 
138499,Deutschland ,German,European,23.6772,2514.8403,396.1043,83.1436,Deutschland 
138500,Deutschland ,German,European,287.0748,2314.1316,31.6933,118.1701,Deutschland 
138501,Deutschland ,German,European,12.3785,408.7300,1.3167,40.6832,Deutschland 
138502,Deutschland ,German,European,38.2896,430.1400,21.6936,20.7206,Deutschland 
138503,Deutschland ,German,European,8.8999,174.8812,13.3897,9.5987,Deutschland 
138504,Deutschland ,German,European,1.4400,1183.9000,25.4070,120.9870,Deutschland 
138505,Deutschland ,German,European,105.7972,785.7164,14.3586,38.6232,Deutschland 
138506,Deutschland ,German,European,764.2272,5100.6600,159.5736,161.8419,Deutschland 
138507,Deutschland ,German,European,384.9003,2644.4550,23.4923,113.6213,Deutschland 
138508,Deutschland ,German,European,479.8754,3438.2260,54.2311,152.3917,Deutschland 
138509,Deutschland ,German,European,66.5036,1044.9943,29.9341,74.4550,Deutschland 
138510,Deutschland ,German,European,39.8677,171.4919,4.2934,0.7841,Deutschland 
138511,Deutschland ,German,European,52.8919,793.7565,33.5863,53.2380,Deutschland 
138512,Deutschland ,German,European,99.0141,2335.4628,102.5355,179.5601,Deutschland 
138513,Deutschland ,German,European,783.6121,5113.8117,76.2368,187.3613,Deutschland 
138514,Deutschland ,German,European,1.0752,350.2800,10.6008,33.3396,Deutschland 
138515,Deutschland ,German,European,362.7941,3862.1610,80.1246,244.9303,Deutschland 
138516,Deutschland ,German,European,236.6092,16001.2839,689.6657,1345.7457,Deutschland 
138517,Deutschland ,German,European,35.2897,484.5048,27.8929,25.4848,Deutschland 
138518,Deutschland ,German,European,269.5890,3177.8700,43.1735,225.1215,Deutschland 
138519,Deutschland ,German,European,16.6047,278.3060,20.6029,14.4450,Deutschland 
138520,Deutschland ,German,European,88488.7884,377150.8760,3159.9200,2022.4000,Deutschland 
138521,Deutschland ,German,European,303.3254,3228.0497,357.8235,53.9712,Deutschland 
138522,Deutschland ,German,European,51.8232,609.7817,20.9821,37.8249,Deutschland 
138523,Deutschland ,German,European,478.9955,4808.9104,131.2208,296.3756,Deutschland 
138524,Deutschland ,German,European,35.7978,460.3963,18.9999,30.3183,Deutschland 
138525,Deutschland ,German,European,25.2030,568.6381,11.6398,50.6098,Deutschland 
138526,Deutschland ,German,European,1028.2864,7962.7040,54.0644,418.2069,Deutschland 
138527,Deutschland ,German,European,42.8513,1470.9398,108.3789,99.4843,Deutschland 
138528,Deutschland ,German,European,31986.7962,145984.5760,714.3428,1838.6186,Deutschland 
138529,Deutschland ,German,European,171.9832,1114.0058,32.7076,33.9212,Deutschland 
138530,Deutschland ,German,European,931.3402,6732.4720,58.4130,309.3134,Deutschland 
138531,Deutschland ,German,European,657.7566,3044.7900,62.1126,25.9419,Deutschland 
138532,Deutschland ,German,European,111.2350,2225.4755,64.0066,184.2130,Deutschland 
138533,Deutschland ,German,European,20.4342,238.3705,8.9660,14.6165,Deutschland 
138534,Deutschland ,German,European,3.5589,1086.6220,80.6690,80.8268,Deutschland 
138535,Deutschland ,German,European,336.2517,3434.4320,13.5800,238.6645,Deutschland 
138536,Deutschland ,German,European,78.0713,749.0600,32.7265,33.7762,Deutschland 
138537,Deutschland ,German,European,22.1706,652.0680,50.3533,40.4873,Deutschland 
138538,Deutschland ,German,European,32.0318,361.4600,24.3400,16.9490,Deutschland 
138539,Deutschland ,German,European,38.6363,938.3962,104.6788,41.1757,Deutschland 
138540,Deutschland ,German,European,100.3869,1008.2997,54.4207,46.8419,Deutschland 
138541,Deutschland ,German,European,46.9680,708.6861,95.2010,10.9743,Deutschland 
138542,Deutschland ,German,European,47790.7130,239722.4196,4231.6825,2947.5740,Deutschland 
138543,Deutschland ,German,European,56.3771,818.0612,37.1600,51.5124,Deutschland 
138544,Deutschland ,German,European,9016.7216,40231.2080,711.7500,224.2900,Deutschland 
138545,Deutschland ,German,European,,,,,Deutschland 
138546,Deutschland ,German,European,82.6836,451.3640,8.8189,9.6701,Deutschland 
138547,Deutschland ,German,European,123.1278,1478.8838,55.3361,88.9765,Deutschland 
138548,Deutschland ,German,European,65.6504,1240.6650,74.4879,78.3125,Deutschland 
138549,Deutschland ,German,European,3.4667,14.8965,0.2112,0.1532,Deutschland 
138550,Deutschland ,German,European,7.5581,1543.4144,211.6697,69.0220,Deutschland 
138551,Deutschland ,German,European,0.0000,18.9125,4.2075,0.1062,Deutschland 
138552,Deutschland ,German,European,13.8140,1375.3806,157.7035,75.5719,Deutschland 
138553,Deutschland ,German,European,120.6304,574.1232,5.6841,5.8823,Deutschland 
138554,Deutschland ,German,European,206.0776,2483.3784,180.8274,105.1418,Deutschland 
138555,Deutschland ,German,European,185.2954,1663.3600,30.8868,89.1256,Deutschland 
138556,Deutschland ,German,European,199.0591,1626.2860,33.1641,88.9376,Deutschland 
138557,Deutschland ,German,European,567.5808,3010.4810,101.8388,30.1900,Deutschland 
138558,Deutschland ,German,European,18.1471,1567.2338,82.7787,127.9129,Deutschland 
138559,Deutschland ,German,European,24.4194,488.4208,29.0268,32.2853,Deutschland 
138560,Deutschland ,German,European,105.2028,3847.2645,133.4874,320.6157,Deutschland 
138561,Deutschland ,German,European,111.5735,2115.0783,173.2266,111.0892,Deutschland 
138562,Deutschland ,German,European,66.0650,14818.0000,447.0510,1403.5620,Deutschland 
138563,Deutschland ,German,European,30.0323,1762.4564,82.8658,148.5522,Deutschland 
138564,Deutschland ,German,European,820.4422,5836.3194,133.3856,235.9570,Deutschland 
138565,Deutschland ,German,European,20245.2996,80918.4808,2.0646,0.7972,Deutschland 
138566,Deutschland ,German,European,111.2141,1217.6770,38.8940,79.8673,Deutschland 
138567,Deutschland ,German,European,141.9053,2003.3822,44.6294,150.8716,Deutschland 
138568,Deutschland ,German,European,18.3975,105.9575,4.6043,1.8280,Deutschland 
138569,Deutschland ,German,European,226.4882,1289.1463,48.9743,21.2673,Deutschland 
138570,Deutschland ,German,European,29.6878,130.1827,5.3377,0.7450,Deutschland 
138571,Deutschland ,German,European,432.3189,3749.4080,42.7198,210.7652,Deutschland 
138572,Deutschland ,German,European,75.3557,583.2555,22.9169,21.6889,Deutschland 
138573,Deutschland ,German,European,27.3852,719.4060,22.7485,58.7368,Deutschland 
138574,Deutschland ,German,European,7580.7046,423402.9660,17618.2321,35825.7132,Deutschland 
138575,Deutschland ,German,European,10.2613,315.5400,15.2642,24.6478,Deutschland 
138576,Deutschland ,German,European,31.9904,686.6610,21.5027,57.6344,Deutschland 
138577,Deutschland ,German,European,122.3696,13718.4751,568.4236,1199.4185,Deutschland 
138578,Deutschland ,German,European,164.7189,1818.8615,23.1083,123.1593,Deutschland 
138579,Deutschland ,German,European,69.6344,289.7300,1.8260,0.1600,Deutschland 
138580,Deutschland ,German,European,72.8684,801.3275,65.7484,27.4325,Deutschland 
138581,Deutschland ,German,European,511.5718,3516.2196,84.9939,132.2778,Deutschland 
138582,Deutschland ,German,European,70.4382,447.1060,15.4455,10.5119,Deutschland 
138583,Deutschland ,German,European,10.2972,1370.0797,104.8507,98.2100,Deutschland 
138584,Deutschland ,German,European,242.0575,2063.3257,41.6501,108.3198,Deutschland 
138585,Deutschland ,German,European,7.6504,1496.5325,208.0491,64.5641,Deutschland 
138586,Deutschland ,German,European,22.7461,597.0199,15.5138,51.5159,Deutschland 
138587,Deutschland ,German,European,4426.2769,36645.1280,305.8547,2425.7381,Deutschland 
138588,Deutschland ,German,European,41.2619,546.3200,22.3186,34.0078,Deutschland 
138589,Deutschland ,German,European,41301.4166,166867.8490,97.0328,140.1588,Deutschland 
138590,Deutschland ,German,European,373.6584,3881.0983,72.1878,248.8163,Deutschland 
138591,Deutschland ,German,European,30.1014,2225.6501,171.9794,152.1900,Deutschland 
138592,Deutschland ,German,European,40.6453,4928.3818,97.5772,487.6660,Deutschland 
138593,Deutschland ,German,European,515.2430,3863.8938,83.1838,182.7587,Deutschland 
138594,Deutschland ,German,European,61.0243,270.6000,6.5898,1.6440,Deutschland 
138595,Deutschland ,German,European,27.1915,1080.1320,49.5117,86.8573,Deutschland 
138596,Deutschland ,German,European,117.4423,514.4608,1.6986,0.1632,Deutschland 
138597,Deutschland ,German,European,805.8771,3733.8610,53.8185,26.3467,Deutschland 
138598,Deutschland ,German,European,86.2179,2613.2684,97.9343,210.9849,Deutschland 
138599,Deutschland ,German,European,185.4153,2117.0204,152.7676,88.9052,Deutschland 
138600,Deutschland ,German,European,41.8712,229.8650,6.6238,3.2723,Deutschland 
138601,Deutschland ,German,European,60.6011,685.0833,15.5376,46.5814,Deutschland 
138602,Deutschland ,German,European,97.8826,1658.3863,283.8523,9.3712,Deutschland 
138603,Deutschland ,German,European,225.3696,1495.8021,5.3985,44.4934,Deutschland 
138604,Deutschland ,German,European,127.4609,722.7238,21.9771,11.8535,Deutschland 
138605,Deutschland ,German,European,57.3570,1404.3680,214.5526,31.8105,Deutschland 
138606,Deutschland ,German,European,24.2739,922.0026,93.9123,50.7712,Deutschland 
138607,Deutschland ,German,European,7.9376,867.7275,34.0464,78.1703,Deutschland 
138608,Deutschland ,German,European,52.3200,2938.9441,77.8982,268.4455,Deutschland 
138609,Deutschland ,German,European,11.5465,328.0000,22.2815,21.5350,Deutschland 
138610,Deutschland ,German,European,44504.1763,245266.4555,4188.9798,6084.4002,Deutschland 
138611,Deutschland ,German,European,352.9927,1815.9935,61.1714,23.0084,Deutschland 
138612,Deutschland ,German,European,1178.2777,8253.2489,97.0845,371.2498,Deutschland 
138613,Deutschland ,German,European,673.7674,4508.7795,44.7346,194.5471,Deutschland 
138614,Deutschland ,German,European,248.3434,3048.3145,119.0031,191.1158,Deutschland 
138615,Deutschland ,German,European,192.1682,18424.8192,755.4846,1603.1512,Deutschland 
138616,Deutschland ,German,European,807.8958,7469.9918,144.2655,455.1158,Deutschland 
138617,Deutschland ,German,European,111.8052,4208.6712,49.9052,416.4377,Deutschland 
138618,Deutschland ,German,European,177.6133,1767.7290,14.2281,112.1894,Deutschland 
138619,Deutschland ,German,European,85.4520,1041.8467,33.5453,68.3870,Deutschland 
138620,Deutschland ,German,European,101.1935,1823.9482,121.8776,108.4329,Deutschland 
138621,Deutschland ,German,European,,,,,Deutschland 
138622,Deutschland ,German,European,110.7013,1366.7471,62.8329,82.4282,Deutschland 
138623,Deutschland ,German,European,121.6111,572.6495,1.7662,8.6694,Deutschland 
138624,Deutschland ,German,European,28.3784,2146.2000,6.8336,227.4132,Deutschland 
138625,Deutschland ,German,European,124.5820,3462.7711,445.6805,124.8612,Deutschland 
138626,Deutschland ,German,European,195.3520,797.0338,0.4081,0.1993,Deutschland 
138627,Deutschland ,German,European,80.7547,9198.0535,373.5580,807.6759,Deutschland 
138628,Deutschland ,German,European,462.7741,4249.1610,80.1246,244.9303,Deutschland 
138629,Deutschland ,German,European,45498.2973,210408.0960,2455.0825,1857.1585,Deutschland 
138630,Deutschland ,German,European,243.8635,1566.1075,13.9737,63.1797,Deutschland 
138631,Deutschland ,German,European,77.5711,660.7650,19.7129,34.0032,Deutschland 
138632,Deutschland ,German,European,54198.1256,218912.0400,296.4180,67.5324,Deutschland 
138633,Deutschland ,German,European,105.5844,9182.7863,376.6977,794.4505,Deutschland 
138634,Deutschland ,German,European,27.9858,407.2865,15.2287,28.0988,Deutschland 
138635,Deutschland ,German,European,36.7334,1416.6571,138.1912,79.8018,Deutschland 
138636,Deutschland ,German,European,20.3069,992.9373,57.1927,77.9816,Deutschland 
138637,Deutschland ,German,European,128.3500,2183.4740,73.3692,162.1382,Deutschland 
138638,Deutschland ,German,European,55.5156,400.8520,2.3006,20.7028,Deutschland 
138639,Deutschland ,German,European,12.0510,169.3557,0.0988,13.5594,Deutschland 
138640,Deutschland ,German,European,0.1704,42596.0133,451.2140,4601.6857,Deutschland 
138641,Deutschland ,German,European,28.3633,115.5591,1.7504,0.2228,Deutschland 
138642,Deutschland ,German,European,50.4985,978.6746,129.2680,31.6225,Deutschland 
138643,Deutschland ,German,European,10.0525,825.9607,68.9614,56.2188,Deutschland 
138644,Deutschland ,German,European,305.7676,3506.6988,42.6765,242.6822,Deutschland 
138645,Deutschland ,German,European,61.4724,296.4995,5.6569,5.0294,Deutschland 
138646,Deutschland ,German,European,441.0800,2649.4588,69.8195,76.8588,Deutschland 
138647,Deutschland ,German,European,864.6366,6113.0290,70.2408,267.6223,Deutschland 
138648,Deutschland ,German,European,90.0104,2425.8038,322.0563,78.7285,Deutschland 
138649,Deutschland ,German,European,235.7043,1854.6960,54.9468,80.3878,Deutschland 
138650,Deutschland ,German,European,131.2800,2351.4200,53.2393,189.0790,Deutschland 
138651,Deutschland ,German,European,49.4384,5692.1662,424.3369,414.9425,Deutschland 
138652,Deutschland ,German,European,269.9368,1866.3935,37.1889,83.5556,Deutschland 
138653,Deutschland ,German,European,821.8885,5791.6470,118.3965,238.2576,Deutschland 
138654,Deutschland ,German,European,255.7185,1448.6400,56.6103,35.2580,Deutschland 
138655,Deutschland ,German,European,273.5927,1738.9985,31.2541,59.6859,Deutschland 
138656,Deutschland ,German,European,27.8963,1203.4340,180.3295,43.3627,Deutschland 
138657,Deutschland ,German,European,30.7196,4847.8036,417.2639,330.2691,Deutschland 
138658,Deutschland ,German,European,13.4136,1061.2942,20.1239,103.0334,Deutschland 
138659,Deutschland ,German,European,108.3396,419.7625,0.1672,0.0045,Deutschland 
138660,Deutschland ,German,European,964.6039,4433.8060,63.8328,28.9961,Deutschland 
138661,Deutschland ,German,European,70.1568,280.8084,0.2750,0.5526,Deutschland 
138662,Deutschland ,German,European,224.8070,1569.5036,92.2174,37.5919,Deutschland 
138663,Deutschland ,German,European,85.9283,920.0600,38.0695,48.1762,Deutschland 
138664,Deutschland ,German,European,121.4720,564.9550,2.7882,1.4390,Deutschland 
138665,Deutschland ,German,European,348.0620,4891.4200,61.1506,377.6404,Deutschland 
138666,Deutschland ,German,European,7.8320,103.5000,7.1600,4.8350,Deutschland 
138667,Deutschland ,German,European,765.5847,6627.5017,90.5853,368.5218,Deutschland 
138668,Deutschland ,German,European,102.4381,621.1000,14.3268,15.0666,Deutschland 
138669,Deutschland ,German,European,38.3070,2267.8998,271.9733,108.2249,Deutschland 
138670,Deutschland ,German,European,108.1360,692.6743,12.3403,25.2879,Deutschland 
138671,Deutschland ,German,European,32.1921,1011.0800,30.0162,86.7261,Deutschland 
138672,Deutschland ,German,European,27.1337,598.4605,2.7405,55.6393,Deutschland 
138673,Deutschland ,German,European,1.2928,227.3058,49.6191,1.2722,Deutschland 
138674,Deutschland ,German,European,62.5010,928.2960,32.6777,64.8610,Deutschland 
138675,Deutschland ,German,European,42.9868,931.1810,39.8492,69.2090,Deutschland 
138676,Deutschland ,German,European,111.3412,495.5263,5.9821,6.7963,Deutschland 
138677,Deutschland ,German,European,583.7077,5889.5245,97.1957,380.5919,Deutschland 
138678,Deutschland ,German,European,34.0967,149.7416,3.8859,0.8038,Deutschland 
138679,Deutschland ,German,European,37.3996,162.3400,8.1106,0.8640,Deutschland 
138680,Deutschland ,German,European,34.7317,159.8671,2.5088,2.3424,Deutschland 
138681,Deutschland ,German,European,1.4400,1483.2000,25.5027,154.9760,Deutschland 
138682,Deutschland ,German,European,8.0889,1171.5250,68.1809,94.3770,Deutschland 
138683,Deutschland ,German,European,465.5979,2719.4390,96.5809,58.0485,Deutschland 
138684,Deutschland ,German,European,129.3213,981.3180,40.4878,41.2760,Deutschland 
138685,Deutschland ,German,European,125.5768,521.4609,3.2110,6.8380,Deutschland 
138686,Deutschland ,German,European,41.9305,535.0000,27.6057,31.9440,Deutschland 
138687,Deutschland ,German,European,483.4276,4431.6806,66.5348,265.7398,Deutschland 
138688,Deutschland ,German,European,35.9574,6584.9359,267.8792,590.2258,Deutschland 
138689,Deutschland ,German,European,30.2520,2282.4311,398.2156,56.0629,Deutschland 
138690,Deutschland ,German,European,17.1822,533.2470,24.1885,43.2548,Deutschland 
138691,Deutschland ,German,European,35.2206,1993.8518,210.3697,112.3891,Deutschland 
138692,Deutschland ,German,European,8.9303,320.3276,17.9087,23.9143,Deutschland 
138693,Deutschland ,German,European,139.3688,1992.7681,96.6950,121.5935,Deutschland 
138694,Deutschland ,German,European,407.3924,3629.3439,150.0620,150.7239,Deutschland 
138695,Deutschland ,German,European,7.8238,325.2920,51.5074,8.6304,Deutschland 
138696,Deutschland ,German,European,255.1184,1019.8375,9.3709,3.6082,Deutschland 
138697,Deutschland ,German,European,44.1039,899.7332,28.9904,69.7218,Deutschland 
138698,Deutschland ,German,European,47.2384,201.0325,1.2587,0.1265,Deutschland 
138699,Deutschland ,German,European,207.1990,1004.2280,19.6297,15.0547,Deutschland 
138700,Deutschland ,German,European,21.0140,1640.6862,27.2712,168.0241,Deutschland 
138701,Deutschland ,German,European,9700.5087,55304.5074,1942.7734,1505.6534,Deutschland 
138702,Deutschland ,German,European,242.6759,14211.0359,584.6855,1195.7477,Deutschland 
138703,Deutschland ,German,European,90.0209,408.3249,3.5741,3.7668,Deutschland 
138704,Deutschland ,German,European,13369.8765,73329.5000,1414.9225,1532.8450,Deutschland 
138705,Deutschland ,German,European,296.5038,9968.3845,91.2826,957.9843,Deutschland 
138706,Deutschland ,German,European,288.1714,2216.1793,52.4623,100.7524,Deutschland 
138707,Deutschland ,German,European,137.0891,800.8517,8.8390,22.7106,Deutschland 
138708,Deutschland ,German,European,211.3987,1342.3900,46.3920,31.5933,Deutschland 
138709,Deutschland ,German,European,5.1620,22.2500,1.1392,0.0890,Deutschland 
138710,Deutschland ,German,European,169.4029,1136.6478,23.9870,38.1554,Deutschland 
138711,Deutschland ,German,European,29.2992,2396.2572,176.5440,172.9042,Deutschland 
138712,Deutschland ,German,European,61.2606,2331.3201,82.5338,192.5949,Deutschland 
138713,Deutschland ,German,European,45.0382,2787.2168,119.9189,234.4984,Deutschland 
138714,Deutschland ,German,European,31.4325,159.7373,2.5620,2.6596,Deutschland 
138715,Deutschland ,German,European,838.2036,6634.0561,111.0934,334.5270,Deutschland 
138716,Deutschland ,German,European,3039.8005,13383.8078,424.3775,42.9225,Deutschland 
138717,Deutschland ,German,European,39.3296,2731.3993,367.7617,109.1533,Deutschland 
138718,Deutschland ,German,European,583.9721,3018.3160,62.8406,40.8032,Deutschland 
138719,Deutschland ,German,European,27.5448,110.1240,0.0000,0.0000,Deutschland 
138720,Deutschland ,German,European,127.1345,4239.1444,170.8376,320.1976,Deutschland 
138721,Deutschland ,German,European,32004.9194,145978.1998,711.9207,1834.6654,Deutschland 
138722,Deutschland ,German,European,47.7475,644.2456,101.0622,4.1043,Deutschland 
138723,Deutschland ,German,European,571.7675,3228.1627,36.3552,106.4737,Deutschland 
138724,Deutschland ,German,European,801.5984,4964.3717,87.1782,158.4496,Deutschland 
138725,Deutschland ,German,European,609.0142,2784.5960,53.3063,6.1422,Deutschland 
138726,Deutschland ,German,European,356.4704,2058.5520,50.7140,51.0018,Deutschland 
138727,Deutschland ,German,European,33.1252,1288.2140,125.0588,72.8256,Deutschland 
138728,Deutschland ,German,European,33663.4125,164734.0000,2825.6625,1825.6550,Deutschland 
138729,Deutschland ,German,European,83.5913,947.1815,113.8551,17.6579,Deutschland 
138730,Deutschland ,German,European,188.4204,3737.3595,402.8616,156.6347,Deutschland 
138731,Deutschland ,German,European,19.2682,508.4325,6.0088,48.2961,Deutschland 
138732,Deutschland ,German,European,0.0000,0.0000,0.0000,0.0000,Deutschland 
138733,Deutschland ,German,European,307.9795,3380.6636,209.0791,150.5612,Deutschland 
138734,Deutschland ,German,European,57.5495,1025.9450,37.0719,71.8014,Deutschland 
138735,Deutschland ,German,European,11.0642,182.1300,5.4497,14.4732,Deutschland 
138736,Deutschland ,German,European,87.7007,2631.8389,78.4263,224.4501,Deutschland 
138737,Deutschland ,German,European,18.7247,612.9700,7.6245,58.2550,Deutschland 
138738,Deutschland ,German,European,86.8477,529.0944,33.7272,5.7466,Deutschland 
138739,Deutschland ,German,European,301.8317,1374.1158,12.1678,16.2649,Deutschland 
138740,Deutschland ,German,European,131.6362,661.6000,6.6835,14.6853,Deutschland 
138741,Deutschland ,German,European,4.9508,209.1940,6.2800,18.2550,Deutschland 
138742,Deutschland ,German,European,43.8617,3633.1828,137.8887,322.7116,Deutschland 
138743,Deutschland ,German,European,202.3255,1484.7831,16.4824,70.7673,Deutschland 
138744,Deutschland ,German,European,99.6339,2416.6641,172.5811,144.9977,Deutschland 
138745,Deutschland ,German,European,110.3118,1028.0376,45.0898,49.1842,Deutschland 
138746,Deutschland ,German,European,180.6325,1818.3627,58.5768,102.4532,Deutschland 
138747,Deutschland ,German,European,93.6844,2573.4250,134.3745,187.9845,Deutschland 
138748,Deutschland ,German,European,153.1019,1043.5782,20.3655,40.9525,Deutschland 
138749,Deutschland ,German,European,11.7293,679.1681,98.0680,27.6954,Deutschland 
138750,Deutschland ,German,European,313.8149,1277.7166,3.9916,2.7216,Deutschland 
138751,Deutschland ,German,European,40.2954,1797.2318,178.1377,98.5789,Deutschland 
138752,Deutschland ,German,European,54.8943,1033.1462,75.7621,59.1008,Deutschland 
138753,Deutschland ,German,European,16.9584,1708.0767,173.6795,103.7154,Deutschland 
138754,Deutschland ,German,European,449.1544,3681.3988,53.6283,199.4199,Deutschland 
138755,Deutschland ,German,European,304.0259,2446.4760,114.3340,89.5760,Deutschland 
138756,Deutschland ,German,European,10.5637,384.1260,30.5238,23.7137,Deutschland 
138757,Deutschland ,German,European,23.1181,451.5995,13.2981,34.0287,Deutschland 
138758,Deutschland ,German,European,26.4912,570.0567,16.7921,44.9327,Deutschland 
138759,Deutschland ,German,European,54.6204,931.5600,27.3516,66.9492,Deutschland 
138760,Deutschland ,German,European,12.2884,1955.8631,184.4471,125.2965,Deutschland 
138761,Deutschland ,German,European,741.9775,4538.3555,98.2914,133.3806,Deutschland 
138762,Deutschland ,German,European,58.0730,722.2355,15.2081,44.8817,Deutschland 
138763,Deutschland ,German,European,17.7485,72.8905,1.6502,3.3157,Deutschland 
138764,Deutschland ,German,European,15.7970,843.4111,52.5129,61.8910,Deutschland 
138765,Deutschland ,German,European,15.3357,306.9820,0.5360,27.4253,Deutschland 
138766,Deutschland ,German,European,25.8240,525.0000,9.4680,44.1960,Deutschland 
138767,Deutschland ,German,European,93.4253,1019.5600,37.1325,57.8212,Deutschland 
138768,Deutschland ,German,European,17.6521,208.6260,1.9146,14.7256,Deutschland 
138769,Deutschland ,German,European,331.5353,2797.4740,147.6950,112.8120,Deutschland 
138770,Deutschland ,German,European,591.4992,4882.7920,202.5916,211.5828,Deutschland 
138771,Deutschland ,German,European,342.8676,1403.1465,4.0332,0.9971,Deutschland 
138772,Deutschland ,German,European,7.4546,707.1912,56.0862,49.0721,Deutschland 
138773,Deutschland ,German,European,17.6248,84.7085,1.8979,0.7231,Deutschland 
138774,Deutschland ,German,European,3.8392,1379.6324,56.8843,124.5372,Deutschland 
138775,Deutschland ,German,European,239.6290,1979.6652,89.0755,72.8805,Deutschland 
138776,Deutschland ,German,European,96052.1134,1415057.7400,60289.2973,85489.9718,Deutschland 
138777,Deutschland ,German,European,390.3412,2408.6640,49.6451,76.6648,Deutschland 
138778,Deutschland ,German,European,14.8675,189.9850,1.4743,15.0104,Deutschland 
138779,Deutschland ,German,European,273.8110,1690.9000,50.6710,41.1310,Deutschland 
138780,Deutschland ,German,European,179.8707,2065.2857,19.2220,146.8654,Deutschland 
138781,Deutschland ,German,European,62.8817,1374.9267,42.4794,108.5444,Deutschland 
138782,Deutschland ,German,European,699.8962,4427.1600,74.2150,149.2117,Deutschland 
138783,Deutschland ,German,European,1.0800,840.8867,18.8400,86.9317,Deutschland 
138784,Deutschland ,German,European,220.7974,2059.3584,81.0501,105.3258,Deutschland 
138785,Deutschland ,German,European,32.2329,1708.7053,113.7556,124.5182,Deutschland 
138786,Deutschland ,German,European,150.2962,738.2750,12.4512,9.6300,Deutschland 
138787,Deutschland ,German,European,35977.7712,143410.6001,36.6197,342.0218,Deutschland 
138788,Deutschland ,German,European,10.6481,247.7109,45.3942,1.3649,Deutschland 
138789,Deutschland ,German,European,674.3375,4596.7800,184.8315,151.1070,Deutschland 
138790,Deutschland ,German,European,165.6380,3114.6975,160.8455,209.0574,Deutschland 
138791,Deutschland ,German,European,97.5321,2191.5723,373.2266,26.6211,Deutschland 
138792,Deutschland ,German,European,1624.5026,9245.8900,161.3264,248.3638,Deutschland 
138793,Deutschland ,German,European,403.1920,1611.9600,0.0000,0.0000,Deutschland 
138794,Deutschland ,German,European,758.6066,3858.5950,48.0894,87.2286,Deutschland 
138795,Deutschland ,German,European,67.7323,379.6683,14.9303,6.0857,Deutschland 
138796,Deutschland ,German,European,475.6959,2282.6304,20.9491,38.3523,Deutschland 
138797,Deutschland ,German,European,52.2580,202.1300,0.0000,0.0000,Deutschland 
138798,Deutschland ,German,European,22.8187,135.9508,5.3553,4.1639,Deutschland 
138799,Deutschland ,German,European,14.9440,64.0000,1.7600,0.1600,Deutschland 
138800,Deutschland ,German,European,106.5139,2879.5473,317.5853,128.6684,Deutschland 
138801,Deutschland ,German,European,134.1581,853.5464,48.1380,26.8084,Deutschland 
138802,Deutschland ,German,European,572.9664,5243.5283,137.7595,287.8428,Deutschland 
138803,Deutschland ,German,European,32.2968,722.2275,33.6356,53.6885,Deutschland 
138804,Deutschland ,German,European,36.5301,623.0340,10.7316,46.3710,Deutschland 
138805,Deutschland ,German,European,25.8553,714.9262,13.8208,60.8466,Deutschland 
138806,Deutschland ,German,European,66.3632,423.0500,12.1164,15.3923,Deutschland 
138807,Deutschland ,German,European,13610.2588,72929.1320,2757.0800,1380.2600,Deutschland 
138808,Deutschland ,German,European,30.2193,1564.5069,108.5142,110.2613,Deutschland 
138809,Deutschland ,German,European,81.9612,577.6400,21.5820,17.9818,Deutschland 
138810,Deutschland ,German,European,72.0713,1937.5820,198.3209,93.7630,Deutschland 
138811,Deutschland ,German,European,141.8660,6401.4239,252.8945,530.0297,Deutschland 
138812,Deutschland ,German,European,47.3783,1008.7427,37.4001,76.3099,Deutschland 
138813,Deutschland ,German,European,267.2081,2682.3910,102.1202,136.7641,Deutschland 
138814,Deutschland ,German,European,25.0925,534.3217,24.1651,39.7742,Deutschland 
138815,Deutschland ,German,European,11.6635,352.3759,19.8481,25.9578,Deutschland 
138816,Deutschland ,German,European,1141.2769,7397.2620,126.3290,272.3736,Deutschland 
138817,Deutschland ,German,European,448.5036,3366.0890,16.0940,174.6885,Deutschland 
138818,Deutschland ,German,European,35.8702,1007.5152,26.6042,89.1689,Deutschland 
138819,Deutschland ,German,European,395.9960,3407.4650,78.8678,188.1751,Deutschland 
138820,Deutschland ,German,European,89.2062,1823.1300,79.7654,130.7890,Deutschland 
138821,Deutschland ,German,European,871.5451,3986.1540,55.4973,26.8551,Deutschland 
138822,Deutschland ,German,European,150.7686,2374.2714,185.3017,117.6066,Deutschland 
138823,Deutschland ,German,European,215.4593,1710.0582,145.4074,38.7943,Deutschland 
138824,Deutschland ,German,European,106.7889,773.7500,12.6555,32.8822,Deutschland 
138825,Deutschland ,German,European,61.5005,3372.5535,135.6581,286.1089,Deutschland 
138826,Deutschland ,German,European,187.9423,2841.0960,64.3980,204.6400,Deutschland 
138827,Deutschland ,German,European,612.7581,2719.1920,42.2730,18.8738,Deutschland 
138828,Deutschland ,German,European,14.9773,674.9652,3.0192,70.0965,Deutschland 
138829,Deutschland ,German,European,0.0000,0.0000,0.0000,0.0000,Deutschland 
138830,Deutschland ,German,European,885.6870,4129.6900,75.6730,24.3219,Deutschland 
138831,Deutschland ,German,European,181.0879,1784.3660,40.9665,106.6030,Deutschland 
138832,Deutschland ,German,European,20.6809,1077.3380,35.6111,95.3640,Deutschland 
138833,Deutschland ,German,European,93.0740,982.7109,20.0338,56.0550,Deutschland 
138834,Deutschland ,German,European,66.8632,1380.5787,9.5725,123.6280,Deutschland 
138835,Deutschland ,German,European,128.5402,3076.5060,56.2788,260.7643,Deutschland 
138836,Deutschland ,German,European,472.7681,2003.5065,8.4441,1.9915,Deutschland 
138837,Deutschland ,German,European,19.1151,228.8875,9.2801,15.1047,Deutschland 
138838,Deutschland ,German,European,638.2561,3681.1380,69.7836,96.3151,Deutschland 
138839,Deutschland ,German,European,19.9520,5410.8589,806.7352,228.7635,Deutschland 
138840,Deutschland ,German,European,550.6640,6148.7565,58.4845,433.1308,Deutschland 
138841,Deutschland ,German,European,522.1580,2548.1160,56.7726,19.5396,Deutschland 
138842,Deutschland ,German,European,152.2705,1598.5625,28.2585,106.0596,Deutschland 
138843,Deutschland ,German,European,10.2740,44.0000,1.2100,0.1100,Deutschland 
138844,Deutschland ,German,European,256.9201,4065.8625,104.5574,302.7169,Deutschland 
138845,Deutschland ,German,European,64.6919,3638.7344,255.7279,262.7584,Deutschland 
138846,Deutschland ,German,European,72.6000,629.9655,26.5196,29.1942,Deutschland 
138847,Deutschland ,German,European,242.2193,1795.6880,54.5935,65.5430,Deutschland 
138848,Deutschland ,German,European,376.2793,3919.1860,52.9328,265.0402,Deutschland 
138849,Deutschland ,German,European,54.7620,320.9690,7.1845,3.0660,Deutschland 
138850,Deutschland ,German,European,49.3161,887.8200,64.8009,50.7792,Deutschland 
138851,Deutschland ,German,European,15.4985,76.2710,3.9090,1.3751,Deutschland 
138852,Deutschland ,German,European,397.2413,2365.7275,64.0411,54.7505,Deutschland 
138853,Deutschland ,German,European,141.3777,9022.5286,335.1820,784.3462,Deutschland 
138854,Deutschland ,German,European,21.3919,158.0208,9.4648,5.9950,Deutschland 
138855,Deutschland ,German,European,31.0053,934.7550,24.6199,77.9144,Deutschland 
138856,Deutschland ,German,European,121.8015,835.4380,21.0347,27.3189,Deutschland 
138857,Deutschland ,German,European,31.8420,249.7103,7.0836,11.2372,Deutschland 
138858,Deutschland ,German,European,200.5103,1789.8800,44.6468,89.9886,Deutschland 
138859,Deutschland ,German,European,38.9289,622.8915,15.0664,44.7598,Deutschland 
138860,Deutschland ,German,European,521.9115,2363.4252,55.8579,10.5081,Deutschland 
138861,Deutschland ,German,European,664.9842,3855.5002,89.7594,81.6191,Deutschland 
138862,Deutschland ,German,European,29.1726,2019.9156,1.3440,213.2649,Deutschland 
138863,Deutschland ,German,European,461.8373,2387.0769,52.3726,36.7467,Deutschland 
138864,Deutschland ,German,European,87.4482,385.7990,3.1262,0.6964,Deutschland 
138865,Deutschland ,German,European,343.5438,1633.0650,20.0457,19.7030,Deutschland 
138866,Deutschland ,German,European,121.2601,1376.7930,41.2532,77.7295,Deutschland 
138867,Deutschland ,German,European,196.4440,1360.1001,36.6886,47.6218,Deutschland 
138868,Deutschland ,German,European,32.7176,200.5412,5.4714,6.3746,Deutschland 
138869,Deutschland ,German,European,71.2727,323.8525,2.7836,1.0133,Deutschland 
138870,Deutschland ,German,European,31.0632,255.5167,7.3351,13.5806,Deutschland 
138871,Deutschland ,German,European,0.0896,421.6380,1.0088,47.3453,Deutschland 
138872,Deutschland ,German,European,65.2961,738.2232,15.6067,44.8376,Deutschland 
138873,Deutschland ,German,European,227.3735,1847.3182,22.0381,94.5587,Deutschland 
138874,Deutschland ,German,European,43.1240,2051.8350,57.7894,178.3999,Deutschland 
138875,Deutschland ,German,European,15.9917,548.5875,2.3492,54.6990,Deutschland 
138876,Deutschland ,German,European,34.0823,778.2605,1.8960,69.7413,Deutschland 
138877,Deutschland ,German,European,50.3532,595.6997,10.1519,43.5852,Deutschland 
138878,Deutschland ,German,European,16.5034,267.4300,19.2772,12.7324,Deutschland 
138879,Deutschland ,German,European,50.2329,796.8197,19.8880,56.0381,Deutschland 
138880,Deutschland ,German,European,6.5380,28.0000,0.7700,0.0700,Deutschland 
138881,Deutschland ,German,European,294.7820,3032.6008,107.4358,164.8306,Deutschland 
138882,Deutschland ,German,European,185.4328,925.0192,29.9266,8.4124,Deutschland 
138883,Deutschland ,German,European,0.7732,949.8750,0.2891,107.0705,Deutschland 
138884,Deutschland ,German,European,0.9495,309.7900,6.3416,31.1935,Deutschland 
138885,Deutschland ,German,European,213.5782,4391.8624,125.4579,345.5452,Deutschland 
138886,Deutschland ,German,European,113.9662,955.1183,21.6906,44.9026,Deutschland 
138887,Deutschland ,German,European,8.5550,985.4007,0.9686,109.3566,Deutschland 
138888,Deutschland ,German,European,6.8249,6333.3138,1403.2700,35.4867,Deutschland 
138889,Deutschland ,German,European,266.5462,2601.9890,56.8722,145.2046,Deutschland 
138890,Deutschland ,German,European,18.6945,487.4551,92.1458,2.7387,Deutschland 
138891,Deutschland ,German,European,13.6505,884.6412,19.6887,83.6334,Deutschland 
138892,Deutschland ,German,European,4276.4430,20530.8950,1726.1881,112.9058,Deutschland 
138893,Deutschland ,German,European,579.2828,7182.1778,95.0718,492.4329,Deutschland 
138894,Deutschland ,German,European,21.7244,208.7461,5.1418,13.1002,Deutschland 
138895,Deutschland ,German,European,20.5826,96.8800,3.4432,1.1376,Deutschland 
138896,Deutschland ,German,European,21.6506,1487.8236,53.2709,131.7494,Deutschland 
138897,Deutschland ,German,European,159.8179,1217.8282,34.4352,48.3541,Deutschland 
138898,Deutschland ,German,European,67.6674,395.8585,9.7302,8.5175,Deutschland 
138899,Deutschland ,German,European,33.9268,910.8260,29.9091,72.9407,Deutschland 
138900,Deutschland ,German,European,202.7074,831.0750,0.0000,0.0000,Deutschland 
138901,Deutschland ,German,European,32.3236,144.4198,5.6916,1.0536,Deutschland 
138902,Deutschland ,German,European,146.8846,1538.6975,28.5799,95.9936,Deutschland 
138903,Deutschland ,German,European,225.5059,3078.5806,101.8197,199.0667,Deutschland 
138904,Deutschland ,German,European,339.6347,2063.6361,152.3909,28.2432,Deutschland 
138905,Deutschland ,German,European,589.3126,3264.0611,63.9225,76.6163,Deutschland 
138906,Deutschland ,German,European,233.2447,1739.7072,37.2697,70.3450,Deutschland 
138907,Deutschland ,German,European,38.5309,520.2430,13.0492,33.7695,Deutschland 
138908,Deutschland ,German,European,0.1458,210.8800,0.3081,23.2835,Deutschland 
138909,Deutschland ,German,European,44.5105,659.2572,16.0248,44.8742,Deutschland 
138910,Deutschland ,German,European,233.4832,2561.7116,54.0058,160.3226,Deutschland 
138911,Deutschland ,German,European,30.8676,2559.0071,60.0038,242.5729,Deutschland 
138912,Deutschland ,German,European,140.8542,751.4072,17.0939,11.5190,Deutschland 
138913,Deutschland ,German,European,23.2863,124.6800,0.9710,3.8850,Deutschland 
138914,Deutschland ,German,European,29.6779,1990.8654,18.1209,200.1806,Deutschland 
138915,Deutschland ,German,European,8.2478,45.6475,0.8800,0.0800,Deutschland 
138916,Deutschland ,German,European,2.8442,935.5085,28.8413,89.2107,Deutschland 
138917,Deutschland ,German,European,73.2420,1209.0230,37.7476,88.6895,Deutschland 
138918,Deutschland ,German,European,0.0000,0.0000,0.0000,0.0000,Deutschland 
138919,Deutschland ,German,European,245.3869,1140.8480,23.5133,7.3124,Deutschland 
138920,Deutschland ,German,European,57.6792,315.3440,4.8548,6.0394,Deutschland 
138921,Deutschland ,German,European,23.7204,2485.3367,308.7338,118.7844,Deutschland 
138922,Deutschland ,German,European,36.9198,1434.4824,107.3896,93.8636,Deutschland 
138923,Deutschland ,German,European,43.0573,878.0065,9.7459,74.4053,Deutschland 
138924,Deutschland ,German,European,49.0966,273.1806,2.0056,7.5895,Deutschland 
138925,Deutschland ,German,European,607.5561,3580.2118,94.4778,91.9191,Deutschland 
138926,Deutschland ,German,European,16.2653,774.1500,23.2332,67.3765,Deutschland 
138927,Deutschland ,German,European,100.2608,907.9467,64.1420,27.0165,Deutschland 
138928,Deutschland ,German,European,3665.5273,207443.2735,316.3236,21902.3287,Deutschland 
138929,Deutschland ,German,European,70.0839,1004.0766,22.5873,67.2217,Deutschland 
138930,Deutschland ,German,European,704.9518,5982.0951,261.4226,233.7050,Deutschland 
138931,Deutschland ,German,European,210.1368,2061.8008,47.4104,118.0698,Deutschland 
138932,Deutschland ,German,European,179.5929,1500.1191,40.7743,68.3494,Deutschland 
138933,Deutschland ,German,European,14.8856,2924.5355,316.8259,172.1519,Deutschland 
138934,Deutschland ,German,European,23.1151,767.2080,6.0844,74.1916,Deutschland 
138935,Deutschland ,German,European,72.0706,310.2550,2.4129,0.3217,Deutschland 
138936,Deutschland ,German,European,44.5105,659.2572,16.0248,44.8742,Deutschland 
138937,Deutschland ,German,European,29.4736,204.8580,4.2339,5.8943,Deutschland 
138938,Deutschland ,German,European,23.8374,456.0618,11.8759,33.6628,Deutschland 
138939,Deutschland ,German,European,144.3972,1086.0003,21.3549,55.6047,Deutschland 
138940,Deutschland ,German,European,22.6269,452.8249,11.9676,33.6119,Deutschland 
138941,Deutschland ,German,European,188.1418,1677.4575,55.5597,80.3169,Deutschland 
138942,Deutschland ,German,European,33.7863,259.6707,10.2918,8.6380,Deutschland 
138943,Deutschland ,German,European,83.4153,4759.7374,84.9253,453.7395,Deutschland 
138944,Deutschland ,German,European,325.8045,2747.5350,55.1716,144.4457,Deutschland 
138945,Deutschland ,German,European,102.5118,417.3045,0.9072,1.1793,Deutschland 
138946,Deutschland ,German,European,17.8629,1229.6750,64.1503,99.7929,Deutschland 
138947,Deutschland ,German,European,6.4321,147.2880,10.2359,8.7744,Deutschland 
138948,Deutschland ,German,European,1050.3851,7533.3887,133.7108,325.3388,Deutschland 
138949,Deutschland ,German,European,162.2222,1216.8250,37.7956,52.0590,Deutschland 
138950,Deutschland ,German,European,92.9333,658.8289,21.1970,21.9402,Deutschland 
138951,Deutschland ,German,European,63371.1910,296103.3100,3632.8900,2847.8560,Deutschland 
138952,Deutschland ,German,European,504.6257,3271.2729,54.0212,127.9747,Deutschland 
138953,Deutschland ,German,European,12.4912,80.3465,1.3295,0.1475,Deutschland 
138954,Deutschland ,German,European,7.0875,37.2900,1.7697,1.3886,Deutschland 
138955,Deutschland ,German,European,253.2108,1156.5600,18.8020,4.4872,Deutschland 
138956,Deutschland ,German,European,10.7060,1030.9211,1.8007,108.2889,Deutschland 
138957,Deutschland ,German,European,42.6917,494.8150,25.7187,25.7778,Deutschland 
138958,Deutschland ,German,European,197.1776,1248.2584,62.7527,34.0154,Deutschland 
138959,Deutschland ,German,European,36.8208,624.2332,17.7989,45.0131,Deutschland 
138960,Deutschland ,German,European,65096.2895,296640.3230,4571.5628,2472.4416,Deutschland 
138961,Deutschland ,German,European,27.8974,469.0130,26.1519,28.8514,Deutschland 
138962,Deutschland ,German,European,933.6945,3917.9833,7.8723,0.5132,Deutschland 
138963,Deutschland ,German,European,41.9906,306.8261,7.1935,11.5832,Deutschland 
138964,Deutschland ,German,European,55.8063,613.9372,36.8246,34.5126,Deutschland 
138965,Deutschland ,German,European,34.1957,284.5810,10.5071,12.9462,Deutschland 
138966,Deutschland ,German,European,432.6470,2133.0875,90.2108,23.6596,Deutschland 
138967,Deutschland ,German,European,152.6421,1210.7902,9.1378,64.7231,Deutschland 
138968,Deutschland ,German,European,16.5521,1217.8202,62.3027,99.3187,Deutschland 
138969,Deutschland ,German,European,398.2549,3242.5707,50.1450,172.6715,Deutschland 
138970,Deutschland ,German,European,260.3056,3056.9490,5.1173,233.1749,Deutschland 
138971,Deutschland ,German,European,10.6192,294.7541,1.2638,27.1194,Deutschland 
138972,Deutschland ,German,European,66.5550,511.0719,23.6552,15.5099,Deutschland 
138973,Deutschland ,German,European,61.7145,1621.1614,83.0088,117.9923,Deutschland 
138974,Deutschland ,German,European,155.4226,1355.1200,52.8930,58.0424,Deutschland 
138975,Deutschland ,German,European,11.6736,48.6400,1.0184,0.4560,Deutschland 
138976,Deutschland ,German,European,39.0290,646.9000,15.1920,49.5600,Deutschland 
138977,Deutschland ,German,European,16.6395,143.1412,9.1508,5.2184,Deutschland 
138978,Deutschland ,German,European,52.7476,2268.6717,197.1891,142.0898,Deutschland 
138979,Deutschland ,German,European,154.2424,909.0345,31.6361,24.5853,Deutschland 
138980,Deutschland ,German,European,422.8645,1695.1580,2.1562,1.1859,Deutschland 
138981,Deutschland ,German,European,28855.2376,188492.2400,9589.5304,4279.0026,Deutschland 
138982,Deutschland ,German,European,463.7693,11035.5725,464.3398,882.7842,Deutschland 
138983,Deutschland ,German,European,675.4272,2664.4600,4.2120,3.1200,Deutschland 
138984,Deutschland ,German,European,6481.3067,28858.6073,1365.2885,224.7078,Deutschland 
138985,Deutschland ,German,European,35.5307,228.7780,21.5366,1.2871,Deutschland 
138986,Deutschland ,German,European,63612.0721,282040.1044,2540.1313,1553.6513,Deutschland 
138987,Deutschland ,German,European,25.2804,520.8422,16.3665,43.2537,Deutschland 
138988,Deutschland ,German,European,279.0257,22217.4790,1285.4504,1808.3049,Deutschland 
138989,Deutschland ,German,European,631.9119,2897.9306,29.7780,45.1918,Deutschland 
138990,Deutschland ,German,European,376.2803,2391.0960,67.0131,68.2429,Deutschland 
138991,Deutschland ,German,European,166.3525,958.7616,19.4783,26.3865,Deutschland 
138992,Deutschland ,German,European,90.8493,5182.4430,575.3436,269.6093,Deutschland 
138993,Deutschland ,German,European,147.7272,3155.9873,4.2361,293.6284,Deutschland 
138994,Deutschland ,German,European,1.2209,5.1471,0.1100,0.0100,Deutschland 
138995,Deutschland ,German,European,90.4611,494.1233,3.1810,14.2915,Deutschland 
138996,Deutschland ,German,European,13.3415,242.0000,11.8675,16.0700,Deutschland 
138997,Deutschland ,German,European,337.2428,2785.6520,73.3252,135.4598,Deutschland 
138998,Deutschland ,German,European,153.9350,893.8752,11.1837,31.5405,Deutschland 
138999,Deutschland ,German,European,26.5950,187.0000,9.3550,4.8900,Deutschland 
139000,Deutschland ,German,European,66.5997,787.6060,25.3682,50.2266,Deutschland 
139001,Deutschland ,German,European,485.4951,3277.9460,66.3453,130.4032,Deutschland 
139002,Deutschland ,German,European,41.6989,168.8013,3.1816,0.7466,Deutschland 
139003,Deutschland ,German,European,65.0348,632.5434,11.0186,44.4285,Deutschland 
139004,Deutschland ,German,European,19.7886,97.4330,3.4420,3.1789,Deutschland 
139005,Deutschland ,German,European,330.2932,1558.8518,26.0524,13.7418,Deutschland 
139006,Deutschland ,German,European,16.2118,523.6560,4.4777,50.4969,Deutschland 
139007,Deutschland ,German,European,34.9382,280.6039,4.0420,14.9519,Deutschland 
139008,Deutschland ,German,European,750.7651,3177.4193,26.3520,6.7483,Deutschland 
139009,Deutschland ,German,European,26.7022,599.7060,9.5306,53.2501,Deutschland 
139010,Deutschland ,German,European,246.8147,1683.7905,51.7479,58.7334,Deutschland 
139011,Deutschland ,German,European,427.3208,2548.1387,65.1642,75.3314,Deutschland 
139012,Deutschland ,German,European,104.4730,2165.9000,70.7160,174.2900,Deutschland 
139013,Deutschland ,German,European,56515.7002,348369.1754,2806.4796,12251.1343,Deutschland 
139014,Deutschland ,German,European,32.7463,283.5467,8.8214,14.7629,Deutschland 
139015,Deutschland ,German,European,17.3616,560.1980,79.7075,17.9682,Deutschland 
139016,Deutschland ,German,European,7809.7282,54058.6445,2199.3466,1805.1164,Deutschland 
139017,Deutschland ,German,European,71.3120,1334.0243,38.2293,100.4663,Deutschland 
139018,Deutschland ,German,European,1.5194,6.7450,0.3230,0.0497,Deutschland 
139019,Deutschland ,German,European,216.3903,1376.8780,29.9290,45.3986,Deutschland 
139020,Deutschland ,German,European,25.9188,935.0558,25.9631,85.3937,Deutschland 
139021,Deutschland ,German,European,199.7370,1396.1159,29.7128,58.2262,Deutschland 
139022,Deutschland ,German,European,19.7542,602.8300,7.6905,58.3480,Deutschland 
139023,Deutschland ,German,European,2350.2187,58340.4300,414.6210,5368.9073,Deutschland 
139024,Deutschland ,German,European,31.5955,279.4275,7.1057,14.8207,Deutschland 
139025,Deutschland ,German,European,35.7157,212.2000,7.7936,4.8316,Deutschland 
139026,Deutschland ,German,European,39.8593,379.4197,8.0981,21.6187,Deutschland 
139027,Deutschland ,German,European,46.9530,205.2100,8.8636,1.2145,Deutschland 
139028,Deutschland ,German,European,189.8573,1645.5578,33.3670,90.2824,Deutschland 
139029,Deutschland ,German,European,111.2177,2430.4578,21.8186,221.5464,Deutschland 
139030,Deutschland ,German,European,7.2449,492.5920,0.8440,52.1300,Deutschland 
139031,Deutschland ,German,European,174.6560,752.0000,35.4688,2.8160,Deutschland 
139032,Deutschland ,German,European,853.6176,6884.7410,73.6612,359.6655,Deutschland 
139033,Deutschland ,German,European,,,,,Deutschland 
139034,Deutschland ,German,European,416.1277,2466.0194,46.8728,70.0185,Deutschland 
139035,Deutschland ,German,European,13.8509,893.8730,2.2737,94.3180,Deutschland 
139036,Deutschland ,German,European,34.9529,159.1353,7.6657,1.7093,Deutschland 
139037,Deutschland ,German,European,531.7375,2768.5905,91.4877,43.4491,Deutschland 
139038,Deutschland ,German,European,53.1958,379.7600,16.9037,10.3679,Deutschland 
139039,Deutschland ,German,European,86.9180,799.6460,18.4490,43.4200,Deutschland 
139040,Deutschland ,German,European,98.7629,767.2290,35.9525,29.3511,Deutschland 
139041,Deutschland ,German,European,24960.0818,112552.3200,7.1940,1600.9122,Deutschland 
139042,Deutschland ,German,European,167.4724,987.3760,14.3210,37.6645,Deutschland 
139043,Deutschland ,German,European,39.3198,912.0360,11.3872,86.1892,Deutschland 
139044,Deutschland ,German,European,24.2368,1193.4288,185.6157,34.5930,Deutschland 
139045,Deutschland ,German,European,34.4782,1756.0515,90.9019,139.6256,Deutschland 
139046,Deutschland ,German,European,69.1975,1922.8247,25.2777,177.9409,Deutschland 
139047,Deutschland ,German,European,20.0477,325.6040,3.0058,27.4649,Deutschland 
139048,Deutschland ,German,European,97.7520,1076.1500,36.7288,67.4895,Deutschland 
139049,Deutschland ,German,European,2.4469,639.5271,37.8946,51.7300,Deutschland 
139050,Deutschland ,German,European,0.0000,371.2800,0.0000,42.0000,Deutschland 
139051,Deutschland ,German,European,15518.6244,67056.1812,1956.2297,551.3752,Deutschland 
139052,Deutschland ,German,European,468.5196,1931.6930,9.4729,4.6035,Deutschland 
139053,Deutschland ,German,European,14.5201,773.8457,27.9932,65.9929,Deutschland 
139054,Deutschland ,German,European,52643.2857,458869.3420,1275.5693,28505.7930,Deutschland 
139055,Deutschland ,German,European,32.1912,762.3204,32.6413,58.0182,Deutschland 
139056,Deutschland ,German,European,7992.2906,43466.1371,850.1164,868.9064,Deutschland 
139057,Deutschland ,German,European,0.7227,3810.6227,10.7910,425.4107,Deutschland 
139058,Deutschland ,German,European,92.8055,387.0596,7.3559,1.1813,Deutschland 
139059,Deutschland ,German,European,314.9699,2962.2598,23.5636,184.4548,Deutschland 
139060,Deutschland ,German,European,9.6358,43.9463,2.1449,0.4513,Deutschland 
139061,Deutschland ,German,European,352.5471,1507.6405,3.3073,9.8856,Deutschland 
139062,Deutschland ,German,European,47.3946,1308.9115,73.6853,93.6513,Deutschland 
139063,Deutschland ,German,European,174.6170,1003.2800,17.1668,31.5088,Deutschland 
139064,Deutschland ,German,European,0.0000,2004.8761,0.0000,226.7959,Deutschland 
139065,Deutschland ,German,European,32.5888,145.6467,5.7516,1.0672,Deutschland 
139066,Deutschland ,German,European,116.7062,620.2250,24.1723,8.4127,Deutschland 
139067,Deutschland ,German,European,589.2286,5322.2389,78.3503,297.3828,Deutschland 
139068,Deutschland ,German,European,47.8311,510.8783,53.7045,12.7121,Deutschland 
139069,Deutschland ,German,European,238.0349,2072.8058,53.2917,100.4262,Deutschland 
139070,Deutschland ,German,European,347.4785,3446.3600,46.1982,226.1302,Deutschland 
139071,Deutschland ,German,European,215.4085,2466.2800,64.2148,162.0472,Deutschland 
139072,Deutschland ,German,European,54.9419,1425.7695,37.2676,119.0840,Deutschland 
139073,Deutschland ,German,European,365.9065,2550.1100,49.8845,117.0990,Deutschland 
139074,Deutschland ,German,European,6.3614,71.5428,0.3067,4.6256,Deutschland 
139075,Deutschland ,German,European,52.4330,532.6209,16.4809,31.0161,Deutschland 
139076,Deutschland ,German,European,15.4858,156.1540,7.6860,7.9788,Deutschland 
139077,Deutschland ,German,European,15.1606,1109.0780,1.7658,116.1640,Deutschland 
139078,Deutschland ,German,European,151.1970,1007.9526,89.7602,2.2667,Deutschland 
139079,Deutschland ,German,European,35.7703,287.4922,5.3564,14.4046,Deutschland 
139080,Deutschland ,German,European,270.5081,1026.1735,5.3635,2.5107,Deutschland 
139081,Deutschland ,German,European,21.1494,157.7772,3.9216,7.5259,Deutschland 
139082,Deutschland ,German,European,175.4289,1566.9813,28.0314,112.2095,Deutschland 
139083,Deutschland ,German,European,529.2680,2981.2039,103.4324,69.2604,Deutschland 
139084,Deutschland ,German,European,4068.0334,43223.3017,1799.5246,2276.8950,Deutschland 
139085,Deutschland ,German,European,1.1954,485.6060,0.2969,54.0297,Deutschland 
139086,Deutschland ,German,European,16.0836,764.0577,3.7062,79.2485,Deutschland 
139087,Deutschland ,German,European,32.9356,915.7720,9.2950,86.9180,Deutschland 
139088,Deutschland ,German,European,43.5722,541.2214,0.5591,41.3717,Deutschland 
139089,Deutschland ,German,European,24.3857,354.8775,3.0672,27.9301,Deutschland 
139090,Deutschland ,German,European,119.4490,461.4950,1.3000,0.8500,Deutschland 
139091,Deutschland ,German,European,3.1707,709.3916,135.9497,13.8284,Deutschland 
139092,Deutschland ,German,European,1.6651,235.1460,1.5962,25.6219,Deutschland 
139093,Deutschland ,German,European,91.2096,543.5035,14.8260,16.5498,Deutschland 
139094,Deutschland ,German,European,52.8418,232.5742,0.2373,0.0899,Deutschland 
139095,Deutschland ,German,European,22.7315,98.1150,2.8696,0.2887,Deutschland 
139096,Deutschland ,German,European,313.0755,3863.3660,20.8932,287.2926,Deutschland 
139097,Deutschland ,German,European,120.0747,802.8150,15.5569,30.2277,Deutschland 
139098,Deutschland ,German,European,68.6424,530.5570,47.0185,8.1585,Deutschland 
139099,Deutschland ,German,European,56.2625,382.3975,2.8596,19.1188,Deutschland 
139100,Deutschland ,German,European,4426.6195,36646.3772,305.8836,2425.7794,Deutschland 
139101,Deutschland ,German,European,372.9840,3369.2980,181.9961,148.4550,Deutschland 
139102,Deutschland ,German,European,217.8413,1160.0760,10.6885,28.8025,Deutschland 
139103,Deutschland ,German,European,134.7841,968.7138,42.8607,37.4720,Deutschland 
139104,Deutschland ,German,European,376.4436,2234.9100,41.8195,65.7204,Deutschland 
139105,Deutschland ,German,European,45930.3250,205205.9008,2161.8524,1180.2090,Deutschland 
139106,Deutschland ,German,European,111.6866,2031.1289,38.2157,170.6933,Deutschland 
139107,Deutschland ,German,European,383.3658,1944.3800,58.6524,35.5380,Deutschland 
139108,Deutschland ,German,European,297.2812,4303.7624,115.0666,315.6460,Deutschland 
139109,Deutschland ,German,European,167.1686,2042.9250,58.7995,140.0759,Deutschland 
139110,Deutschland ,German,European,51.2103,479.5216,10.7591,28.8094,Deutschland 
139111,Deutschland ,German,European,211.8050,2025.6719,34.5367,125.2962,Deutschland 
139112,Deutschland ,German,European,115.9954,1796.1680,82.8446,121.3984,Deutschland 
139113,Deutschland ,German,European,35.6012,232.9805,5.3092,9.7228,Deutschland 
139114,Deutschland ,German,European,28.9323,137.2849,0.0810,0.0066,Deutschland 
139115,Deutschland ,German,European,95.6740,576.7100,19.6108,11.1927,Deutschland 
139116,Deutschland ,German,European,5276.5064,39066.1308,2595.1988,830.6171,Deutschland 
139117,Deutschland ,German,European,82.6969,1924.3413,20.8463,175.7683,Deutschland 
139118,Deutschland ,German,European,36.8679,491.5873,13.9625,34.1281,Deutschland 
139119,Deutschland ,German,European,56.4557,1582.7560,69.1007,127.2290,Deutschland 
139120,Deutschland ,German,European,164.5844,6366.6600,63.8904,629.6460,Deutschland 
139121,Deutschland ,German,European,540.4809,5554.5415,106.4167,355.4910,Deutschland 
139122,Deutschland ,German,European,41.2238,1443.3175,59.1221,119.0647,Deutschland 
139123,Deutschland ,German,European,403.3306,1615.0890,0.0000,0.0000,Deutschland 
139124,Deutschland ,German,European,515.6895,5473.2693,77.7178,355.7426,Deutschland 
139125,Deutschland ,German,European,1074.0960,21748.2300,667.8750,1800.5940,Deutschland 
139126,Deutschland ,German,European,16.3035,182.0412,2.0463,12.9271,Deutschland 
139127,Deutschland ,German,European,3.5759,14.2538,0.4646,0.1917,Deutschland 
139128,Deutschland ,German,European,311.5067,1560.9572,4.4944,33.4575,Deutschland 
139129,Deutschland ,German,European,66.7112,1110.1140,6.4799,95.3978,Deutschland 
139130,Deutschland ,German,European,213.7961,1807.4700,1.8972,107.3150,Deutschland 
139131,Deutschland ,German,European,49156.2726,243708.6800,3175.0924,3698.5916,Deutschland 
139132,Deutschland ,German,European,27.4262,197.1843,19.3027,1.8592,Deutschland 
139133,Deutschland ,German,European,50644.0515,231397.3750,3768.4710,902.2625,Deutschland 
139134,Deutschland ,German,European,16670.7129,75652.1596,1196.5893,310.0307,Deutschland 
139135,Deutschland ,German,European,1.2698,881.4704,0.6360,99.6565,Deutschland 
139136,Deutschland ,German,European,28.0635,138.5925,3.5596,2.4572,Deutschland 
139137,Deutschland ,German,European,271.1861,4872.4727,10.9195,426.2095,Deutschland 
139138,Deutschland ,German,European,26.2713,185.4757,3.3171,0.9063,Deutschland 
139139,Deutschland ,German,European,6.9776,99.6524,7.0500,4.8250,Deutschland 
139140,Deutschland ,German,European,14.2763,419.1447,1.9227,40.8345,Deutschland 
139141,Deutschland ,German,European,37.2121,277.6310,9.3047,11.2137,Deutschland 
139142,Deutschland ,German,European,6.9941,118.2677,2.1074,9.5811,Deutschland 
139143,Deutschland ,German,European,90.1979,563.7899,23.6042,12.3054,Deutschland 
139144,Deutschland ,German,European,219.5779,1570.1458,24.8761,73.0468,Deutschland 
139145,Deutschland ,German,European,595.2685,5320.9360,101.0633,300.7257,Deutschland 
139146,Deutschland ,German,European,5.3847,91.9936,2.9465,7.2561,Deutschland 
139147,Deutschland ,German,European,104.6939,825.0079,16.6055,43.5076,Deutschland 
139148,Deutschland ,German,European,54.6009,696.2020,33.3595,40.7254,Deutschland 
139149,Deutschland ,German,European,504.6026,2824.0050,98.0459,65.2894,Deutschland 
139150,Deutschland ,German,European,42.9157,1409.7035,75.5383,105.9870,Deutschland 
139151,Deutschland ,German,European,29.7404,896.1470,20.4922,83.8449,Deutschland 
139152,Deutschland ,German,European,64.0776,3322.8080,239.9742,230.8769,Deutschland 
139153,Deutschland ,German,European,3.1568,248.7450,0.1601,27.1098,Deutschland 
139154,Deutschland ,German,European,914.7031,6161.2200,120.5315,229.3924,Deutschland 
139155,Deutschland ,German,European,26.9026,302.2030,5.9432,21.0774,Deutschland 
139156,Deutschland ,German,European,31.6830,255.5864,7.4217,13.5954,Deutschland 
139157,Deutschland ,German,European,36051.9601,161587.6014,1609.8218,1302.9656,Deutschland 
139158,Deutschland ,German,European,20.6604,484.1425,15.4654,40.6358,Deutschland 
139159,Deutschland ,German,European,1.7920,583.8000,17.6680,55.5660,Deutschland 
139160,Deutschland ,German,European,31.1958,255.9637,7.3351,13.5806,Deutschland 
139161,Deutschland ,German,European,35057.3397,398298.5163,2467.9851,27830.0323,Deutschland 
139162,Deutschland ,German,European,509.5407,4041.3932,131.1541,168.9014,Deutschland 
139163,Deutschland ,German,European,8975.2401,76264.2200,3537.1265,2862.7225,Deutschland 
139164,Deutschland ,German,European,283.5179,1157.1220,10.3722,3.0938,Deutschland 
139165,Deutschland ,German,European,41.9284,366.8354,16.7899,18.3632,Deutschland 
139166,Deutschland ,German,European,40.3676,695.9750,41.5650,42.3660,Deutschland 
139167,Deutschland ,German,European,60.5491,763.5608,56.0837,34.7506,Deutschland 
139168,Deutschland ,German,European,620.0438,13882.7414,17.7465,1286.4576,Deutschland 
139169,Deutschland ,German,European,162.8543,1428.9910,43.3355,69.3561,Deutschland 
139170,Deutschland ,German,European,208.5867,838.5485,7.8220,2.7227,Deutschland 
139171,Deutschland ,German,European,14.6318,440.7105,31.9229,28.7450,Deutschland 
139172,Deutschland ,German,European,273.9200,1082.4000,4.3400,1.2090,Deutschland 
139173,Deutschland ,German,European,391.3574,2522.7230,14.0517,107.6933,Deutschland 
139174,Deutschland ,German,European,56.8032,304.8930,5.4792,7.6649,Deutschland 
139175,Deutschland ,German,European,50323.9700,248090.3760,5197.2419,2486.9345,Deutschland 
139176,Deutschland ,German,European,175.5491,1364.4525,34.1605,65.7595,Deutschland 
139177,Deutschland ,German,European,354.6385,4833.7493,134.7160,342.5257,Deutschland 
139178,Deutschland ,German,European,9.5573,462.0763,16.4875,41.1813,Deutschland 
139179,Deutschland ,German,European,341.9694,2022.7756,93.7244,51.8844,Deutschland 
139180,Deutschland ,German,European,212.2840,896.6500,15.8520,3.1685,Deutschland 
139181,Deutschland ,German,European,52561.5175,236399.5000,2082.7025,2451.5650,Deutschland 
139182,Deutschland ,German,European,479.3100,3310.4407,84.5339,128.6064,Deutschland 
139183,Deutschland ,German,European,27.5448,110.1240,0.0000,0.0000,Deutschland 
139184,Deutschland ,German,European,89.6409,981.0970,19.2633,59.4648,Deutschland 
139185,Deutschland ,German,European,7837.6052,92726.8466,3101.0203,5810.4922,Deutschland 
139186,Deutschland ,German,European,256.3324,5879.4233,11.5489,545.4264,Deutschland 
139187,Deutschland ,German,European,494.5979,3926.7421,61.3220,193.6217,Deutschland 
139188,Deutschland ,German,European,33.9448,198.8207,1.0343,7.0750,Deutschland 
