Recipe_id,Region,Sub_region,Continent,"Carbohydrate, by difference (g)",Energy (kcal),Protein (g),Total lipid (fat) (g),cuisine
9648,French,French,European,228.1597,3322.6512,56.8670,245.4157,French
9649,French,French,European,122.9626,3930.4011,304.2745,255.5546,French
9650,French,French,European,102.9448,1989.3845,32.8521,161.8698,French
9651,French,French,European,93.0469,1551.8427,32.9387,118.3494,French
9652,French,French,European,293.1903,2734.2101,26.7639,166.7028,French
9653,French,French,European,152.6727,945.2670,31.4013,23.7763,French
9654,French,French,European,88.1691,1365.0500,35.3023,102.9751,French
9655,French,French,European,188.6543,2683.4007,32.8010,213.5977,French
9656,French,French,European,89.3907,6328.6501,1283.1739,53.9822,French
9657,French,French,European,204.4552,1670.4160,27.8492,86.9375,French
9658,French,French,European,579.3933,5133.0960,142.0105,273.1975,French
9659,French,French,European,102.7782,847.2092,37.1436,32.6400,French
9660,French,French,European,,,,,French
9661,French,French,European,32.7321,833.6575,33.9333,67.1113,French
9662,French,French,European,60.6801,1307.3920,20.3020,109.1560,French
9663,French,French,European,223.4995,1851.9000,1.6518,109.5958,French
9664,French,French,European,58.6031,461.5220,17.1797,18.3308,French
9665,French,French,European,79.7715,753.9570,25.9860,43.9414,French
9666,French,French,European,518.9332,3551.0787,47.2525,152.1580,French
9667,French,French,European,106.5353,903.8520,24.2708,40.6112,French
9668,French,French,European,530.7775,5004.0659,156.3047,272.5433,French
9669,French,French,European,120.7983,489.3600,5.6232,1.7220,French
9670,French,French,European,79.4368,1879.6292,125.5123,119.5968,French
9671,French,French,European,328.4563,2232.2950,6.0693,108.8730,French
9672,French,French,European,220.6521,2731.0455,23.4977,202.2335,French
9673,French,French,European,58.9282,1185.8160,14.9071,100.1299,French
9674,French,French,European,9.2828,1141.8747,40.0421,105.2072,French
9675,French,French,European,139.5583,1254.6280,46.9953,59.0039,French
9676,French,French,European,37.5252,764.4680,25.2163,61.5907,French
9677,French,French,European,207.4726,1188.1012,37.8359,26.1435,French
9678,French,French,European,7.8491,375.6690,13.3470,32.6403,French
9679,French,French,European,483.7007,2411.4933,26.5540,59.9436,French
9680,French,French,European,437.6492,3257.0562,35.4299,171.1609,French
9681,French,French,European,137.0915,1744.5360,53.0057,119.8929,French
9682,French,French,European,148.6001,718.7975,7.5209,15.4283,French
9683,French,French,European,155.3011,1716.4747,47.1554,110.2020,French
9684,French,French,European,200.6827,1065.9280,10.7910,27.3683,French
9685,French,French,European,172.5729,1642.5120,44.2829,86.5234,French
9686,French,French,European,64.4683,812.0160,11.5099,56.8339,French
9687,French,French,European,115.7890,2073.1120,31.7986,165.9874,French
9688,French,French,European,126.4983,1998.3560,45.8869,146.5037,French
9689,French,French,European,171.7398,1223.8840,28.6175,50.0256,French
9690,French,French,European,43.0441,721.5300,11.4972,56.8320,French
9691,French,French,European,226.6116,3350.7967,21.5040,275.8273,French
9692,French,French,European,98.3469,948.0480,21.3733,57.6013,French
9693,French,French,European,289.4882,2444.7442,23.7876,139.0938,French
9694,French,French,European,257.0007,4379.8587,87.3286,348.4594,French
9695,French,French,European,109.1329,1303.8612,14.0520,92.2963,French
9696,French,French,European,68.0703,287.8698,1.6624,1.9639,French
9697,French,French,European,50.7127,2172.1000,10.7910,218.1683,French
9698,French,French,European,33.8157,712.3440,11.3436,59.9004,French
9699,French,French,European,76.3076,2271.1720,10.7910,218.1683,French
9700,French,French,European,105.3885,1715.4600,24.7201,135.3121,French
9701,French,French,European,45.7311,1024.8100,46.4933,76.6213,French
9702,French,French,European,119.0861,836.8560,30.3715,26.2357,French
9703,French,French,European,58.5438,515.7360,18.2141,22.2823,French
9704,French,French,European,444.4663,1728.6824,4.1912,1.1446,French
9705,French,French,European,166.3450,1632.2163,21.7410,100.0792,French
9706,French,French,European,233.6092,1486.6107,50.3978,43.4667,French
9707,French,French,European,147.7321,1530.8600,25.1322,96.0042,French
9708,French,French,European,373.6721,35386.1427,146.8803,3784.6926,French
9709,French,French,European,245.8653,1195.4400,10.7337,22.7742,French
9710,French,French,European,136.8562,1226.1240,34.8383,64.9721,French
9711,French,French,European,103.4885,858.6720,26.5846,39.9759,French
9712,French,French,European,40.5066,2291.9720,53.3130,217.7170,French
9713,French,French,European,60.5944,1116.9840,51.0615,79.4053,French
9714,French,French,European,8.5862,1907.4700,37.4562,192.6739,French
9715,French,French,European,433.9696,5223.9389,37.4505,387.7659,French
9716,French,French,European,213.8448,1204.1760,29.2247,26.7581,French
9717,French,French,European,223.6559,964.0450,9.2715,7.7322,French
9718,French,French,European,1.6836,211.6400,26.9480,9.7344,French
9719,French,French,European,405.3057,1983.0046,30.5483,24.6082,French
9720,French,French,European,111.0113,2216.6983,102.1827,162.8861,French
9721,French,French,European,24.2937,564.4800,26.8200,43.3683,French
9722,French,French,European,177.4871,1715.7527,23.5928,107.8372,French
9723,French,French,European,77.4224,1414.5360,22.9957,113.6653,French
9724,French,French,European,218.3966,2584.1150,38.6281,184.4390,French
9725,French,French,European,897.7839,3646.7833,6.5520,1.6476,French
9726,French,French,European,121.9553,963.6024,25.9424,45.5172,French
9727,French,French,European,109.1550,1683.0521,5.9579,141.9256,French
9728,French,French,European,60.3183,1525.9844,55.1560,123.5901,French
9729,French,French,European,1.4400,1192.1000,25.1200,121.5200,French
9730,French,French,European,204.9660,964.3897,36.7444,1.5156,French
9731,French,French,European,95.1437,829.6300,31.7280,39.4587,French
9732,French,French,European,0.9636,68.6400,14.3880,0.2244,French
9733,French,French,European,77.6406,833.3810,11.7502,55.0509,French
9734,French,French,European,119.8785,714.9880,28.4084,19.0558,French
9735,French,French,European,134.5580,5248.0060,12.5625,527.2625,French
9736,French,French,European,130.5595,1025.4160,32.6717,43.3509,French
9737,French,French,European,4.8251,580.8592,28.8612,49.1858,French
9738,French,French,European,84.5764,1450.6809,99.9343,79.4959,French
9739,French,French,European,31.0088,1993.2566,370.4979,32.9566,French
9740,French,French,European,40.8531,1957.5047,93.8961,162.5270,French
9741,French,French,European,312.1828,7277.7585,199.0543,576.3728,French
9742,French,French,European,5.8060,2294.9500,147.0036,182.2977,French
9743,French,French,European,751.4901,5827.0673,227.2416,212.2986,French
9744,French,French,European,50.8245,1214.4910,149.3056,44.2182,French
9745,French,French,European,19.1843,1284.8642,61.4840,106.4886,French
9746,French,French,European,25.1397,1303.5448,91.2197,92.4672,French
9747,French,French,European,156.5761,2809.7207,96.2446,197.7646,French
9748,French,French,European,90.4490,3153.6474,392.0084,129.8764,French
9749,French,French,European,85.0371,3100.2457,294.2975,173.8480,French
9750,French,French,European,35.2238,1541.9619,119.0880,107.4039,French
9751,French,French,European,594.0321,3504.4400,131.5105,70.1819,French
9752,French,French,European,86.6360,2607.4995,295.8080,116.2382,French
9753,French,French,European,4.2885,157.0000,8.9515,11.9550,French
9754,French,French,European,6.3869,1591.1014,188.3374,84.7499,French
9755,French,French,European,10.0083,1114.4557,71.5116,87.5922,French
9756,French,French,European,37.7450,299.0000,8.8630,14.7200,French
9757,French,French,European,81.4160,1224.1957,44.8647,83.4432,French
9758,French,French,European,19.7549,2786.8129,106.2343,251.2665,French
9759,French,French,European,3.7763,1029.9910,57.9638,87.1732,French
9760,French,French,European,2.9551,1385.6689,42.6478,133.6634,French
9761,French,French,European,73.2193,846.0045,24.4007,56.5842,French
9762,French,French,European,132.1257,4939.9741,350.1495,337.8061,French
9763,French,French,European,132.5603,2150.2422,73.2273,150.2324,French
9764,French,French,European,50.7625,1108.4030,18.9147,95.4792,French
9765,French,French,European,5.0382,233.0391,47.2781,1.7260,French
9766,French,French,European,35.8850,345.3205,11.0408,18.1084,French
9767,French,French,European,9.2190,414.8400,20.7334,34.0764,French
9768,French,French,European,184.7313,2052.0407,93.7277,105.0522,French
9769,French,French,European,34.4869,291.9450,19.0690,9.1585,French
9770,French,French,European,26.1009,387.3915,12.2806,28.9089,French
9771,French,French,European,9.2403,3810.5797,415.1856,225.1281,French
9772,French,French,European,109.6236,4883.1312,309.4638,353.5259,French
9773,French,French,European,43.0179,1095.1816,66.2069,72.3058,French
9774,French,French,European,91.9975,13313.9462,306.0159,1302.6688,French
9775,French,French,European,66.3520,7777.3474,178.8437,759.3041,French
9776,French,French,European,15.4538,1838.4682,109.5932,146.2909,French
9777,French,French,European,12.8810,805.5300,20.7548,74.3778,French
9778,French,French,European,62.7268,1498.8387,90.3156,104.5593,French
9779,French,French,European,574.9127,11688.3173,393.7484,877.2838,French
9780,French,French,European,114.6910,1713.0889,96.8164,98.2700,French
9781,French,French,European,48.1269,7969.5647,834.9519,473.7866,French
9782,French,French,European,123.4783,4771.9562,426.5970,280.0851,French
9783,French,French,European,237.0692,17026.8200,361.7008,1633.8722,French
9784,French,French,European,56.0400,6332.8138,777.9031,311.9501,French
9785,French,French,European,63.9640,1089.0024,28.2585,80.8973,French
9786,French,French,European,105.8849,1120.9115,17.2771,73.4745,French
9787,French,French,European,37.8216,1618.2060,65.0758,138.8597,French
9788,French,French,European,169.0571,2282.9040,92.7506,137.4086,French
9789,French,French,European,2.2079,2876.2410,1.0617,324.2563,French
9790,French,French,European,72.9959,16948.3147,396.9036,1672.7653,French
9791,French,French,European,25.8236,1186.3330,203.7554,25.4829,French
9792,French,French,European,31.1950,1460.4275,235.8544,37.1931,French
9793,French,French,European,103.0859,6318.3685,674.5103,337.5850,French
9794,French,French,European,196.0622,1658.5304,157.7101,33.2573,French
9795,French,French,European,43.6370,2331.7796,218.7337,142.6611,French
9796,French,French,European,28.1242,995.1500,21.0969,91.8775,French
9797,French,French,European,50.8023,1031.5132,50.2728,68.8227,French
9798,French,French,European,1.7098,760.1620,47.1510,62.8210,French
9799,French,French,European,23.3297,841.0850,27.7364,71.8658,French
9800,French,French,European,166.3092,1037.6100,34.7514,25.8930,French
9801,French,French,European,40.0115,773.0468,11.6739,65.4055,French
9802,French,French,European,13.4039,870.1238,60.3620,63.1374,French
9803,French,French,European,49.5827,9013.9719,190.7596,896.5406,French
9804,French,French,European,2.4298,247.8279,0.9942,27.5082,French
9805,French,French,European,253.8182,3199.0511,191.4087,150.6827,French
9806,French,French,European,15.1193,382.0300,17.9997,27.3122,French
9807,French,French,European,35.7802,1096.9285,24.9824,100.9315,French
9808,French,French,European,26.7169,3740.0992,406.0206,213.0813,French
9809,French,French,European,15.7140,1512.2697,152.5472,91.7360,French
9810,French,French,European,89.6492,13300.4591,310.7504,1300.0025,French
9811,French,French,European,37.0919,812.7060,25.8157,65.7344,French
9812,French,French,European,11.6405,368.1761,1.5640,36.2145,French
9813,French,French,European,109.1664,1110.6000,35.7900,63.3240,French
9814,French,French,European,20.1882,4742.3832,419.0150,323.2899,French
9815,French,French,European,24.1485,1341.0879,160.1626,64.9746,French
9816,French,French,European,151.4351,1999.9012,42.7860,138.1861,French
9817,French,French,European,81.4535,3489.2818,188.8706,265.4113,French
9818,French,French,European,56.9535,1693.3200,63.6845,142.1940,French
9819,French,French,European,117.1852,2240.6482,381.3180,19.8400,French
9820,French,French,European,52.1451,1574.0160,52.8967,130.8925,French
9821,French,French,European,30.2652,905.1600,51.8448,66.6552,French
9822,French,French,European,854.3329,19787.4622,2702.2000,531.8103,French
9823,French,French,European,83.9006,2333.1430,170.7862,150.3394,French
9824,French,French,European,478.9274,17697.1091,3074.0505,298.9761,French
9825,French,French,European,9.2667,457.8432,13.1515,41.7888,French
9826,French,French,European,67.3293,1243.0953,101.7352,62.0618,French
9827,French,French,European,6.1741,2764.1250,362.2711,133.2608,French
9828,French,French,European,9.8406,498.9058,50.6047,29.1633,French
9829,French,French,European,10.5915,578.5300,34.0996,44.8992,French
9830,French,French,European,629.8903,14283.7860,1947.7812,380.0170,French
9831,French,French,European,175.2869,1356.0620,42.4420,52.9914,French
9832,French,French,European,1.8946,173.5917,13.6240,12.0046,French
9833,French,French,European,63.9874,679.1300,38.0961,32.0308,French
9834,French,French,European,67.1119,1672.9040,68.1543,135.3068,French
9835,French,French,European,38.5204,1980.4600,106.7114,154.4326,French
9836,French,French,European,27.2296,973.1649,96.5819,54.4235,French
9837,French,French,European,28.9951,859.3417,8.0756,82.6043,French
9838,French,French,European,1.0970,418.1280,19.0814,37.3002,French
9839,French,French,European,45.7201,3815.9923,121.1481,359.8414,French
9840,French,French,European,14.0771,1192.8071,99.0007,81.0208,French
9841,French,French,European,22.5114,1529.0224,164.9337,83.0648,French
9842,French,French,European,107.3237,3143.2253,224.5928,210.2960,French
9843,French,French,European,2.8148,152.4069,12.9178,9.5859,French
9844,French,French,European,48.0503,1460.8732,82.3672,106.2842,French
9845,French,French,European,68.1047,2470.3602,230.7093,146.9223,French
9846,French,French,European,24.0596,1119.2503,198.1398,22.8237,French
9847,French,French,European,18.2591,467.6650,35.4974,28.0203,French
9848,French,French,European,12.7993,724.6792,81.8625,36.7967,French
9849,French,French,European,22.7013,2540.2656,137.1295,209.7082,French
9850,French,French,European,321.5884,2863.7900,129.0660,116.6155,French
9851,French,French,European,53.3739,1197.3752,85.2665,76.7908,French
9852,French,French,European,66.1782,1232.7983,150.0464,46.4892,French
9853,French,French,European,14.0483,1242.4680,87.8405,91.9495,French
9854,French,French,European,10.3950,611.4010,91.2420,20.6255,French
9855,French,French,European,141.4936,2029.3533,223.7067,63.9356,French
9856,French,French,European,42.0577,828.3156,94.6210,30.5727,French
9857,French,French,European,354.9389,4524.4931,296.5037,217.7667,French
9858,French,French,European,16.7280,618.3117,31.2135,49.2992,French
9859,French,French,European,282.9948,2702.3681,78.1577,143.6685,French
9860,French,French,European,9.7213,250.1088,19.0001,14.4312,French
9861,French,French,European,16.5385,1127.7915,189.3171,30.9361,French
9862,French,French,European,57.1804,1136.0084,88.8009,60.6080,French
9863,French,French,European,18.8755,258.5756,13.9210,15.4477,French
9864,French,French,European,42.8650,655.5921,40.5602,35.1979,French
9865,French,French,European,18.1618,351.3312,25.9048,22.4442,French
9866,French,French,European,20.0021,355.8700,10.9366,28.9563,French
9867,French,French,European,20.3114,1326.5474,103.9369,91.0479,French
9868,French,French,European,42.5289,327.1200,10.4133,15.1449,French
9869,French,French,European,1.9836,1622.8103,359.4224,9.0967,French
9870,French,French,European,3.3870,14.6908,0.6210,0.0582,French
9871,French,French,European,7.2485,538.8800,6.9915,55.1720,French
9872,French,French,European,10.4974,1112.9673,183.0757,34.4878,French
9873,French,French,European,0.0000,846.7152,179.5204,9.0333,French
9874,French,French,European,44.2704,417.5510,24.8626,18.2516,French
9875,French,French,European,8.6167,2739.4854,372.1287,126.4483,French
9876,French,French,European,112.6306,423.6492,2.4049,1.1853,French
9877,French,French,European,57.7294,2455.1303,315.2321,102.1171,French
9878,French,French,European,48.2266,830.7038,64.1344,43.0374,French
9879,French,French,European,74.9427,2002.1203,364.3480,20.7167,French
9880,French,French,European,279.7463,7103.2868,1183.4412,139.8924,French
9881,French,French,European,314.1097,1785.0799,64.0747,32.1638,French
9882,French,French,European,48.9394,1332.8681,159.8825,56.3781,French
9883,French,French,European,69.1788,922.3869,122.9653,21.0762,French
9884,French,French,European,284.0442,2481.0710,45.3800,144.2411,French
9885,French,French,European,49.5405,731.4642,59.2994,33.8270,French
9886,French,French,European,65.7260,1303.4610,160.0896,42.9037,French
9887,French,French,European,3.0489,415.8423,90.2016,2.3354,French
9888,French,French,European,20.3944,1251.1530,91.8776,90.6359,French
9889,French,French,European,316.2868,2932.3682,131.5356,139.5552,French
9890,French,French,European,657.9930,4821.6053,180.8239,164.4589,French
9891,French,French,European,41.4921,1530.0904,226.0346,54.0626,French
9892,French,French,European,82.1158,1631.5230,115.0608,94.0136,French
9893,French,French,European,82.9765,836.3120,36.8264,43.0484,French
9894,French,French,European,391.7516,3500.8080,159.8097,150.7054,French
9895,French,French,European,30.6641,136.2011,5.8792,0.8196,French
9896,French,French,European,139.5759,1361.1228,60.9537,65.7227,French
9897,French,French,European,35.7158,576.9040,51.5282,28.9667,French
9898,French,French,European,256.6064,2675.7173,119.7755,143.5471,French
9899,French,French,European,424.3286,2508.0780,80.7647,52.9702,French
9900,French,French,European,596.3779,4031.3620,163.9934,116.6488,French
9901,French,French,European,103.4541,1373.6780,59.4884,83.6780,French
9902,French,French,European,64.5070,1707.8337,85.7379,125.1428,French
9903,French,French,European,201.4716,3473.6320,186.2233,217.8194,French
9904,French,French,European,540.3972,3350.1600,165.7386,62.4780,French
9905,French,French,European,63.2166,615.2890,14.3426,36.7284,French
9906,French,French,European,495.5796,3206.7600,147.5726,73.6702,French
9907,French,French,European,102.7809,1149.0255,39.7592,67.0214,French
9908,French,French,European,66.9563,1519.0243,126.7359,81.0124,French
9909,French,French,European,118.3004,3745.8910,128.4627,306.5407,French
9910,French,French,European,1.2345,906.0000,59.2149,73.5247,French
9911,French,French,European,40.8924,1632.3514,75.6095,129.8564,French
9912,French,French,European,86.0527,2759.6120,147.8689,206.2919,French
9913,French,French,European,438.9616,4166.5860,171.2781,193.7881,French
9914,French,French,European,477.8546,3213.1340,128.3022,90.6263,French
9915,French,French,European,66.5527,436.1712,35.3453,7.2811,French
9916,French,French,European,73.1298,653.6700,28.4208,31.5270,French
9917,French,French,European,612.8025,3242.5365,123.3353,36.5332,French
9918,French,French,European,552.6447,4767.2611,185.8381,205.8446,French
9919,French,French,European,62.2207,557.1111,20.6549,31.0743,French
9920,French,French,European,72.0465,654.7500,29.8965,30.0495,French
9921,French,French,European,45.5847,607.6000,18.0521,40.6006,French
9922,French,French,European,20.9909,1847.8384,239.8279,84.5329,French
9923,French,French,European,49.1314,9192.1767,214.9938,904.3610,French
9924,French,French,European,53.4719,1541.8015,99.4195,105.7605,French
9925,French,French,European,494.8965,3292.9800,144.4317,84.3036,French
9926,French,French,European,265.1408,2262.8000,108.6391,88.6598,French
9927,French,French,European,607.0709,5011.3087,240.0531,188.3137,French
9928,French,French,European,113.3850,4654.9320,543.2700,219.2251,French
9929,French,French,European,89.8590,1625.0967,118.4722,85.2584,French
9930,French,French,European,66.1673,1866.7271,133.6714,119.1696,French
9931,French,French,European,52.9764,12167.3830,739.4754,985.5978,French
9932,French,French,European,101.5090,522.3838,23.9426,10.6034,French
9933,French,French,European,525.8419,4136.5000,193.5524,141.3079,French
9934,French,French,European,80.1845,411.9000,10.3835,8.8960,French
9935,French,French,European,476.6445,3488.8735,131.7245,123.4328,French
9936,French,French,European,159.9090,2458.5545,124.2648,155.7457,French
9937,French,French,European,68.0111,1441.5780,77.1113,99.5653,French
9938,French,French,European,86.9074,1463.4118,198.0563,33.6176,French
9939,French,French,European,107.5884,1482.4680,64.1347,92.1409,French
9940,French,French,European,35.2031,3924.6607,297.7711,282.2230,French
9941,French,French,European,110.6412,997.1432,51.6582,40.3387,French
9942,French,French,European,31.4281,1356.2642,64.8652,111.4594,French
9943,French,French,European,13.0108,888.3475,0.9553,92.8773,French
9944,French,French,European,448.2200,5539.9000,78.8000,382.0550,French
9945,French,French,European,18.3031,284.3103,3.4938,23.5421,French
9946,French,French,European,65.8722,1632.2282,110.6399,108.5560,French
9947,French,French,European,44.6436,321.2925,3.1736,14.5913,French
9948,French,French,European,23.0221,1865.2062,13.1306,195.9834,French
9949,French,French,European,1412.0787,5420.4658,8.1647,2.0412,French
9950,French,French,European,51.9659,557.0300,19.9335,29.8922,French
9951,French,French,European,27.0899,1344.7849,98.4040,93.5166,French
9952,French,French,European,151.1372,6112.6300,17.7040,619.8345,French
9953,French,French,European,0.0000,481.7800,0.0000,54.5000,French
9954,French,French,European,,,,,French
9955,French,French,European,38.8809,162.3600,4.0170,0.1761,French
9956,French,French,European,17.6976,350.9400,11.0676,28.8300,French
9957,French,French,European,46.8874,7050.1074,358.9613,597.9806,French
9958,French,French,European,48.0236,7075.1800,60.7912,772.6658,French
9959,French,French,European,6.6426,266.8600,1.4236,27.3562,French
9960,French,French,European,81.2075,779.9130,28.1855,39.5068,French
9961,French,French,European,,,,,French
9962,French,French,European,20.0818,1173.9653,84.6690,82.3945,French
9963,French,French,European,15.7194,1304.9360,104.4497,89.8879,French
9964,French,French,European,5.3302,497.5760,0.8245,54.3271,French
9965,French,French,European,2.2332,13.0000,0.5716,0.5604,French
9966,French,French,European,164.5807,4370.5051,274.8784,297.6140,French
9967,French,French,European,7.5223,52.0809,4.6331,0.6281,French
9968,French,French,European,25.7602,1035.4996,183.5917,17.4224,French
9969,French,French,European,32.9709,332.4470,7.6400,21.1565,French
9970,French,French,European,14.1835,1146.6130,44.4472,101.2926,French
9971,French,French,European,232.3760,1654.5760,59.2951,59.9423,French
9972,French,French,European,19.9466,1526.9556,85.9040,122.0717,French
9973,French,French,European,24.3915,388.8665,10.1817,28.4144,French
9974,French,French,European,8.0285,801.9693,0.6601,86.3288,French
9975,French,French,European,80.8722,826.2159,33.4422,42.1362,French
9976,French,French,European,22.4672,1145.9120,69.2667,87.4226,French
9977,French,French,European,304.9890,2243.9320,63.1034,86.0618,French
9978,French,French,European,55.4937,1024.6920,20.5060,81.0775,French
9979,French,French,European,152.0161,788.3460,14.7446,17.5472,French
9980,French,French,European,6.5760,816.0000,6.8160,86.5920,French
9981,French,French,European,84.8347,787.9040,24.2565,43.9949,French
9982,French,French,European,3.2306,372.6630,0.7436,40.6165,French
9983,French,French,European,5.8883,366.4180,8.0758,34.5241,French
9984,French,French,European,388.8722,2641.3912,59.2808,93.5708,French
9985,French,French,European,31.9586,667.3525,32.3724,47.7989,French
9986,French,French,European,3.1691,959.7015,2.1993,109.2184,French
9987,French,French,European,49.7517,725.7000,13.6757,53.6678,French
9988,French,French,European,30.9045,456.1800,9.4075,34.8880,French
9989,French,French,European,5.8893,129.5967,6.1912,9.1080,French
9990,French,French,European,109.1154,1751.8052,10.9165,145.3804,French
9991,French,French,European,81.1794,1790.8020,74.8586,138.8938,French
9992,French,French,European,141.8848,1464.9860,45.5563,86.2663,French
9993,French,French,European,40.9657,999.1754,24.4691,83.5930,French
9994,French,French,European,10.0812,53.0050,2.5731,1.6743,French
9995,French,French,European,12.3274,61.8730,0.5514,0.0750,French
9996,French,French,European,34.8431,498.6190,13.5006,35.9792,French
9997,French,French,European,134.2453,1622.4260,53.0885,97.2595,French
9998,French,French,European,153.2757,13284.7217,85.2608,1432.5745,French
9999,French,French,European,122.6240,763.4800,11.9040,30.0720,French
10000,French,French,European,201.5316,1079.5360,32.8252,13.5484,French
10001,French,French,European,69.6071,1605.6320,54.2130,133.3084,French
10002,French,French,European,41.2235,949.5800,33.4300,75.7741,French
10003,French,French,European,45.4036,667.7090,33.2763,39.8689,French
10004,French,French,European,5.3580,976.6198,0.3026,108.2936,French
10005,French,French,European,55.2222,750.7760,29.7674,47.6035,French
10006,French,French,European,54.2387,1333.4447,39.9000,114.0742,French
10007,French,French,European,140.6130,5698.3952,190.0194,481.3533,French
10008,French,French,European,12.2302,535.1952,1.3748,54.6260,French
10009,French,French,European,1.1062,56.9750,2.7916,4.5193,French
10010,French,French,European,229.4880,1988.4063,22.8715,127.7556,French
10011,French,French,European,1.4169,119.7570,0.3587,12.0364,French
10012,French,French,European,69.8020,999.9840,32.9907,61.5192,French
10013,French,French,European,20.3473,1236.3055,18.7236,122.0501,French
10014,French,French,European,51.2015,343.7100,10.6845,14.5930,French
10015,French,French,European,4.3145,981.3457,0.4711,108.1497,French
10016,French,French,European,0.9771,4.6004,0.1032,0.0456,French
10017,French,French,European,49.1551,197.8250,2.9091,1.0414,French
10018,French,French,European,10.5221,284.6840,0.9775,27.2037,French
10019,French,French,European,22.6653,941.2763,23.0967,88.8472,French
10020,French,French,European,50.0559,618.1800,25.1465,37.7176,French
10021,French,French,European,673.3079,3334.1750,112.3193,16.4697,French
10022,French,French,European,7.5615,339.7410,3.3646,34.3082,French
10023,French,French,European,153.0590,827.7600,20.0412,14.4414,French
10024,French,French,European,14.4834,361.8990,26.3194,19.1200,French
10025,French,French,European,33.1553,692.8620,21.9067,57.7557,French
10026,French,French,European,207.6694,1055.5650,35.5610,7.1300,French
10027,French,French,European,12.7305,295.5600,13.5837,22.9104,French
10028,French,French,European,7.2138,2722.1327,351.9594,135.5186,French
10029,French,French,European,261.6230,1339.9270,43.7277,10.1973,French
10030,French,French,European,23.6864,369.1800,21.6520,20.7126,French
10031,French,French,European,8.5542,66.9625,7.0817,0.4378,French
10032,French,French,European,14.4086,388.4200,21.7460,27.8994,French
10033,French,French,European,12.2589,48.7366,0.0486,0.0132,French
10034,French,French,European,104.0269,768.7130,26.7605,28.6782,French
10035,French,French,European,46.1552,703.3640,38.1490,41.3988,French
10036,French,French,European,66.5664,1025.7475,44.1336,68.1149,French
10037,French,French,European,36.0727,1256.4040,53.4846,100.0093,French
10038,French,French,European,12.0232,220.3400,13.9660,12.7338,French
10039,French,French,European,186.5472,1764.5750,46.8474,100.6395,French
10040,French,French,European,79.2048,628.5216,33.6233,23.9453,French
10041,French,French,European,67.5822,277.7305,1.6838,2.9958,French
10042,French,French,European,0.0000,238.6800,0.0000,27.0000,French
10043,French,French,European,224.4452,1352.8056,27.4681,42.6133,French
10044,French,French,European,252.3424,1665.1485,29.4502,69.6379,French
10045,French,French,European,40.3042,689.5400,39.4510,41.7708,French
10046,French,French,European,83.8198,993.2902,61.2651,51.4540,French
10047,French,French,European,23.7846,1044.7630,0.9338,108.2860,French
10048,French,French,European,112.4917,977.1760,32.4731,44.1547,French
10049,French,French,European,283.8843,1162.6000,7.2324,2.4000,French
10050,French,French,European,55.4677,510.3200,11.2664,29.0723,French
10051,French,French,European,97.6260,2164.8000,65.3430,183.6390,French
10052,French,French,European,43.7365,939.3720,29.4429,77.7829,French
10053,French,French,European,32.1908,393.4853,13.6358,25.7451,French
10054,French,French,European,,,,,French
10055,French,French,European,63.0948,1068.8268,103.1115,47.9980,French
10056,French,French,European,100.9235,1384.6076,92.9049,72.7576,French
10057,French,French,European,9.0263,80.9300,8.8943,1.1320,French
10058,French,French,European,0.3405,1.7250,0.0677,0.0544,French
10059,French,French,European,120.4018,1933.7970,23.2842,152.0664,French
10060,French,French,European,9.1654,1324.6519,179.4742,60.5330,French
10061,French,French,European,4.6990,378.9467,0.9542,40.5651,French
10062,French,French,European,745.3356,3709.8569,123.1284,17.0664,French
10063,French,French,European,1.9560,112.3665,5.5119,9.0611,French
10064,French,French,European,38.1544,2030.8860,6.2800,209.7550,French
10065,French,French,European,167.8786,1723.0031,27.3081,109.0715,French
10066,French,French,European,120.6659,1042.4100,43.1635,42.7716,French
10067,French,French,European,7.1714,2523.1000,6.5372,279.1136,French
10068,French,French,European,74.6157,1150.3900,86.8131,57.1284,French
10069,French,French,European,92.0235,1698.3275,30.6841,145.2297,French
10070,French,French,European,4.6447,28.8450,1.7722,0.2796,French
10071,French,French,European,242.9184,3804.5280,60.1154,294.2657,French
10072,French,French,European,101.2969,923.9230,24.7834,47.1603,French
10073,French,French,European,71.2947,778.5040,8.8010,52.3202,French
10074,French,French,European,93.9245,1096.6000,22.5208,76.5210,French
10075,French,French,European,1.3095,28.5000,0.8905,2.4000,French
10076,French,French,European,7.6386,840.1920,6.8210,86.5970,French
10077,French,French,European,202.0787,1889.0288,54.4855,98.9631,French
10078,French,French,European,18.9689,164.8140,6.1175,7.7694,French
10079,French,French,European,264.7806,2973.7790,6.3164,219.8246,French
10080,French,French,European,35.2735,857.0266,29.8088,71.1765,French
10081,French,French,European,38.2485,858.8740,13.4496,71.0236,French
10082,French,French,European,36.4626,699.4340,39.5550,44.6226,French
10083,French,French,European,176.2372,2156.2794,72.7196,139.7583,French
10084,French,French,European,260.9932,1922.0548,49.0199,86.0807,French
10085,French,French,European,6.5760,816.0000,6.8160,86.5920,French
10086,French,French,European,87.4713,2053.4635,74.8409,156.6487,French
10087,French,French,European,40.9913,564.2570,0.1182,45.4240,French
10088,French,French,European,151.7188,2663.7260,82.6516,207.2898,French
10089,French,French,European,0.0681,813.7950,0.9648,92.0599,French
10090,French,French,European,143.4656,1678.2580,65.0891,94.9852,French
10091,French,French,European,160.9548,742.2720,16.9866,1.5863,French
10092,French,French,European,7.0659,508.3135,0.5889,54.1949,French
10093,French,French,European,4.0914,854.6428,1.4977,92.9010,French
10094,French,French,European,188.7056,1787.8695,30.1415,111.0339,French
10095,French,French,European,235.4132,1149.8550,40.4709,6.4113,French
10096,French,French,European,3.5931,460.3760,14.1784,43.8166,French
10097,French,French,European,51.8380,889.0187,34.6621,62.3651,French
10098,French,French,European,20.4473,962.8200,29.0567,85.1424,French
10099,French,French,European,56.8034,1677.0070,36.9878,147.4716,French
10100,French,French,European,2.4618,1420.5953,0.4282,163.6838,French
10101,French,French,European,164.9434,848.4108,25.3014,6.9857,French
10102,French,French,European,56.1388,1223.9300,75.3017,79.9713,French
10103,French,French,European,6.6928,308.7265,6.3061,30.8148,French
10104,French,French,European,69.7510,1722.5300,0.1634,162.0466,French
10105,French,French,European,29.0109,372.8480,5.0298,27.3101,French
10106,French,French,European,627.1396,3782.4070,108.8480,89.5568,French
10107,French,French,European,45.0471,833.7300,67.1625,43.3176,French
10108,French,French,European,0.3600,71.5000,6.2800,4.7550,French
10109,French,French,European,161.1970,1569.8920,1.4204,109.6629,French
10110,French,French,European,99.6735,1560.6400,59.8874,109.7447,French
10111,French,French,European,21.5090,224.0237,7.8799,12.0968,French
10112,French,French,European,113.3274,3148.2195,115.5177,265.1619,French
10113,French,French,European,401.3592,2757.3938,82.9625,101.7193,French
10114,French,French,European,0.5557,967.2675,0.0000,108.0000,French
10115,French,French,European,47.3543,597.5967,30.7796,31.9396,French
10116,French,French,European,34.3112,851.5750,29.5140,71.1720,French
111349,French,French,European,81.3043,373.9130,14.2174,5.8696,French
111350,French,French,European,407.2730,2463.5220,68.4759,67.3358,French
111351,French,French,European,0.2414,16.9860,0.0358,0.0000,French
111352,French,French,European,269.7257,3024.8822,76.8110,187.6370,French
111353,French,French,European,126.1899,509.8830,2.4053,1.3154,French
111354,French,French,European,46.5809,871.0115,47.4045,55.9074,French
111355,French,French,European,0.0000,954.7200,0.0000,108.0000,French
111356,French,French,European,1030.2912,4826.7300,79.5422,30.8442,French
111357,French,French,European,5.0057,1010.8892,0.7558,112.4904,French
111358,French,French,European,205.8050,819.4000,0.2135,0.1464,French
111359,French,French,European,43.4430,397.3938,16.3281,22.6096,French
111360,French,French,European,1.1168,9.8316,0.1849,0.0323,French
111361,French,French,European,4.0350,500.3819,0.7712,54.6099,French
111362,French,French,European,242.2502,997.7170,14.8039,7.9806,French
111363,French,French,European,0.7595,5.2062,0.5160,0.0122,French
111364,French,French,European,135.5318,12732.4767,46.3518,1359.3262,French
111365,French,French,European,62.5042,2901.5802,99.9526,257.4817,French
111366,French,French,European,83.2666,1202.8690,57.4665,73.9123,French
111367,French,French,European,252.6203,3201.4480,13.4563,244.9616,French
111368,French,French,European,125.5191,1496.9430,20.6815,102.1893,French
111369,French,French,European,316.7172,1292.1008,12.3090,3.4376,French
111370,French,French,European,760.5966,4726.8480,164.7953,115.9273,French
111371,French,French,European,17.2567,1352.3730,2.8448,144.4220,French
111372,French,French,European,30.0040,159.9000,5.0050,2.4960,French
111373,French,French,European,0.1449,0.9170,0.0232,0.0410,French
111374,French,French,European,47170.4600,207060.6000,897.2950,1919.4575,French
111375,French,French,European,28.3438,109.7125,0.0000,0.0000,French
111376,French,French,European,461.3040,2106.5630,35.5745,8.0001,French
111377,French,French,European,50.1612,916.6025,29.6425,69.9918,French
111378,French,French,European,17.6050,338.3635,53.3051,6.2588,French
111379,French,French,European,37.5362,412.7920,8.6528,28.4400,French
111380,French,French,European,35.7497,346.0942,10.9966,21.7045,French
111381,French,French,European,28.8153,1479.3727,3.7166,151.3356,French
111382,French,French,European,71.5315,778.2415,18.0646,50.3438,French
111383,French,French,European,13440.0000,57600.0000,2000.0000,80.0000,French
111384,French,French,European,8.3272,970.6552,54.6282,80.2728,French
111385,French,French,European,282.5678,3654.2870,94.0202,247.7454,French
111386,French,French,European,1779.9937,23007.4900,1210.9783,1234.5560,French
111387,French,French,European,140.5338,706.8183,4.6608,13.9692,French
111388,French,French,European,133.5178,14207.7933,2834.5704,177.5119,French
111389,French,French,European,203.3326,2144.3610,89.2432,111.3033,French
111390,French,French,European,404.0018,2418.5589,104.0899,51.9714,French
111391,French,French,European,121.7004,698.5137,18.5525,16.8035,French
111392,French,French,European,102.7578,1072.7248,35.7381,64.0212,French
111393,French,French,European,28.4520,1623.2140,51.7504,149.9442,French
111394,French,French,European,47.6796,332.4259,10.1292,15.1043,French
111395,French,French,European,54.9219,577.1075,22.4777,30.7783,French
111396,French,French,European,833.7866,7088.4070,4.0171,428.9027,French
111397,French,French,European,1335.2284,55557.2160,570.4400,5749.6150,French
111398,French,French,European,12.3585,226.0167,39.9465,1.3052,French
111399,French,French,European,1.8378,16.6500,2.1492,0.0810,French
111400,French,French,European,77.6293,371.4599,17.0060,3.1247,French
111401,French,French,European,137.0200,594.0716,8.2949,5.3355,French
111402,French,French,European,558.0801,2826.5462,32.8339,58.2984,French
111403,French,French,European,167.3240,1579.5313,74.7508,72.0402,French
111404,French,French,European,140.1332,1802.1116,157.4638,71.6063,French
111405,French,French,European,113.9566,758.9803,24.3748,30.8440,French
111406,French,French,European,10.5687,138.3455,7.8698,7.3709,French
111407,French,French,European,67.3125,446.7578,22.9764,16.3765,French
111408,French,French,European,15.5897,439.9012,0.3975,42.1041,French
111409,French,French,European,34.7107,1502.8900,47.9595,137.2098,French
111410,French,French,European,39.2470,668.0700,8.2542,55.6857,French
111411,French,French,European,384.6130,1847.7500,55.2320,5.0350,French
111412,French,French,European,31.3177,340.6800,10.2471,22.0148,French
111413,French,French,European,155.0597,2358.6406,25.0957,187.8775,French
111414,French,French,European,73.7206,587.9580,12.2610,29.6475,French
111415,French,French,European,100.1961,2346.6900,111.7191,181.1550,French
111416,French,French,European,344.9913,2214.0934,118.9550,53.9434,French
111417,French,French,European,449.6754,2150.7570,13.5215,31.7077,French
111418,French,French,European,144.2425,635.0301,17.1458,1.2701,French
111419,French,French,European,111.2657,811.0500,29.9683,26.3715,French
111420,French,French,European,104.1440,701.5600,20.9920,30.2320,French
111421,French,French,European,121.3356,545.2274,19.4484,3.4359,French
111422,French,French,European,48.3084,753.6293,23.8301,54.6357,French
111423,French,French,European,72.7545,583.7100,26.5903,19.7431,French
111424,French,French,European,229.7115,3190.4180,48.1005,242.2076,French
111425,French,French,European,1.7721,2252.5285,271.4692,121.2753,French
111426,French,French,European,157.1400,3420.0000,106.8600,288.0000,French
111427,French,French,European,128.2101,957.0700,26.1646,34.0126,French
111428,French,French,European,8.5875,730.4566,13.0925,73.1350,French
111429,French,French,European,379.5161,2026.2132,23.4253,49.6848,French
111430,French,French,European,189.4863,771.5810,3.1025,0.9325,French
111431,French,French,European,276.5889,1609.5000,67.1134,28.2356,French
111432,French,French,European,59.0668,738.9465,21.3233,46.7473,French
111433,French,French,European,80.4473,961.1817,52.4305,50.5400,French
111434,French,French,European,118.1543,2042.8600,62.6687,147.1868,French
111435,French,French,European,35.2080,840.2400,43.6488,62.8416,French
111436,French,French,European,8175.1844,334294.7881,3398.3166,34560.5577,French
111437,French,French,European,146.1507,1252.3020,30.3482,66.8668,French
111438,French,French,European,10542.5224,105486.0579,1000.6770,7112.5046,French
111439,French,French,European,700.3332,3987.3545,122.0423,78.8666,French
111440,French,French,European,153.4783,1176.1110,53.6389,37.4369,French
111441,French,French,European,98.4755,4113.0337,54.3804,397.5318,French
111442,French,French,European,158.2980,619.4950,0.1320,0.0000,French
111443,French,French,European,365.4000,2093.2490,51.3898,45.5120,French
111444,French,French,European,1.2206,35911.4800,5.3924,4059.0236,French
111445,French,French,European,197.7207,1940.7498,55.2821,113.9887,French
111446,French,French,European,23.7498,612.0293,16.7951,52.3906,French
111447,French,French,European,37.1516,363.6082,8.9080,21.9911,French
111448,French,French,European,31.9924,1372.6160,31.7248,124.3529,French
111449,French,French,European,79.8315,1388.8254,165.7318,42.9325,French
111450,French,French,European,70.8556,1683.8660,97.3949,115.7234,French
111451,French,French,European,364.8001,2870.6724,151.2778,90.3982,French
111452,French,French,European,5.7161,286.9520,1.8229,29.3615,French
111453,French,French,European,210.9683,10494.1693,1224.0715,643.5003,French
111454,French,French,European,432.3298,3220.1500,117.2572,115.1560,French
111455,French,French,European,66.8320,1258.3845,8.7673,109.5920,French
111456,French,French,European,191.6210,764.2619,0.5682,0.5954,French
111457,French,French,European,84.0811,1219.7060,115.6308,53.0769,French
111458,French,French,European,130.9877,934.1458,36.3437,34.2984,French
111459,French,French,European,187.9453,2240.0187,236.2949,89.7113,French
111460,French,French,European,246.5965,1079.4692,29.2332,1.2878,French
111461,French,French,European,12.0935,173.7440,4.9622,11.9541,French
111462,French,French,European,21.7470,638.5878,42.4588,43.0490,French
111463,French,French,European,74.7884,449.9312,18.6387,9.9642,French
111464,French,French,European,,,,,French
111465,French,French,European,11.1127,47.6216,1.5506,0.2161,French
111466,French,French,European,49.9634,539.5107,26.8989,26.4558,French
111467,French,French,European,933.6412,5220.2258,210.8040,74.2788,French
111468,French,French,European,16.1565,590.4400,30.9766,46.9665,French
111469,French,French,European,29.9788,1126.6975,40.1758,100.0032,French
111470,French,French,European,218.9940,1325.7200,48.0526,30.9936,French
111471,French,French,European,22.8781,655.4075,49.2691,39.3723,French
111472,French,French,European,6.1898,29.3690,1.3824,0.1504,French
111473,French,French,European,374.1481,1633.4088,12.1622,17.8484,French
111474,French,French,European,44.4926,3629.7493,22.2859,378.7065,French
111475,French,French,European,71.1232,1209.2400,94.6824,71.6512,French
111476,French,French,European,0.9918,243.1500,0.1908,27.0150,French
111477,French,French,European,2933.6566,38051.3679,1930.8967,2082.6654,French
111478,French,French,European,31.8537,627.4600,16.2431,52.0103,French
111479,French,French,European,4.1918,707.9090,88.8401,34.4183,French
111480,French,French,European,67.1987,268.6600,0.0000,0.0000,French
111481,French,French,European,12.1912,66.6400,4.7432,1.2544,French
111482,French,French,European,92.0895,432.9743,3.7096,7.8543,French
111483,French,French,European,307.7514,1903.2015,36.2525,68.6277,French
111484,French,French,European,21.9206,331.3459,16.0631,20.7346,French
111485,French,French,European,28.9672,1251.8400,29.1500,118.0008,French
111486,French,French,European,5.7204,509.8483,0.6552,54.0805,French
111487,French,French,European,33.6825,848.5416,36.9829,67.7182,French
111488,French,French,European,3.4653,1926.5170,0.6423,216.5254,French
111489,French,French,European,397.4644,2090.4080,65.6862,21.8302,French
111490,French,French,European,0.0000,7183.2000,2.2960,815.7360,French
111491,French,French,European,93.4391,528.4200,14.8235,9.8662,French
111492,French,French,European,6.1374,741.1966,12.1070,75.6580,French
111493,French,French,European,6.1266,26.1540,0.5555,0.3100,French
111494,French,French,European,43176.0813,199339.4113,2137.9350,2073.7144,French
111495,French,French,European,9.4824,89.6600,3.8534,3.9914,French
111496,French,French,European,0.0654,241.9445,44.8998,5.6519,French
111497,French,French,European,0.9577,5.5752,0.0923,0.3092,French
111498,French,French,European,139.8218,1389.8470,30.4580,84.6075,French
111499,French,French,European,9.5976,302.1610,7.4426,27.3195,French
111500,French,French,European,224.8210,905.6821,2.5430,1.2687,French
111501,French,French,European,51.0594,427.8151,23.4092,15.4706,French
111502,French,French,European,36.0699,1259.7160,58.5433,101.9125,French
111503,French,French,European,233.7268,1435.5489,78.2283,26.2514,French
111504,French,French,European,252.7588,2587.0849,102.4673,135.6486,French
111505,French,French,European,38.9756,262.0379,6.9232,10.7102,French
111506,French,French,European,77.1189,923.7400,24.2181,60.3435,French
111507,French,French,European,24.3773,1075.1860,21.6397,101.2387,French
111508,French,French,European,231.2417,1334.4380,39.0667,25.0942,French
111509,French,French,European,25.7665,1167.8631,94.1430,72.0899,French
111510,French,French,European,14.4086,489.2867,44.1860,28.4661,French
111511,French,French,European,33.9888,287.4191,12.0944,11.9351,French
111512,French,French,European,201.5960,805.9800,0.0000,0.0000,French
111513,French,French,European,9.1951,303.5155,6.0128,28.4648,French
111514,French,French,European,145.0399,2342.3544,6.0787,196.7730,French
111515,French,French,European,24.0172,246.1100,12.0420,11.6933,French
111516,French,French,European,226.9992,1605.3473,35.6491,67.4926,French
111517,French,French,European,192.6291,1777.7096,17.5888,108.0641,French
111518,French,French,European,241.6605,1519.5380,40.8194,46.9684,French
111519,French,French,European,72.2448,503.1708,4.0400,23.2809,French
111520,French,French,European,111.6121,1393.1060,85.6750,74.4376,French
111521,French,French,European,68.7695,2379.5775,27.1675,232.8672,French
111522,French,French,European,1.2252,11.1000,1.4328,0.0540,French
111523,French,French,European,347.7814,1730.9950,57.4441,7.9597,French
111524,French,French,European,271.0959,1279.5150,85.0704,10.2825,French
111525,French,French,European,0.8951,119.8013,4.2522,0.1136,French
111526,French,French,European,116.6566,1426.6090,68.1163,76.0757,French
111527,French,French,European,278.2458,1267.4400,29.4514,15.5650,French
111528,French,French,European,13.2902,86.0470,3.9504,3.6456,French
111529,French,French,European,325.9303,3569.9427,90.7708,226.6170,French
111530,French,French,European,197.8629,1038.8240,19.4667,17.7721,French
111531,French,French,European,115.8150,463.0329,0.2115,0.0270,French
111532,French,French,European,22.7498,849.1480,35.4959,67.4746,French
111533,French,French,European,350.2318,1753.1950,60.3097,8.0677,French
111534,French,French,European,7.5164,487.8048,33.3406,35.4122,French
111535,French,French,European,33.8555,3241.3294,11.9875,349.1719,French
111536,French,French,European,351.4852,2996.5450,42.1668,163.5318,French
111537,French,French,European,8.5044,73.4559,5.3010,2.4281,French
111538,French,French,European,27.2820,1168.8300,184.3157,32.7530,French
111539,French,French,European,133.5764,1827.4520,62.9726,123.1114,French
111540,French,French,European,379.4846,2106.4303,64.7854,34.3831,French
111541,French,French,European,151.6030,1134.7230,16.1663,57.2389,French
111542,French,French,European,17.1482,424.0210,12.4577,36.3181,French
111543,French,French,European,20.2725,363.7280,11.0951,28.6800,French
111544,French,French,European,35.7015,684.7150,5.9358,54.8699,French
111545,French,French,European,31.5747,684.6060,21.4054,57.6101,French
111546,French,French,European,1.8445,164.2987,8.0969,13.5366,French
111547,French,French,European,77.4818,2046.7200,42.3104,197.2368,French
111548,French,French,European,106.7089,1450.9962,22.0956,112.1018,French
111549,French,French,European,6.5593,982.3100,1.2727,108.1424,French
111550,French,French,European,19.9896,94.2800,4.2492,0.6016,French
111551,French,French,European,157.3897,1040.5940,24.2565,41.2434,French
111552,French,French,European,17.5503,576.5068,11.1923,54.5498,French
111553,French,French,European,28.0000,48630.3000,64.5400,5456.9700,French
111554,French,French,European,7.3908,574.7680,40.3937,42.7422,French
111555,French,French,European,75.6477,534.8100,26.4162,15.9876,French
111556,French,French,European,79.5434,1100.3148,60.3952,63.8217,French
111557,French,French,European,35.6607,229.4450,13.9244,3.1951,French
111558,French,French,European,76.2943,1341.4360,79.1359,76.5584,French
111559,French,French,European,46.5634,1908.8781,8.6698,192.6260,French
111560,French,French,European,30.4777,307.5676,10.8231,15.3782,French
111561,French,French,European,61.6994,1346.9340,99.4443,76.7922,French
111562,French,French,European,75.9515,650.8100,13.9381,34.0358,French
111563,French,French,European,93.5073,1369.9120,54.5330,90.0428,French
111564,French,French,European,89.9155,1377.2270,17.3963,114.7771,French
111565,French,French,European,7.5561,454.1817,31.4907,33.7595,French
111566,French,French,European,6.7422,637.1275,46.1657,47.2190,French
111567,French,French,European,59.6273,1376.9927,95.0321,87.2649,French
111568,French,French,European,94.8442,654.0199,22.1398,24.9534,French
111569,French,French,European,170.7938,1289.0269,15.3691,63.1484,French
111570,French,French,European,5.1524,366.7975,27.6446,25.8240,French
111571,French,French,European,4.9026,1034.8107,58.1100,87.2567,French
111572,French,French,European,231.6928,1339.9480,27.4037,36.9243,French
111573,French,French,European,20.3197,92.8416,1.6627,0.8089,French
111574,French,French,European,54.6620,208.3800,2.1744,0.4832,French
111575,French,French,European,36.9942,229.5995,7.4620,8.1820,French
111576,French,French,European,5.4756,220.4600,2.0880,21.8509,French
111577,French,French,European,163.9285,716.6768,19.4138,0.7257,French
111578,French,French,European,144.6417,1513.1449,79.3449,78.1268,French
111579,French,French,European,77.9091,1232.9650,75.4301,68.9780,French
111580,French,French,European,13.5949,483.2717,68.9060,15.3505,French
111581,French,French,European,6.0334,989.5650,1.0014,109.2013,French
111582,French,French,European,192.6525,1144.9786,56.4957,18.8028,French
111583,French,French,European,34.5074,631.4287,6.4670,55.1572,French
111584,French,French,European,906.6063,3623.5139,0.1458,0.0397,French
111585,French,French,European,221.8506,2984.9490,33.5901,223.2873,French
111586,French,French,European,5.3305,1955.8995,0.9600,216.3639,French
111587,French,French,European,75.4419,1031.4071,48.1310,61.3937,French
111588,French,French,European,61.1645,272.3342,7.5989,1.8229,French
111589,French,French,European,81.2646,1066.9220,60.5510,56.7229,French
111590,French,French,European,0.0000,336.3840,0.1075,38.2003,French
111591,French,French,European,0.0000,112.1280,0.0358,12.7334,French
111592,French,French,European,2.9705,854.6540,2.3030,93.2384,French
111593,French,French,European,1001.0518,5145.9500,83.8630,82.4312,French
111594,French,French,European,23.5559,1181.8927,84.9266,83.5097,French
111595,French,French,European,20.7059,202434.6874,44885.1157,1201.6831,French
111596,French,French,European,87.2862,1277.9680,15.2520,98.2181,French
111597,French,French,European,96.2987,912.0269,39.5778,45.3822,French
111598,French,French,European,21.6200,262.9967,40.9996,1.2125,French
111599,French,French,European,74.0062,609.6335,16.2989,30.9951,French
111600,French,French,European,41.5854,511.6400,6.1168,38.8035,French
111601,French,French,European,34.1788,493.9440,12.7195,34.9018,French
111602,French,French,European,47.4953,530.8425,12.9733,34.9355,French
111603,French,French,European,369.3832,2462.0930,116.8690,71.2451,French
111604,French,French,European,81.2050,823.8200,20.3786,49.4792,French
111605,French,French,European,61.4680,241.2900,2.4732,0.6441,French
111606,French,French,European,509.4846,2340.8700,41.1860,9.1094,French
111607,French,French,European,12.0816,880.2416,49.0753,70.6325,French
111608,French,French,European,29.4835,1396.1736,128.9549,84.8824,French
111609,French,French,European,0.9918,243.1500,0.1908,27.0150,French
111610,French,French,European,49.2129,707.1332,92.4140,17.5588,French
111611,French,French,European,,,,,French
111612,French,French,European,0.0000,201.7333,44.8800,1.1333,French
111613,French,French,European,77.5226,1106.4590,66.8507,63.3074,French
111614,French,French,European,6340.8193,29095.7459,502.1215,113.5224,French
111615,French,French,European,21.3058,580.6425,37.7706,38.3552,French
111616,French,French,European,309.9811,3916.4302,45.2336,285.3043,French
111617,French,French,European,20.0188,816.2217,73.6501,48.2196,French
111618,French,French,European,212.6316,1204.6670,33.7552,33.3078,French
111619,French,French,European,12.9102,1323.1597,2.3546,141.3261,French
111620,French,French,European,44.0425,474.5900,14.7195,32.4646,French
111621,French,French,European,45.9385,581.3238,38.5840,28.0764,French
111622,French,French,European,129.9769,1474.5240,60.7994,80.7943,French
111623,French,French,European,38.2546,655.8092,8.7943,55.9293,French
111624,French,French,European,14.0932,380.9380,26.6558,23.0439,French
111625,French,French,European,53.2128,1247.5820,42.1557,101.0603,French
111626,French,French,European,4301.7620,42819.0446,467.3280,2641.7164,French
111627,French,French,European,29.7992,289.6815,11.9682,15.1092,French
111628,French,French,European,277.9612,2675.0208,81.6772,144.5703,French
111629,French,French,European,357.8157,1978.8600,106.5027,18.3504,French
111630,French,French,European,122.2886,877.9600,32.2905,28.2279,French
111631,French,French,European,19.3989,646.3165,46.8173,41.8120,French
111632,French,French,European,106.6102,2640.5890,83.9795,225.8810,French
111633,French,French,European,244.2410,1292.6200,40.2535,20.1144,French
111634,French,French,European,50.2444,603.6670,14.4898,43.2183,French
111635,French,French,European,8.1961,254.8600,16.4108,13.5072,French
111636,French,French,European,291.1873,1939.8016,94.9480,43.1718,French
111637,French,French,European,149.0706,723.1440,13.3790,4.3749,French
111638,French,French,European,34.2872,223.7200,20.0495,1.1978,French
111639,French,French,European,181.1341,2090.9765,92.4224,112.1661,French
111640,French,French,European,56.8785,692.9070,14.3074,47.7513,French
111641,French,French,European,39.9519,724.8100,24.8216,57.8118,French
111642,French,French,European,48.6465,1228.0100,68.3241,85.9928,French
111643,French,French,European,465.7255,4550.6007,60.3692,282.3591,French
111644,French,French,European,0.7200,143.0000,12.5600,9.5100,French
111645,French,French,European,45.8583,198.9300,6.1743,0.6120,French
111646,French,French,European,136.9904,1713.3200,21.3251,121.7528,French
111647,French,French,European,1.1935,41.3687,8.4745,0.2224,French
111648,French,French,European,181.9276,1209.3819,27.2324,47.0401,French
111649,French,French,European,97.5946,1141.9640,64.4718,52.7072,French
111650,French,French,European,99.2350,1254.8240,51.1926,78.4680,French
111651,French,French,European,13.6160,58.5500,1.3470,0.2494,French
111652,French,French,European,584.7955,3570.9935,131.9011,84.4221,French
111653,French,French,European,501.9545,9813.1000,307.6525,799.6480,French
111654,French,French,European,143.4244,649.5035,14.4113,0.2309,French
111655,French,French,European,3037.0040,35754.4612,1988.5399,1915.7633,French
111656,French,French,European,4.1992,374.2740,0.0000,40.5000,French
111657,French,French,European,17.6161,439.6860,4.0013,41.3330,French
111658,French,French,European,676.9060,4256.1352,181.8622,95.1233,French
111659,French,French,European,15.7140,342.0000,10.6860,28.8000,French
111660,French,French,European,208.9189,1254.2641,30.9243,35.0814,French
111661,French,French,European,79.3899,349.7457,14.1629,2.1034,French
111662,French,French,European,24.4726,1525.5725,17.6039,154.2226,French
111663,French,French,European,10.4510,44.6865,1.7309,0.3208,French
111664,French,French,European,34.2114,273.0688,9.8027,12.3699,French
111665,French,French,European,66.2596,650.7050,13.6506,42.3354,French
111666,French,French,European,1056.4253,6421.6150,255.2767,137.1628,French
111667,French,French,European,2.4104,721.5117,42.9708,59.1972,French
111668,French,French,European,205.2815,1222.7119,93.7582,8.6081,French
111669,French,French,European,0.2869,1.1471,0.0000,0.0000,French
111670,French,French,European,90.1295,1068.3673,42.5510,62.5696,French
111671,French,French,European,41.7318,442.7219,25.1520,19.1059,French
111672,French,French,European,60.9809,1008.1450,14.1398,83.1819,French
111673,French,French,European,236.0472,947.1000,3.1360,0.9184,French
111674,French,French,European,42.8517,254.0785,8.3742,5.7330,French
111675,French,French,European,78.0378,603.4804,22.6795,22.2815,French
111676,French,French,European,90.1762,786.9720,37.0927,34.4709,French
111677,French,French,European,0.0270,121.2400,0.0040,13.5000,French
111678,French,French,European,39.3360,465.7223,20.3930,28.9016,French
111679,French,French,European,361.9837,3833.3635,75.8711,239.8483,French
111680,French,French,European,24.0858,856.8672,51.3972,61.3136,French
111681,French,French,European,2.3870,32.3041,5.7291,0.1615,French
111682,French,French,European,223.6235,2254.3015,117.9376,100.6050,French
111683,French,French,European,18.3052,476.2700,23.4853,36.0319,French
111684,French,French,European,145.9108,1544.2200,44.7941,88.8194,French
111685,French,French,European,34.7592,338.8396,47.4633,2.7871,French
111686,French,French,European,144.0489,979.0883,41.8074,19.8068,French
111687,French,French,European,2.6196,253.1400,1.1376,27.1836,French
111688,French,French,European,2.7248,494.9760,0.0784,54.4000,French
111689,French,French,European,53818.5637,245819.9012,3996.1134,953.7059,French
111690,French,French,European,965.7184,115996.4800,967.8720,12296.0640,French
111691,French,French,European,943.2523,6484.0593,297.6020,166.6709,French
111692,French,French,European,19.0995,1061.9792,64.6085,82.5865,French
111693,French,French,European,58.2088,2164.0648,8.5268,217.1942,French
111694,French,French,European,38.2398,188.4052,10.5347,2.3652,French
111695,French,French,European,0.2711,2.8875,0.0321,0.1997,French
111696,French,French,European,255.2192,1499.7380,33.7880,50.2720,French
111697,French,French,European,119.5447,788.1803,56.2840,15.5589,French
111698,French,French,European,52.8348,746.8580,7.8547,61.2554,French
111699,French,French,European,197.2735,1181.5533,62.7225,18.4500,French
111700,French,French,European,44.7377,451.1900,13.6183,27.5360,French
111701,French,French,European,23.4723,540.2245,6.3795,48.0277,French
111702,French,French,European,804.5973,4077.0697,99.8465,62.4132,French
111703,French,French,European,5.0019,700.7380,7.0042,73.8607,French
111704,French,French,European,56.8533,296.8200,5.5031,7.9700,French
111705,French,French,European,220.2946,2613.0924,19.5268,189.9654,French
111706,French,French,European,409.7862,1635.4655,0.5470,0.6980,French
111707,French,French,European,120.1537,1881.8782,56.8220,139.0032,French
111708,French,French,European,26.1375,1165.6851,59.8959,94.7492,French
111709,French,French,European,56.7356,250.7680,7.3922,2.0875,French
111710,French,French,European,23.9272,246.6368,9.7119,15.1441,French
111711,French,French,European,280.8705,1069.0600,12.9250,2.6001,French
111712,French,French,European,16.4087,3279.4080,209.3621,263.8024,French
111713,French,French,European,1684.7802,9856.3438,740.1671,60.6896,French
111714,French,French,European,6.0477,478.6133,40.2420,31.1896,French
111715,French,French,European,0.0000,0.0000,0.0000,0.0000,French
111716,French,French,European,40.5249,479.7328,15.2874,28.9389,French
111717,French,French,European,130.1704,530.9100,2.9520,1.5990,French
111718,French,French,European,39.0085,257.0490,9.8996,8.0234,French
111719,French,French,European,39.2648,1130.3425,13.6953,105.8099,French
111720,French,French,European,2.7471,224.5172,4.2968,0.1211,French
111721,French,French,European,214.9391,1827.3120,53.2928,87.0675,French
111722,French,French,European,98.7971,1677.4158,108.0848,97.5707,French
111723,French,French,European,37.7805,162.8700,4.0050,0.8010,French
111724,French,French,European,264.4701,1580.7017,75.5446,33.8974,French
111725,French,French,European,43.8718,1275.6735,77.7685,88.9116,French
111726,French,French,European,11.4428,595.9060,54.6451,36.0667,French
111727,French,French,European,101.0986,2584.5642,155.2489,181.9353,French
111728,French,French,European,28.1778,261.3400,16.8816,8.6978,French
111729,French,French,European,72.0000,478.8000,0.0000,24.0120,French
111730,French,French,European,194.9517,2280.7075,69.3389,135.3472,French
111731,French,French,European,36.4753,1663.5375,46.7217,155.8848,French
111732,French,French,European,622.4537,3249.8633,27.2211,74.2680,French
111733,French,French,European,426.8584,4231.8759,103.2513,249.5621,French
111734,French,French,European,28.6390,631.7900,11.8647,55.3057,French
111735,French,French,European,215.1230,2621.5500,42.7242,176.5008,French
111736,French,French,European,138.0494,1045.9345,28.0420,45.1233,French
111737,French,French,European,9.2763,249.9716,20.1254,14.4495,French
111738,French,French,European,24.2937,245.9430,9.2810,15.2317,French
111739,French,French,European,3.6356,616.9467,78.1698,30.4771,French
111740,French,French,European,80.6364,900.3000,63.1256,35.9452,French
111741,French,French,European,176.5120,1503.7590,15.6991,83.4778,French
111742,French,French,European,625.3338,2816.3225,53.3410,7.3912,French
111743,French,French,European,119.8272,1264.9660,44.1490,71.3830,French
111744,French,French,European,104.7608,1134.0870,37.9540,75.3227,French
111745,French,French,European,3.6377,248.9710,17.5387,18.4626,French
111746,French,French,European,20.9650,872.2220,64.9691,58.0538,French
111747,French,French,European,236.5667,1495.2729,47.8597,37.4158,French
111748,French,French,European,8.4840,761.4605,1.5050,81.6982,French
111749,French,French,European,395.9484,2338.1830,94.7034,41.7715,French
111750,French,French,European,5.5344,45.3992,4.8881,0.1922,French
111751,French,French,European,415.4411,2558.1165,54.6747,81.9579,French
111752,French,French,European,62.5120,1058.4000,45.2170,74.3610,French
111753,French,French,European,12.7134,526.6800,12.3858,47.3760,French
111754,French,French,European,40.9672,218.0640,9.3702,1.9683,French
111755,French,French,European,354.7347,2319.5969,22.6355,95.0666,French
111756,French,French,European,40.9965,156.2850,1.6308,0.3624,French
111757,French,French,European,419.9668,2687.5028,127.6088,65.1038,French
111758,French,French,European,14.4980,807.7329,136.8076,17.0175,French
111759,French,French,European,312.0926,1425.6015,19.5362,14.3570,French
111760,French,French,European,93.4208,1480.6333,24.6733,116.7832,French
111761,French,French,European,1059.4250,4215.6850,1.1175,0.3439,French
111762,French,French,European,282.9267,2040.5415,81.8183,70.0758,French
111763,French,French,European,406.3690,2534.4550,45.4239,89.6078,French
111764,French,French,European,599.5734,3649.0860,155.1829,70.4940,French
111765,French,French,European,1.9445,87.1482,0.2452,9.2034,French
111766,French,French,European,0.0000,0.0000,0.0000,0.0000,French
111767,French,French,European,59.6493,702.8460,24.0430,43.6180,French
111768,French,French,European,30.6898,447.9817,31.9474,22.4659,French
111769,French,French,European,201.5960,805.9800,0.0000,0.0000,French
111770,French,French,European,179.4257,1679.0145,37.0072,105.0357,French
111771,French,French,European,22.5999,1000.0086,83.7861,65.2836,French
111772,French,French,European,248.3304,1536.1106,81.7428,25.7542,French
111773,French,French,European,4.2027,1148.4209,1.8230,128.6405,French
111774,French,French,European,225.0653,1313.6850,37.0759,28.3941,French
111775,French,French,European,62.6312,1267.8115,73.3906,79.9101,French
111776,French,French,European,20.6214,699.6620,44.1668,49.7082,French
111777,French,French,European,4.6476,223.6412,1.6797,23.2432,French
111778,French,French,European,47.0593,3106.9075,9.2312,328.7197,French
111779,French,French,European,52.3374,1398.9760,82.2516,97.9107,French
111780,French,French,European,84.3429,830.1720,59.0127,31.5125,French
111781,French,French,European,145.1782,1323.6480,31.0020,68.2696,French
111782,French,French,European,312.8254,1630.3120,37.7957,31.4123,French
111783,French,French,European,612.8025,3242.5365,123.3353,36.5332,French
111784,French,French,European,54.1398,868.8763,64.8803,47.4172,French
111785,French,French,European,36.9006,256.8300,13.5692,6.5288,French
111786,French,French,European,93.3180,612.3600,10.9440,28.0836,French
111787,French,French,European,5.6258,229.4700,2.9426,22.2959,French
111788,French,French,European,43.0315,1150.7497,8.7426,109.6473,French
111789,French,French,European,27.2556,319.6460,11.5443,17.0138,French
111790,French,French,European,76.6756,333.2400,9.6160,1.6822,French
111791,French,French,European,243.8032,2389.6309,125.8340,102.4768,French
111792,French,French,European,31.0490,202.0680,6.7844,7.3900,French
111793,French,French,European,14.6407,68.2560,3.4289,0.7880,French
111794,French,French,European,132.4956,634.6500,29.3118,4.4622,French
111795,French,French,European,20.0456,512.9267,14.9737,45.1362,French
111796,French,French,European,801.7746,5324.2608,177.7094,167.1844,French
111797,French,French,European,110.5238,1347.6997,25.7030,90.0922,French
111798,French,French,European,0.0000,534.0000,118.8000,3.0000,French
111799,French,French,European,35.4456,539.8557,20.0002,37.6490,French
111800,French,French,European,38.4556,210.4198,13.4716,2.0336,French
111801,French,French,European,21.4301,516.9582,17.5503,41.3385,French
111802,French,French,European,0.0000,0.0000,0.0000,0.0000,French
111803,French,French,European,120.6816,2229.2670,79.6796,159.0181,French
111804,French,French,European,40809.1365,290173.5000,3998.5035,12753.2400,French
111805,French,French,European,6.5344,318.6608,22.4714,22.4507,French
111806,French,French,European,33.2835,1622.3215,14.7708,164.2042,French
111807,French,French,European,76.5429,850.6200,30.3366,52.2554,French
111808,French,French,European,0.1022,1220.6925,1.4471,138.0898,French
111809,French,French,European,28.7282,250.1335,5.4468,14.2787,French
111810,French,French,European,91.2596,619.4200,31.5470,17.2194,French
111811,French,French,European,39.0566,815.2800,44.4124,55.7554,French
111812,French,French,European,18.1841,1864.9475,18.5082,200.3178,French
111813,French,French,European,99.7666,2593.9825,78.9817,212.8098,French
111814,French,French,European,1.8126,9.8520,0.7795,0.2098,French
111815,French,French,European,61.6184,283.9050,7.5693,3.0606,French
111816,French,French,European,3.3098,14.2310,0.5256,0.2635,French
111817,French,French,European,255.4423,2410.9610,28.7943,153.0443,French
111818,French,French,European,52.7612,377.8110,8.0911,13.5379,French
111819,French,French,European,85.3613,607.6625,25.3391,18.4281,French
111820,French,French,European,24.1441,298.3704,12.2423,22.2370,French
111821,French,French,European,33.3416,1517.8774,95.6418,120.0964,French
111822,French,French,European,13.9197,866.8109,181.2407,4.7000,French
111823,French,French,European,6.0985,128.8904,4.0315,10.8066,French
111824,French,French,European,150.5073,1746.9489,45.4683,107.5753,French
111825,French,French,European,266.8808,2172.2600,70.8450,98.0982,French
111826,French,French,European,,,,,French
111827,French,French,European,1428.5325,57480.5000,628.9475,5911.1100,French
111828,French,French,European,4.1721,360.8184,3.0158,37.8163,French
111829,French,French,European,9024.5035,60207.0166,1503.9591,2098.9975,French
111830,French,French,European,9.4868,1657.8890,129.1807,121.7879,French
111831,French,French,European,5266.8000,20240.0000,202.4000,57.2000,French
111832,French,French,European,10.9928,45.6112,1.5179,0.2186,French
111833,French,French,European,534.1823,2196.4877,15.7959,5.0863,French
111834,French,French,European,4.7847,503.0360,1.0824,54.6460,French
111835,French,French,European,27.1391,326.5950,24.4202,14.9608,French
111836,French,French,European,107.3261,909.9833,27.0328,42.4561,French
111837,French,French,European,421.6551,2166.9263,108.4299,12.4773,French
111838,French,French,European,15.0914,544.3008,71.2028,20.1798,French
111839,French,French,European,4.9365,536.8600,34.4627,42.6648,French
111840,French,French,European,221.2147,1198.2975,22.8191,28.7366,French
111841,French,French,European,258.4159,1329.7377,62.1005,42.0621,French
111842,French,French,European,,,,,French
111843,French,French,European,45.9075,911.1845,58.7486,58.2600,French
111844,French,French,European,394.2737,2426.0756,5.1827,100.3547,French
111845,French,French,European,89.5220,693.5465,9.8379,32.2871,French
111846,French,French,European,68.6042,1247.8018,5.8991,111.3360,French
111847,French,French,European,9.0185,114.5175,5.7966,6.1838,French
111848,French,French,European,15.2762,207.9693,8.1607,14.7198,French
111849,French,French,European,1.7130,122.1000,0.7500,12.8670,French
111850,French,French,European,0.4205,110.2780,0.3140,12.0740,French
111851,French,French,European,621.5948,3524.8260,20.3202,108.5539,French
111852,French,French,European,146.3862,877.2850,40.6430,18.4990,French
111853,French,French,European,11.8601,336.9200,10.7745,28.3494,French
111854,French,French,European,13.5443,1059.3680,38.6272,96.0511,French
111855,French,French,European,0.9148,4.7407,0.0331,0.0017,French
111856,French,French,European,30.8597,1017.7940,8.3374,99.6528,French
111857,French,French,European,42.4960,1227.9662,16.2068,117.0376,French
111858,French,French,European,1265.1852,190702.6000,11563.7128,15524.4090,French
111859,French,French,European,47.6958,1468.4405,22.9083,138.6603,French
111860,French,French,European,56.2991,2617.7373,92.0474,226.1528,French
111861,French,French,European,54.0796,511.1016,17.8851,30.2326,French
111862,French,French,European,39.8543,1111.0965,32.3024,94.0925,French
111863,French,French,European,13.9453,63.1760,2.1715,0.9865,French
111864,French,French,European,0.0000,289068.0000,0.0000,32700.0000,French
111865,French,French,European,16.7940,556.5000,29.5260,43.0650,French
111866,French,French,European,40.3172,388.7198,25.8130,15.5719,French
111867,French,French,European,60.7214,1359.6348,50.0096,110.3232,French
111868,French,French,European,0.1386,361.1490,0.0000,40.5000,French
111869,French,French,European,327.6545,1711.8610,19.5275,35.6682,French
111870,French,French,European,,,,,French
111871,French,French,European,188.0410,1190.4570,65.2047,18.8774,French
111872,French,French,European,76.2371,355.1121,7.0857,2.7394,French
111873,French,French,European,32.5730,375.2131,5.6163,27.0371,French
111874,French,French,European,49.0559,1162.8710,0.9808,109.1986,French
111875,French,French,European,982.1250,21375.0000,667.8750,1800.0000,French
111876,French,French,European,147.2467,913.0410,40.2667,14.0927,French
111877,French,French,European,141.0108,2959.7230,142.1452,206.2177,French
111878,French,French,European,0.7970,18.1440,0.0038,0.0038,French
111879,French,French,European,20513.0681,169694.5986,6328.0601,6697.8063,French
111880,French,French,European,185.3979,1669.3106,78.6717,71.2302,French
111881,French,French,European,52.2465,582.5020,39.8762,22.1297,French
111882,French,French,European,315.4986,2945.2145,108.5083,138.7625,French
111883,French,French,European,77.9796,902.4389,73.0756,35.0581,French
111884,French,French,European,65.3564,477.6800,20.3220,16.4076,French
111885,French,French,European,172.0094,2067.3260,76.1991,125.9643,French
111886,French,French,European,14.6468,587.2719,98.7155,12.2734,French
111887,French,French,European,,,,,French
111888,French,French,European,54.7063,1098.3345,53.6112,79.1368,French
111889,French,French,European,24.2998,629.5880,23.4513,49.5487,French
111890,French,French,European,32.3527,691.8097,44.3175,43.2888,French
111891,French,French,European,95.9600,752.6360,21.1837,34.2699,French
111892,French,French,European,12.2262,415.5300,2.0661,41.5011,French
111893,French,French,European,59.9831,906.5452,43.4256,57.7870,French
111894,French,French,European,41374.1361,156908.4225,1350.6057,372.3648,French
111895,French,French,European,27.3293,2373.1975,161.8957,177.7031,French
111896,French,French,European,302.6891,1502.0640,49.2378,6.8226,French
111897,French,French,European,0.0000,321.0738,44.8801,14.6333,French
111898,French,French,European,147.4585,2039.7595,30.3013,150.0338,French
111899,French,French,European,33.0800,510.5000,50.8400,18.2650,French
111900,French,French,European,184.1346,1804.8552,66.2396,93.5532,French
111901,French,French,European,3.6416,56237.5300,13.3991,6352.8088,French
111902,French,French,European,69.8844,953.2600,12.6724,74.6000,French
111903,French,French,European,54.6077,793.2715,42.0241,45.5879,French
111904,French,French,European,14.2207,270.2155,19.4276,14.4052,French
111905,French,French,European,45.6810,605.8890,5.1876,46.2884,French
111906,French,French,European,238.3781,2176.1870,41.2210,123.9080,French
111907,French,French,European,4.7847,22.1400,1.0824,0.2460,French
111908,French,French,European,94.2801,649.7100,10.5510,29.1990,French
111909,French,French,European,6619.8300,117610.0000,2926.2100,9572.6800,French
111910,French,French,European,24.0659,275.7857,12.6900,16.0305,French
111911,French,French,European,361.0788,2150.3708,115.7407,35.5958,French
111912,French,French,European,0.9898,5.3640,0.2227,0.3199,French
111913,French,French,European,11.7558,384.5986,29.8438,24.2874,French
111914,French,French,European,279.0594,2052.3746,44.7690,84.7661,French
111915,French,French,European,129.5831,1548.9801,23.1774,102.4873,French
111916,French,French,European,914.7424,11606.8857,589.9446,626.0966,French
111917,French,French,European,0.0000,1210.4027,269.2806,6.8000,French
111918,French,French,European,608.1426,5183.1967,108.3497,258.8330,French
111919,French,French,European,4.2053,2952.9276,0.7716,332.2477,French
111920,French,French,European,116.1600,1656.9620,34.7474,117.2639,French
111921,French,French,European,0.0468,0.4063,0.0556,0.0113,French
111922,French,French,European,19.6084,808.0253,1.0046,81.0854,French
111923,French,French,European,91.8962,794.1500,8.9000,46.0410,French
111924,French,French,European,56.9170,2172.2388,11.3853,220.0497,French
111925,French,French,European,15.0136,431.3100,9.7492,37.7458,French
111926,French,French,European,68.7850,350.1000,19.7180,1.3200,French
111927,French,French,European,12.8378,259.8550,8.0679,21.6366,French
111928,French,French,European,1.2823,139.8362,0.4320,14.3247,French
111929,French,French,European,51.7178,688.2161,29.9444,44.1828,French
111930,French,French,European,91.4897,635.5738,12.2016,28.4969,French
111931,French,French,European,699.5211,15082.6400,474.8109,1265.2110,French
111932,French,French,European,127.8550,1189.1422,16.1957,72.7778,French
111933,French,French,European,14.7452,704.5464,3.3347,72.7624,French
111934,French,French,European,2.8528,59890.2408,10.8334,6768.0604,French
111935,French,French,European,56.5734,260.9800,8.6732,1.9316,French
111936,French,French,European,201.7030,1372.6619,34.3738,52.2000,French
111937,French,French,European,316.4064,1793.2420,61.7620,42.2550,French
111938,French,French,European,,,,,French
111939,French,French,European,5.4172,393.4810,2.7699,40.9437,French
111940,French,French,European,5.8173,864.9832,0.2165,94.5187,French
111941,French,French,European,1.8644,1507.9334,55.5958,143.0137,French
111942,French,French,European,3269.1791,16668.9200,305.6555,240.0794,French
111943,French,French,European,105.9925,1949.8027,29.8284,158.6253,French
111944,French,French,European,171.3075,1632.3546,111.2058,59.7641,French
111945,French,French,European,5643.0820,25885.4548,608.3950,319.2521,French
111946,French,French,European,37812.3300,499840.7300,9642.3200,34609.8750,French
111947,French,French,European,127.8306,589.3800,10.8338,2.2976,French
111948,French,French,European,214.7349,2276.2375,33.1547,153.0225,French
111949,French,French,European,32.5434,336.5259,40.9849,6.5905,French
111950,French,French,European,19.8070,1503.7601,160.3619,83.1441,French
111951,French,French,European,1.6235,7.5142,0.2946,0.2037,French
111952,French,French,European,4666.0619,59539.5200,3074.4801,3191.5530,French
111953,French,French,European,1661.9496,111594.7600,5971.0296,9045.0320,French
111954,French,French,European,98.7973,1205.5372,84.1355,52.8286,French
111955,French,French,European,10.8144,2314.3200,88.9224,215.2656,French
111956,French,French,European,21.2977,344.0060,4.3555,28.1297,French
111957,French,French,European,62.8230,1009.9591,48.6664,63.7706,French
111958,French,French,European,89.3095,1367.6046,70.2222,80.8254,French
111959,French,French,European,101.6652,1186.8070,19.9171,84.1359,French
111960,French,French,European,31.6662,1022.6875,23.1233,94.9661,French
111961,French,French,European,73.6556,767.1000,18.4304,48.0660,French
111962,French,French,European,436.8875,3048.9370,65.7247,122.2986,French
111963,French,French,European,92.9470,1117.6556,37.7900,69.1289,French
111964,French,French,European,0.0000,477.3600,0.0000,54.0000,French
111965,French,French,European,163.2903,1003.6360,45.8944,21.0733,French
111966,French,French,European,14.8497,323.1900,10.0983,27.2160,French
111967,French,French,European,28.6370,2794.4700,3.6295,299.3023,French
111968,French,French,European,16.4472,332.6080,11.0518,27.3889,French
111969,French,French,European,32.1555,388.4059,9.9570,28.1777,French
111970,French,French,European,116.6509,2472.4112,46.2634,219.4993,French
111971,French,French,European,106.5044,918.4972,90.3830,15.8061,French
111972,French,French,European,116.9080,2692.8370,37.2070,233.6071,French
111973,French,French,European,31.6959,623.6358,8.3127,54.9979,French
111974,French,French,European,102.0048,1105.5479,53.9690,57.5892,French
111975,French,French,European,80.2516,630.2533,21.8788,26.4847,French
111976,French,French,European,7.4249,281.8190,5.0491,27.2080,French
111977,French,French,European,233.0996,3252.1000,67.2916,228.6092,French
111978,French,French,European,61.5895,1584.5298,65.5926,128.2518,French
111979,French,French,European,19.2708,190.6540,3.7710,12.3800,French
111980,French,French,European,31.4280,908.2560,21.4437,83.0669,French
111981,French,French,European,5.6202,25.3300,1.0812,0.0850,French
111982,French,French,European,5.6188,761.7750,18.8100,74.9512,French
111983,French,French,European,163.4018,1958.9867,41.8203,129.3424,French
111984,French,French,European,230.9121,1562.7870,43.2979,66.6760,French
111985,French,French,European,81.4921,620.7818,27.3328,26.5080,French
111986,French,French,European,185.5682,2632.1470,2.7544,218.7929,French
111987,French,French,European,144.6129,2722.1917,136.5806,177.8222,French
111988,French,French,European,121.8785,1738.5337,73.6144,114.1683,French
111989,French,French,European,13.8072,57.0748,1.1373,0.1908,French
111990,French,French,European,43.1628,255.9050,6.9796,8.2662,French
111991,French,French,European,50319.0471,260543.8460,8634.2380,2231.6011,French
111992,French,French,European,132.4796,965.5847,10.4034,43.4280,French
111993,French,French,European,24.7660,199.7560,6.6423,9.2139,French
111994,French,French,European,41.5118,491.9587,35.7363,23.3857,French
111995,French,French,European,4.0249,90.9966,7.0727,5.0451,French
111996,French,French,European,216.1268,4383.6740,141.3284,360.4153,French
111997,French,French,European,64.7067,437.6540,10.0650,18.4938,French
111998,French,French,European,434.6640,2311.8800,53.1126,45.9156,French
111999,French,French,European,578.3128,3082.7804,159.0885,29.0262,French
112000,French,French,European,31.6916,125.2408,1.3210,0.5931,French
112001,French,French,European,56.8476,247.1315,9.4557,0.6465,French
112002,French,French,European,,,,,French
112003,French,French,European,10.5514,1141.4089,209.5293,24.1583,French
112004,French,French,European,4.6016,125.6533,5.1328,10.6539,French
112005,French,French,European,2.0664,696.8700,0.4022,76.4388,French
112006,French,French,European,46.7034,1935.0610,78.9402,163.3191,French
112007,French,French,European,361.5538,1786.0570,57.4441,7.9597,French
112008,French,French,European,0.0000,1123.9276,89.7602,83.7667,French
112009,French,French,European,,,,,French
112010,French,French,European,14.9250,109.5000,11.4000,1.0625,French
112011,French,French,European,46.4451,394.9667,8.5099,21.7601,French
112012,French,French,European,166.8960,1281.9500,109.3465,21.0350,French
112013,French,French,European,159.7629,1613.0319,77.4971,76.5255,French
112014,French,French,European,1.0800,214.5000,18.8400,14.2650,French
112015,French,French,European,85.8815,2378.7416,109.7552,186.8386,French
112016,French,French,European,3.6097,68.9622,3.2965,4.5662,French
112017,French,French,European,131.4828,1931.2500,97.2410,115.4302,French
112018,French,French,European,58.3022,832.8150,42.6384,49.6687,French
112019,French,French,European,228.2926,1519.0040,34.0345,54.1377,French
112020,French,French,European,101.4979,68582.2312,29.1494,7680.5128,French
112021,French,French,European,57.4582,1062.1330,13.1779,91.7581,French
112022,French,French,European,39.7667,1409.0000,84.9803,102.7331,French
112023,French,French,European,62.7102,1035.4600,39.1137,72.5628,French
112024,French,French,European,22.8598,105.6972,4.7218,1.0079,French
112025,French,French,European,9.6534,46.4749,2.6566,0.5847,French
112026,French,French,European,0.1269,101.3790,0.1269,11.3505,French
112027,French,French,European,115.5468,516.6000,14.4296,0.2324,French
112028,French,French,European,112.1900,1751.4301,71.7766,120.4581,French
112029,French,French,European,7.4151,570.2210,22.4818,50.6343,French
112030,French,French,European,38.3011,674.9020,34.5405,43.8438,French
112031,French,French,European,171.7134,2211.2967,91.3758,141.8638,French
112032,French,French,European,638.6988,3719.3250,117.0721,71.3687,French
112033,French,French,European,71.8063,336.2150,10.7910,0.1683,French
112034,French,French,European,79.8997,1421.5891,78.6883,88.0652,French
112035,French,French,European,41.0662,211.0160,7.8820,0.9877,French
112036,French,French,European,53.0952,244.8663,4.6194,4.9283,French
112037,French,French,European,1786.0637,22591.7712,1615.7075,1060.1651,French
112038,French,French,European,26.3012,125.2753,5.4034,1.1453,French
112039,French,French,European,,,,,French
112040,French,French,European,21.8232,771.1800,53.3660,51.0088,French
112041,French,French,European,492.8706,3879.8907,61.4237,192.9951,French
112042,French,French,European,506.4756,2229.6900,25.3122,13.2377,French
112043,French,French,European,,,,,French
112044,French,French,European,220.7241,1820.5560,63.4595,78.9007,French
112045,French,French,European,119.4836,1513.0400,91.8692,73.5690,French
112046,French,French,European,81.4146,515.6615,37.8621,15.8238,French
112047,French,French,European,577.1249,3992.1972,161.2075,125.1720,French
112048,French,French,European,5.1589,866.1875,17.7573,65.2751,French
112049,French,French,European,142.7548,610.1650,5.2889,2.7250,French
112050,French,French,European,21.3230,798.6946,49.7873,56.5868,French
112051,French,French,European,64.6940,1634.0384,63.7564,124.8651,French
112052,French,French,European,0.0000,238.6800,0.0000,27.0000,French
112053,French,French,European,43.3014,1359.4587,134.2658,72.4881,French
112054,French,French,European,41.7454,1941.8320,27.7439,192.0187,French
112055,French,French,European,103.1186,720.8723,32.3431,24.9606,French
112056,French,French,European,186.5993,1332.0750,26.0757,63.4061,French
112057,French,French,European,244.3321,1584.3000,40.4080,52.0239,French
112058,French,French,European,11.2901,674.8232,21.9753,63.3841,French
112059,French,French,European,5.8173,864.9832,0.2165,94.5187,French
112060,French,French,European,7.0848,1171.1745,60.8109,100.1321,French
112061,French,French,European,27.5262,198.8899,6.5007,9.5685,French
112062,French,French,European,19.5684,579.5623,5.8204,55.5049,French
112063,French,French,European,48.5229,1198.1490,81.5411,81.3465,French
112064,French,French,European,4.8418,28.7163,0.9382,1.4636,French
112065,French,French,European,,,,,French
112066,French,French,European,15.0591,724.1327,7.2271,75.9179,French
112067,French,French,European,86.3640,408.0000,15.8520,3.0000,French
112068,French,French,European,241.9169,1521.1215,40.8907,46.9459,French
112069,French,French,European,17.1158,75.6764,2.3205,0.3235,French
112070,French,French,European,115.9966,1782.4067,97.7090,101.1216,French
112071,French,French,European,201256.1700,861379.6667,7941.2533,4204.3400,French
112072,French,French,European,349.8566,2573.4720,95.6143,90.6808,French
112073,French,French,European,5.4496,444.8400,39.7568,28.0000,French
112074,French,French,European,,,,,French
112075,French,French,European,223.3342,1470.6398,19.4525,56.2782,French
112076,French,French,European,47.6022,332.1800,8.4456,15.0760,French
112077,French,French,European,36.7749,307.5286,20.6750,11.2133,French
112078,French,French,European,292.5815,2927.8460,83.2248,167.0973,French
112079,French,French,European,5.0166,78.4970,6.8151,3.8469,French
112080,French,French,European,63379.0576,290508.9480,4768.9240,1209.4452,French
112081,French,French,European,0.4818,34.3200,7.1940,0.1122,French
112082,French,French,European,21.7941,331.0920,14.8365,21.6723,French
112083,French,French,European,1666.0090,69217.8800,699.5756,7161.5256,French
112084,French,French,European,112.0836,527.4180,3.5137,4.5662,French
112085,French,French,European,9.4663,143.2856,13.8641,5.0839,French
112086,French,French,European,26.3491,143.9252,8.2732,1.1651,French
112087,French,French,European,29.4400,513.6922,10.8507,39.2933,French
112088,French,French,European,2.6913,558.3280,37.6825,42.1325,French
112089,French,French,European,290.8325,2953.3842,35.0110,184.6205,French
112090,French,French,European,18.9875,328.5611,2.6572,27.8733,French
112091,French,French,European,91.8391,525.4940,23.5790,10.3976,French
112092,French,French,European,36.7665,2645.6622,149.6514,213.8565,French
112093,French,French,European,20.0076,102.8400,7.6628,0.9692,French
112094,French,French,European,82.3119,1929.0351,121.6640,129.3123,French
112095,French,French,European,57.6609,1644.4065,1.0320,163.8968,French
112096,French,French,European,10.5566,1427.0392,276.0789,24.8375,French
112097,French,French,European,68.2014,315.1194,15.2335,3.0947,French
112098,French,French,European,218.0578,2487.5830,33.3567,163.5214,French
112099,French,French,European,322.0281,1699.8500,6.3455,45.9432,French
112100,French,French,European,21.2597,580.3977,40.4776,36.7171,French
112101,French,French,European,102.9023,1030.2800,53.3817,47.7652,French
112102,French,French,European,23.7810,660.2460,19.8853,57.4417,French
112103,French,French,European,361.2955,1582.6437,58.3882,9.7969,French
112104,French,French,European,3.4388,433.3467,2.5397,46.5805,French
112105,French,French,European,89.2830,392.9250,10.1238,3.6220,French
112106,French,French,European,,,,,French
112107,French,French,European,51.3233,678.1146,28.1117,41.9614,French
112108,French,French,European,,,,,French
112109,French,French,European,,,,,French
112110,French,French,European,5.4879,945.7510,43.8309,83.8096,French
112111,French,French,European,669.0158,3197.2350,68.8742,22.7183,French
112112,French,French,European,310.3564,1541.9103,34.1410,21.5096,French
112113,French,French,European,298.0983,1483.7100,49.2378,6.8226,French
112114,French,French,European,0.0000,238.6800,0.0000,27.0000,French
112115,French,French,European,45.0198,220.6500,10.0752,1.5810,French
112116,French,French,European,190.8444,1353.6200,27.2765,58.3571,French
112117,French,French,European,37.8167,436.2908,11.1856,29.1927,French
112118,French,French,European,470.6637,2134.1040,32.9035,7.8526,French
112119,French,French,European,285.4206,2104.5387,56.0943,85.2040,French
112120,French,French,European,26.8770,1070.9830,1.6820,109.7448,French
112121,French,French,European,49.7772,1436.4764,101.0605,95.8509,French
112122,French,French,European,409.1901,2033.4850,66.8887,9.6443,French
112123,French,French,European,338.0188,1931.6900,71.7895,35.8562,French
112124,French,French,European,27.9377,122.1193,4.4796,0.3150,French
112125,French,French,European,19.3018,569.1570,39.9039,38.0058,French
112126,French,French,European,279.2513,1820.5662,67.5377,59.5069,French
112127,French,French,European,16.9470,495.0000,11.9640,45.0360,French
112128,French,French,European,73.9379,2122.8825,73.7650,172.1250,French
112129,French,French,European,36.9212,1310.0426,73.8512,98.1668,French
112130,French,French,European,99.6275,441.4500,9.8875,4.6667,French
112131,French,French,European,57.3812,1208.2332,134.0975,51.0370,French
112132,French,French,European,17.4969,284.1433,47.0929,1.9739,French
112133,French,French,European,32.3344,669.9210,44.5753,39.0433,French
112134,French,French,European,18.9374,500.1627,14.9542,41.8596,French
112135,French,French,European,75.4261,2289.6188,115.1730,176.7124,French
112136,French,French,European,97.4464,594.4967,3.9384,24.6199,French
112137,French,French,European,2.5600,3031.9611,8.2293,337.6986,French
112138,French,French,European,82.5450,647.2213,14.9825,31.2131,French
112139,French,French,European,0.2058,955.3604,0.0243,108.0066,French
112140,French,French,European,0.1817,40.5930,0.0380,4.5211,French
112141,French,French,European,42.3919,302.4150,17.3927,6.8212,French
112142,French,French,European,169.1693,757.3997,35.8914,5.7855,French
112143,French,French,European,67.5715,964.8464,49.1122,56.1054,French
112144,French,French,European,69.4058,668.6752,47.5930,27.9543,French
112145,French,French,European,0.0000,96356.0000,0.0000,10900.0000,French
112146,French,French,European,4.0816,1121.3053,113.0386,70.6434,French
112147,French,French,European,266.6176,1634.0000,23.1588,58.1040,French
112148,French,French,European,142.8229,4077.9625,117.8394,360.1693,French
112149,French,French,European,80.0658,1042.5420,43.7290,62.2357,French
112150,French,French,European,32.8036,582.5600,59.5376,25.1588,French
112151,French,French,European,128.7176,1607.0675,62.2385,100.8741,French
112152,French,French,European,6.5516,217.4200,16.4030,13.4994,French
112153,French,French,European,14.4086,388.4200,21.7460,27.8994,French
112154,French,French,European,44.4585,875.8100,56.0270,52.8150,French
112155,French,French,European,6.6986,613.2233,103.4725,15.9464,French
112156,French,French,European,40.3064,663.8865,32.1485,45.2375,French
112157,French,French,European,13.7492,286.7135,18.9526,15.8086,French
112158,French,French,European,3247.2000,12375.0000,133.6500,29.7000,French
112159,French,French,European,28.1621,596.3300,43.7145,31.7805,French
112160,French,French,European,426.7189,105231.3150,274.3770,11638.6395,French
112161,French,French,European,27.5888,296.2974,5.9438,18.9602,French
112162,French,French,European,411.4944,2216.4068,139.3581,8.2460,French
112163,French,French,European,65.6463,271.9720,14.5195,3.4788,French
112164,French,French,European,113.7246,696.8940,24.0354,14.4360,French
112165,French,French,European,83.7462,2296.0310,82.4035,178.4889,French
112166,French,French,European,57.8660,1057.3808,65.1723,66.8275,French
112167,French,French,European,8.3430,1431.6727,53.2723,132.9940,French
112168,French,French,European,241.2583,2963.4920,151.2762,162.6390,French
112169,French,French,European,100.0717,2664.4522,140.3269,199.7265,French
112170,French,French,European,197.6578,1988.1682,60.9128,110.8971,French
112171,French,French,European,48.0000,1281.5200,48.8584,98.8000,French
112172,French,French,European,1467.7332,56066.4265,571.9714,5746.6191,French
112173,French,French,European,311.2758,1605.6107,37.3868,29.8057,French
112174,French,French,European,59.8094,1659.5490,53.0468,138.1856,French
112175,French,French,European,37.7805,162.8700,4.0050,0.8010,French
112176,French,French,European,2.3103,489.1304,0.1310,54.5798,French
112177,French,French,European,208.1210,1344.7487,38.9602,41.7948,French
112178,French,French,European,109.3169,7207.5075,1410.3679,90.2325,French
112179,French,French,European,1.1451,528.6021,0.6733,58.0366,French
112180,French,French,European,61.3164,453.8684,3.3107,22.3536,French
112181,French,French,European,223.4715,2714.6840,86.0269,179.5966,French
112182,French,French,European,158.6668,817.8731,18.5973,14.3165,French
112183,French,French,European,62.5120,1058.4000,45.2170,74.3610,French
112184,French,French,European,100.7175,784.7350,38.3448,27.8833,French
112185,French,French,European,197.2174,2720.5610,21.3293,212.8294,French
112186,French,French,European,57.9661,563.1416,7.9636,36.9459,French
112187,French,French,European,0.0000,0.0000,0.0000,0.0000,French
112188,French,French,European,119.2252,1083.6400,57.5382,43.8641,French
112189,French,French,European,108.3030,1802.2105,89.6433,114.9391,French
112190,French,French,European,54.1433,1079.7680,26.0743,88.3298,French
112191,French,French,European,163.6756,1518.8767,46.9358,79.4679,French
112192,French,French,European,85.4293,5100.6431,22.2609,531.5837,French
112193,French,French,European,116.3790,1347.4931,57.6802,78.5362,French
112194,French,French,European,288.8099,1606.4279,20.0935,49.9514,French
112195,French,French,European,2.3073,3811.6960,1.3045,428.5485,French
112196,French,French,European,297.0837,2498.9460,34.5655,140.1301,French
112197,French,French,European,265.8027,1333.0330,38.9924,18.7032,French
112198,French,French,European,26.7731,934.0830,55.8895,67.5522,French
112199,French,French,European,72.2760,849.4449,35.6007,50.2104,French
112200,French,French,European,241.6073,1086.5487,16.9040,9.9853,French
112201,French,French,European,6.5211,1708.2655,3.5469,186.8088,French
112202,French,French,European,261.2999,1618.7203,52.6038,45.4744,French
112203,French,French,European,332.6935,1966.6300,48.8570,46.8468,French
112204,French,French,European,29.9310,3708.3000,1.1480,407.8680,French
112205,French,French,European,62.6642,535.4298,8.7486,28.6707,French
112206,French,French,European,18.4949,94.2632,7.7583,1.0288,French
112207,French,French,European,58.6689,440.9644,8.6430,21.4500,French
112208,French,French,European,228.0369,1310.2110,39.0295,25.4199,French
112209,French,French,European,204.2058,2766.7147,46.7650,199.0037,French
112210,French,French,European,5.0722,599.1483,23.1839,54.6675,French
112211,French,French,European,22.3732,274.8046,9.0791,19.1861,French
112212,French,French,European,7.6124,391.2390,1.0470,40.6139,French
112213,French,French,European,216.4102,990.0320,24.5450,5.9636,French
112214,French,French,European,87.3005,2311.0411,131.5525,161.6160,French
112215,French,French,European,14.7918,1702.8725,25.4872,174.1117,French
112216,French,French,European,21.4403,613.4200,31.5082,44.1519,French
112217,French,French,European,42.1111,382.6205,12.2374,19.7363,French
112218,French,French,European,473.9303,1993.4403,23.4019,4.3598,French
112219,French,French,European,53865.2203,301533.1500,10965.3367,4109.7610,French
112220,French,French,European,51.1283,880.0400,5.3658,75.7814,French
112221,French,French,European,36.8518,314.1200,12.5030,14.9440,French
112222,French,French,European,184.1030,1501.7510,14.6445,86.0228,French
112223,French,French,European,1928.7889,66017.4210,6047.9368,3743.7560,French
112224,French,French,European,321.4598,1812.1215,7.7396,67.8699,French
112225,French,French,European,273.6410,3631.2052,111.4488,240.1001,French
112226,French,French,European,27.3501,614.7246,21.0916,47.5773,French
112227,French,French,European,413.0746,2049.9920,67.7996,9.1778,French
112228,French,French,European,37.0637,509.5191,6.8580,39.1428,French
112229,French,French,European,214.6296,1290.3238,33.1939,41.4062,French
112230,French,French,European,0.7371,9.4935,1.4521,0.0496,French
112231,French,French,European,36.8815,490.0110,35.2651,23.1198,French
112232,French,French,European,148.4366,818.0900,33.0727,14.2315,French
112233,French,French,European,426.6144,3494.1095,168.1863,124.5084,French
112234,French,French,European,18.3475,768.2900,7.2990,76.0350,French
112235,French,French,European,,,,,French
112236,French,French,European,39748.7825,199161.5720,6566.6897,1057.2365,French
112237,French,French,European,69.3873,686.7512,46.7268,24.5009,French
112238,French,French,European,107.1308,1238.1320,17.0720,83.4472,French
112239,French,French,European,1.5372,2891.6655,388.1043,148.2252,French
112240,French,French,European,28.5333,2086.7527,167.6708,144.9963,French
112241,French,French,European,26.0396,786.6937,32.4561,63.3723,French
112242,French,French,European,32.8766,2186.4502,207.4251,131.7028,French
112243,French,French,European,148.6603,2721.1112,64.6614,222.2106,French
112244,French,French,European,127.6796,1751.8230,13.4499,144.7662,French
112245,French,French,European,72.7798,2647.5139,294.8992,121.3800,French
112246,French,French,European,26.5490,750.8720,53.0570,44.4926,French
112247,French,French,European,10.7771,76941.7068,3.1458,8525.8334,French
112248,French,French,European,88.1648,1545.7071,143.9898,64.3607,French
112249,French,French,European,10.3682,1623.6528,148.7517,108.1636,French
112250,French,French,European,7.0600,119.3500,15.6470,2.9410,French
112251,French,French,European,1.8076,2809.3520,108.0569,258.9516,French
112252,French,French,European,97.3010,1433.9946,138.7212,54.0397,French
112253,French,French,European,48.8604,344.1400,12.0444,15.5500,French
112254,French,French,European,0.3872,1.7674,0.0817,0.0147,French
112255,French,French,European,16.1857,143.7850,7.4551,5.0354,French
112256,French,French,European,24.4104,598.9992,41.5617,36.5690,French
112257,French,French,European,102.6671,2007.9600,26.2837,169.6439,French
112258,French,French,European,119.4740,889.4733,55.3400,20.3328,French
112259,French,French,European,4.7379,494.8915,0.3691,54.1761,French
112260,French,French,European,210.9103,795.0750,5.8068,1.7878,French
112261,French,French,European,14.0684,1089.1032,72.5434,83.3275,French
112262,French,French,European,217.5600,912.0000,21.8100,4.4700,French
112263,French,French,European,228.5685,1332.5300,41.6971,28.3978,French
112264,French,French,European,30625.1235,129102.2820,400.7275,1080.0025,French
112265,French,French,European,22.3165,846.5150,32.0881,73.4784,French
112266,French,French,European,524.3753,2702.3140,82.0630,24.8710,French
112267,French,French,European,141.8701,5090.2718,99.0254,461.8441,French
112268,French,French,European,76.5702,338.8050,12.6929,2.5152,French
112269,French,French,European,26.1360,5411.9733,586.9359,313.2171,French
112270,French,French,European,137.6875,1972.8000,52.6980,139.4040,French
112271,French,French,European,106.7563,13835.9438,575.1548,1218.1504,French
112272,French,French,European,6773.0518,29569.7988,1016.4290,95.0764,French
112273,French,French,European,70.3062,1067.4000,35.2886,76.4120,French
112274,French,French,European,88.3585,1295.9280,37.7626,85.5852,French
112275,French,French,European,2.8672,934.0800,28.2688,88.9056,French
112276,French,French,European,129.0656,877.2200,30.5290,33.4294,French
112277,French,French,European,114.6521,1489.2590,127.5822,69.4265,French
112278,French,French,European,7949.7004,41972.5368,4502.5758,356.3542,French
112279,French,French,European,35.7399,697.8640,21.6011,57.7496,French
112280,French,French,European,5.6205,345.0450,9.6862,31.9055,French
112281,French,French,European,39.5788,722.3400,22.7494,58.2674,French
112282,French,French,European,175.8364,2844.0500,36.1224,231.5868,French
112283,French,French,European,80.2160,4471.1825,614.9553,190.4952,French
112284,French,French,European,67.9293,1400.9578,111.7218,73.2975,French
112285,French,French,European,44.9297,4611.3604,364.8497,322.1870,French
112286,French,French,European,258.8094,4681.0709,60.0538,387.5091,French
112287,French,French,European,27.5448,110.1240,0.0000,0.0000,French
112288,French,French,European,56.2351,2277.2494,112.3345,180.3117,French
112289,French,French,European,32.6795,675.2348,35.0843,50.1392,French
112290,French,French,European,16.6133,759.5960,21.3450,66.7655,French
112291,French,French,European,15.6356,1337.9145,217.7017,46.8409,French
112292,French,French,European,8.1922,197.6750,15.4760,11.0044,French
112293,French,French,European,43.5551,1494.9330,54.1347,122.0688,French
112294,French,French,European,171.8450,2238.3215,77.2362,146.9252,French
112295,French,French,European,249.5573,1889.5960,53.0385,81.3775,French
112296,French,French,European,1155.5501,6765.2050,245.9838,134.2938,French
112297,French,French,European,1.1112,155.8200,0.6966,16.6440,French
112298,French,French,European,122.6500,479.4236,2.9622,0.6829,French
112299,French,French,European,7.1793,288.0960,2.7505,28.6105,French
112300,French,French,European,42.3696,2071.6337,319.2642,62.4090,French
112301,French,French,European,0.0000,2615.5083,157.0804,219.9667,French
112302,French,French,European,425.0092,2327.0840,65.6504,36.0968,French
112303,French,French,European,52.3742,2353.8300,122.8955,191.1082,French
112304,French,French,European,315.8589,1626.8816,57.3585,11.7880,French
112305,French,French,European,68.7971,2860.3938,209.5369,200.5397,French
112306,French,French,European,38.9303,637.1840,17.0531,52.1813,French
112307,French,French,European,117.5360,2919.0775,75.3572,240.9732,French
112308,French,French,European,34.9601,3439.2856,379.8262,188.2846,French
112309,French,French,European,6.3922,362.3690,20.0953,27.9964,French
112310,French,French,European,39.3489,2873.0025,16.5736,301.8809,French
112311,French,French,European,14.5381,181.9115,3.1493,14.1479,French
112312,French,French,European,30.9069,3565.1850,387.1645,200.0357,French
112313,French,French,European,99.4357,1327.2135,45.2202,90.8457,French
112314,French,French,European,99.1219,626.3400,9.7237,22.0560,French
112315,French,French,European,51.9661,230.9550,9.6440,2.2270,French
112316,French,French,European,58.5643,1321.3862,17.3316,126.5050,French
112317,French,French,European,97.4047,1518.5900,49.7512,116.0758,French
112318,French,French,European,14.9973,66.0302,0.2836,0.1183,French
112319,French,French,European,138.7842,930.0508,36.8570,22.8965,French
112320,French,French,European,0.9791,563.5480,6.0520,60.9809,French
112321,French,French,European,140.8412,2891.6469,288.2928,128.5797,French
112322,French,French,European,194.6135,2683.4738,84.0617,181.4410,French
112323,French,French,European,47.7661,222.3985,13.0322,3.2697,French
112324,French,French,European,305.2999,1635.5880,37.3343,27.7125,French
112325,French,French,European,100.0521,6279.2022,266.8380,532.4529,French
112326,French,French,European,156.3549,2394.0238,111.9214,149.8288,French
112327,French,French,European,13.6832,680.6900,28.2820,57.8201,French
112328,French,French,European,28.3968,1562.8002,213.7036,62.3310,French
112329,French,French,European,150.7608,870.0298,45.9773,12.7601,French
112330,French,French,European,14.5858,100.4917,5.7250,2.1120,French
112331,French,French,European,144.5882,1717.1480,220.7947,30.2275,French
112332,French,French,European,62.7238,1438.0465,58.0266,108.7379,French
112333,French,French,European,833.3257,19067.0405,2611.0430,505.8537,French
112334,French,French,European,39.7866,2934.7520,52.7990,294.8790,French
112335,French,French,European,93.2045,1470.5901,63.2150,99.7922,French
112336,French,French,European,11.4777,369.5850,33.4644,20.1868,French
112337,French,French,European,40.7243,301.4950,7.6854,14.1366,French
112338,French,French,European,47.3960,613.1800,18.7890,40.9020,French
112339,French,French,European,18.7357,1468.4651,86.9637,116.5881,French
112340,French,French,European,0.0000,181.4080,11.2200,0.2833,French
112341,French,French,European,293.1625,2810.8045,42.2519,183.6713,French
112342,French,French,European,134.2505,3239.5498,116.0306,251.3543,French
112343,French,French,European,564.4203,5123.6932,345.6089,169.5348,French
112344,French,French,European,10.4911,503.9968,30.2390,38.5780,French
112345,French,French,European,390.5044,1821.7710,31.6880,10.4118,French
112346,French,French,European,17.5921,322.5933,3.9601,27.9043,French
112347,French,French,European,77.9293,10849.3842,630.7659,881.0418,French
112348,French,French,European,30.7852,884.9760,14.4350,83.2069,French
112349,French,French,European,134.2527,989.2075,15.4259,44.7015,French
112350,French,French,European,61.7453,1917.4543,40.8421,172.5314,French
112351,French,French,European,18.9717,883.4320,56.1356,66.8137,French
112352,French,French,European,57.0885,572.4360,32.2695,23.5215,French
112354,French,French,European,323.6820,2780.9410,81.0357,135.7028,French
112355,French,French,European,36.7006,1193.3007,69.7278,86.5787,French
112356,French,French,European,61.5245,1956.7660,84.0421,161.3659,French
112357,French,French,European,123.6046,1240.0455,35.0179,70.3454,French
112358,French,French,European,3.8071,120.8060,8.2040,6.7522,French
112359,French,French,European,474.1922,3407.0786,53.7783,146.9801,French
112360,French,French,European,26.0067,4340.5421,302.9593,331.0033,French
112361,French,French,European,9.3684,560.6000,9.1924,55.1760,French
112362,French,French,European,883.9125,19237.5000,601.0875,1620.0000,French
112363,French,French,European,89.8869,1712.9550,49.8830,138.7222,French
112364,French,French,European,48.8250,209.2500,1.5750,0.8475,French
112365,French,French,European,578.7819,13284.0568,1744.9461,391.9315,French
112366,French,French,European,40.7984,3330.1731,486.4586,139.0207,French
112367,French,French,European,100.1554,756.7700,43.1909,19.5715,French
112368,French,French,European,679.1265,2725.7817,7.2208,8.7130,French
112369,French,French,European,56.0510,648.4000,30.6060,32.6701,French
112370,French,French,European,0.8913,83.5960,6.2825,4.7575,French
112371,French,French,European,372.0635,3573.5074,40.0758,239.1089,French
112372,French,French,European,18.0813,3898.7745,0.5114,428.3438,French
112373,French,French,European,158.6668,1653.2531,18.5973,108.8165,French
112374,French,French,European,102.3917,9378.8787,687.3696,683.7890,French
112375,French,French,European,437.2650,3125.8617,68.6173,135.7990,French
112376,French,French,European,18.1145,772.3680,48.4789,57.3600,French
112377,French,French,European,9.1331,1101.2549,84.0031,79.5079,French
112378,French,French,European,680.7620,4087.8528,116.3292,101.9236,French
112379,French,French,European,514.3098,2997.4037,225.2527,10.6350,French
112380,French,French,European,103.8913,1855.6797,211.5529,65.6814,French
112381,French,French,European,18.2769,742.5386,15.5936,68.9346,French
112382,French,French,European,15.2448,662.9600,40.5184,50.9816,French
112383,French,French,European,167.4446,1242.3600,63.6582,37.0771,French
112384,French,French,European,1115.2340,6400.3800,229.7710,121.1640,French
112385,French,French,European,10.4738,615.6805,35.7318,49.1246,French
112386,French,French,European,253.9346,2459.7430,36.8890,160.3753,French
112387,French,French,European,303.1929,1935.7160,48.7929,68.5941,French
112388,French,French,European,141.8320,2453.7270,87.5415,167.9609,French
112389,French,French,European,0.4116,152.5808,33.7086,0.8632,French
112390,French,French,European,37.3587,683.5640,42.4827,41.1787,French
112391,French,French,European,174.0986,693.2895,5.7153,0.9072,French
112392,French,French,European,79.7209,5498.1310,335.6396,417.7124,French
112393,French,French,European,28.1618,531.3540,16.0290,43.2000,French
112394,French,French,European,9.9730,367.5582,18.2186,27.5683,French
112395,French,French,European,1615.2396,15080.0200,1622.0432,214.9930,French
112396,French,French,European,156.5629,2642.3520,59.9211,206.7141,French
112397,French,French,European,184.5580,2521.1200,43.9603,195.5595,French
112398,French,French,European,40.6199,250.5440,13.8679,3.4408,French
112399,French,French,European,102.8633,1645.3322,40.5652,129.2281,French
112400,French,French,European,40.3555,3453.8980,391.3796,183.7240,French
112401,French,French,European,101.8132,1214.0220,1.0152,90.8040,French
112402,French,French,European,8.2774,36.5305,1.6455,0.8649,French
112403,French,French,European,667.6549,4400.4964,184.2679,126.8270,French
112404,French,French,European,17.5465,255.3397,11.3243,15.5563,French
112405,French,French,European,201.1542,843.6075,14.3880,0.2244,French
112406,French,French,European,50.7036,788.5200,33.7440,52.7364,French
112407,French,French,European,61.8497,705.1270,23.5038,44.6511,French
112408,French,French,European,517.4286,3478.2290,96.3132,121.0860,French
112409,French,French,European,41.7251,1610.0915,83.8590,127.1834,French
112410,French,French,European,579.3600,3807.7440,132.6821,109.1893,French
112411,French,French,European,138.8968,1558.6820,57.5264,90.7930,French
112412,French,French,European,29.6717,1181.1748,75.2646,85.2404,French
112413,French,French,European,380.8506,2307.5008,45.6250,69.8474,French
112414,French,French,European,219.5442,2680.8345,65.3091,174.2257,French
112415,French,French,European,341.3284,1927.3490,36.3099,50.3487,French
112416,French,French,European,126.0498,1216.4499,9.2148,82.2728,French
112417,French,French,European,68.4803,332.1106,12.0435,1.7615,French
112418,French,French,European,86.2991,1207.8510,59.8975,69.3007,French
112419,French,French,European,13.1085,4650.1067,293.4349,379.6435,French
112420,French,French,European,20.0298,852.6404,14.9703,82.9266,French
112421,French,French,European,1654.1013,10014.2333,320.5300,248.0774,French
112422,French,French,European,275.9289,1829.6152,66.7176,51.3740,French
112423,French,French,European,39.6575,2001.7251,199.4412,114.2175,French
112424,French,French,European,2.4976,34.2886,5.7404,0.1658,French
112425,French,French,European,44.4702,835.4669,52.1223,49.0891,French
112426,French,French,European,307.5560,3205.0035,66.1386,206.5132,French
112427,French,French,European,149.0621,1527.5460,116.9065,47.8827,French
112428,French,French,European,227.7381,3218.5897,154.3759,183.3268,French
112429,French,French,European,295.8281,1877.6370,96.1373,34.2386,French
112430,French,French,European,53.1176,756.7730,6.4085,60.0538,French
112431,French,French,European,21.0552,160.1415,5.7354,7.5911,French
112432,French,French,European,43997.3237,535026.0779,7172.7479,36842.9518,French
112433,French,French,European,32.0328,804.6897,13.1734,73.5507,French
112434,French,French,European,82.9550,3434.8940,420.5625,149.4591,French
112435,French,French,European,285.0222,2136.5192,46.5535,92.3148,French
112436,French,French,European,501.0753,2428.0960,82.5165,11.1265,French
112437,French,French,European,5.3133,371.8210,31.9972,23.9751,French
112438,French,French,European,402.0552,1996.6340,65.6504,9.0968,French
112439,French,French,European,41.1889,1383.1178,127.5002,75.9682,French
112440,French,French,European,28.0284,170.0300,16.4367,1.4603,French
112441,French,French,European,59.4983,524.0199,13.8911,28.0744,French
112442,French,French,European,32.3480,1043.7956,81.0647,66.3230,French
112443,French,French,European,74.8376,966.5000,45.1868,51.3669,French
112444,French,French,European,679.9916,4369.1520,61.0630,165.1366,French
112445,French,French,European,188.8770,1659.8406,148.3864,32.0779,French
112446,French,French,European,286.6361,3568.9577,135.9448,211.6144,French
112447,French,French,European,23.9246,380.0437,31.6070,17.6367,French
112448,French,French,European,48.2314,926.9759,7.4329,82.1239,French
112449,French,French,European,147.5008,1019.8963,5.1690,47.1350,French
112450,French,French,European,37.0756,532.5200,3.4080,43.3840,French
112451,French,French,European,197.8639,1930.8033,72.6785,100.0929,French
112452,French,French,European,6.7776,906.7150,82.1202,61.3670,French
112453,French,French,European,94.0533,2063.5323,314.6583,51.4416,French
112454,French,French,European,26.5293,265.7900,14.3273,11.2568,French
112455,French,French,European,1199.3181,6470.4799,226.9162,92.0796,French
112456,French,French,European,11.6417,236.6008,2.7409,20.7172,French
112457,French,French,European,496.7813,3884.3011,182.1569,129.3543,French
112458,French,French,European,71.4222,1140.2009,24.1352,91.7613,French
112459,French,French,European,46.7810,1585.1580,91.3449,119.5383,French
112460,French,French,European,82.1427,669.0440,1.8675,38.3603,French
112461,French,French,European,38.5016,3875.7012,345.9536,259.4375,French
112462,French,French,European,9.9921,38.0408,0.0697,0.0063,French
112463,French,French,European,65.4901,508.2280,29.1356,22.6668,French
112464,French,French,European,487.9663,3408.6383,92.1170,117.2613,French
112465,French,French,European,6.8085,970.0100,82.6115,66.2400,French
112466,French,French,European,8.0740,375.4035,28.9976,23.2116,French
112467,French,French,European,220.0504,1395.0199,40.3668,47.4047,French
112468,French,French,European,191.1354,1141.3933,61.5444,18.1979,French
112469,French,French,European,226.0597,1422.1470,28.9950,44.7299,French
112470,French,French,European,0.0000,119.3400,0.0000,13.5000,French
112471,French,French,European,41.8341,1983.5836,80.2033,166.9683,French
112472,French,French,European,63.8213,408.6113,18.0343,9.5029,French
112473,French,French,European,446.9057,3123.0961,61.2668,131.3442,French
112474,French,French,European,61.4592,16521.9208,384.2328,1637.6604,French
112475,French,French,European,58.6890,1733.6920,98.3199,128.1519,French
112476,French,French,European,72.5167,523.5530,29.9074,16.2851,French
112477,French,French,European,7415.9152,99113.7300,5665.9046,5422.1394,French
112478,French,French,European,48.6763,656.5600,31.8715,36.6463,French
112479,French,French,European,0.0000,220.2067,22.4400,14.0667,French
112480,French,French,European,273.6207,1596.4760,35.8695,48.6479,French
112481,French,French,European,572.4604,3490.4697,71.8335,109.0382,French
112482,French,French,European,120.5850,797.4600,26.5489,22.4683,French
112483,French,French,European,56.6080,789.0400,33.8000,50.0852,French
112484,French,French,European,38.9758,587.9939,11.1639,47.4791,French
112485,French,French,European,117.4510,1874.8886,201.6029,69.4859,French
112486,French,French,European,15846.9540,72824.9800,1196.4100,324.7966,French
112487,French,French,European,51.1698,1152.0910,56.8526,80.0310,French
112488,French,French,European,147.6029,1159.6412,114.5245,17.2893,French
112489,French,French,European,12.7784,2471.0050,188.8856,183.9975,French
112490,French,French,European,20.4653,839.6822,8.2424,85.7836,French
112491,French,French,European,0.0000,12.6083,2.8050,0.0708,French
112492,French,French,European,613.6088,3595.9350,141.8472,66.7524,French
112493,French,French,European,180.6788,2290.9400,97.6096,130.4388,French
112494,French,French,European,200.2343,2589.4400,161.5096,141.1333,French
112495,French,French,European,1676.7885,8302.9373,132.6923,137.6163,French
112496,French,French,European,16.5727,1053.9620,7.3022,107.1025,French
112497,French,French,European,36.5066,607.6640,35.6218,33.4502,French
112498,French,French,European,47.1996,762.3840,49.2090,40.4982,French
112499,French,French,European,18.1589,560.5038,4.0399,54.9255,French
112500,French,French,European,76.5601,1259.6343,1.2201,109.3812,French
112501,French,French,European,343.8133,2657.1120,40.4460,128.3403,French
112502,French,French,European,8.9428,37.7730,1.1190,0.1550,French
112503,French,French,European,557.1993,3582.7933,18.9196,141.5899,French
112504,French,French,European,161.8839,1728.5000,69.4440,95.3628,French
112505,French,French,European,103.1345,2218.8222,0.7150,204.0268,French
112506,French,French,European,90.8631,737.1600,4.4244,43.4654,French
112507,French,French,European,143.6339,1512.4710,24.0109,93.1915,French
112508,French,French,European,46.4879,1278.9604,109.2723,70.3157,French
112509,French,French,European,60.6458,1000.8205,33.6831,71.8135,French
112510,French,French,European,,,,,French
112511,French,French,European,13.0806,517.9050,24.9664,43.5278,French
112512,French,French,European,101.7776,830.3208,35.0492,33.6954,French
112513,French,French,European,154.4123,4636.1113,28.1726,443.1183,French
112514,French,French,European,70.1700,1438.7568,41.0425,113.8380,French
112515,French,French,European,208.4211,1002.1087,17.2250,14.1276,French
112516,French,French,European,54.4588,2182.7038,178.1493,137.3639,French
112517,French,French,European,77.6940,1106.6066,58.8951,66.2702,French
112518,French,French,European,95.6242,1346.1227,117.8770,53.6125,French
112519,French,French,European,65.8865,756.3925,37.1910,42.6267,French
112520,French,French,European,17.3660,754.3600,5.8670,75.9660,French
112521,French,French,European,68.0475,900.7873,38.0793,57.4824,French
112522,French,French,European,37.1980,402.0280,38.2496,11.3246,French
112523,French,French,European,739.5827,4769.9400,137.9492,136.3914,French
112524,French,French,European,402.1078,3900.5798,200.3340,188.8323,French
112525,French,French,European,57.1769,602.3000,16.0831,37.2476,French
112526,French,French,European,17.1385,570.9709,29.2182,43.0456,French
112527,French,French,European,556.7748,4704.0376,231.4970,179.3251,French
112528,French,French,European,78.8804,1106.4514,28.0519,82.1643,French
112529,French,French,European,341.5430,1330.6570,4.0198,3.9074,French
112530,French,French,European,128.5707,4347.0218,279.9503,298.4566,French
112531,French,French,European,24.1311,393.2880,24.6070,20.2516,French
112532,French,French,European,253.2060,2944.6142,116.6079,172.5330,French
112533,French,French,European,121.1864,891.4420,32.8256,29.8232,French
112534,French,French,European,23.7947,923.3315,16.4619,85.3042,French
112535,French,French,European,447.8647,2055.3570,35.7691,7.9606,French
112536,French,French,European,415.3101,2482.3244,74.4220,61.0933,French
112537,French,French,European,356.2821,2862.2500,44.4615,150.5088,French
112538,French,French,European,60.4836,1890.9512,110.5183,137.1696,French
112539,French,French,European,3.2880,408.0000,3.4080,43.2960,French
112540,French,French,European,12.9480,56.5500,2.9640,0.3315,French
112541,French,French,European,14.5358,3513.6065,731.7210,36.9297,French
112542,French,French,European,54.4346,937.5034,42.1689,65.2400,French
112543,French,French,European,2.4487,503.4527,0.5479,54.3115,French
112544,French,French,European,45.8160,1333.9000,37.3800,118.6470,French
112545,French,French,European,911.6991,5076.1160,209.3034,66.0537,French
112546,French,French,European,301.7542,2034.6611,78.5003,59.3043,French
112547,French,French,European,249.9934,3666.8780,187.0007,212.1720,French
112548,French,French,European,692.5028,3872.9902,160.9566,59.2146,French
112549,French,French,European,1046.6414,6725.3067,262.3627,170.4660,French
112550,French,French,European,31.9169,1272.3032,71.3545,97.1292,French
112551,French,French,European,218.4772,1398.8082,70.8251,29.8697,French
112552,French,French,European,148.1667,710.2495,24.3711,2.0530,French
112553,French,French,European,3.0901,500.9014,20.7745,45.2514,French
112554,French,French,European,20.9267,2043.1458,171.5701,137.0580,French
112555,French,French,European,206.8548,1421.7425,29.3146,54.6022,French
112556,French,French,European,34.9363,854.9062,29.6183,71.2240,French
112557,French,French,European,15.3600,959.3320,0.7813,102.2634,French
112558,French,French,European,69.2745,548.5140,14.0983,27.3760,French
112559,French,French,European,66.8668,1450.0905,101.6933,87.8067,French
112560,French,French,European,298.1686,13777.2923,28.1507,1394.2623,French
112561,French,French,European,15.2246,876.5500,143.1916,25.0299,French
112562,French,French,European,68.4846,7598.6762,383.9762,645.7791,French
112563,French,French,European,138.2780,897.1500,5.1065,38.3400,French
112564,French,French,European,16.3354,323.6440,14.5067,22.0314,French
112565,French,French,European,59.8144,905.7940,11.8216,74.3678,French
112566,French,French,European,43.6014,345.5297,13.7119,16.4884,French
112567,French,French,European,40.1439,295.5364,6.3662,14.5804,French
112568,French,French,European,15.7134,912.2540,20.2752,89.9388,French
112569,French,French,European,185.3143,1735.4847,70.4342,84.9477,French
112570,French,French,European,9.8964,832.3214,61.7728,60.5529,French
112571,French,French,European,2.3451,973.9580,77.8466,70.2789,French
112572,French,French,European,1048.5683,6250.6150,249.9337,122.7628,French
112573,French,French,European,4514.0980,23255.0555,566.9889,517.3764,French
112574,French,French,European,238.1645,4280.1587,687.3083,44.9147,French
112575,French,French,European,60.0024,827.7160,82.8964,31.2809,French
112576,French,French,European,96.5575,944.8010,42.2328,43.1550,French
112577,French,French,European,0.0000,136.0560,8.4150,0.2125,French
112578,French,French,European,27.4925,457.3006,66.3757,9.0885,French
112579,French,French,European,521.2883,4571.7206,228.4856,183.2510,French
112580,French,French,European,45.4460,189.3425,4.6790,1.7071,French
112581,French,French,European,9.5820,873.0600,17.8068,86.5128,French
112582,French,French,European,240.6216,2682.9010,34.9363,188.6518,French
112583,French,French,European,18.6753,1181.1503,119.7640,66.0932,French
112584,French,French,European,17.8073,79.1787,4.5254,0.5367,French
112585,French,French,European,42.3060,539.5175,5.0647,40.9734,French
112586,French,French,European,37.0574,681.6240,29.2833,47.7684,French
112587,French,French,European,18.7962,243.8509,18.1921,10.0721,French
112588,French,French,European,16.8608,214.3410,7.1211,15.1116,French
112589,French,French,European,398.2915,3450.9820,129.8680,156.2340,French
112590,French,French,European,175.4440,1279.8240,18.5314,61.7467,French
112591,French,French,European,215.4159,2215.3113,20.7722,144.2419,French
112592,French,French,European,67.5760,1478.8128,90.0712,94.5278,French
112593,French,French,European,181.8495,2257.7741,35.8794,158.7771,French
112594,French,French,European,485.0971,2872.4900,60.4589,80.1995,French
112595,French,French,European,51.7256,966997.5808,61838.4199,78022.0600,French
112596,French,French,European,263.1832,4156.6293,389.8768,171.1838,French
112597,French,French,European,228.6561,1664.5920,29.5895,73.1510,French
112598,French,French,European,15.0086,297.8186,0.0833,27.0460,French
112599,French,French,European,119.5703,1028.7755,40.5954,42.1682,French
112600,French,French,European,0.9821,21.3750,0.6679,1.8000,French
112601,French,French,European,58.9395,520.5750,22.6263,21.1666,French
112602,French,French,European,56.3104,550.6540,8.8827,36.2327,French
112603,French,French,European,57.7929,8608.7058,191.9757,847.8696,French
112604,French,French,European,0.1942,30.4013,1.6038,2.5925,French
112605,French,French,European,66.9123,816.2561,51.1690,44.5840,French
112606,French,French,European,1.3210,310.8012,0.5377,34.5657,French
112607,French,French,European,151.0858,2493.4112,53.2026,227.6530,French
112608,French,French,European,118.4752,1378.4760,71.0235,68.4001,French
112609,French,French,European,165.2395,2289.9562,38.8804,174.7210,French
112610,French,French,European,55.6090,604.2040,24.8323,33.3577,French
112611,French,French,European,1301.1309,7679.8460,304.0297,141.5327,French
112612,French,French,European,5.8440,507.9475,1.2924,54.4970,French
112613,French,French,European,70.1441,896.2019,55.4869,44.6765,French
112614,French,French,European,62.0863,1320.5205,35.7942,103.5734,French
112615,French,French,European,2.5621,1918.8072,0.3116,216.1178,French
112616,French,French,European,67.5796,1458.5860,32.6224,127.9493,French
112617,French,French,European,5.3262,664.9753,90.0610,28.7789,French
112618,French,French,European,9.8640,1224.0000,10.2240,129.8880,French
112619,French,French,European,34.2885,1417.5222,53.6084,122.2924,French
112620,French,French,European,10.1580,1221.4497,142.4780,62.9660,French
112621,French,French,European,4.2885,618.2500,8.9515,63.2050,French
112622,French,French,European,183.7100,1843.5560,19.8489,118.3347,French
112623,French,French,European,2.1665,673.9673,3.7402,73.6870,French
112624,French,French,European,738.5222,5069.1220,55.3559,207.3613,French
112625,French,French,European,127.8510,1583.8614,43.2452,106.2293,French
112626,French,French,European,329.4614,2038.0752,75.4290,52.3782,French
112627,French,French,European,136.4381,976.2839,46.1298,30.7045,French
112628,French,French,European,45.4511,554.9975,22.5477,33.3284,French
112629,French,French,European,8.8808,2527.5666,271.8079,156.9322,French
112630,French,French,European,14.6525,862.2667,32.6138,75.4157,French
112631,French,French,European,66.3297,1036.7485,37.3850,74.1425,French
112632,French,French,European,49.0586,730.3690,23.4244,54.7070,French
112633,French,French,European,61.3170,2147.5380,117.6663,162.1535,French
112634,French,French,European,0.0000,25.2167,5.6100,0.1417,French
112635,French,French,European,11792.8684,50390.6023,1261.8109,488.8124,French
112636,French,French,European,38.7270,3182.7824,316.2466,187.7111,French
112637,French,French,European,28.9769,1776.9132,86.4520,149.4013,French
112638,French,French,European,17.9483,526.6394,55.1345,24.6029,French
112639,French,French,European,10.5451,798.3001,113.3739,31.2123,French
112640,French,French,European,78.7650,1446.5960,26.2085,115.9832,French
112641,French,French,European,25.0047,150.6600,5.0058,3.4992,French
112642,French,French,European,43.2292,664.4300,1.5032,55.9461,French
112643,French,French,European,38.5012,1019.5746,91.0638,54.7117,French
112644,French,French,European,56.9798,257.6357,6.0446,0.2663,French
112645,French,French,European,146.4391,1888.2432,96.6833,110.6109,French
112646,French,French,European,71.3903,1654.3025,81.9183,120.5458,French
112647,French,French,European,102.9557,1864.9500,0.2242,162.0199,French
112648,French,French,European,36.1870,1293.7622,30.3355,118.1787,French
112649,French,French,European,80.6528,1633.9350,27.1692,141.5028,French
112650,French,French,European,0.6005,72.8680,6.3929,4.7850,French
112651,French,French,European,11.2875,49.1600,1.3518,0.1997,French
112652,French,French,European,112.0638,815.6700,18.7948,37.7470,French
112653,French,French,European,65.8172,694.9687,4.2566,1.6617,French
112654,French,French,European,379.5924,3502.6120,37.6072,207.7942,French
112655,French,French,European,88.8120,1320.5000,38.3120,95.3580,French
112656,French,French,European,1.8439,291.9115,25.1527,19.2203,French
112657,French,French,European,14.6786,301.0170,20.2460,17.4888,French
112658,French,French,European,53.7000,619.6646,25.9590,34.7899,French
112659,French,French,European,49.3642,2377.2196,219.6423,141.3343,French
112660,French,French,European,92.5331,1638.2685,28.7161,129.1251,French
112661,French,French,European,6.0766,756.6952,93.8690,38.5430,French
112662,French,French,European,37.7598,260.8442,24.0710,2.2570,French
112663,French,French,European,9848.9109,52960.0563,2724.8864,968.0475,French
112664,French,French,European,3491.9394,47089.6712,878.5277,1517.2670,French
112665,French,French,European,47.5890,2541.8951,287.1687,126.5843,French
112666,French,French,European,125.9905,1124.2300,22.7095,60.0330,French
112667,French,French,European,1.0776,506.8750,2.9603,54.6473,French
112668,French,French,European,71.0389,1091.9276,89.6944,52.2468,French
112669,French,French,European,93.2796,1410.1308,52.1741,99.6672,French
112670,French,French,European,139.4780,1533.9892,59.4277,86.2241,French
112671,French,French,European,155.2476,976.6143,5.5768,38.5047,French
112672,French,French,European,88.3682,2239.2360,127.0522,151.7257,French
112673,French,French,European,2.8488,250.8619,11.2483,21.8483,French
112674,French,French,European,270.3426,1118.9400,14.3880,0.2244,French
112675,French,French,European,138.8136,1501.7209,66.9023,76.1291,French
112676,French,French,European,341.6040,1785.0920,64.7735,32.0904,French
112677,French,French,European,44544.3344,210214.2782,880.4000,3300.9623,French
112678,French,French,European,153.6382,823.4450,10.7848,18.0472,French
112679,French,French,European,77.1503,357.9660,2.2937,4.6638,French
112680,French,French,European,125.4813,3052.9227,186.4963,198.4725,French
112681,French,French,European,72.2836,651.1450,16.3951,35.4995,French
112682,French,French,European,504.8016,3417.5000,148.4297,91.9773,French
112683,French,French,European,297.8452,2075.3000,94.7192,57.0360,French
112684,French,French,European,139.6398,2230.9417,59.5075,168.0616,French
112685,French,French,European,48.0092,1228.6820,27.5233,102.3003,French
112686,French,French,European,127.6045,1257.8193,67.5876,50.0598,French
112687,French,French,European,115.3822,988.4237,39.8698,38.5212,French
112688,French,French,European,12.4757,480.3883,16.9573,40.6904,French
112689,French,French,European,0.0000,37.8250,8.4150,0.2125,French
112690,French,French,European,368.2161,1834.1808,29.9548,28.7927,French
112691,French,French,European,157.2041,1172.7866,19.3314,56.3087,French
112692,French,French,European,61.2544,616.8641,25.1101,30.6113,French
112693,French,French,European,25.7670,417.7986,4.8368,34.8776,French
112694,French,French,European,320.8988,2374.6000,84.0465,90.7774,French
112695,French,French,European,87.2081,1699.6329,87.5340,113.4609,French
112696,French,French,European,21.1540,120.1676,9.6736,0.7627,French
112697,French,French,European,41.5222,1639.3258,17.3804,160.5708,French
112698,French,French,European,476.7615,3895.9991,111.3828,190.5449,French
112699,French,French,European,124.1440,960.8880,36.4242,38.5318,French
112700,French,French,European,91.6570,1855.2055,127.2022,114.5857,French
112701,French,French,European,24.3778,604.8677,41.3622,37.1155,French
112702,French,French,European,136.4918,1592.0320,55.2830,98.4522,French
112703,French,French,European,22.4358,2107.5699,191.0643,135.1469,French
112704,French,French,European,6706.1302,33347.2000,1144.9018,123.8654,French
112705,French,French,European,25.9642,319.9374,14.4806,19.0248,French
112706,French,French,European,8.8793,175.3540,8.9515,11.9550,French
112707,French,French,European,6.5838,264.7977,6.5192,24.4765,French
112708,French,French,European,248.0618,2514.6336,136.6187,108.8292,French
112709,French,French,European,47.2676,685.7798,7.4516,55.2136,French
112710,French,French,European,59.4162,1236.4550,17.6008,104.6392,French
112711,French,French,European,137.8005,2278.5010,85.1465,164.8893,French
112712,French,French,European,605.4754,5142.6677,123.2695,270.9255,French
112713,French,French,European,37.9538,798.1238,55.5253,47.6862,French
112714,French,French,European,45.2522,1327.3204,76.6597,91.8596,French
112715,French,French,European,348.9388,2778.6100,69.2886,129.2717,French
112716,French,French,European,0.9920,34.1000,7.8120,0.0000,French
112717,French,French,European,132.0566,1974.7391,211.6108,65.1823,French
112718,French,French,European,22.1605,796.1800,7.8395,77.6560,French
112719,French,French,European,338.2458,2739.4964,47.2511,153.3632,French
112720,French,French,European,8.8166,2319.6900,84.6704,214.2288,French
112721,French,French,European,137.2475,1206.9360,43.6265,55.8013,French
112722,French,French,European,7.7419,57.1350,4.8482,0.6801,French
112723,French,French,European,43.6005,805.2537,45.5719,52.4173,French
112724,French,French,European,45.8659,3575.9018,166.9837,303.5609,French
112725,French,French,European,67.5560,698.2440,13.2287,44.0275,French
112726,French,French,European,37.6827,593.7600,10.0383,49.4332,French
112727,French,French,European,23.3301,701.2410,6.4245,68.8233,French
112728,French,French,European,22.5488,1891.2944,107.8893,152.8271,French
112729,French,French,European,6.8513,4415.3292,385.1709,308.4352,French
112730,French,French,European,244.4432,1448.9565,41.5646,43.3211,French
112731,French,French,European,14.6104,1245.1300,192.0279,41.4379,French
112732,French,French,European,5.5033,162.9880,0.9803,15.3983,French
112733,French,French,European,111.8288,891.5787,8.6434,50.6211,French
112734,French,French,European,60.2239,13582.2313,387.6059,1309.8891,French
112735,French,French,European,4.3690,289.3800,18.8556,14.2806,French
112736,French,French,European,349.0362,2937.3520,115.0970,124.4970,French
112737,French,French,European,119.1072,2370.0900,102.3431,170.9740,French
112738,French,French,European,66.6345,292.4100,8.0810,0.8022,French
112739,French,French,European,12.8937,692.1412,47.9583,49.3544,French
112740,French,French,European,11.3976,292.0400,2.6247,27.5673,French
112741,French,French,European,254.7941,1235.1885,26.1787,16.9594,French
112742,French,French,European,100.7980,402.9900,0.0000,0.0000,French
112743,French,French,European,24.8558,2374.2708,365.1000,94.4976,French
112744,French,French,European,987.7490,9797.7062,238.9625,558.1259,French
112745,French,French,European,1.0046,875.5180,6.4141,95.9337,French
112746,French,French,European,0.5597,1745.5868,319.2844,51.1588,French
112747,French,French,European,99.9800,387.0000,0.0000,0.0000,French
112748,French,French,European,176.0533,1443.3308,33.8555,67.0004,French
112749,French,French,European,238.5638,1290.0810,36.5895,23.3031,French
112750,French,French,European,0.0000,1560.3596,189.1482,83.9147,French
112751,French,French,European,34.1712,960.8697,185.2925,6.0138,French
112752,French,French,European,,,,,French
112753,French,French,European,26.3625,1061.5014,148.9978,39.4400,French
112754,French,French,European,0.9821,21.3750,0.6679,1.8000,French
112755,French,French,European,33.5313,1473.0300,43.0094,128.8738,French
112756,French,French,European,15.8257,72.2850,1.1751,0.2804,French
112757,French,French,European,13.8889,59.9530,2.7056,0.5347,French
112758,French,French,European,4.5908,18.3540,0.0000,0.0000,French
112759,French,French,European,108.7954,1711.9680,98.1759,111.0285,French
112760,French,French,European,613.1794,3694.6290,150.6976,73.2748,French
112761,French,French,European,285.7461,2689.9334,45.6707,159.6904,French
112762,French,French,European,222.9226,2083.7533,26.1835,122.6758,French
112763,French,French,European,161.4961,1528.4053,8.1494,96.7959,French
112764,French,French,European,40.2532,695.7380,69.2423,29.2515,French
112765,French,French,European,51.5780,1374.1747,113.7260,75.2756,French
112766,French,French,European,103.6536,981.1933,83.7030,25.3982,French
112767,French,French,European,7.6397,1174.7937,63.2052,97.4758,French
112768,French,French,European,192.3520,2527.6780,56.7908,172.1151,French
112769,French,French,European,96.0028,2251.4328,302.4275,66.7008,French
112770,French,French,European,189.8048,1244.4910,46.0020,33.5075,French
112771,French,French,European,33.5831,3553.9055,118.8472,325.9183,French
112772,French,French,European,128.7309,2510.4739,179.1347,140.5028,French
112773,French,French,European,92.5267,1004.9587,40.9319,53.1411,French
112774,French,French,European,117.5861,1155.3920,19.5544,70.1610,French
112775,French,French,European,42.9621,1086.3063,41.3839,85.9483,French
112776,French,French,European,820.0000,3882.8048,111.8195,22.5471,French
112777,French,French,European,25.7920,111.6000,1.7360,0.4960,French
112778,French,French,European,491.3146,3084.1150,100.9884,79.4306,French
112779,French,French,European,10.4520,909.0000,42.1320,78.7860,French
112780,French,French,European,26.9128,351.3288,4.7857,26.1337,French
112781,French,French,European,55.7425,663.6423,28.8271,36.6353,French
112782,French,French,European,33.4417,846.5604,55.8760,58.7172,French
112783,French,French,European,9.5061,1760.3058,19.5547,183.4311,French
112784,French,French,European,0.5992,98.2800,7.1624,7.4536,French
112785,French,French,European,322.1112,2712.4844,153.4635,94.9267,French
112786,French,French,European,38.6133,1699.4185,122.6772,117.1891,French
112787,French,French,European,193.5256,955.6286,21.1812,8.7969,French
112788,French,French,European,50.4460,2904.0985,232.2633,198.2128,French
112789,French,French,European,11.7019,406.6992,20.8186,31.6785,French
112790,French,French,European,24.1281,2209.6417,386.8816,53.4338,French
112791,French,French,European,391.7288,2711.5060,59.3367,106.0351,French
112792,French,French,European,103.7150,413.1825,6.7240,2.3520,French
112793,French,French,European,5.4607,279.3449,19.6111,19.7961,French
112794,French,French,European,122.4778,3326.1202,47.7898,297.1583,French
112795,French,French,European,426.0370,2832.9415,73.5557,96.8300,French
112796,French,French,European,16.5118,546.5740,41.0081,33.7491,French
112797,French,French,European,264.5831,1458.2027,60.5001,21.6513,French
112798,French,French,European,60.7733,758.5960,43.0625,36.7105,French
112799,French,French,European,11.5932,213.1370,5.8380,16.2575,French
112800,French,French,European,301.1997,2308.8760,70.8475,98.1887,French
112801,French,French,European,709.5305,4073.5155,157.3304,68.8624,French
112802,French,French,European,422.7657,3850.4835,209.2296,155.0454,French
112803,French,French,European,45.3058,457.1011,12.7560,28.5507,French
112804,French,French,European,52.1632,552.6397,43.5789,23.9073,French
112805,French,French,European,65.3324,2601.8883,70.4904,235.6553,French
112806,French,French,European,198.1338,1457.1674,24.0111,62.5471,French
112807,French,French,European,2.8832,167.5750,8.1420,13.5720,French
112808,French,French,European,6.0000,532.8600,6.0000,54.7500,French
112809,French,French,European,32.5633,586.4300,12.5550,45.9659,French
112810,French,French,European,79.8522,1754.6480,65.3491,132.0032,French
112811,French,French,European,8.4399,42.6585,1.5413,0.2078,French
112812,French,French,European,1.5920,481.3768,0.2451,54.6230,French
112813,French,French,European,426.5000,3390.2800,75.2955,174.2105,French
112814,French,French,European,12.1456,812.0500,49.6675,63.5402,French
112815,French,French,European,4.8464,295.9835,13.9686,24.0162,French
112816,French,French,European,18.7461,378.3560,24.0915,21.4807,French
112817,French,French,European,196.2111,1593.9673,43.3692,79.2537,French
112818,French,French,European,712.5881,3977.8740,157.9065,52.1659,French
112819,French,French,European,229.4761,1066.8660,27.9479,13.2285,French
112820,French,French,European,30.1930,648.2025,24.0381,49.3458,French
112821,French,French,European,416.9587,2562.3750,53.1683,86.1234,French
112822,French,French,European,150.2045,1715.0237,57.8921,103.8955,French
112823,French,French,European,4.4977,122.0833,8.8570,7.4166,French
112824,French,French,European,25.2563,1386.4595,54.7120,117.5268,French
112825,French,French,European,41.9814,768.4269,91.9695,24.0782,French
112826,French,French,European,199.0429,1565.7700,68.4796,54.4794,French
112827,French,French,European,47.7334,343.0825,8.6631,15.1977,French
112828,French,French,European,22.2101,222.1248,4.2859,14.2065,French
112829,French,French,European,0.0000,8536.3394,953.9734,526.1580,French
112830,French,French,European,220.0868,1695.3540,75.4860,57.2490,French
112831,French,French,European,325.3072,3875.0419,109.5260,254.3118,French
112832,French,French,European,27.4690,612.7253,4.8330,57.4710,French
112833,French,French,European,288.1869,1851.0900,35.5675,70.3810,French
112835,French,French,European,1.5805,2032.8038,385.6690,43.2062,French
112836,French,French,European,21.1397,1397.8000,61.4487,119.1148,French
112837,French,French,European,24.8010,343.8000,17.4390,20.1600,French
112838,French,French,European,839.1055,6892.9415,121.0927,365.1399,French
112839,French,French,European,15.4213,436.7100,22.4960,33.1047,French
112840,French,French,European,23715.4847,180175.7789,8517.0443,6778.4631,French
112841,French,French,European,45.3687,534.3367,26.8300,30.1837,French
112842,French,French,European,54.1206,442.1869,23.7590,14.9113,French
112843,French,French,European,58.5676,1952.8689,373.8979,14.0845,French
112844,French,French,European,358.3693,3692.5725,75.3433,224.9764,French
112845,French,French,European,232.0495,2347.2240,53.4091,135.1665,French
112846,French,French,European,561.0757,11723.3280,423.4623,949.2270,French
112847,French,French,European,63.8817,1240.5570,30.6235,100.5055,French
112848,French,French,European,20.5480,2911.5046,149.3557,244.9336,French
112849,French,French,European,16.8360,1963.1200,0.8540,216.5856,French
112850,French,French,European,134.3212,1519.4542,33.0656,99.7242,French
112851,French,French,European,26.8130,360.4295,2.4650,27.4993,French
112852,French,French,European,301.7589,1941.5205,78.8836,47.6286,French
112853,French,French,European,2.8189,36.0233,1.2439,2.7175,French
112854,French,French,European,42.0980,1205.2521,95.6796,74.7742,French
112855,French,French,European,30.0944,640.8800,34.4350,36.1701,French
112856,French,French,European,40.7731,1287.3766,159.0799,54.8640,French
112857,French,French,European,202.5364,2400.2497,103.2265,137.3819,French
112858,French,French,European,67.5163,849.9010,24.6620,55.0170,French
112859,French,French,European,93.4333,835.4813,53.5288,26.2206,French
112860,French,French,European,17.1386,472.9340,52.8778,20.5385,French
112861,French,French,European,0.7227,133.1933,16.6758,6.5411,French
112862,French,French,European,589.7375,12828.0086,400.8068,1080.1662,French
112863,French,French,European,31.9881,564.2880,29.9500,34.6516,French
112864,French,French,European,1181.4997,62340.4599,4109.5529,4530.8293,French
112865,French,French,European,25.6308,297.8384,18.8696,12.9445,French
112866,French,French,European,11.6883,830.9600,56.2637,61.7209,French
112867,French,French,European,12.0178,1813.7607,181.6019,112.7797,French
112868,French,French,European,27.7373,204.4978,6.6927,7.5106,French
112869,French,French,European,166.1054,2246.6506,137.7621,128.4108,French
112870,French,French,European,48.7233,347.1600,10.5413,15.2544,French
112871,French,French,European,47.9342,503.3260,35.7986,22.8517,French
112872,French,French,European,760.6693,5031.1067,12.5370,233.4215,French
112873,French,French,European,165.8822,1551.9992,194.5764,7.7420,French
112874,French,French,European,202.2106,1806.8840,7.1946,109.1128,French
112875,French,French,European,305.0298,2021.9820,92.1026,48.7579,French
112876,French,French,European,81.6585,530.9980,13.4117,18.9941,French
112877,French,French,European,10.7486,10338.6510,379.6523,976.2918,French
112878,French,French,European,159.7385,1492.1200,39.1654,79.3320,French
112879,French,French,European,274.6467,2582.2657,67.4430,140.8351,French
112880,French,French,European,221.1713,1751.0396,13.8221,104.8421,French
112881,French,French,European,12.9764,985.8118,106.9074,53.2622,French
112882,French,French,European,228.9419,1172.0730,44.7819,5.6844,French
112883,French,French,European,375.4426,3323.3193,128.6035,163.3225,French
112884,French,French,European,62.3490,566.0050,13.7646,32.8046,French
112885,French,French,European,19.7175,1244.6680,95.1425,88.7045,French
112886,French,French,European,7621.7076,33663.3995,1011.0426,144.5669,French
112887,French,French,European,4.5011,55.5227,7.5899,0.2355,French
112888,French,French,European,98.9872,1659.6125,103.5635,99.9872,French
112889,French,French,European,209.7399,1927.6260,89.0986,82.5085,French
112890,French,French,European,44.3097,906.1465,47.2412,62.8643,French
112891,French,French,European,1865.4003,10426.6870,433.3052,133.6746,French
112892,French,French,European,104.3483,2111.8350,19.6380,193.2632,French
112893,French,French,European,31.6224,2217.0763,213.4123,140.5251,French
112894,French,French,European,52.2624,418.0590,24.9461,12.3239,French
112895,French,French,European,537.7961,2882.3671,129.6833,25.0963,French
112896,French,French,European,35.0158,217.7250,4.4834,7.7050,French
112897,French,French,European,126.5074,1241.4706,72.8454,61.7017,French
112898,French,French,European,23.5920,303.7280,15.3733,15.9589,French
112899,French,French,European,247.6716,5497.0455,183.7815,425.6630,French
112900,French,French,European,2.1987,295.7640,5.4922,28.7392,French
112901,French,French,European,8.7501,38.9856,1.4665,0.2215,French
112902,French,French,European,30.9958,3087.1280,163.6586,254.9506,French
112903,French,French,European,0.0000,151.3000,33.6600,0.8500,French
112904,French,French,European,794.8668,3629.0240,32.8345,40.2884,French
112905,French,French,European,9.5130,1698.8313,364.2102,13.2476,French
112906,French,French,European,56.9589,404.3790,17.4069,13.3305,French
112907,French,French,European,37.6786,4211.6920,343.2973,287.4206,French
112908,French,French,European,143.4935,1878.4560,203.6005,55.9676,French
112909,French,French,European,49.0611,1289.3500,49.7233,105.7185,French
112910,French,French,European,132.3460,3128.2881,563.0800,31.7761,French
112911,French,French,European,86.5079,3513.0827,209.2175,263.4281,French
112912,French,French,European,22.7662,426.6847,58.0047,11.7497,French
112913,French,French,European,11.6242,159.3300,8.9474,8.4436,French
112914,French,French,European,210.6085,1488.7240,15.3158,63.7258,French
112915,French,French,European,99.9636,520.1560,17.8654,11.1704,French
112916,French,French,European,6.2365,6083.3352,1347.6355,34.0984,French
112917,French,French,European,9.8212,1384.0197,148.5400,80.9360,French
112918,French,French,European,97.9773,1020.7180,47.5175,50.1824,French
112919,French,French,European,170.0629,658.2752,0.0000,0.0000,French
112920,French,French,European,87.3005,1419.7302,95.2842,73.9335,French
112921,French,French,European,301.1731,1935.3930,104.1374,36.4369,French
112922,French,French,European,38.6400,1612.8000,18.4240,166.5040,French
112923,French,French,European,17.0277,1488.6963,77.8228,121.4505,French
112924,French,French,European,91.9843,1804.9645,80.1599,126.1672,French
112925,French,French,European,40.6821,713.6180,44.3236,40.5188,French
112926,French,French,European,47.4216,1016.6171,189.9680,6.3073,French
112927,French,French,European,296.7948,5071.4949,574.3064,162.8671,French
112928,French,French,European,334.8308,3205.2299,74.2729,199.2227,French
112929,French,French,European,44.6142,1079.7471,9.5892,100.7746,French
112930,French,French,European,2.8659,641.8767,98.6820,23.7728,French
112931,French,French,European,0.4928,74.5240,6.2806,4.7556,French
112932,French,French,European,84.7448,1116.6450,42.3612,71.9460,French
112933,French,French,European,163.9403,1801.5547,136.8260,70.8775,French
112934,French,French,European,174.7488,1315.0869,27.7240,56.1120,French
112935,French,French,European,67.1987,268.6600,0.0000,0.0000,French
112936,French,French,European,60.3263,1006.4640,45.6348,61.8558,French
112937,French,French,European,0.4116,1.2808,0.0486,0.0132,French
112938,French,French,European,59.6440,1672.2147,84.6911,122.3205,French
112939,French,French,European,200.8721,1196.5075,15.2122,48.7223,French
112940,French,French,European,192.0717,1067.7280,26.7163,23.7907,French
112941,French,French,European,5.5224,1851.4870,166.4933,124.4040,French
112942,French,French,European,88.4699,878.2800,45.8600,36.6408,French
112943,French,French,European,48.6405,2124.6596,208.0177,120.7947,French
112944,French,French,European,148.3199,838.1700,31.0424,15.9814,French
112945,French,French,European,461.9262,3842.4110,175.0684,145.4165,French
112946,French,French,European,11.8458,55.5963,2.4079,1.3716,French
112947,French,French,European,31.5509,833.7620,29.9525,65.7106,French
112948,French,French,European,115.2841,1359.4800,25.5962,90.1209,French
112949,French,French,European,653.2384,3101.9725,61.0261,23.2822,French
112950,French,French,European,102.2926,2381.4730,0.2390,218.0750,French
112951,French,French,European,8.2664,388.0380,4.4059,38.3623,French
112952,French,French,European,334.9810,2522.7517,34.3179,121.3019,French
112953,French,French,European,3.5965,17.8750,0.8765,0.4082,French
112954,French,French,European,17089.5778,102687.0960,2702.6160,2814.1375,French
112955,French,French,European,34.7288,699.7832,22.2588,57.7672,French
112956,French,French,European,117.7410,815.4265,30.5248,27.7717,French
112957,French,French,European,0.0000,3120.7192,378.2965,167.8294,French
112958,French,French,European,507.6337,3711.6757,106.9312,149.9820,French
112959,French,French,European,67.6770,837.0484,22.1196,56.8381,French
112960,French,French,European,21.0236,254.9267,12.7954,14.7755,French
112961,French,French,European,15.2005,324.3083,10.1161,27.2282,French
112962,French,French,European,176.3794,716.8110,1.9934,0.6203,French
112963,French,French,European,77.5671,1033.7480,24.6965,74.0220,French
112964,French,French,European,12.1759,608.6408,31.7413,48.3152,French
112965,French,French,European,160.1397,2071.3545,178.6233,86.3201,French
112966,French,French,European,468.5883,7158.7372,117.9681,554.8031,French
112967,French,French,European,0.0000,477.3600,0.0000,54.0000,French
112968,French,French,European,224.6048,1429.1223,43.2288,44.3022,French
112969,French,French,European,13.0092,282.9430,17.6154,17.6740,French
112970,French,French,European,547.2386,2492.1040,44.4396,26.8691,French
112971,French,French,European,67.8018,950.4182,51.0254,52.4705,French
112972,French,French,European,127.0310,1276.5700,64.1176,47.9376,French
112973,French,French,European,50.1248,1182.1145,149.3578,40.5786,French
112974,French,French,European,3.3140,39.3755,0.4943,0.1207,French
112975,French,French,European,70.8952,3475.2088,433.8932,165.7068,French
112976,French,French,European,36.9445,668.0034,28.3411,48.6110,French
112977,French,French,European,321.6098,4991.9208,227.0868,313.6447,French
112978,French,French,European,71.7005,530.4792,26.4582,18.3562,French
112979,French,French,European,108.5345,1413.8600,48.3723,88.3863,French
112980,French,French,European,,,,,French
112981,French,French,European,26.6383,409.4099,29.8889,20.6297,French
112982,French,French,European,173.9604,1109.4700,32.9504,32.2664,French
112983,French,French,European,41.7727,4386.4512,95.4088,428.3951,French
112984,French,French,European,21.6190,539.1325,32.0412,36.7272,French
112985,French,French,European,288.3467,1418.7825,48.8174,7.3670,French
112986,French,French,European,20.2030,190.0667,25.5910,0.9837,French
112987,French,French,European,31.9746,1986.1920,86.3570,171.4970,French
112988,French,French,European,170.9594,1641.2220,31.5179,92.2970,French
112989,French,French,European,98.4568,956.5563,41.0970,44.4161,French
112990,French,French,European,58.1411,493.9480,13.4810,22.5590,French
112991,French,French,European,151.1110,4899.4537,394.5048,295.0811,French
112992,French,French,European,1.6083,92.7460,6.7550,5.2480,French
112993,French,French,European,10.9420,1478.0514,97.3171,116.0902,French
112994,French,French,European,9.1506,586.1920,27.8730,47.6330,French
112995,French,French,European,27.8917,1270.8663,8.6928,129.4176,French
112996,French,French,European,59.1136,1054.2501,43.0444,72.9097,French
112997,French,French,European,10.5007,449.0560,5.5338,43.8850,French
112998,French,French,European,203.7194,1097.5405,34.9744,13.6294,French
112999,French,French,European,66.3042,2040.8905,156.0542,126.1866,French
113000,French,French,European,56.8795,1827.5340,66.1862,153.4268,French
113001,French,French,European,103.9736,1400.6907,169.9356,30.8020,French
113002,French,French,European,63.0907,2641.6047,53.8607,255.6162,French
113003,French,French,European,17.6940,453.1940,32.8060,26.9988,French
113004,French,French,European,320.0438,1806.2000,75.7308,20.3005,French
113005,French,French,European,22.4336,661.7584,36.8663,47.8996,French
113006,French,French,European,34.5886,1704.9327,194.9299,88.7541,French
113007,French,French,European,47.5703,472.3050,9.9233,28.6552,French
113008,French,French,European,24.4042,5977.7494,613.3201,367.9462,French
113009,French,French,European,27.6799,937.1458,40.1382,77.9782,French
113010,French,French,European,339.6113,2465.4800,94.5823,80.7770,French
113011,French,French,European,2.5360,422.0000,26.2560,33.4520,French
113012,French,French,European,24.3731,500.5580,28.0975,32.2795,French
113013,French,French,European,25.7447,1814.9116,179.0640,106.3628,French
113014,French,French,European,299.8175,1322.5079,15.3715,8.2776,French
113015,French,French,European,63.6828,750.3240,30.8280,43.4370,French
113016,French,French,European,2.4936,295.4100,24.0759,20.3007,French
113017,French,French,European,68.5088,2589.1383,167.1714,180.2913,French
113018,French,French,European,3.0910,15.1030,0.8745,0.1103,French
113019,French,French,European,12.6364,132.7285,18.3380,0.7011,French
113020,French,French,European,3477.9397,16142.4817,797.8838,179.1197,French
113021,French,French,European,233.7635,1438.0480,42.5519,36.3254,French
113022,French,French,European,207.1738,2902.1773,64.2016,246.9450,French
113023,French,French,European,47.6116,573.5576,8.0473,40.2901,French
113024,French,French,European,3.6362,549.8907,98.4424,12.7813,French
113025,French,French,European,4.4916,30.3476,0.1854,0.8164,French
113026,French,French,European,89.9493,1163.8390,42.4255,71.8093,French
113027,French,French,European,197.4813,2027.5493,68.4712,114.4725,French
113028,French,French,European,6065.1039,33695.1825,2213.5446,270.6275,French
113029,French,French,European,10.2418,50.3640,2.3198,0.7799,French
113030,French,French,European,0.9040,1380.9300,1.6975,152.8303,French
113031,French,French,European,139.0103,2283.8735,117.9851,136.2790,French
113032,French,French,European,114.0694,4743.6075,315.5424,333.9561,French
113034,French,French,European,73.4402,745.0931,58.2385,25.3778,French
113035,French,French,European,299.2216,2132.3994,148.8009,37.0290,French
113036,French,French,European,108.0093,1215.5719,77.6132,61.4041,French
113037,French,French,European,13.7211,809.8800,70.6591,52.7388,French
113038,French,French,European,111.2892,1611.1499,59.5271,109.2457,French
113039,French,French,European,197.8423,1218.4908,24.5894,36.5827,French
113040,French,French,European,0.0000,12.6083,2.8050,0.0708,French
113041,French,French,European,37.9313,1157.7312,19.6402,105.1121,French
113042,French,French,European,290.5651,1545.1830,29.4951,41.0381,French
113043,French,French,European,1184.6489,7082.8927,265.4203,152.1860,French
113044,French,French,European,181.7393,2203.1776,81.5568,141.9117,French
113045,French,French,European,0.2405,250.8407,5.7946,25.6386,French
113046,French,French,European,3617.4301,17022.4850,528.8621,265.8824,French
113047,French,French,European,473.6253,2270.3460,45.2290,31.0435,French
113048,French,French,European,251.9969,2621.1885,164.3996,105.2546,French
113049,French,French,European,359.3519,3236.3900,167.9514,128.6808,French
113050,French,French,European,40.0471,986.2189,42.0016,74.5844,French
113051,French,French,European,348.1951,5572.9460,183.0959,395.1035,French
113052,French,French,European,892.2944,5207.2100,215.8323,88.4219,French
113053,French,French,European,67.1930,757.9950,29.5260,43.0650,French
113054,French,French,European,170.3526,3476.3922,425.3193,121.7181,French
113055,French,French,European,6.0437,1643.9253,360.4864,10.1474,French
113056,French,French,European,159.9416,1295.3080,36.9005,63.8887,French
113057,French,French,European,14.6859,2007.6098,0.1928,218.0081,French
113058,French,French,European,28523.5458,143506.0840,5127.2550,684.0850,French
113059,French,French,European,726.3491,4179.6540,151.5133,75.4135,French
113060,French,French,European,0.5019,182.4916,0.4079,20.3362,French
113061,French,French,European,126.9547,2255.7425,64.6883,172.9696,French
113062,French,French,European,60.0994,605.8636,34.7021,29.5548,French
113063,French,French,European,48.0682,710.9000,52.0677,36.8058,French
113064,French,French,European,13.9402,165.2360,13.7131,5.0244,French
113065,French,French,European,243.4786,3858.4200,31.4883,309.0555,French
113066,French,French,European,108.9630,2116.7965,300.1325,51.0892,French
113067,French,French,European,61.3775,1175.6000,74.1195,71.1870,French
113068,French,French,European,296.5837,3152.7226,156.8675,149.4107,French
113069,French,French,European,141.8429,1506.4707,2.0194,109.2669,French
113070,French,French,European,34.2792,1583.0940,123.2860,106.3699,French
113071,French,French,European,132.3224,3453.7364,421.6026,129.4217,French
113072,French,French,European,40.8863,692.5622,18.1411,52.8714,French
113073,French,French,European,11.2477,1706.8545,241.6387,70.3537,French
113074,French,French,European,16.1548,1805.5622,137.6734,129.1569,French
113075,French,French,European,48.0000,319.2000,0.0000,16.0080,French
113076,French,French,European,4.7706,1564.2832,138.4814,107.9841,French
113077,French,French,European,11.1049,1180.2161,91.2815,82.8188,French
113078,French,French,European,2.0169,9.6170,0.3572,0.0830,French
113079,French,French,European,395.5135,1662.4773,22.7597,12.4507,French
113080,French,French,European,120.1218,1818.0360,44.3963,130.5701,French
113081,French,French,European,5.4496,266.8400,0.1568,27.0000,French
113082,French,French,European,7.3300,105.2260,14.9217,0.2688,French
113083,French,French,European,163.5823,3781.5879,442.7693,157.8466,French
113084,French,French,European,344.2686,2346.2533,32.1816,99.4408,French
113085,French,French,European,7.9688,402.6458,35.3388,25.3735,French
113086,French,French,European,10.3016,1935.9000,99.7064,165.9474,French
113087,French,French,European,20.8553,284.5780,16.4055,13.5019,French
113088,French,French,European,0.0000,4971.4560,317.7014,400.4381,French
113089,French,French,European,20.7841,2201.5967,154.6881,164.9846,French
113090,French,French,European,197.1367,1665.1787,54.0235,71.0848,French
113091,French,French,European,6.0330,92.2100,2.7782,7.2732,French
113092,French,French,European,37.7444,763.2060,54.4942,42.5602,French
113093,French,French,European,671.5151,5691.1791,39.7253,325.2011,French
113094,French,French,European,32.8753,1212.0900,0.1260,122.4490,French
113095,French,French,European,0.8748,244.3570,0.2143,27.2483,French
113096,French,French,European,12.3832,291.8400,20.2460,17.4888,French
113097,French,French,European,186.5508,1286.3160,28.2589,47.1049,French
113098,French,French,European,62.1985,446.5350,13.7483,19.4269,French
113099,French,French,European,89.0220,964.5683,10.5551,67.8924,French
113100,French,French,European,0.0000,459.7707,22.4400,41.1667,French
113101,French,French,European,8.2686,253.2808,5.3916,23.4132,French
113102,French,French,European,39.6800,215.0400,0.5120,6.9120,French
113103,French,French,European,62.2658,376.3800,31.4204,5.4812,French
113104,French,French,European,29.4986,1083.7690,50.1473,91.2462,French
113105,French,French,European,16.5143,392.3113,19.7077,28.4423,French
113106,French,French,European,,,,,French
113107,French,French,European,7.5314,229.9622,16.4842,13.9342,French
113108,French,French,European,99.7064,1606.4075,75.2423,103.0011,French
113109,French,French,European,144.0691,612.2733,10.9211,2.5678,French
113110,French,French,European,149.6650,852.2580,21.9952,20.6482,French
113111,French,French,European,53.4202,832.1167,84.3496,29.5987,French
113112,French,French,European,91.8160,905.9715,47.5426,37.9735,French
113113,French,French,European,310.9555,1553.7180,53.5362,6.9846,French
113114,French,French,European,,,,,French
113115,French,French,European,23.0716,1389.0480,53.4793,122.2753,French
113116,French,French,European,283.9207,1704.8225,11.6978,65.3635,French
113117,French,French,European,19.4961,410.2140,25.9095,26.1747,French
113118,French,French,European,4.0842,263.0065,6.0823,25.4919,French
113119,French,French,European,30.3028,139.9800,6.7880,1.4860,French
113120,French,French,European,143.8006,1904.4203,4.3463,151.1035,French
113121,French,French,European,175.3458,2343.5753,72.8110,161.1126,French
113122,French,French,European,14.1840,90.4500,6.6090,1.1070,French
113123,French,French,European,417.9008,3392.0030,83.2681,168.4455,French
113124,French,French,European,79.1813,2284.9890,108.7747,168.0860,French
113125,French,French,European,4.3526,2891.7520,361.4184,148.9506,French
113126,French,French,European,54.5651,306.8441,13.3387,6.4124,French
113127,French,French,European,39.4722,880.6800,51.6174,59.4216,French
113128,French,French,European,22.5896,970.7000,16.1392,95.7320,French
113129,French,French,European,16.1760,1124.0000,55.7360,95.2560,French
113130,French,French,European,109.1734,2314.2403,374.1130,32.3507,French
113131,French,French,European,6.4020,326.9269,21.1018,24.1579,French
113132,French,French,European,19.2375,1585.3683,170.5819,90.5257,French
113133,French,French,European,57.7791,1387.6302,51.2691,108.6059,French
113134,French,French,European,119.1763,1085.9800,24.8946,59.1360,French
113135,French,French,European,239.6128,1881.0053,54.7117,83.1018,French
113136,French,French,European,25.0018,356.7883,10.6365,24.7696,French
113137,French,French,European,170.1713,1593.3500,5.2703,102.5115,French
113138,French,French,European,1.4362,256.9244,17.3291,20.1861,French
113139,French,French,European,95.4027,3224.9458,263.2759,191.4457,French
113140,French,French,European,239.3466,964.8450,8.4084,2.3100,French
113141,French,French,European,6.0442,519.2800,12.3188,49.6156,French
113142,French,French,European,207.4077,1471.9560,35.6584,54.4360,French
113143,French,French,European,76.8193,1325.6562,49.5353,93.4687,French
113144,French,French,European,6.1751,412.3800,4.6487,42.4349,French
113145,French,French,European,178.5382,2101.7800,58.1294,144.0066,French
113146,French,French,European,53.2954,1063.6408,24.6474,89.5188,French
113147,French,French,European,38.6428,339.4745,15.5099,14.2483,French
113148,French,French,European,69.3257,11847.6219,131.7525,1224.1801,French
113149,French,French,European,102.5419,3592.7971,283.6697,224.7102,French
113150,French,French,European,18.9313,205.5232,15.3205,7.5951,French
113151,French,French,European,6.3556,28.2165,1.2007,0.1225,French
113152,French,French,European,5511.2986,34662.0622,1909.2761,1013.0004,French
113153,French,French,European,1629.2666,7004.4924,39.9790,39.0540,French
113154,French,French,European,29.1072,246.0600,3.3920,14.0760,French
113155,French,French,European,23.6128,103.3280,2.0381,0.9133,French
113156,French,French,European,33.8779,4011.8886,95.4013,393.6238,French
113157,French,French,European,14.0465,850.3932,61.1269,60.1404,French
113158,French,French,European,76.8119,3261.1927,56.9526,311.2679,French
113159,French,French,European,306.6046,1960.6020,28.4337,70.0405,French
113160,French,French,European,165.5295,1329.1921,48.0622,54.0279,French
113161,French,French,European,74.2584,1005.6710,55.7204,56.6733,French
113162,French,French,European,40.9465,9903.3794,398.2451,895.1753,French
113163,French,French,European,279.8914,1686.3254,69.7279,29.1566,French
113164,French,French,European,31.7224,558.2400,29.9488,34.6504,French
113165,French,French,European,132.0448,565.7600,18.3808,1.2544,French
113166,French,French,European,127.2717,3382.7088,430.4333,134.8798,French
113167,French,French,European,74.3445,865.2530,33.5743,47.9621,French
113168,French,French,European,166.3200,190806.0000,13772.2200,14941.0800,French
113169,French,French,European,28.1628,242.6940,8.3903,12.3297,French
113170,French,French,European,59.8415,880.8642,87.9785,32.0130,French
113171,French,French,European,75.3205,1755.4360,242.9034,45.7230,French
113172,French,French,European,65.7369,1807.3695,24.1706,163.1546,French
113173,French,French,European,133.1087,1213.5822,27.1605,63.2367,French
113174,French,French,European,427.4254,3517.8000,148.5342,139.9500,French
113175,French,French,European,220.4970,1832.9300,18.8288,96.7508,French
113176,French,French,European,21195.1000,257073.7500,3769.6568,17815.5135,French
113177,French,French,European,64.1978,707.5620,26.0018,42.6362,French
113178,French,French,European,105.0098,965.8998,54.4465,39.6336,French
113179,French,French,European,19.5933,10417.4372,813.0479,761.6710,French
113180,French,French,European,10.9035,198.7836,36.0740,1.1153,French
113181,French,French,European,3.4955,1491.4973,90.2036,124.5449,French
113182,French,French,European,30.0327,534.0496,11.6529,43.4823,French
113183,French,French,European,45723.4220,209683.7000,2385.0180,1610.4450,French
113184,French,French,European,13.5915,865.3869,47.7459,69.6350,French
113185,French,French,European,348.7957,3926.8119,102.9852,247.5813,French
113186,French,French,European,21.8208,419.0030,43.7809,8.3517,French
113187,French,French,European,5.1303,2311.8947,143.0050,188.1370,French
113188,French,French,European,37.2015,515.7000,26.1585,30.2400,French
113189,French,French,European,2346.7836,134597.0400,1011.2280,14275.3644,French
113190,French,French,European,804.6940,125543.0427,8626.7719,9739.5712,French
113191,French,French,European,14.5088,1948.8819,364.7739,38.5886,French
113192,French,French,European,,,,,French
113193,French,French,European,1.6440,204.0000,1.7040,21.6480,French
113194,French,French,European,1.4400,286.0000,25.1200,19.0200,French
113195,French,French,European,18.1479,464.5450,29.6395,32.7884,French
113196,French,French,European,13.2370,644.5680,21.8109,56.1463,French
113197,French,French,European,0.0000,234.4640,0.0000,27.2000,French
113198,French,French,European,20.0238,1313.4479,38.0959,126.7494,French
113199,French,French,European,52.0308,743.1600,46.9832,38.9028,French
113200,French,French,European,19.4873,606.6612,1.3730,59.7541,French
113201,French,French,European,465.3712,3319.3840,98.2830,131.2370,French
113202,French,French,European,510.8326,2585.4041,41.4292,36.1445,French
113203,French,French,European,164.0576,2447.6807,52.5170,177.5069,French
113204,French,French,European,166.0035,3561.5989,290.1052,190.3783,French
113205,French,French,European,210.7487,4119.7687,237.7288,254.2315,French
113206,French,French,European,156.7176,1583.0819,73.7750,74.8951,French
113207,French,French,European,151.2802,3400.8586,136.9999,276.4722,French
113208,French,French,European,12.6387,386.0022,21.5014,27.8815,French
113209,French,French,European,4783.1350,62101.0000,3154.5450,3407.5200,French
113210,French,French,European,168.6515,2296.1860,96.1985,141.1580,French
113211,French,French,European,37.3522,1589.4980,108.1908,114.4568,French
113212,French,French,European,18.3516,1174.5220,85.9151,82.8440,French
113213,French,French,European,83.9082,1641.6632,139.4939,83.3441,French
113214,French,French,European,27.6995,681.4495,11.8081,62.1707,French
113215,French,French,European,9.0746,524.2628,2.0315,54.5268,French
113216,French,French,European,530.3486,3272.2000,32.6016,125.6002,French
113217,French,French,European,23.4172,620.3760,46.7950,37.7577,French
113218,French,French,European,59.3875,2088.0733,32.5565,201.6533,French
113219,French,French,European,218.6186,1400.1550,5.4384,56.8484,French
113220,French,French,European,18.7895,3324.3355,68.5500,337.2640,French
113221,French,French,European,20.9932,892.5612,118.8359,35.7868,French
113222,French,French,European,472.9298,2939.3127,79.9548,88.8082,French
113223,French,French,European,5.9109,113.3127,10.6860,5.0512,French
113224,French,French,European,0.0000,4478.9435,355.5955,329.3021,French
113225,French,French,European,77.0408,1132.7400,49.3989,63.6468,French
113226,French,French,European,165.3927,2032.0114,94.7055,115.1267,French
113227,French,French,European,0.0000,151.3000,33.6600,0.8500,French
113228,French,French,European,74.3529,5818.1410,228.6475,505.9796,French
113229,French,French,European,23.5998,381.1920,24.6045,20.2491,French
113230,French,French,European,15.3502,134.0885,3.8815,7.3100,French
113231,French,French,European,77.6447,1467.8093,214.8741,32.0608,French
113232,French,French,European,16.4534,1926.7810,73.5590,174.2128,French
113233,French,French,European,61.3413,943.4683,57.9782,53.3121,French
113234,French,French,European,8.2409,91.1600,11.5970,1.0561,French
113235,French,French,European,80.9948,1716.4888,126.2561,96.6995,French
113236,French,French,European,15.2407,2608.7473,276.4762,160.3256,French
113237,French,French,European,5.5296,224.7733,45.3624,1.3493,French
113238,French,French,European,41.7415,2237.3703,365.7703,59.9877,French
113239,French,French,European,2.4457,1900.4121,0.5068,218.0934,French
113240,French,French,European,45.3845,2583.9294,111.0346,218.8165,French
113241,French,French,European,27.6297,1446.0227,213.7925,47.6300,French
113242,French,French,European,88.6624,1212.3475,31.2794,84.1888,French
113243,French,French,European,74.4833,409.8550,21.0748,10.5745,French
113244,French,French,European,32.3638,260.3260,3.8151,1.4636,French
113245,French,French,European,44.5835,1102.3817,28.7125,92.8283,French
113246,French,French,European,6.3060,28.8000,1.3440,0.1880,French
113247,French,French,European,2.0869,645.5864,0.6678,72.1803,French
113248,French,French,European,4.4524,482.1652,29.1278,38.8317,French
113249,French,French,European,124.5736,1121.3540,43.6770,50.5132,French
113250,French,French,European,36.7915,4439.4885,581.0453,219.2116,French
113251,French,French,European,10.7496,414.9400,11.8968,37.8138,French
113252,French,French,European,37.2484,583.6265,10.7645,46.6435,French
113253,French,French,European,213.0940,1126.7233,6.4452,30.9617,French
113254,French,French,European,6.9930,199.2250,1.8333,19.0733,French
113255,French,French,European,5.2893,1026.5792,69.2791,80.7368,French
113256,French,French,European,83.3169,2444.0660,56.5537,226.8294,French
113257,French,French,European,266.1644,1259.1610,36.3546,8.4163,French
113258,French,French,European,3.6587,184.3860,0.6968,18.7934,French
113259,French,French,European,421.2895,3454.1920,100.3356,172.3172,French
113260,French,French,European,140.8999,873.7770,29.6470,19.7324,French
113261,French,French,European,168.4452,1562.8601,90.9058,56.2235,French
113262,French,French,European,395.8465,3115.3150,87.1838,129.0475,French
113263,French,French,European,925.7156,5567.7205,178.3772,134.2356,French
113264,French,French,European,1.5962,1985.0166,6.3633,220.8010,French
113265,French,French,European,68282.4711,339259.3514,11939.7876,1392.9169,French
113266,French,French,European,130.4547,883.1798,25.8768,29.2745,French
113267,French,French,European,36.4901,299.2650,5.6011,16.2020,French
113268,French,French,European,41.8598,697.3200,46.2724,36.9002,French
113269,French,French,European,7.8884,1705.7078,294.4589,55.6684,French
113270,French,French,European,24.7474,223.2955,10.8193,9.0988,French
113271,French,French,European,123.5513,941.6790,57.1592,32.2401,French
113272,French,French,European,128.8559,5749.6889,405.3042,402.0945,French
113273,French,French,European,49.6222,5055.8757,406.9130,363.1897,French
113274,French,French,European,55.9732,323.5358,9.9132,2.0678,French
113275,French,French,European,101.2285,683.9280,21.9540,27.1464,French
113276,French,French,European,22.6796,209.7862,22.6796,2.8349,French
113277,French,French,European,337.4864,2058.8750,16.5272,78.6637,French
113278,French,French,European,2.5994,1231.7370,34.6097,121.3591,French
113279,French,French,European,168.2505,1870.5707,35.5375,152.4987,French
113280,French,French,European,24.3257,750.9555,38.3427,55.4819,French
113281,French,French,European,204.8670,5901.6038,798.8627,194.6798,French
113282,French,French,European,11.6107,237.0040,4.1229,20.9601,French
113283,French,French,European,224.7746,4668.6908,98.5836,376.2116,French
113284,French,French,European,45.6758,666.7420,33.2750,39.8676,French
113285,French,French,European,4.9979,250.6372,20.6003,16.0866,French
113286,French,French,European,23.5811,1466.0570,79.4725,119.1212,French
113287,French,French,European,12.6088,259.0617,8.1117,21.6265,French
113288,French,French,European,20.5520,88.7000,2.5340,0.2420,French
113289,French,French,European,397.4644,1978.2800,65.6504,9.0968,French
113290,French,French,European,6.2408,168.5940,5.0334,14.3607,French
113291,French,French,European,22.6456,1695.5447,277.2032,48.5302,French
113292,French,French,European,146.2261,882.6501,17.5274,28.3001,French
113293,French,French,European,280.7504,2087.4520,59.3290,86.1910,French
113294,French,French,European,153.3981,926.4010,29.6470,19.7324,French
113295,French,French,European,85.4008,1078.0371,31.3725,72.5780,French
113296,French,French,European,4.7828,1022.5360,75.6155,75.0670,French
113297,French,French,European,718.3133,15935.9154,2166.4619,420.7725,French
113298,French,French,European,6.4149,873.1827,85.6453,55.3224,French
113299,French,French,European,13.0741,967.5480,9.1828,99.9313,French
113300,French,French,European,31.7006,231.0000,16.7725,3.4069,French
113301,French,French,European,1.0770,80.6500,6.7525,5.2455,French
113302,French,French,European,88.2887,1515.2770,50.3003,106.1017,French
113303,French,French,European,216.5541,1819.7829,30.8808,93.2040,French
113304,French,French,European,159.3376,2098.3399,35.9694,149.2752,French
113305,French,French,European,224.2767,2258.9735,33.0151,143.2816,French
113306,French,French,European,54.5150,1017.2400,57.2760,65.6430,French
113307,French,French,European,16.8892,3767.6325,393.4182,226.5883,French
113308,French,French,European,253.3296,1647.3280,51.3684,51.2688,French
113309,French,French,European,8.8281,391.0485,14.6911,33.0855,French
113310,French,French,European,6536.7853,33566.4875,654.7569,485.2991,French
113311,French,French,European,75.4417,1659.7660,46.1035,130.8065,French
113312,French,French,European,18.8989,4349.4091,331.5561,320.5518,French
113313,French,French,European,363.4964,2501.6360,66.6333,94.2880,French
113314,French,French,European,20.4653,839.6822,8.2424,85.7836,French
113315,French,French,European,,,,,French
113316,French,French,European,36.9828,1112.9680,3.6157,108.9350,French
113317,French,French,European,21.3287,415.9835,29.4349,24.3929,French
113318,French,French,European,17.6114,288.3733,14.5352,17.9405,French
113319,French,French,European,2.3130,445.8932,1.9003,48.7101,French
113320,French,French,European,6.8611,334.2500,21.6737,24.4527,French
113321,French,French,European,10.2740,44.0000,1.2100,0.1100,French
113322,French,French,European,25.2917,4742.3299,362.4507,342.7954,French
113323,French,French,European,17.1280,304.8388,43.8158,8.4582,French
113324,French,French,European,154.8607,1225.8259,27.2603,60.5945,French
113325,French,French,European,8.3837,334.7598,26.5539,20.5917,French
113326,French,French,European,57.7607,1303.2600,21.7158,113.7672,French
113327,French,French,European,420.5017,2775.8422,36.3586,102.8916,French
113328,French,French,European,217.6390,2290.9527,28.3341,152.5897,French
113329,French,French,European,54.7350,1980.0980,46.5005,176.2781,French
113330,French,French,European,525.5265,2542.6693,30.2945,37.1066,French
113331,French,French,European,25.0153,2782.5575,160.4955,223.2752,French
113332,French,French,European,181.8176,1293.2956,57.0672,39.4282,French
113333,French,French,European,3.2293,438.6502,67.5349,15.2785,French
113334,French,French,European,0.5506,2.5000,0.1169,0.0275,French
113335,French,French,European,27.8561,1925.2153,242.1478,96.6303,French
113336,French,French,European,43.2083,202.7498,12.1802,1.5447,French
113337,French,French,European,576.6489,3851.4350,79.2924,159.3980,French
113338,French,French,European,11.5656,162.0900,18.7345,4.9956,French
113339,French,French,European,52.7732,560.2860,24.1836,28.6656,French
113340,French,French,European,13.5140,1105.1900,57.7300,90.1550,French
113341,French,French,European,32.7827,1205.4335,112.0238,72.2838,French
113342,French,French,European,106.1377,1954.1161,99.1300,132.5269,French
113344,French,French,European,44.9369,309.4870,13.1595,8.4212,French
113345,French,French,European,68.2485,1880.9468,161.6437,106.3958,French
113346,French,French,European,2109.2057,70686.7088,1018.4281,6650.7434,French
113347,French,French,European,32.8697,1225.7572,80.9921,84.8628,French
113348,French,French,European,9.3348,37.5000,1.5419,0.6053,French
113349,French,French,European,266.0533,5790.3925,14.3928,525.6094,French
113350,French,French,European,39.5093,910.5200,45.2779,64.4174,French
113351,French,French,European,67.0522,972.6522,49.7972,56.9389,French
113352,French,French,European,28.5401,529.7880,15.6920,40.0534,French
113353,French,French,European,4.6495,2721.6054,371.3655,126.3883,French
113354,French,French,European,13.8186,3271.8399,292.6064,223.6194,French
113355,French,French,European,516.7461,3614.4760,83.6179,141.8447,French
113356,French,French,European,570.7906,3276.8680,95.9705,61.1576,French
113357,French,French,European,23.9820,330.9145,5.9862,23.9820,French
113358,French,French,European,449.5475,2058.9840,35.0527,7.9336,French
113359,French,French,European,8.0070,363.3065,29.0825,23.0469,French
113360,French,French,European,40.1831,317.8523,8.3109,14.7338,French
113361,French,French,European,1.0557,6.6810,0.1688,0.2989,French
113362,French,French,European,1.7723,146.3550,12.6134,9.5466,French
113363,French,French,European,247.0453,1605.5610,64.3512,38.5405,French
113364,French,French,European,16.0000,148.0000,16.0000,2.0000,French
113365,French,French,European,136.1681,1257.2616,44.8232,59.7558,French
113366,French,French,European,146.8243,1226.9257,48.9744,52.4256,French
113367,French,French,European,20.7800,905.5140,50.0352,71.4888,French
113368,French,French,European,103.1861,1830.1330,113.0414,109.6147,French
113369,French,French,European,120.7003,1208.5981,46.0667,63.6266,French
113370,French,French,European,54.1656,1437.0375,68.8798,111.7380,French
113371,French,French,European,24.0688,770.5860,28.0751,64.9613,French
113372,French,French,European,158.4864,1160.5240,31.0168,48.5682,French
113373,French,French,European,9.7337,38.5578,0.4839,0.2766,French
113374,French,French,European,97.6288,1092.0280,41.7173,61.3241,French
113375,French,French,European,4.9286,436.9259,5.8321,0.1997,French
113376,French,French,European,0.0000,31.5208,7.0125,0.1771,French
113377,French,French,European,6.5158,752.2100,64.7215,49.5447,French
113378,French,French,European,101.8476,1137.4585,24.3246,70.5703,French
113379,French,French,European,53.0829,1317.6974,38.2381,109.5099,French
113380,French,French,European,2.1485,33.5625,4.5903,0.5877,French
113381,French,French,European,216.7726,1820.4441,45.5254,86.0626,French
113382,French,French,European,173.9559,1621.4516,122.2522,49.0760,French
113383,French,French,European,237.7617,2088.4695,76.5331,97.4074,French
113384,French,French,European,35.7437,533.1749,25.6344,31.9073,French
113385,French,French,European,146.0748,1133.2525,29.6483,46.9337,French
113386,French,French,European,60.7052,1008.5000,37.8888,73.6476,French
113387,French,French,European,281.1928,1771.0085,51.1055,54.8244,French
113388,French,French,European,94.0637,475.2404,13.9396,8.7375,French
113389,French,French,European,130.0494,613.9440,14.5824,10.1559,French
113390,French,French,European,29.9235,340.5925,12.6163,20.3179,French
113391,French,French,European,20.0227,1044.8065,26.7189,97.8753,French
113392,French,French,European,161.2793,991.3661,44.4111,20.0263,French
113393,French,French,European,9.7295,642.7485,16.7778,60.1069,French
113394,French,French,European,129.7525,747.9867,25.6731,17.7540,French
113395,French,French,European,14.9440,15005.4000,61.1600,1661.6600,French
113396,French,French,European,73.1136,2082.0793,369.5664,24.7591,French
113397,French,French,European,54.2160,345.4040,3.4108,15.2160,French
113398,French,French,European,63.3806,736.0380,34.7817,39.3886,French
113399,French,French,European,86.8587,1650.5002,117.4382,101.6292,French
113400,French,French,European,18.3290,163.3267,4.0440,8.2826,French
113401,French,French,European,41.4105,185.5318,10.1217,1.3606,French
113402,French,French,European,90.5247,593.1520,18.8753,22.5080,French
113403,French,French,European,6.2559,335.9100,19.6945,25.0915,French
113404,French,French,European,450.9443,2247.0430,13.5080,47.0330,French
113405,French,French,European,84.1018,1823.1721,93.6120,125.2610,French
113406,French,French,European,19.4607,2058.0475,93.2325,180.1481,French
113407,French,French,European,11.9880,480.4200,0.4680,48.5160,French
113408,French,French,European,78.4140,1931.6450,239.8651,74.3120,French
113409,French,French,European,16.1857,143.7850,7.4551,5.0354,French
113410,French,French,European,34.1667,930.3828,55.0430,65.3063,French
113411,French,French,European,17.9892,1244.6600,81.4352,95.2638,French
113412,French,French,European,8.1816,220.2376,2.2773,20.3236,French
113413,French,French,European,309.5104,1930.6500,46.8266,55.3256,French
113414,French,French,European,556.5543,3404.3667,73.4474,101.9765,French
113415,French,French,European,42.2557,1254.0315,143.0555,53.1858,French
113416,French,French,European,114.0450,2017.8030,24.9090,164.3034,French
113417,French,French,European,1005.0357,5097.0190,166.1870,46.5144,French
113418,French,French,European,298.9967,3854.9117,58.2599,276.7378,French
113419,French,French,European,80.6907,1584.6226,148.2583,74.5968,French
113420,French,French,European,144.8327,1471.7446,20.5591,92.4904,French
113421,French,French,European,139.9695,1226.9710,40.4827,58.5209,French
113422,French,French,European,306.2587,3354.8439,426.9851,37.4600,French
113423,French,French,European,24.8404,498.4581,36.3849,27.2596,French
113424,French,French,European,173.9718,1434.0450,45.0877,66.6560,French
113425,French,French,European,7571.3396,31530.6200,648.4060,225.2941,French
113426,French,French,European,34.5302,6197.0569,337.8163,515.9495,French
113427,French,French,European,94.6051,291171.0274,95.9774,32855.6131,French
113428,French,French,European,201.8460,1167.6220,0.0150,40.8020,French
113429,French,French,European,102.0685,1790.3029,119.8877,100.7011,French
113430,French,French,European,2.7133,1364.9769,190.7560,61.1806,French
113431,French,French,European,61.9147,3164.6040,562.9274,60.2367,French
113432,French,French,European,34.3369,947.2188,89.2536,50.8872,French
113433,French,French,European,29.9276,782.8133,3.0100,73.2303,French
113434,French,French,European,11.0185,204.3492,5.0263,17.6763,French
113435,French,French,European,3.5763,40.6780,2.1027,2.1478,French
113436,French,French,European,383.3723,2143.0531,121.6361,21.4631,French
113437,French,French,European,12928.5600,83301.7500,2858.5900,2636.5300,French
113438,French,French,European,429.6144,2363.8800,54.8044,51.1492,French
113439,French,French,European,39.0294,606.4240,18.1226,35.1630,French
113440,French,French,European,203.5136,2227.0500,84.2042,119.6930,French
113441,French,French,European,128.7849,5946.0026,588.6568,323.3550,French
113442,French,French,European,520.7044,2674.7650,32.8550,61.1186,French
113443,French,French,European,122.5615,470.4050,1.7627,0.7172,French
113444,French,French,European,8.4103,795.6780,64.1869,53.9104,French
113445,French,French,European,174.0949,1759.1293,225.5464,15.0375,French
113446,French,French,European,30.6531,2769.9968,347.6236,130.9693,French
113447,French,French,European,314.3202,1653.2565,53.2450,17.6226,French
113448,French,French,European,27.2064,3996.4800,129.1419,373.0222,French
113449,French,French,European,17.1242,278.4160,10.6220,19.4761,French
113450,French,French,European,0.0000,238.6800,0.0000,27.0000,French
113451,French,French,European,75.4449,4985.9131,569.6709,251.9189,French
113452,French,French,European,84.8128,990.8760,29.0510,65.5785,French
113453,French,French,European,54.2099,280.0950,6.2572,4.3740,French
113454,French,French,European,403.1793,3122.3176,164.7098,101.6022,French
113455,French,French,European,210.7684,3188.4765,126.9969,209.3706,French
113456,French,French,European,524.9796,3123.9202,218.0956,27.9194,French
113457,French,French,European,18.9112,559.2400,2.5232,54.2200,French
113458,French,French,European,15958.8776,74199.3465,1208.1372,427.3209,French
113459,French,French,European,79.2957,854.7187,23.7188,52.9739,French
113460,French,French,European,24.2068,418.8376,18.9256,29.8628,French
113461,French,French,European,493.2109,10813.0000,339.7398,909.1539,French
113462,French,French,European,31595.2731,199560.3475,5230.8171,6064.4709,French
113463,French,French,European,19.4417,835.2032,11.2457,82.8387,French
113464,French,French,European,4.3779,824.6070,1.0486,90.8089,French
113465,French,French,European,48.7187,1033.4580,32.4199,86.4732,French
113466,French,French,European,83.5366,407.6470,6.3442,5.1544,French
113467,French,French,European,26.6901,258.1165,7.7286,14.8720,French
113468,French,French,European,23.9350,524.9750,24.4972,38.9340,French
113469,French,French,European,61.9162,810.8425,37.8567,47.2140,French
113470,French,French,European,29.5789,586.7641,7.6624,49.6836,French
113471,French,French,European,69.8020,999.9840,32.9907,61.5192,French
113472,French,French,European,74.6632,863.5967,75.1748,31.6363,French
113473,French,French,European,70.2675,1916.9150,214.7736,85.1281,French
113474,French,French,European,13.5931,507.5480,21.4278,41.9353,French
113475,French,French,European,2.1045,126.0500,0.1067,13.5732,French
113476,French,French,European,1.0557,1957.1305,236.6041,105.1923,French
113477,French,French,European,227.8560,2065.5000,90.6980,94.6810,French
113478,French,French,European,1.6822,7.9120,0.8118,0.2958,French
113479,French,French,European,4.4697,759.8870,35.1247,67.5010,French
113480,French,French,European,6.9923,341.2274,51.4658,11.4912,French
113481,French,French,European,394.4082,3901.8143,312.8062,119.8328,French
113482,French,French,European,163.4836,2104.4928,5.1951,163.6487,French
113483,French,French,European,13.4100,376.8798,26.5446,22.3462,French
113484,French,French,European,29.8911,1208.3507,119.0677,68.4625,French
113485,French,French,European,204.1752,1875.3350,56.7191,100.7944,French
113486,French,French,European,236.4282,4047.5390,155.9274,307.4854,French
113487,French,French,European,1802.7603,10016.0470,415.2092,123.9306,French
113488,French,French,European,79.9079,866.1064,51.5080,43.1794,French
113489,French,French,European,63.1824,1311.2497,53.2117,97.5836,French
113490,French,French,European,214.6177,2291.2187,30.7500,148.9120,French
113491,French,French,European,45.3568,1558.7465,83.3665,121.9809,French
113492,French,French,European,132.0165,5170.8121,326.7892,367.4608,French
113493,French,French,European,284.3839,1840.7318,52.2369,61.7588,French
113494,French,French,European,,,,,French
113495,French,French,European,2.2971,10.1850,0.3099,0.1600,French
113496,French,French,European,65.5186,1110.8026,17.5632,87.5689,French
113497,French,French,European,43.8552,2065.4365,215.6165,115.5595,French
113498,French,French,European,46.8193,945.1862,50.5791,64.9726,French
113499,French,French,European,6.2780,29.7000,1.6865,0.1740,French
113500,French,French,European,275.2470,2212.5800,64.9610,111.0530,French
113501,French,French,European,55.7296,846.1917,15.2624,63.2853,French
113502,French,French,European,119.0185,754.0470,27.4853,20.9653,French
113503,French,French,European,3.2705,770.6512,168.5201,4.3129,French
113504,French,French,European,36.9235,1505.0698,110.0161,102.2060,French
113505,French,French,European,78.5183,1077.4600,58.2545,59.6400,French
113506,French,French,European,78.7888,3985.8787,417.6212,212.7593,French
113507,French,French,European,115.6103,2201.0590,68.4073,162.5105,French
113508,French,French,European,0.0000,1047.7972,67.8120,84.1867,French
113509,French,French,European,909.0935,5059.7300,207.7600,64.6066,French
113510,French,French,European,130.1285,1500.9470,65.7129,79.5031,French
113511,French,French,European,51.7689,1025.4969,34.5045,78.2279,French
113512,French,French,European,185.7279,1654.7352,43.6503,82.8017,French
113513,French,French,European,9.9016,179.7080,12.5600,9.5100,French
113514,French,French,European,27.0189,245.3697,6.3430,14.9588,French
113515,French,French,European,39.3249,1743.4243,65.6218,152.6226,French
113516,French,French,European,56.6975,1357.0954,65.5665,100.1658,French
113517,French,French,European,66.0787,799.3374,34.2298,44.8248,French
113518,French,French,European,25.1258,946.5371,66.9148,63.2868,French
113519,French,French,European,35.0661,1227.0755,39.1485,107.5405,French
113520,French,French,European,202.9808,2254.5120,33.8790,148.7281,French
113521,French,French,European,11.4936,1355.8712,57.6693,120.3099,French
113522,French,French,European,136.2142,1492.6451,56.0560,89.1365,French
113523,French,French,European,8.6319,279.7560,1.6031,27.7274,French
113524,French,French,European,206.3331,2179.0193,201.7981,63.2813,French
113525,French,French,European,794.8884,3952.3680,71.2828,45.7406,French
113526,French,French,European,47.1428,518.1750,22.4745,29.6700,French
113527,French,French,European,134.6839,1531.9245,33.1936,95.5677,French
113528,French,French,European,30.6739,217.2345,20.5759,2.3933,French
113529,French,French,European,250.2446,4927.3462,231.1193,331.7518,French
113530,French,French,European,7.4741,1078.9180,93.4499,72.4550,French
113531,French,French,European,67.6901,1295.4569,46.8495,92.2920,French
113532,French,French,European,63.8432,1651.0975,103.6582,115.8550,French
113533,French,French,European,83.6801,893.4495,35.8110,47.9955,French
113534,French,French,European,62.5314,2611.1550,116.7666,219.6886,French
113535,French,French,European,4.3635,2441.7400,6.7199,277.3980,French
113536,French,French,European,308.6988,1269.2020,4.7859,2.1114,French
113537,French,French,European,13.3615,951.8100,46.6104,79.6846,French
113538,French,French,European,0.5220,161.0500,27.1397,5.1887,French
113539,French,French,European,188.5707,1544.7192,89.5269,54.2165,French
113540,French,French,European,129.7687,1313.1659,48.8256,69.0901,French
113541,French,French,European,642.3844,8983.2094,602.0415,448.6770,French
113542,French,French,European,74.6761,621.9310,25.3301,23.7795,French
113543,French,French,European,84.5851,1252.1949,192.1218,9.9293,French
113544,French,French,European,522.2148,2790.2790,105.3020,36.3891,French
113545,French,French,European,247.0389,1122.9985,11.4910,13.9683,French
113546,French,French,European,169.1837,916.2974,27.9351,17.8988,French
113547,French,French,European,331.2122,2281.5875,186.4250,27.1863,French
113548,French,French,European,1.1027,4.4200,0.0000,0.0000,French
113549,French,French,European,88.8296,870.8800,7.1646,58.3824,French
113550,French,French,European,24.0959,261.3240,13.1530,12.8618,French
113551,French,French,European,31.9698,1473.8455,101.6291,103.4212,French
113552,French,French,European,51.2015,343.7100,10.6845,14.5930,French
113553,French,French,European,5.4525,3925.4692,97.4129,389.7845,French
113554,French,French,European,113.1960,1858.9633,144.3686,88.5246,French
113555,French,French,European,31.0471,534.3725,33.7432,27.6512,French
113556,French,French,European,64.2349,1096.6120,41.0928,77.8589,French
113557,French,French,European,8.8828,79.9110,11.0163,0.8148,French
113558,French,French,European,42.0713,304.3980,22.5907,5.0258,French
113559,French,French,European,83.6032,1036.1130,44.4605,62.7306,French
113560,French,French,European,85.7007,901.0877,38.4287,46.1769,French
113561,French,French,European,129.3201,849.1117,24.7304,30.7557,French
113562,French,French,European,332.0419,2063.8950,32.1925,69.8595,French
113563,French,French,European,17.5431,3339.0282,403.8117,173.6107,French
113564,French,French,European,79.5433,2368.1100,22.3800,239.2407,French
113565,French,French,European,141.5324,1160.8786,39.8684,52.7909,French
113566,French,French,European,7068.1085,33542.8010,1698.5972,412.7728,French
113567,French,French,European,7.3636,4968.5476,532.3199,313.0864,French
113568,French,French,European,467.6800,3868.8900,91.4870,192.1860,French
113569,French,French,European,6.7512,310.3700,16.2979,20.2929,French
113570,French,French,European,596.1000,3808.9230,75.4263,124.7619,French
113571,French,French,European,15.6652,3861.1500,189.2652,338.5565,French
113572,French,French,European,74.5784,603.1783,8.7761,32.6675,French
113573,French,French,European,264.8017,1848.2760,40.1145,75.9329,French
113574,French,French,European,58.2557,465.0275,5.2200,22.2289,French
113575,French,French,European,12.1921,260.8313,8.0627,21.8996,French
113576,French,French,European,0.0000,117.1435,4.2075,0.1062,French
113577,French,French,European,397.4644,2216.9600,65.6504,36.0968,French
113578,French,French,European,301.5490,7071.6271,928.0478,217.6363,French
113579,French,French,European,837.3713,44119.5577,8385.4941,635.3882,French
113580,French,French,European,20.4559,893.5694,103.8142,41.2008,French
113581,French,French,European,579.5492,3295.7883,144.3908,43.9390,French
113582,French,French,European,115.0887,1393.6456,26.4576,96.8211,French
113583,French,French,European,346.5870,1918.1792,63.5306,32.6808,French
113584,French,French,European,274.7341,2110.0720,73.9494,80.5773,French
113585,French,French,European,48.8645,1235.0875,112.5673,67.1668,French
113586,French,French,European,165.9255,1481.4060,9.1221,87.8337,French
113587,French,French,European,828.7686,4229.8867,60.0803,101.7920,French
113588,French,French,European,995.5940,6033.3430,254.0105,115.8595,French
113589,French,French,European,224.9484,874.0620,0.1260,0.1890,French
113590,French,French,European,26.0526,1029.4386,75.2182,71.3231,French
113591,French,French,European,149.5295,636.6133,9.2134,0.8300,French
113592,French,French,European,196.4913,2756.4184,208.0907,125.9484,French
113593,French,French,European,70.3017,1333.8304,20.9787,113.2659,French
113594,French,French,European,41.9817,572.0435,32.8431,27.2035,French
113595,French,French,European,98.3115,1312.1592,59.3213,77.7984,French
113596,French,French,European,41.9861,1756.1097,117.2451,124.3564,French
113597,French,French,European,1.3848,144.1929,29.3194,1.5062,French
113598,French,French,European,420.3587,3521.9500,2.3340,204.0940,French
113599,French,French,European,90.1687,1352.6350,57.4851,85.2204,French
113600,French,French,European,104.3645,1525.7500,71.9685,95.8997,French
113601,French,French,European,329.6482,3220.6048,123.9484,162.0191,French
113602,French,French,European,109.8703,716.0960,25.2545,19.0225,French
113603,French,French,European,217.6793,1703.1978,39.3737,75.5707,French
113604,French,French,European,132.6859,4101.4311,220.0267,300.6395,French
113605,French,French,European,220.6710,1870.8533,71.7736,77.8464,French
113606,French,French,European,4.7328,429.1300,91.9644,2.6722,French
113607,French,French,European,0.7200,143.0000,12.5600,9.5100,French
113608,French,French,European,24024.2614,95668.7600,12.7160,219.1283,French
113609,French,French,European,343.9460,3373.8000,56.2800,198.6340,French
113610,French,French,European,412.0245,2078.6125,32.2717,33.9101,French
113611,French,French,European,56884.7857,257657.0168,3535.0748,2129.2375,French
113612,French,French,European,89.0625,1456.4268,106.2241,79.8606,French
113613,French,French,European,47.0649,406.1075,17.1347,16.3783,French
113614,French,French,European,8.8215,47.3350,0.7629,0.6434,French
113615,French,French,European,33.5943,21266.9700,1403.5158,1719.4425,French
113616,French,French,European,342.1562,3317.0700,45.2190,197.7928,French
113617,French,French,European,6172.4598,24300.5170,37.9339,38.8658,French
113618,French,French,European,1.1282,611.3420,46.3645,46.1836,French
113619,French,French,European,314.7752,2858.7660,39.8394,158.7593,French
113620,French,French,European,185.1261,2149.7266,33.2035,145.0821,French
113621,French,French,European,23.9812,480.0145,70.3120,10.4143,French
113622,French,French,European,15393.8828,178026.4400,12047.8062,8465.9208,French
113623,French,French,European,74.5246,370.9275,12.3094,1.7056,French
113624,French,French,European,20.4909,281.5160,16.4135,13.5139,French
113625,French,French,European,399.7960,15510.6022,345.3948,1465.1555,French
113626,French,French,European,227.2404,3841.4946,289.6752,197.5032,French
113627,French,French,European,119.2829,638.6234,2.4325,11.2819,French
113628,French,French,European,61.6702,391.8130,21.6628,6.3048,French
113629,French,French,European,15.2478,551.5709,65.3905,24.0578,French
113630,French,French,European,343.6984,2514.7148,169.1362,56.1333,French
113631,French,French,European,40.0797,215.1330,1.6734,3.9135,French
113632,French,French,European,306.6328,2374.2240,74.6886,102.1762,French
113633,French,French,European,238.9097,2010.9260,74.9985,86.0234,French
113634,French,French,European,95.4620,1179.9506,100.2200,44.2429,French
113635,French,French,European,217.5487,1211.4600,14.1210,33.6583,French
113636,French,French,European,250.1951,1532.5735,28.8958,44.4558,French
113637,French,French,European,82.4190,1125.6480,39.6033,71.2030,French
113638,French,French,European,218.2186,1066.8720,24.6987,16.8501,French
113639,French,French,European,28.6361,919.7895,38.2325,76.2975,French
113640,French,French,European,46.4871,748.3707,23.1469,57.7641,French
113641,French,French,European,325.1961,3840.3848,96.5450,254.3197,French
113642,French,French,European,81.2509,900.8910,16.0882,62.4207,French
113643,French,French,European,45.5005,620.7267,34.5910,34.9842,French
113644,French,French,European,152.9899,1648.1932,78.3177,83.9004,French
113645,French,French,European,6.8841,639.4900,22.4694,57.8338,French
113646,French,French,European,7.9380,669.0600,16.1028,64.8648,French
113647,French,French,European,24.8915,4789.1672,413.2784,334.3244,French
113648,French,French,European,40.6067,847.8777,16.3151,72.5143,French
113649,French,French,European,56.0585,1507.6825,123.4713,86.7089,French
113650,French,French,European,71.2728,485.8267,46.7856,2.9243,French
113651,French,French,European,90.5225,2073.3875,231.9431,83.8427,French
113652,French,French,European,49.9900,193.5000,0.0000,0.0000,French
113653,French,French,European,37.1478,397.5397,18.2267,19.1791,French
113654,French,French,European,164.7694,1509.2402,75.1997,60.9330,French
113655,French,French,European,831.5964,6043.2821,398.7965,126.9308,French
113656,French,French,European,25.5492,1146.1400,56.5499,91.3442,French
113657,French,French,European,263.7935,1687.6910,48.0661,51.3244,French
113658,French,French,European,83.1472,546.1724,29.4986,12.4237,French
113659,French,French,European,,,,,French
113660,French,French,European,16.0834,1380.2351,157.2804,73.1201,French
113661,French,French,European,47.5622,656.0025,15.2911,50.6835,French
113662,French,French,European,144.5468,3457.5820,70.0208,292.9742,French
113664,French,French,European,321.7445,1991.7505,81.4785,48.4217,French
113665,French,French,European,45.3845,2583.9294,111.0346,218.8165,French
113666,French,French,European,126.1636,1780.6867,42.2527,123.3876,French
113667,French,French,European,107.7347,1741.3710,109.9495,92.9671,French
113668,French,French,European,19.9595,195.4050,20.2962,4.5057,French
113669,French,French,European,25.3721,2287.9456,230.2916,137.2920,French
113670,French,French,European,11.7007,2113.2910,46.0300,209.6723,French
113671,French,French,European,,,,,French
113672,French,French,European,55.5216,920.7325,44.9987,60.3534,French
113673,French,French,European,20.8776,350.7920,3.2590,28.7560,French
113674,French,French,European,168.1774,2013.0170,24.1442,138.3818,French
113675,French,French,European,936.8457,5117.6955,188.6688,73.2490,French
113676,French,French,European,11.1850,124.6680,1.2549,9.2351,French
113677,French,French,European,867.7123,4302.2210,54.3285,76.4620,French
113678,French,French,European,35.3217,444.2780,23.4110,23.6682,French
113679,French,French,European,376.2373,2617.2500,74.5406,98.9145,French
113680,French,French,European,12.7061,191.1928,9.0392,12.0150,French
113681,French,French,European,369.3227,3735.4776,195.2243,168.9057,French
113682,French,French,European,1.7109,816.4736,95.6909,44.9992,French
113683,French,French,European,54.7222,562.4209,15.7453,36.8992,French
113684,French,French,European,922.5399,6588.5668,58.4266,317.4165,French
113685,French,French,European,87.8861,1285.0901,126.6528,48.4643,French
113686,French,French,European,162.5100,759.0760,17.1695,5.0698,French
113687,French,French,European,59.9956,2090.5140,54.6246,188.3348,French
113688,French,French,European,0.0341,407.2560,0.4828,46.0705,French
113689,French,French,European,226.4791,1883.5733,38.3093,95.2526,French
113690,French,French,European,236.6586,3247.4960,161.4578,187.9433,French
113691,French,French,European,177.6015,1786.9200,72.5344,90.8338,French
113692,French,French,European,827.1513,4355.6950,142.4087,57.8627,French
113693,French,French,European,1.3183,29.7670,0.0000,0.0000,French
113694,French,French,European,174.6325,2464.4286,146.9813,127.0889,French
113695,French,French,European,320.0975,2264.6040,58.2864,84.7986,French
113696,French,French,European,15.4720,156.4000,16.8080,3.0640,French
113697,French,French,European,74.7200,320.0000,8.8000,0.8000,French
113698,French,French,European,60.0125,2410.1739,357.8934,75.2661,French
113699,French,French,European,0.0344,0.1562,0.0073,0.0017,French
113700,French,French,European,189.4159,1193.4980,32.4635,37.2383,French
113701,French,French,European,1274.0541,9670.2187,277.3370,398.7682,French
113702,French,French,European,39.8316,4294.0457,102.6623,415.4857,French
113703,French,French,European,,,,,French
113704,French,French,European,137.7199,1136.7600,22.1465,55.7070,French
113705,French,French,European,21.9163,3159.6762,407.1391,163.2495,French
113706,French,French,European,2060.4504,35278.8282,798.5262,2726.6424,French
113707,French,French,European,390.5850,3793.8252,105.9231,217.4022,French
113708,French,French,European,84.3902,942.0225,26.9321,57.2021,French
113709,French,French,European,112.5275,1987.7066,121.9773,117.0513,French
113710,French,French,European,275.6939,2520.3420,67.1023,131.1901,French
113711,French,French,European,42.0424,2997.8034,172.2969,243.6539,French
113712,French,French,European,14.9440,11998.0000,1.7600,1350.1600,French
113713,French,French,European,193.4727,1208.2770,26.5119,35.4014,French
113714,French,French,European,174.4826,1629.3455,44.9214,86.0977,French
113715,French,French,European,541.3796,144964.7080,10106.8700,11392.4200,French
113716,French,French,European,69.9806,1903.5497,103.9872,138.4608,French
113717,French,French,European,45.4196,722.1240,30.2963,48.1962,French
113718,French,French,European,41.7102,1328.5840,147.3578,61.2635,French
113719,French,French,European,165.2659,2762.1178,128.0681,181.6451,French
113720,French,French,European,6.2136,677.0948,101.4212,25.2574,French
113721,French,French,European,699.1393,4959.3635,81.2237,238.3700,French
113722,French,French,European,7.9926,208.1580,3.2012,19.6602,French
113723,French,French,European,133.3271,1645.3220,6.8615,125.4323,French
113724,French,French,European,0.0000,201.7333,44.8800,1.1333,French
113725,French,French,European,20.9284,3634.0412,391.7463,210.0429,French
113726,French,French,European,59491.8850,319878.5000,6027.4250,6509.2200,French
113727,French,French,European,20.7909,875.9614,11.3866,86.0978,French
113728,French,French,European,423.9357,2764.8025,76.5719,84.2868,French
113729,French,French,European,69.5499,808.9893,18.9760,57.3475,French
113730,French,French,European,315.5207,1688.3509,103.8419,6.0336,French
113731,French,French,European,14.1179,294.1192,2.4986,26.2008,French
113732,French,French,European,334.1293,2458.8500,73.6496,98.4855,French
113733,French,French,European,16.7782,802.0945,64.1441,51.3593,French
113734,French,French,European,50.2073,451.0700,17.7335,25.8596,French
113735,French,French,European,15512.1255,103278.6000,3314.7825,2957.9370,French
113736,French,French,European,7.3512,66.6000,8.5968,0.3240,French
113737,French,French,European,6.5165,40.1655,1.8436,1.7680,French
113738,French,French,European,17.6976,350.9400,11.0676,28.8300,French
113739,French,French,European,54.9086,4928.7713,452.1179,316.1305,French
113740,French,French,European,178.5741,1086.5500,48.6190,36.7249,French
113741,French,French,European,100826.4646,403105.8425,0.2832,0.3269,French
113742,French,French,European,366.6968,4600.2190,27.9812,344.6398,French
113743,French,French,European,40.6929,558.0700,30.4423,26.7234,French
113744,French,French,European,65.9631,927.1380,51.8855,47.7032,French
113745,French,French,European,0.4770,4.1400,0.5670,0.1152,French
113746,French,French,European,112.6279,3110.4924,216.6284,205.3426,French
113747,French,French,European,188.4916,1543.4795,44.7402,76.5692,French
113748,French,French,European,113.1524,1611.0580,18.3653,121.3534,French
113749,French,French,European,313.8253,2171.7991,54.4585,78.9689,French
113750,French,French,European,0.4818,34.3200,7.1940,0.1122,French
113751,French,French,European,79.9698,1404.1395,53.9430,94.2169,French
113752,French,French,European,17.2980,77.4000,2.5020,0.8820,French
113753,French,French,European,166.3049,1781.2145,135.1811,68.6698,French
113754,French,French,European,154.3271,1868.0966,60.0624,120.8064,French
113755,French,French,European,42.3178,178.2625,2.1772,1.2400,French
113756,French,French,European,18.6801,501.2965,23.2837,38.3170,French
113757,French,French,European,47.2585,559.4700,4.1230,40.8005,French
113758,French,French,European,29.5279,375.6610,18.2564,23.1051,French
113759,French,French,European,217.6200,3407.1117,124.0585,234.7470,French
113760,French,French,European,47.4956,1155.2073,133.4120,49.9025,French
113761,French,French,European,117.1726,2536.5888,60.3479,208.9672,French
113762,French,French,European,312.0393,1560.6775,53.4113,7.3824,French
113763,French,French,European,679.9901,3661.2400,143.3385,41.9423,French
113764,French,French,European,55.7696,4430.8821,349.8810,303.8081,French
113765,French,French,European,66.4912,327.5200,8.2856,5.3440,French
113766,French,French,European,15.5724,412.5620,31.4000,23.7750,French
113767,French,French,European,0.7200,143.0000,12.5600,9.5100,French
113768,French,French,European,266.5377,2296.1520,89.1878,95.7999,French
113769,French,French,European,258.7330,2903.5512,126.6880,151.5989,French
113770,French,French,European,42.9825,1139.0200,31.2255,96.1940,French
113771,French,French,European,76.9178,715.5950,32.2202,33.6908,French
113772,French,French,European,15.2193,2798.6279,450.6194,92.5072,French
113773,French,French,European,2.6705,370.3364,0.6316,40.5966,French
113774,French,French,European,7.1209,6430.5073,1128.9280,177.1891,French
113775,French,French,European,7.0848,124.0780,4.7059,9.2247,French
113776,French,French,European,114.2200,725.8000,14.5260,23.9260,French
113777,French,French,European,21.3326,358.0325,23.7147,19.3057,French
113778,French,French,European,12.6899,431.2860,6.2595,41.4950,French
113779,French,French,European,206.3711,4789.5996,143.5909,410.7090,French
113780,French,French,European,132.8316,2229.2691,122.4601,142.5189,French
113781,French,French,European,19.5478,528.2140,46.8524,29.9214,French
113782,French,French,European,111.5033,665.9450,17.4230,18.7087,French
113783,French,French,European,113.7490,2141.5415,137.5899,126.7614,French
113784,French,French,European,140.3765,3253.4667,330.6097,148.5365,French
113785,French,French,European,909.0290,5793.9018,253.5176,125.8125,French
113786,French,French,European,17.0735,586.5932,10.9365,55.8337,French
113787,French,French,European,3.9285,85.5000,2.6715,7.2000,French
113788,French,French,European,0.4116,1.2808,0.0486,0.0132,French
113789,French,French,European,50.2333,563.0460,28.9708,23.0172,French
113790,French,French,European,206.6873,1984.5105,62.6413,105.4167,French
113791,French,French,European,24.2132,318.8264,24.2831,15.1722,French
113792,French,French,European,86.3984,1720.2059,67.7525,129.8603,French
113793,French,French,European,73.4282,1100.2166,54.2770,67.8898,French
113794,French,French,European,30.2940,1253.4749,86.6544,87.6934,French
113795,French,French,European,13.6864,282.1308,9.5376,21.6280,French
113796,French,French,European,193.2078,946.1493,24.2664,15.4327,French
113797,French,French,European,55.2598,562.7762,80.3752,4.9980,French
113798,French,French,European,50.0559,618.1800,25.1465,37.7176,French
113799,French,French,European,25.7088,1087.8704,79.1441,75.7901,French
113800,French,French,European,403.1920,1611.9600,0.0000,0.0000,French
113801,French,French,European,352.8240,4199.6817,57.5332,304.1738,French
113802,French,French,European,143.3946,1924.9453,62.5733,126.1288,French
113803,French,French,European,296.8979,3993.5455,128.5859,259.9703,French
113804,French,French,European,402.3890,276497.9999,54357.3347,6233.8610,French
113805,French,French,European,69.6014,945.1776,34.3083,60.6648,French
113806,French,French,European,208.2895,1586.0800,58.0350,62.4745,French
113807,French,French,European,5.2733,26.3525,1.2805,0.8940,French
113808,French,French,European,881.2214,7733.4171,367.4190,306.5842,French
113809,French,French,European,36.9833,1090.3260,31.2263,89.5565,French
113810,French,French,European,222.0208,3658.2392,154.6446,243.4841,French
113811,French,French,European,125.1825,12347.1919,548.7945,1060.6199,French
113812,French,French,European,67.1648,1044.0370,60.5645,61.5636,French
113813,French,French,European,1064.8105,6336.6430,246.1379,126.2893,French
113814,French,French,European,99.1665,2171.2622,78.9433,164.2103,French
113815,French,French,European,895.4593,5140.0627,165.2798,106.8073,French
113816,French,French,European,165.9391,1168.8355,37.1777,43.5174,French
113817,French,French,European,915.3779,4768.5460,186.3527,40.9723,French
113818,French,French,European,21.8546,1136.1914,192.5686,26.9183,French
113819,French,French,European,182.9054,2548.4170,63.8532,174.3018,French
113820,French,French,European,351.5987,2510.3710,70.8475,98.1887,French
113821,French,French,European,35.7048,312.2200,40.5288,1.3900,French
113822,French,French,European,1.2466,522.6524,108.0624,6.7975,French
113823,French,French,European,2597.2649,29951.3674,531.6403,2015.2413,French
113824,French,French,European,28.4010,188.6395,6.2813,4.7563,French
113825,French,French,European,1008.3042,7004.3243,261.1348,219.0710,French
113826,French,French,European,210.6322,1334.3942,116.1308,4.8327,French
113827,French,French,European,46.9097,446.6850,25.0201,17.0414,French
113828,French,French,European,219.8480,3913.8770,53.2057,316.6651,French
113829,French,French,European,55.6487,1848.1327,124.2546,124.6636,French
113830,French,French,European,76.1367,1602.7625,125.5949,88.7308,French
113831,French,French,European,403.1920,1611.9600,0.0000,0.0000,French
113832,French,French,European,532.4779,5044.7310,54.0427,316.0954,French
113833,French,French,European,0.0180,557.6789,98.1049,18.5421,French
113834,French,French,European,95.2637,1241.0437,37.2052,86.7093,French
113835,French,French,European,215.0198,1177.1550,13.3104,34.5301,French
113836,French,French,European,56.7182,749.6722,37.4747,42.6279,French
113837,French,French,European,1.4955,659.1195,29.0715,59.6898,French
113838,French,French,European,9.5416,562.7000,22.5516,49.8598,French
113839,French,French,European,,,,,French
113840,French,French,European,25566.0890,156537.3800,4294.9609,4394.1269,French
113841,French,French,European,18.8873,618.4163,48.8777,37.9019,French
113842,French,French,European,5.6576,1843.1400,55.7804,175.4298,French
113843,French,French,European,56.4071,1350.9043,110.2497,73.1950,French
113844,French,French,European,96.1721,756.3460,28.7545,28.2511,French
113845,French,French,European,203.6143,2079.6911,0.9879,140.4820,French
113846,French,French,European,,,,,French
113847,French,French,European,124.8952,1357.5467,61.0578,66.9198,French
113848,French,French,European,100.8332,1003.9456,63.4025,45.6654,French
113849,French,French,European,32.8083,1201.2565,123.9023,64.5652,French
113850,French,French,European,240.3711,4836.8576,113.8239,380.4954,French
113851,French,French,European,78.9821,1319.5865,6.5800,110.3193,French
113852,French,French,European,57.3867,595.6600,17.3374,35.9355,French
113853,French,French,European,197.3627,3296.1150,80.0280,255.5992,French
113854,French,French,European,15.2782,382.3240,7.2347,33.9482,French
113855,French,French,European,72.5692,1989.5537,32.4199,176.7986,French
113856,French,French,European,5468.0334,32347.5220,592.5980,146.2024,French
113857,French,French,European,143.6035,1237.8467,21.8762,69.3309,French
113858,French,French,European,219.5083,2292.1200,56.9248,186.6365,French
113859,French,French,European,16.9236,826.1867,43.3276,67.2019,French
113860,French,French,European,39.0212,2564.2213,300.1827,132.0013,French
113861,French,French,European,41.2052,8101.5181,180.8891,802.9629,French
113862,French,French,European,19.0691,325.4450,12.6333,24.3594,French
113863,French,French,European,161.3413,3477.7040,36.8552,305.5368,French
113864,French,French,European,21.1679,832.8610,108.8008,33.2200,French
113865,French,French,European,5.7843,47.1144,5.6695,0.1516,French
113866,French,French,European,8.9186,194.4632,9.1483,13.5941,French
113867,French,French,European,43.1391,1123.3949,146.4850,41.1713,French
113868,French,French,European,40.7943,3211.7233,114.8121,286.1996,French
113869,French,French,European,28.8214,732.2608,87.4454,29.0647,French
113870,French,French,European,22.5834,800.2815,93.7059,36.1995,French
113871,French,French,European,64.3500,265.0000,1.8000,0.6000,French
113872,French,French,European,5.7160,300.1000,15.3630,24.6359,French
113873,French,French,European,8.6198,174.5375,5.5045,14.4901,French
113874,French,French,European,79.6425,540.0500,10.2044,23.1576,French
113875,French,French,European,47.2843,577.5555,19.3031,36.4045,French
113876,French,French,European,70.1917,1587.6100,48.5450,124.8847,French
113877,French,French,European,298.6212,4094.5920,59.3701,313.9790,French
113878,French,French,European,22.1804,4255.3945,242.4862,356.2002,French
113879,French,French,European,16.2070,569.7783,6.0097,55.4599,French
113880,French,French,European,129.7644,739.0313,27.6022,10.5745,French
113881,French,French,European,131.9953,1262.2293,79.9530,45.5863,French
113882,French,French,European,3.9027,57.3900,0.2500,0.0100,French
113883,French,French,European,40.2516,479.0080,17.7810,27.6750,French
113884,French,French,European,32.6434,393.4711,17.1287,24.7321,French
113885,French,French,European,47.1505,3301.8758,266.1064,226.0997,French
113886,French,French,European,210.7156,2118.9960,46.8531,127.1999,French
113887,French,French,European,11.7180,64.4110,3.3768,2.2758,French
113888,French,French,European,292.6754,14087.1472,817.4976,1059.2010,French
113889,French,French,European,5891.2512,26435.6660,835.6267,297.1994,French
113890,French,French,European,90.9769,396.2480,10.2367,2.5480,French
113891,French,French,European,13.0558,854.2829,97.0752,43.7993,French
113892,French,French,European,18.9689,164.8140,6.1175,7.7694,French
113893,French,French,European,12.7134,526.6800,12.3858,47.3760,French
113894,French,French,European,15.3254,64.3100,0.2943,0.2180,French
113895,French,French,European,82.2755,965.6384,80.7390,34.9725,French
113896,French,French,European,15.6084,563.1488,5.5134,57.3172,French
113897,French,French,European,18.0643,3214.3950,14.2022,351.1737,French
113898,French,French,European,28.2325,812.8215,73.9503,47.2885,French
113899,French,French,European,3.0359,268.6750,0.6570,28.5666,French
113900,French,French,European,207.7132,2820.6415,7.3317,223.6626,French
113901,French,French,European,497.8872,2107.7090,9.6313,8.6008,French
113902,French,French,European,586.7771,4595.4896,170.5590,180.6633,French
113903,French,French,European,228.4480,2971.3800,100.4706,187.7921,French
113904,French,French,European,25.8109,528.6585,35.9582,33.4379,French
113905,French,French,European,79.2918,4541.4022,338.2054,321.3355,French
113906,French,French,European,38.1900,1156.4298,31.1595,95.4531,French
113907,French,French,European,8.8065,176.4000,5.7885,14.5185,French
113908,French,French,European,30.3497,438.4500,22.9188,24.6901,French
113909,French,French,European,96.3156,3752.3438,240.5200,275.1682,French
113910,French,French,European,16.4384,433.5541,28.9532,26.2680,French
113911,French,French,European,24.3934,3013.8922,454.6291,110.7591,French
113912,French,French,European,56.6080,789.0400,33.8000,50.0852,French
113913,French,French,European,55.2254,1712.2899,137.8918,104.9421,French
113914,French,French,European,0.1613,1443.4325,0.0239,162.0000,French
113915,French,French,European,2.0196,845.9070,1.0999,93.0330,French
113916,French,French,European,339.3312,1719.4145,55.1220,12.1912,French
113917,French,French,European,207.8343,5780.6142,16.4889,549.9020,French
113918,French,French,European,199.3448,994.6900,33.5416,4.5754,French
113919,French,French,European,35.1794,2048.0925,37.0155,197.6486,French
113920,French,French,European,,,,,French
113921,French,French,European,38.7086,1145.1442,46.2778,90.5647,French
113922,French,French,European,1895.5779,20784.4600,617.6495,1377.9366,French
113923,French,French,European,67.9621,941.0602,26.2221,72.3914,French
113924,French,French,European,353.8385,4339.4810,63.8448,298.3687,French
113925,French,French,European,522.5393,2427.7200,45.6924,11.8229,French
113926,French,French,European,58.7212,2459.6003,315.4229,102.1321,French
113927,French,French,European,338.9484,3186.3000,87.5308,172.0514,French
113928,French,French,European,585.9203,4009.7150,97.8074,152.1339,French
113929,French,French,European,89.2183,2537.1705,99.2471,200.0759,French
113930,French,French,European,15.1755,521.6728,19.5475,44.1094,French
113931,French,French,European,34.7531,800.1900,26.8711,66.6968,French
113932,French,French,European,209.8493,1348.4537,41.6556,42.0527,French
113933,French,French,European,14.5859,1490.7640,5.0617,163.7123,French
113934,French,French,European,32.7488,1018.9070,18.3290,94.9446,French
113935,French,French,European,321.3238,3230.2002,292.1980,83.6705,French
113936,French,French,European,0.0000,119.3400,0.0000,13.5000,French
113937,French,French,European,15.6669,689.3855,24.2509,60.0254,French
113938,French,French,European,4.6373,21.9688,1.0285,0.3369,French
113939,French,French,European,448.5613,2169.0960,23.7765,38.3125,French
113940,French,French,European,46.2141,1378.2271,97.5783,87.6060,French
113941,French,French,European,339.6113,2465.4800,94.5823,80.7770,French
113942,French,French,European,57.8105,1950.5631,78.4030,156.9014,French
113943,French,French,European,14.8222,733.4598,31.9614,61.3634,French
113944,French,French,European,45.7956,1478.0807,111.9614,100.7661,French
113945,French,French,European,4.9050,598.2022,84.9922,24.4318,French
113946,French,French,European,63.7422,974.7755,50.9917,62.9185,French
113947,French,French,European,311.1489,1694.8783,46.6139,31.9103,French
113948,French,French,European,89.6550,761.5367,17.5965,44.5184,French
113949,French,French,European,92.4887,2361.6595,162.4003,156.9503,French
113950,French,French,European,34.1347,702.3449,40.2465,45.0619,French
113951,French,French,European,4055.2849,21004.4202,869.0860,402.0627,French
113952,French,French,European,752.6680,3724.5963,71.3417,49.2062,French
113953,French,French,European,203.4135,4404.0925,676.6006,81.1782,French
113954,French,French,European,138.2534,797.6945,24.4576,14.8547,French
113955,French,French,European,152.0646,1157.8749,18.8830,56.1330,French
113956,French,French,European,2878.1232,58828.8606,4001.6590,3688.8101,French
113957,French,French,European,5.2176,940.1070,53.5207,78.5454,French
113958,French,French,European,41.1973,2157.3417,36.4112,217.6845,French
113959,French,French,European,22.1315,619.9495,27.9001,47.8277,French
113960,French,French,European,105.6537,2312.4275,0.1908,218.0150,French
113961,French,French,European,15.2654,489.6964,4.8092,45.8201,French
113962,French,French,European,21282.4041,83316.2812,49.3693,93.7116,French
113963,French,French,European,15.9579,344.5200,9.9528,28.7202,French
113964,French,French,European,31.8686,685.7625,21.4072,57.6045,French
113965,French,French,European,198.1967,1508.8900,36.2822,67.6709,French
113966,French,French,European,208.3562,8886.6280,638.6475,627.7287,French
113967,French,French,European,37.8125,3518.6829,133.3240,312.0263,French
113968,French,French,European,44.7610,1571.7513,73.6685,122.3060,French
113969,French,French,European,2.0910,272.8177,5.8972,27.5016,French
113970,French,French,European,9.1074,183.1300,12.0445,10.7391,French
113971,French,French,European,312.6675,1662.9700,12.2185,43.1670,French
113972,French,French,European,51.9260,272.9315,8.7506,5.5654,French
113973,French,French,European,313.8670,3379.1392,60.0237,213.1532,French
113974,French,French,European,152.5443,1333.0929,111.4573,31.6981,French
113975,French,French,European,220.6710,1870.8533,71.7736,77.8464,French
113976,French,French,European,41.3305,608.6910,33.2977,33.9389,French
113977,French,French,European,479.1891,2742.2803,120.3033,38.8077,French
113978,French,French,European,7.1296,522.5090,1.3444,54.8461,French
113979,French,French,European,192.4214,1969.3850,83.1075,99.9928,French
113980,French,French,European,4.3558,323.2100,27.0415,21.0147,French
113981,French,French,European,11.6939,273.5404,14.1240,20.0983,French
113982,French,French,European,7.9709,454.2167,1.8075,46.5654,French
113983,French,French,European,185.0750,1511.5774,28.7724,74.2906,French
113984,French,French,European,76.2237,1790.3513,90.4501,126.8383,French
113985,French,French,European,32.4806,677.8200,25.4550,50.4944,French
113986,French,French,European,8.7974,3450.0904,127.2235,318.5629,French
113987,French,French,European,36.9173,1432.2152,131.5275,81.0162,French
113988,French,French,European,36.8187,3797.0210,133.9533,342.4445,French
113989,French,French,European,79.4834,2623.7332,25.5631,249.8820,French
113990,French,French,European,19.3269,4120.9975,342.2359,288.2726,French
113991,French,French,European,12.8789,1800.0556,234.2298,85.1441,French
113992,French,French,European,,,,,French
113993,French,French,European,591.4794,4857.5411,190.0999,206.1765,French
113994,French,French,European,19.0452,570.4897,93.4749,11.9246,French
113995,French,French,European,28190.7306,465807.4316,6670.6022,37102.0176,French
113996,French,French,European,90.4333,1617.3810,121.8480,93.8727,French
113997,French,French,European,97.4281,5438.6087,322.8622,409.7819,French
113998,French,French,European,20230.1640,81675.4600,43.7280,75.2714,French
113999,French,French,European,13.0452,1007.6508,63.9186,76.1390,French
114000,French,French,European,154.3161,1674.0494,63.9327,88.2032,French
114001,French,French,European,14.0133,72.2220,3.5970,0.0561,French
114002,French,French,European,144.5232,1597.9002,29.1188,112.6144,French
114003,French,French,European,744.7846,4002.6167,116.9830,64.0308,French
114004,French,French,European,50.4004,492.4320,13.2519,29.0051,French
114005,French,French,European,276.2047,3456.9900,56.7713,249.8350,French
114006,French,French,European,455.0617,2810.5750,15.4703,111.1166,French
114007,French,French,European,0.0000,50.4333,11.2200,0.2833,French
114008,French,French,European,28.5203,551.8795,36.6817,31.1885,French
114009,French,French,European,160.3804,1841.7825,151.8758,65.8199,French
114010,French,French,European,10.4220,343.8000,24.7260,23.3340,French
114011,French,French,European,,,,,French
114012,French,French,European,16.7490,503.5301,16.5640,43.3961,French
114013,French,French,European,267.2408,2243.7600,77.1250,102.8532,French
114014,French,French,European,40.4695,1681.2450,94.0827,130.1474,French
114015,French,French,European,483.8189,2872.4340,51.4405,84.6323,French
114016,French,French,European,25.6601,994.4517,39.1212,84.0910,French
114017,French,French,European,538.4049,5042.0187,200.6798,242.3184,French
114018,French,French,European,49.0287,1038.2312,34.2880,82.2347,French
114019,French,French,European,0.1328,3.0240,0.0006,0.0006,French
114020,French,French,European,178.5881,3980.2524,210.0874,277.4170,French
114021,French,French,European,21.7583,6373.1632,59.8259,682.3387,French
114022,French,French,European,9.3711,876.9394,2.5768,93.0305,French
114023,French,French,European,60.3006,750.3785,101.0869,6.2909,French
114024,French,French,European,40.3728,1877.4800,126.1013,135.9447,French
114025,French,French,European,4.4630,158.5082,13.4491,9.7364,French
114026,French,French,European,56.3102,329.7280,5.3924,9.0236,French
114027,French,French,European,142.3290,1598.5000,29.4150,101.5760,French
114028,French,French,European,13170.4280,53825.0000,345.2040,214.5190,French
114029,French,French,European,199.7584,1461.7428,47.0472,61.0376,French
114030,French,French,European,206.8358,1046.5650,34.1282,7.0760,French
114031,French,French,European,17.3796,120.1998,3.9316,5.3936,French
114032,French,French,European,23.2783,978.6100,39.5465,83.2789,French
114033,French,French,European,232.8055,1569.4710,56.5187,51.6750,French
114034,French,French,European,102.7935,715.1137,23.6181,27.2077,French
114035,French,French,European,33.5960,298.4270,10.1783,15.0036,French
114036,French,French,European,35.1843,422.0800,17.2505,25.1412,French
114037,French,French,European,24.4282,233.6600,12.9196,9.7628,French
114038,French,French,European,39.6723,2310.8076,168.2200,164.9018,French
114039,French,French,European,153.9186,1993.7283,56.9425,132.8040,French
114040,French,French,European,36.1877,1102.9324,190.2883,20.8694,French
114041,French,French,European,96.7044,1118.8337,24.8355,78.2517,French
114042,French,French,European,395.2659,2743.9272,27.6764,127.2878,French
114043,French,French,European,0.0000,18.9125,4.2075,0.1062,French
114044,French,French,European,1048.8304,5347.6649,165.3555,54.2018,French
114045,French,French,European,22.4602,8911.1192,184.9050,910.1413,French
114046,French,French,European,122.1908,1000.9232,42.3488,43.8831,French
114047,French,French,European,388.5553,3468.2350,77.2457,192.0968,French
114048,French,French,European,109.7292,1415.0300,61.1203,87.0892,French
114049,French,French,European,223.3340,1695.2559,58.7554,67.6363,French
114050,French,French,European,242.9607,2455.0830,59.7666,144.3283,French
114051,French,French,European,34.9970,987.3255,90.6981,51.5611,French
114052,French,French,European,11.7680,313.3220,22.6843,18.2557,French
114053,French,French,European,0.0000,0.0000,0.0000,0.0000,French
114054,French,French,European,33.9272,7947.0336,949.1346,423.3893,French
114055,French,French,European,79.3769,874.5257,32.9485,52.4819,French
114056,French,French,European,8.3010,214.8000,5.6685,19.0365,French
114057,French,French,European,20.7210,663.4520,10.2400,63.7720,French
114058,French,French,European,24.1585,121.9945,4.6779,0.8622,French
114059,French,French,European,238.5954,6078.0360,266.9762,480.9537,French
114060,French,French,European,200.0962,1559.2785,54.8497,60.0416,French
114061,French,French,European,52.7622,1051.3300,33.1392,86.4850,French
114062,French,French,European,111.9037,858.9210,16.7413,42.2116,French
114063,French,French,European,189.9683,2455.3879,64.5632,165.3067,French
114064,French,French,European,522.6221,6466.2200,51.7264,486.0254,French
114065,French,French,European,32.4903,1787.5675,103.7981,138.1359,French
114066,French,French,European,31.7866,953.4787,17.5700,84.6777,French
114067,French,French,European,2.1716,92.4193,9.4120,4.8761,French
114068,French,French,European,242.4561,1608.5908,39.1240,54.2604,French
114069,French,French,European,57.8257,1313.0420,24.9953,109.7297,French
114070,French,French,European,219.2111,2220.7175,85.9542,110.0363,French
114071,French,French,European,284.8054,1515.3640,36.6819,22.7207,French
114072,French,French,European,7.4253,706.3527,42.2069,57.1231,French
114073,French,French,European,1.4256,389.0700,26.6904,30.6801,French
114074,French,French,European,2.2556,428.6238,90.4916,4.0773,French
114075,French,French,European,104.1730,23765.9000,719.2704,2250.1369,French
114076,French,French,European,,,,,French
114077,French,French,European,575.5418,3841.6551,156.8235,108.8334,French
114078,French,French,European,117.8027,1109.8055,36.5276,60.5721,French
114079,French,French,European,4191.6900,67059.6000,1576.2800,5318.9000,French
114080,French,French,European,0.1276,94.6890,5.8826,7.8473,French
114081,French,French,European,238.8408,1642.7320,33.9320,67.1100,French
114082,French,French,European,74.6274,2817.1019,373.6479,104.5157,French
114083,French,French,European,25.9889,387.8020,12.6244,29.0147,French
114084,French,French,European,3.6046,40.4500,2.0379,2.0511,French
114085,French,French,European,298.1547,1876.9907,77.9565,40.8238,French
114086,French,French,European,27.4784,1254.7760,186.5230,39.9804,French
114087,French,French,European,395.9035,4024.9980,52.6829,250.0646,French
114088,French,French,European,188.0308,1551.8980,45.8290,72.4541,French
114089,French,French,European,49.9625,631.1000,29.1895,38.6960,French
114090,French,French,European,118.0396,784.7640,18.9950,27.4768,French
114091,French,French,European,86.5420,17207.7106,375.0504,1712.3005,French
114092,French,French,European,287.2480,2393.8850,44.1407,124.1396,French
114093,French,French,European,51.3900,200.2500,2.4525,0.7425,French
114094,French,French,European,174.7261,895.2050,4.9809,19.7492,French
114095,French,French,European,49684.4794,247297.9500,8207.9716,1137.1630,French
114096,French,French,European,1602.7931,46356.0950,5261.6609,2032.0452,French
114097,French,French,European,36.9177,899.2280,8.9109,86.4110,French
114098,French,French,European,18.0740,836.0600,61.7060,59.0840,French
114099,French,French,European,470.5681,7572.6756,275.1669,507.5797,French
114100,French,French,European,60.0842,656.3620,37.7005,28.5119,French
114101,French,French,European,24.3813,587.3700,7.9446,55.6114,French
114102,French,French,European,170.7107,1505.0032,60.8512,69.7925,French
114103,French,French,European,9.2824,227.9232,24.2907,9.7770,French
114104,French,French,European,165.0022,1770.1530,45.6785,104.9349,French
114105,French,French,European,71.6166,1338.9700,74.8256,88.7892,French
114106,French,French,European,151.0178,1278.6193,52.1378,51.4271,French
114107,French,French,European,28.9639,2106.5732,198.3403,127.6383,French
114108,French,French,European,51.9185,789.5000,30.5395,54.1340,French
114109,French,French,European,764.0819,4879.3967,77.1552,191.7985,French
114110,French,French,European,60.4098,1862.2708,1.9781,184.1329,French
114111,French,French,European,145.9870,1574.9989,88.4153,72.4651,French
114112,French,French,European,252.4584,1350.6600,27.9480,25.4916,French
114113,French,French,European,29.1128,3148.1345,238.5709,231.8280,French
114114,French,French,European,28.3721,166.4890,10.8508,5.5476,French
114115,French,French,European,452.2785,3372.9550,126.6967,119.6916,French
114116,French,French,European,19.0995,1061.9792,64.6085,82.5865,French
114117,French,French,European,110.1657,744.6741,16.5556,31.7265,French
114118,French,French,European,19.7765,532.6950,20.1100,42.7085,French
114119,French,French,European,21.3117,925.5545,66.8372,63.8843,French
114120,French,French,European,41.3633,811.0960,18.0745,66.7525,French
114121,French,French,European,2.0477,1281.6032,0.3097,144.0287,French
114122,French,French,European,24.0000,97.1514,0.0000,0.0000,French
114123,French,French,European,11.3822,3119.5595,545.6101,85.2479,French
114124,French,French,European,108.6465,1552.3436,116.1775,74.7252,French
114125,French,French,European,9.3147,1382.2000,29.1684,139.9932,French
114126,French,French,European,88.7033,5274.1411,400.1507,368.8741,French
114127,French,French,European,377.9093,2460.1120,60.6176,79.9879,French
114128,French,French,European,109.0315,1283.1962,25.7484,86.9650,French
114129,French,French,European,101.5474,971.0600,36.9633,48.1507,French
114130,French,French,European,67.6166,567.5600,11.7156,28.6464,French
114131,French,French,European,108.0609,866.0700,41.5704,32.3184,French
114132,French,French,European,101.6761,790.7300,11.1862,37.7879,French
114133,French,French,European,126.3293,1174.0493,38.7368,60.6099,French
114134,French,French,European,30.9522,479.4900,20.1105,27.3600,French
114135,French,French,European,55.0639,1953.8160,243.5202,84.4725,French
114136,French,French,European,32.8361,210.3675,3.2967,7.3960,French
114137,French,French,European,0.0000,25.2167,5.6100,0.1417,French
114138,French,French,European,25.5625,351.7600,3.4221,27.4325,French
114139,French,French,European,10.3211,1961.0325,1.3822,216.2364,French
114140,French,French,European,8.1279,884.0613,35.9531,78.0291,French
114141,French,French,European,15.7140,1955.8703,369.7268,37.8667,French
114142,French,French,European,93.4663,905.6660,12.9253,55.3313,French
114143,French,French,European,13.2593,1245.1732,66.1688,102.6737,French
114144,French,French,European,15.2036,236.3975,7.8860,15.1262,French
114145,French,French,European,0.7200,2070.1200,12.5600,227.5100,French
114146,French,French,European,13.5812,316.5600,6.6892,28.0180,French
114147,French,French,European,10.9336,1528.3372,0.3238,166.5029,French
114148,French,French,European,2.7771,514.3680,1.3017,55.7899,French
114149,French,French,European,46.4126,702.7710,43.3234,43.1062,French
114150,French,French,European,250.3750,3528.0242,96.7590,239.0542,French
114151,French,French,European,2.4745,388.2865,26.2854,30.3677,French
114152,French,French,European,3.8016,1037.5200,71.1744,81.8136,French
114153,French,French,European,32.6303,342.7789,36.9156,6.6039,French
114154,French,French,European,85.1805,935.2228,35.5004,52.6291,French
114155,French,French,European,61.4212,515.5522,24.2655,18.7091,French
114156,French,French,European,8.8957,167.3680,5.2881,13.6830,French
114157,French,French,European,24.8570,967.5100,14.2926,97.6578,French
114158,French,French,European,82.1505,1905.5027,289.2861,43.9640,French
114159,French,French,European,176.7107,2763.7616,25.4051,222.2512,French
114160,French,French,European,112.9856,2124.6120,65.1910,157.1032,French
114161,French,French,European,72.4075,777.3900,21.6547,47.7394,French
114162,French,French,European,616.2063,3504.4700,59.9238,90.1226,French
114163,French,French,European,3.8254,1954.3001,0.4122,218.1252,French
114164,French,French,European,63.2283,2270.6225,242.5301,114.4339,French
114165,French,French,European,33.8339,349.2280,12.7603,19.2708,French
114166,French,French,European,53.1720,660.3767,35.3976,36.6379,French
114167,French,French,European,170.5298,1902.7040,63.1856,109.8440,French
114168,French,French,European,3.5784,1077.3400,80.3818,81.2712,French
114169,French,French,European,272.6194,5828.0350,62.6321,496.0968,French
114170,French,French,European,5.7498,349.2103,20.6007,27.7908,French
114171,French,French,European,1.5765,6.8425,0.5254,0.1854,French
114172,French,French,European,171.2949,1444.6627,78.4128,51.3173,French
114173,French,French,European,26.8822,4698.1262,345.7375,351.5250,French
114174,French,French,European,25.4772,880.1493,109.8735,36.6197,French
114175,French,French,European,12.4628,51.1562,1.0584,0.4834,French
114176,French,French,European,122.5888,848.0280,5.1841,42.0538,French
114177,French,French,European,11.1897,1800.2202,102.3003,147.4992,French
114178,French,French,European,16.8613,722.7100,47.6160,52.1247,French
114179,French,French,European,53354.0148,364150.6403,1729.8382,16718.8429,French
114180,French,French,European,213.6139,2289.4876,86.6448,123.4272,French
114181,French,French,European,0.2881,478.6017,0.0534,54.0106,French
114182,French,French,European,0.3677,960.5832,0.0597,108.5187,French
114183,French,French,European,20.7602,777.0420,41.4068,59.5660,French
114184,French,French,European,262.7979,1346.2270,43.7277,10.1973,French
114185,French,French,European,66.9300,1823.7672,135.5180,110.3194,French
114186,French,French,European,354.5903,1863.9473,90.1648,12.3416,French
114187,French,French,European,33.8533,4255.4751,398.4873,292.9005,French
114188,French,French,European,23.6864,369.1800,21.6520,20.7126,French
114189,French,French,European,43.1106,2109.1920,54.1730,200.1830,French
114190,French,French,European,5.9588,27.6281,1.6299,0.3577,French
114191,French,French,European,1033.6831,5080.5390,164.3640,32.4344,French
114192,French,French,European,821.0582,3771.0750,69.3012,13.9476,French
114193,French,French,European,113.4091,3638.4392,385.6815,172.9492,French
114194,French,French,European,9.7009,55.1300,1.3333,0.0533,French
114195,French,French,European,107.8621,2131.7905,367.6193,17.1013,French
114196,French,French,European,6.9930,199.2250,1.8333,19.0733,French
114197,French,French,European,5.1021,407.9899,46.3834,21.3676,French
114198,French,French,European,489.5706,3721.7750,75.5275,191.1503,French
114199,French,French,European,31.6322,1046.3600,18.2796,101.6514,French
114200,French,French,European,29.4574,3190.5549,420.1593,154.7811,French
114201,French,French,European,10.8138,519.8200,17.5960,47.7792,French
114202,French,French,European,3222.6953,21826.7195,166.1684,1067.6873,French
114203,French,French,European,605.6771,3589.3293,160.4464,62.3299,French
114204,French,French,European,157.8726,856.6020,20.9300,14.2118,French
114205,French,French,European,68.3024,1582.1430,71.3189,115.1610,French
114206,French,French,European,222.2863,2822.5818,3.0415,215.2369,French
114207,French,French,European,23.5227,1604.9365,80.6011,136.1598,French
114208,French,French,European,215.8103,3976.1024,630.2701,45.9842,French
114209,French,French,European,22.6649,280.1887,0.2977,0.2041,French
114210,French,French,European,37.0865,808.9506,97.3469,30.7033,French
114211,French,French,European,28.1234,694.7383,38.1420,49.4529,French
114212,French,French,European,153.3204,1918.1348,102.0886,105.5534,French
114213,French,French,European,205.8489,31673.6077,1117.7743,2891.7195,French
114214,French,French,European,231.3739,3208.8150,59.5795,243.5972,French
114215,French,French,European,78.3116,639.3734,53.9226,12.1097,French
114216,French,French,European,75.8826,602.4902,25.1737,20.0668,French
114217,French,French,European,3.7980,805.9218,96.8582,45.3445,French
114218,French,French,European,6.7048,418.2331,20.7109,33.3502,French
114219,French,French,European,226.2177,1778.3427,66.0501,66.9883,French
114220,French,French,European,76.1269,1486.4404,20.4324,125.4404,French
114221,French,French,European,144.3710,1297.6700,30.0798,71.7953,French
114222,French,French,European,76.2678,1176.6194,147.9768,31.6919,French
114223,French,French,European,52.3165,474.8440,26.6873,17.9645,French
114224,French,French,European,219.2522,874.3800,0.0216,0.0000,French
114225,French,French,European,134.9295,831.6875,23.2635,24.6525,French
114226,French,French,European,90.4457,1345.4924,71.2433,78.1811,French
114227,French,French,European,311.3768,2484.9160,63.1834,116.7947,French
114228,French,French,European,105.0893,4533.7258,515.9779,217.0308,French
114229,French,French,European,452.2737,2680.3853,91.6434,64.2712,French
114230,French,French,European,64.3965,589.8320,29.2722,23.5399,French
114231,French,French,European,131.9344,2110.9431,196.9838,86.5513,French
114232,French,French,European,68.2891,479.1544,18.4602,16.3157,French
114233,French,French,European,29192.7246,129117.3382,667.0824,1126.1391,French
114234,French,French,European,12.8950,290.7267,14.4190,20.8502,French
114235,French,French,European,337.5307,2461.6761,63.2381,107.2034,French
114236,French,French,European,354.7243,3364.0392,64.3031,194.9293,French
114237,French,French,European,37.3129,289.5950,8.5691,13.9280,French
114238,French,French,European,57.5306,518.9640,26.7219,21.7293,French
114239,French,French,European,9.1269,494.7070,48.5210,28.1571,French
114240,French,French,European,500.2764,7429.7265,51.8386,595.3846,French
114241,French,French,European,759.6324,3469.6800,56.4060,13.4616,French
114242,French,French,European,35.1626,582.0340,43.9491,30.3331,French
114243,French,French,European,15.3650,4001.8225,344.5186,274.8710,French
114244,French,French,European,0.6002,1280.8095,89.9870,99.8233,French
114245,French,French,European,26.9825,114.3303,2.9605,0.5582,French
114246,French,French,European,10.0768,306.0915,11.1042,25.7845,French
114247,French,French,European,266.4485,1208.5170,20.9527,5.1620,French
114248,French,French,European,17.7193,93.9467,5.6563,0.1472,French
114249,French,French,European,27460.6507,138909.0953,4586.1812,873.2533,French
114250,French,French,European,56.5255,280.5460,2.7808,5.3436,French
114251,French,French,European,9.6732,1623.0920,29.6780,165.1788,French
114252,French,French,European,64.0170,601.0890,19.8346,25.9148,French
114253,French,French,European,7.7888,1959.2160,97.4882,169.6237,French
114254,French,French,European,146.4052,1230.8615,45.8219,58.6882,French
114255,French,French,European,1.7349,170.6480,0.6532,18.1373,French
114256,French,French,European,48.7108,767.3583,43.3096,46.5050,French
114257,French,French,European,140.1832,1040.9640,36.9983,36.3318,French
114258,French,French,European,58.1663,245.5847,4.7228,1.2340,French
114259,French,French,European,122.4544,1114.1260,20.9831,60.0794,French
114260,French,French,European,100.6407,1282.2200,46.7360,76.3495,French
114261,French,French,European,54.4905,1052.0599,66.8067,63.2885,French
114262,French,French,European,0.0000,954.7200,0.0000,108.0000,French
114263,French,French,European,1967.3480,42764.1600,1336.3922,3600.0622,French
114264,French,French,European,47.6035,773.0226,111.3636,14.5230,French
114265,French,French,European,269.7731,1519.5754,37.8983,43.0926,French
114266,French,French,European,413.4208,5517.3580,128.3649,384.3977,French
114267,French,French,European,105.6001,1081.1700,36.8660,56.3389,French
114268,French,French,European,121.1712,1427.8130,66.3629,79.9005,French
114269,French,French,European,59.1186,553.7078,19.6028,29.0563,French
114270,French,French,European,76.2347,1133.2970,22.0608,87.0303,French
114271,French,French,European,47.2406,766.5732,58.5215,38.1952,French
114272,French,French,European,684.4284,4478.7820,190.5258,111.1596,French
114273,French,French,European,15260.4824,76820.3180,3327.0628,708.4375,French
114274,French,French,European,506.4216,2313.1200,37.6040,8.9744,French
114275,French,French,European,167.5718,2105.9472,103.1779,113.0660,French
114276,French,French,European,125.8298,736.4219,5.9990,29.0842,French
114277,French,French,European,0.0000,50.4333,11.2200,0.2833,French
114278,French,French,European,20.3711,94.3980,4.6333,1.0290,French
114279,French,French,European,83.2521,723.6040,30.3481,37.3621,French
114280,French,French,European,28.5332,362.1450,3.7471,27.3660,French
114281,French,French,European,127.8472,2463.9260,9.7262,220.5401,French
114282,French,French,European,2.3225,501.1350,25.9235,42.3577,French
114283,French,French,European,1034.4907,5854.0421,219.6755,101.0465,French
114284,French,French,European,11.8995,1695.2772,68.3404,151.7111,French
114285,French,French,European,,,,,French
114286,French,French,European,6.3467,276.6481,16.2774,20.8427,French
114287,French,French,European,793.6649,5504.0550,125.4040,212.8741,French
114288,French,French,European,19.9440,828.0000,8.2440,85.8240,French
114289,French,French,European,225.6118,1813.6631,28.5294,90.4625,French
114290,French,French,European,166.4929,1657.1628,151.9663,45.9214,French
114291,French,French,European,92.4423,1001.7220,27.2620,64.2771,French
114292,French,French,European,2060.6668,32099.5183,1368.8397,2147.7103,French
114293,French,French,European,,,,,French
114294,French,French,European,,,,,French
114295,French,French,European,72.5328,1201.2065,189.8861,15.7159,French
114296,French,French,European,39.3164,1988.0875,119.7267,152.5754,French
114297,French,French,European,295.1166,1295.0493,20.0225,10.4412,French
114298,French,French,European,42.4050,325.0531,35.8271,2.5595,French
114299,French,French,European,136.8295,1638.2395,25.3268,114.5309,French
114300,French,French,European,180.5259,3724.4053,130.1297,280.0427,French
114301,French,French,European,84.2744,1334.9882,62.6523,82.2608,French
114302,French,French,European,99.7039,823.0916,16.7201,42.5751,French
114303,French,French,European,411.8139,6328.0656,288.3343,397.9194,French
114304,French,French,European,131.4512,638.9040,7.6680,15.9204,French
114305,French,French,European,4.9442,414.5560,42.5354,23.8240,French
114306,French,French,European,8.2686,172.2808,5.3916,14.4132,French
114307,French,French,European,120.3722,2130.1461,216.9703,92.6891,French
114308,French,French,European,6.0633,1418.6560,15.5925,150.1445,French
114309,French,French,European,40.6854,1183.2465,30.3131,105.1251,French
114310,French,French,European,236.5824,1623.6800,20.8680,73.1736,French
114311,French,French,European,6.8497,616.5978,49.6245,43.5922,French
114312,French,French,European,29.8411,268.0100,12.6598,9.7261,French
114313,French,French,European,16.1981,1071.0525,125.7483,55.4283,French
114314,French,French,European,60.8213,2239.1430,128.8342,163.7988,French
114315,French,French,European,25.1941,517.7867,29.3370,33.9882,French
114316,French,French,European,646.1991,4737.3065,90.3859,215.3148,French
114317,French,French,European,91.1371,3640.4341,276.0359,237.1617,French
114318,French,French,European,3.2812,25.8135,1.2257,0.3055,French
114319,French,French,European,11.6656,523.3400,8.6400,49.1514,French
114320,French,French,European,285.4569,17556.3157,364.9886,1674.0925,French
114321,French,French,European,18.2356,1401.7257,191.9092,59.6259,French
114322,French,French,European,23.4881,902.7804,122.5692,33.2810,French
114323,French,French,European,338.8038,2854.9320,73.5832,167.6599,French
114324,French,French,European,378.8538,1972.4760,47.5167,30.9110,French
114325,French,French,European,2072.8611,63152.5467,806.2440,6187.8496,French
114326,French,French,European,1006.7365,6063.5190,235.3383,125.5642,French
114327,French,French,European,30.0556,843.0084,77.8885,47.9296,French
114328,French,French,European,15.5073,304.9312,1.8642,27.1921,French
114329,French,French,European,64.1807,1394.8852,132.7577,67.0840,French
114330,French,French,European,49.7304,1165.9787,159.6483,38.6066,French
114331,French,French,European,131.8832,1595.2959,115.6152,71.8743,French
114332,French,French,European,50.2958,4749.8861,372.2554,334.5205,French
114333,French,French,European,2255.6646,78052.7264,3922.9829,6041.8021,French
114334,French,French,European,22.1766,869.6008,64.0714,60.7932,French
114335,French,French,European,,,,,French
114336,French,French,European,93.6831,1211.4978,34.8121,80.9763,French
114337,French,French,European,69.9553,717.9492,56.3570,25.6689,French
114338,French,French,European,408.9960,3460.8142,106.8619,167.5410,French
114339,French,French,European,75.1530,846.4250,24.5975,56.0393,French
114340,French,French,European,0.8001,2080.8484,181.3944,148.1567,French
114341,French,French,European,135.7486,708.8664,28.0698,6.2396,French
114342,French,French,European,239.5036,1681.4200,52.4730,61.3194,French
114343,French,French,European,264.1003,1178.4900,13.8990,10.3029,French
114344,French,French,European,252.9857,1721.2398,59.3358,49.2464,French
114345,French,French,European,11.0987,463.6667,37.6853,28.5380,French
114346,French,French,European,301.6636,2184.1720,80.9699,68.6664,French
114347,French,French,European,18.4387,588.2976,96.7194,13.5587,French
114348,French,French,European,354.5661,6235.9450,112.6887,504.3508,French
114349,French,French,European,146.0367,1032.0000,15.3500,37.7594,French
114350,French,French,European,98.2750,743.4800,21.5055,30.7470,French
114351,French,French,European,997.3686,7631.6474,266.9951,292.5900,French
114352,French,French,European,32.1480,1028.7333,78.8120,68.2433,French
114353,French,French,European,19025.9017,87671.4380,1451.2525,410.8050,French
114354,French,French,European,68.3227,989.3910,21.8813,69.3245,French
114355,French,French,European,87.8559,834.3650,33.4762,40.5339,French
114356,French,French,European,44.3434,323.8855,9.9607,15.7481,French
114357,French,French,European,51.7016,1411.4004,80.3209,99.9622,French
114358,French,French,European,16.2518,7385.5814,519.7401,581.2655,French
114359,French,French,European,461.5738,3389.5746,205.5890,89.7748,French
114360,French,French,European,13.3008,752.0448,19.1842,69.3003,French
114361,French,French,European,56.9756,419.3000,29.7294,7.7978,French
114362,French,French,European,152.2088,1223.1147,41.3881,51.6046,French
114363,French,French,European,106.8670,645.5540,11.1738,23.4336,French
114364,French,French,European,135.7051,880.6304,35.8602,23.6895,French
114365,French,French,European,12718.5147,57841.0706,311.3950,698.3333,French
114366,French,French,European,186.4109,1236.9300,29.0233,38.5525,French
114367,French,French,European,63.0965,1369.3680,42.8569,115.2300,French
114368,French,French,European,59.8642,597.4268,22.7811,31.0747,French
114369,French,French,European,75.6276,2791.4181,406.8630,92.1564,French
114370,French,French,European,58.5511,2748.7550,135.1224,222.5180,French
114371,French,French,European,40.5246,1469.1930,147.0063,81.1977,French
114372,French,French,European,0.4818,34.3200,7.1940,0.1122,French
114373,French,French,European,105.9276,580.4335,10.6378,13.5983,French
114374,French,French,European,73.9285,1433.6100,20.5960,121.7594,French
114375,French,French,European,198.9518,2036.6700,53.0915,125.8332,French
114376,French,French,European,502.5329,3397.3880,74.9094,125.8811,French
114377,French,French,European,84.2495,2386.4075,220.9721,124.5887,French
114378,French,French,European,321.8683,3418.9830,146.7947,174.0975,French
114379,French,French,European,65.7185,1604.5183,142.7014,89.1542,French
114380,French,French,European,20.1150,4721.7049,735.8917,170.4547,French
114381,French,French,European,105.6091,1190.4817,40.3025,71.8675,French
114382,French,French,European,29.3853,2563.9875,9.4678,272.7039,French
114383,French,French,European,44.9762,1383.9952,202.6106,39.9213,French
114384,French,French,European,56.0111,1010.0530,43.7214,70.2340,French
114385,French,French,European,139.6392,1112.6650,29.6216,55.4624,French
114386,French,French,European,82.8407,694.3762,14.7398,37.3597,French
114387,French,French,European,49.6772,17421.1521,1131.1564,1408.4964,French
114388,French,French,European,233.0939,1488.2160,32.3292,50.4597,French
114389,French,French,European,224.3360,3736.5630,333.7974,163.2329,French
114390,French,French,European,15.8760,1338.1230,32.2057,129.7299,French
114391,French,French,European,225.7729,1369.0570,27.0890,42.2994,French
114392,French,French,European,76.1183,721.1070,30.6332,29.9844,French
114393,French,French,European,170.9213,5387.4556,357.4225,358.3221,French
114394,French,French,European,30443.6516,143224.5000,1287.1346,2243.0507,French
114395,French,French,European,2.4256,435.0480,37.6813,28.5313,French
114396,French,French,European,797.4194,4255.3500,153.1255,52.6801,French
114397,French,French,European,24.5874,1581.1671,89.1859,124.7577,French
114398,French,French,European,8.4574,491.9900,34.2078,31.7816,French
114399,French,French,European,129.1768,1663.2580,27.4698,122.7900,French
114400,French,French,European,375.9056,1641.0862,12.2868,17.8609,French
114401,French,French,European,36.0689,154.3130,2.7562,0.4050,French
114402,French,French,European,110.9694,1267.3720,42.5230,76.5240,French
114403,French,French,European,291.2280,1663.3938,44.6251,40.7999,French
114404,French,French,European,160.0708,1066.6560,39.9839,36.8599,French
114405,French,French,European,68.7767,329.6760,9.3174,1.4281,French
114406,French,French,European,5.3694,32.8854,1.1680,0.8165,French
114407,French,French,European,56.9987,787.2257,37.9529,47.2205,French
114408,French,French,European,79.1663,500.0700,15.2686,16.6869,French
114409,French,French,European,300.8397,2237.3760,64.5675,93.4337,French
114410,French,French,European,193.6985,1647.5957,75.2371,61.1380,French
114411,French,French,European,528.8251,2660.3770,54.7681,30.1267,French
114412,French,French,European,128.9230,1460.5000,27.2160,100.0890,French
114413,French,French,European,133.1311,611.7630,12.1429,6.3092,French
114414,French,French,European,35217.9516,168348.4240,2752.8839,1518.0278,French
114415,French,French,European,16.0519,926.0200,29.5986,84.8485,French
114416,French,French,European,79.8186,805.9750,36.9172,39.3781,French
114417,French,French,European,29.6516,409.6638,25.1386,19.1224,French
114418,French,French,European,4.5908,604.5140,0.0000,68.0000,French
114419,French,French,European,8.8828,79.9110,11.0163,0.8148,French
114420,French,French,European,37.7764,397.5800,15.7552,22.3788,French
114421,French,French,European,32.5468,3427.8415,273.4683,239.6709,French
114422,French,French,European,28.1334,2777.6941,71.6842,270.5399,French
114423,French,French,European,12.5357,430.6163,6.3903,41.5833,French
114424,French,French,European,81.4305,1226.0259,49.8182,81.7294,French
114425,French,French,European,39.1450,326.3827,12.6933,15.9026,French
114426,French,French,European,258.5178,15094.8107,873.6856,1190.0688,French
114427,French,French,European,343.0672,3448.9916,112.4192,182.4056,French
114428,French,French,European,260.7722,1863.0800,55.7625,68.3369,French
114429,French,French,European,485.8486,2779.0734,36.0934,83.5949,French
114430,French,French,European,216.5926,1571.2420,45.1609,64.8485,French
114431,French,French,European,0.2795,420.3672,0.5613,46.4362,French
114432,French,French,European,43.3184,346.3440,6.0688,16.3840,French
114433,French,French,European,10.2181,2589.4025,155.1961,210.4343,French
114434,French,French,European,8.2238,247.5110,20.4520,14.6323,French
114435,French,French,European,28.6945,535.4460,22.0789,38.3931,French
114436,French,French,European,6537.8395,44254.0177,552.9039,1900.0751,French
114437,French,French,European,30.8655,771.9760,17.6713,65.5675,French
114438,French,French,European,574.5716,2738.3105,26.8737,37.6961,French
114439,French,French,European,52.7890,591.5975,15.3460,39.7076,French
114440,French,French,European,17.0015,402.8750,3.9265,38.2852,French
114441,French,French,European,100.7980,402.9900,0.0000,0.0000,French
114442,French,French,European,468.2120,3868.9320,77.2320,199.0176,French
114443,French,French,European,447.8015,2702.7479,52.8273,80.6291,French
114444,French,French,European,10.5926,931.9292,25.4923,89.8032,French
114445,French,French,European,7.7949,40.1799,4.4198,0.2411,French
114446,French,French,European,58.3374,614.7870,51.2382,20.9498,French
114447,French,French,European,211.0140,1384.2000,21.3720,57.6000,French
114448,French,French,European,0.0000,25.2167,5.6100,0.1417,French
114449,French,French,European,249.1213,1427.6759,49.5904,23.1917,French
114450,French,French,European,106.5330,2357.7790,0.8710,216.4330,French
114451,French,French,European,40.4600,182.7467,0.9072,2.9456,French
114452,French,French,European,0.4690,75.5760,0.1608,8.2276,French
114453,French,French,European,997.1787,5284.0390,160.8440,72.6144,French
114454,French,French,European,46.9644,629.0033,32.3292,35.1812,French
114455,French,French,European,86.3596,14194.6560,372.7785,1372.5689,French
114456,French,French,European,106.9168,604.3500,27.7341,10.9849,French
114457,French,French,European,38.0405,794.1900,25.4018,60.7369,French
114458,French,French,European,46.4068,550.3647,33.7142,26.7508,French
114459,French,French,European,134.7303,1646.0537,35.0707,116.4893,French
114460,French,French,European,7.7865,221.2625,16.5488,13.5391,French
114461,French,French,European,46.7762,1846.8303,90.9635,145.2836,French
114462,French,French,European,45.6127,1862.9225,30.0857,185.4472,French
114463,French,French,European,426.5444,2940.6297,30.7360,145.8400,French
114464,French,French,European,38.4520,303.8495,5.9805,14.7120,French
114465,French,French,European,8358.7399,80244.0987,4294.9914,3423.6000,French
114466,French,French,European,46.2033,1915.9796,121.0898,138.8628,French
114467,French,French,European,218.0664,3021.5655,44.3797,221.3989,French
114468,French,French,European,386.3284,4257.6510,131.2818,242.3673,French
114469,French,French,European,418.7233,2653.1685,45.1791,102.5068,French
114470,French,French,European,94.5595,905.8200,25.3853,55.0944,French
114471,French,French,European,590.4852,3447.1630,134.2537,61.3787,French
114472,French,French,European,597.2620,3392.9700,114.7034,64.9569,French
114473,French,French,European,39.2003,550.2938,8.2460,43.9855,French
114474,French,French,European,127.5249,1177.8570,16.4790,71.4239,French
114475,French,French,European,10.8217,104.2680,5.3955,6.4855,French
114476,French,French,European,4.6575,363.5075,28.0779,25.8233,French
114477,French,French,European,13.0979,491.1420,38.0645,28.6422,French
114478,French,French,European,113.3443,1444.3240,24.6262,99.3909,French
114479,French,French,European,15.0433,3201.7356,252.0367,230.3411,French
114480,French,French,European,247.3279,3199.3950,90.8538,212.1667,French
114481,French,French,European,205.2919,961.9088,14.9309,13.3290,French
114482,French,French,European,31.7608,230.7156,20.5341,1.5391,French
114483,French,French,European,3.5154,882.2520,58.0608,70.6255,French
114484,French,French,European,262.3924,1193.2680,18.8020,4.4872,French
114485,French,French,European,2.0399,8.4007,0.0571,0.0190,French
114486,French,French,European,38.1144,726.6808,23.3166,59.3976,French
114487,French,French,European,2.6036,595.1475,47.2913,43.2479,French
114488,French,French,European,25.9812,1027.9140,18.0599,94.9850,French
114489,French,French,European,33.1904,1062.4015,1.3293,109.1941,French
114490,French,French,European,14.4478,571.1000,16.9096,51.9820,French
114491,French,French,European,82.5939,509.0998,13.9873,15.7714,French
114492,French,French,European,15.3641,203.1020,13.0939,9.5884,French
114493,French,French,European,114.1392,819.1200,18.6952,39.7464,French
114494,French,French,European,94.1272,2207.4070,65.9512,177.0088,French
114495,French,French,European,92.5275,1426.1200,20.2983,109.1523,French
114496,French,French,European,85.1629,1275.6494,122.9657,51.5342,French
114497,French,French,European,158.4575,1311.9220,9.9050,74.6025,French
114498,French,French,European,80.1655,1629.5061,120.2929,89.0709,French
114499,French,French,European,0.7216,4.1040,0.3386,0.0901,French
114500,French,French,European,390.4536,2547.6460,54.6025,85.6297,French
114501,French,French,European,561.6716,3964.6405,133.2385,135.2372,French
114502,French,French,European,3.4086,111.7340,8.2021,6.7503,French
114503,French,French,European,338.1537,14225.5531,693.6377,1132.2038,French
114504,French,French,European,5.2380,114.0000,3.5620,9.6000,French
114505,French,French,European,14.7437,1119.6392,24.3957,112.2997,French
114506,French,French,European,16.2951,1253.7460,71.4909,100.5146,French
114507,French,French,European,711.3668,2859.4460,0.0025,0.0025,French
114508,French,French,European,161.9835,2765.3278,398.6350,54.7179,French
114509,French,French,European,253.2530,22666.5316,613.8111,2131.0033,French
114510,French,French,European,35.9452,992.2943,13.9547,89.8210,French
114511,French,French,European,34.8960,513.1080,8.7043,38.5243,French
114512,French,French,European,184.7023,1778.2833,71.1280,87.4828,French
114513,French,French,European,38.5504,2855.1328,137.3967,236.4922,French
114514,French,French,European,288.1790,2119.2341,17.1297,104.3750,French
114515,French,French,European,36.1864,1103.7457,7.3806,109.1717,French
114516,French,French,European,84.1866,11199.2150,0.0000,1230.0880,French
114517,French,French,European,0.0000,25.2167,5.6100,0.1417,French
114518,French,French,European,0.7200,1040.9000,12.8470,111.4770,French
114519,French,French,European,20.7006,356.5897,35.7610,7.9273,French
114520,French,French,European,52.2857,419.8700,25.1811,11.8977,French
114521,French,French,European,67.3595,849.4691,16.9607,58.6560,French
114522,French,French,European,781.1970,4088.0243,138.5624,44.5752,French
114523,French,French,European,112.7502,899.1960,26.6627,41.0763,French
114524,French,French,European,90.1420,1054.5206,36.4884,67.2510,French
114525,French,French,European,179.7506,3937.7950,94.2691,324.3357,French
114526,French,French,European,107.3998,1079.8538,12.4015,67.6621,French
114527,French,French,European,73.7128,1656.3774,177.4525,75.9005,French
114528,French,French,European,161.8414,1897.1356,122.5518,85.5799,French
114529,French,French,European,52.4267,1186.8722,138.2513,43.6685,French
114530,French,French,European,0.9636,169.5067,36.8280,0.7911,French
114531,French,French,European,64.4560,1648.4650,39.5754,141.6844,French
114532,French,French,European,8.5292,86.6712,6.0580,2.8851,French
114533,French,French,European,207.3744,1997.5658,63.5169,104.3851,French
114534,French,French,European,31.2949,119.2767,0.1957,0.1342,French
114535,French,French,European,49.8895,957.0000,55.8120,63.7290,French
114536,French,French,European,41.2290,363.2628,22.4690,11.2664,French
114537,French,French,European,23.2227,1436.3488,88.0940,109.5177,French
114538,French,French,European,150.4184,730.8942,34.0146,2.3773,French
114539,French,French,European,4.2477,121.1133,8.8420,7.4146,French
114540,French,French,European,26.6475,1285.5066,108.8946,80.8083,French
114541,French,French,European,71.2356,6980.6881,612.0097,469.4140,French
114542,French,French,European,11.6632,148.8400,7.6860,7.9788,French
114543,French,French,European,20.6167,3298.6792,383.7138,176.5361,French
114544,French,French,European,112.2706,826.0454,29.9656,33.6665,French
114545,French,French,European,10.5894,44.6517,1.2135,0.2339,French
114546,French,French,European,140.5962,787.8160,22.2984,15.8818,French
114547,French,French,European,22424.0630,109439.1973,737.6252,1877.7274,French
114548,French,French,European,44.1061,318.9620,6.5267,14.5250,French
114549,French,French,European,428.4693,3294.9960,78.6305,141.3005,French
114550,French,French,European,229.8045,1778.6827,54.8628,76.2333,French
114551,French,French,European,1506.6845,112814.9200,6317.4616,7496.5534,French
114552,French,French,European,57.5167,1313.9847,54.5705,98.1532,French
114553,French,French,European,2912.7887,813981.7472,18203.5192,80974.3252,French
114554,French,French,European,47.1009,961.9452,27.2659,76.9785,French
114555,French,French,European,340.1162,1767.3807,56.2073,28.8280,French
114556,French,French,European,16.1072,2742.7584,159.3510,221.8223,French
114557,French,French,European,4.6077,192.6133,15.1220,12.1696,French
114558,French,French,European,434.4422,2165.7100,27.6660,43.3395,French
114559,French,French,European,336.7790,6982.6887,377.9004,461.1485,French
114560,French,French,European,5.5174,581.2920,11.4985,56.8333,French
114561,French,French,European,3.0228,4072.5752,416.9017,256.6732,French
114562,French,French,European,432.7730,3062.3845,50.7778,131.2675,French
114563,French,French,European,70.4523,910.4340,14.5151,66.4921,French
114564,French,French,European,87.9480,1212.7580,44.8724,84.3795,French
114565,French,French,European,221.7157,2173.2303,97.1747,102.6531,French
114566,French,French,European,169.1746,854.5400,17.2630,10.6343,French
114567,French,French,European,87.2461,2333.3615,153.6304,149.3389,French
114568,French,French,European,251.1303,1823.2767,41.9197,79.6420,French
114569,French,French,European,187.1226,1236.7760,33.9162,44.4829,French
114570,French,French,European,39.9600,377.2250,15.7114,17.0356,French
114571,French,French,European,65.2692,1328.7700,56.4251,102.8461,French
114572,French,French,European,699.2766,4858.5298,245.8084,125.6342,French
114573,French,French,European,363.8840,10096.5544,1261.9094,368.0421,French
114574,French,French,European,390.7954,2356.4980,57.1982,66.3668,French
114575,French,French,European,97.9185,1431.3479,65.6410,89.6685,French
114576,French,French,European,6.9563,13077.9684,1194.5224,879.5495,French
114577,French,French,European,0.9560,847.6693,1.1604,92.8590,French
114578,French,French,European,12.4761,1138.7323,130.9093,60.4223,French
114579,French,French,European,30.9088,762.7232,40.0075,55.0130,French
114580,French,French,European,430.6783,2452.9120,83.0990,40.3672,French
114581,French,French,European,317.6818,3711.2746,73.7880,241.6269,French
114582,French,French,European,113.0964,953.7319,43.4790,38.9481,French
114583,French,French,European,23.2885,4053.4594,492.3142,209.5757,French
114584,French,French,European,193.9755,1140.8470,34.7355,24.9258,French
114585,French,French,European,9.6816,534.2799,81.4786,17.1218,French
114586,French,French,European,224.1995,1938.9068,51.2728,93.6730,French
114587,French,French,European,112.1428,1523.1568,181.2060,42.6115,French
114588,French,French,European,100.7412,916.3200,41.1354,42.2964,French
114589,French,French,European,12.8591,937.0540,37.9688,81.8088,French
114590,French,French,European,829.8011,4831.9500,204.3542,75.7153,French
114591,French,French,European,0.3677,450.3932,0.2032,51.0022,French
114592,French,French,European,101.9009,1456.8978,68.6127,88.7068,French
114593,French,French,European,335.5557,3150.7977,91.6058,169.1795,French
114594,French,French,European,,,,,French
114595,French,French,European,665.5058,3427.0127,119.7894,30.9196,French
114596,French,French,European,80.7664,850.9090,48.2308,37.2915,French
114597,French,French,European,122.5962,1790.3292,172.7494,67.6570,French
114598,French,French,European,382.2785,2219.1867,18.7220,81.3120,French
114599,French,French,European,347.5321,9752.0027,70.4768,919.4017,French
114600,French,French,European,49.5055,3800.2511,177.0403,323.9511,French
114601,French,French,European,8.9580,642.3600,36.8232,51.1584,French
114602,French,French,European,13.3503,593.2875,10.2165,57.2188,French
114603,French,French,European,346.9334,2424.1535,89.6911,76.6339,French
114604,French,French,European,0.1207,963.2130,0.0179,108.0000,French
114605,French,French,European,1.2542,1578.0472,230.0520,66.4327,French
114606,French,French,European,20.2417,525.7800,20.5199,43.4536,French
114607,French,French,European,34.1705,819.5480,29.6881,64.2860,French
114608,French,French,European,50.9962,220.5340,2.4766,1.0949,French
114609,French,French,European,6.4550,294.4106,1.4024,29.2852,French
114610,French,French,European,29.6995,847.2153,48.2704,63.6293,French
114611,French,French,European,20.9500,226.5000,7.6255,14.6825,French
114612,French,French,European,2.2480,7.6897,0.2112,0.0972,French
114613,French,French,European,24.3707,848.8836,95.7280,39.8342,French
114614,French,French,European,96.4518,3951.7296,330.2286,248.6341,French
114615,French,French,European,0.4308,2.1450,0.0894,0.0536,French
114616,French,French,European,26.4085,173.3100,16.6197,0.4652,French
114617,French,French,European,84.4351,1065.0169,18.2456,80.8703,French
114618,French,French,European,3.7121,218.5394,44.5342,1.6434,French
114619,French,French,European,6.7505,91.9859,2.7107,7.2563,French
114620,French,French,European,112.5430,1408.9682,38.0458,94.3182,French
114621,French,French,European,30.0800,519.6200,8.9920,41.8760,French
114622,French,French,European,167.2919,1421.2620,51.7215,61.2530,French
114623,French,French,European,7.7967,1558.6017,0.7438,173.0863,French
114624,French,French,European,302.5163,2238.3100,138.7404,51.2803,French
114625,French,French,European,130.6671,1109.1947,41.3935,46.6884,French
114626,French,French,European,3.3220,13.0490,0.5407,0.1708,French
114627,French,French,European,64.6194,1038.8976,97.5926,43.4717,French
114628,French,French,European,13.9940,135.2000,8.2340,5.0080,French
114629,French,French,European,70.8404,1139.5800,46.9274,79.1536,French
114630,French,French,European,78.8617,1258.8780,12.2231,101.5183,French
114631,French,French,European,28.6165,1144.6325,61.2461,90.6554,French
114632,French,French,European,28.9308,304.9982,0.8216,0.0000,French
114633,French,French,European,62.8225,1347.5218,110.4591,70.7389,French
114634,French,French,European,116.6417,879.8475,33.6086,27.1886,French
114635,French,French,European,39.2860,538.4600,29.0250,31.7302,French
114636,French,French,European,6.1905,473.5000,28.6435,37.0440,French
114637,French,French,European,140.9326,2691.8715,35.1633,223.2682,French
114638,French,French,European,87.9860,572.1456,22.8560,16.6885,French
114639,French,French,European,23.6009,984.7630,140.4745,33.0483,French
114640,French,French,European,349.1676,2522.2465,72.9139,100.3312,French
114641,French,French,European,0.0000,897.9000,0.2870,101.9670,French
114642,French,French,European,,,,,French
114643,French,French,European,0.0000,6.3042,1.4025,0.0354,French
114644,French,French,European,0.4818,34.3200,7.1940,0.1122,French
114645,French,French,European,94.0295,492.7040,5.8641,14.0508,French
114646,French,French,European,105.0471,494.9667,9.4615,4.5968,French
114647,French,French,European,50.6692,848.9186,22.2205,65.4635,French
114648,French,French,European,199.8286,1803.8450,42.2376,97.4498,French
114649,French,French,European,61.5099,963.1502,25.8524,68.8379,French
114650,French,French,European,523.1026,2941.9300,53.7393,65.0833,French
114651,French,French,European,13.0979,491.1420,38.0645,28.6422,French
114652,French,French,European,53.1852,964.6790,26.9638,76.4875,French
114653,French,French,European,31.7041,1103.8160,45.0683,87.8767,French
114654,French,French,European,253.2530,22666.5316,613.8111,2131.0033,French
114655,French,French,European,85.8463,853.4450,21.0072,53.7941,French
114656,French,French,European,1221.3065,7143.7327,256.1793,145.3851,French
114657,French,French,European,22.2340,1044.7223,66.3926,78.4593,French
114658,French,French,European,143.2466,726.8290,15.8318,8.3881,French
114659,French,French,European,57.2653,307.2240,4.4075,7.6960,French
114660,French,French,European,145.6654,1854.3845,50.1923,117.4668,French
114661,French,French,European,1186.0594,6896.9380,259.8100,127.7493,French
114662,French,French,European,88.9650,1015.2378,53.1496,51.3124,French
114663,French,French,European,1.2908,465.3204,15.2843,44.8016,French
114664,French,French,European,110.7052,1763.5767,55.4735,129.1321,French
114665,French,French,European,227.1304,2465.9550,74.4973,136.9989,French
114666,French,French,European,1012.6773,5340.0513,76.5184,115.4351,French
114667,French,French,European,66.1771,1060.2575,42.0749,70.2217,French
114668,French,French,European,4.7385,714.8250,43.3350,58.1985,French
114669,French,French,European,14.3045,1128.6629,147.3304,50.2661,French
114670,French,French,European,81.3799,1384.6452,37.7854,107.0278,French
114671,French,French,European,5.2560,265.7950,1.1496,27.9379,French
114672,French,French,European,302.9223,1244.3400,7.1940,0.1122,French
114673,French,French,European,458.5101,6472.9470,118.8304,463.7276,French
114674,French,French,European,108.8867,696.9589,41.9288,18.8084,French
114675,French,French,European,244.7990,1622.4350,50.9810,49.5706,French
114676,French,French,European,136.2848,2155.7181,91.9434,144.3254,French
114677,French,French,European,54.5141,465.5880,8.8120,23.7961,French
114678,French,French,European,155.4749,929.4200,25.3976,28.6962,French
114679,French,French,European,200.9104,928.8845,15.3275,15.0111,French
114680,French,French,European,8.2686,172.2808,5.3916,14.4132,French
114681,French,French,European,1670.1562,26921.7350,4137.3906,319.3906,French
114682,French,French,European,24.5747,1021.9400,17.7384,94.8800,French
114683,French,French,European,18.7500,599.6400,64.2552,28.1274,French
114684,French,French,European,0.0000,18.9125,4.2075,0.1062,French
114685,French,French,European,47.1273,8303.4516,204.7040,809.4486,French
114686,French,French,European,2645.0141,37278.2900,1814.3804,2214.4151,French
114687,French,French,European,19.4235,5456.7843,1082.2848,86.9524,French
114688,French,French,European,90.8592,609.6800,14.9189,20.3779,French
114689,French,French,European,119.3320,1245.6260,24.5775,73.8363,French
114690,French,French,European,81.4797,909.8700,24.2583,58.4160,French
114691,French,French,European,25.8342,110.5940,3.7949,0.7664,French
114692,French,French,European,352.2126,4019.0160,221.4717,218.7000,French
114693,French,French,European,64.8171,883.0262,31.8331,58.1148,French
114694,French,French,European,19.4661,521.3560,36.6515,30.9907,French
114695,French,French,European,43.3942,573.2834,12.2906,41.2030,French
114696,French,French,European,73.1946,823.4676,97.7924,17.2643,French
114697,French,French,European,236.4971,1538.9950,15.8944,62.8532,French
114698,French,French,European,56.5578,2507.5752,299.9766,99.4688,French
114699,French,French,European,203.2757,2062.1840,27.3120,130.2700,French
114700,French,French,European,47.9640,661.8291,11.9724,47.9640,French
114701,French,French,European,108.7331,648.9312,22.5180,14.0778,French
114702,French,French,European,20.6440,1410.4707,89.2786,109.3986,French
114703,French,French,European,228.0297,1386.8258,35.3372,38.5583,French
114704,French,French,European,221.8865,2890.0570,106.1899,174.7850,French
114705,French,French,European,0.0000,100.8667,22.4400,0.5667,French
114706,French,French,European,4.9633,196.0960,1.8345,19.0745,French
114707,French,French,European,73.1949,1912.9665,39.4007,166.6203,French
114708,French,French,European,411.2368,2212.3520,65.6504,29.3468,French
114709,French,French,European,19.9554,653.5800,12.4596,63.2397,French
114710,French,French,European,271.9694,3619.0240,143.7838,223.4079,French
114711,French,French,European,9.2388,1480.4333,184.0728,74.9193,French
114712,French,French,European,35.8867,221.9348,18.1675,2.2704,French
114713,French,French,European,347.3638,2733.9360,166.6276,80.3132,French
114714,French,French,European,63.3770,1319.0980,29.2104,113.0267,French
114715,French,French,European,28.2648,253.1240,12.5600,9.5100,French
114716,French,French,European,392.5968,4488.5035,223.3550,221.3393,French
114717,French,French,European,13.2890,1140.7983,47.0544,100.5720,French
114718,French,French,European,18.5483,211.0679,6.9149,13.9314,French
114719,French,French,European,53.8522,2148.0241,277.3991,86.4874,French
114720,French,French,European,280.7811,2449.6235,60.9542,118.5309,French
114721,French,French,European,87.7036,981.3500,86.2580,32.5542,French
114722,French,French,European,3.1240,305.2700,26.0800,20.0030,French
114723,French,French,European,2.2812,1408.3880,48.2863,135.7197,French
114724,French,French,European,33.8658,982.1516,70.8941,62.9493,French
114725,French,French,European,151.7722,2498.2255,4.1727,220.3523,French
114726,French,French,European,910.9655,5036.9093,190.1970,72.3987,French
114727,French,French,European,140.5718,1769.4419,40.6784,123.4255,French
114728,French,French,European,6.0687,115.5364,4.8469,8.6665,French
114729,French,French,European,665.1458,3355.5127,113.5094,26.1646,French
114730,French,French,European,44.4075,1122.7190,27.2509,94.9054,French
114731,French,French,European,153.0649,3029.8130,54.8156,248.9409,French
114732,French,French,European,158.9778,2376.0480,44.7311,182.3586,French
114733,French,French,European,226.3831,2284.1400,30.1538,141.4852,French
114734,French,French,European,98.8962,857.8960,38.0971,33.6532,French
114735,French,French,European,13.9940,135.2000,8.2340,5.0080,French
114736,French,French,European,64.2048,1257.1780,143.8292,50.0677,French
114737,French,French,European,200.8167,3584.8164,508.6008,81.0926,French
114738,French,French,European,304.8730,2220.9419,22.0555,107.2669,French
114739,French,French,European,59.6889,432.8223,13.8410,15.0627,French
114740,French,French,European,87.4901,1102.4065,71.9546,51.2542,French
114741,French,French,European,1.9836,531.7476,90.1418,15.7967,French
114742,French,French,European,2.9314,5593.1440,19.1962,621.7930,French
114743,French,French,European,528.3297,2540.0478,36.1134,36.3700,French
114744,French,French,European,0.0000,2109.2400,281.9578,100.2910,French
114745,French,French,European,10.4440,1115.0160,64.3933,90.4299,French
114746,French,French,European,513.7622,4372.3800,222.4434,150.2088,French
114747,French,French,European,350.9754,1926.8815,63.6582,23.2746,French
114748,French,French,European,52.9834,1985.9540,114.6977,149.3348,French
114749,French,French,European,25.3593,171.8800,7.0396,5.1548,French
114750,French,French,European,177.5450,1104.4950,17.9790,44.4750,French
114751,French,French,European,250.0215,6884.6378,216.0440,553.5008,French
114752,French,French,European,48.3238,1641.7275,48.7335,143.1695,French
114753,French,French,European,4.0962,167.2560,4.9735,14.3626,French
114754,French,French,European,31.4416,684.0787,21.3803,57.6012,French
114755,French,French,European,3990.5723,165746.3550,1661.4134,17174.3466,French
114756,French,French,European,158.8004,2320.0412,94.0148,151.5463,French
114757,French,French,European,15.9768,154.7800,1.6672,0.7995,French
114758,French,French,European,34.9453,1444.0084,23.3002,137.8250,French
114759,French,French,European,33.2681,3590.4200,107.4561,336.0900,French
114760,French,French,European,27.6154,218.9532,26.5595,0.7642,French
114761,French,French,European,138.9573,1517.7768,48.9346,88.1018,French
114762,French,French,European,8.1381,779.8828,92.1915,40.5844,French
114763,French,French,European,6.3826,3464.4048,707.4062,47.9625,French
114764,French,French,European,57.0486,3884.3776,355.4173,246.4390,French
114765,French,French,European,542.6904,2467.4250,39.7532,9.0554,French
114766,French,French,European,2.1081,1111.8223,35.9336,107.0109,French
114767,French,French,European,76.0476,1468.7900,6.9529,130.8618,French
114768,French,French,European,13.3017,739.8108,43.4487,55.6011,French
114769,French,French,European,95.8623,1351.8848,38.6811,95.4450,French
114770,French,French,European,1.6017,139.0400,5.6525,0.1559,French
114771,French,French,European,31.8933,758.4999,97.0182,25.4652,French
114772,French,French,European,7.5035,330.5040,13.5396,28.7769,French
114773,French,French,European,3.4087,20.6275,1.0219,0.3416,French
114774,French,French,European,17.0206,348.1326,11.0663,28.8902,French
114775,French,French,European,57.0077,1269.9810,57.8984,94.0515,French
114776,French,French,European,203.8015,2741.9400,0.0000,218.0000,French
114777,French,French,European,5.5209,1795.8561,195.9611,105.6601,French
114778,French,French,European,32.7580,2106.4600,79.6152,184.4022,French
114779,French,French,European,32.6010,695.5800,30.6228,48.9342,French
114780,French,French,European,269.9190,44423.8200,2927.1210,3529.0440,French
114781,French,French,European,143.0199,1895.2433,70.2162,117.1634,French
114782,French,French,European,14.2515,562.5000,10.5705,54.0720,French
114783,French,French,European,19.0763,1526.7038,63.1553,138.5037,French
114784,French,French,European,129.0120,1454.5667,101.5680,65.2567,French
114785,French,French,European,74.6672,628.1096,40.6869,22.1980,French
114786,French,French,European,56.5674,3238.1288,194.9915,244.7926,French
114787,French,French,European,535.4784,2821.2687,66.6179,42.6842,French
114788,French,French,European,3120.8809,21411.4471,1335.7684,392.5195,French
114789,French,French,European,217.7229,2297.9835,52.4206,139.7566,French
114790,French,French,European,22.0100,653.9750,11.5305,60.2360,French
114791,French,French,European,229.1341,1506.0962,17.9276,59.1205,French
114792,French,French,European,511.0124,4200.6720,109.1022,205.5224,French
114793,French,French,European,6.5586,1272.3309,90.8076,96.6486,French
114794,French,French,European,4.5908,18.3540,0.0000,0.0000,French
114795,French,French,European,27.2012,579.0886,24.6917,44.7961,French
114796,French,French,European,304.0971,2013.1378,49.7322,64.4224,French
114797,French,French,European,1016.7706,13853.3577,640.8366,808.8752,French
114798,French,French,European,17.8562,2073.2539,117.2674,169.5072,French
114799,French,French,European,507.8660,3675.6700,82.6829,146.1676,French
114800,French,French,European,59.1599,2590.6083,315.7957,117.4199,French
114801,French,French,European,52.6231,1275.6388,115.0996,38.3813,French
114802,French,French,European,206.1207,2748.9910,101.2284,170.1030,French
114803,French,French,European,49.2095,2225.6803,237.4574,119.0139,French
114804,French,French,European,50.6687,427.8820,6.7506,23.4528,French
114805,French,French,European,14.9368,203.7600,6.9446,14.7640,French
114806,French,French,European,12.3410,398.7500,12.0016,33.4646,French
114807,French,French,European,65.3149,1329.6412,34.5008,104.4932,French
114808,French,French,European,71.3792,467.6100,14.8680,13.3815,French
114809,French,French,European,24.8310,2844.7565,422.7009,107.4289,French
114810,French,French,European,116.4145,847.4360,37.7135,28.4863,French
114811,French,French,European,163.3641,2112.1874,63.4260,140.5797,French
114812,French,French,European,170.1421,1996.3585,79.2605,119.4492,French
114813,French,French,European,136.1107,2136.7342,16.3726,174.4688,French
114814,French,French,European,51.7014,819.7310,6.9581,65.2923,French
114815,French,French,European,37.3593,993.8680,50.7932,73.1502,French
114816,French,French,European,0.4240,71.7510,6.2904,4.7583,French
114817,French,French,European,90.4742,1558.6803,52.4972,117.0319,French
114818,French,French,European,47.3150,5998.6755,588.5287,372.6622,French
114819,French,French,European,17.5896,278.1678,46.1685,1.2433,French
114820,French,French,European,564.8360,4632.3400,42.6793,252.6190,French
114821,French,French,European,101.3951,437.7938,7.1940,0.1122,French
114822,French,French,European,18.1360,597.2860,33.0136,45.3356,French
114823,French,French,European,66.5016,288.2269,15.1220,1.6765,French
114824,French,French,European,19.1940,924.5300,28.7024,84.9504,French
114825,French,French,European,129.0342,2289.3460,82.7305,162.3772,French
114826,French,French,European,224.6200,5736.2226,319.3255,395.4660,French
114827,French,French,European,431.7638,2978.3498,190.3524,59.6855,French
114828,French,French,European,22.3712,100.7356,3.9988,0.8398,French
114829,French,French,European,4.4458,395.4150,23.0038,32.0664,French
114830,French,French,European,28.6560,157.6440,0.5856,4.6440,French
114831,French,French,European,348.4159,2139.2574,30.6109,78.5994,French
114832,French,French,European,1.1273,167.5805,0.4230,18.0113,French
114833,French,French,European,426.1800,2982.5380,33.2830,138.8950,French
114834,French,French,European,780.9969,3608.5020,68.5998,13.8417,French
114835,French,French,European,0.8870,943.4898,0.1383,109.0448,French
114836,French,French,European,43.1980,276.3200,8.7060,8.7036,French
114837,French,French,European,250.2683,2342.2200,27.7986,140.3826,French
114838,French,French,European,172.8053,1462.5717,32.6131,77.9092,French
114839,French,French,European,37.0032,6429.3371,258.0582,577.5571,French
114840,French,French,European,138.4216,2319.4013,232.6660,95.0949,French
114841,French,French,European,26.0899,176.2773,17.6341,1.2191,French
114842,French,French,European,386.1790,3592.0850,38.1094,223.1455,French
114843,French,French,European,167.1442,1357.5135,20.5558,70.4215,French
114844,French,French,European,319.1445,3518.2433,73.8719,230.1703,French
114845,French,French,European,168.3838,1216.5809,28.2771,48.6450,French
114846,French,French,European,38.5217,334.2238,20.1932,9.6027,French
114847,French,French,European,500.9169,2767.4520,19.4267,80.8064,French
114848,French,French,European,208.2509,3145.7605,40.8521,259.4958,French
114849,French,French,European,54.3558,897.9953,56.3057,52.0243,French
114850,French,French,European,34.2557,474.7467,18.1093,32.7661,French
114851,French,French,European,8.9093,413.0350,5.3964,41.4366,French
114852,French,French,European,21.6500,582.4750,5.2505,55.4810,French
114853,French,French,European,1.9406,783.4800,37.7524,69.0336,French
114854,French,French,European,22.0938,149.0308,9.1140,2.5911,French
114855,French,French,European,102.7052,1509.8080,73.6981,93.4834,French
114856,French,French,European,331.1241,3850.2563,56.4978,258.0587,French
114857,French,French,European,4.8467,3337.7390,37.7530,355.5415,French
114858,French,French,European,86.0190,2662.3723,195.4008,168.4109,French
114859,French,French,European,551.8862,2924.1660,43.6375,70.7278,French
114860,French,French,European,25.7650,1577.5507,77.8078,128.6944,French
114861,French,French,European,38.9474,1979.6162,229.1386,99.5891,French
114862,French,French,European,4.7359,13588.7813,2970.8323,99.6493,French
114863,French,French,European,57.6273,2459.0582,299.0287,114.6138,French
114864,French,French,European,57.9117,3013.4531,380.5163,140.3404,French
114865,French,French,European,130.9230,866.3000,37.5680,19.9026,French
114866,French,French,European,67.3581,2195.1537,153.3726,154.6069,French
114867,French,French,European,150.2774,1282.5030,56.4253,51.0965,French
114868,French,French,European,67.7079,2197.1123,375.0663,39.8309,French
114869,French,French,European,119.2672,2422.5794,179.5070,137.5094,French
114870,French,French,European,0.0791,217.0500,0.2591,24.0099,French
114871,French,French,European,0.0000,100.8667,22.4400,0.5667,French
114872,French,French,European,27.1409,1612.6915,211.9625,71.1919,French
114873,French,French,European,447.2271,3500.7092,166.9311,116.8203,French
114874,French,French,European,129.5092,2085.4000,99.2118,129.9981,French
114875,French,French,European,195.6662,1745.9565,44.5746,95.1768,French
114876,French,French,European,1.1169,290.0707,2.5683,31.1152,French
114877,French,French,European,298.7544,1638.7650,23.6490,40.6436,French
114878,French,French,European,22.6832,931.4160,75.3600,57.0600,French
114879,French,French,European,58.6445,904.7278,82.1383,38.0101,French
114880,French,French,European,228.3842,1795.3860,44.8945,82.1016,French
114881,French,French,European,53.7901,760.2232,52.5701,36.5285,French
114882,French,French,European,12.8151,221.3661,12.0992,14.2159,French
114883,French,French,European,21.1290,87.9920,0.7400,0.3998,French
114884,French,French,European,19.4641,91.8913,1.9943,0.8187,French
114885,French,French,European,26.4954,355.9925,14.9070,21.5935,French
114886,French,French,European,591.3334,2800.2888,76.0862,25.2459,French
114887,French,French,European,101.6839,432.7033,6.8335,3.6945,French
114888,French,French,European,214.8705,1181.4160,26.5285,22.2463,French
114889,French,French,European,13.7724,55.0620,0.0000,0.0000,French
114890,French,French,European,98.6290,770.7453,74.6141,14.2111,French
114891,French,French,European,282.8921,2173.7270,48.9723,95.9624,French
114892,French,French,European,249.8257,1692.7600,83.1701,45.1624,French
114893,French,French,European,9.1648,353.7700,8.3472,31.6268,French
114894,French,French,European,662.4799,5198.9816,140.1769,235.7928,French
114895,French,French,European,52.4445,1193.0019,11.4153,109.7467,French
114896,French,French,European,8.1615,649.9790,5.4663,68.4333,French
114897,French,French,European,71.1048,987.4722,14.3805,73.3775,French
114898,French,French,European,63.7904,978.8667,104.9776,35.8035,French
114899,French,French,European,0.3508,966.7205,134.9301,43.1243,French
114900,French,French,European,48.9142,1153.8102,27.1163,100.0611,French
114901,French,French,European,79.0801,926.8523,44.0367,55.0467,French
114902,French,French,European,10.0375,12720.6733,2812.1600,75.6683,French
114903,French,French,European,64.8253,2073.7258,221.8907,102.2049,French
114904,French,French,European,27071.6081,235963.9500,2492.7008,14620.8900,French
114905,French,French,European,102.2723,992.9100,30.7026,52.9815,French
114906,French,French,European,74.9026,717.6280,33.8551,30.8464,French
114907,French,French,European,63.6685,932.5000,21.0545,72.4730,French
114908,French,French,European,257.6706,60418.0812,82.1848,6693.3951,French
114909,French,French,European,58.6567,1248.7250,118.7293,60.2383,French
114910,French,French,European,1382.8635,7779.9155,280.4160,129.0596,French
114911,French,French,European,63.5243,1112.2067,40.0799,87.4002,French
114912,French,French,European,2.9760,206.8500,41.8300,3.4765,French
114913,French,French,European,48.7502,861.6600,31.8617,63.3571,French
114914,French,French,European,25.9803,902.3624,41.5254,71.4673,French
114915,French,French,European,107.6224,2554.2495,1.2975,237.0180,French
114916,French,French,European,289.1119,1319.5078,21.3586,5.1393,French
114917,French,French,European,457.9724,3358.9480,155.5963,102.9734,French
114918,French,French,European,359.7442,3400.4070,102.2810,183.0870,French
114919,French,French,European,431.0733,6760.3626,729.5616,218.0150,French
114920,French,French,European,8.5875,153.0000,5.0335,11.5105,French
114921,French,French,European,5.4480,270.2000,35.7976,11.1484,French
114922,French,French,European,63.4917,956.1100,31.2984,65.6995,French
114923,French,French,European,0.0000,477.3600,0.0000,54.0000,French
114924,French,French,European,795.0427,4967.6920,192.0929,116.4450,French
114925,French,French,European,45.7773,184.2870,0.5131,0.0226,French
114926,French,French,European,3.9900,288.7040,7.7880,20.9497,French
114927,French,French,European,18.1369,391.7800,12.2107,31.5406,French
114928,French,French,European,7.9974,156.4525,0.4519,13.5374,French
114929,French,French,European,322.3397,221211.3490,15865.3044,17328.3026,French
114930,French,French,European,34.9389,855.4200,29.7106,71.1454,French
114931,French,French,European,65.9546,2416.6675,325.9617,89.4907,French
114932,French,French,European,302.8273,1922.6467,22.9694,74.7552,French
114933,French,French,European,25.8562,120.9299,5.4102,1.0294,French
114934,French,French,European,56.1514,1543.7815,90.1585,109.5647,French
114935,French,French,European,500.8982,3128.6720,42.7490,115.2930,French
114936,French,French,European,74.8614,319.2600,13.8790,2.0236,French
114937,French,French,European,22.2556,94.9186,2.3608,0.2592,French
114938,French,French,European,101.8729,1186.0790,36.2188,76.8765,French
114939,French,French,European,423.3916,2445.5942,8.2412,85.7824,French
114940,French,French,European,1180.3833,6827.8960,247.6765,131.4581,French
114941,French,French,European,321.4556,4621.8657,133.1727,324.0478,French
114942,French,French,European,83.2009,2105.3657,210.4477,101.2515,French
114943,French,French,European,,,,,French
114944,French,French,European,240.4404,1606.8312,58.3168,52.0337,French
114945,French,French,European,57.2575,1407.6449,143.0000,65.3789,French
114946,French,French,European,4.2725,1770.4814,168.9384,117.5563,French
114947,French,French,European,83.9740,2549.9961,163.6894,172.4373,French
114948,French,French,European,164.2654,1643.5220,44.2255,107.6814,French
114949,French,French,European,117.3991,3083.5688,123.3983,244.9569,French
114950,French,French,European,164.7165,3220.6348,119.1679,248.3797,French
114951,French,French,European,,,,,French
114952,French,French,European,43.3107,3241.9586,286.9851,205.0382,French
114953,French,French,European,4.4246,861.2320,2.7083,94.4713,French
114954,French,French,European,60876.7667,780273.5670,10305.7913,55921.1181,French
114955,French,French,European,79.6697,350.6185,10.5380,1.8625,French
114956,French,French,European,256.5140,1155.9027,16.6868,6.2028,French
114957,French,French,European,28.3559,1294.7356,194.0012,45.5785,French
114958,French,French,European,306.3474,1439.0820,43.1690,0.6782,French
114959,French,French,European,27.7468,650.0918,28.0897,47.7505,French
114960,French,French,European,65.3760,1110.4117,34.7752,82.9187,French
114961,French,French,European,239.0276,2925.9448,106.7225,173.6525,French
114962,French,French,European,15.0677,1232.0200,93.3963,86.9404,French
114963,French,French,European,6.3624,3846.9808,1.1934,432.1032,French
114964,French,French,European,4.4457,2910.7524,233.0137,210.3122,French
114965,French,French,European,42.2325,613.5450,38.7041,31.3486,French
114966,French,French,European,888.5327,4872.0920,174.4660,69.5739,French
114967,French,French,European,,,,,French
114968,French,French,European,11.3872,1247.3492,84.6881,94.5958,French
114969,French,French,European,21.8670,231.0000,6.9930,14.5500,French
114970,French,French,European,68.4762,1250.9536,24.5395,105.2248,French
114971,French,French,European,110.8327,857.2231,6.6549,43.9306,French
114972,French,French,European,24440.8931,126355.2477,2117.1656,2287.1456,French
114973,French,French,European,388.3818,3204.1435,57.8324,168.2697,French
114974,French,French,European,46.5834,2124.1208,302.6954,76.0323,French
114975,French,French,European,297.1210,1995.7962,19.7320,89.5936,French
114976,French,French,European,93.6469,614.2032,24.2207,18.6227,French
114977,French,French,European,32.2885,1308.8067,198.5801,37.5493,French
114978,French,French,European,46.7145,564.3000,11.2275,39.9120,French
114979,French,French,European,29.6995,646.3800,20.1965,54.4320,French
114980,French,French,European,28527.0870,130995.3200,2158.1850,571.8340,French
114981,French,French,European,38.0411,389.9480,21.4055,17.5547,French
114982,French,French,European,898.6674,4316.4400,113.6062,35.8238,French
114983,French,French,European,407.8756,2484.9810,34.2739,81.3520,French
114984,French,French,European,,,,,French
114985,French,French,European,94.3604,1803.4024,220.9615,55.0190,French
114986,French,French,European,745.3029,4461.0355,199.2909,74.4535,French
114987,French,French,European,119.2424,1052.0090,43.1533,46.3596,French
114988,French,French,European,162.7723,1580.9993,68.0987,74.6627,French
114989,French,French,European,16.3932,449.1133,23.1365,33.7696,French
114990,French,French,European,367.7017,2606.9050,73.6401,98.8565,French
114991,French,French,European,8.3245,475.6500,38.6275,29.5135,French
114992,French,French,European,54.0738,614.6320,32.8110,27.0038,French
114993,French,French,European,66.1406,3137.4110,81.9240,286.0243,French
114994,French,French,European,5.7325,408.9600,16.8889,35.8783,French
114995,French,French,European,74.4253,631.8540,14.8275,33.4568,French
114996,French,French,European,146.2099,645.7431,18.0946,1.4964,French
114997,French,French,European,85.3821,774.7870,42.6417,29.5962,French
114998,French,French,European,121.3694,3410.5596,374.2386,164.1734,French
114999,French,French,European,201.8531,1568.4738,11.7714,86.2566,French
115000,French,French,European,81.4259,482.1912,15.4153,11.3256,French
115001,French,French,European,0.0000,25.2167,5.6100,0.1417,French
115002,French,French,European,77.5322,1379.9054,95.8596,77.1022,French
115003,French,French,European,229.2299,2716.9872,134.8042,143.9784,French
115004,French,French,European,124.7780,1061.4195,55.6769,43.7725,French
115005,French,French,European,804.3110,7607.9307,111.0690,439.6172,French
115006,French,French,European,73.8178,1687.0742,26.6770,154.6856,French
115007,French,French,European,49.0426,413.7400,22.3730,16.6204,French
115008,French,French,European,44.2548,835.1181,94.9407,30.4010,French
115009,French,French,European,145.1328,937.5500,30.6490,26.3132,French
115010,French,French,European,42.7617,680.1440,16.7857,52.4830,French
115011,French,French,European,124.8704,1571.8533,93.7207,76.0966,French
115012,French,French,European,38.0421,1675.0620,65.3632,142.4397,French
115013,French,French,European,67.8353,1431.6050,32.2575,117.9892,French
115014,French,French,European,13.6216,1796.1062,362.1887,23.2727,French
115015,French,French,European,7.1077,31.6250,1.8592,0.2269,French
115016,French,French,European,31.8362,1152.3420,55.1765,94.2736,French
115017,French,French,European,67.1665,1012.4135,38.2043,69.6662,French
115018,French,French,European,210.5948,951.5216,8.3853,17.6322,French
115019,French,French,European,21.9285,845.5950,22.9593,77.4924,French
115020,French,French,European,131.8406,1002.3739,41.6693,35.2768,French
115021,French,French,European,19.8883,273.8455,11.9972,17.4949,French
115022,French,French,European,690.5326,3874.8266,112.2942,76.4766,French
115023,French,French,European,29.0183,1926.6276,203.2330,110.6688,French
115024,French,French,European,41.8356,964.1919,66.6023,60.4359,French
115025,French,French,European,283.1782,1821.8205,35.8246,58.1010,French
115026,French,French,European,222.5242,1554.9200,33.4939,61.6672,French
115027,French,French,European,202.3857,1391.6835,28.5685,57.7147,French
115028,French,French,European,7.2496,220.2692,16.4683,13.5557,French
115029,French,French,European,18.8384,254.1478,2.3330,20.8908,French
115030,French,French,European,28.3010,350.5875,15.5633,20.0335,French
115031,French,French,European,95.7935,1567.2720,107.7561,83.3216,French
115032,French,French,European,6471.4200,50160.0000,320.5800,2865.0000,French
115033,French,French,European,22.8379,517.7500,38.7869,30.5694,French
115034,French,French,European,354.1776,2151.8580,35.3393,70.9731,French
115035,French,French,European,95.3772,1447.5268,74.2556,85.6350,French
115036,French,French,European,31855.0466,149205.4200,2512.7880,943.9094,French
115037,French,French,European,426.5415,3503.0408,49.4926,201.0813,French
115038,French,French,European,28.1543,1915.9690,1.7379,204.3055,French
115039,French,French,European,164.7137,3843.7951,50.0278,344.0653,French
115040,French,French,European,6.1554,1174.1092,47.4080,107.7870,French
115041,French,French,European,55.1012,1730.9374,98.7292,124.8464,French
115042,French,French,European,14.2020,93.6000,7.1220,1.2060,French
115043,French,French,European,342.1710,2268.4600,80.7113,66.1912,French
115044,French,French,European,0.0000,104690.0000,107.3000,11600.0000,French
115045,French,French,European,33.4701,359.0633,10.1851,22.5057,French
115046,French,French,European,296.4171,2332.1688,107.5084,82.1250,French
115047,French,French,European,30.2940,1253.4749,86.6544,87.6934,French
115048,French,French,European,27.0579,2144.1378,172.1892,145.7006,French
115049,French,French,European,28.4447,1195.0876,108.1802,74.4167,French
115050,French,French,European,31.1015,131.6320,3.2961,1.3064,French
115051,French,French,European,2214.5795,244756.6400,13801.3477,18270.6893,French
115052,French,French,European,218.4382,3302.4100,117.3435,226.6369,French
115053,French,French,European,322.3301,4298.7463,255.5201,220.8933,French
115054,French,French,European,457.7045,2153.3450,39.5198,13.2562,French
115055,French,French,European,573.2116,3903.7475,56.2784,163.8197,French
115056,French,French,European,3.5393,103.7880,3.2861,9.0662,French
115057,French,French,European,16.5620,360.5800,19.3337,24.4456,French
115058,French,French,European,193.9260,2704.4265,80.8823,180.9268,French
115059,French,French,European,36.0372,6360.1021,409.1219,503.9293,French
115060,French,French,European,131.1147,2682.2684,119.3434,189.2174,French
115061,French,French,European,44.8439,574.0007,10.5565,42.4739,French
115062,French,French,European,9881.8206,39340.7500,462.9762,243.9406,French
115063,French,French,European,180.3314,1224.0302,64.9110,31.0763,French
115064,French,French,European,84.4918,1437.6465,75.1375,87.2927,French
115065,French,French,European,65.2961,1390.5110,86.1903,84.9481,French
115066,French,French,European,570.7544,3714.2325,113.8954,110.6153,French
115067,French,French,European,38.5770,1178.5000,37.6180,103.1820,French
115068,French,French,European,0.0000,238.6800,0.0000,27.0000,French
115069,French,French,European,355.1810,3637.5480,147.9013,190.3394,French
115070,French,French,European,5.9321,244.0800,15.7698,14.5362,French
115071,French,French,European,39.4806,855.8080,26.7595,72.0134,French
115072,French,French,European,540.0610,3924.9481,58.8236,173.9028,French
115073,French,French,European,63.5114,1613.0728,131.6602,92.8132,French
115074,French,French,European,41.0755,2351.1531,131.6461,182.3737,French
115075,French,French,European,279.3335,2019.0872,59.3487,75.1912,French
115076,French,French,European,70.7280,1711.0774,69.0370,135.0415,French
115077,French,French,European,194.2152,1697.4098,17.2708,95.1097,French
115078,French,French,European,347.5170,2987.8333,72.8805,151.6608,French
115079,French,French,European,1.5369,261.3790,8.5369,24.6855,French
115080,French,French,European,31.6325,3127.5360,24.2688,334.0229,French
115081,French,French,European,27.2873,1124.6960,22.1385,108.7325,French
115082,French,French,European,196.6193,1206.8577,27.7734,36.1366,French
115083,French,French,European,288.3965,2213.9360,67.0205,94.1353,French
115084,French,French,European,18.6727,306.2255,17.0785,19.3923,French
115085,French,French,European,99.0957,807.2640,18.6870,41.6891,French
115086,French,French,European,24.7412,150.3840,3.4829,5.2392,French
115087,French,French,European,48.1080,741.2000,19.9880,55.3980,French
115088,French,French,European,319.4120,2577.6550,25.3870,138.3100,French
115089,French,French,European,63.3188,1370.0860,42.8330,115.2070,French
115090,French,French,European,17.7547,90.8441,1.4431,0.3214,French
115091,French,French,European,72.7645,1100.0480,26.3249,85.0700,French
115092,French,French,European,527.2836,3984.2910,47.4949,193.3846,French
115093,French,French,European,375.8800,3544.9412,95.9073,199.6270,French
115094,French,French,European,236.4593,2638.8682,69.3699,171.0411,French
115095,French,French,European,30.6050,2493.9836,181.5976,178.7996,French
115096,French,French,European,4976.8530,35201.7700,5098.0676,606.9400,French
115097,French,French,European,220.8774,1724.5500,37.2879,76.5525,French
115098,French,French,European,138.6755,2639.8436,198.2823,140.9472,French
115099,French,French,European,9.5010,375.0000,7.0470,36.0480,French
115100,French,French,European,5.2643,221.4678,1.7227,21.7515,French
115101,French,French,European,43.1266,1109.1714,110.2204,54.0417,French
115102,French,French,European,5.6202,25.3300,1.0812,0.0850,French
115103,French,French,European,6.3352,388.0093,48.7029,18.7500,French
115104,French,French,European,338.9571,1929.5165,73.9429,35.5444,French
115105,French,French,European,212.0200,1264.6112,36.1369,31.2458,French
115106,French,French,European,,,,,French
115107,French,French,European,337.9702,2556.3854,78.1197,105.6767,French
115108,French,French,European,540.9811,3091.6750,89.8892,65.5828,French
115109,French,French,European,12.0205,1796.8387,231.2173,88.3623,French
115110,French,French,European,78.4457,482.0238,22.3223,8.8632,French
115111,French,French,European,172.5697,2113.9660,38.4233,144.2753,French
115112,French,French,European,11.0163,5951.9707,16.5447,677.4083,French
115113,French,French,European,121.6380,2445.5108,101.3811,179.1399,French
115114,French,French,European,184.5830,1480.0000,51.0106,63.6720,French
115115,French,French,European,291.1242,1513.1642,23.7876,30.0938,French
115116,French,French,European,548.2021,4089.4480,91.4625,194.2280,French
115117,French,French,European,302.6767,2154.5850,36.9822,90.2313,French
115118,French,French,European,216.0788,2695.1685,2.2441,204.9523,French
115119,French,French,European,3.9014,186.2580,14.4828,11.5060,French
115120,French,French,European,3.3456,280.6400,27.6350,16.8864,French
115121,French,French,European,592.1850,3904.5080,145.6573,109.0109,French
115122,French,French,European,93.8956,1374.3034,17.6008,104.6392,French
115123,French,French,European,327.2261,1865.3890,37.7464,54.5748,French
115124,French,French,European,10.3610,307.4875,17.7483,22.1692,French
115125,French,French,European,415.7612,2453.5100,57.4031,69.1796,French
115126,French,French,European,2.7316,35.3850,4.5690,0.5543,French
115127,French,French,European,396.7603,3539.7831,55.7728,191.7889,French
115128,French,French,European,49685.9807,247301.0783,8207.0017,1137.7523,French
115129,French,French,European,164.7694,1509.2402,75.1997,60.9330,French
115130,French,French,European,38.5486,558.9780,9.8394,42.7825,French
115131,French,French,European,0.0000,238.6800,0.0000,27.0000,French
115132,French,French,European,12.1460,91.5500,8.7307,1.1695,French
115133,French,French,European,163.0100,2014.2100,95.6948,118.2027,French
115134,French,French,European,290.2307,3220.7872,290.6554,98.9813,French
115135,French,French,European,83.1855,498.6645,29.9006,5.4005,French
115136,French,French,European,206.8990,2566.1180,176.0864,107.9862,French
115137,French,French,European,3.6704,103.6562,11.7487,4.5313,French
115138,French,French,European,115.1265,2374.1037,96.0214,174.8953,French
115139,French,French,European,149.2594,2247.2659,22.7167,176.7595,French
115140,French,French,European,256.7940,1027.6467,3.5226,1.5740,French
115141,French,French,European,72.9151,2179.5892,226.0768,109.5116,French
115142,French,French,European,22.0256,1142.4971,95.4879,75.4180,French
115143,French,French,European,249.7703,1231.3083,32.9035,17.2892,French
115144,French,French,European,3500.4215,44778.6400,2314.7894,2402.7197,French
115145,French,French,European,0.3226,22.7050,0.0478,0.0000,French
115146,French,French,European,26.5225,261.6900,13.3550,11.5900,French
115147,French,French,European,78.6371,828.5065,34.7423,46.6838,French
115148,French,French,European,37.8333,284.6785,27.3219,3.5567,French
115149,French,French,European,62.1002,801.1400,26.7646,50.6444,French
115150,French,French,European,310.3952,3447.0868,105.6733,211.4452,French
115151,French,French,European,295.8690,2365.9910,102.7113,89.6075,French
115152,French,French,European,107.5445,1676.1371,103.9760,94.7787,French
115153,French,French,European,11.5955,1000.7560,59.5055,80.0700,French
115154,French,French,European,33.9776,1011.3200,65.5608,69.1932,French
115155,French,French,European,5.0085,400.8667,43.9515,22.0317,French
115156,French,French,European,38.3226,1333.5977,153.3696,65.0418,French
115157,French,French,European,27.6795,460.8665,13.4978,36.0415,French
115158,French,French,European,21.3624,91.1400,2.4876,0.6891,French
115159,French,French,European,105.1669,406.2000,5.8593,1.7602,French
115160,French,French,European,62.8560,1368.0000,42.7440,115.2000,French
115161,French,French,European,12.0098,522.5835,22.2161,43.1875,French
115162,French,French,European,1429.5190,10998.3280,938.3903,177.9616,French
115163,French,French,European,67.2156,474.5037,12.9020,16.4048,French
115164,French,French,European,8.2210,182.9750,13.8112,10.1340,French
115165,French,French,European,60.3759,833.2702,31.1161,53.2416,French
115166,French,French,European,29.6639,1028.1687,52.0763,78.8560,French
115167,French,French,European,47.1937,620.9198,19.6288,43.8390,French
115168,French,French,European,9.4261,258.9000,19.0595,14.3295,French
115169,French,French,European,,,,,French
115170,French,French,European,83.9622,2675.8002,314.5384,122.6881,French
115171,French,French,European,273.6741,2007.3057,77.3392,60.1351,French
115172,French,French,European,231.7685,1515.8540,50.0995,38.3930,French
115173,French,French,European,23.8658,1477.4130,27.6275,145.4960,French
115174,French,French,European,108.8757,1655.4060,28.6361,123.0113,French
115175,French,French,European,51.6089,978.5249,28.6227,80.9743,French
115176,French,French,European,444.8674,4253.2600,152.2559,216.6088,French
115177,French,French,European,220.0351,1356.6940,41.5906,37.0997,French
115178,French,French,European,58.8467,853.0110,7.9731,69.1274,French
115179,French,French,European,325.0769,2191.1650,21.2827,88.8433,French
115180,French,French,European,250.3753,1895.6800,76.3642,68.1388,French
115181,French,French,European,38.1544,2030.8860,6.2800,209.7550,French
115182,French,French,European,3501.2913,45021.5960,2337.2025,2417.4175,French
115183,French,French,European,16.1888,344.7000,10.9088,28.8592,French
115184,French,French,European,42.2763,1417.8234,183.4167,59.3430,French
115185,French,French,European,15.1484,136.3380,5.0921,7.5845,French
115186,French,French,European,9.5370,178.2000,5.5930,14.4100,French
115187,French,French,European,66.6796,1070.9672,117.6474,35.2549,French
115188,French,French,European,156.8344,2005.6565,45.3272,135.0472,French
115189,French,French,European,88.8023,2395.3305,185.8666,143.7626,French
115190,French,French,European,16.1490,1943.0640,156.3390,143.0120,French
115191,French,French,European,188.5931,4876.3380,56.7416,441.4915,French
115192,French,French,European,178.5883,1373.5474,25.2457,68.0400,French
115193,French,French,European,65.0986,1533.9960,50.8950,128.7481,French
115194,French,French,European,69.8446,642.7122,31.9832,29.0205,French
115195,French,French,European,69150.3678,365146.4140,8628.2917,5240.8977,French
115196,French,French,European,26.7696,358.6125,21.0450,18.0985,French
115197,French,French,European,145.2129,2934.6860,97.8529,226.7715,French
115198,French,French,European,393.7954,2475.1052,68.2257,76.6443,French
115199,French,French,European,12.7432,363.3400,26.5260,22.2438,French
115200,French,French,European,146.6952,4810.2077,94.7149,456.2195,French
115201,French,French,European,22.4084,93.9400,3.9662,0.4767,French
115202,French,French,European,0.6030,74.6008,6.4401,4.9212,French
115203,French,French,European,1008.6528,5321.9796,75.4958,114.4135,French
115204,French,French,European,146.6914,1403.9764,65.0165,65.0887,French
115205,French,French,European,55.5368,506.8192,20.8496,24.4199,French
115206,French,French,European,34.2940,884.2513,133.5966,22.2109,French
115207,French,French,European,37.6896,2877.5600,80.4112,268.2336,French
115208,French,French,European,73.6572,757.4025,55.9594,26.2433,French
115209,French,French,European,1279.8153,7066.6581,194.3975,150.5143,French
115210,French,French,European,6.4252,2516.1206,267.0591,157.9602,French
115211,French,French,European,51.3787,1267.5805,78.0440,83.3996,French
115212,French,French,European,60.6402,1038.3140,34.4240,82.8305,French
115213,French,French,European,40.1028,1316.4767,28.5990,123.9499,French
115214,French,French,European,31.4774,1872.2828,344.2289,34.9994,French
115215,French,French,European,90.8429,976.3650,30.2986,59.7838,French
115216,French,French,European,137.5455,938.3758,32.9117,27.1982,French
115217,French,French,European,151.7759,1229.2900,45.0928,49.8650,French
115218,French,French,European,458.9759,2095.3760,21.5140,21.8045,French
115219,French,French,European,172.5077,1909.9558,205.7538,52.3628,French
115220,French,French,European,27.6108,116.9820,2.0016,0.7056,French
115221,French,French,European,28548.3406,138105.2400,2202.7664,1339.6083,French
115222,French,French,European,3.3368,89.7897,2.9326,0.1027,French
115223,French,French,European,3032.2769,12307.6705,2.5205,21.1588,French
115224,French,French,European,265.2104,2448.0360,75.9914,129.3101,French
115225,French,French,European,46.1329,2076.9670,2.3428,218.8373,French
115226,French,French,European,6.5516,217.4200,16.4030,13.4994,French
115227,French,French,European,89.3016,2054.2333,185.7813,113.0378,French
115228,French,French,European,152.6449,870.3425,25.2658,19.0597,French
115229,French,French,European,82.1392,889.3954,80.5618,27.7873,French
115230,French,French,European,56.4444,2263.5200,58.9830,210.1366,French
115231,French,French,European,119.5491,1612.7400,51.5711,115.6685,French
115232,French,French,European,62.4783,779.3941,43.7748,40.3908,French
115233,French,French,European,21.4832,572.3966,67.0784,23.0910,French
115234,French,French,European,1854.2200,62303.5000,4333.6400,4300.0300,French
115235,French,French,European,101.1456,579.6300,17.1738,10.4271,French
115236,French,French,European,404.4626,4056.1538,404.5593,91.7791,French
115237,French,French,European,96.4889,808.4168,34.7711,33.9883,French
115238,French,French,European,130.6671,1109.1947,41.3935,46.6884,French
115239,French,French,European,497.6357,3169.5047,56.5994,146.2914,French
115240,French,French,European,118.8176,733.5125,13.1591,24.2456,French
115241,French,French,European,665.5058,3427.0127,119.7894,30.9196,French
115242,French,French,European,764.9301,6132.6872,86.3185,313.5029,French
115243,French,French,European,219.8808,1345.9162,44.5369,33.5037,French
115244,French,French,European,474.9635,1893.2933,12.0789,1.8043,French
115245,French,French,European,53.1636,1139.3086,119.3974,49.2198,French
115246,French,French,European,51.5164,1223.1635,68.9950,83.7544,French
115247,French,French,European,96.9810,551.6555,12.3184,12.6470,French
115248,French,French,European,158.5088,1264.7120,42.6999,50.6002,French
115249,French,French,European,33.1903,1072.0514,140.3083,39.4015,French
115250,French,French,European,0.0000,126.0833,28.0500,0.7083,French
115251,French,French,European,15.5741,885.3851,70.7925,61.7657,French
115252,French,French,European,38.9367,931.6876,102.8621,40.1027,French
115253,French,French,European,101.0609,948.2113,26.8662,54.4052,French
115254,French,French,European,243.7526,1083.3040,9.7599,5.7331,French
115255,French,French,European,545.7217,2481.6264,41.6434,39.7691,French
115256,French,French,European,62.8524,16165.9621,364.0921,1606.4323,French
115257,French,French,European,9.8734,893.0898,102.1965,46.8273,French
115258,French,French,European,23.5868,12555.4517,517.0959,1136.8853,French
115259,French,French,European,28.3438,160.1458,11.2200,0.2833,French
115260,French,French,European,59.7548,463.3714,26.8292,15.1698,French
115261,French,French,European,8.4129,1837.7542,214.4909,100.2075,French
115262,French,French,European,713.6519,3595.4897,109.3992,35.6018,French
115263,French,French,European,16.8472,2805.1562,294.7956,168.3753,French
115264,French,French,European,1.4030,3125.1925,378.3677,167.8782,French
115265,French,French,European,344.8815,3414.0900,35.1615,221.1067,French
115266,French,French,European,26.7866,701.1902,47.4141,44.0941,French
115267,French,French,European,120.7570,2127.8340,34.9134,170.5488,French
115268,French,French,European,194.3662,1612.0786,85.4706,67.1168,French
115269,French,French,European,6.0366,2044.7769,450.1443,11.5273,French
115270,French,French,European,120.1576,2846.5572,283.1114,134.2421,French
115271,French,French,European,66.8279,3628.2820,571.1430,109.7646,French
115272,French,French,European,0.5076,405.5160,0.5076,45.4020,French
115273,French,French,European,29.6422,1300.0500,71.2621,95.2992,French
115274,French,French,European,4.3192,1733.1823,365.8171,17.9216,French
115275,French,French,European,300.0445,3362.7690,113.9494,223.5532,French
115276,French,French,European,136.5336,1319.1759,25.3594,84.3868,French
115277,French,French,European,548.5663,2823.5460,42.5827,68.4400,French
115278,French,French,European,51.1847,2875.9063,138.5575,236.0710,French
115279,French,French,European,41.6975,1667.4150,100.7245,125.1316,French
115280,French,French,European,629.5600,4127.2688,168.5954,102.9791,French
115281,French,French,European,52.5536,1651.2720,0.5524,163.2027,French
115282,French,French,European,43.2176,1022.4770,33.1320,82.8647,French
115283,French,French,European,141.2649,1139.0800,43.4805,43.8446,French
115284,French,French,European,98.3818,2139.3647,54.1460,178.8292,French
115285,French,French,European,55.3610,8149.5040,179.5870,802.0299,French
115286,French,French,European,0.8220,505.4676,90.6122,13.0907,French
115287,French,French,European,23.0917,421.7767,21.7816,27.9238,French
115288,French,French,European,33.1181,2046.2363,374.7178,37.3643,French
115289,French,French,European,10.8459,185.0556,5.2696,14.2022,French
115290,French,French,European,273.1877,2378.9260,68.5779,112.1393,French
115291,French,French,European,489.3621,1944.3743,2.0363,0.7987,French
115292,French,French,European,356.0123,3027.0500,94.6313,134.8714,French
115293,French,French,European,111.0500,2965.0964,234.1114,176.7821,French
115294,French,French,European,820.0989,4974.3340,144.1242,125.6836,French
115295,French,French,European,8.8808,3017.1677,426.3042,143.0601,French
115296,French,French,European,8.0373,864.1080,55.7559,68.6183,French
115297,French,French,European,197.3777,1635.3480,73.5325,64.1374,French
115298,French,French,European,595.7011,2987.9020,63.1381,30.7165,French
115299,French,French,European,0.0000,90.7040,5.6100,0.1417,French
115300,French,French,European,699.4812,4126.5347,82.7872,128.1859,French
115301,French,French,European,21.9940,209.2000,16.2340,6.0080,French
115302,French,French,European,250.1834,3862.0600,53.6400,304.7366,French
115303,French,French,European,35.0503,875.8190,7.8334,81.6766,French
115304,French,French,European,17.9177,7685.6315,3.4362,861.2161,French
115305,French,French,European,10.4513,767.2205,103.6906,35.5791,French
115306,French,French,European,95.5162,1410.9423,12.0449,113.5012,French
115307,French,French,European,1913.9288,21888.8400,959.7580,1299.1695,French
115308,French,French,European,10.8400,442.2260,27.5917,30.7638,French
115309,French,French,European,39.7855,257.3528,8.5119,7.7516,French
115310,French,French,European,0.7200,143.0000,12.5600,9.5100,French
115311,French,French,European,2.3073,187.2960,1.3045,18.5485,French
115312,French,French,European,21.5874,348.9357,17.5923,22.4471,French
115313,French,French,European,260.2544,1635.0272,61.9188,43.6188,French
115314,French,French,European,89.7501,2287.0624,252.0047,100.6677,French
115315,French,French,European,6.5516,217.4200,16.4030,13.4994,French
115316,French,French,European,12.0924,2099.1157,102.8916,183.8423,French
115317,French,French,European,10.5461,900.4318,123.3976,37.1574,French
115318,French,French,European,15176.5314,76653.2200,1229.4536,1214.2349,French
115319,French,French,European,35.5062,672.4198,19.2661,50.6311,French
115320,French,French,European,5566.7751,727546.6547,30294.2485,64178.7578,French
115321,French,French,European,1.7760,465.1917,65.8170,20.1752,French
115322,French,French,European,131.0443,1092.3533,24.7822,52.3850,French
115323,French,French,European,75.7596,370.2140,14.1343,1.9301,French
115324,French,French,European,30.4103,868.3313,118.3037,32.3424,French
115325,French,French,European,34.3441,502.5671,35.5060,25.7362,French
115326,French,French,European,201.1809,2833.5260,83.8390,195.4979,French
115327,French,French,European,139.3077,1385.5725,41.5792,82.2762,French
115328,French,French,European,61.3330,737.7240,30.8280,43.4370,French
115329,French,French,European,56.5532,243.4650,7.0471,0.6660,French
115330,French,French,European,36.2927,603.1417,9.3587,50.8249,French
115331,French,French,European,37.4478,1716.3034,99.0003,131.8003,French
115332,French,French,European,28.8745,1095.9360,28.9605,100.7233,French
115333,French,French,European,6523.9617,47307.6308,1044.9357,1799.1597,French
115334,French,French,European,7.4720,32.0000,0.8800,0.0800,French
115335,French,French,European,56.1343,363.8855,13.9557,9.2671,French
115336,French,French,European,60.1463,6037.0107,314.2125,506.8848,French
115337,French,French,European,130.7392,1996.2493,33.4311,157.1469,French
115338,French,French,European,,,,,French
115339,French,French,European,183.6204,7047.5607,140.7956,650.2603,French
115340,French,French,European,548.9486,5042.1313,194.4517,242.0008,French
115341,French,French,European,157.2031,2283.7137,56.1588,163.7440,French
115342,French,French,European,9.2745,1357.5967,238.0968,35.5323,French
115343,French,French,European,237.1984,2875.5274,3.0120,219.5060,French
115344,French,French,European,279.3995,1921.9980,30.1092,85.7883,French
115345,French,French,European,24.1377,151.2350,5.3118,5.4780,French
115346,French,French,European,15.7197,1150.3854,79.2945,83.7642,French
115347,French,French,European,21.5687,412.4190,26.6736,22.7897,French
115348,French,French,European,881.9616,3886.1320,15.5683,30.0942,French
115349,French,French,European,126.6147,1946.6000,29.1351,152.7925,French
115350,French,French,European,170.0273,681.4723,2.0369,0.8208,French
115351,French,French,European,247.2260,1520.0000,21.6360,57.6000,French
115352,French,French,European,60.6144,537.7740,24.6083,20.2529,French
115353,French,French,European,148.4946,2773.3120,2.8370,246.7390,French
115354,French,French,European,89.4458,799.4113,105.9123,5.6548,French
115355,French,French,European,30.7267,211.3800,15.7960,2.6643,French
115356,French,French,European,19.1565,1071.4817,30.8952,97.5882,French
115357,French,French,European,104.3227,1312.0575,0.8174,102.0180,French
115358,French,French,European,26.9085,232.3890,5.8658,11.9296,French
115359,French,French,European,158.5911,1343.2516,44.6459,60.2617,French
115360,French,French,European,49852.2861,250378.5642,5070.2111,2891.4278,French
115361,French,French,European,110.0262,801.8875,22.5902,31.6022,French
115362,French,French,European,104.0606,2346.9520,48.1810,199.0982,French
115363,French,French,European,327.5706,2417.0800,121.7302,70.9760,French
115364,French,French,European,16.8413,347.1305,10.9425,28.8113,French
115365,French,French,European,26.5075,457.3683,8.6890,38.7162,French
115366,French,French,European,3.1364,134.7008,0.1270,13.5132,French
115367,French,French,European,32.4200,718.1000,29.1840,57.6000,French
115368,French,French,European,25.7521,1664.2507,187.1486,88.3711,French
115369,French,French,European,313.4349,2105.7800,52.7365,71.5997,French
115370,French,French,European,294.8186,2363.5800,83.5666,90.2784,French
115371,French,French,European,299.8161,1913.1296,31.1078,69.8119,French
115372,French,French,European,371.3338,2087.6365,38.5059,50.7108,French
115373,French,French,European,29.1537,129.5223,4.5314,0.4656,French
115374,French,French,European,12.2051,472.7400,28.9864,23.0328,French
115375,French,French,European,34.2677,268.1400,10.1255,8.7469,French
115376,French,French,European,278.6514,2720.0089,111.7265,132.8769,French
115377,French,French,European,36.6655,2245.4597,133.5907,176.7691,French
115378,French,French,European,32.3816,349.6926,9.8465,21.8703,French
115379,French,French,European,27.4802,121.0630,5.1751,0.6052,French
115380,French,French,European,14.5970,183.1990,0.1472,13.5214,French
115381,French,French,European,75.9841,1046.3300,52.7015,59.3305,French
115382,French,French,European,233.7248,1947.6705,69.9559,81.1923,French
115383,French,French,European,209.6591,1514.8798,21.4595,64.7888,French
115384,French,French,European,44.3398,210.2040,7.1032,4.0440,French
115385,French,French,European,378.8232,2209.1408,134.9093,24.1686,French
115386,French,French,European,218.3196,2372.8683,77.4542,143.2948,French
115387,French,French,European,1.5698,155.1740,13.0331,10.0011,French
115388,French,French,European,8.0310,1815.3203,369.3428,24.4237,French
115389,French,French,European,74.5315,838.3800,25.4765,54.9120,French
115390,French,French,European,18.0989,1374.0333,10.5220,141.3216,French
115391,French,French,European,37.1637,1858.5070,35.1675,180.5226,French
115392,French,French,European,39.0048,175.4400,6.5688,0.6936,French
115393,French,French,European,0.4436,224.0797,39.9758,5.6173,French
115394,French,French,European,149.6810,1947.9170,69.5241,121.2783,French
115395,French,French,European,101.4976,696.5835,18.4571,30.0462,French
115396,French,French,European,158.9684,1206.8267,67.1487,45.2531,French
115397,French,French,European,320.0321,2482.9412,38.5046,119.0428,French
115398,French,French,European,26.5665,852.6513,35.9315,69.5620,French
115399,French,French,European,188.2958,2052.2233,56.7134,125.7354,French
115400,French,French,European,194.0913,1963.9427,77.5708,101.7690,French
115401,French,French,European,76.8650,1486.5990,102.2224,83.4355,French
115402,French,French,European,14.1568,138.3000,8.0974,6.1064,French
115403,French,French,European,364.6205,1868.3217,77.3397,16.6889,French
115404,French,French,European,16.0185,747.0866,100.5695,31.1000,French
115405,French,French,European,4.2169,39.7200,4.6738,1.1985,French
115406,French,French,European,374.6956,1961.0800,47.4802,28.6481,French
115407,French,French,European,20.7733,7710.1519,2.1030,858.5840,French
115408,French,French,European,3.6466,725.1096,90.8185,36.8834,French
115409,French,French,European,114.7970,1490.1760,127.6054,69.4675,French
115410,French,French,European,15.7140,1709.0276,100.4462,140.0667,French
115411,French,French,European,1428.7754,7289.7540,100.4588,119.3685,French
115412,French,French,European,321.3863,2133.2400,91.1715,54.4628,French
115413,French,French,European,114.4115,1753.9352,55.7106,119.6084,French
115414,French,French,European,18.5088,1026.9601,60.1789,78.7709,French
115415,French,French,European,15.3559,797.1276,96.9894,37.3771,French
115416,French,French,European,1.4853,216.3065,0.5083,23.2804,French
115417,French,French,European,15.7140,2572.4051,403.0922,90.2721,French
115418,French,French,European,1333.2166,54830.0373,7897.5236,1817.3834,French
115419,French,French,European,172.1711,1632.6277,71.7099,76.4635,French
115420,French,French,European,38.3496,1017.4500,26.2111,89.3988,French
115421,French,French,European,310.4066,1832.0096,111.4135,19.2517,French
115422,French,French,European,98.4667,2756.6862,231.7987,156.0964,French
115423,French,French,European,128.1211,1095.3460,41.9945,45.3907,French
115424,French,French,European,1416.2935,9072.2210,145.1963,323.2829,French
115425,French,French,European,3.3082,13.2600,0.0000,0.0000,French
115426,French,French,European,192.3248,3688.4165,368.2866,169.9217,French
115427,French,French,European,200.7738,8519.5800,21.4704,865.2780,French
115428,French,French,European,20.3025,1089.4740,68.7552,82.4533,French
115429,French,French,European,31.4895,1322.5387,26.1474,123.5297,French
115430,French,French,European,2043.7574,29744.4750,1423.4829,1778.6168,French
115431,French,French,European,14.4105,302.7600,13.8337,22.9204,French
115432,French,French,European,425.8048,2314.2260,239.9103,26.7615,French
115433,French,French,European,204.1690,787.4200,0.2135,0.1464,French
115434,French,French,European,10537.0697,41059.5505,632.2109,88.8615,French
115435,French,French,European,53.0544,1499.1321,101.8942,101.3690,French
115436,French,French,European,,,,,French
115437,French,French,European,8.9600,38.4000,1.3333,0.0533,French
115438,French,French,European,0.2260,1.3275,0.1025,0.0326,French
115439,French,French,European,137.9236,2905.8278,189.9117,184.1276,French
115440,French,French,European,89.0786,735.6867,23.5948,31.3452,French
115441,French,French,European,45.7270,314.4223,7.0450,10.4967,French
115442,French,French,European,92.3839,628.2680,22.1707,23.1858,French
115443,French,French,European,306.9821,2649.4380,207.1842,71.1319,French
115444,French,French,European,19.9285,233.5000,18.6715,9.2000,French
115445,French,French,European,1.9014,705.5523,24.1537,67.1017,French
115446,French,French,European,87.0264,2034.2879,70.2720,166.5705,French
115447,French,French,European,11.6250,830.6000,56.2340,61.7130,French
115448,French,French,European,142.5813,1211.6190,49.2871,51.1226,French
115449,French,French,European,147.1319,2463.6290,1.8570,218.2142,French
115450,French,French,European,63.7236,547.1550,12.5574,29.5571,French
115451,French,French,European,416.0907,1830.1202,18.9742,12.7065,French
115452,French,French,European,194.8825,2372.5718,168.8609,100.3412,French
115453,French,French,European,41.1829,1033.3826,104.0092,51.8117,French
115454,French,French,European,11.2066,1111.7943,131.1119,57.5679,French
115455,French,French,European,0.0000,2131.9200,78.8697,198.8469,French
115456,French,French,European,235.2548,2809.4626,176.6386,127.7806,French
115457,French,French,European,48.4723,6407.1215,265.2670,575.3352,French
115458,French,French,European,,,,,French
115459,French,French,European,53.4029,1135.6480,19.3350,93.0860,French
115460,French,French,European,690.1494,2932.5812,24.7495,23.9662,French
115461,French,French,European,50.9962,220.5340,2.4766,1.0949,French
115462,French,French,European,246.2108,3450.9846,186.6476,194.3257,French
115463,French,French,European,75.0718,3954.4790,377.8455,241.9388,French
115464,French,French,European,62.9644,658.1702,15.5044,38.6355,French
115465,French,French,European,23.5896,515.8118,33.1673,29.4408,French
115466,French,French,European,41.6295,698.2950,31.8511,49.2546,French
115467,French,French,European,19.7538,2696.6702,9.8457,288.2398,French
115468,French,French,European,373.3639,2058.4940,53.0218,34.7176,French
115469,French,French,European,301.2891,1395.8463,17.3827,13.6991,French
115470,French,French,European,5.8587,1919.8597,0.3439,217.6036,French
115471,French,French,European,300.4563,1717.8785,25.0072,48.4471,French
115472,French,French,European,6.5469,106.4501,0.0992,0.0680,French
115473,French,French,European,38.3637,838.4630,27.0397,67.2978,French
115474,French,French,European,32.7750,8447.1367,6.0680,921.5862,French
115475,French,French,European,211.6571,1686.7725,113.9793,44.7407,French
115476,French,French,European,61.4625,1203.6390,51.0414,97.5422,French
115477,French,French,European,0.0637,0.3578,0.0135,0.0194,French
115478,French,French,European,582.6772,4580.5530,190.9634,166.9067,French
115479,French,French,European,617.6013,6297.5464,497.3921,207.9720,French
115480,French,French,European,29.3204,756.4040,28.0298,60.3236,French
115481,French,French,European,247.5660,1115.7650,17.5887,8.6451,French
115482,French,French,European,449.0793,2438.8080,51.1134,69.1293,French
115483,French,French,European,0.0000,141.1373,16.8300,0.4250,French
115484,French,French,European,254.4131,2989.6607,97.8356,177.0609,French
115485,French,French,European,34.3736,751.6864,7.6055,68.5772,French
115486,French,French,European,9.4345,1041.8150,42.2071,93.5163,French
115487,French,French,European,471.0754,3000.9460,76.4295,99.6544,French
115488,French,French,European,18.1888,1051.8333,1.4779,108.0337,French
115489,French,French,European,187.1710,1196.2360,25.9717,39.4034,French
115490,French,French,European,12.5059,304.2602,2.7771,27.7227,French
115491,French,French,European,101.6374,1528.7131,51.2094,105.9091,French
115492,French,French,European,0.9504,259.3800,17.7936,20.4534,French
115493,French,French,European,486.1740,3451.5232,160.9927,98.3073,French
115494,French,French,European,52.8885,225.8778,5.4511,1.3626,French
115495,French,French,European,111.0967,799.6231,5.8509,37.7266,French
115496,French,French,European,27.2170,275.4000,6.9789,16.1515,French
115497,French,French,European,14.5252,626.6880,19.8853,57.4417,French
115498,French,French,European,24.2446,143.7580,3.0275,7.2233,French
115499,French,French,European,0.6026,1696.9703,359.3140,18.1536,French
115500,French,French,European,610.6845,3965.0800,84.5575,133.4641,French
115501,French,French,European,55.3983,849.6100,75.7360,33.2198,French
115502,French,French,European,110.9834,1600.1679,33.5534,114.2296,French
115503,French,French,European,163.6688,2199.1040,82.6638,148.6598,French
115504,French,French,European,11.6632,148.8400,7.6860,7.9788,French
115505,French,French,European,824.6346,6653.2790,93.4858,337.6222,French
115506,French,French,European,10.1643,280.6110,6.7387,25.2990,French
115507,French,French,European,128.7066,1192.9422,16.6691,72.9301,French
115508,French,French,European,15.4679,393.1295,11.5745,33.3977,French
115509,French,French,European,72.4137,455.5679,14.6120,16.1271,French
115510,French,French,European,7.2580,171.0000,13.3300,9.5800,French
115511,French,French,European,20.9025,395.6940,22.9175,24.6888,French
115512,French,French,European,15.2483,523.2550,46.8684,30.0966,French
115513,French,French,European,152.4015,4233.1352,406.0262,213.6950,French
115514,French,French,European,372.6904,9010.8814,330.0614,739.1748,French
115515,French,French,European,1.8516,2007.1464,5.4811,226.0429,French
115516,French,French,European,13.2536,3694.7009,245.2827,289.6018,French
115517,French,French,European,206.2593,1731.6520,65.8321,74.0298,French
115518,French,French,European,26.4318,608.7600,35.7120,40.6332,French
115519,French,French,European,49.7148,495.7200,26.4424,22.5481,French
115520,French,French,European,85.7602,1623.7095,88.1105,107.2540,French
115521,French,French,European,246.7806,1835.8123,63.0579,66.8854,French
115522,French,French,European,38.1960,1496.8560,176.0135,71.7161,French
115523,French,French,European,245.5933,1506.5082,37.7621,41.5346,French
115524,French,French,European,0.0341,407.2560,0.4828,46.0705,French
115525,French,French,European,13.9911,1115.9205,4.2900,117.1719,French
115526,French,French,European,0.9493,1037.1022,89.3762,71.9845,French
115527,French,French,European,134.0778,1174.0200,48.0570,60.8574,French
115528,French,French,European,14.3095,306.5908,5.0181,28.4619,French
115529,French,French,European,65.3080,1060.4358,22.8545,85.4618,French
115530,French,French,European,238.1817,2671.0825,69.9830,166.2687,French
115531,French,French,European,16.4745,150.1876,16.1029,2.0098,French
115532,French,French,European,35.3124,2018.2330,83.7435,175.1183,French
115533,French,French,European,207.2511,973.0131,1.7520,17.2327,French
115534,French,French,European,61.3187,2309.4983,258.0898,111.1586,French
115535,French,French,European,1.3625,110.5660,8.0278,6.7694,French
115536,French,French,European,5837.0490,74923.8800,3880.6956,4017.9456,French
115537,French,French,European,13.4147,706.6400,37.9538,57.0526,French
115538,French,French,European,86.8910,3792.9087,22.0589,381.6562,French
115539,French,French,European,3.1832,252.9175,0.6848,27.1209,French
115540,French,French,European,199.0388,1732.7950,89.1088,64.3516,French
115541,French,French,European,447.8282,3187.7432,148.6617,93.8857,French
115542,French,French,European,19.3262,2902.7946,230.5982,204.3851,French
115543,French,French,European,17.1172,3297.1866,244.8773,244.6131,French
115544,French,French,European,626.4004,3873.6884,59.9461,128.7387,French
115545,French,French,European,223.6253,901.9200,2.2140,1.1992,French
115546,French,French,European,0.8411,733.4827,56.5059,55.5646,French
115547,French,French,European,39.9116,3919.7635,12.6388,423.1123,French
115548,French,French,European,151.8259,8631.4960,498.8396,643.1307,French
115549,French,French,European,34.4165,703.1219,36.9713,48.2006,French
115550,French,French,European,128.1839,1262.5070,56.7456,62.0289,French
115551,French,French,European,116.9825,717.3367,15.8518,23.8340,French
115552,French,French,European,15.0020,419.4060,2.5025,39.6480,French
115553,French,French,European,132.1524,890.5205,99.8900,5.9299,French
115554,French,French,European,124.5741,2337.8600,49.2448,188.4264,French
115555,French,French,European,,,,,French
115556,French,French,European,28.8703,760.0370,16.9080,68.7285,French
115557,French,French,European,143.2478,2512.9783,171.4565,135.9755,French
115558,French,French,European,383.5722,2305.6436,124.1058,36.4926,French
115559,French,French,European,159.7333,1596.8600,61.4479,83.3121,French
115560,French,French,European,180.6575,1507.2798,48.5496,77.0669,French
115561,French,French,European,1.7774,1713.1088,63.1815,159.1811,French
115562,French,French,European,0.0000,151.3000,33.6600,0.8500,French
115563,French,French,European,2.4803,292.0900,0.5531,27.0475,French
115564,French,French,European,82.5512,1127.5908,30.0684,80.6392,French
115565,French,French,European,17.5544,419.4600,5.7134,39.0513,French
115566,French,French,European,51.2633,498.1620,46.8486,10.7823,French
115567,French,French,European,57.2923,6173.5262,172.2962,585.2947,French
115568,French,French,European,117.5691,1155.1432,103.2063,32.6341,French
115569,French,French,European,200.6638,1705.1550,68.2417,72.6833,French
115570,French,French,European,25.3416,402.6399,4.1912,32.7838,French
115571,French,French,European,34.9712,137.6344,0.7791,0.1298,French
115572,French,French,European,83.2765,2209.6800,89.6780,173.5344,French
115573,French,French,European,157.3871,3330.9735,170.2534,228.5463,French
115574,French,French,European,163.6232,4302.0937,254.3099,293.9226,French
115575,French,French,European,109.5668,7505.3732,318.3251,634.4545,French
115576,French,French,European,27.5891,778.3037,65.2058,46.5114,French
115577,French,French,European,,,,,French
115578,French,French,European,831.3380,4272.5960,78.4440,90.7864,French
115579,French,French,European,5.7950,419.4163,34.6686,28.2497,French
115580,French,French,European,51.8747,1184.9800,53.2122,92.4078,French
115581,French,French,European,248.6201,2168.3438,57.5210,111.6475,French
115582,French,French,European,23.9000,1375.4535,207.6757,44.8932,French
115583,French,French,European,,,,,French
115584,French,French,European,38.0954,963.1760,27.2889,77.3771,French
115585,French,French,European,472.2779,2066.6092,14.6948,24.3366,French
115586,French,French,European,296.6801,2861.4160,78.1550,174.7889,French
115587,French,French,European,6.4543,138.0357,5.0142,11.0194,French
115588,French,French,European,208.7812,2418.0983,59.3002,162.4696,French
115589,French,French,European,55.1078,1252.6240,49.7010,95.8390,French
115590,French,French,European,2116.4203,16322.1050,388.7440,883.0849,French
115591,French,French,European,19.1859,202.3481,2.5721,13.7400,French
115592,French,French,European,897.8556,4874.3780,156.5061,78.4622,French
115593,French,French,European,135.7710,775.2603,30.2953,25.4685,French
115594,French,French,European,38.2873,988.4520,55.7108,70.2301,French
115595,French,French,European,169.1387,3192.5067,65.9045,259.8859,French
115596,French,French,European,10.9116,68.0400,2.7468,1.4490,French
115597,French,French,European,452.2984,3856.1530,111.5006,238.6791,French
115598,French,French,European,22.4736,603.1530,25.5042,48.2719,French
115599,French,French,European,76.3680,3527.0983,14.1040,351.7665,French
115600,French,French,European,79.1912,3489.3741,248.7022,238.4437,French
115601,French,French,European,44.4430,313.1562,6.1868,13.7997,French
115602,French,French,European,33.2132,1236.2009,124.1296,69.4562,French
115603,French,French,European,148.4784,1444.2800,32.8000,83.3696,French
115604,French,French,European,3.8702,544.7920,38.5628,39.4105,French
115605,French,French,European,46.7270,4144.3140,262.8102,328.1328,French
115606,French,French,European,19.4432,614.0476,96.2528,15.2490,French
115607,French,French,European,54.6459,300.3000,7.9587,7.6800,French
115608,French,French,European,6.3512,1510.8653,15.6211,161.4237,French
115609,French,French,European,0.0000,277.3833,61.7100,1.5583,French
115610,French,French,European,1739.2383,9734.9750,362.3556,149.5713,French
115611,French,French,European,13.7724,55.0620,0.0000,0.0000,French
115612,French,French,European,54.6508,2137.1556,148.2381,151.1035,French
115613,French,French,European,68.0125,504.7870,12.7172,23.8710,French
115614,French,French,European,138.9970,807.7113,43.5784,17.2342,French
115615,French,French,European,42.3948,1379.7021,122.1746,78.3537,French
115616,French,French,European,0.3274,1.3168,0.0558,0.0167,French
115617,French,French,European,61.6564,2160.3272,219.2323,115.5333,French
115618,French,French,European,22.5106,835.4765,48.4282,62.6100,French
115619,French,French,European,29.6900,612.3000,30.3940,43.3130,French
115620,French,French,European,56.3361,3005.5036,311.4338,164.0418,French
115621,French,French,European,117.0728,1653.7532,11.8749,130.9059,French
115622,French,French,European,113.8617,6560.1999,555.8669,429.0553,French
115623,French,French,European,33.9002,377.8554,23.5423,18.0070,French
115624,French,French,European,40.0712,1002.0800,43.1832,79.5904,French
115625,French,French,European,3.1846,781.9920,29.2521,73.3519,French
115626,French,French,European,48.6530,424.4380,1.5912,27.6376,French
115627,French,French,European,326.4872,2696.4299,163.9084,82.0186,French
115628,French,French,European,168.5064,1371.7620,30.8580,63.0185,French
115629,French,French,European,30.0812,699.0000,6.9356,63.0510,French
115630,French,French,European,93.2637,518.6100,13.6124,10.0157,French
115631,French,French,European,30.2184,1253.7960,37.8491,115.7940,French
115632,French,French,European,40.9657,999.1754,24.4691,83.5930,French
115633,French,French,European,89.8274,514.2138,4.7573,19.9434,French
115634,French,French,European,961.7256,6471.6676,294.9550,165.2326,French
115635,French,French,European,55.5283,1394.5961,60.5875,108.9691,French
115636,French,French,European,65.2376,1127.0394,64.5573,70.4124,French
115637,French,French,European,77.2684,1155.9310,36.7619,86.5976,French
115638,French,French,European,18.4909,2714.6768,306.9831,160.5001,French
115639,French,French,European,197.1243,1207.5935,29.8135,38.8847,French
115640,French,French,European,80.7823,4433.0051,295.7844,318.8565,French
115641,French,French,European,0.7200,633.5000,12.5600,64.0100,French
115642,French,French,European,36.3575,1045.9523,10.3344,97.3060,French
115643,French,French,European,8.3067,207.5133,11.6116,14.6365,French
115644,French,French,European,19.4831,752.7360,14.3197,72.1560,French
115645,French,French,European,10.8807,1097.4719,191.6994,27.1403,French
115646,French,French,European,139.3889,759.4807,48.6286,3.2988,French
115647,French,French,European,159.9181,1558.2033,97.3662,60.5469,French
115648,French,French,European,325.1718,1884.9905,37.6801,48.3466,French
115649,French,French,European,416.1699,8254.9196,759.3234,399.5079,French
115650,French,French,European,127.6854,3201.6800,28.2410,289.0086,French
115651,French,French,European,38.4998,2453.8500,130.1961,196.3530,French
115652,French,French,European,31.3120,1371.5700,94.7066,97.9968,French
115653,French,French,European,46.4012,2584.8355,173.4670,193.2352,French
115654,French,French,European,2.2546,234.5170,0.5848,25.4895,French
115655,French,French,European,32.7249,238.9150,4.0076,0.3721,French
115656,French,French,European,59.0160,1861.8586,207.5987,92.3388,French
115657,French,French,European,203.2950,1128.1850,24.7013,22.7032,French
115658,French,French,European,123.5260,2699.3067,44.4251,239.8568,French
115659,French,French,European,,,,,French
115660,French,French,European,0.0919,7475.6888,225.7717,721.5915,French
115661,French,French,European,31.5804,328.0760,10.5784,17.7170,French
115662,French,French,European,443.1798,2277.0335,31.0394,45.7719,French
115663,French,French,European,26.4318,608.7600,35.7120,40.6332,French
115664,French,French,European,392.3599,2822.8142,85.8424,109.2379,French
115665,French,French,European,2.2685,156.2015,12.6488,9.7208,French
115666,French,French,European,0.0000,0.0000,0.0000,0.0000,French
115667,French,French,European,128.0258,2193.0483,246.1913,72.3546,French
115668,French,French,European,10.0217,502.2897,46.0351,30.7243,French
115669,French,French,European,2.1131,186.7031,0.3093,20.3096,French
115670,French,French,European,66.4102,569.3630,15.1778,30.2516,French
115671,French,French,European,22.2230,823.8418,111.4056,31.8177,French
115672,French,French,European,2.6729,2870.0535,0.4354,321.0943,French
115673,French,French,European,55.8390,5186.3621,744.4284,198.4250,French
115674,French,French,European,731.5605,3910.6564,140.8530,45.6674,French
115675,French,French,European,432.0923,2574.4110,26.2665,95.2155,French
115676,French,French,European,251.0803,3900.6020,60.9677,306.9936,French
115677,French,French,European,13.2745,375.4360,26.5285,22.2463,French
115678,French,French,European,0.3107,638.4575,0.1964,72.0470,French
115679,French,French,European,407.4854,2444.1198,86.9111,52.3759,French
115680,French,French,European,70.4981,1334.8380,61.8665,92.5801,French
115681,French,French,European,24.5307,2010.6771,48.5125,194.6458,French
115682,French,French,European,6.2822,273.4236,5.4018,27.1049,French
115683,French,French,European,20043.2081,88026.3650,2440.8350,231.5384,French
115684,French,French,European,6.8382,6356.2784,757.4195,345.0548,French
115685,French,French,European,16.6566,516.5821,36.0218,33.8797,French
115686,French,French,European,0.1854,33.3019,5.3927,1.0681,French
115687,French,French,European,15.5773,439.9120,9.6694,40.2844,French
115688,French,French,European,1.7212,309.7405,0.0801,27.2549,French
115689,French,French,European,103.0400,387.2000,1.1200,0.3200,French
115690,French,French,European,34.6147,158.9060,4.1178,2.0164,French
115691,French,French,European,192.2336,2336.6106,157.3103,109.3285,French
115692,French,French,European,269.4088,3300.8860,101.4711,214.0083,French
115693,French,French,European,719.6320,4330.6950,300.1967,38.1376,French
115694,French,French,European,31.1375,273.5410,25.2922,5.7263,French
115695,French,French,European,159.1001,2560.0365,0.9778,218.4920,French
115696,French,French,European,137.9518,1070.3190,45.0978,39.0122,French
115697,French,French,European,34.2149,1841.6612,117.9952,141.1504,French
115698,French,French,European,311.0777,1536.7860,49.7375,6.8725,French
115699,French,French,European,338.4309,3029.9390,56.7972,167.2571,French
115700,French,French,European,122.5560,2151.5638,32.5539,179.9957,French
115701,French,French,European,17.1174,2506.7946,97.3373,234.9832,French
115702,French,French,European,28.0212,1505.5600,142.5512,90.4804,French
115703,French,French,European,23.6725,6020.1583,1169.2730,107.4998,French
115704,French,French,European,12.3717,232.4371,11.5262,0.4194,French
115705,French,French,European,160.9164,1937.2421,270.1367,23.1871,French
115706,French,French,European,48.0192,1582.0165,98.4480,112.7538,French
115707,French,French,European,566.5256,3907.8060,96.0625,160.3721,French
115708,French,French,European,64.0704,980.3622,9.9972,83.5010,French
115709,French,French,European,43.9384,923.2079,39.9329,68.5948,French
115710,French,French,European,11.5219,1143.7396,5.6711,120.8585,French
115711,French,French,European,0.0000,0.0000,0.0000,0.0000,French
115712,French,French,European,16.6944,475.1600,3.0224,46.3792,French
115713,French,French,European,333.6359,4084.4547,179.2791,224.8271,French
115714,French,French,European,16.9218,1746.7212,6.3966,184.5744,French
115715,French,French,European,147.6537,608.9025,4.0975,1.8240,French
115716,French,French,European,848.5867,31653.3270,472.2515,3030.6311,French
115717,French,French,European,87.9567,538.2300,12.2455,15.5068,French
115718,French,French,European,1476.2064,9796.3640,304.8845,305.0954,French
115719,French,French,European,249.5573,1889.5960,53.0385,81.3775,French
115720,French,French,European,199.7171,1707.4350,48.0614,77.7926,French
115721,French,French,European,373.3964,3645.8841,230.9116,128.9966,French
115722,French,French,European,122.2994,1134.3055,40.4496,60.6246,French
115723,French,French,European,66.1347,1825.6883,127.2830,121.4450,French
115724,French,French,European,679.3248,5775.2600,236.6712,247.9088,French
115725,French,French,European,81.8212,872.7587,33.7906,47.5519,French
115726,French,French,European,5.8432,1119.5933,1.9644,121.5308,French
115727,French,French,European,0.7995,1474.0624,219.5144,59.0538,French
115728,French,French,European,381.4202,1961.6580,39.2850,28.4129,French
115729,French,French,European,62.2036,5200.7139,468.8962,338.7532,French
115730,French,French,European,,,,,French
115731,French,French,European,47.3750,925.9233,14.3603,83.1598,French
115732,French,French,European,48.8999,931.2160,33.8394,68.1235,French
115733,French,French,European,17.4408,244.5970,2.6425,19.3562,French
115734,French,French,European,305.6726,2113.2890,80.5451,66.0068,French
115735,French,French,European,69.9065,870.4925,61.6460,40.1712,French
115736,French,French,European,59.0449,567.6570,16.5599,32.8301,French
115737,French,French,European,40.7528,121.0000,2.0328,0.3388,French
115738,French,French,European,226.4776,1148.3175,6.1010,24.3363,French
115739,French,French,European,53.3738,717.9960,40.4970,34.9826,French
115740,French,French,European,116.0041,1105.6171,42.5054,54.0273,French
115741,French,French,European,90.8522,630.2263,20.1450,19.9318,French
115742,French,French,European,32.8736,716.2624,13.3942,61.7638,French
115743,French,French,European,68.4583,2017.4698,34.9834,181.9938,French
115744,French,French,European,11.3975,188.9950,7.9870,14.2285,French
115745,French,French,European,284.7638,1384.4300,25.9876,19.6066,French
115746,French,French,European,26.8576,1110.0480,10.9933,114.4333,French
115747,French,French,European,59.2732,573.7876,15.1886,34.2680,French
115748,French,French,European,64.5936,3224.1813,10.6237,327.2285,French
115749,French,French,European,31.9990,463.6980,21.1619,28.4775,French
115750,French,French,European,5.1893,983.6207,97.0219,62.7792,French
115751,French,French,European,17.6803,178.7700,11.8740,7.7441,French
115752,French,French,European,99.3421,1125.0500,44.0311,65.6579,French
115753,French,French,European,116.8659,1541.2120,20.3372,109.1588,French
115754,French,French,European,341.8418,6958.0800,216.7068,576.4822,French
115755,French,French,European,400.3479,2573.8080,100.5155,65.7543,French
115756,French,French,European,10.9635,4230.0556,226.5022,357.9071,French
115757,French,French,European,0.0978,0.4040,0.0222,0.0067,French
115758,French,French,European,11.5165,316.4100,5.5354,29.0083,French
115759,French,French,European,24.8148,713.9083,79.3562,40.0117,French
115760,French,French,European,510.1769,3655.7795,77.9268,182.2441,French
115761,French,French,European,25.1814,111.9540,4.3062,0.7874,French
115762,French,French,European,90.7191,2208.6862,163.4429,131.7579,French
115763,French,French,European,47.3732,1884.0764,209.2692,104.0282,French
115764,French,French,European,163.0295,1386.5000,50.5305,62.2370,French
115765,French,French,European,102.0010,1100.0165,35.9377,66.7148,French
115766,French,French,European,0.0000,0.0000,0.0000,0.0000,French
115767,French,French,European,801.2969,5596.1535,259.4173,154.9986,French
115768,French,French,European,921.8311,5538.9493,193.3342,128.1591,French
115769,French,French,European,119.7661,1842.9968,106.9726,108.3650,French
115770,French,French,European,2.8396,663.8436,90.4842,30.4565,French
115771,French,French,European,127.5761,2374.1375,68.5306,182.3286,French
115772,French,French,European,30.4074,648.5960,38.1503,41.4001,French
115773,French,French,European,2.0964,1170.9072,45.5785,109.4888,French
115774,French,French,European,26.6218,474.6080,6.3638,39.1128,French
115775,French,French,European,34.9690,1057.6964,200.6983,8.3083,French
115776,French,French,European,12.2416,260.1970,3.6889,22.3525,French
115777,French,French,European,4.1037,375.4632,0.4997,40.5587,French
115778,French,French,European,708.7461,16537.8808,498.9036,1416.2937,French
115779,French,French,European,21.5415,874.3500,6.8160,86.5920,French
115780,French,French,European,85.1516,909.8065,36.9960,48.3510,French
115781,French,French,European,66006.5326,288964.4130,2709.3737,1493.0539,French
115782,French,French,European,19.0485,949.1400,91.7787,55.1664,French
115783,French,French,European,53.5552,598.7195,15.6733,39.0617,French
115784,French,French,European,11.2154,47.7075,0.8412,0.3335,French
115785,French,French,European,77.7037,972.3808,46.1417,53.8437,French
115786,French,French,European,4799.4812,33790.9298,3608.5265,337.5734,French
115787,French,French,European,174.4178,1816.7529,37.3296,121.7682,French
115788,French,French,European,8.7706,39.1304,1.2279,0.4993,French
115789,French,French,European,117.2631,989.1375,40.8232,42.6246,French
115790,French,French,European,298.2521,2098.4478,76.3628,69.4368,French
115791,French,French,European,301.6636,2184.1720,80.9699,68.6664,French
115792,French,French,European,74.7164,497.9300,17.8245,16.7001,French
115793,French,French,European,326.1061,1921.3570,50.0291,47.3601,French
115794,French,French,European,129.8920,2170.5222,115.8647,135.6286,French
115795,French,French,European,53.9184,1387.2898,132.5205,70.4319,French
115796,French,French,European,743.6720,47930.2500,2642.8300,3832.6050,French
115797,French,French,European,107.4098,2666.1873,373.5336,75.2447,French
115798,French,French,European,1.2129,628.0869,23.2501,58.6606,French
115799,French,French,European,8.1116,1006.4482,47.1442,85.7655,French
115800,French,French,European,500.9816,2228.1610,24.2888,26.0299,French
115801,French,French,European,651.7358,4795.0550,141.6900,196.3724,French
115802,French,French,European,257.0492,1975.7930,97.8868,61.8522,French
115803,French,French,European,50.4804,423.9299,18.9635,18.1633,French
115804,French,French,European,13.9370,863.4000,9.0200,87.8010,French
115805,French,French,European,6.7200,551.6076,90.7602,15.8067,French
115806,French,French,European,42.5636,491.4400,16.1696,30.1388,French
115807,French,French,European,37.6039,1333.5748,70.2367,100.3662,French
115808,French,French,European,229.8322,1248.7003,80.3131,4.3298,French
115809,French,French,European,212.1200,1585.1900,28.1820,76.6680,French
115810,French,French,European,205.1300,1899.4840,12.5613,118.5113,French
115811,French,French,European,73.5773,656.7686,20.4255,31.5415,French
115812,French,French,European,409.6918,2181.6987,40.9280,43.4154,French
115813,French,French,European,2.4738,370.9580,13.8098,33.9630,French
115814,French,French,European,273.3232,1813.1785,40.1771,62.5879,French
115815,French,French,European,31.6037,3223.1741,189.2047,259.4543,French
115816,French,French,European,38.9475,920.9950,30.9113,77.1505,French
115817,French,French,European,198.2306,2525.9820,64.6411,184.5404,French
115818,French,French,European,35.0208,145.9200,3.0552,1.3680,French
115819,French,French,European,37.9492,440.6584,1.7430,32.5445,French
115820,French,French,European,116.9149,1264.1615,67.1665,66.9645,French
115821,French,French,European,128.4712,1644.8541,67.6570,97.1198,French
115822,French,French,European,83.0130,390802.4971,47295.0373,21020.4385,French
115823,French,French,European,333.4537,2095.0050,49.5940,61.2896,French
115824,French,French,European,14.0327,882.3286,133.9811,30.2319,French
115825,French,French,European,26.6752,805.5200,23.5824,67.2936,French
115826,French,French,European,264.5290,2926.8133,167.7083,145.4666,French
115827,French,French,European,183.4579,8551.8477,330.5530,733.1411,French
115828,French,French,European,26.9564,721.8138,42.8521,51.1305,French
115829,French,French,European,76.1361,2634.3304,72.7422,238.6499,French
115830,French,French,European,32.7368,2844.0792,137.5603,242.3798,French
115831,French,French,European,189.8084,4218.3875,415.6304,198.8832,French
115832,French,French,European,0.4922,748.7880,39.5906,65.7240,French
115833,French,French,European,0.0678,0.7219,0.0080,0.0499,French
115834,French,French,European,304.2146,3144.8120,94.0186,171.2566,French
115835,French,French,European,,,,,French
115836,French,French,European,11.9278,1533.5860,191.7340,75.4462,French
115837,French,French,European,44.9990,940.8168,123.2616,29.5845,French
115838,French,French,European,19.3143,984.2595,71.5023,69.0810,French
115839,French,French,European,45.0061,201.0020,5.2662,1.5383,French
115840,French,French,European,339.6113,2465.4800,94.5823,80.7770,French
115841,French,French,European,24.6214,786.4699,24.3872,67.1255,French
115842,French,French,European,99.3119,1529.0460,60.5258,101.3869,French
115843,French,French,European,382.2298,2024.9117,120.0394,8.9672,French
115844,French,French,European,43.5563,1138.6735,36.0875,94.7902,French
115845,French,French,European,52.7470,1843.8701,19.1202,177.7920,French
115846,French,French,European,107.6536,1014.7333,47.2847,44.2058,French
115847,French,French,European,1774.8508,51451.1183,5838.0178,2257.5122,French
115848,French,French,European,3.4992,694.9800,61.0416,46.2186,French
115849,French,French,European,70.7551,715.2980,19.1684,44.7229,French
115850,French,French,European,77.2492,530.4880,9.7924,21.7600,French
115851,French,French,European,28.3708,520.8380,35.3098,28.2481,French
115852,French,French,European,90.3493,1353.1676,140.2770,43.6227,French
115853,French,French,European,15.8257,970.3990,89.2628,58.0228,French
115854,French,French,European,558.4110,3632.4929,37.9288,150.9967,French
115855,French,French,European,41.6920,1690.8368,110.1861,120.3995,French
115856,French,French,European,252.4214,1589.9115,59.1761,39.5975,French
115857,French,French,European,28.5734,1334.8163,70.5934,103.9500,French
115858,French,French,European,69.2770,788.2151,10.9165,53.5494,French
115859,French,French,European,12.3887,616.7743,104.6562,13.4096,French
115860,French,French,European,86.3154,1193.0400,18.2736,92.8584,French
115861,French,French,European,,,,,French
115862,French,French,European,50.5253,1640.6400,89.6507,125.7966,French
115863,French,French,European,5.9508,1936.2600,1.1448,216.0900,French
115864,French,French,European,301.6282,5072.0018,313.4647,288.1126,French
115865,French,French,European,281.2308,1276.5600,22.1020,4.7872,French
115866,French,French,European,57.8776,528.1650,15.3396,29.5350,French
115867,French,French,European,23.2749,405.2450,15.4804,29.8904,French
115868,French,French,European,262.2576,1721.3610,50.5796,50.5099,French
115869,French,French,European,8.3895,126.6400,8.9323,6.1725,French
115870,French,French,European,3.4413,16.3520,1.0826,0.3657,French
115871,French,French,European,33.2202,868.8540,31.0515,72.5183,French
115872,French,French,European,9.7170,355.3370,3.2230,34.3970,French
115873,French,French,European,121.8605,924.7300,51.8940,28.3610,French
115874,French,French,European,467.4291,2691.9235,110.4947,41.3054,French
115875,French,French,European,44.7980,638.3700,10.9159,47.5416,French
115876,French,French,European,128.4524,1587.3155,40.4370,101.1189,French
115877,French,French,European,61.1158,510.3403,38.8122,15.7567,French
115878,French,French,European,887.4933,6067.7859,413.7055,175.8755,French
115879,French,French,European,445.6244,2394.3945,69.1446,55.5840,French
115880,French,French,European,1.9252,1281.6600,0.3897,144.0444,French
115881,French,French,European,99.8599,1618.8528,97.2275,92.6124,French
115882,French,French,European,296.9668,1935.1450,17.7390,77.1672,French
115883,French,French,European,26.6165,374.6388,10.9590,28.2647,French
115884,French,French,European,51.1728,2416.5900,127.9242,198.8598,French
115885,French,French,European,91.4897,2851.7800,28.5890,270.7100,French
115886,French,French,European,52.8537,1365.4258,71.1123,101.6225,French
115887,French,French,European,87.9844,372.0800,7.6220,1.4920,French
115888,French,French,European,775.1043,4590.4765,124.4536,100.6130,French
115889,French,French,European,19.7777,712.3243,90.1356,27.9771,French
115890,French,French,European,37.1280,167.4400,8.7360,1.4560,French
115891,French,French,European,558.3174,3740.8320,88.9935,146.6475,French
115892,French,French,European,391.5492,3919.3000,81.4338,239.8474,French
115893,French,French,European,103.7958,1853.0253,77.5025,125.0718,French
115894,French,French,European,468.5883,7158.7372,117.9681,554.8031,French
115895,French,French,European,616.3206,2622.2400,9.6414,14.5620,French
115896,French,French,European,42.2778,3141.9360,59.2840,313.8565,French
115897,French,French,European,553.0583,2725.4490,62.1356,24.6441,French
115898,French,French,European,139.6863,1314.3320,32.4597,70.2740,French
115899,French,French,European,38.5119,2172.2211,375.4119,50.1843,French
115900,French,French,European,307.7617,1554.7380,56.4318,6.9348,French
115901,French,French,European,12.4044,2159.4383,149.9114,167.2074,French
115902,French,French,European,237.7139,1279.2590,16.3884,33.5584,French
115903,French,French,European,225.7701,2942.7188,45.6084,211.0003,French
115904,French,French,European,89.5811,1127.8406,62.3340,62.1791,French
115905,French,French,European,76.9763,1302.3067,3.9900,114.7996,French
115906,French,French,European,1.1660,64.5500,12.7710,0.9570,French
115907,French,French,European,60.3495,952.2934,117.6135,27.2714,French
115908,French,French,European,103.5503,414.4980,0.2507,0.5460,French
115909,French,French,European,85.6349,973.4900,30.7576,59.5754,French
115910,French,French,European,55657.9224,281158.5550,10034.2276,1335.3650,French
115911,French,French,European,8.4125,430.2253,19.6720,35.0076,French
115912,French,French,European,430.6642,5930.6816,175.7184,392.8908,French
115913,French,French,European,62.9201,646.8560,36.1125,27.5109,French
115914,French,French,European,305.8108,1922.9605,60.1119,56.6799,French
115915,French,French,European,50.5816,1896.3887,111.8189,143.5760,French
115916,French,French,European,51.7657,437.5583,15.9663,18.2529,French
115917,French,French,European,0.2925,7639.6500,41.2425,843.3675,French
115918,French,French,European,171.5522,1845.7280,47.2149,111.9529,French
115919,French,French,European,69.2826,2923.3160,229.2175,186.6681,French
115920,French,French,European,20.6930,1418.1250,82.1390,111.4693,French
115921,French,French,European,9.1301,581.4500,15.9705,52.8085,French
115922,French,French,European,135.0261,903.7287,31.0310,25.3412,French
115923,French,French,European,27.1086,4257.1065,89.8033,421.4117,French
115924,French,French,European,224.0829,3921.6420,73.6016,317.5370,French
115925,French,French,European,222.4696,4365.2237,407.1530,194.2929,French
115926,French,French,European,85.3463,2598.7875,323.8047,102.9612,French
115927,French,French,European,25.9087,5823.5024,92.0101,603.8136,French
115928,French,French,European,7.2067,1090.8970,9.6299,115.4125,French
115929,French,French,European,8705.6679,99953.2500,4991.8944,4933.6746,French
115930,French,French,European,254.7761,2026.5913,54.7333,90.2819,French
115931,French,French,European,3.4093,2078.6925,8.1687,229.5903,French
115932,French,French,European,33.4296,741.6662,40.0452,50.4947,French
115933,French,French,European,22.5565,1334.4907,84.1985,102.6822,French
115934,French,French,European,25.8162,362.4905,2.5056,29.4456,French
115935,French,French,European,68.1221,1970.4811,133.6249,128.6564,French
115936,French,French,European,10.3357,662.0051,49.4904,46.4452,French
115937,French,French,European,324.7776,1624.0025,55.4902,7.4722,French
115938,French,French,European,23.2783,607.7100,27.8390,47.5047,French
115939,French,French,European,328.3699,4745.3210,220.4911,296.6350,French
115940,French,French,European,35.6375,1165.6558,66.2867,85.6793,French
115941,French,French,European,39.3491,368.5434,6.9173,20.8085,French
115942,French,French,European,7.3426,374.7360,2.0305,39.9533,French
115943,French,French,European,96.6229,1317.6182,13.6667,99.9768,French
115944,French,French,European,43.1819,3476.7888,398.5437,181.5733,French
115945,French,French,European,47.9640,1065.2967,101.7326,50.2307,French
115946,French,French,European,101.4937,1382.5305,0.1793,108.1506,French
115947,French,French,European,220.9432,8004.3400,982.2260,325.6938,French
115948,French,French,European,145.7400,1018.8310,47.6778,27.4644,French
115949,French,French,European,321.1503,1896.1500,54.6003,44.8892,French
115950,French,French,European,110.9834,1600.1679,33.5534,114.2296,French
115951,French,French,European,272.7452,1083.7040,13.9325,0.9604,French
115952,French,French,European,301.5271,5211.3041,602.2144,166.3857,French
115953,French,French,European,147.6209,1401.8650,48.2895,72.0692,French
115954,French,French,European,379.8162,1734.8400,28.2030,6.7308,French
115955,French,French,European,12.7157,439.9410,8.6428,42.0004,French
115956,French,French,European,179.3555,1646.9362,48.4948,82.9857,French
115957,French,French,European,159.9561,1175.9500,23.6462,52.1161,French
115958,French,French,European,95.5666,439.2600,7.7672,1.7097,French
115959,French,French,European,273.1830,1660.7160,35.0257,55.2379,French
115960,French,French,European,0.3600,314.6000,6.2800,32.2550,French
115961,French,French,European,7.5218,1288.3365,108.0016,91.2696,French
115962,French,French,European,0.0000,37.8250,8.4150,0.2125,French
115963,French,French,European,74.4276,1929.6673,88.6998,143.1876,French
115964,French,French,European,5.4027,333.7265,47.5912,8.3333,French
115965,French,French,European,1.0523,454.6492,80.7922,12.0739,French
115966,French,French,European,140.1231,19124.0690,1158.8384,1552.4997,French
115967,French,French,European,107.5880,2887.7337,376.0047,101.6838,French
115968,French,French,European,615.0358,3367.5638,124.0748,49.0996,French
115969,French,French,European,29.7937,488.0567,34.2983,27.9427,French
115970,French,French,European,102.9230,2491.1224,202.9679,139.7164,French
115971,French,French,European,116.7977,788.1850,30.7930,23.9143,French
115972,French,French,European,18.9632,2342.4804,164.1043,175.3672,French
115973,French,French,European,9.5923,2958.3363,546.0250,67.7092,French
115974,French,French,European,33.9626,3284.5211,180.2983,265.5878,French
115975,French,French,European,217.3995,3468.8613,307.3764,154.2293,French
115976,French,French,European,5.3298,443.0252,1.2799,46.6453,French
115977,French,French,European,1.8788,971.3752,77.7138,70.1605,French
115978,French,French,European,15.4890,275.4427,32.6654,9.8345,French
115979,French,French,European,325.3938,4975.2213,101.2402,371.1865,French
115980,French,French,European,78.7807,1287.2710,67.3185,75.6481,French
115981,French,French,European,,,,,French
115982,French,French,European,318.8914,3171.6734,55.0844,187.2257,French
115983,French,French,European,1016.5094,162923.6687,23051.5212,6660.8205,French
115984,French,French,European,79.8951,1361.5451,100.8901,75.8320,French
115985,French,French,European,242.4296,2333.1067,165.2013,77.8917,French
115986,French,French,European,9.6293,751.5679,16.7607,72.5911,French
115987,French,French,European,147.0892,855.7840,17.5739,32.2038,French
115988,French,French,European,138.4125,23013.7620,48.5115,2516.5826,French
115989,French,French,European,663.6269,4475.0980,160.8951,133.2973,French
115990,French,French,European,46.0032,648.3327,25.5657,45.0409,French
115991,French,French,European,455.4771,2178.8460,33.0023,27.4655,French
115992,French,French,European,7.7397,251.2400,12.8011,19.9454,French
115993,French,French,European,36.2104,352.4771,36.4777,5.5691,French
115994,French,French,European,143.7426,4602.6692,577.8920,182.7346,French
115995,French,French,European,201.5960,58619.5800,0.0000,6540.0000,French
115996,French,French,European,168.8742,2658.4101,63.6714,194.2302,French
115997,French,French,European,170.2360,1145.3950,27.3964,43.3350,French
115998,French,French,European,17.6065,4224.2000,77.2325,425.9235,French
115999,French,French,European,50.3990,478.8783,61.7100,1.5583,French
116000,French,French,European,1.5017,760.2480,47.2867,62.8382,French
116001,French,French,European,220.6946,2597.2920,69.8906,158.2646,French
116002,French,French,European,35.5815,911.8250,22.3495,80.8476,French
116003,French,French,European,141.6709,1531.7216,59.2139,86.1394,French
116004,French,French,European,56.1268,348.3060,11.2080,9.0466,French
116005,French,French,European,266.9908,1389.4472,43.1312,18.8468,French
116006,French,French,European,429.4496,3216.6383,42.2390,153.1114,French
116007,French,French,European,1.7846,16.4605,1.0334,0.0258,French
116008,French,French,European,1.7478,637.5102,88.5985,28.7744,French
116009,French,French,European,485.4933,4602.5319,68.1705,280.3235,French
116010,French,French,European,898.3711,5235.5150,228.1097,80.5039,French
116011,French,French,European,93.7247,2556.0010,74.6402,221.8476,French
116012,French,French,European,297.5158,2482.6325,173.9185,73.4993,French
116013,French,French,European,1058.4871,6109.1180,183.5127,119.1204,French
116014,French,French,European,135.3829,686.3680,12.5613,9.5113,French
116015,French,French,European,2.5360,11.1812,0.4531,0.0386,French
116016,French,French,European,15.1051,315.9017,22.4910,18.2706,French
116017,French,French,European,8.1269,887.9990,1.9782,96.6802,French
116018,French,French,European,468.7839,2281.4300,35.2440,43.2772,French
116019,French,French,European,121.9214,2154.8462,24.7502,178.6963,French
116020,French,French,European,281.2362,3854.3395,100.4077,264.2397,French
116021,French,French,European,8.9894,45.5525,0.0347,0.0000,French
116022,French,French,European,113.3525,635.4260,13.9685,12.7363,French
116023,French,French,European,565.7526,3646.3635,171.8346,80.5303,French
116024,French,French,European,28.0955,1122.4400,66.2768,81.2478,French
116025,French,French,European,354.7663,1948.4710,52.2425,33.6955,French
116026,French,French,European,633.7352,3016.8700,60.1852,29.4334,French
116027,French,French,European,702.8076,49009.8797,340.0969,5102.5937,French
116028,French,French,European,28.1938,217.5010,8.3230,8.3445,French
116029,French,French,European,70.6791,825.4265,10.9826,57.4994,French
116030,French,French,European,83.4014,1852.7938,79.3240,144.5275,French
116031,French,French,European,27.1400,3723.1053,415.8669,208.9309,French
116032,French,French,European,69.7139,1256.0933,47.8077,90.1915,French
116033,French,French,European,8.8488,377.2033,50.4138,15.5483,French
116034,French,French,European,106.5635,1094.4310,43.5105,55.8253,French
116035,French,French,European,21.9669,1200.7718,74.5039,88.6949,French
116036,French,French,European,43.7969,2032.9296,205.7929,110.8306,French
116037,French,French,European,66.7415,1256.4500,56.3944,89.8795,French
116038,French,French,European,156.6597,2229.8160,107.7581,138.0455,French
116039,French,French,European,35.3128,4411.1672,73.1460,450.0974,French
116040,French,French,European,747.5325,4995.2590,78.0948,198.0041,French
116041,French,French,European,57.4951,1244.8650,19.6534,106.9027,French
116042,French,French,European,174.8414,980.2559,28.7454,19.1524,French
116043,French,French,European,122.3111,1622.4735,47.6884,110.3043,French
116044,French,French,European,19.7338,233.9304,6.2405,0.3957,French
116045,French,French,European,12.6075,358.5000,8.8665,32.4240,French
116046,French,French,European,99.0837,2551.8124,112.0209,192.2397,French
116047,French,French,European,12.6111,3281.3917,396.8478,184.8754,French
116048,French,French,European,208.0095,3011.1600,92.8300,205.3915,French
116049,French,French,European,58.2229,991.0463,116.0346,32.3088,French
116050,French,French,European,279.1896,2208.8225,70.3632,104.0586,French
116051,French,French,European,693.7661,7120.6915,83.5359,458.0691,French
116052,French,French,European,32.8782,1603.1250,106.0920,118.1088,French
116053,French,French,European,265.7495,1556.8160,39.3767,35.5974,French
116054,French,French,European,35.9056,262.2177,13.5326,10.0406,French
116055,French,French,European,55.5791,338.7213,7.3673,11.9883,French
116056,French,French,European,26.1425,198.4733,7.9019,1.1245,French
116057,French,French,European,87.0714,1032.7112,60.9448,49.8576,French
116058,French,French,European,4.5669,251.3118,14.8654,19.2724,French
116059,French,French,European,93.2104,2249.6948,34.1069,195.1683,French
116060,French,French,European,197.3282,1566.1865,11.8820,85.4244,French
116061,French,French,European,7.5867,72.4067,9.9077,0.3903,French
116062,French,French,European,458.9235,2836.5367,56.5393,97.1549,French
116063,French,French,European,15.0608,311.8640,3.7385,29.5110,French
116064,French,French,European,135.4476,1127.8983,61.1786,46.5733,French
116065,French,French,European,69.9406,443.2016,14.4332,16.0543,French
116066,French,French,European,329.7744,1836.5180,78.0945,23.5595,French
116067,French,French,European,11.7721,54.3796,1.0336,0.4567,French
116068,French,French,European,29.5954,815.2375,89.7097,36.6677,French
116069,French,French,European,39.3424,1281.7520,10.8262,121.5977,French
116070,French,French,European,31.3295,1283.1900,74.6020,98.2479,French
116071,French,French,European,177.1429,3115.5575,68.6269,249.0046,French
116072,French,French,European,121.1970,2275.1735,68.5119,182.5428,French
116073,French,French,European,4.8690,172.0595,13.1875,9.8239,French
116074,French,French,European,126.8560,3473.0000,443.3440,131.7000,French
116075,French,French,European,121.1255,1866.1421,122.0416,103.1037,French
116076,French,French,European,75.4742,637.7800,19.3828,27.1416,French
116077,French,French,European,7.3894,1589.9980,63.9559,142.9310,French
116078,French,French,European,2.5244,297.5500,25.2485,19.8188,French
116079,French,French,European,0.1956,225.0640,0.1162,25.4803,French
116080,French,French,European,69.0364,1323.6800,91.1326,81.8178,French
116081,French,French,European,37.4215,919.8438,117.5056,29.6331,French
116082,French,French,European,124.8780,1104.0276,113.6912,18.2585,French
116083,French,French,European,67.3534,2035.5503,241.7734,88.0161,French
116084,French,French,European,283.9607,2380.3600,83.5287,107.7670,French
116085,French,French,European,175.5698,1553.6960,18.6418,87.2215,French
116086,French,French,European,31.7567,635.5535,27.2507,43.9269,French
116087,French,French,European,0.0000,1613.8703,359.0408,9.0667,French
116088,French,French,European,41.6397,775.8330,17.7544,60.2035,French
116089,French,French,European,33.2376,575.4160,9.2412,48.7840,French
116090,French,French,European,12.1314,189.2450,5.3222,13.8550,French
116091,French,French,European,240.1043,1960.3980,24.4344,103.8443,French
116092,French,French,European,15.7257,969.6375,90.7196,58.6581,French
116093,French,French,European,42.9444,23918.4000,520.7688,2404.3428,French
116094,French,French,European,175.0936,1547.8860,39.2925,81.5155,French
116095,French,French,European,871.4482,5429.5200,99.3697,181.2135,French
116096,French,French,European,5.5692,22.5567,0.0495,0.0271,French
116097,French,French,European,10595.9360,136114.2000,6988.0577,7361.0630,French
116098,French,French,European,159.1836,1162.0799,27.9644,47.7512,French
116099,French,French,European,27.5448,110.1240,0.0000,0.0000,French
116100,French,French,European,21.8733,750.0593,2.1905,73.3974,French
116101,French,French,European,4.7349,1129.9600,69.4459,93.1416,French
116102,French,French,European,,,,,French
116103,French,French,European,56.4758,366.6660,5.3638,14.4040,French
116104,French,French,European,9.6204,641.7362,46.1099,46.2886,French
116105,French,French,European,10.2785,1359.7868,85.9559,107.2618,French
116106,French,French,European,46.5180,323.4842,17.8120,9.0926,French
116107,French,French,European,21.0246,3126.8678,23.4531,332.1214,French
116108,French,French,European,105.1636,8078.3104,610.8400,574.3205,French
116109,French,French,European,186.2233,3478.5415,119.9686,250.5196,French
116110,French,French,European,997.3720,6532.6410,245.9717,176.5117,French
116111,French,French,European,44.3365,1038.4726,96.7740,54.2185,French
116112,French,French,European,27.8961,402.8851,42.7194,12.7738,French
116113,French,French,European,39.4280,758.0000,29.3720,58.6000,French
116114,French,French,European,4.2885,157.0000,8.9515,11.9550,French
116115,French,French,European,171.0165,2701.1606,49.2243,211.3548,French
116116,French,French,European,133.6897,2470.4263,65.5449,188.1422,French
116117,French,French,European,24.2425,302.2203,12.9371,21.0973,French
116118,French,French,European,198.8363,1861.4177,81.8984,85.6903,French
116119,French,French,European,326.9230,1520.6860,9.4306,21.9672,French
116120,French,French,European,16.9071,1026.1752,67.5540,77.5705,French
116121,French,French,European,229.6372,1954.5400,57.0982,89.3458,French
116122,French,French,European,2692.6700,12988.0000,331.7700,198.2400,French
116123,French,French,European,79.2643,362.8600,5.0107,1.8240,French
116124,French,French,European,81.1577,429.5592,5.4496,11.2645,French
116125,French,French,European,344.3489,5008.2920,192.6638,346.3430,French
116126,French,French,European,189.9692,935.5450,40.0012,5.2373,French
116127,French,French,European,189.3234,1564.1503,44.5957,87.5403,French
116128,French,French,European,124.3551,1491.8370,26.8357,102.0371,French
116129,French,French,European,71.6357,1077.6100,7.7442,87.0899,French
116130,French,French,European,76.9753,647.2200,11.5334,37.1843,French
116131,French,French,European,383.8302,1996.6360,71.1003,27.3266,French
116132,French,French,European,149.0947,876.2100,21.9556,24.8427,French
116133,French,French,European,1895.4678,285930.7219,17334.0080,23279.4499,French
116134,French,French,European,,,,,French
116135,French,French,European,137.1410,540.2220,4.5409,2.0634,French
116136,French,French,European,65.4385,436.1600,10.8743,15.2712,French
116137,French,French,European,32.1260,739.0196,24.0726,62.1148,French
116138,French,French,European,95.8691,2396.8220,49.9790,205.2552,French
116139,French,French,European,3.9690,334.5300,8.0514,32.4324,French
116140,French,French,European,6.7631,2382.4657,2.9815,264.5174,French
116141,French,French,European,3.7506,746.7000,6.8028,79.6644,French
116142,French,French,European,0.0000,25.2167,5.6100,0.1417,French
116143,French,French,European,15.4728,4151.9600,266.1278,335.4498,French
116144,French,French,European,72.4038,631.0400,20.7207,31.1038,French
116145,French,French,European,647.1285,3600.0120,129.4353,52.1823,French
116146,French,French,European,243.8756,1466.1700,16.5979,54.2876,French
116147,French,French,European,189.9462,2258.4951,194.5259,83.3599,French
116148,French,French,European,53.7600,349.7400,8.0000,13.8200,French
116149,French,French,European,18.3973,512.6342,29.4131,34.6235,French
116150,French,French,European,75.6739,1185.1577,73.7346,66.3461,French
116151,French,French,European,535.4948,3573.7102,108.4529,117.0204,French
116152,French,French,European,26.4215,526.6860,16.6783,43.3878,French
116153,French,French,European,343.9460,3373.8000,56.2800,198.6340,French
116154,French,French,European,293.8681,2216.8560,64.5835,93.3697,French
116155,French,French,European,612.3328,3583.9400,148.6007,63.1963,French
116156,French,French,European,9.9246,1386.9509,132.1316,86.6136,French
116157,French,French,European,58.3022,832.8150,42.6384,49.6687,French
116158,French,French,European,263.7828,2629.6855,90.4440,145.9183,French
116159,French,French,European,59.3300,768.3645,29.4081,49.8401,French
116160,French,French,European,6.4700,398.2800,4.8840,39.7440,French
116161,French,French,European,57.6016,322.3842,33.1789,2.4801,French
116162,French,French,European,101.1918,3022.1240,46.1970,290.9820,French
116163,French,French,European,29.0329,1441.1266,117.8976,96.6368,French
116164,French,French,European,2.4026,42.3008,4.2713,0.1275,French
116165,French,French,European,5.0100,23.1275,1.1683,0.5353,French
116166,French,French,European,12.3832,291.8400,20.2460,17.4888,French
116167,French,French,European,648.2364,3990.4782,51.8720,131.2123,French
116168,French,French,European,22.0745,577.3313,41.6486,34.4140,French
116169,French,French,European,58.7079,1555.9920,63.8299,119.0072,French
116170,French,French,European,3.6217,2102.6570,228.4460,126.3661,French
116171,French,French,European,69.1875,1066.6220,19.6852,86.2154,French
116172,French,French,European,13.7685,595.0600,10.1335,58.0858,French
116173,French,French,European,87.9112,4594.1524,300.3997,336.9610,French
116174,French,French,European,66.6375,1093.1880,62.5978,62.7084,French
116175,French,French,European,337.8088,9936.7542,277.0404,836.3305,French
116176,French,French,European,223.9465,1043.8260,27.4655,13.0125,French
116177,French,French,European,47.8374,222.9148,11.5495,1.3637,French
116178,French,French,European,15.9358,194.5533,30.0008,0.8833,French
116179,French,French,European,8.9160,383.5333,50.9790,15.8933,French
116180,French,French,European,10.0332,501.0008,103.5630,3.7140,French
116181,French,French,European,0.0000,50.4333,11.2200,0.2833,French
116182,French,French,European,264.0359,2400.3210,222.3835,50.6115,French
116183,French,French,European,40.6201,1148.4622,82.2816,70.4638,French
116184,French,French,European,25.6277,1400.5334,101.2781,98.3717,French
116185,French,French,European,671.1271,4493.5200,148.3918,139.6728,French
116186,French,French,European,0.0000,1654.9571,33.6600,170.9470,French
116187,French,French,European,62.8935,548.8340,28.8525,19.2595,French
116188,French,French,European,494.5704,3287.1000,132.6698,92.8178,French
116189,French,French,European,182.3611,1430.6257,86.8918,50.3616,French
116190,French,French,European,188.7056,1787.8695,30.1415,111.0339,French
116191,French,French,European,108.6804,477.2561,3.5518,1.7003,French
116192,French,French,European,118.2165,2333.6739,86.7709,172.5327,French
116193,French,French,European,110.1742,2584.3250,69.6162,221.2313,French
116194,French,French,European,30.2773,906.8376,103.4348,42.0141,French
116195,French,French,European,77.4189,530.6840,9.0390,23.7272,French
116196,French,French,European,2.2729,2007.1350,5.4458,226.0602,French
116197,French,French,European,19.7100,1038.8000,80.9355,72.2285,French
116198,French,French,European,137.4783,1049.5115,15.3020,54.4524,French
116199,French,French,European,54.0470,1200.9810,25.9591,98.5319,French
116200,French,French,European,105.1929,2100.1200,75.6917,159.0489,French
116201,French,French,European,110.8211,1136.9960,12.7610,71.6632,French
116202,French,French,European,1656.2775,69592.5000,881.8725,6783.7500,French
116203,French,French,European,329.7304,2157.6570,64.4324,81.9388,French
116204,French,French,European,49.8082,3829.1502,387.2966,221.9835,French
116205,French,French,European,46.0203,687.0960,8.5765,55.7315,French
116206,French,French,European,369.1465,2770.8476,73.5340,117.5835,French
116207,French,French,European,62.2158,1201.0759,51.3942,87.5384,French
116208,French,French,European,244.3321,1584.3000,40.4080,52.0239,French
116209,French,French,European,63.2812,1101.6175,90.3565,56.1513,French
116210,French,French,European,9.5681,459.8875,30.4951,33.6197,French
116211,French,French,European,0.0005,418.9850,0.4292,46.4000,French
116212,French,French,European,162.3332,1372.0730,41.9355,60.7753,French
116213,French,French,European,6.5380,237.3800,0.9846,23.2700,French
116214,French,French,European,266.1750,3990.6320,91.5731,290.9137,French
116215,French,French,European,147.1115,1468.5080,67.9526,66.2373,French
116216,French,French,European,9.5521,4238.1240,87.7479,428.0247,French
116217,French,French,European,109.1446,452.6430,1.2053,0.6463,French
116218,French,French,European,1599.1003,7780.7580,126.2528,79.3525,French
116219,French,French,European,315.9865,1407.6217,29.0532,11.3081,French
116220,French,French,European,29.1912,679.4230,36.8553,47.6013,French
116221,French,French,European,232.7387,1576.3473,28.4970,63.1774,French
116222,French,French,European,142.5095,14770.2471,238.8353,1469.0755,French
116223,French,French,European,9.4636,543.8211,110.4705,4.9834,French
116224,French,French,European,63.5527,1340.5443,102.5091,73.0473,French
116225,French,French,European,119.4912,2360.8710,76.5147,188.0759,French
116226,French,French,European,0.0000,481.7800,0.0000,54.5000,French
116227,French,French,European,0.3677,1.4432,0.0597,0.0187,French
116228,French,French,European,0.2058,101.5071,22.4643,0.5733,French
116229,French,French,European,216.5947,2503.4000,115.7248,128.7225,French
116230,French,French,European,1240.3405,6993.5267,126.2716,172.1312,French
116231,French,French,European,207.3178,1482.4679,17.7678,69.0566,French
116232,French,French,European,47.7641,492.9360,25.3627,23.2500,French
116233,French,French,European,16.1494,4187.2490,407.0971,278.0962,French
116234,French,French,European,23.4404,2789.4548,1.5295,305.4958,French
116235,French,French,European,52.1270,2145.1661,179.2038,142.9246,French
116236,French,French,European,87.6801,965.5993,23.1378,60.9709,French
116237,French,French,European,27.9956,392.7840,12.9179,29.3549,French
116238,French,French,European,52.7286,221.8989,4.3375,1.1108,French
116239,French,French,European,51.9712,575.3800,28.6592,30.9700,French
116240,French,French,European,222.9180,885.7800,0.5040,0.1960,French
116241,French,French,European,238.7537,2306.0700,49.8802,133.6810,French
116242,French,French,European,78.1172,2588.5599,76.2505,232.6686,French
116243,French,French,European,2.1540,161.3000,13.5050,10.4910,French
116244,French,French,European,24.3822,3274.3060,85.8636,315.2890,French
116245,French,French,European,175.9362,1547.7424,60.1045,69.5604,French
116246,French,French,European,,,,,French
116247,French,French,European,27.2452,1093.1220,40.5313,91.4120,French
116248,French,French,European,379.4453,3010.8338,90.5136,136.0946,French
116249,French,French,European,19.2038,786.5783,27.4212,70.5141,French
116250,French,French,European,67.1043,1237.0955,8.2309,110.5822,French
116251,French,French,European,105.8931,3063.6359,286.4456,160.3528,French
116252,French,French,European,138.9244,1043.2940,6.9851,57.5575,French
116253,French,French,European,123.0584,1182.5565,44.2634,72.5133,French
116254,French,French,European,5.9675,49.3138,5.7007,0.1814,French
116255,French,French,European,59.6711,1606.1928,74.4385,120.6886,French
116256,French,French,European,199.3635,2515.0450,96.3436,153.9403,French
116257,French,French,European,13.8288,415.1337,1.7569,40.7681,French
116258,French,French,European,108.0376,27301.2291,1072.5171,2491.5545,French
116259,French,French,European,23.2249,456.4620,1.8985,40.9908,French
116260,French,French,European,32.5868,471.1900,22.2145,29.6615,French
116261,French,French,European,24.1999,208.7718,10.2890,7.0757,French
116262,French,French,European,18.5748,437.7600,30.3690,26.2332,French
116263,French,French,European,195.7882,1306.6804,44.5866,43.1329,French
116264,French,French,European,7.4717,1880.9190,4.8686,202.8518,French
116265,French,French,European,6458.7659,84394.3575,5633.0589,4338.5053,French
116266,French,French,European,929.3466,5362.6460,209.6356,93.5722,French
116267,French,French,European,517.1228,2346.9631,72.3396,9.0051,French
116268,French,French,European,35.0291,231.8918,16.2226,3.4587,French
116269,French,French,European,21.1874,291.6600,11.5760,19.3276,French
116270,French,French,European,22.4621,471.8939,6.4040,41.1249,French
116271,French,French,European,44.3102,336.8897,15.0131,14.9559,French
116272,French,French,European,261.0263,2588.6976,185.1530,90.2373,French
116273,French,French,European,66.3443,1675.1560,24.4815,146.4901,French
116274,French,French,European,39.9591,897.2709,12.5996,79.9681,French
116275,French,French,European,0.0000,110.8393,2.8050,0.0708,French
116276,French,French,European,40.4312,912.8600,32.8932,72.4174,French
116277,French,French,European,9.9859,1250.3862,58.2361,108.0929,French
116278,French,French,European,0.6565,3.2952,0.2346,0.0661,French
116279,French,French,European,151.4272,1212.3130,33.7082,57.0784,French
116280,French,French,European,55.7126,1449.2962,18.1647,139.5598,French
116281,French,French,European,40.9798,535.3166,12.9813,37.5939,French
116282,French,French,European,28707.1274,131094.2550,2124.4128,520.7052,French
116283,French,French,European,66.2201,538.6495,13.6064,29.7992,French
116284,French,French,European,18.3654,296.2583,8.6309,21.7475,French
116285,French,French,European,0.0000,37.8250,8.4150,0.2125,French
116286,French,French,European,77.9252,1261.0400,63.4748,81.5912,French
116287,French,French,European,222.1713,4765.3048,2.1089,436.2234,French
116288,French,French,European,5.9003,46.8540,0.8905,2.4000,French
116289,French,French,European,25.2307,173.0320,3.6323,7.2850,French
116290,French,French,European,150.6940,1542.7391,107.9617,57.7444,French
116291,French,French,European,87.7753,1378.3491,34.2484,103.4578,French
116292,French,French,European,438.7639,2299.5253,27.2790,59.1278,French
116293,French,French,European,330.5081,2710.9412,45.6286,138.2428,French
116294,French,French,European,261.6456,13353.7666,625.6430,1070.4606,French
116295,French,French,European,194.1092,1295.1030,35.0816,47.3748,French
116296,French,French,European,24.0400,468.2040,5.0515,42.5838,French
116297,French,French,European,0.0000,37.8250,8.4150,0.2125,French
116298,French,French,European,0.0402,2089.3910,162.4855,154.8590,French
116299,French,French,European,679.7852,15851.6704,2168.7006,426.3599,French
116300,French,French,European,29.7674,898.7383,39.8460,71.1009,French
116301,French,French,European,1177.7600,15236.5000,793.7200,820.2350,French
116302,French,French,European,151.1970,604.4850,0.0000,0.0000,French
116303,French,French,European,87.5308,5006.2962,930.0363,83.9173,French
116304,French,French,European,55.1490,1412.1593,52.4307,114.1111,French
116305,French,French,European,52.4147,1962.2103,209.4919,100.4615,French
116306,French,French,European,85.0978,1303.9309,26.0197,95.6973,French
116307,French,French,European,66.1893,1112.7270,33.4497,80.7712,French
116308,French,French,European,54.7294,943.2318,43.3581,67.1545,French
116309,French,French,European,186.7610,1189.0240,41.2938,32.6518,French
116310,French,French,European,66.5553,3156.0894,219.2332,221.2415,French
116311,French,French,European,62.5760,894.5239,50.9686,41.0597,French
116312,French,French,European,46.6748,742.0000,26.0378,50.4475,French
116313,French,French,European,319.7163,3605.2653,437.5203,56.2383,French
116314,French,French,European,2.3015,62.6000,8.7025,2.4000,French
116315,French,French,European,143.2790,2272.8150,75.3051,168.2949,French
116316,French,French,European,0.0000,1358.1876,89.7602,110.2667,French
116317,French,French,European,55.6094,546.8315,37.5798,21.6193,French
116318,French,French,European,57.5877,1487.7298,12.0331,142.3087,French
116319,French,French,European,15.3013,4095.8875,99.3197,403.7806,French
116320,French,French,European,33.0643,944.2418,47.6473,68.8485,French
116321,French,French,European,48.5776,3363.7842,73.0210,322.2291,French
116322,French,French,European,787.1772,3579.8040,56.4060,13.4616,French
116323,French,French,European,6.5185,1038.4972,1.8836,112.4968,French
116324,French,French,European,872.6300,4897.3800,208.2730,63.3750,French
116325,French,French,European,270.0102,2287.2555,83.2159,99.3255,French
116326,French,French,European,68.0169,695.1633,25.2449,38.8629,French
116327,French,French,European,111.2230,5466.9672,411.0372,374.4756,French
116328,French,French,European,98.5921,1032.2800,45.3431,53.2561,French
116329,French,French,European,330.8364,2013.1344,39.5513,65.2094,French
116330,French,French,European,79.0862,2760.2295,302.0255,141.8424,French
116331,French,French,European,139.5245,1209.1400,41.3461,58.7261,French
116332,French,French,European,37.5688,3992.8994,3.3275,429.6966,French
116333,French,French,European,0.4818,84.7533,18.4140,0.3955,French
116334,French,French,European,116.7165,1038.6150,35.7303,48.8328,French
116335,French,French,European,60.9694,295.7160,10.9501,1.8299,French
116336,French,French,European,184.2898,1693.0843,52.4444,88.4944,French
116337,French,French,European,59.4956,1111.9046,34.7873,85.0204,French
116338,French,French,European,48.5618,390.9968,49.8025,7.5717,French
116339,French,French,European,53.3339,239.2613,0.4379,1.3697,French
116340,French,French,European,91.2938,475.8853,22.7995,2.5570,French
116341,French,French,European,30.0863,988.3850,31.1384,87.2331,French
116342,French,French,European,22.2120,2623.2593,234.0057,172.7373,French
116343,French,French,European,109.3753,1241.5592,80.8905,59.4436,French
116344,French,French,European,46.1928,1020.8159,29.5804,89.4014,French
116345,French,French,European,38.6477,985.3117,99.1210,48.7083,French
116346,French,French,European,265.8398,2182.2800,94.7307,80.8696,French
116347,French,French,European,545.9873,3756.0976,21.3872,190.7885,French
116348,French,French,European,101.0649,574.9150,14.9959,16.0422,French
116349,French,French,European,162.6325,2121.4980,86.9463,129.0367,French
116350,French,French,European,15939.7113,64347.7960,248.3625,96.2925,French
116351,French,French,European,25.2514,735.6825,21.1860,65.1483,French
116352,French,French,European,21.7276,3665.9237,562.7956,135.7351,French
116353,French,French,European,3.8105,1671.9504,110.6647,131.3629,French
116354,French,French,European,5.5402,25.6632,1.2550,0.6754,French
116355,French,French,European,284.8696,2027.1184,142.0860,38.3337,French
116356,French,French,European,8.8828,79.9110,11.0163,0.8148,French
116357,French,French,European,64.8700,951.5935,21.5582,71.3172,French
116358,French,French,European,220.1629,1379.7745,36.4020,37.2293,French
116359,French,French,European,4.0440,281.0000,13.9340,23.8140,French
116360,French,French,European,6.1427,144.0302,1.0414,13.7398,French
116361,French,French,European,178.0808,9378.8212,1017.8039,488.0375,French
116362,French,French,European,12.1935,1222.1022,85.4893,91.6855,French
116363,French,French,European,183.9734,1168.3736,34.3984,35.7102,French
116364,French,French,European,275.1088,2235.0000,71.1058,98.1775,French
116365,French,French,European,53.5410,963.7200,64.2750,59.4900,French
116366,French,French,European,2.0355,98.6419,5.6100,0.1644,French
116367,French,French,European,855.3215,4525.4987,161.0494,49.7456,French
116368,French,French,European,41.3207,1067.0050,41.4963,83.6894,French
116369,French,French,European,172.2154,2871.1850,2.7175,249.9861,French
116370,French,French,European,25.4892,1637.9210,95.8040,129.5763,French
116371,French,French,European,654.6439,4992.4835,137.1766,219.2496,French
116372,French,French,European,20.9597,829.8665,11.1556,83.5273,French
116373,French,French,European,25.5090,429.9552,38.1447,18.5806,French
116374,French,French,European,234.6113,2159.0060,38.2250,130.6226,French
116375,French,French,European,22.8837,443.9572,39.5819,21.1717,French
116376,French,French,European,26.5060,700.4000,18.9550,59.9050,French
116377,French,French,European,32.4558,123.6882,1.3358,0.2969,French
116378,French,French,European,32.0383,738.7400,24.0682,62.1118,French
116379,French,French,European,57.4368,850.8778,26.8892,61.9426,French
116380,French,French,European,52.4595,2026.7065,114.8516,154.7100,French
116381,French,French,European,26.3757,597.6734,6.7963,54.8254,French
116382,French,French,European,108.3258,8905.1112,1855.6604,69.5886,French
116383,French,French,European,47.4324,1571.8790,144.0351,86.8927,French
116384,French,French,European,92.9453,1323.4783,27.9517,109.3183,French
116385,French,French,European,2.7221,98.7025,7.2640,5.7690,French
116386,French,French,European,58.2042,229.8960,0.9847,0.6400,French
116387,French,French,European,3.1822,125.9087,0.5107,12.9355,French
116388,French,French,European,2.3320,129.1000,25.5420,1.9140,French
116389,French,French,European,136.6487,887.3106,47.8769,17.1756,French
116390,French,French,European,71.8217,467.6260,6.5099,19.4060,French
116391,French,French,European,35.9416,827.7546,98.3608,36.7081,French
116392,French,French,European,343.9285,5271.6237,60.1266,429.8498,French
116393,French,French,European,2.0602,78.9825,11.1722,2.6480,French
116394,French,French,European,12.7654,344.4608,8.6804,30.8777,French
116395,French,French,European,9.3427,177.5720,5.6044,14.4173,French
116396,French,French,European,6.0698,190.4025,35.0834,1.0435,French
116397,French,French,European,31.2885,892.4405,13.4173,86.0334,French
116398,French,French,European,59.7940,628.9600,9.0267,47.2233,French
116399,French,French,European,26.2871,1130.4439,87.1396,74.0926,French
116400,French,French,European,30.9195,1555.4309,146.0141,92.2688,French
116401,French,French,European,2.0377,1410.3882,75.1446,122.5671,French
116402,French,French,European,4.9491,1324.7920,49.7325,124.4782,French
116403,French,French,European,165.8913,1125.4750,24.0645,42.7983,French
116404,French,French,European,168.5185,1669.3685,191.1345,24.6945,French
116405,French,French,European,,,,,French
116406,French,French,European,119.2332,1463.5372,78.4359,79.3846,French
116407,French,French,European,107.0654,1237.9832,41.7796,70.8763,French
116408,French,French,European,15.5605,144.4080,5.5371,7.3080,French
116409,French,French,European,0.2260,298.0682,39.3725,14.6243,French
116410,French,French,European,209.5160,1548.6035,39.9401,62.3426,French
116411,French,French,European,3.7871,2397.5480,2.1625,267.6524,French
116412,French,French,European,2.9652,420.7215,0.9677,46.3802,French
116413,French,French,European,2.8161,13.0783,0.4767,0.1672,French
116414,French,French,European,87.9866,765.6739,32.1532,33.6196,French
116415,French,French,European,437.5302,2600.2521,118.7227,62.4636,French
116416,French,French,European,237.5520,2754.8000,117.6120,159.3500,French
116417,French,French,European,12.1501,1137.1382,150.1870,55.8781,French
116418,French,French,European,59.3887,1958.6855,132.2901,132.8239,French
116419,French,French,European,15.9209,258.2413,18.0156,14.7736,French
116420,French,French,European,18.2249,2163.2660,302.1388,90.7226,French
116421,French,French,European,0.0000,12.6083,2.8050,0.0708,French
116422,French,French,European,201.7600,1131.5000,31.4000,23.7750,French
116423,French,French,European,255.9150,1320.4918,21.3720,29.6124,French
116424,French,French,European,7.8349,120.5355,1.3774,9.4637,French
116425,French,French,European,223.4082,2103.3299,51.1190,120.7263,French
116426,French,French,European,20.6086,186.3020,5.6461,8.7947,French
116427,French,French,European,103.7234,8513.3507,468.2388,680.7128,French
116428,French,French,European,19.9317,1929.1752,185.5834,124.0760,French
116429,French,French,European,74.3340,1240.6733,41.2847,94.1710,French
116430,French,French,European,0.3677,478.8032,0.0597,54.0187,French
116431,French,French,European,1.8852,118.7700,6.6391,9.9733,French
116432,French,French,European,30076.9916,135244.5000,1037.7946,1571.0507,French
116433,French,French,European,398.2553,2608.3620,69.6255,83.1448,French
116434,French,French,European,14.9665,492.1200,4.1855,48.0040,French
116435,French,French,European,156.9632,2684.1447,444.8062,18.4854,French
116436,French,French,European,65.0165,1377.9905,43.1751,115.2959,French
116437,French,French,European,0.8310,34.5000,0.3435,3.5760,French
116438,French,French,European,215.9956,1847.2033,40.2515,101.7496,French
116439,French,French,European,12.3281,698.3280,39.8635,55.6502,French
116440,French,French,European,173.1592,2294.8700,49.2621,158.0918,French
116441,French,French,European,58.1215,3250.7963,152.7846,266.5720,French
116442,French,French,European,213.0747,1540.5398,68.3619,50.3196,French
116443,French,French,European,368.4121,2640.0827,76.5088,102.6497,French
116444,French,French,European,27.9757,1884.2951,113.7409,147.7844,French
116445,French,French,European,28.0422,128.7640,2.4766,1.0949,French
116446,French,French,European,211.6962,2186.3977,229.8576,49.0929,French
116447,French,French,European,67.9185,2421.8388,101.7929,212.8046,French
116448,French,French,European,7.8129,413.9360,13.8033,36.9793,French
116449,French,French,European,4.7280,694.0000,28.5280,62.3160,French
116450,French,French,European,16.1604,1402.7076,112.6118,96.0959,French
116451,French,French,European,13.6487,133.6948,18.4705,0.5928,French
116452,French,French,European,,,,,French
116453,French,French,European,751.8110,4265.9522,146.4990,74.3057,French
116454,French,French,European,151.7648,711.9150,22.7395,9.0094,French
116455,French,French,European,830.3507,5676.9760,245.8135,151.2261,French
116456,French,French,European,136.5339,1127.3235,54.3785,38.4407,French
116457,French,French,European,4.4165,271.3034,56.6941,1.4684,French
116458,French,French,European,14.2658,129.2925,3.3958,7.4194,French
116459,French,French,European,33.9107,694.6895,21.7505,57.6679,French
116460,French,French,European,16.7635,417.0470,4.9171,38.7699,French
116461,French,French,European,340.0376,1700.1890,52.9688,11.0271,French
116462,French,French,European,116.7188,1079.4900,46.7856,46.4594,French
116463,French,French,European,6.8793,1957.1823,167.3705,134.5893,French
116464,French,French,European,82.2730,4680.7838,75.2017,449.0103,French
116465,French,French,European,51.8856,195.2312,0.6112,0.1808,French
116466,French,French,European,637.8049,3827.6360,147.1985,75.5539,French
116467,French,French,European,4.5016,1469.7840,76.1823,126.1876,French
116468,French,French,European,10.6023,1135.2262,10.8820,119.5020,French
116469,French,French,European,615.7627,3032.7995,58.8165,28.8877,French
116470,French,French,European,,,,,French
116471,French,French,European,57.4400,1975.6694,209.3965,100.2904,French
116472,French,French,European,75.8782,1841.5483,90.1924,136.1343,French
116473,French,French,European,16.3864,1362.0845,182.9545,58.3049,French
116474,French,French,European,52.2530,494.9305,20.9456,23.5966,French
116475,French,French,European,19.9407,1592.7561,118.3975,113.5198,French
116476,French,French,European,110.6748,1867.1972,3.1874,161.4182,French
116477,French,French,European,91.7588,5688.6878,89.4572,570.1613,French
116478,French,French,European,53.9216,366.6070,15.8843,12.6466,French
116479,French,French,European,17.2569,316.3151,3.7338,27.5086,French
116480,French,French,European,15.4502,2521.9800,140.0760,209.2620,French
116481,French,French,European,90.9329,525.0075,23.0661,6.6119,French
116482,French,French,European,77.1430,322.2455,5.8911,3.1624,French
116483,French,French,European,117.1223,799.7300,13.3822,33.3118,French
116484,French,French,European,110.1883,998.8745,36.3399,49.4818,French
116485,French,French,European,67.7236,1497.4775,97.2520,98.1939,French
116486,French,French,European,106.8553,1744.6281,26.7516,143.5975,French
116487,French,French,European,2.9158,514.5700,1.9215,55.9947,French
116488,French,French,European,23.9231,276.1727,32.3947,5.6854,French
116489,French,French,European,0.0000,151.3000,33.6600,0.8500,French
116490,French,French,European,143.3807,3494.6541,16.1933,325.0886,French
116491,French,French,European,576.9056,3947.9707,213.2377,84.7945,French
116492,French,French,European,6.5516,217.4200,16.4030,13.4994,French
116493,French,French,European,8174.6045,177970.3568,5556.9255,14989.6580,French
116494,French,French,European,254.2379,1955.0214,145.4604,37.0795,French
116495,French,French,European,123.1915,1190.9660,40.9229,59.5282,French
116496,French,French,European,22.1791,1549.5540,35.6519,153.5321,French
116497,French,French,European,94.0215,851.1260,43.7676,31.8277,French
116498,French,French,European,330.5939,2205.4835,53.1526,81.6012,French
116499,French,French,European,0.6360,229.7760,0.8277,25.6205,French
116500,French,French,European,82.2799,1145.3500,70.9189,63.0074,French
116501,French,French,European,38327.7149,154139.7899,13.6634,99.9554,French
116502,French,French,European,373.9769,3866.9467,50.1644,243.3365,French
116503,French,French,European,0.9920,452.3000,81.3880,13.9060,French
116504,French,French,European,21.5286,353.9258,5.5961,27.7436,French
116505,French,French,European,285.8649,2514.6160,96.9985,114.7505,French
116506,French,French,European,,,,,French
116507,French,French,European,24.7577,540.2997,19.7462,42.9418,French
116508,French,French,European,19.1902,1951.8903,365.4808,37.7168,French
116509,French,French,European,274.8923,1848.9938,49.0108,77.8314,French
116510,French,French,European,52.2336,562.6188,30.7735,26.1676,French
116511,French,French,European,190.6914,1249.4600,26.6912,39.8833,French
116512,French,French,European,50.4975,1273.1016,25.6095,109.5691,French
116513,French,French,European,68.0819,1707.8479,19.8333,162.7461,French
116514,French,French,European,13.5491,469.5280,6.2726,44.8687,French
116515,French,French,European,79.0422,1178.4827,37.4783,84.9911,French
116516,French,French,European,358.0288,2504.7142,77.6212,87.5939,French
116517,French,French,European,91.5716,685.3480,30.1263,21.5173,French
116518,French,French,European,31.3137,1668.2821,81.3015,136.6455,French
116519,French,French,European,64.8708,574.8575,28.7189,21.9495,French
116520,French,French,European,3.0760,640.7100,43.2621,50.4488,French
116521,French,French,European,470.3960,2550.0840,26.9114,61.3200,French
116522,French,French,European,71.3877,639.6450,16.3218,32.6311,French
116523,French,French,European,6386.3888,30251.3200,781.7457,125.7860,French
116524,French,French,European,5.8513,95.6025,3.2536,7.4137,French
116525,French,French,European,0.0000,0.0000,0.0000,0.0000,French
116526,French,French,European,872.9723,5320.6033,205.5444,114.2766,French
116527,French,French,European,101.5207,2863.3700,10.7910,272.6683,French
116528,French,French,European,211.6080,1651.6333,31.6432,78.0635,French
116529,French,French,European,80.2810,1455.5427,63.6776,102.0680,French
116530,French,French,European,6050.3546,25236.4560,16.1859,109.1944,French
116531,French,French,European,20.8823,1317.8558,11.6673,137.1639,French
116532,French,French,European,3.4161,450.2230,2.0796,48.7664,French
116533,French,French,European,114.6646,1465.0140,27.1016,104.2350,French
116534,French,French,European,91.1597,939.5427,16.5610,58.5069,French
116535,French,French,European,404.5192,9494.3302,1296.0251,257.3984,French
116536,French,French,European,154.8009,1221.2966,35.5698,58.6024,French
116537,French,French,European,19.9799,1509.0714,66.4140,129.4001,French
116538,French,French,European,708.5816,4372.1498,166.2390,100.8440,French
116539,French,French,European,26005.0800,134517.0000,4059.2700,2008.8000,French
116540,French,French,European,20709.9810,114275.2000,742.6780,3901.9425,French
116541,French,French,European,21.7728,671.9190,85.2891,26.1882,French
116542,French,French,European,53.2494,2070.3288,138.9067,144.6459,French
116543,French,French,European,461.7189,3655.4180,120.2735,150.9213,French
116544,French,French,European,4.1690,206.2080,2.7844,20.7300,French
116545,French,French,European,217.1095,2726.0000,1.7600,218.1600,French
116546,French,French,European,104.4877,821.0731,9.1779,43.0981,French
116547,French,French,European,366.4719,3309.6800,105.9497,160.8637,French
116548,French,French,European,265.8889,1159.4550,25.7960,3.2821,French
116549,French,French,European,26.1556,346.9020,20.2460,17.4888,French
116550,French,French,European,40.3789,468.3728,22.5475,26.5632,French
116551,French,French,European,145.0069,7489.4008,196.3399,682.1482,French
116552,French,French,European,47.7368,8382.9200,189.9520,826.0364,French
116553,French,French,European,475.3343,3510.7920,110.8005,148.4863,French
116554,French,French,European,13.0024,1548.3930,126.7090,110.8190,French
116555,French,French,European,36.8266,2201.1392,83.1689,191.1583,French
116556,French,French,European,46.2040,663.8281,48.2102,36.8876,French
116557,French,French,European,103.2587,2855.3154,50.6279,260.2259,French
116558,French,French,European,20161.1433,80743.5617,12.6572,9.5365,French
116559,French,French,European,48.0186,433.5816,14.8040,30.8049,French
116560,French,French,European,116.1076,3022.1724,34.0478,286.9542,French
116561,French,French,European,64.1950,1444.7498,195.6216,46.2995,French
116562,French,French,European,13.7039,444.0265,32.8498,27.2031,French
116563,French,French,European,248.0625,24028.8442,881.5090,2194.8544,French
116564,French,French,European,34.5782,737.5580,28.7749,55.4929,French
116565,French,French,European,93.1336,1414.8980,52.1268,99.6553,French
116566,French,French,European,80.4654,990.7590,32.6275,61.1095,French
116567,French,French,European,67.1987,1011.2200,0.0000,84.0000,French
116568,French,French,European,20.1533,836.1317,114.8484,31.5251,French
116569,French,French,European,195.7911,1506.5081,43.8430,68.8565,French
116570,French,French,European,6.6338,138.3311,5.6242,0.1842,French
116571,French,French,European,3.2614,134.3370,0.5536,13.5425,French
116572,French,French,European,516.2156,3211.7690,74.8040,107.5080,French
116573,French,French,European,133.2502,1582.9780,27.4899,113.1952,French
116574,French,French,European,456.0184,2923.7823,171.0320,54.3841,French
116575,French,French,European,303.9143,1513.1640,50.6706,6.8766,French
116576,French,French,European,26.1628,1927.5299,53.5016,176.7395,French
116577,French,French,European,26.3442,1152.6817,76.0884,82.0211,French
116578,French,French,European,566.2646,3011.8336,49.5894,68.5606,French
116579,French,French,European,127.2925,2686.0310,108.2852,198.8506,French
116580,French,French,European,82.6428,1138.4800,13.8416,90.0150,French
116581,French,French,European,1165.9521,5937.6896,189.9761,60.4313,French
116582,French,French,European,444.8298,2991.5998,208.6019,51.4351,French
116583,French,French,European,24.3555,2245.4200,12.3145,240.0900,French
116584,French,French,European,502.2154,3508.6301,46.3375,145.2286,French
116585,French,French,European,184.6192,1837.3906,123.6922,69.3767,French
116586,French,French,European,34.2566,1038.0244,59.9876,76.7939,French
116587,French,French,European,60.0839,747.3216,25.1359,49.5354,French
116588,French,French,European,,,,,French
116589,French,French,European,222.6365,1987.6637,74.2838,89.9015,French
116590,French,French,European,20.6152,499.2975,36.2615,29.5629,French
116591,French,French,European,37.3384,703.5923,42.3921,39.2033,French
116592,French,French,European,259.7873,1818.5460,42.9209,70.7393,French
116593,French,French,European,40.6799,1261.7850,79.3261,88.0192,French
116594,French,French,European,505.1572,2657.1877,60.4144,43.3045,French
116595,French,French,European,0.0000,25.2167,5.6100,0.1417,French
116596,French,French,European,624.6892,3760.2070,105.9824,89.4488,French
116597,French,French,European,359.7480,1803.3600,62.2794,8.5633,French
116598,French,French,European,78.5760,1385.2314,53.8738,93.8033,French
116599,French,French,European,120.8817,2263.4006,30.3699,193.8194,French
116600,French,French,European,0.0000,347.1390,0.0000,38.5065,French
116601,French,French,European,126.7583,1594.0700,52.6878,97.9465,French
116602,French,French,European,154.0340,2059.5280,146.7648,109.2464,French
116603,French,French,European,32.6989,881.7380,23.7647,74.2649,French
116604,French,French,European,121.5697,602.1200,21.0920,3.0512,French
116605,French,French,European,67.3785,1573.1550,59.7885,122.2260,French
116606,French,French,European,12.6305,374.2995,15.8764,30.6608,French
116607,French,French,European,6.8815,1937.5191,0.5418,216.1162,French
116608,French,French,European,10.0250,2435.2693,365.4388,96.9517,French
116609,French,French,European,29.8872,1040.4890,95.0471,59.9041,French
116610,French,French,European,32.7016,490.5031,65.2529,9.9315,French
116611,French,French,European,51.2325,664.2548,28.2949,39.2148,French
116612,French,French,European,56.0409,1283.6553,80.6141,84.8199,French
116613,French,French,European,12.6768,443.0815,9.3570,40.4239,French
116614,French,French,European,39.4288,1758.4660,198.4493,86.9501,French
116615,French,French,European,63.9735,764.2240,47.8905,33.5295,French
116616,French,French,European,2.3870,32.3041,5.7291,0.1615,French
116617,French,French,European,260.8646,1588.0947,20.0999,49.5039,French
116618,French,French,European,74.3239,844.1250,24.3451,53.6152,French
116619,French,French,European,0.3600,71.5000,6.2800,4.7550,French
116620,French,French,European,71.0418,2568.9743,365.6107,78.4204,French
116621,French,French,European,293.5631,1196.7750,2.9926,1.3058,French
116622,French,French,European,47.1567,363.2200,19.1292,13.0214,French
116623,French,French,European,70.9577,1828.4600,34.3999,161.8135,French
116624,French,French,European,109.3837,1242.0479,140.8863,24.4839,French
116625,French,French,European,101.4315,731.9310,29.6285,23.1763,French
116626,French,French,European,15.6321,1772.4130,64.9185,159.3740,French
116627,French,French,European,3.9505,496.4560,42.2641,31.9641,French
116628,French,French,European,539.5612,4201.8760,95.2687,195.0704,French
116629,French,French,European,83.6960,658.1482,30.8881,24.8761,French
116630,French,French,European,295.3342,1929.6190,95.7200,46.7993,French
116631,French,French,European,52.9644,1470.1793,32.7898,89.5873,French
116632,French,French,European,7.4255,230.7652,16.4344,13.5432,French
116633,French,French,European,135.6628,1680.2940,35.8333,118.9626,French
116634,French,French,European,17.8480,836.5695,53.7998,61.3539,French
116635,French,French,European,10.0361,348.1653,17.7676,27.4071,French
116636,French,French,European,221.9724,866.4800,1.0164,0.1694,French
116637,French,French,European,35.3332,1073.3432,37.7723,93.7336,French
116638,French,French,European,412.6038,2039.5390,81.7916,76.0132,French
116639,French,French,European,12.7580,142.8274,2.8438,10.0645,French
116640,French,French,European,71.3161,2249.5450,43.1278,202.7259,French
116641,French,French,European,34.0384,2458.0652,79.6209,223.3741,French
116642,French,French,European,63.7106,1122.5280,59.8988,69.3020,French
116643,French,French,European,45.6740,933.8464,48.1297,64.8479,French
116644,French,French,European,646.1052,4770.0040,119.5290,198.4976,French
116645,French,French,European,14.0133,298.5260,3.5970,25.6561,French
116646,French,French,European,227.3330,3046.3279,259.8651,116.4107,French
116647,French,French,European,3.2780,1419.7040,86.0491,117.9761,French
116648,French,French,European,93.9336,1015.1915,26.6589,59.6468,French
116649,French,French,European,24.6436,2022.2601,3.2355,216.6360,French
116650,French,French,European,330.7857,2106.8510,92.4854,46.7236,French
116651,French,French,European,32.5311,1898.7325,290.8318,64.4562,French
116652,French,French,European,1.0523,3.3550,0.0534,0.0366,French
116653,French,French,European,470.7719,2916.7099,108.7375,68.1321,French
116654,French,French,European,14.7603,218.4820,20.0264,9.0066,French
116655,French,French,European,89.1781,2121.5903,381.5874,17.4831,French
116656,French,French,European,22.9384,947.0165,103.7756,48.4945,French
116657,French,French,European,1914.2914,251781.0843,34820.1027,10594.9178,French
116658,French,French,European,368.5436,2356.0890,46.0808,83.5487,French
116659,French,French,European,46.7341,4475.0597,160.0803,406.0642,French
116660,French,French,European,37.7780,356.0082,11.1366,18.8801,French
116661,French,French,European,281.8611,2456.7512,50.2956,128.8348,French
116662,French,French,European,32.8068,902.8200,38.9190,75.0072,French
116663,French,French,European,77.4581,2005.5575,223.6091,83.9477,French
116664,French,French,European,136.9354,1324.2405,48.0071,72.0972,French
116665,French,French,European,113.4061,1396.1060,55.6905,84.1347,French
116666,French,French,European,6419.0965,59599.4934,6454.6629,810.8162,French
116667,French,French,European,20.7163,694.7400,46.8799,46.9221,French
116668,French,French,European,183.9306,1438.4730,33.9633,67.1173,French
116669,French,French,European,704.8408,3331.3253,26.0544,50.1496,French
116670,French,French,European,165.6470,2300.4060,97.5948,143.1859,French
116671,French,French,European,12.6400,1809.8146,181.4475,112.1910,French
116672,French,French,European,78.1638,816.2500,29.2882,45.3985,French
116673,French,French,European,30.2469,335.9419,9.8081,22.1107,French
116674,French,French,European,81.1465,3288.9903,452.8812,117.2008,French
116675,French,French,European,303.8453,2104.5837,65.8367,71.0566,French
116676,French,French,European,35.1396,179.4400,5.5426,3.1873,French
116677,French,French,European,64.3784,2453.5200,64.8540,228.9780,French
116678,French,French,European,0.0000,151.3000,33.6600,0.8500,French
116679,French,French,European,184.9266,1174.5750,40.9672,32.6413,French
116680,French,French,European,0.7513,132.6037,28.9430,0.8897,French
116681,French,French,European,210.8415,2215.2710,68.6945,130.0001,French
116682,French,French,European,100.7834,944.7457,16.6520,55.8372,French
116683,French,French,European,57.5417,767.0520,24.6479,54.7121,French
116684,French,French,European,37.7392,997.5372,59.7445,69.0981,French
116685,French,French,European,12.1518,3389.2090,168.3663,297.1522,French
116686,French,French,European,208.8844,1237.2460,9.5487,41.6329,French
116687,French,French,European,30.3217,4490.3657,388.1039,304.8679,French
116688,French,French,European,33.3272,554.0800,8.2032,44.9704,French
116689,French,French,European,50.7517,1048.0935,23.4101,86.5143,French
116690,French,French,European,1.0800,453.1800,18.8400,41.2650,French
116691,French,French,European,7.5109,145.1230,18.4276,5.2499,French
116692,French,French,European,85.7617,1476.9004,69.3256,96.2365,French
116693,French,French,European,232.0827,4570.2595,150.7458,369.8512,French
116694,French,French,European,285.0645,1634.1280,34.2157,40.2094,French
116695,French,French,European,398.5487,3270.6000,47.5777,170.7209,French
116696,French,French,European,26.4085,173.3100,16.6197,0.4652,French
116697,French,French,European,296.6085,2156.4362,23.9292,99.9751,French
116698,French,French,European,240.4505,1642.9760,66.5247,53.1505,French
116699,French,French,European,353.2913,4927.8619,271.1091,272.7178,French
116700,French,French,European,120.0553,724.2912,19.3500,16.7808,French
116701,French,French,European,0.0000,0.0000,0.0000,0.0000,French
116702,French,French,European,273.5367,1733.6074,44.5991,55.0884,French
116703,French,French,European,25.3530,386.0850,8.5189,30.0362,French
116704,French,French,European,24.9763,631.8755,38.7759,41.7121,French
116705,French,French,European,56.1314,896.5090,43.3188,60.3988,French
116706,French,French,European,345.8438,2504.9888,78.3289,100.1560,French
116707,French,French,European,24.2791,954.2750,72.6393,61.0256,French
116708,French,French,European,39.8945,565.5432,98.1934,3.6196,French
116709,French,French,European,171.3540,881.1230,22.8268,17.1938,French
116710,French,French,European,,,,,French
116711,French,French,European,0.3600,71.5000,6.2800,4.7550,French
116712,French,French,European,63.7818,356.3820,10.0116,6.9984,French
116713,French,French,European,11.0808,235.9265,16.6069,13.4953,French
116714,French,French,European,9.3113,48.8428,3.1109,1.4081,French
116715,French,French,European,681.5606,4431.1045,152.7658,122.3892,French
116716,French,French,European,33.1110,3666.3863,754.9615,35.8852,French
116717,French,French,European,37.4661,1235.3948,98.4697,79.6056,French
116718,French,French,European,48.5888,525.6060,28.9630,23.0094,French
116719,French,French,European,183.6446,3244.8008,124.1125,231.2800,French
116720,French,French,European,179.7154,1214.5092,65.4971,27.5154,French
116721,French,French,European,62.6535,936.0975,28.0306,68.9257,French
116722,French,French,European,0.0000,25.2167,5.6100,0.1417,French
116723,French,French,European,4.5225,918.2500,85.5180,61.4110,French
116724,French,French,European,120.0333,894.6960,44.8741,22.0965,French
116725,French,French,European,27.9347,1031.6772,52.4035,82.5831,French
116726,French,French,European,47.9538,672.1511,30.8659,44.5165,French
116727,French,French,European,4.2027,260.1872,1.5599,27.3516,French
116728,French,French,European,354.8210,2011.3884,83.6700,31.3716,French
116729,French,French,European,96.0484,1151.4800,50.8640,64.1206,French
116730,French,French,European,25.3871,4065.7370,89.2173,401.0066,French
116731,French,French,European,11.9420,84.9540,8.5968,0.3240,French
116732,French,French,European,51.3900,200.2500,2.4525,0.7425,French
116733,French,French,European,966.5529,12247.4054,1446.8342,255.2792,French
116734,French,French,European,0.0000,115.9206,11.2200,0.2833,French
116735,French,French,European,188.1449,3582.2853,258.8647,209.0004,French
116736,French,French,European,65.7392,1535.5750,50.8860,128.7720,French
116737,French,French,European,49.9582,4264.4066,745.1389,106.2964,French
116738,French,French,European,337.0998,5834.9966,48.6961,485.0596,French
116739,French,French,European,86.1086,791.0150,35.6180,33.4464,French
116740,French,French,European,25811.7260,319732.3333,5298.9400,21723.7233,French
116741,French,French,European,242.2502,997.7170,14.8039,7.9806,French
116742,French,French,European,424.1906,2034.3740,35.2248,19.0859,French
116743,French,French,European,140.4055,3700.1370,384.1415,183.5146,French
116744,French,French,European,310.8418,2775.4030,92.4228,143.8498,French
116745,French,French,European,180.4779,1490.9200,41.0103,68.2497,French
116746,French,French,European,23.1332,1388.6216,184.9635,59.4405,French
116747,French,French,European,397.4805,2147.4967,49.9125,41.3104,French
116748,French,French,European,9.4770,1429.6500,86.6700,116.3970,French
116749,French,French,European,504.4984,2893.0050,109.7477,53.0217,French
116750,French,French,European,643.7549,4387.1855,208.9890,110.2329,French
116751,French,French,European,6.4090,1247.1589,86.7038,95.4484,French
116752,French,French,European,509.8622,3381.9835,76.7968,125.5453,French
116753,French,French,European,19.9845,1359.2796,32.1709,129.9389,French
116754,French,French,European,227.1514,2210.8138,56.7316,123.4899,French
116755,French,French,European,94.8904,1646.6140,73.6266,118.1010,French
116756,French,French,European,24.8361,175.0200,4.9911,7.5228,French
116757,French,French,European,69.4812,1695.3082,103.0312,114.4007,French
116758,French,French,European,47.4705,1665.6815,85.3271,131.6550,French
116759,French,French,European,30.7624,330.4800,21.7871,15.1255,French
116760,French,French,European,501.5660,3681.0030,50.8274,195.8417,French
116761,French,French,European,188.8172,2152.6330,33.9698,141.6774,French
116762,French,French,European,14.1324,126.5620,6.2800,4.7550,French
116763,French,French,European,200.0589,4048.8360,224.1373,264.7092,French
116764,French,French,European,43.9607,913.3907,28.1085,71.1092,French
116765,French,French,European,110.2784,845.1727,17.5028,41.7859,French
116766,French,French,European,787.2668,6074.6467,107.7833,290.0412,French
116767,French,French,European,75.0689,3196.5591,34.4870,328.4149,French
116768,French,French,European,208.1120,829.1833,0.6946,0.3255,French
116769,French,French,European,49.8669,871.1407,29.7933,62.5319,French
116770,French,French,European,29.3010,260.1880,6.5334,14.7072,French
116771,French,French,European,2129.8000,99571.6800,2888.8000,9007.5000,French
116772,French,French,European,195.7397,941.8400,17.9445,7.3548,French
116773,French,French,European,314.3166,2011.0442,65.4537,55.8530,French
116774,French,French,European,28.6772,3469.3337,721.2710,32.1756,French
116775,French,French,European,58.5929,1274.3857,88.3276,74.8034,French
116776,French,French,European,10.3529,1471.2493,1.6650,164.1475,French
116777,French,French,European,147.2124,1745.8650,89.3337,86.8056,French
116778,French,French,European,0.7354,2.8865,0.1195,0.0375,French
116779,French,French,European,18.2384,639.5500,35.9345,48.6188,French
116780,French,French,European,264.0176,2446.1204,58.4321,135.3974,French
116781,French,French,European,87.8390,502.4249,15.4319,11.8024,French
116782,French,French,European,169.9140,1153.3160,21.5360,41.6523,French
116783,French,French,European,216.4672,985.2520,34.8861,7.8859,French
116784,French,French,European,63.5761,1370.5104,42.8277,115.2097,French
116785,French,French,European,225.2519,2888.9650,86.7979,180.0849,French
116786,French,French,European,180.7126,1340.0100,33.4360,62.4473,French
116787,French,French,European,387.9844,1937.8850,42.5289,24.0917,French
116788,French,French,European,0.0000,31.5208,7.0125,0.1771,French
116789,French,French,European,36.8551,359.0425,12.9108,19.3880,French
116790,French,French,European,42.9607,810.7178,5.6202,69.9151,French
116791,French,French,European,59.0447,1425.7713,199.1949,44.3404,French
116792,French,French,European,70.8648,1158.2060,32.7781,87.9695,French
116793,French,French,European,20.2508,2789.0479,106.3297,251.2740,French
116794,French,French,European,45.1013,445.9310,16.7067,20.3382,French
116795,French,French,European,47.4520,341.2432,9.4868,15.4284,French
116796,French,French,European,189.0223,1798.6000,58.0766,93.3260,French
116797,French,French,European,89.7492,682.0435,26.3846,22.7992,French
116798,French,French,European,62.0223,759.3380,36.1728,44.2949,French
116799,French,French,European,6.4125,29.3780,1.7559,0.2260,French
116800,French,French,European,384.6826,2755.1764,239.5080,35.1420,French
116801,French,French,European,211.8139,1207.2054,15.6965,38.0370,French
116802,French,French,European,45.6376,3389.3417,250.0476,239.9862,French
116803,French,French,European,155.2616,1342.1100,18.7644,75.5092,French
116804,French,French,European,491.4558,6173.8148,207.7884,411.2396,French
116805,French,French,European,2313.6217,21331.4373,245.5113,1235.9548,French
116806,French,French,European,47.7318,2724.3344,388.1201,110.5196,French
116807,French,French,European,0.0000,360.6720,0.0000,40.8000,French
116808,French,French,European,6.2765,1843.6781,158.7459,128.6688,French
116809,French,French,European,179.6592,3914.2395,268.1416,237.0407,French
116810,French,French,European,33.3000,4871.6446,208.4373,429.1490,French
116811,French,French,European,57.9481,257.5109,12.5950,1.7404,French
116812,French,French,European,0.1740,232.1833,49.8390,2.0903,French
116813,French,French,European,155.8662,2398.4925,83.7145,162.6623,French
116814,French,French,European,280.8950,1851.5675,17.6455,78.5245,French
116815,French,French,European,8.2907,171.7732,13.9763,9.9127,French
116816,French,French,European,127.6830,2755.2452,160.1374,180.6654,French
116817,French,French,European,351.0069,3422.6660,71.6558,206.5089,French
116818,French,French,European,120.0403,1103.3622,10.9939,64.2966,French
116819,French,French,European,1.8900,78.1200,11.1384,2.6208,French
116820,French,French,European,57.0231,578.2670,33.5574,27.2060,French
116821,French,French,European,10.6490,1292.9200,6.4704,137.3050,French
116822,French,French,European,239.1607,130258.2202,53.0816,14585.1126,French
116823,French,French,European,161.0185,1027.8657,43.5924,24.1899,French
116824,French,French,European,154.6796,1649.5400,91.8902,73.6005,French
116825,French,French,European,0.0000,75.6500,16.8300,0.4250,French
116826,French,French,European,1.2415,280.0307,7.0087,27.8953,French
116827,French,French,European,45948.7792,561137.5325,7440.1170,38724.1353,French
116828,French,French,European,124.1466,2489.6575,145.2459,156.5367,French
116829,French,French,European,62.3643,464.6550,6.0054,24.0726,French
116830,French,French,European,1149.7350,11278.7686,1159.8268,211.2979,French
116831,French,French,European,55.9705,2407.2536,294.0991,113.2109,French
116832,French,French,European,402.9750,80379.0000,5418.2250,6352.0200,French
116833,French,French,European,950.1850,5499.5400,215.3100,97.6079,French
116834,French,French,European,196.2718,1619.5493,64.9340,66.5175,French
116835,French,French,European,646.7320,3122.8610,10.4054,63.0079,French
116836,French,French,European,15.5824,8034.5650,179.2066,802.7580,French
116837,French,French,European,222.0476,2466.0200,94.5338,133.1436,French
116838,French,French,European,125.9872,1785.1705,19.7828,134.9758,French
116839,French,French,European,1.9667,77.8188,6.3243,4.7579,French
116840,French,French,European,0.3062,1249.3705,113.4411,85.2476,French
116841,French,French,European,50.2120,1214.7450,61.8751,89.5696,French
116842,French,French,European,161.1682,1229.9400,46.7798,39.7404,French
116843,French,French,European,75.5227,303.9257,0.6707,0.7041,French
116844,French,French,European,0.0000,403.4676,89.7602,2.2667,French
116845,French,French,European,762.5183,5229.6729,241.9222,134.4662,French
116846,French,French,European,61.7339,734.8188,30.7535,40.5284,French
116847,French,French,European,41.0960,3040.1600,4.8400,324.4400,French
116848,French,French,European,30.1080,246.9250,10.2322,10.9073,French
116849,French,French,European,367.4520,3238.4987,39.5587,186.0190,French
116850,French,French,European,2.4289,138.1857,0.6641,14.7158,French
116851,French,French,European,82.3433,673.2827,8.5286,35.2233,French
116852,French,French,European,3.5520,350.4000,2.6040,37.0920,French
116853,French,French,European,0.3508,26.3350,5.6278,0.1539,French
116854,French,French,European,10.0930,332.1780,24.6058,20.2504,French
116855,French,French,European,93.0200,851.8720,39.3268,36.9097,French
116856,French,French,European,27.4983,146.8085,8.2754,0.2833,French
116857,French,French,European,18.7426,142.8110,7.3277,5.1560,French
116858,French,French,European,8.8699,318.8225,2.7983,30.0553,French
116859,French,French,European,63.1030,376.0615,21.1849,8.9180,French
116860,French,French,European,128.5306,4376.7839,279.7091,300.9102,French
116861,French,French,European,57.1512,1235.9564,40.8757,96.7545,French
116862,French,French,European,66.1129,708.4450,34.0586,33.8852,French
116863,French,French,European,56.0360,4426.6089,563.7357,218.4775,French
116864,French,French,European,33.3155,1883.4098,361.8450,23.3042,French
116865,French,French,European,382.3800,2952.7547,60.4939,139.3764,French
116866,French,French,European,279.1958,1574.7270,41.4118,29.1515,French
116867,French,French,European,52.2224,1158.2558,20.0954,105.9478,French
116868,French,French,European,11.5197,881.0865,66.7854,62.0273,French
116869,French,French,European,314.3063,2045.2410,80.4573,50.1031,French
116870,French,French,European,22.6301,463.0869,14.3902,38.4085,French
116871,French,French,European,110.6532,1115.6925,38.1552,61.4127,French
116872,French,French,European,20.7175,185.4630,2.1715,11.4202,French
116873,French,French,European,19.3998,84.8657,3.6001,0.4516,French
116874,French,French,European,33.9842,2177.5900,148.4590,159.4541,French
116875,French,French,European,9.4830,1778.9283,362.4787,21.8297,French
116876,French,French,European,7608.5282,35898.9800,1047.7100,395.0187,French
116877,French,French,European,671.7727,3848.8508,162.9956,59.0356,French
116878,French,French,European,657.3165,3639.7670,160.8114,47.7148,French
116879,French,French,European,326.0622,4920.4761,32.4006,394.5129,French
116880,French,French,European,191.2200,1563.2040,44.3811,80.8889,French
116881,French,French,European,5.0864,700.3255,73.4204,41.0657,French
116882,French,French,European,10.8843,98.7400,3.9062,4.6218,French
116883,French,French,European,139.7728,3201.3115,71.7212,266.8447,French
116884,French,French,European,54.6667,4498.2007,754.0646,119.9301,French
116885,French,French,European,41.6643,734.3071,14.2968,58.6355,French
116886,French,French,European,26.7799,476.4678,5.9350,41.4517,French
116887,French,French,European,456.3016,2835.8200,123.0695,60.6479,French
116888,French,French,European,1.0130,886.6520,3.8433,98.3868,French
116889,French,French,European,41.6729,16001.2955,348.8309,1603.0412,French
116890,French,French,European,2.9158,37.2100,1.9215,1.9947,French
116891,French,French,European,16526.7669,76931.0262,1685.4884,421.3355,French
116892,French,French,European,246.2890,2187.8107,38.1076,123.4960,French
116893,French,French,European,147.4303,1673.9082,64.9223,94.8679,French
116894,French,French,European,8.0347,874.4683,103.0548,45.8689,French
116895,French,French,European,339.6754,1670.2000,22.8721,26.4420,French
116896,French,French,European,51.1563,2411.0960,72.0735,224.0905,French
116897,French,French,European,3.9760,22.5600,1.0768,1.1424,French
116898,French,French,European,353.0570,3041.0393,73.1941,166.3080,French
116899,French,French,European,7.8570,652.7800,5.3430,68.9000,French
116900,French,French,European,143.4369,1318.1724,41.4772,75.6029,French
116901,French,French,European,64.8282,1388.5083,43.5386,116.5176,French
116902,French,French,European,74.1732,539.3600,17.0040,19.6115,French
116903,French,French,European,272.7124,2246.6800,74.6880,102.0876,French
116904,French,French,European,63.9530,917.3360,39.8860,58.2463,French
116905,French,French,European,67.9689,1002.4227,48.1366,61.3980,French
116906,French,French,European,210.5729,1477.5310,16.9543,64.4747,French
116907,French,French,European,146.5161,981.5137,36.7484,28.0296,French
116908,French,French,European,301.4339,4828.9960,64.4513,390.8665,French
116909,French,French,European,0.1328,3.0240,0.0006,0.0006,French
116910,French,French,European,91.6161,370.6862,6.7906,2.2953,French
116911,French,French,European,290.2196,1334.4190,31.1238,2.6640,French
116912,French,French,European,49.8607,1126.7561,104.8331,55.7274,French
116913,French,French,European,61.2874,460.9180,16.6051,17.3847,French
116914,French,French,European,50.5052,973.5200,57.0860,61.0452,French
116915,French,French,European,445.3678,3031.6185,183.6481,60.3182,French
116916,French,French,European,25.8775,728.3264,53.1395,44.5120,French
116917,French,French,European,76.1290,882.9300,33.4914,51.4524,French
116918,French,French,European,0.2552,397.7505,26.5895,31.7435,French
116919,French,French,European,24.1687,548.3400,28.2605,39.0888,French
116920,French,French,European,8.4818,835.6640,38.0382,73.6288,French
116921,French,French,European,3.2705,14.1512,0.2201,0.0629,French
116922,French,French,European,645.3022,3871.7490,80.5712,111.0190,French
116923,French,French,European,3.8978,1803.3501,191.4881,108.8480,French
116924,French,French,European,35.7983,615.1497,26.0425,42.7713,French
116925,French,French,European,59.0941,463.1420,17.3504,18.9021,French
116926,French,French,European,0.0060,1.0500,0.1710,0.0330,French
116927,French,French,European,,,,,French
116928,French,French,European,723.5279,3127.8170,31.5766,11.3279,French
116929,French,French,European,89.4022,2983.4197,234.3672,193.1159,French
116930,French,French,European,15.8303,341.1460,22.1700,19.4860,French
116931,French,French,European,33.0771,1157.2950,10.9038,114.6979,French
116932,French,French,European,127.8664,1399.4490,117.7917,53.0002,French
116933,French,French,European,63.4950,6092.2816,250.0886,529.7331,French
116934,French,French,European,1020.7208,7093.5527,312.5510,198.5088,French
116935,French,French,European,81.4020,709.3500,20.5590,34.9860,French
116936,French,French,European,48.5647,837.3870,37.5860,59.6560,French
116937,French,French,European,10.7824,164.2740,10.1230,8.7444,French
116938,French,French,European,65.5123,523.6750,9.7610,24.7784,French
116939,French,French,European,185.1572,1301.7285,38.9622,45.3131,French
116940,French,French,European,34.6378,798.6980,21.9008,65.6603,French
116941,French,French,European,47.0502,1644.0795,4.0614,164.4879,French
116942,French,French,European,82.6184,1835.7130,105.7754,123.1386,French
116943,French,French,European,39.8065,989.9762,20.6325,86.0829,French
116944,French,French,European,5.8242,1066.4100,13.7928,110.6549,French
116945,French,French,European,23.3264,1373.3680,15.4078,137.6910,French
116946,French,French,European,5.3460,378.5540,11.0253,36.3656,French
116947,French,French,European,105.6956,973.9380,21.4453,51.3583,French
116948,French,French,European,110.9061,1411.4000,60.1419,83.1912,French
116949,French,French,European,273.2006,1603.4730,13.7903,56.9463,French
116950,French,French,European,10.3905,1121.5041,77.2296,85.3252,French
116951,French,French,European,94.2975,739.2690,20.6832,31.5643,French
116952,French,French,European,365.5894,1890.8570,68.0225,12.8767,French
116953,French,French,European,201.9501,1092.7185,68.3373,4.1815,French
116954,French,French,European,1.9687,11.2622,0.5320,0.4132,French
116955,French,French,European,172.3650,1166.7920,33.5258,36.4552,French
116956,French,French,European,883.1101,5200.3000,227.3475,84.0744,French
116957,French,French,European,34.2561,1116.8600,59.8275,69.2570,French
116958,French,French,European,146.4098,1449.5359,44.0978,80.5541,French
116959,French,French,European,6594.0131,35455.1400,1021.6725,618.6404,French
116960,French,French,European,57.8347,2714.4941,249.7503,158.7327,French
116961,French,French,European,187.7036,1212.1490,35.6218,33.4502,French
116962,French,French,European,54.0853,1495.7294,151.6114,75.5578,French
116963,French,French,European,32142.7725,155329.0000,2690.4675,1465.6550,French
116964,French,French,European,170.3103,1683.2347,107.3074,72.0080,French
116965,French,French,European,43.8988,1229.0611,151.3778,47.9925,French
116966,French,French,European,326.7620,2036.0606,9.0888,95.4131,French
116967,French,French,European,33.7404,1044.5732,93.5166,58.5614,French
116968,French,French,European,280.2863,6186.1061,347.6704,404.4658,French
116969,French,French,European,54.0611,1369.2553,35.7123,119.5877,French
116970,French,French,European,0.0000,2109.2400,281.9578,100.2910,French
116971,French,French,European,152.3673,2741.4282,119.4929,199.0391,French
116972,French,French,European,107.1165,762.5505,36.3646,24.1323,French
116973,French,French,European,13.9760,270.3000,19.7080,14.5130,French
116974,French,French,European,17.3577,1813.4046,371.2156,17.7193,French
116975,French,French,European,27.4069,501.9980,32.8085,27.0013,French
116976,French,French,European,522.9507,2393.1570,40.8278,9.0959,French
116977,French,French,European,117.7516,1351.8852,57.7360,78.5845,French
116978,French,French,European,30.3147,792.5300,33.7709,61.9158,French
116979,French,French,European,21.8927,638.1176,93.7674,18.4027,French
116980,French,French,European,3.2880,408.0000,3.4080,43.2960,French
116981,French,French,European,3.9285,1816.6023,361.7123,29.8667,French
116982,French,French,European,27.7932,1034.4800,35.6952,92.0964,French
116983,French,French,European,53.5447,1169.3525,64.3900,81.9992,French
116984,French,French,European,38.0161,301.8875,8.8951,14.9197,French
116985,French,French,European,228.7984,3556.3583,192.3458,217.8229,French
116986,French,French,European,1.3553,573.7700,18.8984,54.7788,French
116987,French,French,European,52.5644,1074.3160,37.3149,81.5275,French
116988,French,French,European,63.2870,994.6958,9.8968,82.4885,French
116989,French,French,European,66.7999,682.1611,33.0063,32.2738,French
116990,French,French,European,30.7963,115.9600,0.5798,0.3791,French
116991,French,French,European,3.4290,522.0065,21.6795,46.2375,French
116992,French,French,European,81.9702,361.0204,9.7069,0.3629,French
116993,French,French,European,74.3126,6338.3050,22.8276,673.4567,French
116994,French,French,European,2769.8992,21505.3333,160.2160,1098.2201,French
116995,French,French,European,215.8225,1002.7710,12.9007,13.9334,French
116996,French,French,European,74.0677,526.9110,25.3911,16.9605,French
116997,French,French,European,41556.3168,201122.4637,1250.5484,3392.0671,French
116998,French,French,European,121.7787,2505.0817,59.0252,197.8775,French
116999,French,French,European,40.4915,1040.1410,53.5818,73.6683,French
117000,French,French,European,80.8745,1237.1140,95.2290,59.4077,French
117001,French,French,European,38.6377,1688.1826,164.4648,99.5243,French
117002,French,French,European,272.1540,2756.8533,98.7789,151.5605,French
117003,French,French,European,0.6347,24.5100,3.8489,0.6379,French
117004,French,French,European,2.4339,321.6600,69.3069,1.7513,French
117005,French,French,European,6.4639,445.8865,34.1910,31.0125,French
117006,French,French,European,7.9432,1705.9980,1.1209,189.2022,French
117007,French,French,European,672.0844,3943.1113,164.2209,66.6811,French
117008,French,French,European,71.5207,582.7718,0.5833,34.6721,French
117009,French,French,European,701.8216,19598.2875,786.7827,1506.0599,French
117010,French,French,European,247.9004,1318.7440,19.0670,35.1474,French
117011,French,French,European,52.4666,463.0065,5.4507,28.1191,French
117012,French,French,European,222.1713,911.0648,2.1089,0.2234,French
117013,French,French,European,446.6987,2385.5450,36.1932,61.9995,French
117014,French,French,European,69.5300,638.2560,31.4025,23.7775,French
117015,French,French,European,316.4335,1350.4797,20.1968,16.4035,French
117016,French,French,European,133.7303,1729.2100,8.1618,132.6801,French
117017,French,French,European,32305.9428,130746.4000,42.4368,165.1291,French
117018,French,French,European,42.9940,2182.9708,109.7661,174.5737,French
117019,French,French,European,0.9331,717.4159,0.0149,81.6047,French
117020,French,French,European,0.5179,107.9170,0.5368,6.8190,French
117021,French,French,European,12.7123,1289.2280,4.4314,138.9850,French
117022,French,French,European,165.0609,4093.6178,161.2064,312.5985,French
117023,French,French,European,67.0080,793.7500,45.9680,36.8313,French
117024,French,French,European,38.0066,575.7800,29.2216,36.1964,French
117025,French,French,European,3.0243,115.5960,1.0330,10.7305,French
117026,French,French,European,175.6047,2055.1105,23.6745,142.7870,French
117027,French,French,European,100.1004,978.0442,117.1098,13.7635,French
117029,French,French,European,29.7659,1699.4352,189.7087,86.9859,French
117030,French,French,European,69.4312,436.2528,39.3994,2.5570,French
117031,French,French,European,5.9686,317.6925,1.2587,27.0890,French
117032,French,French,European,271.7400,3337.6787,54.4933,227.5954,French
117033,French,French,European,35.6618,624.4400,48.1772,31.0708,French
117034,French,French,European,40.4660,850.4900,39.9278,59.3153,French
117035,French,French,European,34.1456,1933.3815,46.6757,185.0569,French
117036,French,French,European,31.0524,16128.0920,354.0329,1618.6810,French
117037,French,French,European,34.5636,167.9248,2.1753,2.6746,French
117038,French,French,European,7.6856,61.5915,0.9432,3.7270,French
117039,French,French,European,42.3438,724.8308,28.3135,50.0211,French
117040,French,French,European,49.9269,255.0940,9.7336,4.2818,French
117041,French,French,European,168.2528,3282.5246,345.2556,135.6707,French
117042,French,French,European,53.8890,571.6298,25.4587,31.3184,French
117043,French,French,European,63.4280,980.0000,53.3720,61.6000,French
117044,French,French,European,68.5198,374.3340,9.9777,7.7170,French
117045,French,French,European,372.4386,6012.8115,197.0609,456.1174,French
117046,French,French,European,271.8850,1767.0539,112.8533,34.9392,French
117047,French,French,European,494.8965,3292.9800,144.4317,84.3036,French
117048,French,French,European,0.0000,626.3867,0.0000,72.6667,French
117049,French,French,European,6.3559,517.1630,2.7775,54.6320,French
117050,French,French,European,528.7170,3809.6942,58.5738,175.7783,French
117051,French,French,European,77.1189,923.7400,24.2181,60.3435,French
117052,French,French,European,21.9549,495.4000,18.1066,39.8915,French
117053,French,French,European,329.8336,3176.1810,47.4421,190.0696,French
117054,French,French,European,58.7262,1537.2871,192.0252,62.9032,French
117055,French,French,European,1004.6357,5105.7415,167.3021,46.5920,French
117056,French,French,European,120.9476,1285.8175,54.6859,62.2925,French
117057,French,French,European,33.1290,971.8000,46.6882,76.6638,French
117058,French,French,European,23.4348,121.3320,6.1122,0.8310,French
117059,French,French,European,18.6177,202.2302,6.4691,13.2013,French
117060,French,French,European,91.2537,1804.0024,95.6760,114.9228,French
117061,French,French,European,302.4809,2105.9142,46.6400,80.2536,French
117062,French,French,European,79.0998,1419.7500,22.9932,113.6628,French
117063,French,French,European,11.7953,60.7510,0.5021,0.1399,French
117064,French,French,European,229.6639,1713.8318,48.8780,67.4394,French
117065,French,French,European,223.6636,1905.1440,36.8032,97.3020,French
117066,French,French,European,28.5597,251.7480,6.5193,14.9860,French
117067,French,French,European,18.6732,171.3600,6.3252,8.0892,French
117068,French,French,European,445.6045,3269.6843,64.9233,136.6156,French
117069,French,French,European,43.8372,1782.4631,211.0402,81.7712,French
117070,French,French,European,186.7112,1364.2839,83.0046,27.8954,French
117071,French,French,European,128.2698,1361.3600,38.2580,77.7268,French
117072,French,French,European,970.9777,5525.8752,183.0775,110.4866,French
117073,French,French,European,1064.3545,5888.1400,88.5635,134.8030,French
117074,French,French,European,33.9000,451.2300,8.0514,32.4324,French
117075,French,French,European,14.8348,201.7632,12.4033,10.0982,French
117076,French,French,European,742.8452,12984.4700,471.9015,976.3034,French
117077,French,French,European,190.5315,934.5500,17.1191,10.4221,French
117078,French,French,European,107.7257,1134.0850,49.4231,62.3484,French
117079,French,French,European,246.9640,10899.6000,326.3560,952.1220,French
117080,French,French,European,5.7646,612.3187,3.8546,64.6529,French
117081,French,French,European,512.0307,3359.5500,143.3747,89.5708,French
117082,French,French,European,34.2008,2144.9635,135.7373,160.2638,French
117083,French,French,European,218.4320,859.6600,0.8540,0.5856,French
117084,French,French,European,2.3820,332.2240,13.2470,30.2620,French
117085,French,French,European,8.9313,112.3516,5.7944,5.9935,French
117086,French,French,European,45.8766,1771.4332,88.7255,141.9962,French
117087,French,French,European,8.2319,32.9421,0.3554,0.1351,French
117088,French,French,European,576.1307,3062.9947,36.4534,88.3633,French
117089,French,French,European,6.2171,1694.6438,93.4385,142.4043,French
117090,French,French,European,152.8371,1482.7742,31.6737,86.2936,French
117091,French,French,European,116.0835,2045.5875,231.3701,69.6727,French
117092,French,French,European,50.0443,3527.9881,91.4117,338.1360,French
117093,French,French,European,754.8659,3230.4800,89.0909,8.5102,French
117094,French,French,European,262.9581,3440.6300,82.4615,245.9510,French
117095,French,French,European,44.5334,698.9650,18.1166,51.1872,French
117096,French,French,European,18.8750,105.0000,7.0000,0.5000,French
117097,French,French,European,24.1601,441.1200,27.8599,27.9346,French
117098,French,French,European,129.4036,540.8360,6.9789,3.3793,French
117099,French,French,European,134.0790,1172.7460,40.6412,56.6265,French
117100,French,French,European,43.5363,370.0016,31.5379,7.1971,French
117101,French,French,European,764.6987,38413.8777,2220.2302,2988.0816,French
117102,French,French,European,85.3199,1552.9965,78.3867,104.1586,French
117103,French,French,European,17.0247,1201.9481,109.9184,76.2637,French
117104,French,French,European,121.8943,1255.4030,25.0668,74.1832,French
117105,French,French,European,75.4845,1655.7522,68.0880,123.0406,French
117106,French,French,European,54.1590,235.8683,5.4431,2.9484,French
117107,French,French,European,605.4968,3985.6088,156.5199,110.8724,French
117108,French,French,European,27.7991,117.2384,2.4948,0.2268,French
117109,French,French,European,1.6461,7.0718,0.2848,0.0759,French
117110,French,French,European,13.2150,60.0000,2.8050,0.6600,French
117111,French,French,European,93.5314,2426.1840,86.3507,191.0020,French
117112,French,French,European,49.7487,2341.8877,216.6309,139.5218,French
117113,French,French,European,12.9422,2155.2400,154.5696,164.3044,French
117114,French,French,European,113.7867,660.8715,11.6903,19.1563,French
117115,French,French,European,6.7434,35.8598,1.9157,0.3563,French
117116,French,French,European,36.9630,3461.9066,249.8135,253.6515,French
117117,French,French,European,3.0929,128.6779,11.2965,0.3173,French
117118,French,French,European,25.9880,943.6013,109.9976,47.4514,French
117119,French,French,European,282.1926,4937.1926,69.7535,414.9469,French
117120,French,French,European,29.1896,1959.1295,189.3104,118.5096,French
117121,French,French,European,70.8174,1099.7150,38.0025,79.2535,French
117122,French,French,European,480.2881,3314.0560,69.6346,133.2226,French
117123,French,French,European,223.5013,1931.6622,33.3624,104.8036,French
117124,French,French,European,1.2735,3.7812,0.0635,0.0106,French
117125,French,French,European,33.2331,1937.1500,17.9978,196.2550,French
117126,French,French,European,0.0000,37.8250,8.4150,0.2125,French
117127,French,French,European,42.7512,728.4766,100.3033,17.7181,French
117128,French,French,European,67.1067,269.1650,0.1483,0.0812,French
117129,French,French,European,687.5405,8991.3680,716.7929,438.3700,French
117130,French,French,European,701.8535,3440.7839,110.8536,21.7617,French
117131,French,French,European,42.4490,1130.8965,58.3208,84.2093,French
117132,French,French,European,132.6069,1901.1970,147.0045,90.7406,French
117133,French,French,European,5160.2842,21971.2000,523.3116,206.8000,French
117134,French,French,European,27.7406,368.2596,6.9243,28.3982,French
117135,French,French,European,15.4251,904.2560,2.8441,93.0200,French
117136,French,French,European,17.4942,442.5300,16.3282,33.1941,French
117137,French,French,European,745.1431,3688.2140,123.5066,16.8014,French
117138,French,French,European,19.0385,1125.9852,36.6984,103.3267,French
117139,French,French,European,15.7140,342.0000,10.6860,28.8000,French
117140,French,French,European,38.9156,1157.2602,55.8601,93.0892,French
117141,French,French,European,40.7602,16105.5640,365.5859,1607.3332,French
117142,French,French,European,4.1743,36.0600,4.7269,0.5342,French
117143,French,French,European,761.0549,4940.4920,195.6436,127.1739,French
117144,French,French,European,143.5488,1411.4340,32.0580,86.4000,French
117145,French,French,European,60.0087,497.4793,17.8602,19.7715,French
117146,French,French,European,708.1494,4834.1360,149.1985,165.4139,French
117147,French,French,European,165.9391,1756.3400,93.2872,82.8474,French
117148,French,French,European,138.6590,1815.9825,105.3872,98.3974,French
117149,French,French,European,379.8914,2521.6800,62.2600,92.5776,French
117150,French,French,European,5.1150,2272.4767,90.0900,211.9037,French
117151,French,French,European,,,,,French
117152,French,French,European,41.3864,429.4656,5.9746,27.8155,French
117153,French,French,European,0.0000,39.7800,0.0000,4.5000,French
117154,French,French,European,17.2802,1819.5820,8.7394,194.6148,French
117155,French,French,European,355.4873,3803.6000,126.7879,210.5066,French
117156,French,French,European,226.8285,1850.1900,70.3995,81.0609,French
117157,French,French,European,78.2781,952.4977,2.6522,73.6343,French
117158,French,French,European,35.1818,734.0570,54.8277,44.4860,French
117159,French,French,European,2.9288,630.4590,34.9550,53.0428,French
117160,French,French,European,13.7615,679.0310,15.4465,61.9697,French
117161,French,French,European,31.3069,1206.0067,64.5275,96.8473,French
117162,French,French,European,720.8756,3705.9054,119.5318,39.9359,French
117163,French,French,European,241.7091,2311.2150,55.5394,137.1080,French
117164,French,French,European,132.4679,1204.0221,101.1823,32.2599,French
117165,French,French,European,157.4268,702.5170,14.4038,0.2290,French
117166,French,French,European,,,,,French
117167,French,French,European,10.7370,743.0000,55.5830,52.4400,French
117168,French,French,European,8.0459,666.9895,15.4360,63.0742,French
117169,French,French,European,297.4592,2706.4489,208.8672,78.1512,French
117170,French,French,European,2.4632,764.8234,11.4382,79.9311,French
117171,French,French,European,264.6449,1784.4775,56.6499,56.1162,French
117172,French,French,European,22.9668,642.4500,17.0730,56.6088,French
117173,French,French,European,11.9411,554.8440,25.6514,45.1653,French
117174,French,French,European,73.1706,1464.4591,12.3267,133.3761,French
117175,French,French,European,54.6769,2145.2089,204.1302,122.3932,French
117176,French,French,European,35.4271,855.2878,29.5808,71.2280,French
117177,French,French,European,,,,,French
117178,French,French,European,127.3948,1579.2315,77.7959,83.5737,French
117179,French,French,European,20.1775,1636.8277,63.4001,147.3940,French
117180,French,French,European,89.1386,560.1080,15.9196,16.2018,French
117181,French,French,European,154.4239,925.6140,19.2540,33.5421,French
117182,French,French,European,277.3910,1832.0360,48.8670,63.8549,French
117183,French,French,European,5.6120,19527.0933,4207.7847,173.9452,French
117184,French,French,European,346.6261,2570.9800,49.5665,119.1865,French
117185,French,French,European,168.0517,872.9139,17.2615,13.9756,French
117186,French,French,European,827.7066,4531.8530,158.8928,68.5675,French
117187,French,French,European,38.9078,1936.5000,86.7367,166.9161,French
117188,French,French,European,244.0677,994.2800,9.5676,4.2840,French
117189,French,French,European,173.3601,1120.6252,12.0460,44.0313,French
117190,French,French,European,394.8138,1801.0020,29.6358,6.7848,French
117191,French,French,European,171.3351,2948.0050,158.3985,178.7035,French
117192,French,French,European,14.7002,90.0105,1.1333,2.0792,French
117193,French,French,European,33.7430,1828.7917,282.6045,57.1422,French
117194,French,French,European,197.6510,1534.1423,63.5399,60.6529,French
117195,French,French,European,16.7297,588.0345,5.5766,57.1764,French
117196,French,French,European,521.6282,4122.2335,74.8381,208.4394,French
117197,French,French,European,228.4586,1227.5930,1.9897,37.6203,French
117198,French,French,European,197.3593,1065.8487,28.0731,24.0797,French
117199,French,French,European,350.0308,4774.7677,687.7920,57.8703,French
117200,French,French,European,222.7299,3226.9234,72.8272,229.3218,French
117201,French,French,European,27.5257,1536.6771,129.9041,102.0534,French
117202,French,French,European,111.2442,650.9495,27.4137,9.5330,French
117203,French,French,European,26.9681,959.3970,53.7232,72.7661,French
117204,French,French,European,13.2676,120.4710,5.6383,0.2267,French
117205,French,French,European,29.1596,864.2700,31.0945,69.7240,French
117206,French,French,European,400.3333,122504.2034,9223.4698,9274.1682,French
117207,French,French,European,86.4301,2078.2830,169.8613,124.7561,French
117208,French,French,European,225.0011,1381.8520,30.5167,36.5814,French
117209,French,French,European,6.2987,24.3810,0.0000,0.0000,French
117210,French,French,European,20.4365,1322.8647,7.8317,138.3333,French
117211,French,French,European,33.9365,1026.1004,127.5941,31.3091,French
117212,French,French,European,21.4260,1215.9000,83.7498,87.5934,French
117213,French,French,European,114.5674,3378.7578,26.9634,317.3672,French
117214,French,French,European,16.9915,3729.8642,383.9767,227.7466,French
117215,French,French,European,418.5894,2642.1790,86.2243,75.2549,French
117216,French,French,European,87.2079,3819.9417,458.4847,171.9546,French
117217,French,French,European,26.9467,686.8200,47.2664,43.6449,French
117218,French,French,European,16.8552,515.7200,39.8552,32.6664,French
117219,French,French,European,548.4606,2199.3537,3.4189,1.5309,French
117220,French,French,European,214.2779,1975.6273,59.3704,104.2608,French
117221,French,French,European,34.3769,977.2300,47.4404,77.9220,French
117222,French,French,European,1959.2648,10984.1137,392.6525,185.9900,French
117223,French,French,European,229.2512,2889.0475,45.8342,199.1996,French
117224,French,French,European,254.4193,1156.1080,17.4143,6.2176,French
117225,French,French,European,29.7642,698.5291,95.9794,20.0890,French
117226,French,French,European,617.8962,3342.1125,133.8725,36.9222,French
117227,French,French,European,21.9748,479.5008,32.2901,28.8013,French
117228,French,French,European,3989.5200,165863.2240,1661.3600,17187.9100,French
117229,French,French,European,72.4137,465.4243,19.0061,11.1048,French
117230,French,French,European,114.1455,1785.5038,55.5444,130.5772,French
117231,French,French,European,141.5370,874.9960,29.6470,19.7324,French
117232,French,French,European,50.8780,1219.6932,18.1998,113.0282,French
117233,French,French,European,16.6133,759.5960,21.3450,66.7655,French
117234,French,French,European,259.1378,1507.3900,34.2913,37.0419,French
117235,French,French,European,61.5205,1513.9676,51.6283,128.1796,French
117236,French,French,European,144.2256,1006.4160,30.4655,33.4225,French
117237,French,French,European,197.5619,913.5240,17.6835,3.5004,French
117238,French,French,European,89.3158,2712.2026,272.4712,134.7001,French
117239,French,French,European,44.2243,666.7217,102.4311,2.5765,French
117240,French,French,European,23.3154,770.0610,15.1053,72.2414,French
117241,French,French,European,63.6009,628.3440,4.3585,41.6185,French
117242,French,French,European,31.8548,1310.9440,95.9984,87.2082,French
117243,French,French,European,52.3632,570.5682,26.0266,32.0207,French
117244,French,French,European,18.7396,305.1388,2.0524,24.7815,French
117245,French,French,European,29.5837,322.8524,10.8372,19.6161,French
117246,French,French,European,17.8474,1227.6184,189.5108,39.9251,French
117247,French,French,European,468.1287,2636.3400,102.4023,42.4788,French
117248,French,French,European,57.1851,263.6430,10.3714,4.2244,French
117249,French,French,European,2.0550,323.7019,26.4992,22.4413,French
117250,French,French,European,119.7898,1957.6190,75.1576,135.6062,French
117251,French,French,European,105.8947,970.8400,24.0145,53.2540,French
117252,French,French,European,40.2235,503.2567,53.8278,15.3586,French
117253,French,French,European,476.1956,5028.2370,83.3942,323.1176,French
117254,French,French,European,61.8959,914.4255,43.3436,57.0208,French
117255,French,French,European,23.9400,2048.0000,117.3180,171.0980,French
117256,French,French,European,2.7997,995.5500,1.2095,111.2591,French
117257,French,French,European,210.2094,38609.9273,1188.2089,3635.5953,French
117258,French,French,European,109.3762,1350.7633,43.1204,83.6751,French
117259,French,French,European,16.2523,1857.7162,91.3179,160.5721,French
117260,French,French,European,257.1511,1157.1217,16.6868,6.2028,French
