Recipe_id,Region,Sub_region,Continent,"Carbohydrate, by difference (g)",Energy (kcal),Protein (g),Total lipid (fat) (g),cuisine
9251,Greek,Greek,European,,,,,Greek
9252,Greek,Greek,European,23.6779,996.4490,57.7145,74.2698,Greek
9253,Greek,Greek,European,6.5515,861.3354,53.6894,67.2898,Greek
9254,Greek,Greek,European,34.9880,526.2499,26.3694,32.9161,Greek
9255,Greek,Greek,European,401.0251,2508.4963,128.6451,50.4244,Greek
9256,Greek,Greek,European,3.0675,1152.7200,10.6575,123.9600,Greek
9257,Greek,Greek,European,30.6384,1252.6080,33.7567,117.8211,Greek
9258,Greek,Greek,European,1.8990,10.8000,0.8910,0.2370,Greek
9259,Greek,Greek,European,30.7894,261.1370,2.1135,14.1701,Greek
9260,Greek,Greek,European,16.3936,357.0692,17.7898,24.3120,Greek
9261,Greek,Greek,European,43.0323,207.1525,8.9119,1.9000,Greek
9262,Greek,Greek,European,51.0279,768.7063,58.5609,37.2279,Greek
9263,Greek,Greek,European,6.1350,396.0000,21.3150,31.9200,Greek
9264,Greek,Greek,European,25.7962,1157.9400,55.6545,94.2671,Greek
9265,Greek,Greek,European,0.9584,41.5400,1.9296,3.4745,Greek
9266,Greek,Greek,European,33.6479,529.2730,28.1627,35.5019,Greek
9267,Greek,Greek,European,181.6248,2149.2565,47.0142,135.6477,Greek
9268,Greek,Greek,European,38.1983,296.4749,14.4508,12.1975,Greek
9269,Greek,Greek,European,871.2491,4322.5052,103.6306,61.8053,Greek
9270,Greek,Greek,European,59.0154,948.4320,22.0355,74.2775,Greek
9271,Greek,Greek,European,,,,,Greek
9272,Greek,Greek,European,189.9222,2037.4533,65.7029,115.7498,Greek
9273,Greek,Greek,European,185.5390,2164.2265,47.1699,135.7048,Greek
9274,Greek,Greek,European,18.5084,1828.3905,142.9059,129.1391,Greek
9275,Greek,Greek,European,92.8083,2509.3819,80.6141,204.7870,Greek
9276,Greek,Greek,European,32.6033,750.3367,25.9738,60.0092,Greek
9277,Greek,Greek,European,5.1899,116.0308,6.3629,8.2017,Greek
9278,Greek,Greek,European,46.5233,493.9519,19.4269,30.4187,Greek
9279,Greek,Greek,European,100.2664,940.9240,20.7239,57.2221,Greek
9280,Greek,Greek,European,239.6932,2497.9849,272.9814,56.3721,Greek
9281,Greek,Greek,European,37.9184,708.5824,18.3064,57.8968,Greek
9282,Greek,Greek,European,13.8356,1258.6261,149.3083,62.9659,Greek
9283,Greek,Greek,European,10.7824,855.7133,66.7600,60.1739,Greek
9284,Greek,Greek,European,97.5862,2962.7911,60.3787,270.0806,Greek
9285,Greek,Greek,European,32.3966,1608.1775,9.8479,166.6024,Greek
9286,Greek,Greek,European,190.6265,1468.7634,52.9761,57.4005,Greek
9287,Greek,Greek,European,12.4085,1277.1000,29.6348,124.9531,Greek
9288,Greek,Greek,European,18.7883,274.3099,13.6190,16.5368,Greek
9289,Greek,Greek,European,201.4292,1374.0178,73.3097,34.2689,Greek
9290,Greek,Greek,European,22.0316,129.2800,2.1004,4.4296,Greek
9291,Greek,Greek,European,12.4273,476.2438,60.7884,20.1669,Greek
9292,Greek,Greek,European,40.1987,1492.3067,40.6307,136.2532,Greek
9293,Greek,Greek,European,43.4354,666.4543,7.7617,56.2346,Greek
9294,Greek,Greek,European,37.7205,853.5750,69.6354,47.6588,Greek
9295,Greek,Greek,European,12.4472,293.4402,14.1406,22.1489,Greek
9296,Greek,Greek,European,8.2387,563.6566,12.2456,54.4019,Greek
9297,Greek,Greek,European,13.6590,186.4400,6.1580,12.1416,Greek
9298,Greek,Greek,European,5.6426,694.8480,33.3299,59.1394,Greek
9299,Greek,Greek,European,16.5619,850.2976,112.1234,34.4727,Greek
9300,Greek,Greek,European,7.5454,41.1060,2.4490,0.6374,Greek
9301,Greek,Greek,European,10.3340,831.9875,2.4441,81.5313,Greek
9302,Greek,Greek,European,211.0204,1647.8483,80.9975,57.5721,Greek
9303,Greek,Greek,European,42.6726,1274.5183,27.3868,114.2383,Greek
9304,Greek,Greek,European,20.3280,1215.2824,14.0499,125.8027,Greek
9305,Greek,Greek,European,84.1048,2289.3797,93.7864,193.6788,Greek
9306,Greek,Greek,European,220.4647,2321.7551,72.1059,130.1011,Greek
9307,Greek,Greek,European,19.1530,231.3783,9.1111,13.6203,Greek
9308,Greek,Greek,European,21.4402,960.8972,36.9137,83.8890,Greek
9309,Greek,Greek,European,4.6947,282.5566,17.1072,21.8180,Greek
9310,Greek,Greek,European,20.4628,183.0800,8.7116,8.6092,Greek
9311,Greek,Greek,European,168.4085,1982.6660,32.6345,134.6716,Greek
9312,Greek,Greek,European,2.0450,1086.7200,7.1050,118.6400,Greek
9313,Greek,Greek,European,28.3529,687.6800,35.9266,48.7184,Greek
9314,Greek,Greek,European,84.8852,2034.9100,131.3383,137.4670,Greek
9315,Greek,Greek,European,17.5116,2061.9326,382.4136,41.5270,Greek
9316,Greek,Greek,European,243.2265,2225.4083,55.1128,128.5315,Greek
9317,Greek,Greek,European,105.2025,3491.9320,46.5101,341.3950,Greek
9318,Greek,Greek,European,70.1729,874.3470,42.6263,50.3964,Greek
9319,Greek,Greek,European,166.5920,1873.5867,53.1531,131.0625,Greek
9320,Greek,Greek,European,121.9390,1336.7170,24.4842,86.7513,Greek
9321,Greek,Greek,European,145.2397,6498.5503,43.1958,659.3362,Greek
9322,Greek,Greek,European,480.1999,3983.8510,88.1634,206.2454,Greek
9323,Greek,Greek,European,82.8580,1163.5000,46.4920,76.6200,Greek
9324,Greek,Greek,European,63.4663,1422.7400,45.4402,119.7118,Greek
9325,Greek,Greek,European,470.4889,2669.4600,54.0766,71.3217,Greek
9326,Greek,Greek,European,110.1985,1430.1680,17.7374,105.8932,Greek
9327,Greek,Greek,European,250.8375,6516.0838,64.5661,609.0239,Greek
9328,Greek,Greek,European,506.1900,5064.5688,80.5984,314.7233,Greek
9329,Greek,Greek,European,203.8699,3792.0453,52.8673,320.6759,Greek
9330,Greek,Greek,European,113.9097,2600.7110,49.9548,238.5411,Greek
9331,Greek,Greek,European,799.1608,4988.9800,122.7342,155.3003,Greek
9332,Greek,Greek,European,261.2196,2818.7180,69.8338,178.1159,Greek
9333,Greek,Greek,European,340.5843,3926.8820,116.8958,254.1828,Greek
9334,Greek,Greek,European,505.9475,3887.3823,48.1809,194.3321,Greek
9335,Greek,Greek,European,361.9238,2873.1900,36.7480,147.1800,Greek
9336,Greek,Greek,European,1.0523,3.3550,0.0534,0.0366,Greek
9337,Greek,Greek,European,92.5196,497.5720,3.3927,19.3460,Greek
9338,Greek,Greek,European,213.4516,2026.0480,49.0253,119.9563,Greek
9339,Greek,Greek,European,161.0464,3299.8115,12.0936,297.1528,Greek
9340,Greek,Greek,European,438.3332,4272.5760,106.4858,257.2036,Greek
9341,Greek,Greek,European,333.9176,3990.9027,54.1644,278.7757,Greek
9342,Greek,Greek,European,177.9160,1255.8000,25.1296,58.5240,Greek
9343,Greek,Greek,European,125.7120,2736.0000,85.4880,230.4000,Greek
9344,Greek,Greek,European,471.8803,3427.9600,132.7826,110.9913,Greek
9345,Greek,Greek,European,586.8822,4523.7360,153.2929,178.2528,Greek
9346,Greek,Greek,European,80.3040,8477.2600,39.7966,928.7624,Greek
9347,Greek,Greek,European,448.1897,3909.5320,70.6430,223.4317,Greek
9348,Greek,Greek,European,120.0906,844.3780,17.6111,35.9474,Greek
9349,Greek,Greek,European,21.6518,864.3623,50.8763,64.7635,Greek
9350,Greek,Greek,European,19.5193,708.8082,28.8131,58.2024,Greek
9351,Greek,Greek,European,1.9836,645.4200,0.3816,72.0300,Greek
9352,Greek,Greek,European,13.1858,640.9423,34.5580,50.2880,Greek
9353,Greek,Greek,European,8.1166,523.9080,28.1997,42.2302,Greek
9354,Greek,Greek,European,22.9672,385.1958,20.4912,25.1436,Greek
9355,Greek,Greek,European,223.9166,1646.3174,77.7031,57.0675,Greek
9356,Greek,Greek,European,0.8738,213.8692,33.7181,7.6351,Greek
9357,Greek,Greek,European,4.1352,15.9000,0.5400,0.2568,Greek
9358,Greek,Greek,European,54.4427,2163.4200,10.3444,223.9174,Greek
9359,Greek,Greek,European,65.1754,1526.4826,61.5320,118.7998,Greek
9360,Greek,Greek,European,73.9321,2324.2520,106.3723,187.2380,Greek
9361,Greek,Greek,European,197.9854,1173.9335,62.7614,18.6727,Greek
9362,Greek,Greek,European,399.5253,2563.9191,132.1460,58.0617,Greek
9363,Greek,Greek,European,436.3652,3649.9056,196.8065,142.6360,Greek
9364,Greek,Greek,European,41.3807,834.3175,9.8633,76.2976,Greek
9365,Greek,Greek,European,194.6677,1466.5533,64.4324,52.3409,Greek
9366,Greek,Greek,European,148.6494,1961.3400,28.4515,142.1388,Greek
9367,Greek,Greek,European,334.4766,3530.1487,35.9139,232.5353,Greek
9368,Greek,Greek,European,200.0116,1284.3858,66.1454,29.4549,Greek
9369,Greek,Greek,European,5.0726,111.0325,5.6466,8.0162,Greek
9370,Greek,Greek,European,12.7117,230.6667,17.7717,11.9733,Greek
9371,Greek,Greek,European,39.1964,316.6600,15.8139,12.7635,Greek
9372,Greek,Greek,European,,,,,Greek
9373,Greek,Greek,European,54.4098,620.8213,34.8025,30.3857,Greek
9374,Greek,Greek,European,445.5013,3165.7880,127.9451,88.8054,Greek
9375,Greek,Greek,European,201.8134,1561.0033,67.1266,59.6723,Greek
9376,Greek,Greek,European,279.1013,2110.5554,96.7805,76.2648,Greek
9377,Greek,Greek,European,33.2816,1012.3325,42.9228,81.1753,Greek
9378,Greek,Greek,European,198.1654,1164.7433,61.9971,18.4187,Greek
9379,Greek,Greek,European,11.0198,802.1200,17.2388,78.2176,Greek
9380,Greek,Greek,European,11.2721,2929.1000,2.1624,324.1700,Greek
9381,Greek,Greek,European,32.1119,158.0651,6.4042,2.5808,Greek
9382,Greek,Greek,European,48.8144,619.1946,95.5905,4.3098,Greek
9383,Greek,Greek,European,191.6279,1140.2029,67.5451,15.5209,Greek
9384,Greek,Greek,European,118.7015,3341.8712,101.4226,286.2070,Greek
9385,Greek,Greek,European,36.9012,2212.6827,65.6069,205.1796,Greek
9386,Greek,Greek,European,9.0266,764.1914,136.5951,17.0954,Greek
9387,Greek,Greek,European,32.8475,2512.6472,129.7147,208.6840,Greek
9388,Greek,Greek,European,207.0252,1892.9953,70.1826,93.9653,Greek
9389,Greek,Greek,European,214.7493,1877.5221,73.0681,89.8389,Greek
9390,Greek,Greek,European,71.9849,874.6319,38.2594,50.0237,Greek
9391,Greek,Greek,European,191.6055,1272.9933,62.3181,32.5612,Greek
9392,Greek,Greek,European,29.1890,730.2742,20.3757,60.8237,Greek
9393,Greek,Greek,European,29.3009,996.5828,43.0149,80.8020,Greek
9394,Greek,Greek,European,4.0498,256.2501,0.8322,27.1540,Greek
9395,Greek,Greek,European,176.4923,3199.5270,168.9291,198.3575,Greek
9396,Greek,Greek,European,33.8772,930.5977,67.0512,59.3441,Greek
9397,Greek,Greek,European,391.9174,2448.5113,125.1062,50.0135,Greek
9398,Greek,Greek,European,0.0431,79.7256,0.0056,9.0027,Greek
9399,Greek,Greek,European,66.8392,1036.3844,76.3456,50.9162,Greek
9400,Greek,Greek,European,59.4236,2001.4067,98.6033,154.8193,Greek
9401,Greek,Greek,European,416.1506,2978.0191,144.8979,94.0817,Greek
9402,Greek,Greek,European,11.7402,125.6300,18.4042,0.7480,Greek
9403,Greek,Greek,European,12.1105,292.2445,14.1850,21.8146,Greek
9404,Greek,Greek,European,714.5792,3571.7423,121.9091,19.6972,Greek
9405,Greek,Greek,European,18.9730,416.8070,9.6698,35.4496,Greek
9406,Greek,Greek,European,84.4437,793.1003,26.7188,40.2427,Greek
9407,Greek,Greek,European,192.3503,2472.3820,161.7019,113.5908,Greek
9408,Greek,Greek,European,653.3395,7749.8706,59.6215,564.2965,Greek
9409,Greek,Greek,European,30.1864,511.3792,14.7860,39.2895,Greek
9410,Greek,Greek,European,17.1758,173.9900,9.5591,8.1069,Greek
9411,Greek,Greek,European,66.9563,1519.0243,126.7359,81.0124,Greek
9412,Greek,Greek,European,6.2987,141.6130,0.0000,13.6000,Greek
9413,Greek,Greek,European,17.3671,199.8280,2.0838,13.7190,Greek
9414,Greek,Greek,European,2.0467,13.5578,0.3022,0.0978,Greek
9415,Greek,Greek,European,14.7852,473.7325,6.4561,44.7479,Greek
9416,Greek,Greek,European,11.3163,619.7100,4.4414,62.9880,Greek
9417,Greek,Greek,European,10.9369,238.1520,23.0728,12.3486,Greek
9418,Greek,Greek,European,61.7030,16326.1648,351.3797,1630.3049,Greek
9419,Greek,Greek,European,110.3708,798.1750,23.4617,28.1825,Greek
9420,Greek,Greek,European,6.9491,134.6263,2.4035,11.3216,Greek
9421,Greek,Greek,European,1018.9965,6041.8880,101.2530,198.4556,Greek
9422,Greek,Greek,European,28.2847,321.7315,20.9394,15.9056,Greek
9423,Greek,Greek,European,148.6272,1383.7650,41.9435,75.1818,Greek
9424,Greek,Greek,European,61.6625,917.0956,103.4052,31.2016,Greek
9425,Greek,Greek,European,18.6422,145.0447,7.4175,5.8657,Greek
9426,Greek,Greek,European,75.7353,554.3617,25.4708,14.8999,Greek
9427,Greek,Greek,European,1.8099,7.4073,0.2942,0.1067,Greek
9428,Greek,Greek,European,186.6117,2381.6650,122.9760,127.6608,Greek
9429,Greek,Greek,European,82.4430,4129.4571,248.0050,318.8747,Greek
9430,Greek,Greek,European,495.5263,9629.9352,64.1933,853.3317,Greek
9431,Greek,Greek,European,125.1038,815.5842,28.2901,30.5918,Greek
9432,Greek,Greek,European,1.5433,4044.2372,349.9380,282.6251,Greek
9433,Greek,Greek,European,102.7190,5496.5263,0.7412,578.4186,Greek
9434,Greek,Greek,European,10.0780,46.5865,1.7472,0.6757,Greek
9435,Greek,Greek,European,1114.9625,5390.5912,144.5217,35.2566,Greek
9436,Greek,Greek,European,47.2517,583.7781,32.4333,29.5585,Greek
9437,Greek,Greek,European,17.8348,2107.8816,11.4659,225.2127,Greek
9438,Greek,Greek,European,25.1853,309.2832,17.4443,15.9737,Greek
9439,Greek,Greek,European,8.2245,345.6900,17.4297,27.7362,Greek
9440,Greek,Greek,European,4.6751,664.5192,0.3811,72.1069,Greek
9441,Greek,Greek,European,18.5072,134.4010,10.1456,2.8726,Greek
9442,Greek,Greek,European,27.7430,799.5712,48.5504,55.5891,Greek
9443,Greek,Greek,European,2.3393,134.0773,0.8501,14.3074,Greek
9444,Greek,Greek,European,30.4006,195.9890,13.1034,5.8270,Greek
9445,Greek,Greek,European,182.1170,2059.8063,210.2225,58.2046,Greek
9446,Greek,Greek,European,4.9901,971.1508,0.3184,108.1939,Greek
9447,Greek,Greek,European,656.1311,11253.9849,1136.1600,457.9230,Greek
9448,Greek,Greek,European,333.3609,4697.5956,131.2736,348.4496,Greek
9449,Greek,Greek,European,104.4888,1704.2130,138.6996,81.1206,Greek
9450,Greek,Greek,European,3.9011,19.6560,0.9996,0.1964,Greek
9451,Greek,Greek,European,39.5061,1129.4839,6.1488,109.1470,Greek
9452,Greek,Greek,European,9.9231,47.0890,1.5801,0.6646,Greek
9453,Greek,Greek,European,482.3044,4151.1543,88.2701,224.4853,Greek
9454,Greek,Greek,European,4.2090,13.4200,0.2135,0.1464,Greek
9455,Greek,Greek,European,87.7501,375.9000,15.7665,2.2974,Greek
9456,Greek,Greek,European,20.2692,98.4193,3.5344,0.4648,Greek
9457,Greek,Greek,European,110.8122,1147.2689,96.2167,37.3130,Greek
9458,Greek,Greek,European,16.3425,973.4951,90.6236,58.5232,Greek
9459,Greek,Greek,European,3.3208,293.7383,29.9962,16.8980,Greek
9460,Greek,Greek,European,148.3114,1878.1600,102.0703,99.8348,Greek
9461,Greek,Greek,European,17.8010,96.9167,4.2600,1.3412,Greek
9462,Greek,Greek,European,11.9681,61.5650,3.0825,2.0464,Greek
9463,Greek,Greek,European,8.0174,150.1260,0.0259,13.5152,Greek
9464,Greek,Greek,European,56.4790,1606.0491,144.4486,86.1231,Greek
9465,Greek,Greek,European,7.3081,446.0200,3.4022,45.4825,Greek
9466,Greek,Greek,European,0.0000,461.2500,0.0000,51.2500,Greek
9467,Greek,Greek,European,251.0937,3100.7942,221.6455,131.2784,Greek
9468,Greek,Greek,European,70.8659,3001.9640,202.2135,208.5725,Greek
9469,Greek,Greek,European,43.7014,1225.5103,113.3414,69.9319,Greek
9470,Greek,Greek,European,19.4490,1430.7270,110.5935,98.0688,Greek
9471,Greek,Greek,European,9.6181,466.7000,24.7959,36.6446,Greek
9472,Greek,Greek,European,22.1035,1127.5982,188.3719,30.1788,Greek
9473,Greek,Greek,European,68.4633,1040.0450,159.1812,15.9780,Greek
9474,Greek,Greek,European,58.5795,1574.4223,114.8605,98.7662,Greek
9475,Greek,Greek,European,146.5989,3397.8486,424.3497,127.9709,Greek
9476,Greek,Greek,European,101.1030,1793.7368,110.5262,111.2578,Greek
9477,Greek,Greek,European,67.3190,1729.6583,136.2166,101.0234,Greek
9478,Greek,Greek,European,154.2073,1956.7318,123.9785,95.9133,Greek
9479,Greek,Greek,European,7.1125,1177.5180,106.1562,78.1917,Greek
9480,Greek,Greek,European,186.3915,3712.9913,222.0938,236.6341,Greek
9481,Greek,Greek,European,38.1503,1678.1685,223.8773,68.2548,Greek
9482,Greek,Greek,European,46.3851,1396.9969,99.8871,90.2424,Greek
9483,Greek,Greek,European,5.7429,1208.4466,104.8221,82.3985,Greek
9484,Greek,Greek,European,117.0518,2022.3440,193.4654,88.5728,Greek
9485,Greek,Greek,European,130.5733,2342.2147,196.2483,116.6596,Greek
9486,Greek,Greek,European,815.1691,6443.6553,366.9606,182.7216,Greek
9487,Greek,Greek,European,106.6899,1548.0289,190.0209,41.0626,Greek
9488,Greek,Greek,European,46.6265,1087.7950,131.1049,43.7757,Greek
9489,Greek,Greek,European,172.6122,3487.5476,228.1720,215.8198,Greek
9490,Greek,Greek,European,183.6060,1109.0838,48.4967,20.5084,Greek
9491,Greek,Greek,European,25.4843,818.7190,38.9826,63.0084,Greek
9492,Greek,Greek,European,2.8672,1411.4400,28.2688,142.9056,Greek
9493,Greek,Greek,European,141.4000,1855.6527,87.4975,111.1002,Greek
9494,Greek,Greek,European,13.7748,339.7380,18.1405,24.4286,Greek
9495,Greek,Greek,European,87.6035,952.2638,51.0220,49.8283,Greek
9496,Greek,Greek,European,70.7961,3211.9681,204.9321,234.6229,Greek
9497,Greek,Greek,European,39.4312,660.3429,14.2847,51.6396,Greek
9498,Greek,Greek,European,16.0476,1981.1988,110.5169,160.5978,Greek
9499,Greek,Greek,European,30.0060,912.6000,44.2320,70.1220,Greek
9500,Greek,Greek,European,117.7366,1860.5700,54.7548,130.2105,Greek
9501,Greek,Greek,European,122.5936,3198.8340,159.1018,241.0650,Greek
9502,Greek,Greek,European,30.6736,1351.3909,83.7309,99.2132,Greek
9503,Greek,Greek,European,346.9405,3188.1880,83.5031,163.4600,Greek
9504,Greek,Greek,European,9.9160,300.9620,2.6177,29.3417,Greek
9505,Greek,Greek,European,99.8263,1572.0526,80.4502,102.0959,Greek
9506,Greek,Greek,European,54.4682,1872.8812,91.5182,144.5874,Greek
9507,Greek,Greek,European,8.9607,5118.0470,307.1941,418.9320,Greek
9509,Greek,Greek,European,31.0928,2551.9162,189.9802,184.7409,Greek
9510,Greek,Greek,European,51.8200,439.1200,33.8580,10.1150,Greek
9511,Greek,Greek,European,38.2175,2057.5428,99.7554,171.3037,Greek
9512,Greek,Greek,European,50.5062,1066.5883,30.1952,87.4238,Greek
9513,Greek,Greek,European,93.8897,2107.8865,91.4736,165.6895,Greek
9514,Greek,Greek,European,142.3125,1940.7826,104.6824,102.8253,Greek
9515,Greek,Greek,European,214.5503,2746.9204,152.6131,148.2391,Greek
9516,Greek,Greek,European,79.1868,1179.0133,60.3280,73.1974,Greek
9517,Greek,Greek,European,5.9474,574.1478,93.0910,17.3400,Greek
9518,Greek,Greek,European,7.8151,1613.8153,85.5618,135.9667,Greek
9519,Greek,Greek,European,20.1575,1095.2526,57.7629,88.0608,Greek
9520,Greek,Greek,European,0.6954,479.8033,0.0628,54.0336,Greek
9521,Greek,Greek,European,11.3710,919.7636,92.1262,55.4534,Greek
9522,Greek,Greek,European,8.0760,498.0000,32.1690,37.4250,Greek
9523,Greek,Greek,European,200.1583,1189.3073,63.3843,19.1761,Greek
9524,Greek,Greek,European,10.4806,646.2457,136.0972,3.7852,Greek
9525,Greek,Greek,European,48.9210,2685.3525,191.5165,195.1199,Greek
9526,Greek,Greek,European,159.7478,3546.5144,113.0866,297.9133,Greek
9527,Greek,Greek,European,57.3590,927.2617,55.7975,57.2124,Greek
9528,Greek,Greek,European,183.5659,3138.0602,191.4950,192.7133,Greek
9529,Greek,Greek,European,11.3633,1522.0204,141.1239,97.5577,Greek
9530,Greek,Greek,European,6.0833,861.1363,48.2723,66.0540,Greek
9531,Greek,Greek,European,49.8040,2849.2892,159.8793,225.6148,Greek
9532,Greek,Greek,European,17.0606,122.8635,6.3179,4.7085,Greek
9533,Greek,Greek,European,64.5028,2406.9751,191.6311,152.9273,Greek
9534,Greek,Greek,European,127.4464,2397.1563,244.6653,94.6790,Greek
9535,Greek,Greek,European,72.4920,8315.0384,843.7250,495.4028,Greek
9536,Greek,Greek,European,132.3108,846.7660,47.3433,16.9278,Greek
9537,Greek,Greek,European,5.8376,106.3025,4.6017,7.7117,Greek
9538,Greek,Greek,European,311.1210,1898.4419,78.4636,47.9031,Greek
9539,Greek,Greek,European,26.8708,900.1483,17.4043,83.6637,Greek
9540,Greek,Greek,European,31.1160,300.3083,12.6269,13.0278,Greek
9541,Greek,Greek,European,7.7158,390.9700,1.3140,40.7462,Greek
9542,Greek,Greek,European,26.3812,1793.1057,272.6471,61.6900,Greek
9543,Greek,Greek,European,7.2510,1073.8090,82.5192,77.7652,Greek
9544,Greek,Greek,European,6.6367,891.9900,60.9875,67.5428,Greek
9545,Greek,Greek,European,15.9796,2077.4330,111.8807,171.9023,Greek
9546,Greek,Greek,European,51.3115,740.0040,22.8246,50.6586,Greek
9547,Greek,Greek,European,1226.2003,5939.3990,177.1532,39.0523,Greek
9548,Greek,Greek,European,74.1003,3387.1538,191.9959,255.6079,Greek
9549,Greek,Greek,European,39.1032,2000.7402,122.1912,150.4980,Greek
9550,Greek,Greek,European,19.7685,1133.6584,110.5577,67.6444,Greek
9551,Greek,Greek,European,179.2627,1909.8700,76.5303,97.8081,Greek
9552,Greek,Greek,European,54.0613,2322.8020,130.4813,176.6046,Greek
9553,Greek,Greek,European,246.8526,3393.1589,162.4155,195.7093,Greek
9554,Greek,Greek,European,132.4901,3130.7185,154.7353,237.8540,Greek
9555,Greek,Greek,European,8.1027,1049.5681,119.5966,57.5737,Greek
9556,Greek,Greek,European,7.1583,2704.3307,380.3236,118.4742,Greek
9557,Greek,Greek,European,252.5715,2456.2540,67.4893,142.2848,Greek
9558,Greek,Greek,European,19.4095,671.2200,24.3815,58.2860,Greek
9559,Greek,Greek,European,18.1955,871.4588,24.0821,78.8973,Greek
9560,Greek,Greek,European,224.2924,2052.3117,99.4146,92.8431,Greek
9561,Greek,Greek,European,49.8613,1524.8220,90.1929,106.9196,Greek
9562,Greek,Greek,European,878.2792,6619.1208,167.1623,265.5251,Greek
9563,Greek,Greek,European,13.0059,3015.7160,155.6615,256.0253,Greek
9564,Greek,Greek,European,76.8244,1922.4940,134.2811,124.1158,Greek
9565,Greek,Greek,European,4.1900,5829.2028,730.3267,299.9448,Greek
9566,Greek,Greek,European,118.1798,1881.2290,222.7983,65.9559,Greek
9567,Greek,Greek,European,42.7009,905.7704,8.3461,82.4809,Greek
9568,Greek,Greek,European,5.8609,266.2240,1.5217,27.2665,Greek
9569,Greek,Greek,European,140.9958,1360.3338,123.9570,34.4613,Greek
9570,Greek,Greek,European,8.3136,916.6442,90.8875,56.7390,Greek
9571,Greek,Greek,European,17.5054,570.5974,74.6191,21.0735,Greek
9572,Greek,Greek,European,126.3227,2132.0075,226.3813,76.1707,Greek
9573,Greek,Greek,European,24.7583,585.3870,4.2268,54.8564,Greek
9574,Greek,Greek,European,90.6107,2482.3484,145.6643,172.7094,Greek
9575,Greek,Greek,European,46.3994,570.5296,76.4020,7.0372,Greek
9576,Greek,Greek,European,10.4586,1473.9545,105.2889,113.4516,Greek
9577,Greek,Greek,European,3.5779,226.1650,5.5730,21.5316,Greek
9578,Greek,Greek,European,3.0619,819.3897,179.9682,4.6041,Greek
9579,Greek,Greek,European,5.1175,540.5640,16.3016,51.1731,Greek
9580,Greek,Greek,European,49.5801,1106.5783,146.6553,34.6461,Greek
9581,Greek,Greek,European,58.7277,495.3290,12.4056,28.5643,Greek
9582,Greek,Greek,European,21.3342,1137.9984,194.0076,33.5090,Greek
9583,Greek,Greek,European,13.1191,52.9440,1.6561,0.3512,Greek
9584,Greek,Greek,European,38.9880,996.4800,65.9256,68.0832,Greek
9585,Greek,Greek,European,245.7963,1926.4128,61.5563,81.1918,Greek
9586,Greek,Greek,European,264.9785,1424.4630,27.8908,28.0773,Greek
9587,Greek,Greek,European,7.6294,132.3200,7.7004,8.6072,Greek
9588,Greek,Greek,European,251.1205,1841.5678,29.4046,87.9344,Greek
9589,Greek,Greek,European,5.7059,281.3725,0.6110,29.1157,Greek
9590,Greek,Greek,European,405.6302,2916.1551,92.1691,106.4763,Greek
9591,Greek,Greek,European,29.0883,733.9290,26.5636,59.4833,Greek
9592,Greek,Greek,European,114.7067,3003.6852,225.0096,195.3291,Greek
9593,Greek,Greek,European,88.9893,1820.3835,20.3232,164.8322,Greek
9594,Greek,Greek,European,139.3141,1302.2156,30.1168,75.6641,Greek
9595,Greek,Greek,European,7.9739,681.9250,1.9956,73.3412,Greek
9596,Greek,Greek,European,43.7586,2585.5510,3.1043,272.6098,Greek
9597,Greek,Greek,European,29.8548,2053.1231,7.1014,218.4633,Greek
9598,Greek,Greek,European,579.1488,6585.2761,966.8996,27.8687,Greek
9599,Greek,Greek,European,124.5317,1980.7656,25.1171,165.4228,Greek
9600,Greek,Greek,European,45.5534,1264.8300,17.8793,116.1476,Greek
9601,Greek,Greek,European,235.2188,2482.3116,44.8022,169.6781,Greek
9602,Greek,Greek,European,45.1254,978.2300,19.8461,84.0777,Greek
9603,Greek,Greek,European,3.2777,393.3840,8.4322,39.1490,Greek
9604,Greek,Greek,European,48.0650,2120.5500,7.6052,217.1382,Greek
9605,Greek,Greek,European,410.0880,3231.4137,48.3191,164.4841,Greek
9606,Greek,Greek,European,208.7344,1556.9964,25.4665,73.4907,Greek
9607,Greek,Greek,European,117.6846,758.8036,19.7291,30.6328,Greek
9608,Greek,Greek,European,284.6274,1263.4237,40.7058,5.0205,Greek
9609,Greek,Greek,European,29.6974,754.8700,14.9209,66.2692,Greek
9610,Greek,Greek,European,69.9096,2156.5913,84.3962,174.3923,Greek
9611,Greek,Greek,European,22.5659,761.4350,6.1126,77.0481,Greek
9612,Greek,Greek,European,64.5810,1395.9723,101.8073,84.1818,Greek
9613,Greek,Greek,European,1.2252,11.1000,1.4328,0.0540,Greek
9614,Greek,Greek,European,29.8728,489.8740,5.6802,41.2674,Greek
9615,Greek,Greek,European,46.4751,1417.1797,105.3192,87.1393,Greek
9616,Greek,Greek,European,29.2318,1941.3087,322.2736,53.3146,Greek
9617,Greek,Greek,European,6.6832,982.9677,1.0677,108.3377,Greek
9618,Greek,Greek,European,24.8099,1050.3572,92.3746,66.4975,Greek
9619,Greek,Greek,European,610.3081,3746.0776,253.7648,38.7142,Greek
9620,Greek,Greek,European,21.2308,618.2539,20.2221,52.3246,Greek
9621,Greek,Greek,European,129.9257,1701.7550,31.5024,118.5761,Greek
9622,Greek,Greek,European,46.5927,344.9167,18.0612,10.6352,Greek
9623,Greek,Greek,European,20.5598,2386.8021,232.8707,147.8946,Greek
9624,Greek,Greek,European,21.3406,622.4643,95.4829,15.6584,Greek
9625,Greek,Greek,European,61.4017,878.4505,38.3510,57.5159,Greek
9626,Greek,Greek,European,24.3397,2017.6939,224.5407,108.9458,Greek
9627,Greek,Greek,European,22.3101,2143.1618,191.9392,138.7770,Greek
9628,Greek,Greek,European,9.3897,2605.2650,360.5003,117.6067,Greek
9629,Greek,Greek,European,20.3924,2977.4613,540.9606,68.3278,Greek
9630,Greek,Greek,European,10.4826,995.0226,1.5468,108.5554,Greek
9631,Greek,Greek,European,12.7889,852.7414,152.8796,17.7662,Greek
9632,Greek,Greek,European,454.4784,2475.8510,54.4608,58.1490,Greek
9633,Greek,Greek,European,17.7523,2166.7790,362.5202,63.6509,Greek
9634,Greek,Greek,European,15.5826,94.6950,3.7974,1.9962,Greek
9635,Greek,Greek,European,165.0445,1790.0443,114.5093,71.8593,Greek
9636,Greek,Greek,European,550.6793,2405.6100,32.5923,34.3070,Greek
9637,Greek,Greek,European,196.0622,1658.5304,157.7101,33.2573,Greek
9638,Greek,Greek,European,30.6209,824.3315,108.1876,29.7896,Greek
9639,Greek,Greek,European,4.8224,20.2838,0.8409,0.2515,Greek
9640,Greek,Greek,European,17.2992,354.9349,18.6065,24.4560,Greek
9641,Greek,Greek,European,22.1328,99.6460,3.1289,1.8239,Greek
9642,Greek,Greek,European,22.0799,4201.4617,299.3743,316.4644,Greek
9643,Greek,Greek,European,477.1132,2717.8255,61.2544,61.3945,Greek
9644,Greek,Greek,European,10.1264,54.5000,1.9486,1.4162,Greek
9645,Greek,Greek,European,18.1299,364.5582,20.0908,24.1111,Greek
9646,Greek,Greek,European,1320.8618,13273.5840,215.7479,852.6224,Greek
9647,Greek,Greek,European,25.8188,580.8500,97.6614,8.1295,Greek
107561,Greek,Greek,European,385.7473,4390.0396,99.4300,273.7413,Greek
107562,Greek,Greek,European,54.1808,1598.2659,54.9029,136.7337,Greek
107563,Greek,Greek,European,7.4720,32.0000,0.8800,0.0800,Greek
107564,Greek,Greek,European,30.5802,737.5900,13.7470,65.7748,Greek
107565,Greek,Greek,European,13.8362,155.8865,7.7181,8.4537,Greek
107566,Greek,Greek,European,14.4300,517.0759,29.2353,39.0112,Greek
107567,Greek,Greek,European,17.9123,533.4632,17.9664,44.7571,Greek
107568,Greek,Greek,European,12.3145,315.2263,16.0105,21.6268,Greek
107569,Greek,Greek,European,4740.5668,95897.5430,5058.9069,6611.8904,Greek
107570,Greek,Greek,European,168.6360,1826.6779,57.1277,117.4725,Greek
107571,Greek,Greek,European,14.9440,5792.3200,1.7600,648.1600,Greek
107572,Greek,Greek,European,391.8107,2607.8230,140.1586,60.4700,Greek
107573,Greek,Greek,European,20.0589,514.4273,13.4482,43.6389,Greek
107574,Greek,Greek,European,8.1672,862.1317,20.8180,84.3319,Greek
107575,Greek,Greek,European,32.2085,1234.6308,27.0204,114.4331,Greek
107576,Greek,Greek,European,48.1948,1562.3502,42.3761,141.3554,Greek
107577,Greek,Greek,European,201.8894,1283.5813,68.6978,26.5295,Greek
107578,Greek,Greek,European,29.8966,603.2880,30.0010,42.8072,Greek
107579,Greek,Greek,European,3.3736,185.3750,23.2726,8.5865,Greek
107580,Greek,Greek,European,35.8653,607.8709,18.8303,45.3789,Greek
107581,Greek,Greek,European,11.3603,57.6900,4.6206,0.6363,Greek
107582,Greek,Greek,European,13.2944,59.7810,1.3872,0.3222,Greek
107583,Greek,Greek,European,84.5492,4557.6903,43.3124,449.4506,Greek
107584,Greek,Greek,European,179.2221,1496.4154,35.9725,76.2420,Greek
107585,Greek,Greek,European,22.9710,2359.1200,22.1690,248.5056,Greek
107586,Greek,Greek,European,3.8744,36.4215,1.9418,1.5479,Greek
107587,Greek,Greek,European,36.5095,1545.4027,46.5357,136.5188,Greek
107588,Greek,Greek,European,25.4493,121.3034,4.5454,0.8874,Greek
107589,Greek,Greek,European,59.4522,1584.4665,31.5709,141.5851,Greek
107590,Greek,Greek,European,11.4757,1041.5810,17.0081,105.1186,Greek
107591,Greek,Greek,European,18.9594,443.6533,41.3394,22.9268,Greek
107592,Greek,Greek,European,7.6554,865.2350,36.1599,77.5604,Greek
107593,Greek,Greek,European,99.1924,552.5336,33.5421,9.0573,Greek
107594,Greek,Greek,European,18.1510,1641.5200,20.7011,170.8295,Greek
107595,Greek,Greek,European,202.5695,1474.8693,78.9114,42.4782,Greek
107596,Greek,Greek,European,56.3048,614.6283,55.6665,30.0388,Greek
107597,Greek,Greek,European,6.3163,736.5045,115.1971,25.1008,Greek
107598,Greek,Greek,European,23.2909,653.2000,34.0945,48.1788,Greek
107599,Greek,Greek,European,9.3556,164.7682,8.2466,10.8949,Greek
107600,Greek,Greek,European,58.5219,1107.5481,55.4246,80.8747,Greek
107601,Greek,Greek,European,145.2203,2186.1185,33.6334,167.8607,Greek
107602,Greek,Greek,European,29.3031,894.2887,21.2817,79.4535,Greek
107603,Greek,Greek,European,40.9512,500.6041,11.0235,34.3029,Greek
107604,Greek,Greek,European,45.8623,568.5462,29.1013,33.2767,Greek
107605,Greek,Greek,European,29.0976,840.9189,20.6578,72.4087,Greek
107606,Greek,Greek,European,21.8576,93.8000,3.0414,0.4133,Greek
107607,Greek,Greek,European,43.1748,697.3108,9.8645,61.5014,Greek
107608,Greek,Greek,European,22.1728,973.0806,19.4446,92.9940,Greek
107609,Greek,Greek,European,38.6477,537.5867,26.6438,32.9728,Greek
107610,Greek,Greek,European,4.4731,1114.1919,91.2730,80.4985,Greek
107611,Greek,Greek,European,59.7074,1233.9076,38.1610,98.2345,Greek
107612,Greek,Greek,European,364.5440,3124.4600,29.1778,174.4465,Greek
107613,Greek,Greek,European,21.8640,1621.0646,34.1865,157.0925,Greek
107614,Greek,Greek,European,56.3526,852.7520,70.0381,41.4740,Greek
107615,Greek,Greek,European,12.8477,1448.9648,77.3969,121.5445,Greek
107616,Greek,Greek,European,184.1179,4625.9095,313.9983,277.8758,Greek
107617,Greek,Greek,European,49.5261,954.9548,27.3745,76.9043,Greek
107618,Greek,Greek,European,22.2074,585.7528,64.9672,26.3124,Greek
107619,Greek,Greek,European,1248.8576,79771.1600,4266.0414,6438.4133,Greek
107620,Greek,Greek,European,4.9358,247.7300,1.4299,25.0010,Greek
107621,Greek,Greek,European,770.4667,45482.7857,2377.1249,3674.7633,Greek
107622,Greek,Greek,European,13.1230,250.5234,12.6873,16.4295,Greek
107623,Greek,Greek,European,55.8753,578.6287,29.2732,33.4496,Greek
107624,Greek,Greek,European,35.6252,160.2230,5.5542,1.8815,Greek
107625,Greek,Greek,European,3.2774,970.8200,1.0710,108.3226,Greek
107626,Greek,Greek,European,24.2145,293.5550,14.4271,17.3889,Greek
107627,Greek,Greek,European,16.3139,261.4363,15.5641,16.8781,Greek
107628,Greek,Greek,European,218.2420,1998.4560,143.1452,65.4932,Greek
107629,Greek,Greek,European,21.2725,537.3837,15.4337,43.9521,Greek
107630,Greek,Greek,European,21.1414,493.9102,8.4357,44.6801,Greek
107631,Greek,Greek,European,23.7764,1484.7720,52.5571,133.4510,Greek
107632,Greek,Greek,European,476.5793,29891.6325,1600.7929,2407.7680,Greek
107633,Greek,Greek,European,40.3352,917.7006,47.8202,64.8568,Greek
107634,Greek,Greek,European,72.1010,6742.4926,1417.3202,51.3088,Greek
107635,Greek,Greek,European,207.6442,1526.9794,72.5866,51.4109,Greek
107636,Greek,Greek,European,37.4252,1345.5747,93.5738,91.2417,Greek
107637,Greek,Greek,European,10.8497,566.9330,16.7713,51.1909,Greek
107638,Greek,Greek,European,56.7533,734.5367,48.0190,36.6601,Greek
107639,Greek,Greek,European,195.8824,1533.9033,82.8851,50.0459,Greek
107640,Greek,Greek,European,43.4213,683.0400,28.3157,45.3759,Greek
107641,Greek,Greek,European,26.1697,593.7200,4.1973,54.7419,Greek
107642,Greek,Greek,European,236.4294,1464.8584,70.1513,33.0432,Greek
107643,Greek,Greek,European,401.9216,2277.2805,98.0573,33.2326,Greek
107644,Greek,Greek,European,26.4681,2361.3460,131.4978,194.2091,Greek
107645,Greek,Greek,European,3.7752,21.9042,2.0785,0.1498,Greek
107646,Greek,Greek,European,4.6012,297.0000,15.9862,23.9400,Greek
107647,Greek,Greek,European,176.4096,1233.1399,57.4496,39.2378,Greek
107648,Greek,Greek,European,109.8959,701.4100,31.4597,17.2348,Greek
107649,Greek,Greek,European,147.4409,1349.7332,40.9770,66.3431,Greek
107650,Greek,Greek,European,21.6394,208.7680,3.2170,14.1693,Greek
107651,Greek,Greek,European,28.3375,1933.0143,7.1900,199.8899,Greek
107652,Greek,Greek,European,35.4979,1775.4022,92.5835,143.5570,Greek
107653,Greek,Greek,European,1.2435,52.3270,2.8317,4.0280,Greek
107654,Greek,Greek,European,18.9033,944.9418,57.9317,72.7479,Greek
107655,Greek,Greek,European,58.4874,965.2762,105.4222,37.7215,Greek
107656,Greek,Greek,European,1234.4967,79657.7860,4278.9951,6425.0282,Greek
107657,Greek,Greek,European,17.8842,1226.1490,12.8285,124.2647,Greek
107658,Greek,Greek,European,288.5384,2926.2887,104.8950,158.1250,Greek
107659,Greek,Greek,European,35.7035,1122.8165,18.7273,102.8582,Greek
107660,Greek,Greek,European,108.7095,1312.7610,31.9668,87.0068,Greek
107661,Greek,Greek,European,29.4336,1044.2640,20.6210,97.1723,Greek
107662,Greek,Greek,European,30.2201,884.0682,20.2776,78.9245,Greek
107663,Greek,Greek,European,8.0782,36.4648,1.7836,0.4175,Greek
107664,Greek,Greek,European,34.4503,352.0890,25.0551,16.3012,Greek
107665,Greek,Greek,European,15.0245,666.3620,1.7719,67.6600,Greek
107666,Greek,Greek,European,26.7943,1349.9159,21.0330,134.0796,Greek
107667,Greek,Greek,European,13.0579,2161.5015,12.5749,232.4706,Greek
107668,Greek,Greek,European,19.0651,452.5550,22.6076,32.0944,Greek
107669,Greek,Greek,European,9.4151,959.0520,52.3083,79.2735,Greek
107670,Greek,Greek,European,8.2973,153.4770,1.3981,13.8962,Greek
107671,Greek,Greek,European,474.8440,2888.3500,64.7508,75.7077,Greek
107672,Greek,Greek,European,36.8982,424.7587,16.3435,25.2610,Greek
107673,Greek,Greek,European,5.3090,114.6000,6.0048,8.0944,Greek
107674,Greek,Greek,European,108.6109,1822.7702,74.7329,130.5397,Greek
107675,Greek,Greek,European,74.5935,1382.6959,37.8186,110.5683,Greek
107676,Greek,Greek,European,47.4396,1123.5741,33.4254,92.2698,Greek
107677,Greek,Greek,European,,,,,Greek
107678,Greek,Greek,European,14.1090,1210.5490,12.1525,124.1503,Greek
107679,Greek,Greek,European,17.4262,79.5199,3.6108,0.9797,Greek
107680,Greek,Greek,European,31.0624,232.3515,10.9265,9.1789,Greek
107681,Greek,Greek,European,21.7480,997.8178,105.8012,54.1035,Greek
107682,Greek,Greek,European,29.8344,806.3162,17.1107,71.4876,Greek
107683,Greek,Greek,European,16.2954,144.5200,6.7888,7.1301,Greek
107684,Greek,Greek,European,6.2585,3612.3331,719.3960,59.0632,Greek
107685,Greek,Greek,European,1243.8622,79277.9854,4265.6257,6384.3837,Greek
107686,Greek,Greek,European,206.5325,1302.4956,70.3716,26.7675,Greek
107687,Greek,Greek,European,42.4906,1324.9390,69.2837,99.3379,Greek
107688,Greek,Greek,European,2.3278,304.8410,19.3566,23.4814,Greek
107689,Greek,Greek,European,28.2876,714.1292,28.2480,55.9869,Greek
107690,Greek,Greek,European,1292.3066,80210.8895,4275.8705,6467.6472,Greek
107691,Greek,Greek,European,17.6997,3605.4211,201.1867,301.4492,Greek
107692,Greek,Greek,European,21.1297,1924.4911,34.5812,192.8255,Greek
107693,Greek,Greek,European,80.6638,1500.1125,24.5135,125.5918,Greek
107694,Greek,Greek,European,49.2703,506.7067,42.1243,18.3715,Greek
107695,Greek,Greek,European,21.1827,990.2400,13.9538,97.5582,Greek
107696,Greek,Greek,European,28.3867,811.4800,23.9627,71.7698,Greek
107697,Greek,Greek,European,81.7696,465.5108,24.2582,6.8688,Greek
107698,Greek,Greek,European,42.3839,1304.0909,91.1572,85.3026,Greek
107699,Greek,Greek,European,5.4102,593.5790,5.9358,62.0539,Greek
107700,Greek,Greek,European,28.3986,1455.9965,24.3813,140.2999,Greek
107701,Greek,Greek,European,33.1208,306.8352,18.3552,12.4319,Greek
107702,Greek,Greek,European,31.0308,955.2310,14.4462,88.9838,Greek
107703,Greek,Greek,European,8.8373,579.7100,8.9257,57.4013,Greek
107704,Greek,Greek,European,30.9037,228.0999,10.8477,9.2980,Greek
107705,Greek,Greek,European,41.8361,1541.9401,79.3234,120.3371,Greek
107706,Greek,Greek,European,27.7117,1179.1578,10.2993,117.0521,Greek
107707,Greek,Greek,European,86.8447,625.9812,23.0061,25.4566,Greek
107708,Greek,Greek,European,33.8255,548.2853,22.6938,38.8258,Greek
107709,Greek,Greek,European,14.0112,644.0437,55.4567,40.7593,Greek
107710,Greek,Greek,European,87.0837,491.4759,15.5415,14.4073,Greek
107711,Greek,Greek,European,20.9485,213.3800,3.3543,15.0956,Greek
107712,Greek,Greek,European,27.6909,838.8567,57.7018,60.8096,Greek
107713,Greek,Greek,European,3.8484,982.0719,0.7500,108.1474,Greek
107714,Greek,Greek,European,11.3248,266.9162,6.1211,22.8373,Greek
107715,Greek,Greek,European,253.5626,1552.0087,84.3273,26.7473,Greek
107716,Greek,Greek,European,44.6037,1333.6987,59.5995,103.7737,Greek
107717,Greek,Greek,European,21.2098,339.4800,17.7268,22.0008,Greek
107718,Greek,Greek,European,56.9187,436.2800,14.0382,16.5256,Greek
107719,Greek,Greek,European,286.9423,1967.5088,58.2579,70.0307,Greek
107720,Greek,Greek,European,7.2088,30.4000,1.3124,0.2402,Greek
107721,Greek,Greek,European,1262.9342,282115.8177,49149.4969,7631.5787,Greek
107722,Greek,Greek,European,10.1382,122.0750,10.3668,5.4530,Greek
107723,Greek,Greek,European,38.6670,300.3350,13.6990,11.6704,Greek
107724,Greek,Greek,European,26.2186,2211.0617,13.1109,232.2052,Greek
107725,Greek,Greek,European,51.8025,1184.9072,30.6986,101.4840,Greek
107726,Greek,Greek,European,6.6326,601.0933,66.6286,33.1173,Greek
107727,Greek,Greek,European,50.0820,432.0100,19.0128,18.9692,Greek
107728,Greek,Greek,European,6.8735,170.1180,9.3622,12.3994,Greek
107729,Greek,Greek,European,42.1084,381.5727,18.2109,17.5103,Greek
107730,Greek,Greek,European,586.6115,32546.9127,1723.0521,2601.7882,Greek
107731,Greek,Greek,European,7.3786,72.2925,1.1052,4.6774,Greek
107732,Greek,Greek,European,26.6293,111.6700,2.4875,0.6876,Greek
107733,Greek,Greek,European,73.6588,4130.9350,417.5925,238.7883,Greek
107734,Greek,Greek,European,25.2776,884.3067,115.0494,35.0115,Greek
107735,Greek,Greek,European,13.1566,56.8391,1.4970,0.2373,Greek
107736,Greek,Greek,European,61.6544,1793.1817,42.6605,157.9524,Greek
107737,Greek,Greek,European,192.5928,1817.1053,72.1387,88.1137,Greek
107738,Greek,Greek,European,13.5527,1054.4435,17.9228,105.3145,Greek
107739,Greek,Greek,European,117.9983,861.7920,44.4795,26.2376,Greek
107740,Greek,Greek,European,9.0427,391.4665,1.0362,40.9959,Greek
107741,Greek,Greek,European,48.7956,227.7900,7.9761,1.6992,Greek
107742,Greek,Greek,European,70.3738,323.6284,15.7398,2.6665,Greek
107743,Greek,Greek,European,38.4330,712.7031,27.2398,51.6897,Greek
107744,Greek,Greek,European,320.2799,2494.6100,78.6917,93.4384,Greek
107745,Greek,Greek,European,2.0450,132.0000,7.1050,10.6400,Greek
107746,Greek,Greek,European,15.4783,675.5300,23.2123,59.3956,Greek
107747,Greek,Greek,European,155.9430,2145.4151,29.2276,161.7305,Greek
107748,Greek,Greek,European,1.5463,7.9900,0.5781,0.1410,Greek
107749,Greek,Greek,European,30.5020,544.0340,21.3139,38.6558,Greek
107750,Greek,Greek,European,166.2712,11704.0625,325.3662,1104.7125,Greek
107751,Greek,Greek,European,534.3264,3375.5716,133.6442,69.9961,Greek
107752,Greek,Greek,European,795.2595,23274.1012,602.9674,2057.1611,Greek
107753,Greek,Greek,European,31151.6749,157305.8920,3416.5220,2244.2001,Greek
107754,Greek,Greek,European,33.4968,608.9118,1.4475,54.7702,Greek
107755,Greek,Greek,European,484.8077,5984.1517,103.6541,421.6030,Greek
107756,Greek,Greek,European,78.0043,4702.6730,75.4184,459.8967,Greek
107757,Greek,Greek,European,1402.8118,23655.2200,778.4040,1814.4682,Greek
107758,Greek,Greek,European,292.0775,6027.9250,90.4678,534.3558,Greek
107759,Greek,Greek,European,8.5055,292.1300,2.5922,29.0836,Greek
107760,Greek,Greek,European,24.4302,584.0212,4.4025,55.2063,Greek
107761,Greek,Greek,European,127.5429,3863.7800,93.5766,352.9354,Greek
107762,Greek,Greek,European,748.4940,4049.2600,75.8953,79.4065,Greek
107763,Greek,Greek,European,925.3390,5239.4610,92.9080,133.6844,Greek
107764,Greek,Greek,European,0.0000,948.2940,50.4900,82.8750,Greek
107765,Greek,Greek,European,230.4526,933.7109,2.3061,0.7073,Greek
107766,Greek,Greek,European,901.9884,6190.4982,77.1075,247.5533,Greek
107767,Greek,Greek,European,1627.4172,15222.1600,725.7448,691.6312,Greek
107768,Greek,Greek,European,127.3344,5876.9190,206.3180,510.4746,Greek
107769,Greek,Greek,European,568.6277,4189.8325,64.5191,184.0771,Greek
107770,Greek,Greek,European,339.2237,2213.6417,6.2581,94.5758,Greek
107771,Greek,Greek,European,77.5707,1204.9585,64.9909,71.3881,Greek
107772,Greek,Greek,European,79.8498,1540.7710,73.2867,105.7381,Greek
107773,Greek,Greek,European,12.2462,686.8015,65.6113,40.1627,Greek
107774,Greek,Greek,European,1.8468,2327.1900,3.6635,260.0742,Greek
107775,Greek,Greek,European,404.9201,6943.5671,46.1565,584.1771,Greek
107776,Greek,Greek,European,2.8159,2831.2716,90.0505,275.8535,Greek
107777,Greek,Greek,European,6621.4333,205844.0333,6798.4233,17599.8767,Greek
107778,Greek,Greek,European,104.1373,3903.2670,30.6155,385.8400,Greek
107779,Greek,Greek,European,203.1029,1765.2370,53.0254,84.5116,Greek
107780,Greek,Greek,European,349.7772,4776.0379,105.1310,347.3850,Greek
107781,Greek,Greek,European,50408.0852,201795.6280,25.1200,19.0200,Greek
107782,Greek,Greek,European,223.3238,5977.0461,91.2747,528.7489,Greek
107783,Greek,Greek,European,566.7793,4625.0582,185.4378,199.7170,Greek
107784,Greek,Greek,European,139.4013,1841.0044,70.8114,116.6765,Greek
107785,Greek,Greek,European,583.1884,3568.4770,75.3415,106.5335,Greek
107786,Greek,Greek,European,0.4116,404.7484,89.8088,2.2799,Greek
107787,Greek,Greek,European,60.3460,693.6800,6.0632,51.8304,Greek
107788,Greek,Greek,European,43.9039,560.5385,23.7733,36.9198,Greek
107789,Greek,Greek,European,14.2082,604.7704,21.4784,51.9274,Greek
107790,Greek,Greek,European,5.7052,1942.0610,0.1601,218.1098,Greek
107791,Greek,Greek,European,125.0944,1582.9605,44.9934,110.1757,Greek
107792,Greek,Greek,European,78.8211,409.4191,6.6063,5.8706,Greek
107793,Greek,Greek,European,8.8861,184.2960,6.2017,13.9384,Greek
107794,Greek,Greek,European,161.0913,1620.8027,16.7170,109.0207,Greek
107795,Greek,Greek,European,82.2165,735.9560,26.8751,44.2823,Greek
107796,Greek,Greek,European,11.6632,148.8400,7.6860,7.9788,Greek
107797,Greek,Greek,European,416.2546,5586.3562,6.3534,440.9387,Greek
107798,Greek,Greek,European,1.0747,4.6500,0.0723,0.0207,Greek
107799,Greek,Greek,European,79.9544,391.2250,4.8427,8.0692,Greek
107800,Greek,Greek,European,509.0298,7438.7205,113.0272,571.9491,Greek
107801,Greek,Greek,European,197.1568,4992.2360,107.4043,433.3978,Greek
107802,Greek,Greek,European,801.0886,4436.1910,76.2939,104.9762,Greek
107803,Greek,Greek,European,482.8205,3182.0470,73.3141,111.0420,Greek
107804,Greek,Greek,European,549.0947,4367.7166,124.9613,192.5835,Greek
107805,Greek,Greek,European,504.9329,2991.8868,0.0511,109.0157,Greek
107806,Greek,Greek,European,203.6151,1539.4770,24.2457,76.8255,Greek
107807,Greek,Greek,European,60.3933,245.4960,0.0025,0.0025,Greek
107808,Greek,Greek,European,827.9622,4782.8469,110.2006,118.8803,Greek
107809,Greek,Greek,European,611.9054,8303.0600,2.9067,662.0720,Greek
107810,Greek,Greek,European,5376.7350,170209.5000,6379.8250,14457.4650,Greek
107811,Greek,Greek,European,1851.6928,7372.4755,73.0526,45.2836,Greek
107812,Greek,Greek,European,159.0157,804.2490,13.5227,10.4975,Greek
107813,Greek,Greek,European,5.1170,57.3182,0.4654,4.7194,Greek
107814,Greek,Greek,European,68.9515,288.9500,2.5685,1.2480,Greek
107815,Greek,Greek,European,6.5470,203.7134,21.5215,10.1736,Greek
107816,Greek,Greek,European,27.9785,685.4757,30.6910,53.8725,Greek
107817,Greek,Greek,European,303.6025,8098.5611,138.2058,728.0094,Greek
107818,Greek,Greek,European,608.1593,14940.1580,81.0259,1373.9713,Greek
107819,Greek,Greek,European,69.5188,8313.9465,50.6529,894.2283,Greek
107820,Greek,Greek,European,539.2714,2891.9710,42.8917,61.3795,Greek
107821,Greek,Greek,European,18.9967,400.6000,13.6086,32.9812,Greek
107822,Greek,Greek,European,937.7408,5612.9060,106.2990,166.2824,Greek
107823,Greek,Greek,European,445.7153,5553.4936,164.2020,354.6843,Greek
107824,Greek,Greek,European,241719.1529,1083902.3250,11498.5804,6667.2524,Greek
107825,Greek,Greek,European,126.3631,3613.7180,51.5427,338.2127,Greek
107826,Greek,Greek,European,126.2169,2546.6740,21.1756,219.7535,Greek
107827,Greek,Greek,European,1338.4456,8964.0418,190.2962,320.6717,Greek
107828,Greek,Greek,European,626.0396,3080.6160,48.6233,42.1035,Greek
107829,Greek,Greek,European,434.2108,3764.7500,62.5218,200.8462,Greek
107830,Greek,Greek,European,496.3688,4363.7974,179.9045,188.2852,Greek
107831,Greek,Greek,European,171.4002,5328.2115,71.2878,507.4296,Greek
107832,Greek,Greek,European,23.8132,1536.3200,10.9680,160.3711,Greek
107833,Greek,Greek,European,117.6183,1109.9100,31.0374,64.4226,Greek
107834,Greek,Greek,European,13.6005,239.8678,15.6346,14.2324,Greek
107835,Greek,Greek,European,140.0832,583.6800,12.2208,5.4720,Greek
107836,Greek,Greek,European,362.0023,2382.9460,42.3510,102.3723,Greek
107837,Greek,Greek,European,120.0856,579.3343,29.8284,3.3591,Greek
107838,Greek,Greek,European,749.9869,5494.8482,126.5877,235.7973,Greek
107839,Greek,Greek,European,171.9857,1219.6765,18.5779,51.6408,Greek
107840,Greek,Greek,European,538.6325,2166.0800,3.0125,2.1090,Greek
107841,Greek,Greek,European,255.6832,3917.6160,81.1014,288.1296,Greek
107842,Greek,Greek,European,1248.1469,15345.9109,124.1144,1126.3183,Greek
107843,Greek,Greek,European,349.4590,3070.9618,86.5897,156.1282,Greek
107844,Greek,Greek,European,210.6535,1922.8018,31.7323,105.8521,Greek
107845,Greek,Greek,European,181.9394,1204.8150,18.2694,44.4850,Greek
107846,Greek,Greek,European,502.3105,4388.1159,117.1895,225.7799,Greek
107847,Greek,Greek,European,415.6125,2805.8204,69.5972,97.4069,Greek
107848,Greek,Greek,European,197.5194,1392.8160,31.4271,62.4157,Greek
107849,Greek,Greek,European,586.8822,4523.7360,153.2929,178.2528,Greek
107850,Greek,Greek,European,404.6054,5592.3772,22.4629,436.5839,Greek
107851,Greek,Greek,European,221.9607,1615.4380,28.2795,75.9072,Greek
107852,Greek,Greek,European,210.4904,3475.7643,183.0014,229.2263,Greek
107853,Greek,Greek,European,26.8588,189.2556,5.0232,7.2765,Greek
107854,Greek,Greek,European,788.0094,4845.5780,114.2340,147.3391,Greek
107855,Greek,Greek,European,134.9761,1608.1080,45.3968,111.1111,Greek
107856,Greek,Greek,European,251.1480,2798.5187,99.5932,162.1801,Greek
107857,Greek,Greek,European,512.7485,3129.2640,38.6125,102.4225,Greek
107858,Greek,Greek,European,1238.6099,10481.4100,120.3173,562.4781,Greek
107859,Greek,Greek,European,706.8983,14942.0027,128.6662,1317.3673,Greek
107860,Greek,Greek,European,5.7049,506.8258,0.2718,54.0194,Greek
107861,Greek,Greek,European,545.6473,3357.0335,79.4585,97.0552,Greek
107862,Greek,Greek,European,9.7988,40.6730,1.1340,0.1210,Greek
107863,Greek,Greek,European,24.7018,386.9492,49.8484,10.7711,Greek
107864,Greek,Greek,European,217.4844,4579.2000,156.1792,376.5744,Greek
107865,Greek,Greek,European,311.5815,3391.1795,19.4579,233.2001,Greek
107866,Greek,Greek,European,123.9586,4345.7475,77.3205,427.1223,Greek
107867,Greek,Greek,European,239.6042,5003.6163,6.6174,454.1409,Greek
107868,Greek,Greek,European,346.3836,4590.5226,216.1341,291.7660,Greek
107869,Greek,Greek,European,18.7002,443.0033,9.9632,38.2585,Greek
107870,Greek,Greek,European,53.1765,1967.2550,82.7872,162.6264,Greek
107871,Greek,Greek,European,110.5549,1197.3395,67.1680,52.4627,Greek
107872,Greek,Greek,European,365.1912,2605.6067,38.1877,123.1137,Greek
107873,Greek,Greek,European,20287.5320,81076.8000,3.0240,1.1760,Greek
107874,Greek,Greek,European,131.6657,1393.5797,47.2080,79.2991,Greek
107875,Greek,Greek,European,0.0000,2890.6800,0.0000,327.0000,Greek
107876,Greek,Greek,European,44835.0970,203429.4117,4152.4184,901.7760,Greek
107877,Greek,Greek,European,110.4296,415.9838,3.6176,0.6732,Greek
107878,Greek,Greek,European,624.1701,3902.7040,48.6225,132.6290,Greek
107879,Greek,Greek,European,229.2904,7219.8870,30.1318,713.0724,Greek
107880,Greek,Greek,European,128.7381,5750.6940,90.8829,566.4261,Greek
107881,Greek,Greek,European,129.5097,1650.8434,87.5664,85.7341,Greek
107882,Greek,Greek,European,73.5156,2319.1600,41.3014,212.8738,Greek
107883,Greek,Greek,European,1571.2229,43883.6013,931.7723,3981.7915,Greek
107884,Greek,Greek,European,481.8068,2695.3227,34.1505,82.1217,Greek
107885,Greek,Greek,European,226.9617,1195.4949,28.6301,18.0088,Greek
107886,Greek,Greek,European,498.9555,3905.5431,136.5959,150.6912,Greek
107887,Greek,Greek,European,119.8607,4536.8379,80.7913,435.7335,Greek
107888,Greek,Greek,European,521.7604,5812.0425,85.9011,389.4179,Greek
107889,Greek,Greek,European,105.0129,4750.8038,96.1003,445.6654,Greek
107890,Greek,Greek,European,655.4540,4687.5860,50.5992,206.0883,Greek
107891,Greek,Greek,European,984.5408,21444.2740,670.5737,1804.5143,Greek
107892,Greek,Greek,European,165.3051,658.5890,0.7859,0.2315,Greek
107893,Greek,Greek,European,146.3964,1510.0560,41.4199,84.3145,Greek
107894,Greek,Greek,European,453.3094,2651.2562,64.9194,70.0498,Greek
107895,Greek,Greek,European,476.3819,4227.0727,25.0678,251.2413,Greek
107896,Greek,Greek,European,509.4000,61465.5000,557.0550,6496.1550,Greek
107897,Greek,Greek,European,282.5588,1989.1320,76.2774,63.6126,Greek
107898,Greek,Greek,European,436.4533,2902.1660,72.5445,97.5325,Greek
107899,Greek,Greek,European,552.5206,4107.5975,63.5789,185.2063,Greek
107900,Greek,Greek,European,200.3062,11721.4600,37.6848,18.9472,Greek
107901,Greek,Greek,European,359.6062,5602.3044,168.9640,410.2527,Greek
107902,Greek,Greek,European,63465.2658,292790.6720,4715.4625,1453.9242,Greek
107903,Greek,Greek,European,400.0188,5401.7652,124.7845,378.8565,Greek
107904,Greek,Greek,European,26.5200,15515.3600,0.1200,1744.0000,Greek
107905,Greek,Greek,European,707.6905,2827.6400,0.1067,0.0732,Greek
107906,Greek,Greek,European,1203.3545,7542.1683,135.0402,254.8510,Greek
107907,Greek,Greek,European,786.1765,4969.2090,116.4950,157.0246,Greek
107908,Greek,Greek,European,308.2432,2204.3450,87.5280,66.8898,Greek
107909,Greek,Greek,European,,,,,Greek
107910,Greek,Greek,European,71.6868,621.6600,17.7598,29.8298,Greek
107911,Greek,Greek,European,780.5454,5807.0380,93.5935,252.5632,Greek
107912,Greek,Greek,European,396.3445,4403.6590,60.8934,291.7122,Greek
107913,Greek,Greek,European,319.6556,1896.0750,61.8504,35.9390,Greek
107914,Greek,Greek,European,456.9511,5791.7037,52.8629,429.6919,Greek
107915,Greek,Greek,European,231.3081,1643.0418,58.0156,52.3797,Greek
107916,Greek,Greek,European,532.9287,5883.0996,182.7845,363.1044,Greek
107917,Greek,Greek,European,147.3007,1420.5260,25.7753,86.2727,Greek
107918,Greek,Greek,European,0.3985,2899.7520,0.0019,327.0019,Greek
107919,Greek,Greek,European,191.4726,1761.6160,82.3426,76.8505,Greek
107920,Greek,Greek,European,84.7620,3481.1500,83.0965,339.2535,Greek
107921,Greek,Greek,European,376.2430,2041.9104,48.0922,35.5700,Greek
107922,Greek,Greek,European,13367.6400,275520.0000,9918.7200,22297.4400,Greek
107923,Greek,Greek,European,194.3590,9906.6850,55.4535,1017.7100,Greek
107924,Greek,Greek,European,7070.3569,89755.4535,4624.0248,4799.3462,Greek
107925,Greek,Greek,European,483.9229,6548.8478,142.3385,475.1781,Greek
107926,Greek,Greek,European,14.2845,1109.2100,102.4260,69.8972,Greek
107927,Greek,Greek,European,105.3441,4820.5400,27.6093,492.8686,Greek
107928,Greek,Greek,European,432.1730,2565.5614,59.9753,66.7138,Greek
107929,Greek,Greek,European,79.2511,2133.6825,49.5595,186.4134,Greek
107930,Greek,Greek,European,285.6745,4948.7450,0.0660,436.3410,Greek
107931,Greek,Greek,European,215.7862,3678.5650,68.5604,287.6991,Greek
107932,Greek,Greek,European,58.7664,240.2400,5.6056,1.5400,Greek
107933,Greek,Greek,European,75.3196,329.0167,11.7114,1.5185,Greek
107934,Greek,Greek,European,434.9935,5747.7770,96.3763,418.0539,Greek
107935,Greek,Greek,European,934.8308,7188.5240,62.6130,356.1183,Greek
107936,Greek,Greek,European,37.9145,3287.1052,14.9969,347.8306,Greek
107937,Greek,Greek,European,774.3277,5265.8068,116.4169,198.2333,Greek
107938,Greek,Greek,European,214.2812,2015.7458,20.0482,124.0364,Greek
107939,Greek,Greek,European,403.1920,5621.7213,0.0000,453.5929,Greek
107940,Greek,Greek,European,72.9521,1010.4800,36.8237,68.9756,Greek
107941,Greek,Greek,European,194.3685,3542.5276,144.1649,255.5879,Greek
107942,Greek,Greek,European,669.7706,6948.6000,57.7232,453.4646,Greek
107943,Greek,Greek,European,364.4877,4650.4960,61.5485,337.6897,Greek
107944,Greek,Greek,European,255.7853,1254.0500,22.8340,12.5990,Greek
107945,Greek,Greek,European,60479.2116,242017.7808,49.5486,1.2632,Greek
107946,Greek,Greek,European,238.9385,3038.7530,44.2660,225.1950,Greek
107947,Greek,Greek,European,129.2766,3092.6868,28.6664,279.8986,Greek
107948,Greek,Greek,European,50399.4818,213463.3200,7.1940,1350.1122,Greek
107949,Greek,Greek,European,28.5511,3004.9562,0.1273,327.1195,Greek
107950,Greek,Greek,European,59.0071,6320.9400,11.0041,684.0642,Greek
107951,Greek,Greek,European,670.1060,10684.4300,92.4305,886.2990,Greek
107952,Greek,Greek,European,354.4564,10286.1700,16.5454,994.1259,Greek
107953,Greek,Greek,European,712.3860,6682.1204,135.3595,374.7536,Greek
107954,Greek,Greek,European,606.2280,16193.7800,25.1200,1545.0200,Greek
107955,Greek,Greek,European,650.2616,5175.5392,45.2209,268.0747,Greek
107956,Greek,Greek,European,103.3759,890.4700,34.8891,37.2414,Greek
107957,Greek,Greek,European,931.2330,6066.8060,76.1825,224.0823,Greek
107958,Greek,Greek,European,241.5720,3923.9000,5.3960,331.5600,Greek
107959,Greek,Greek,European,168.7960,4986.8520,11.4173,486.6817,Greek
107960,Greek,Greek,European,83.7336,752.6920,22.7305,39.5391,Greek
107961,Greek,Greek,European,296.7139,2471.5327,159.6471,66.3384,Greek
107962,Greek,Greek,European,755.4297,5256.3442,37.3983,233.4159,Greek
107963,Greek,Greek,European,20.3662,1481.1140,60.5488,129.8527,Greek
107964,Greek,Greek,European,630.5185,5327.0742,133.1898,278.9244,Greek
107965,Greek,Greek,European,498.5283,9852.1426,153.9296,829.1033,Greek
107966,Greek,Greek,European,135.3209,873.8335,17.4657,31.3598,Greek
107967,Greek,Greek,European,412.0151,4152.8910,156.9242,224.9946,Greek
107968,Greek,Greek,European,403.1920,1611.9600,0.0000,0.0000,Greek
107969,Greek,Greek,European,468.5910,4144.3771,51.6809,230.7976,Greek
107970,Greek,Greek,European,742.9776,51651.4500,3414.3080,3882.0964,Greek
107971,Greek,Greek,European,878.4502,5625.0900,47.9447,220.2660,Greek
107972,Greek,Greek,European,7.2000,598.8960,20.3800,55.1800,Greek
107973,Greek,Greek,European,0.7200,546.4676,102.3202,11.7767,Greek
107974,Greek,Greek,European,551.8026,4022.7607,134.1361,141.2182,Greek
107975,Greek,Greek,European,794.4364,5545.8520,96.9820,224.0184,Greek
107976,Greek,Greek,European,22.7242,2983.2880,2.9365,326.3720,Greek
107977,Greek,Greek,European,325.3500,1340.0000,19.0000,9.2000,Greek
107978,Greek,Greek,European,336.7938,3042.3730,47.3680,171.1994,Greek
107979,Greek,Greek,European,207.1348,2657.3240,20.7995,198.3887,Greek
107980,Greek,Greek,European,15196.5765,69479.1000,1130.7915,276.4320,Greek
107981,Greek,Greek,European,819.1875,5574.2850,133.4645,203.9134,Greek
107982,Greek,Greek,European,681.8051,5091.9945,178.1703,182.3369,Greek
107983,Greek,Greek,European,741.7420,4224.3100,60.3508,111.5572,Greek
107984,Greek,Greek,European,168.8469,1823.4603,74.4771,96.5991,Greek
107985,Greek,Greek,European,972.8296,5364.5800,86.6280,128.9294,Greek
107986,Greek,Greek,European,2419.7973,9717.1700,0.0956,0.0000,Greek
107987,Greek,Greek,European,1190.1028,24476.4885,699.3597,2041.8798,Greek
107988,Greek,Greek,European,1138.3511,6210.0240,106.8385,136.6429,Greek
107989,Greek,Greek,European,3.5844,199.9875,10.7250,15.9921,Greek
107990,Greek,Greek,European,104.9564,968.0452,34.0991,50.2775,Greek
107991,Greek,Greek,European,218.9686,1915.9930,116.8199,70.8173,Greek
107992,Greek,Greek,European,528.8892,6873.8803,59.4358,512.8296,Greek
107993,Greek,Greek,European,135.8003,541.7933,0.0712,0.0488,Greek
107994,Greek,Greek,European,551.9460,5073.2264,175.2821,252.1673,Greek
107995,Greek,Greek,European,414.8263,7422.8050,0.7137,652.3225,Greek
107996,Greek,Greek,European,1.0800,214.5000,18.8400,14.2650,Greek
107997,Greek,Greek,European,40.7490,2038.2750,26.6647,212.6138,Greek
107998,Greek,Greek,European,227.3084,880.5434,3.9949,0.9204,Greek
107999,Greek,Greek,European,0.0000,1479.6233,61.7100,137.5583,Greek
108000,Greek,Greek,European,64.1034,2387.5190,45.4402,228.7118,Greek
108001,Greek,Greek,European,247.5146,8447.7825,64.2891,827.0177,Greek
108002,Greek,Greek,European,1154.3611,6284.2312,127.0887,127.4160,Greek
108003,Greek,Greek,European,116.6620,2676.1317,67.2321,230.4251,Greek
108004,Greek,Greek,European,84.8765,1640.6400,43.7838,132.2238,Greek
108005,Greek,Greek,European,380.1391,3832.3047,68.9427,234.3208,Greek
108006,Greek,Greek,European,83.5492,1289.4107,58.1988,83.3331,Greek
108007,Greek,Greek,European,1577.1063,8261.8445,162.9875,135.3611,Greek
108008,Greek,Greek,European,18868.4742,410625.4380,12863.5000,34561.2000,Greek
108009,Greek,Greek,European,2.0251,964.7278,0.6779,108.2747,Greek
108010,Greek,Greek,European,8.0023,1327.1140,19.7610,136.3140,Greek
108011,Greek,Greek,European,157.6365,1605.2697,21.6513,104.1318,Greek
108012,Greek,Greek,European,42099.0102,270532.8335,7154.8344,8784.3901,Greek
108013,Greek,Greek,European,177.0829,1157.6730,35.0469,33.5718,Greek
108014,Greek,Greek,European,99.1769,7417.6776,121.9359,742.7506,Greek
108015,Greek,Greek,European,18.9907,1510.0980,25.5380,150.8380,Greek
108016,Greek,Greek,European,27.5448,6855.0440,0.0000,763.0000,Greek
108017,Greek,Greek,European,512.8970,3977.2940,76.3419,185.4569,Greek
108018,Greek,Greek,European,148.5808,1177.5000,58.0324,38.5620,Greek
108019,Greek,Greek,European,168.6376,1254.8891,8.8348,62.6709,Greek
108020,Greek,Greek,European,241915.2000,2894296.0000,0.0000,218000.0000,Greek
108021,Greek,Greek,European,156.7358,1165.5690,35.0210,41.3396,Greek
108022,Greek,Greek,European,148.6564,8178.6685,153.9878,798.8587,Greek
108023,Greek,Greek,European,46.2555,1924.3105,163.2774,123.1965,Greek
108024,Greek,Greek,European,180.0343,580199.5300,85.3787,65523.7300,Greek
108025,Greek,Greek,European,964.7069,8303.8100,113.2607,463.9344,Greek
108026,Greek,Greek,European,729.4776,3489.1020,60.2789,29.8873,Greek
108027,Greek,Greek,European,18.0000,295.0000,50.9500,1.9500,Greek
108028,Greek,Greek,European,69.0634,1575.8950,52.1910,133.1786,Greek
108029,Greek,Greek,European,214.6500,1699.4940,31.9470,80.9327,Greek
108030,Greek,Greek,European,631.1621,5102.9980,62.7270,254.7004,Greek
108031,Greek,Greek,European,308.2452,5130.4154,8.3620,436.9287,Greek
108032,Greek,Greek,European,422.1539,3778.8508,82.7622,214.6209,Greek
108033,Greek,Greek,European,635.4711,3977.1136,81.9596,127.8397,Greek
108034,Greek,Greek,European,356.4004,3975.6742,50.8048,263.4467,Greek
108035,Greek,Greek,European,725.9681,4824.8817,74.8468,184.4164,Greek
108036,Greek,Greek,European,0.0000,96356.0000,0.0000,10900.0000,Greek
108037,Greek,Greek,European,40.4329,1627.2160,17.4265,166.4665,Greek
108038,Greek,Greek,European,295.8614,2201.2275,6.8987,117.0431,Greek
108039,Greek,Greek,European,498.5484,5597.5062,97.4119,364.9171,Greek
108040,Greek,Greek,European,324.2477,3698.9860,38.6121,252.5769,Greek
108041,Greek,Greek,European,351.8986,3287.0360,68.1848,191.5225,Greek
108042,Greek,Greek,European,362.2138,2320.7407,93.6514,61.5250,Greek
108043,Greek,Greek,European,630.2973,4642.6300,82.3835,200.3321,Greek
108044,Greek,Greek,European,25.9312,337.1093,20.6230,14.7004,Greek
108045,Greek,Greek,European,30.5439,1099.3251,74.1952,74.5091,Greek
108046,Greek,Greek,European,134.3721,1136.5098,34.6489,52.2753,Greek
108047,Greek,Greek,European,997.8175,8757.3390,311.2105,401.4751,Greek
108048,Greek,Greek,European,157.7771,3421.2190,106.8600,288.0000,Greek
108049,Greek,Greek,European,485.8904,10084.1420,53.8061,907.8190,Greek
108050,Greek,Greek,European,590.4451,6315.3820,108.8324,403.9523,Greek
108051,Greek,Greek,European,509.6496,5198.9810,95.7689,313.2264,Greek
108052,Greek,Greek,European,206.3351,811.1060,0.5698,0.1489,Greek
108053,Greek,Greek,European,186.1588,4725.4450,15.0634,449.6956,Greek
108054,Greek,Greek,European,665.7844,5229.5260,68.8628,254.8592,Greek
108055,Greek,Greek,European,351.3664,2984.2865,58.8491,162.8041,Greek
108056,Greek,Greek,European,320.5135,8615.2396,140.1277,772.4345,Greek
108057,Greek,Greek,European,3.2240,575.2900,0.2170,63.5620,Greek
108058,Greek,Greek,European,778.9457,9423.7780,64.9057,686.5806,Greek
108059,Greek,Greek,European,250.0823,2337.2646,166.9073,68.9586,Greek
108060,Greek,Greek,European,220.6812,1257.9880,50.6550,20.0030,Greek
108061,Greek,Greek,European,1146.4258,6385.8760,122.1655,146.6081,Greek
108062,Greek,Greek,European,420.1831,2174.9635,38.6179,36.4079,Greek
108063,Greek,Greek,European,238.2950,2055.8635,60.2910,105.0952,Greek
108064,Greek,Greek,European,449.5018,6765.1817,75.1984,528.9940,Greek
108065,Greek,Greek,European,14.4924,198.0620,12.5600,9.5100,Greek
108066,Greek,Greek,European,377.0773,3415.6883,57.3193,191.1021,Greek
108067,Greek,Greek,European,86.4800,345.9200,6.9184,0.8832,Greek
108068,Greek,Greek,European,1235.8478,7957.0840,115.1230,283.9726,Greek
108069,Greek,Greek,European,516.4470,5108.5750,42.7440,333.2000,Greek
108070,Greek,Greek,European,112.8559,1199.9095,2.3524,85.4254,Greek
108071,Greek,Greek,European,426.2283,2331.3170,50.2974,44.3929,Greek
108072,Greek,Greek,European,884.0577,5548.5000,163.1087,148.7029,Greek
108073,Greek,Greek,European,316.4637,2789.8610,110.0166,121.2727,Greek
108074,Greek,Greek,European,983.7363,217177.7560,686.7175,23938.2675,Greek
108075,Greek,Greek,European,116.5807,3505.5300,42.9776,333.8091,Greek
108076,Greek,Greek,European,140.1083,6628.7017,11.4599,683.6078,Greek
108077,Greek,Greek,European,40.8999,2004.2702,86.0758,168.9326,Greek
108078,Greek,Greek,European,498.3309,3129.9765,48.0298,107.0816,Greek
108079,Greek,Greek,European,260.4030,1055.6850,3.9213,1.1708,Greek
108080,Greek,Greek,European,80663.3147,323504.1940,82.4416,75.7446,Greek
108081,Greek,Greek,European,549.0947,4355.1083,122.1563,192.5127,Greek
108082,Greek,Greek,European,923.6581,5760.3122,174.7234,158.5291,Greek
108083,Greek,Greek,European,50015.0920,232562.4000,3452.5300,1804.5230,Greek
108084,Greek,Greek,European,162.9854,2122.1750,129.2132,119.1480,Greek
108085,Greek,Greek,European,0.3200,0.9400,0.0300,0.0060,Greek
108086,Greek,Greek,European,548.6980,4432.4208,169.4738,191.0262,Greek
108087,Greek,Greek,European,53.4929,2356.2252,123.0992,188.8803,Greek
108088,Greek,Greek,European,37.4197,2064.0076,178.5707,132.0580,Greek
108089,Greek,Greek,European,3270.3604,176985.8739,9337.6178,14229.5924,Greek
108090,Greek,Greek,European,14.3148,7972.8000,173.5896,801.4476,Greek
108091,Greek,Greek,European,0.0000,156.1914,5.6100,0.1417,Greek
108092,Greek,Greek,European,110.8120,1244.7916,31.1319,82.7884,Greek
108093,Greek,Greek,European,15.2922,709.2900,19.6972,63.4146,Greek
108094,Greek,Greek,European,7.0839,2673.8003,109.2806,244.9655,Greek
108095,Greek,Greek,European,260.0329,2239.1608,70.0012,106.1262,Greek
108096,Greek,Greek,European,206.8835,2301.3415,231.3538,59.9221,Greek
108097,Greek,Greek,European,1044.8058,61098.1340,3223.3800,4910.3250,Greek
108098,Greek,Greek,European,595.1169,60773.6179,3676.9631,4870.9747,Greek
108099,Greek,Greek,European,27.1413,1326.1275,3.1454,136.4362,Greek
108100,Greek,Greek,European,11.2309,171.8500,4.0231,13.2544,Greek
108101,Greek,Greek,European,21.5697,1043.0983,3.2679,108.6361,Greek
108102,Greek,Greek,European,48.1586,447.8499,6.1066,28.2212,Greek
108103,Greek,Greek,European,450.9491,4985.9090,124.7401,312.5860,Greek
108104,Greek,Greek,European,33.8263,347.1855,17.2027,18.8002,Greek
108105,Greek,Greek,European,55.8353,242.2420,9.0398,1.2233,Greek
108106,Greek,Greek,European,62.6877,1146.5283,172.5289,22.2938,Greek
108107,Greek,Greek,European,9.3911,275.8025,7.4655,25.3166,Greek
108108,Greek,Greek,European,8.1647,159.0263,28.7205,1.0262,Greek
108109,Greek,Greek,European,864.5984,8617.9939,472.5946,373.0293,Greek
108110,Greek,Greek,European,133.4382,4529.5484,172.3391,374.8513,Greek
108111,Greek,Greek,European,1.5338,1053.7200,5.3288,115.9800,Greek
108112,Greek,Greek,European,39.4503,13651.7058,1.7678,1526.4997,Greek
108113,Greek,Greek,European,212.7360,8983.3000,121.5960,916.3060,Greek
108114,Greek,Greek,European,281.3519,1856.1900,51.6207,62.0328,Greek
108115,Greek,Greek,European,4.3309,5493.8478,0.6760,618.4063,Greek
108116,Greek,Greek,European,3.1707,250.8190,0.4903,27.1847,Greek
108117,Greek,Greek,European,29.0376,144.6777,11.5550,1.5383,Greek
108118,Greek,Greek,European,1.1595,74.8440,4.0285,6.0329,Greek
108119,Greek,Greek,European,128.6507,2843.8237,98.7838,230.2776,Greek
108120,Greek,Greek,European,17.6780,930.4387,67.6127,66.6453,Greek
108121,Greek,Greek,European,276.2992,2469.8002,114.4984,104.9759,Greek
108122,Greek,Greek,European,0.6174,1459.2179,5.6829,162.1616,Greek
108123,Greek,Greek,European,16.0448,1973.9508,189.5486,129.2760,Greek
108124,Greek,Greek,European,251.3144,2082.3571,15.1926,118.7009,Greek
108125,Greek,Greek,European,28.1448,546.1210,7.6432,46.5242,Greek
108126,Greek,Greek,European,162.2316,9561.9780,142.0420,931.0414,Greek
108127,Greek,Greek,European,52.4745,726.9921,50.2866,36.3107,Greek
108128,Greek,Greek,European,23.5427,341.0725,4.2012,27.4781,Greek
108129,Greek,Greek,European,11.4793,289.4900,1.7289,27.7766,Greek
108130,Greek,Greek,European,28.2598,1695.2336,105.0993,128.2386,Greek
108131,Greek,Greek,European,20.8420,1199.1665,23.3324,115.3299,Greek
108132,Greek,Greek,European,27.9782,529.3940,36.5865,31.2918,Greek
108133,Greek,Greek,European,31.5164,1290.6702,123.5954,76.8488,Greek
108134,Greek,Greek,European,37.6695,1539.1774,43.7476,137.4496,Greek
108135,Greek,Greek,European,17.7309,1563.0812,31.7046,155.7682,Greek
108136,Greek,Greek,European,6.2754,397.2190,21.4820,31.9539,Greek
108137,Greek,Greek,European,219.7430,3039.9927,110.8464,204.8216,Greek
108138,Greek,Greek,European,1155.2038,4569.1167,13.7050,5.4696,Greek
108139,Greek,Greek,European,3523.9081,17875.6580,1081.4336,284.1606,Greek
108140,Greek,Greek,European,25.2175,1355.4902,32.0876,127.9634,Greek
108141,Greek,Greek,European,6.3578,127.9767,23.6934,0.9234,Greek
108142,Greek,Greek,European,2.3164,633.8120,0.5016,70.5408,Greek
108143,Greek,Greek,European,2.9589,431.1414,40.5628,28.3892,Greek
108144,Greek,Greek,European,39.6477,532.8844,5.5947,41.3708,Greek
108145,Greek,Greek,European,10.2515,984.8107,115.6296,50.9690,Greek
108146,Greek,Greek,European,41.9803,1869.7661,239.2702,86.7893,Greek
108147,Greek,Greek,European,46.1356,1074.6670,91.0675,60.9157,Greek
108148,Greek,Greek,European,361.9322,1578.8843,76.8696,9.7990,Greek
108149,Greek,Greek,European,313.9157,1750.3320,56.3428,26.4626,Greek
108150,Greek,Greek,European,27.7208,401.0545,18.4555,25.5464,Greek
108151,Greek,Greek,European,2.0842,100.9654,5.3981,8.0080,Greek
108152,Greek,Greek,European,181.4725,4046.8200,53.5367,362.0732,Greek
108153,Greek,Greek,European,46.1096,1768.0244,203.3265,83.5695,Greek
108154,Greek,Greek,European,16.4492,69.6867,2.8209,0.5485,Greek
108155,Greek,Greek,European,9.8710,3927.5932,329.3528,276.3441,Greek
108156,Greek,Greek,European,337.9822,2367.9322,103.6335,74.6148,Greek
108157,Greek,Greek,European,357.8022,4035.9820,118.5394,242.6976,Greek
108158,Greek,Greek,European,50.4895,1320.5727,105.4549,77.1761,Greek
108159,Greek,Greek,European,410.5382,2211.8790,66.7690,29.4700,Greek
108160,Greek,Greek,European,52.2936,1223.0129,17.1698,108.9433,Greek
108161,Greek,Greek,European,5.8171,165.6270,1.0453,13.6460,Greek
108162,Greek,Greek,European,,,,,Greek
108163,Greek,Greek,European,4.2090,13.4200,0.2135,0.1464,Greek
108164,Greek,Greek,European,106.7714,2539.5350,24.8600,226.0500,Greek
108165,Greek,Greek,European,20.7160,813.3314,119.4681,29.7040,Greek
108166,Greek,Greek,European,83.4939,856.0030,31.5321,48.6346,Greek
108167,Greek,Greek,European,57.4537,1135.8689,77.2915,66.0824,Greek
108168,Greek,Greek,European,384.5969,3252.8501,124.6243,144.7165,Greek
108169,Greek,Greek,European,2.4792,756.0908,96.5286,37.7416,Greek
108170,Greek,Greek,European,27.5893,951.0516,144.5506,30.9972,Greek
108171,Greek,Greek,European,31.5148,654.4714,30.3353,47.0963,Greek
108172,Greek,Greek,European,6.0332,27.2899,1.1835,0.1004,Greek
108173,Greek,Greek,European,97.1234,1514.2099,67.7887,105.4606,Greek
108174,Greek,Greek,European,3.6412,229.5100,1.2693,24.1596,Greek
108175,Greek,Greek,European,685.5610,4296.9855,198.0529,88.4355,Greek
108176,Greek,Greek,European,160.4812,7093.8730,471.3662,498.3520,Greek
108177,Greek,Greek,European,16.3750,671.2864,112.8305,17.1771,Greek
108178,Greek,Greek,European,4.3297,2899.3330,0.2314,325.6464,Greek
108179,Greek,Greek,European,437.8630,10202.5557,1303.9663,321.4759,Greek
108180,Greek,Greek,European,4.7187,16.2820,0.3216,0.3018,Greek
108181,Greek,Greek,European,77.8505,2559.5723,176.2399,174.7800,Greek
108182,Greek,Greek,European,1.5796,7.3932,0.5243,0.1400,Greek
108183,Greek,Greek,European,17.7044,2201.1280,175.5854,157.2537,Greek
108184,Greek,Greek,European,260.4503,2183.1821,82.4005,97.2364,Greek
108185,Greek,Greek,European,0.0000,222.5000,49.5000,1.2500,Greek
108186,Greek,Greek,European,33.2544,1905.9036,71.2311,163.5876,Greek
108187,Greek,Greek,European,104608.3381,666590.3422,26369.8588,14905.2599,Greek
108188,Greek,Greek,European,186.7554,3676.2644,240.8768,220.1804,Greek
108189,Greek,Greek,European,57.9925,1266.8165,31.5334,105.5724,Greek
108190,Greek,Greek,European,80.7792,885.1766,114.7280,12.8184,Greek
108191,Greek,Greek,European,0.0000,12.6083,2.8050,0.0708,Greek
108192,Greek,Greek,European,621.4628,98885.7373,12.3992,10902.2141,Greek
108193,Greek,Greek,European,111.1060,2551.6756,302.9891,91.6019,Greek
108194,Greek,Greek,European,10.9043,447.0300,13.7494,39.8858,Greek
108195,Greek,Greek,European,1.6453,1130.6822,81.5339,86.5618,Greek
108196,Greek,Greek,European,65.8847,1342.9923,30.9657,110.1178,Greek
108197,Greek,Greek,European,21.2641,527.8956,97.5075,3.7676,Greek
108198,Greek,Greek,European,44.2677,2107.5399,170.5614,136.5389,Greek
108199,Greek,Greek,European,54.2105,1001.6671,45.4483,69.1906,Greek
108200,Greek,Greek,European,18.5421,1510.6462,125.8395,106.5243,Greek
108201,Greek,Greek,European,9.0660,1924.8294,170.3717,132.6748,Greek
108202,Greek,Greek,European,10.8566,56.1000,0.3124,0.0000,Greek
108203,Greek,Greek,European,9.6840,856.9200,32.9910,76.9350,Greek
108204,Greek,Greek,European,74.6097,341.2040,7.0807,1.5347,Greek
108205,Greek,Greek,European,47.7973,609.9895,27.2702,39.4337,Greek
108206,Greek,Greek,European,37.0483,1508.0520,56.4618,132.2264,Greek
108207,Greek,Greek,European,37.6493,694.3926,22.0803,54.0219,Greek
108208,Greek,Greek,European,169.2752,5267.6555,134.9004,447.4962,Greek
108209,Greek,Greek,European,135.8145,1039.9269,18.2288,54.6473,Greek
108210,Greek,Greek,European,4.2090,13.4200,0.2135,0.1464,Greek
108211,Greek,Greek,European,49.3219,996.3664,59.6222,63.5548,Greek
108212,Greek,Greek,European,71.4596,1109.5660,23.0649,83.6070,Greek
108213,Greek,Greek,European,252.1221,2343.3596,83.8590,108.1926,Greek
108214,Greek,Greek,European,35.2826,1146.4241,99.8762,68.5032,Greek
108215,Greek,Greek,European,209.0355,1523.3583,94.1219,34.6200,Greek
108216,Greek,Greek,European,42.7950,1699.2508,39.9227,157.4729,Greek
108217,Greek,Greek,European,17.4050,1649.9713,36.6472,161.7164,Greek
108218,Greek,Greek,European,594.6910,327425.2431,715.0258,36436.2129,Greek
108219,Greek,Greek,European,4.4252,1969.8939,89.0326,176.6948,Greek
108220,Greek,Greek,European,1.1502,959.1717,0.2974,108.0559,Greek
108221,Greek,Greek,European,25.3588,533.1291,92.9665,2.5954,Greek
108222,Greek,Greek,European,34.9880,526.2499,26.3694,32.9161,Greek
108223,Greek,Greek,European,10.1030,409.9910,4.3005,41.1278,Greek
108224,Greek,Greek,European,46.8147,496.1408,24.2229,27.0487,Greek
108225,Greek,Greek,European,40.3043,300.2940,9.3380,15.0565,Greek
108226,Greek,Greek,European,8.5592,1595.8814,207.0294,75.9312,Greek
108227,Greek,Greek,European,12.4758,369.8803,9.2543,32.7443,Greek
108228,Greek,Greek,European,9.0704,115.0612,1.2755,9.4203,Greek
108229,Greek,Greek,European,692.5132,3490.6618,52.8837,79.8225,Greek
108230,Greek,Greek,European,213.1215,1154.9517,71.0390,4.5613,Greek
108231,Greek,Greek,European,20.5230,1522.1251,195.9975,75.0524,Greek
108232,Greek,Greek,European,26.6703,470.0730,35.0273,27.2738,Greek
108233,Greek,Greek,European,153.3979,3301.9974,283.8475,182.5178,Greek
108234,Greek,Greek,European,80.2107,915.5150,44.3708,47.8653,Greek
108235,Greek,Greek,European,59.6380,426.0730,14.0768,15.6507,Greek
108236,Greek,Greek,European,194.3229,4238.6642,486.7277,165.5177,Greek
108237,Greek,Greek,European,48.1970,359.8550,16.0854,10.3514,Greek
108238,Greek,Greek,European,12.7827,913.3969,10.4149,93.6393,Greek
108239,Greek,Greek,European,9.1316,469.5691,23.4136,37.5940,Greek
108240,Greek,Greek,European,5.1177,1931.0190,122.0651,154.1254,Greek
108241,Greek,Greek,European,276.8650,1767.3630,94.7925,37.1515,Greek
108242,Greek,Greek,European,89.5499,2600.0820,181.5436,170.5608,Greek
108243,Greek,Greek,European,5892.8826,97985.8090,4640.5200,6503.5600,Greek
108244,Greek,Greek,European,36.1254,545.0923,93.3752,3.0339,Greek
108245,Greek,Greek,European,25.0523,583.3750,24.0534,43.5366,Greek
108246,Greek,Greek,European,9.1617,403.8500,29.4604,28.0310,Greek
108247,Greek,Greek,European,146.2143,1689.4379,69.2508,92.6075,Greek
108248,Greek,Greek,European,93.5446,1005.7750,36.7054,60.8226,Greek
108249,Greek,Greek,European,1020.4838,48564.7326,2428.9415,3937.5681,Greek
108250,Greek,Greek,European,6.1823,327.5000,20.5603,24.6900,Greek
108251,Greek,Greek,European,15.2910,646.4347,43.8813,46.1913,Greek
108252,Greek,Greek,European,29.5408,273.0800,16.6517,11.0409,Greek
108253,Greek,Greek,European,10.2781,879.7531,105.6967,43.9998,Greek
108254,Greek,Greek,European,38.9171,1856.2515,110.9548,139.4521,Greek
108255,Greek,Greek,European,15.6861,1043.9680,122.1174,52.9910,Greek
108256,Greek,Greek,European,,,,,Greek
108257,Greek,Greek,European,15.0449,424.4210,1.5095,40.6659,Greek
108258,Greek,Greek,European,172.3761,1664.6572,10.7712,112.1175,Greek
108259,Greek,Greek,European,22.7251,354.3910,30.7792,15.4819,Greek
108260,Greek,Greek,European,23.9231,2020.7787,5.9095,217.3343,Greek
108261,Greek,Greek,European,50.7799,3217.9992,145.0306,275.5120,Greek
108262,Greek,Greek,European,5.7830,543.3053,7.8937,55.8002,Greek
108263,Greek,Greek,European,20.8346,2596.0806,315.1845,138.6411,Greek
108264,Greek,Greek,European,302.9707,1211.6150,0.1347,0.0078,Greek
108265,Greek,Greek,European,106.2867,3348.7638,29.6943,315.4289,Greek
108266,Greek,Greek,European,79.5125,1510.4592,108.7000,85.3569,Greek
108267,Greek,Greek,European,19.3044,902.4288,4.2662,92.7548,Greek
108268,Greek,Greek,European,2.2429,3131.2685,379.3790,168.2239,Greek
108269,Greek,Greek,European,49.0387,848.9003,44.8163,53.5126,Greek
108270,Greek,Greek,European,896.5945,7689.7890,46.7322,444.8619,Greek
108271,Greek,Greek,European,30.8504,239.3610,11.6424,10.6863,Greek
108272,Greek,Greek,European,121.1838,1270.6804,127.7101,34.0010,Greek
108273,Greek,Greek,European,6.2028,660.3300,0.8100,72.3852,Greek
108274,Greek,Greek,European,0.6103,166.8680,2.7320,17.2452,Greek
108275,Greek,Greek,European,32.8561,696.6506,16.6130,58.4387,Greek
108276,Greek,Greek,European,19.6988,1202.1515,117.1260,73.2950,Greek
108277,Greek,Greek,European,318.1989,2060.2594,86.1726,53.3867,Greek
108278,Greek,Greek,European,25.6949,955.5099,119.0145,39.5122,Greek
108279,Greek,Greek,European,52.0292,1578.5906,191.6627,69.8519,Greek
108280,Greek,Greek,European,5.0403,661.6192,90.4055,29.4320,Greek
108281,Greek,Greek,European,837.9038,4587.4524,115.9372,121.5471,Greek
108282,Greek,Greek,European,36.0688,1109.3200,66.4152,78.2992,Greek
108283,Greek,Greek,European,30.0272,2416.3390,152.5549,185.0449,Greek
108284,Greek,Greek,European,9.6009,2734.7634,265.9405,173.5216,Greek
108285,Greek,Greek,European,27.8057,153.7200,8.0539,7.3282,Greek
108286,Greek,Greek,European,24.8644,3934.1029,264.4403,306.0151,Greek
108287,Greek,Greek,European,7.4780,1459.5000,0.5985,162.1814,Greek
108288,Greek,Greek,European,,,,,Greek
108289,Greek,Greek,European,357.9251,3216.6030,133.1193,149.0749,Greek
108290,Greek,Greek,European,,,,,Greek
108291,Greek,Greek,European,429.9907,3131.7731,43.8150,139.4711,Greek
108292,Greek,Greek,European,18.6337,1045.7397,32.9951,94.9691,Greek
108293,Greek,Greek,European,181.1570,2870.7191,143.4285,189.5481,Greek
108294,Greek,Greek,European,533.6678,3005.6103,161.3637,16.0141,Greek
108295,Greek,Greek,European,16.0520,2105.0847,453.3798,15.4686,Greek
108296,Greek,Greek,European,166.7090,2468.0660,153.7963,127.1387,Greek
108297,Greek,Greek,European,38.5705,926.5874,72.2188,54.7867,Greek
108298,Greek,Greek,European,33.0354,1259.9511,121.5353,70.9760,Greek
108299,Greek,Greek,European,62.0072,738.1663,43.6511,40.7519,Greek
108300,Greek,Greek,European,220.9536,852.4800,8.6400,3.4560,Greek
108301,Greek,Greek,European,17.7326,1221.4913,111.7746,78.8046,Greek
108302,Greek,Greek,European,52.3823,1699.2182,144.6865,104.7740,Greek
108303,Greek,Greek,European,93.4508,1039.2411,35.4543,58.2675,Greek
108304,Greek,Greek,European,11.4084,3109.2775,362.5693,171.0115,Greek
108305,Greek,Greek,European,8.7093,159.9863,8.2147,10.8176,Greek
108306,Greek,Greek,European,1047.7069,9361.0121,539.7742,329.2159,Greek
108307,Greek,Greek,European,1.4634,486.4620,0.2700,54.0531,Greek
108308,Greek,Greek,European,306.7500,20084.0000,1105.4300,1608.6800,Greek
108309,Greek,Greek,European,0.8233,982.4984,5.7072,108.1682,Greek
108310,Greek,Greek,European,60.9263,1818.2804,58.3389,153.1138,Greek
108311,Greek,Greek,European,23.2469,1400.3987,156.8226,72.8411,Greek
108312,Greek,Greek,European,49.6981,2141.6257,79.7009,189.1865,Greek
108313,Greek,Greek,European,142.6058,3021.0117,228.0862,163.2315,Greek
108314,Greek,Greek,European,24.7121,430.3932,18.1993,30.7273,Greek
108315,Greek,Greek,European,156.3303,2885.9824,90.8397,208.3232,Greek
108316,Greek,Greek,European,17.1527,73.8376,2.3989,0.2439,Greek
108317,Greek,Greek,European,66.2314,1245.7369,51.1253,91.3494,Greek
108318,Greek,Greek,European,33.2701,502.8975,4.1986,41.0938,Greek
108319,Greek,Greek,European,200.9766,2950.6168,211.8695,153.2620,Greek
108320,Greek,Greek,European,54.0371,934.6840,5.5168,81.8095,Greek
108321,Greek,Greek,European,32.3429,836.3140,35.8729,66.1513,Greek
108322,Greek,Greek,European,130.1829,4226.8590,246.7650,296.6570,Greek
108323,Greek,Greek,European,14.2122,1120.8331,141.9116,52.6654,Greek
108324,Greek,Greek,European,22.8342,1369.3526,113.9409,90.3695,Greek
108325,Greek,Greek,European,202.4240,1685.5676,67.5062,73.4050,Greek
108326,Greek,Greek,European,64.3158,435.7095,14.8509,16.5605,Greek
108327,Greek,Greek,European,9.1931,104.4408,3.1033,7.4887,Greek
108328,Greek,Greek,European,9.0753,1519.7136,149.9066,94.7275,Greek
108329,Greek,Greek,European,17.9522,545.3485,38.3684,35.8231,Greek
108330,Greek,Greek,European,19.2118,1668.0600,12.7639,176.5718,Greek
108331,Greek,Greek,European,241.9939,4311.9145,229.0124,269.5663,Greek
108332,Greek,Greek,European,7.2682,1731.4162,100.2691,142.3495,Greek
108333,Greek,Greek,European,3.4078,14.5345,0.6816,0.2951,Greek
108334,Greek,Greek,European,19.1390,214.2640,16.8102,8.2610,Greek
108335,Greek,Greek,European,13.0849,862.8993,124.6037,32.3945,Greek
108336,Greek,Greek,European,5.9474,714.6814,96.9443,31.0760,Greek
108337,Greek,Greek,European,1.7900,6504.2541,1206.6286,149.8821,Greek
108338,Greek,Greek,European,29.1700,334.9816,1.5964,23.7193,Greek
108339,Greek,Greek,European,215.5448,1733.6846,76.4495,70.5015,Greek
108340,Greek,Greek,European,21.2281,99.6169,3.9034,1.5993,Greek
108341,Greek,Greek,European,37.4912,650.4489,74.5968,21.6149,Greek
108342,Greek,Greek,European,15.2676,1477.1876,143.9199,90.3713,Greek
108343,Greek,Greek,European,2.4404,593.0270,37.9750,46.5635,Greek
108344,Greek,Greek,European,18.0995,705.5282,2.3767,73.0912,Greek
108345,Greek,Greek,European,35.2020,300.3921,11.4573,15.1190,Greek
108346,Greek,Greek,European,398.4547,2689.3054,105.5324,74.1641,Greek
108347,Greek,Greek,European,11.6261,45.6638,0.7755,0.4329,Greek
108348,Greek,Greek,European,1.7230,961.3450,0.2250,108.1070,Greek
108349,Greek,Greek,European,5.7999,161.4700,2.2868,14.8881,Greek
108350,Greek,Greek,European,23.5995,1107.7752,107.4693,64.4353,Greek
108351,Greek,Greek,European,121.9260,2548.2246,118.6447,175.8376,Greek
108352,Greek,Greek,European,11.2333,1020.0119,85.2881,68.9389,Greek
108353,Greek,Greek,European,51.7035,444.1994,30.5585,12.5220,Greek
108354,Greek,Greek,European,183.7310,2986.8152,193.2734,166.7764,Greek
108355,Greek,Greek,European,878.2942,4867.7100,191.3211,67.9506,Greek
108356,Greek,Greek,European,23.8618,2626.1936,172.9681,200.9017,Greek
108357,Greek,Greek,European,226.6351,1511.4940,78.5117,37.9498,Greek
108358,Greek,Greek,European,69.1512,1122.9528,21.6486,90.0693,Greek
108359,Greek,Greek,European,7.2440,247.6500,9.0638,21.1068,Greek
108360,Greek,Greek,European,56.3346,534.8440,26.5860,22.2518,Greek
108361,Greek,Greek,European,14.7253,645.7677,26.1298,55.2265,Greek
108362,Greek,Greek,European,1783.1911,10803.9533,1056.8238,194.0939,Greek
108363,Greek,Greek,European,35.6562,620.6500,53.8594,30.4512,Greek
108364,Greek,Greek,European,82.0637,787.1600,14.3710,47.7630,Greek
108365,Greek,Greek,European,19.5301,515.5209,94.0093,4.2520,Greek
108366,Greek,Greek,European,19.5307,2666.6320,171.6961,206.1122,Greek
108367,Greek,Greek,European,1.8990,10.8000,0.8910,0.2370,Greek
108368,Greek,Greek,European,14.2155,726.3003,18.7212,68.2370,Greek
108369,Greek,Greek,European,51.6986,1442.1385,52.3790,121.3700,Greek
108370,Greek,Greek,European,1124.3366,71495.1700,3845.8665,5757.5629,Greek
108371,Greek,Greek,European,21.4443,873.0965,28.0644,76.6260,Greek
108372,Greek,Greek,European,42.0041,763.7859,37.7265,51.4835,Greek
108373,Greek,Greek,European,53.7511,751.4560,17.1006,56.6088,Greek
108374,Greek,Greek,European,30.5413,497.6772,20.0959,37.3962,Greek
108375,Greek,Greek,European,9.9663,532.7128,28.8109,42.3682,Greek
108376,Greek,Greek,European,44.6732,468.5270,15.1040,29.4822,Greek
108377,Greek,Greek,European,35.5274,997.5542,43.1445,79.9240,Greek
108378,Greek,Greek,European,0.0000,1211.1120,76.5677,97.9322,Greek
108379,Greek,Greek,European,42.2322,1096.5212,114.9100,55.3213,Greek
108380,Greek,Greek,European,116.4791,2791.6251,198.5155,170.6254,Greek
108381,Greek,Greek,European,83.2208,708.9348,28.2998,32.5511,Greek
108382,Greek,Greek,European,2.7048,222.3700,5.4379,21.5314,Greek
108383,Greek,Greek,European,22.0545,584.7570,17.5957,48.8268,Greek
108384,Greek,Greek,European,3196.2205,200009.3572,10795.1933,16063.7097,Greek
108385,Greek,Greek,European,12.8947,570.3724,33.9090,43.6704,Greek
108386,Greek,Greek,European,8.7308,1953.4974,0.9317,216.2085,Greek
108387,Greek,Greek,European,26.2777,1358.0096,228.4209,33.9507,Greek
108388,Greek,Greek,European,222.1608,1667.6688,81.0047,56.5096,Greek
108389,Greek,Greek,European,21.8516,2520.9795,10.0001,271.6170,Greek
108390,Greek,Greek,European,8.9832,1713.8810,109.7869,135.5049,Greek
108391,Greek,Greek,European,49.6242,1593.3265,99.9238,113.7579,Greek
108392,Greek,Greek,European,20.8830,1042.4865,126.4107,51.8565,Greek
108393,Greek,Greek,European,10.9691,565.2780,45.2110,37.6701,Greek
108394,Greek,Greek,European,5.2684,26.5387,1.2684,0.9980,Greek
108395,Greek,Greek,European,113.3027,3645.6096,239.3527,247.1540,Greek
108396,Greek,Greek,European,599.8484,3009.6265,59.2207,33.3019,Greek
108397,Greek,Greek,European,445.6452,4105.0659,72.5064,225.6137,Greek
108398,Greek,Greek,European,92.2211,2542.6501,289.1909,109.0677,Greek
108399,Greek,Greek,European,1201.0287,6892.8941,153.7999,162.5627,Greek
108400,Greek,Greek,European,2.1454,527.9863,25.3713,46.0840,Greek
108401,Greek,Greek,European,27.6394,800.2229,47.4356,56.8839,Greek
108402,Greek,Greek,European,15.2732,607.3530,40.3214,42.3910,Greek
108403,Greek,Greek,European,73.5073,1730.1546,121.5129,104.1547,Greek
108404,Greek,Greek,European,31.8584,888.5115,38.9228,72.4712,Greek
108405,Greek,Greek,European,133.2446,4382.7882,141.2387,369.4634,Greek
108406,Greek,Greek,European,18.9408,2558.6540,133.5654,214.6266,Greek
108407,Greek,Greek,European,78.7371,2712.8840,167.0720,189.2097,Greek
108408,Greek,Greek,European,12.1646,462.6998,5.8971,44.6677,Greek
108409,Greek,Greek,European,4.7636,531.4040,6.2942,54.4936,Greek
108410,Greek,Greek,European,0.9257,4.1720,0.1781,0.0140,Greek
108411,Greek,Greek,European,55.6190,1311.7330,19.3842,113.7599,Greek
108412,Greek,Greek,European,8.8001,2494.1936,7.2590,275.0110,Greek
108413,Greek,Greek,European,38.1879,606.2210,42.3051,30.2045,Greek
108414,Greek,Greek,European,28.5636,1029.3156,128.3061,43.2092,Greek
108415,Greek,Greek,European,478.0414,2424.0863,57.4270,27.5521,Greek
108416,Greek,Greek,European,42.5046,191.1982,7.2026,0.7509,Greek
108417,Greek,Greek,European,9.8422,1174974.0700,21184.4818,120238.8606,Greek
108418,Greek,Greek,European,39.4883,196.8070,14.7374,1.8852,Greek
108419,Greek,Greek,European,9.4116,500.4768,25.5236,41.7882,Greek
108421,Greek,Greek,European,54.4735,3236.7799,198.4156,246.1667,Greek
108422,Greek,Greek,European,189.5599,1159.1688,61.6384,20.6983,Greek
108423,Greek,Greek,European,10.0012,531.4400,55.3384,28.5304,Greek
108424,Greek,Greek,European,220.7767,1639.1356,77.6558,57.4701,Greek
108425,Greek,Greek,European,17.1466,2432.2183,452.3681,49.8680,Greek
108426,Greek,Greek,European,29.7303,518.4110,22.1369,34.7186,Greek
108427,Greek,Greek,European,16.2876,467.6017,45.6722,24.1034,Greek
108428,Greek,Greek,European,6373.5892,32804.9200,578.1800,479.2756,Greek
108429,Greek,Greek,European,303.3694,5833.2828,268.4025,393.0722,Greek
108430,Greek,Greek,European,106.5561,1236.1190,107.5898,40.0952,Greek
108431,Greek,Greek,European,2.6728,156.1467,6.0816,13.7145,Greek
108432,Greek,Greek,European,53.2369,2054.3082,30.9443,195.6869,Greek
108433,Greek,Greek,European,7.6736,4105.0622,379.3455,276.2896,Greek
108434,Greek,Greek,European,55.7096,623.8270,17.2175,40.4046,Greek
108435,Greek,Greek,European,622.6400,39801.0000,2151.3200,3202.6500,Greek
108436,Greek,Greek,European,4.2437,2691.0832,379.7820,118.4302,Greek
108437,Greek,Greek,European,6.7344,977.6073,0.5616,108.2827,Greek
108438,Greek,Greek,European,24.2392,976.1920,54.3345,74.2586,Greek
108439,Greek,Greek,European,8.1454,1020.1922,80.7039,71.6567,Greek
108440,Greek,Greek,European,68.3724,1672.9282,109.3132,107.0080,Greek
108441,Greek,Greek,European,9.9451,39.9653,1.1741,0.2985,Greek
108442,Greek,Greek,European,85.0058,2562.3426,229.3005,142.2282,Greek
108443,Greek,Greek,European,377.5307,9110.1211,440.8093,688.2157,Greek
108444,Greek,Greek,European,17.4062,84.0695,3.1763,2.2795,Greek
108445,Greek,Greek,European,50.5189,1459.0870,64.1783,115.4444,Greek
108446,Greek,Greek,European,48.0786,871.2836,17.1345,74.1459,Greek
108447,Greek,Greek,European,1816.9275,12364.2093,211.1816,471.3216,Greek
108448,Greek,Greek,European,253.0133,1733.6092,113.8013,40.0421,Greek
108449,Greek,Greek,European,22.1422,282.6422,14.6137,16.6198,Greek
108450,Greek,Greek,European,18.1301,1371.1884,136.4326,81.6536,Greek
108451,Greek,Greek,European,4.5908,18.3540,0.0000,0.0000,Greek
108452,Greek,Greek,European,283.6389,1217.2458,41.7297,1.9789,Greek
108453,Greek,Greek,European,58.0429,1527.6780,123.1578,86.2977,Greek
108454,Greek,Greek,European,64.7069,3632.8748,729.7922,33.5047,Greek
108455,Greek,Greek,European,19.6301,1024.9060,1.9849,108.9564,Greek
108456,Greek,Greek,European,7557.6300,108424.1800,4739.3300,6527.9350,Greek
108457,Greek,Greek,European,4.2855,550.0644,105.3098,12.3341,Greek
108458,Greek,Greek,European,5.8898,657.0012,113.3450,20.6427,Greek
108459,Greek,Greek,European,22.5729,817.3887,108.6120,31.1224,Greek
108460,Greek,Greek,European,12.5671,463.3774,5.9683,44.5651,Greek
108461,Greek,Greek,European,299.3384,2261.0133,35.0483,110.9800,Greek
108462,Greek,Greek,European,150.3711,2634.5692,238.2389,128.4577,Greek
108463,Greek,Greek,European,23.8404,1365.3120,83.2040,105.5667,Greek
108464,Greek,Greek,European,3067.9832,198481.8140,10657.5450,16014.0214,Greek
108465,Greek,Greek,European,65.2782,1935.5957,40.9706,172.9723,Greek
108466,Greek,Greek,European,6.1350,504.3000,21.4260,43.9200,Greek
108467,Greek,Greek,European,390.7998,2027.0664,92.5423,17.3167,Greek
108468,Greek,Greek,European,226.4431,1481.0733,78.6138,35.9573,Greek
108469,Greek,Greek,European,,,,,Greek
108470,Greek,Greek,European,1.5338,118.8900,5.3288,10.2300,Greek
108471,Greek,Greek,European,12.4628,700.8552,92.5218,30.1168,Greek
108472,Greek,Greek,European,12.0183,2613.9155,167.4150,205.5640,Greek
108473,Greek,Greek,European,21.2249,742.5779,102.4370,26.9576,Greek
108474,Greek,Greek,European,3.2148,360.0667,35.1828,22.3520,Greek
108475,Greek,Greek,European,29.7608,274.3862,12.3209,12.1646,Greek
108476,Greek,Greek,European,45.0322,285.5751,12.2620,7.0353,Greek
108477,Greek,Greek,European,83.5022,344.0744,4.5758,0.7261,Greek
108478,Greek,Greek,European,780.9685,7202.8125,653.7550,142.2200,Greek
108479,Greek,Greek,European,2.0947,15.2519,0.7522,0.8158,Greek
108480,Greek,Greek,European,71.6628,2300.4238,134.4346,159.3816,Greek
108481,Greek,Greek,European,186.5856,2761.0507,56.9725,199.0931,Greek
108482,Greek,Greek,European,19.8144,214.1700,10.4346,11.8969,Greek
108483,Greek,Greek,European,185.5103,1649.2523,29.9203,92.9941,Greek
108484,Greek,Greek,European,2.1045,364.7300,0.1067,40.5732,Greek
108485,Greek,Greek,European,106.7454,2787.3252,143.4868,197.3686,Greek
108486,Greek,Greek,European,17.4676,314.4800,3.9118,27.5552,Greek
108487,Greek,Greek,European,5.3362,146.0600,7.6654,10.8540,Greek
108488,Greek,Greek,European,207.6961,1144.1563,59.6918,10.9250,Greek
108489,Greek,Greek,European,22.5519,322.7451,14.7986,21.2350,Greek
108490,Greek,Greek,European,121.5596,1569.6736,45.1369,101.2379,Greek
108491,Greek,Greek,European,260.3194,1680.7276,86.8263,38.4842,Greek
108492,Greek,Greek,European,4.7774,498.6980,0.7846,54.0767,Greek
108493,Greek,Greek,European,63.5838,1013.1813,104.0878,38.0564,Greek
108494,Greek,Greek,European,24.9746,947.2469,99.7104,48.8722,Greek
108495,Greek,Greek,European,2.8912,5054.9141,1122.4624,28.4871,Greek
108496,Greek,Greek,European,48.1622,3212.3753,165.3238,257.9941,Greek
108497,Greek,Greek,European,69.8645,517.0500,59.9873,13.0344,Greek
108498,Greek,Greek,European,60.1916,1171.0635,2.7190,104.3168,Greek
108499,Greek,Greek,European,56.5265,1941.6585,217.3967,93.5732,Greek
108500,Greek,Greek,European,87.8860,2240.0178,154.4770,146.6577,Greek
108501,Greek,Greek,European,114.9436,2638.3103,142.0137,179.6388,Greek
108502,Greek,Greek,European,370.3336,3439.2044,416.5184,29.9343,Greek
108503,Greek,Greek,European,68.8402,401.8767,6.3723,15.0542,Greek
108504,Greek,Greek,European,3.1647,13.7808,0.6330,0.1507,Greek
108505,Greek,Greek,European,35.7260,171.8430,7.3496,1.2400,Greek
108506,Greek,Greek,European,113.7662,488.8400,16.1952,2.2006,Greek
108507,Greek,Greek,European,126.6054,1055.6400,9.4010,56.2436,Greek
108508,Greek,Greek,European,79.2782,824.9570,13.8766,56.1438,Greek
108509,Greek,Greek,European,273.4580,2839.2816,110.3124,153.7321,Greek
108510,Greek,Greek,European,21.6994,9240.0893,1981.3469,78.9512,Greek
108511,Greek,Greek,European,,,,,Greek
108512,Greek,Greek,European,67.4994,1765.3854,61.9253,140.0369,Greek
108513,Greek,Greek,European,11.2560,321.5192,16.8281,24.2157,Greek
108514,Greek,Greek,European,253.0594,1530.9060,48.4372,40.4577,Greek
108515,Greek,Greek,European,15.8001,2841.1862,195.6022,216.8922,Greek
108516,Greek,Greek,European,20.9790,308.5154,8.7398,22.9423,Greek
108517,Greek,Greek,European,21.3338,187.1467,9.3779,8.8639,Greek
108518,Greek,Greek,European,33.1192,291.4825,37.9032,1.2792,Greek
108519,Greek,Greek,European,337.4718,3231.4233,145.8619,143.2430,Greek
108520,Greek,Greek,European,47763.5482,547835.1091,18882.5236,34678.5191,Greek
108521,Greek,Greek,European,37.7022,2313.0119,109.3195,190.9194,Greek
108522,Greek,Greek,European,20.1076,1449.2708,8.1752,152.8824,Greek
108523,Greek,Greek,European,95.9210,640.1633,25.4880,16.0864,Greek
108524,Greek,Greek,European,82.7579,1702.8300,88.5055,114.6276,Greek
108525,Greek,Greek,European,5.6948,419.3391,29.7446,30.3392,Greek
108526,Greek,Greek,European,8.1766,1351.2662,111.7892,98.0511,Greek
108527,Greek,Greek,European,2.0544,649.4828,90.0069,29.3656,Greek
108528,Greek,Greek,European,120.7812,2111.0726,34.5415,171.4872,Greek
108529,Greek,Greek,European,104.2919,3064.5691,176.3050,221.8032,Greek
108530,Greek,Greek,European,9.4038,1252.3538,137.0924,71.7612,Greek
108531,Greek,Greek,European,0.4116,719.0775,106.6386,29.7049,Greek
108532,Greek,Greek,European,25.2473,2478.5988,148.7226,194.9944,Greek
108533,Greek,Greek,European,89.1099,2357.0260,165.1077,150.7059,Greek
108534,Greek,Greek,European,71.7468,2242.8731,182.7572,133.4565,Greek
108535,Greek,Greek,European,27.4259,758.4640,3.1284,72.1716,Greek
108536,Greek,Greek,European,72.7945,628.0367,32.1917,22.0065,Greek
108537,Greek,Greek,European,60.9706,604.5330,10.8890,38.4580,Greek
108538,Greek,Greek,European,29.1784,989.1515,28.8109,88.8569,Greek
108539,Greek,Greek,European,135.4718,1880.5890,76.9090,113.8858,Greek
108540,Greek,Greek,European,25.1809,1572.5480,142.2849,98.6665,Greek
108541,Greek,Greek,European,31.9650,2484.7333,25.4169,252.2749,Greek
108542,Greek,Greek,European,207.8273,4044.2717,396.2031,170.0669,Greek
108543,Greek,Greek,European,24.0036,393.6014,26.3660,25.3284,Greek
108544,Greek,Greek,European,131.0705,2453.0259,135.9373,154.2762,Greek
108545,Greek,Greek,European,1.1008,83.4908,0.1386,9.0560,Greek
108546,Greek,Greek,European,60.3213,2106.2410,100.3506,170.0806,Greek
108547,Greek,Greek,European,23.2328,472.1865,24.8094,32.8822,Greek
108548,Greek,Greek,European,22.0537,1261.6347,96.2466,86.0880,Greek
108549,Greek,Greek,European,80.5492,2709.7593,222.0856,166.8871,Greek
108550,Greek,Greek,European,32.9356,660.6634,78.2463,23.4066,Greek
108551,Greek,Greek,European,21.0384,91.6650,4.8997,0.4051,Greek
108552,Greek,Greek,European,32.4439,1099.8238,5.7480,109.0686,Greek
108553,Greek,Greek,European,6.2324,1287.0820,86.5361,100.8977,Greek
108554,Greek,Greek,European,421.9621,2380.8002,87.8702,43.1474,Greek
108555,Greek,Greek,European,21.7357,833.7310,5.9895,81.5347,Greek
108556,Greek,Greek,European,15.6609,3483.3317,398.6756,193.9838,Greek
108557,Greek,Greek,European,47.5359,1510.0183,163.0316,76.4215,Greek
108558,Greek,Greek,European,106479.7090,567857.2354,34620.4836,2055.6191,Greek
108559,Greek,Greek,European,7.7118,1189.7631,210.1236,33.8255,Greek
108560,Greek,Greek,European,13.8384,61.9200,2.0016,0.7056,Greek
108561,Greek,Greek,European,2793.6551,224213.2450,487.0287,23905.9330,Greek
108562,Greek,Greek,European,4.2090,2138.4097,142.0747,171.0824,Greek
108563,Greek,Greek,European,414.9861,5073.6831,139.1882,333.4332,Greek
108564,Greek,Greek,European,18.2039,1273.1274,187.7836,45.5653,Greek
108565,Greek,Greek,European,640.3504,5230.1860,94.7836,246.4155,Greek
108566,Greek,Greek,European,38.0066,1863.3920,101.7843,143.7022,Greek
108567,Greek,Greek,European,9.9587,1497.1250,131.6013,104.4391,Greek
108568,Greek,Greek,European,5.2613,1462.1150,0.2669,163.6830,Greek
108569,Greek,Greek,European,224.6005,1382.5023,72.3665,26.8506,Greek
108570,Greek,Greek,European,,,,,Greek
108571,Greek,Greek,European,2.1045,1052.3252,179.6271,31.6065,Greek
108572,Greek,Greek,European,12.4138,632.6632,5.6690,61.9857,Greek
108573,Greek,Greek,European,34.1676,882.9227,26.7001,73.4475,Greek
108574,Greek,Greek,European,7.3243,154.4520,6.4807,11.6481,Greek
108575,Greek,Greek,European,29.9498,135.2799,6.2798,0.9574,Greek
108576,Greek,Greek,European,9.1014,41.4907,2.0144,0.4600,Greek
108577,Greek,Greek,European,1.7523,5977.4367,0.4712,675.4942,Greek
108578,Greek,Greek,European,0.0390,1211.3512,76.5869,97.9384,Greek
108579,Greek,Greek,European,25.9109,1112.8325,84.4712,73.1661,Greek
108580,Greek,Greek,European,53.4037,903.1658,101.2777,31.4336,Greek
108581,Greek,Greek,European,9.9063,348.8920,68.0404,2.8305,Greek
108582,Greek,Greek,European,51.5786,1783.9700,70.9279,149.2235,Greek
108583,Greek,Greek,European,15.0132,349.8080,3.8430,30.9894,Greek
108584,Greek,Greek,European,5.4842,767.2390,112.4127,30.2644,Greek
108585,Greek,Greek,European,243.7185,1426.5162,29.3958,46.3182,Greek
108586,Greek,Greek,European,56.9305,2781.0990,179.3959,202.4970,Greek
108587,Greek,Greek,European,303.3924,2009.2200,32.4004,74.4532,Greek
108588,Greek,Greek,European,11.1325,732.7531,142.8599,11.2841,Greek
108589,Greek,Greek,European,280.7370,1280.6979,25.2788,5.5667,Greek
108590,Greek,Greek,European,8.3641,787.4242,16.3104,78.1006,Greek
108591,Greek,Greek,European,14.4303,703.3632,108.1439,21.1700,Greek
108592,Greek,Greek,European,0.5805,211.8280,0.4326,23.2770,Greek
108593,Greek,Greek,European,34.0910,1112.7509,65.6052,80.3285,Greek
108594,Greek,Greek,European,33.3052,175.2132,9.2556,1.7223,Greek
108595,Greek,Greek,European,106.3680,4416.0000,43.9680,457.7280,Greek
108596,Greek,Greek,European,46.8765,6199.2639,594.6264,392.4349,Greek
108597,Greek,Greek,European,0.0000,0.0000,0.0000,0.0000,Greek
108598,Greek,Greek,European,35.7672,634.1167,5.4335,54.4632,Greek
108599,Greek,Greek,European,17.2625,546.7800,0.3250,54.7125,Greek
108600,Greek,Greek,European,14.6060,338.4330,17.6617,24.4098,Greek
108601,Greek,Greek,European,12.0660,184.4200,5.5565,14.5464,Greek
108602,Greek,Greek,European,24.4043,386.0260,20.4691,24.6693,Greek
108603,Greek,Greek,European,66.7956,562.5321,57.2433,12.0912,Greek
108604,Greek,Greek,European,126.2475,2716.4182,43.0135,233.2603,Greek
108605,Greek,Greek,European,2251.5864,110440.2760,6286.9079,8505.5866,Greek
108606,Greek,Greek,European,0.0000,247.5200,0.0000,28.0000,Greek
108607,Greek,Greek,European,84.5174,1375.2810,118.3303,62.9453,Greek
108608,Greek,Greek,European,313.6088,1851.6450,31.2355,53.0075,Greek
108609,Greek,Greek,European,0.0130,0.0797,0.0064,0.0021,Greek
108610,Greek,Greek,European,938.5095,60573.2750,3232.9670,4900.1415,Greek
108611,Greek,Greek,European,48.6665,1171.4375,4.3358,108.8409,Greek
108612,Greek,Greek,European,465.2745,4439.0670,85.1206,247.0050,Greek
108613,Greek,Greek,European,18.0156,637.6101,31.4152,49.5744,Greek
108614,Greek,Greek,European,47.6490,2389.6555,127.6717,187.6717,Greek
108615,Greek,Greek,European,1053.2303,5073.1922,105.1950,123.5756,Greek
108616,Greek,Greek,European,94.7115,1944.2830,201.8039,83.1754,Greek
108617,Greek,Greek,European,112.0058,2568.2410,96.3578,207.4145,Greek
108618,Greek,Greek,European,33.1859,2592.8082,188.4039,189.2491,Greek
108619,Greek,Greek,European,164.7711,1289.5740,60.6490,49.6873,Greek
108620,Greek,Greek,European,6.7062,173.4133,17.3811,8.4097,Greek
108621,Greek,Greek,European,1.0338,242.6550,0.1350,27.0642,Greek
108622,Greek,Greek,European,42.9591,1159.6515,49.2228,91.0980,Greek
108623,Greek,Greek,European,22.8837,766.0552,78.6487,39.9701,Greek
108624,Greek,Greek,European,34.7413,2173.1386,211.1660,131.8700,Greek
108625,Greek,Greek,European,104.7205,1998.2338,90.7798,148.0653,Greek
108626,Greek,Greek,European,28.3576,524.8390,17.3812,41.4796,Greek
108627,Greek,Greek,European,61.7881,960.9100,26.6901,68.5542,Greek
108628,Greek,Greek,European,458.6320,3552.2916,168.8974,114.3781,Greek
108629,Greek,Greek,European,9.7342,1100.2560,17.1032,111.4054,Greek
108630,Greek,Greek,European,18.3459,85.7800,4.1952,0.9649,Greek
108631,Greek,Greek,European,17.1779,316.3600,4.6166,27.6694,Greek
108632,Greek,Greek,European,41.1756,762.5000,35.7348,50.9689,Greek
108633,Greek,Greek,European,40.0493,575.8352,34.6613,30.5424,Greek
108634,Greek,Greek,European,55.0112,1418.2281,22.5949,127.9505,Greek
108635,Greek,Greek,European,11.8123,200.0731,30.9544,2.4977,Greek
108636,Greek,Greek,European,4.9202,1471.3650,0.4882,162.3160,Greek
108637,Greek,Greek,European,6.8935,32.7780,0.0000,0.0000,Greek
108638,Greek,Greek,European,31.9851,207.1200,9.7670,4.4154,Greek
108639,Greek,Greek,European,1303.2753,23852.9460,694.3244,1919.6668,Greek
108640,Greek,Greek,European,205.1542,1647.0858,69.9317,67.0695,Greek
108641,Greek,Greek,European,220.4108,4181.9355,222.2372,269.8017,Greek
108642,Greek,Greek,European,621.9010,3374.5800,32.8450,98.7800,Greek
108643,Greek,Greek,European,25.6251,1043.4000,22.1805,96.8444,Greek
108644,Greek,Greek,European,434.3420,3182.7037,141.1085,96.8719,Greek
108645,Greek,Greek,European,3.9342,22.8065,1.0072,0.7723,Greek
108646,Greek,Greek,European,55.0143,321.5717,26.2264,5.1991,Greek
108647,Greek,Greek,European,407.2713,1933.6510,47.1578,8.0426,Greek
108648,Greek,Greek,European,0.9412,3.5269,0.1438,0.0441,Greek
108649,Greek,Greek,European,0.5565,121.5378,0.0718,13.5542,Greek
108650,Greek,Greek,European,157.4562,630.3410,1.4234,0.4301,Greek
108651,Greek,Greek,European,0.7354,2919.2105,94.7631,279.1538,Greek
108652,Greek,Greek,European,255.1432,2002.4973,82.2018,78.3806,Greek
108653,Greek,Greek,European,15.2111,1375.0691,245.0042,36.6047,Greek
108654,Greek,Greek,European,10.8707,169.3388,28.8319,1.0510,Greek
108655,Greek,Greek,European,51.3765,1861.8462,23.7598,178.4210,Greek
108656,Greek,Greek,European,,,,,Greek
108657,Greek,Greek,European,191.4218,1264.3151,61.9410,31.6467,Greek
108658,Greek,Greek,European,70.4414,298.5410,8.5927,4.6058,Greek
108659,Greek,Greek,European,37.9893,3212.1448,8.7675,343.1601,Greek
108660,Greek,Greek,European,416.2170,3224.5556,145.2744,121.4914,Greek
108661,Greek,Greek,European,20.9638,635.3417,40.5198,43.9239,Greek
108662,Greek,Greek,European,78.6747,1687.0260,46.9312,133.2890,Greek
108663,Greek,Greek,European,658.7298,39920.7700,2146.9399,3200.3199,Greek
108664,Greek,Greek,European,51.4157,565.3172,16.0436,36.7342,Greek
108665,Greek,Greek,European,25.4317,1128.2098,97.8547,69.5920,Greek
108666,Greek,Greek,European,0.3508,608.5863,96.9407,24.3109,Greek
108667,Greek,Greek,European,79.1172,1245.4935,24.6385,100.4216,Greek
108668,Greek,Greek,European,44.5238,4695.4823,299.1380,363.1193,Greek
108669,Greek,Greek,European,0.5094,1615.5551,359.1116,9.0866,Greek
108670,Greek,Greek,European,63.5584,1543.8676,176.5690,67.6224,Greek
108671,Greek,Greek,European,262.3549,1572.6274,105.9464,14.9551,Greek
108672,Greek,Greek,European,18.8570,316.1312,1.5450,28.2202,Greek
108673,Greek,Greek,European,35.4585,3646.0554,106.7093,346.6397,Greek
108674,Greek,Greek,European,20.5749,661.1240,60.2028,37.4813,Greek
108675,Greek,Greek,European,13.2300,2621.2350,164.3732,209.6593,Greek
108676,Greek,Greek,European,63.1996,876.1756,30.9021,59.7778,Greek
108677,Greek,Greek,European,0.0000,209.3800,0.2146,23.2000,Greek
108678,Greek,Greek,European,8.1211,137.3862,6.6654,8.3048,Greek
108679,Greek,Greek,European,37.1857,1255.5100,162.1907,48.3655,Greek
108680,Greek,Greek,European,36.6386,1439.0441,93.4866,103.7101,Greek
108681,Greek,Greek,European,4219.0127,194688.5312,12106.5835,14619.4900,Greek
108682,Greek,Greek,European,0.6892,480.0100,0.0900,54.0428,Greek
108683,Greek,Greek,European,59.4878,2101.1548,97.1409,165.3590,Greek
108684,Greek,Greek,European,7.6106,174.7400,2.1922,15.6078,Greek
108685,Greek,Greek,European,0.0000,12271.1667,1402.5000,710.4167,Greek
108686,Greek,Greek,European,290.1677,1454.8061,80.1584,6.0230,Greek
108687,Greek,Greek,European,16.3289,759.9884,4.6188,76.7542,Greek
108688,Greek,Greek,European,257.0685,1018.5900,1.9117,0.9602,Greek
108689,Greek,Greek,European,37.8503,17085.8083,2386.9785,754.0911,Greek
108690,Greek,Greek,European,18.8781,779.9762,19.3129,74.5782,Greek
108691,Greek,Greek,European,75.3604,2746.7300,258.4360,151.4028,Greek
108692,Greek,Greek,European,19.1950,300.1538,9.8711,22.6492,Greek
108693,Greek,Greek,European,13.2698,63.6690,2.5955,1.9463,Greek
108694,Greek,Greek,European,36.2187,1686.9832,96.8021,130.3426,Greek
108695,Greek,Greek,European,55.8960,1671.7230,226.5045,57.5961,Greek
108696,Greek,Greek,European,68.4203,894.7643,63.1470,43.0128,Greek
108697,Greek,Greek,European,2.8909,965.2317,0.3672,108.1549,Greek
108698,Greek,Greek,European,71.0949,4460.0496,366.1207,307.5110,Greek
108699,Greek,Greek,European,29.3921,1322.2468,21.5075,126.1554,Greek
108700,Greek,Greek,European,9.7739,188.6077,23.9919,5.6302,Greek
108701,Greek,Greek,European,29.2638,1239.6942,109.2536,74.0614,Greek
108702,Greek,Greek,European,26.4035,1106.4600,26.3102,100.7325,Greek
108703,Greek,Greek,European,82.6677,1536.2764,92.1155,94.8766,Greek
108704,Greek,Greek,European,38.3035,547.2251,27.0102,33.1586,Greek
108705,Greek,Greek,European,40.3477,1867.1312,111.3564,140.0096,Greek
108706,Greek,Greek,European,16.6407,4580.0817,314.3665,356.2156,Greek
108707,Greek,Greek,European,86.8270,2445.9370,122.6473,175.3528,Greek
108708,Greek,Greek,European,3.1951,1067.8728,82.9218,77.9916,Greek
108709,Greek,Greek,European,277.2506,3104.6628,166.6303,153.1783,Greek
108710,Greek,Greek,European,91.0370,556.3441,34.4777,11.4492,Greek
108711,Greek,Greek,European,21.7098,252.8134,12.4692,15.1950,Greek
108712,Greek,Greek,European,87.8069,1063.6495,31.5263,68.8997,Greek
108713,Greek,Greek,European,278.5928,2685.8560,20.0503,166.7019,Greek
108714,Greek,Greek,European,190.7606,1960.1200,203.1830,79.2992,Greek
108715,Greek,Greek,European,10.0777,2384.4493,201.9202,168.2583,Greek
108716,Greek,Greek,European,46.2119,612.2430,21.6816,43.9182,Greek
108717,Greek,Greek,European,182.5838,703.9191,6.6881,3.9718,Greek
108718,Greek,Greek,European,16.2116,64.8180,1.9326,0.4264,Greek
108719,Greek,Greek,European,13.2225,1301.4300,86.2365,101.1210,Greek
108720,Greek,Greek,European,203.4728,2141.9777,139.9703,87.2551,Greek
108721,Greek,Greek,European,28.8455,729.6751,6.5633,68.9533,Greek
108722,Greek,Greek,European,138.7681,1718.6072,137.2376,69.1570,Greek
108723,Greek,Greek,European,82.3869,1826.8813,93.0585,134.8619,Greek
108724,Greek,Greek,European,3.0675,198.0000,10.6575,15.9600,Greek
108725,Greek,Greek,European,100.8699,1204.5272,180.5330,9.3567,Greek
108726,Greek,Greek,European,5.5579,26.6387,0.0369,0.0257,Greek
108727,Greek,Greek,European,754.7735,3768.4390,37.3291,63.8868,Greek
108728,Greek,Greek,European,27.7132,2567.5632,132.9750,213.6040,Greek
108729,Greek,Greek,European,20.4468,1060.7368,2.7425,108.7079,Greek
108730,Greek,Greek,European,288.5801,1164.7567,14.1755,4.6629,Greek
108731,Greek,Greek,European,320.5297,3506.5420,39.1245,232.7145,Greek
108732,Greek,Greek,European,20.7154,1807.5362,192.4143,106.3611,Greek
108733,Greek,Greek,European,52.0064,223.0400,6.3920,1.4792,Greek
108734,Greek,Greek,European,17.2360,74.4000,2.1700,0.6045,Greek
108735,Greek,Greek,European,357.3857,3641.9558,76.4696,213.2283,Greek
108736,Greek,Greek,European,12.4163,453.2908,38.7014,27.2917,Greek
108737,Greek,Greek,European,9.6863,140.1049,7.3915,8.4922,Greek
108738,Greek,Greek,European,3243.1249,27537.5082,777.4754,1614.4304,Greek
108739,Greek,Greek,European,43.1754,1630.0212,185.5258,77.8247,Greek
108740,Greek,Greek,European,0.7537,1736.8011,359.3875,22.6239,Greek
108741,Greek,Greek,European,6.0318,26.6108,1.1298,0.0982,Greek
108742,Greek,Greek,European,0.0000,45.3520,2.8050,0.0708,Greek
108743,Greek,Greek,European,79.6906,563.8108,15.4586,21.7538,Greek
108744,Greek,Greek,European,2.8909,965.2317,0.3672,108.1549,Greek
108745,Greek,Greek,European,39.6882,846.6147,24.5762,69.6885,Greek
108746,Greek,Greek,European,4.5767,969.5832,0.2732,108.1651,Greek
108747,Greek,Greek,European,88.3217,732.8008,32.2503,34.3470,Greek
108748,Greek,Greek,European,3.8029,320.2265,10.7770,29.4975,Greek
108749,Greek,Greek,European,3.6412,199.1400,1.0547,21.2096,Greek
108750,Greek,Greek,European,15.2435,1817.1942,183.9373,111.9932,Greek
108751,Greek,Greek,European,23.5492,790.9870,2.8967,73.8775,Greek
108752,Greek,Greek,European,30.5209,828.7210,29.9915,71.0841,Greek
108753,Greek,Greek,European,383.1232,2762.1199,123.0433,90.4171,Greek
108754,Greek,Greek,European,10.4158,594.8753,72.8241,28.1354,Greek
108755,Greek,Greek,European,57.1764,1906.2898,135.1671,125.0889,Greek
108756,Greek,Greek,European,355.2715,2561.8723,105.8517,84.7718,Greek
108757,Greek,Greek,European,203.7205,1538.2599,118.2189,31.3072,Greek
108758,Greek,Greek,European,5.1316,1599.9782,93.8365,131.4357,Greek
108759,Greek,Greek,European,69.1668,578.8432,38.1196,21.1961,Greek
108760,Greek,Greek,European,103.2354,775.1167,28.0120,32.9720,Greek
108761,Greek,Greek,European,26.2661,1078.3060,6.7203,109.1980,Greek
108762,Greek,Greek,European,82.6397,2045.7422,106.6282,139.9451,Greek
108763,Greek,Greek,European,26.1100,885.7199,56.5411,65.7077,Greek
108764,Greek,Greek,European,1.0161,964.1659,0.1325,108.0221,Greek
108765,Greek,Greek,European,36.5668,1073.6738,79.5409,71.6993,Greek
108766,Greek,Greek,European,68.4680,2145.0439,105.2884,164.6646,Greek
108767,Greek,Greek,European,5.1720,204.7100,10.7642,16.0332,Greek
108768,Greek,Greek,European,,,,,Greek
108769,Greek,Greek,European,33.0352,673.7076,110.6568,13.1770,Greek
108770,Greek,Greek,European,119.6808,1742.2757,149.9300,85.3153,Greek
108771,Greek,Greek,European,5.7002,2003.6785,43.8476,200.5509,Greek
108772,Greek,Greek,European,54.5834,247.8963,14.8600,0.9711,Greek
108773,Greek,Greek,European,80.9756,1782.4118,288.5882,26.0228,Greek
108774,Greek,Greek,European,3.6762,2968.4630,81.8870,293.5737,Greek
108775,Greek,Greek,European,123.2641,1695.6794,143.9167,77.7864,Greek
108776,Greek,Greek,European,100.8486,1042.6892,35.2468,57.4200,Greek
108777,Greek,Greek,European,203.8699,3792.0453,52.8673,320.6759,Greek
108778,Greek,Greek,European,15.8651,1257.5883,82.0066,95.3693,Greek
108779,Greek,Greek,European,17.0627,585.8374,44.7482,37.3937,Greek
108780,Greek,Greek,European,223.5383,1386.0785,84.6106,23.9118,Greek
108781,Greek,Greek,European,21.1390,465.4300,6.5530,41.5100,Greek
108782,Greek,Greek,European,0.0000,12.6083,2.8050,0.0708,Greek
108783,Greek,Greek,European,27.1585,246.3514,10.2277,11.9627,Greek
108784,Greek,Greek,European,18.3165,1345.6624,91.0394,99.8571,Greek
108785,Greek,Greek,European,45.7208,1980.1152,188.6294,116.9714,Greek
108786,Greek,Greek,European,41.4879,941.9660,22.3070,79.3162,Greek
108787,Greek,Greek,European,4.4957,254.8763,0.6133,27.2136,Greek
108788,Greek,Greek,European,2.1045,488.4900,0.1067,54.5732,Greek
108789,Greek,Greek,European,0.1386,204649.1290,0.0000,23150.0000,Greek
108790,Greek,Greek,European,15.2762,1966.0480,112.5248,160.1662,Greek
108791,Greek,Greek,European,2.8118,243.3832,7.3541,22.6850,Greek
108792,Greek,Greek,European,1152.5887,16235.8250,1010.6158,860.2794,Greek
108793,Greek,Greek,European,29.5382,264.3848,8.1502,14.7233,Greek
108794,Greek,Greek,European,24.9959,1931.8869,149.4253,139.6723,Greek
108795,Greek,Greek,European,5.3090,114.6000,6.0048,8.0944,Greek
108796,Greek,Greek,European,248.8469,1737.3215,102.9207,49.2311,Greek
108797,Greek,Greek,European,234.0198,1906.7350,37.8629,94.8066,Greek
108798,Greek,Greek,European,240.5070,6810.1573,560.3967,399.6547,Greek
108799,Greek,Greek,European,3.4275,621.1960,16.9375,61.5150,Greek
108800,Greek,Greek,European,18.2341,388.5244,31.5255,24.2471,Greek
108801,Greek,Greek,European,264.8204,2293.7155,175.6568,66.2795,Greek
108802,Greek,Greek,European,12.5702,3296.1357,245.0104,246.4003,Greek
108803,Greek,Greek,European,351.3562,2001.7916,68.5994,32.6078,Greek
108804,Greek,Greek,European,70.7477,1796.2540,100.4430,125.6985,Greek
108805,Greek,Greek,European,2.6544,487.7340,0.4034,54.1687,Greek
108806,Greek,Greek,European,7.8809,686.3000,105.0024,26.8481,Greek
108807,Greek,Greek,European,79000.3317,471016.7296,25428.5187,7545.3006,Greek
108808,Greek,Greek,European,25.2056,325.7213,16.5869,10.1604,Greek
108809,Greek,Greek,European,269.2463,2451.7300,106.4370,114.8007,Greek
108810,Greek,Greek,European,218.1144,2776.2178,252.6275,91.5978,Greek
108811,Greek,Greek,European,69.9140,1059.6654,55.6299,63.7174,Greek
108812,Greek,Greek,European,30.2962,3974.5953,313.6883,281.3559,Greek
108813,Greek,Greek,European,46.5510,191.1600,4.4840,0.9440,Greek
108814,Greek,Greek,European,56.8443,1373.8782,67.5481,102.8741,Greek
108815,Greek,Greek,European,222.5330,1507.3435,66.5808,44.5684,Greek
108816,Greek,Greek,European,225.4419,5118.3497,315.5911,341.3643,Greek
108817,Greek,Greek,European,3.8016,20.4800,0.8832,0.2176,Greek
108818,Greek,Greek,European,51.3606,2272.7264,63.0419,204.5602,Greek
108819,Greek,Greek,European,62.9214,1298.2358,29.8530,108.9631,Greek
108820,Greek,Greek,European,1.8090,223.8025,19.3204,14.7637,Greek
108821,Greek,Greek,European,200.5685,1558.1673,67.1852,59.6121,Greek
108822,Greek,Greek,European,0.7200,381.6800,12.5600,36.5100,Greek
108823,Greek,Greek,European,273.9319,1327.2200,50.2658,8.3552,Greek
108824,Greek,Greek,European,3729.7400,57215.4040,3754.4450,3209.5850,Greek
108825,Greek,Greek,European,352.9265,2787.5410,104.8715,106.1293,Greek
108826,Greek,Greek,European,1072.2987,21236.6575,771.5232,1691.9024,Greek
108827,Greek,Greek,European,12.9742,734.3700,33.1253,62.3615,Greek
108828,Greek,Greek,European,10.8587,828.5108,114.5669,34.6734,Greek
108829,Greek,Greek,European,346.3820,2259.3888,124.5280,39.1396,Greek
108830,Greek,Greek,European,36.8979,733.8130,11.5517,63.1251,Greek
108831,Greek,Greek,European,63506.7464,289968.1800,4703.3656,1121.9080,Greek
108832,Greek,Greek,European,33.7869,532.6042,60.1826,18.9394,Greek
108833,Greek,Greek,European,34.0607,501.6852,3.8219,41.1401,Greek
108834,Greek,Greek,European,100.9356,1418.1464,122.4273,60.3216,Greek
108835,Greek,Greek,European,11.8546,420.9400,22.1366,31.9900,Greek
108836,Greek,Greek,European,6.5074,283.4593,6.2344,26.2852,Greek
108837,Greek,Greek,European,10.3553,2456.9359,327.6864,114.4253,Greek
108838,Greek,Greek,European,289.2461,3256.1311,126.9310,196.0830,Greek
108839,Greek,Greek,European,28.1601,654.0433,23.7726,52.2523,Greek
108840,Greek,Greek,European,32.8181,1700.3405,69.4106,143.0569,Greek
108841,Greek,Greek,European,1.9970,8.8205,0.7284,0.2594,Greek
108842,Greek,Greek,European,6.7653,1444.8209,207.8117,59.9881,Greek
108843,Greek,Greek,European,85.8680,616.9734,13.2878,29.2704,Greek
108844,Greek,Greek,European,3.1230,164.8350,6.8770,13.9020,Greek
108845,Greek,Greek,European,10.9331,549.5726,79.3707,19.7338,Greek
108846,Greek,Greek,European,22.5813,629.6510,65.7143,30.2852,Greek
108847,Greek,Greek,European,272.6029,1352.8865,50.7770,17.5975,Greek
108848,Greek,Greek,European,4.1704,635.3920,8.4133,66.0938,Greek
108849,Greek,Greek,European,31.1546,2750.2960,88.3365,252.9289,Greek
108850,Greek,Greek,European,242.2664,1942.0108,139.2402,43.2331,Greek
108851,Greek,Greek,European,0.0000,8.4056,1.8700,0.0472,Greek
108852,Greek,Greek,European,9.3055,1259.8280,78.5406,99.4939,Greek
108853,Greek,Greek,European,551.1875,2208.7000,3.8750,1.1625,Greek
108854,Greek,Greek,European,6.1990,1350.9710,21.3254,139.9233,Greek
108855,Greek,Greek,European,6.1890,208.5000,20.1991,11.4036,Greek
108856,Greek,Greek,European,189.2930,1226.1223,58.6464,31.0632,Greek
108857,Greek,Greek,European,26.8303,2188.6240,302.3634,88.9925,Greek
108858,Greek,Greek,European,34.0880,1998.3638,364.1782,36.7378,Greek
108859,Greek,Greek,European,0.7015,121.5767,0.0356,13.5244,Greek
108860,Greek,Greek,European,18.4614,2198.9912,187.8402,150.9679,Greek
108861,Greek,Greek,European,80.7450,1116.8260,22.8643,84.5265,Greek
108862,Greek,Greek,European,15.9505,428.0409,71.1163,6.8994,Greek
108863,Greek,Greek,European,80.0429,3492.4406,202.3318,260.0833,Greek
108864,Greek,Greek,European,41.9163,1012.7738,46.0294,77.8558,Greek
108865,Greek,Greek,European,20.4284,925.6663,113.8622,42.3275,Greek
108866,Greek,Greek,European,0.7759,426.1897,67.5091,15.3599,Greek
108867,Greek,Greek,European,36.6788,1752.7643,88.0665,140.4774,Greek
108868,Greek,Greek,European,42.2961,253.1656,18.9915,0.7861,Greek
108869,Greek,Greek,European,14.5145,1335.8992,1.9035,144.2157,Greek
108870,Greek,Greek,European,11.1896,300.1951,39.2666,8.8300,Greek
108871,Greek,Greek,European,21.1388,8292.3573,595.3382,633.1977,Greek
108872,Greek,Greek,European,159.7288,2606.4163,124.9110,164.3879,Greek
108873,Greek,Greek,European,8.8122,1741.8195,107.7115,139.0291,Greek
108874,Greek,Greek,European,112.5287,1537.2850,64.5629,91.5988,Greek
108875,Greek,Greek,European,21.0544,883.8710,9.5742,87.4426,Greek
108876,Greek,Greek,European,12.3618,2372.6320,108.4742,209.3610,Greek
108877,Greek,Greek,European,109.9773,1501.8016,35.2466,103.7639,Greek
108878,Greek,Greek,European,47.5504,2420.4063,134.0523,186.5114,Greek
108879,Greek,Greek,European,404.9064,4715.2817,6.4423,346.1606,Greek
108880,Greek,Greek,European,4.6415,204.1080,10.8820,16.0590,Greek
108881,Greek,Greek,European,41.0523,967.4081,115.9290,34.5184,Greek
108882,Greek,Greek,European,191.1238,1649.5242,103.7859,54.5035,Greek
108883,Greek,Greek,European,48.9270,221.9000,15.0980,3.9980,Greek
108884,Greek,Greek,European,1.3738,722.9032,0.5941,81.1009,Greek
108885,Greek,Greek,European,404.9545,1619.0100,0.1410,0.0180,Greek
108886,Greek,Greek,European,47.4346,1240.9875,106.3419,71.1824,Greek
108887,Greek,Greek,European,28.7208,1418.2946,66.8356,117.2911,Greek
108888,Greek,Greek,European,8.1413,595.0692,83.8688,23.7579,Greek
108889,Greek,Greek,European,195.9933,2037.8402,86.1204,100.2291,Greek
108890,Greek,Greek,European,13.8448,650.6459,18.5049,58.5287,Greek
108891,Greek,Greek,European,41.3653,1204.9362,30.8378,103.3060,Greek
108892,Greek,Greek,European,280.6148,2122.7150,96.7939,76.6741,Greek
108893,Greek,Greek,European,18.8399,565.4530,2.4539,54.2744,Greek
108894,Greek,Greek,European,,,,,Greek
108895,Greek,Greek,European,18.4850,971.2666,100.7992,53.9198,Greek
108896,Greek,Greek,European,99392.5660,590763.0209,32019.9071,9351.9348,Greek
108897,Greek,Greek,European,12.6257,1542.1654,142.2954,99.1293,Greek
108898,Greek,Greek,European,1.9796,432.6680,67.7653,15.8397,Greek
108899,Greek,Greek,European,3.1383,1699.1570,76.8094,152.0696,Greek
108900,Greek,Greek,European,229.2328,1648.9902,74.9091,49.2884,Greek
108901,Greek,Greek,European,192.8239,1414.4778,68.9071,43.8514,Greek
108902,Greek,Greek,European,143.0376,1952.7690,128.8602,95.4248,Greek
108903,Greek,Greek,European,6.4084,1424.3180,87.8617,113.9872,Greek
108904,Greek,Greek,European,74.3899,2655.9470,186.8438,181.6909,Greek
108905,Greek,Greek,European,31.5349,1677.8705,78.4245,140.3585,Greek
108906,Greek,Greek,European,172.6822,1997.8420,89.7700,106.5567,Greek
108907,Greek,Greek,European,59.6452,1355.8885,130.1046,68.6122,Greek
108908,Greek,Greek,European,256.7969,8102.1425,65.5708,782.9535,Greek
108909,Greek,Greek,European,39.7109,1073.2035,152.9968,35.2313,Greek
108910,Greek,Greek,European,38.5274,687.6546,38.7014,45.6811,Greek
108911,Greek,Greek,European,12.6370,56.5265,2.4091,0.2175,Greek
108912,Greek,Greek,European,64.3877,1622.3541,141.7950,87.7788,Greek
108913,Greek,Greek,European,206.1178,2253.3737,114.4152,111.9485,Greek
108914,Greek,Greek,European,77.4411,1900.7488,55.2857,152.7870,Greek
108915,Greek,Greek,European,29.0537,1105.2841,10.4966,109.3544,Greek
108916,Greek,Greek,European,10.8974,966.5108,48.2210,82.6772,Greek
108917,Greek,Greek,European,110.6472,1660.8000,63.2680,107.7962,Greek
108918,Greek,Greek,European,7.5443,117.9100,1.7657,9.6785,Greek
108919,Greek,Greek,European,666.5907,3679.2183,26.2780,135.5279,Greek
108920,Greek,Greek,European,74.5893,1462.2825,51.8149,116.2482,Greek
108921,Greek,Greek,European,75.5306,2428.1346,49.1064,225.9110,Greek
108922,Greek,Greek,European,71.9345,3848.2696,285.0613,266.5819,Greek
108923,Greek,Greek,European,50.3840,659.9760,15.8435,52.1347,Greek
108924,Greek,Greek,European,156.2947,4933.2772,272.2973,350.4458,Greek
108925,Greek,Greek,European,129.1619,1965.1520,131.0895,108.9131,Greek
108926,Greek,Greek,European,29.7810,1477.7263,48.4038,131.2613,Greek
108927,Greek,Greek,European,4.8389,1160.2152,35.2146,112.4442,Greek
108928,Greek,Greek,European,46.4536,449.1224,9.3369,28.9808,Greek
108929,Greek,Greek,European,23.3989,600.9050,11.5683,53.9940,Greek
108930,Greek,Greek,European,6.7335,728.2048,98.5579,31.7619,Greek
108931,Greek,Greek,European,26.7214,1105.3011,193.7929,21.2565,Greek
108932,Greek,Greek,European,55.1990,1275.1176,122.9078,68.0557,Greek
108933,Greek,Greek,European,16.9011,871.4400,56.1083,64.4303,Greek
108934,Greek,Greek,European,38.1830,302.0548,8.9181,16.4834,Greek
108935,Greek,Greek,European,314.6812,3746.0667,269.9672,163.5962,Greek
108936,Greek,Greek,European,197.5672,1568.0393,110.9271,39.6655,Greek
108937,Greek,Greek,European,8.2435,1955.2675,1.3512,216.2134,Greek
108938,Greek,Greek,European,46.2351,1484.1736,188.5529,59.4948,Greek
108939,Greek,Greek,European,14.6106,1845.0000,1.5961,204.4032,Greek
108940,Greek,Greek,European,81.0519,1006.0971,101.0270,31.6786,Greek
108941,Greek,Greek,European,149.4412,2876.0157,302.6465,117.3209,Greek
108942,Greek,Greek,European,330.6066,1968.4895,53.2706,48.6188,Greek
108943,Greek,Greek,European,29.0791,2842.1123,142.9091,238.8013,Greek
108944,Greek,Greek,European,13.6340,102.6888,3.0346,0.1374,Greek
108945,Greek,Greek,European,,,,,Greek
108946,Greek,Greek,European,2.9158,37.2100,1.9215,1.9947,Greek
108947,Greek,Greek,European,56.0962,278.9850,6.9556,5.0647,Greek
108948,Greek,Greek,European,4.0593,202.4700,10.8483,15.9750,Greek
108949,Greek,Greek,European,41.2922,2417.6244,305.0503,109.1121,Greek
108950,Greek,Greek,European,45.9961,764.3520,40.8683,49.7030,Greek
108951,Greek,Greek,European,233.4241,1469.9295,90.3183,34.3839,Greek
108952,Greek,Greek,European,127.6952,1018.7683,56.1072,29.9452,Greek
108953,Greek,Greek,European,435.0098,1744.3445,3.1120,0.9704,Greek
108954,Greek,Greek,European,30.3758,1382.2277,74.8758,108.4382,Greek
108955,Greek,Greek,European,10.5967,303.7318,24.0759,18.6075,Greek
108956,Greek,Greek,European,33.2664,2201.3370,49.8093,211.9024,Greek
108957,Greek,Greek,European,15.1778,748.6712,21.6671,68.0227,Greek
108958,Greek,Greek,European,87.0926,784.7433,19.8108,18.0003,Greek
108959,Greek,Greek,European,1780.0920,11771.4200,1121.6400,270.9680,Greek
108960,Greek,Greek,European,69.2771,1107.1890,30.0396,87.2043,Greek
108961,Greek,Greek,European,28.7886,181.2804,7.7113,8.5507,Greek
108962,Greek,Greek,European,8.5532,891.9710,95.4002,51.1924,Greek
108963,Greek,Greek,European,36.2067,3198.3993,191.4791,255.5605,Greek
108964,Greek,Greek,European,25.6653,1880.3552,186.1249,113.7032,Greek
108965,Greek,Greek,European,3.9264,106.5797,5.8580,0.2324,Greek
108966,Greek,Greek,European,20.2576,1140.4041,84.2156,81.2642,Greek
108967,Greek,Greek,European,8.9811,223.6800,11.9815,16.1752,Greek
108968,Greek,Greek,European,34.8103,540.3140,59.2573,20.6351,Greek
108969,Greek,Greek,European,4.0087,201.5269,10.8013,16.0041,Greek
108970,Greek,Greek,European,41.3807,834.3175,9.8633,76.2976,Greek
108971,Greek,Greek,European,611.2346,332028.6386,63157.7879,8411.4454,Greek
108972,Greek,Greek,European,17321.6096,210967.8109,11471.7673,11018.9214,Greek
108973,Greek,Greek,European,15.0035,1800.1913,220.8212,90.2614,Greek
108974,Greek,Greek,European,23.1915,1521.7716,111.1555,109.9020,Greek
108975,Greek,Greek,European,23.9089,17847.6028,1609.3005,1207.2564,Greek
108976,Greek,Greek,European,314.2676,1271.9622,3.1351,2.1952,Greek
108977,Greek,Greek,European,54.2984,336.2960,8.7325,12.2475,Greek
108978,Greek,Greek,European,11.8840,221.9349,11.4177,15.9485,Greek
108979,Greek,Greek,European,621.5714,40437.1110,2231.5491,3235.1666,Greek
108980,Greek,Greek,European,4.6381,1262.5974,150.7544,68.0315,Greek
108981,Greek,Greek,European,76.8528,812.0406,64.4422,30.1408,Greek
108982,Greek,Greek,European,6883.3533,32003.8898,1619.3704,377.9507,Greek
108983,Greek,Greek,European,40.3322,3610.6259,423.4943,197.2838,Greek
108984,Greek,Greek,European,45.9091,1711.8281,90.5251,131.0556,Greek
108985,Greek,Greek,European,302.3879,5403.9523,462.4977,248.6515,Greek
108986,Greek,Greek,European,8.8037,400.0570,81.4115,2.6079,Greek
108987,Greek,Greek,European,104.1530,856.3600,39.9532,33.2914,Greek
108988,Greek,Greek,European,20.5734,194.3867,7.5801,9.5852,Greek
108989,Greek,Greek,European,25.2929,673.8800,35.2066,48.5984,Greek
108990,Greek,Greek,European,3.3431,1102.8557,187.8592,32.0691,Greek
108991,Greek,Greek,European,759.6324,3469.6800,56.4060,13.4616,Greek
108992,Greek,Greek,European,24.7988,990.7664,52.2448,77.9745,Greek
108993,Greek,Greek,European,6.6766,31.1290,0.7700,0.0700,Greek
108994,Greek,Greek,European,130.4006,3549.4147,241.9698,232.8083,Greek
108995,Greek,Greek,European,27.6948,696.8250,38.7247,49.2705,Greek
108996,Greek,Greek,European,57.2798,1369.9319,121.1712,77.0043,Greek
108997,Greek,Greek,European,265.1811,1905.1673,96.7342,56.0501,Greek
108998,Greek,Greek,European,16.6884,297.3200,1.5070,27.8064,Greek
108999,Greek,Greek,European,434.6285,3062.6573,64.0187,115.4001,Greek
109000,Greek,Greek,European,17.4484,249.8605,41.3974,1.7709,Greek
109001,Greek,Greek,European,308.3629,3270.4300,91.6694,196.4844,Greek
109002,Greek,Greek,European,515.3377,3377.1971,64.0234,130.5954,Greek
109003,Greek,Greek,European,40.1754,702.5423,54.7388,35.6648,Greek
109004,Greek,Greek,European,624.9740,3345.3105,71.7593,63.0069,Greek
109005,Greek,Greek,European,59.0024,3319.8720,379.0158,166.2957,Greek
109006,Greek,Greek,European,108.8625,3132.7904,88.3930,267.8914,Greek
109007,Greek,Greek,European,105.5873,1721.6375,75.2877,118.4785,Greek
109008,Greek,Greek,European,417.5783,5777.4505,18.4706,468.6480,Greek
109009,Greek,Greek,European,,,,,Greek
109010,Greek,Greek,European,7.1154,1308.8247,180.2045,58.8404,Greek
109011,Greek,Greek,European,45.8652,358.8750,11.9604,14.9480,Greek
109012,Greek,Greek,European,1.3118,590.5449,71.1514,31.4890,Greek
109013,Greek,Greek,European,43.5457,2411.8055,203.2394,157.2681,Greek
109014,Greek,Greek,European,30.2722,1138.8758,75.5886,79.3786,Greek
109015,Greek,Greek,European,443.5225,3314.7050,124.9736,114.2352,Greek
109016,Greek,Greek,European,3.7145,1395.4500,85.9241,112.4289,Greek
109017,Greek,Greek,European,26.3261,2158.6277,69.3492,197.7155,Greek
109018,Greek,Greek,European,74.7964,266077.2575,52307.7681,6157.9211,Greek
109019,Greek,Greek,European,124.7513,2224.3342,167.6687,116.0894,Greek
109020,Greek,Greek,European,43.4552,3221.7030,167.8532,263.7222,Greek
109021,Greek,Greek,European,32.6021,1234.8998,26.8401,114.2009,Greek
109022,Greek,Greek,European,60.9030,326.0900,14.5443,5.9555,Greek
109023,Greek,Greek,European,183.5365,10361.8320,128.3719,1035.9680,Greek
109024,Greek,Greek,European,19.2085,79.1330,2.1957,0.3510,Greek
109025,Greek,Greek,European,67.9408,588.5160,20.8146,25.2533,Greek
109026,Greek,Greek,European,48.5931,1246.6290,100.3049,73.8618,Greek
109027,Greek,Greek,European,92.1764,1784.0475,55.5540,138.8539,Greek
109028,Greek,Greek,European,156.0065,1641.0640,103.7967,63.8224,Greek
109029,Greek,Greek,European,298.2055,1922.2995,64.8669,55.8203,Greek
109030,Greek,Greek,European,152.1253,8471.9610,42.5157,855.4328,Greek
109031,Greek,Greek,European,22.1236,335.4150,3.3866,27.5782,Greek
109032,Greek,Greek,European,4.4101,279.2383,27.6961,16.4122,Greek
109033,Greek,Greek,European,65.8943,2432.4193,401.1110,62.8269,Greek
109034,Greek,Greek,European,34.6506,1001.7350,28.1887,87.2568,Greek
109035,Greek,Greek,European,13.7444,125.7287,7.8138,5.2210,Greek
109036,Greek,Greek,European,66.6107,972.2849,56.4555,53.2487,Greek
109037,Greek,Greek,European,31.0147,1083.6492,189.7073,19.6154,Greek
109038,Greek,Greek,European,9.3874,910.8236,91.7446,55.4234,Greek
109039,Greek,Greek,European,68.1594,1182.2649,59.1273,85.0715,Greek
109040,Greek,Greek,European,47.0932,9238.6287,1113.3626,479.9483,Greek
109041,Greek,Greek,European,119.4184,2572.5161,333.6549,82.9296,Greek
109042,Greek,Greek,European,12.4368,3125.6623,240.2177,229.4639,Greek
109043,Greek,Greek,European,41.2044,233.0431,9.0241,4.4853,Greek
109044,Greek,Greek,European,77393.3051,465002.6462,25172.6172,7454.0873,Greek
109045,Greek,Greek,European,2.4090,978.5352,215.4904,5.0943,Greek
109046,Greek,Greek,European,106.2729,2354.0959,205.4642,120.4145,Greek
109047,Greek,Greek,European,185.5390,2164.2265,47.1699,135.7048,Greek
109048,Greek,Greek,European,24.8797,1807.8022,118.0762,140.5761,Greek
109049,Greek,Greek,European,82.2082,471.4470,9.4478,15.4116,Greek
109050,Greek,Greek,European,66.9059,1847.3255,291.7689,43.7637,Greek
109051,Greek,Greek,European,2.1045,786.8898,94.6808,42.0305,Greek
109052,Greek,Greek,European,1538.1651,99020.7144,5329.8164,7980.2404,Greek
109053,Greek,Greek,European,69.3301,1920.0637,154.9383,112.5461,Greek
109054,Greek,Greek,European,23.5169,239.4110,12.0445,10.7391,Greek
109055,Greek,Greek,European,322.7896,3026.4671,120.0752,143.2441,Greek
109056,Greek,Greek,European,219.9960,4788.0000,149.6040,403.2000,Greek
109057,Greek,Greek,European,6.4103,635.9300,21.3734,58.9338,Greek
109058,Greek,Greek,European,17.9597,1098.5117,121.3300,57.8910,Greek
109059,Greek,Greek,European,29.7825,1340.1949,110.3621,85.8439,Greek
109060,Greek,Greek,European,84.9625,1309.6220,33.3364,94.0016,Greek
109061,Greek,Greek,European,9.7507,119.6510,17.8401,0.9758,Greek
109062,Greek,Greek,European,177.3188,953.6940,31.7040,19.5000,Greek
109063,Greek,Greek,European,97.8308,575.5530,16.3987,16.8010,Greek
109064,Greek,Greek,European,12.9657,1607.3470,89.1008,131.5222,Greek
109065,Greek,Greek,European,67.9235,919.5838,14.6835,69.6748,Greek
109066,Greek,Greek,European,3.1568,2798.9737,160.0058,238.0512,Greek
109067,Greek,Greek,European,24.6797,1503.2551,106.0822,107.9523,Greek
109068,Greek,Greek,European,32.2758,287.8660,17.8841,11.0018,Greek
109069,Greek,Greek,European,26.5940,1146.1800,16.2020,115.0970,Greek
109070,Greek,Greek,European,3.5595,45.6115,2.8245,2.3472,Greek
109071,Greek,Greek,European,558.4828,3242.5230,74.7038,88.2397,Greek
109072,Greek,Greek,European,171.8342,5982.9029,277.6018,478.6490,Greek
109073,Greek,Greek,European,35.0030,899.2611,51.9979,61.9616,Greek
109074,Greek,Greek,European,4.0594,153.5525,12.8125,9.6229,Greek
109075,Greek,Greek,European,5.5874,973.4400,0.3935,108.2320,Greek
109076,Greek,Greek,European,264.3602,4115.4935,253.4863,229.5244,Greek
109077,Greek,Greek,European,20.7194,703.7373,90.0763,28.7816,Greek
109078,Greek,Greek,European,70.1646,1280.3800,174.6297,34.6259,Greek
109079,Greek,Greek,European,771.2365,72005.0207,3844.7819,5909.7596,Greek
109080,Greek,Greek,European,840.6242,3394.2158,19.5259,8.9719,Greek
109081,Greek,Greek,European,39.1360,951.6607,128.1687,32.0452,Greek
109082,Greek,Greek,European,255.3478,3140.7380,131.6985,177.9154,Greek
109083,Greek,Greek,European,8.1153,742.7066,35.5430,63.5212,Greek
109084,Greek,Greek,European,87.6408,631.4804,39.2043,15.8016,Greek
109085,Greek,Greek,European,20835.9902,204518.0440,1593.8417,13534.8099,Greek
109086,Greek,Greek,European,17.8915,208.9333,3.4833,15.2056,Greek
109087,Greek,Greek,European,3.0555,101.5000,5.7435,7.4305,Greek
109088,Greek,Greek,European,111.3118,1599.9082,44.9170,120.9999,Greek
109089,Greek,Greek,European,219.9758,3422.5835,306.8582,139.8166,Greek
109090,Greek,Greek,European,13.7679,128.6237,5.3109,6.3714,Greek
109091,Greek,Greek,European,1.4400,286.0000,25.1200,19.0200,Greek
109092,Greek,Greek,European,149.0136,1619.7280,52.9109,102.4902,Greek
109093,Greek,Greek,European,0.0000,0.0000,0.0000,0.0000,Greek
109094,Greek,Greek,European,7.1688,399.9750,21.4500,31.9842,Greek
109095,Greek,Greek,European,1.8876,7.8000,0.3380,0.0572,Greek
109096,Greek,Greek,European,21.1783,2352.4400,25.3111,244.8251,Greek
109097,Greek,Greek,European,21.5667,1437.8332,11.3324,150.4799,Greek
109098,Greek,Greek,European,16.0944,1027.2800,3.4464,108.4400,Greek
109099,Greek,Greek,European,6.3038,398.6742,21.3455,31.9459,Greek
109100,Greek,Greek,European,0.0000,1211.1120,76.5677,97.9322,Greek
109101,Greek,Greek,European,61.2571,2136.6722,74.0643,178.8066,Greek
109102,Greek,Greek,European,16.5408,63.6000,2.1600,1.0272,Greek
109103,Greek,Greek,European,1.8151,484.3917,0.2880,54.0415,Greek
109104,Greek,Greek,European,16.8836,454.2620,6.3732,41.3504,Greek
109105,Greek,Greek,European,63.5796,1053.1135,20.4287,86.1579,Greek
109106,Greek,Greek,European,83.4842,1147.2001,63.2479,71.9083,Greek
109107,Greek,Greek,European,29.9104,559.9804,27.2265,39.2804,Greek
109108,Greek,Greek,European,6.7461,240.6583,17.5841,16.3181,Greek
109109,Greek,Greek,European,63.2482,518.6850,12.8284,26.7598,Greek
109110,Greek,Greek,European,7.8899,1884.5843,360.2615,36.4004,Greek
109111,Greek,Greek,European,234.8285,3889.4017,55.6813,306.1218,Greek
109112,Greek,Greek,European,681.0637,3821.9336,108.7087,75.8379,Greek
109113,Greek,Greek,European,36.3317,1170.6330,22.3209,104.9546,Greek
109114,Greek,Greek,European,239.4632,3458.3064,100.9066,232.4580,Greek
109115,Greek,Greek,European,36.8851,1244.0790,125.6255,64.7869,Greek
109116,Greek,Greek,European,118.6432,2415.7121,192.7468,130.0244,Greek
109117,Greek,Greek,European,16.8360,53.6800,0.8540,0.5856,Greek
109118,Greek,Greek,European,112.8708,2747.4578,85.1305,218.6728,Greek
109119,Greek,Greek,European,115.1365,996.4776,108.3251,7.9591,Greek
109120,Greek,Greek,European,25.6449,518.7290,35.6887,30.4544,Greek
109121,Greek,Greek,European,82.8018,829.0615,62.6873,33.3696,Greek
109122,Greek,Greek,European,1.4689,149.7982,23.0933,5.3003,Greek
109123,Greek,Greek,European,2.2630,1282.5848,0.4048,144.0412,Greek
109124,Greek,Greek,European,8.7161,37.7432,2.0697,0.3243,Greek
109125,Greek,Greek,European,17.8842,271.4290,12.8285,16.2647,Greek
109126,Greek,Greek,European,34.4216,1282.5268,102.7981,83.1904,Greek
109127,Greek,Greek,European,0.2944,1.4535,0.0245,0.0535,Greek
109128,Greek,Greek,European,2.5484,362.8960,0.0000,40.5000,Greek
109129,Greek,Greek,European,2.6202,51.5660,0.5052,4.8821,Greek
109130,Greek,Greek,European,7.4720,354969.7000,27671.8984,26327.3668,Greek
109131,Greek,Greek,European,61.4257,531.6844,26.2059,21.4102,Greek
109132,Greek,Greek,European,391.4651,2094.7450,73.1195,24.1232,Greek
109133,Greek,Greek,European,1.4181,7.1590,0.3772,0.1815,Greek
109134,Greek,Greek,European,279.2165,2086.2500,6.3067,110.9332,Greek
109135,Greek,Greek,European,12.8045,657.4120,1.6002,68.3209,Greek
109136,Greek,Greek,European,120.1265,1526.4125,22.5329,112.4670,Greek
109137,Greek,Greek,European,46.3926,2311.1440,209.2855,137.0650,Greek
109138,Greek,Greek,European,21.1744,999.8400,32.0888,91.2006,Greek
109139,Greek,Greek,European,58.2235,374.6214,9.4548,15.0503,Greek
109140,Greek,Greek,European,79.5834,2469.1127,319.9161,98.0963,Greek
109141,Greek,Greek,European,10.2982,1192.0942,109.7794,80.9630,Greek
109142,Greek,Greek,European,32.3284,938.8300,107.1905,41.2753,Greek
109143,Greek,Greek,European,18.3993,727733.2850,46021.7428,58834.8594,Greek
109144,Greek,Greek,European,169.6497,3394.7085,21.5464,299.6500,Greek
109145,Greek,Greek,European,129.1660,2023.0934,232.1823,59.1750,Greek
109146,Greek,Greek,European,4.5908,488.1440,0.0000,54.5000,Greek
109147,Greek,Greek,European,47.5881,1266.0746,128.2597,66.1846,Greek
109148,Greek,Greek,European,144.6294,3193.6115,116.1642,250.1531,Greek
109149,Greek,Greek,European,289.7783,1849.0764,105.5254,35.2353,Greek
109150,Greek,Greek,European,23.9382,526.8276,24.8116,38.4374,Greek
109151,Greek,Greek,European,11.3400,468.7200,66.8304,15.7248,Greek
109152,Greek,Greek,European,11.0380,241.3307,4.8652,21.0732,Greek
109153,Greek,Greek,European,2.0744,338.4545,6.4021,34.3717,Greek
109154,Greek,Greek,European,142.6538,3198.2970,140.2553,230.9491,Greek
109155,Greek,Greek,European,312.5611,3687.9183,97.4246,232.8189,Greek
109156,Greek,Greek,European,9.5855,203.1404,9.0628,15.4698,Greek
109157,Greek,Greek,European,0.0000,119.3400,0.0000,13.5000,Greek
109158,Greek,Greek,European,22.7598,186.3711,17.4545,2.8184,Greek
109159,Greek,Greek,European,17422.6056,234018.3400,13017.6448,12285.4338,Greek
109160,Greek,Greek,European,15.7285,116.8900,0.4987,4.5732,Greek
109161,Greek,Greek,European,46023.3526,664817.8531,40990.7305,35124.7772,Greek
109162,Greek,Greek,European,4.2480,483.4500,29.7480,38.9160,Greek
109163,Greek,Greek,European,142.6603,4186.5477,122.4802,359.9993,Greek
109164,Greek,Greek,European,26.8105,319.7575,49.1911,1.8248,Greek
109165,Greek,Greek,European,167.6291,3822.1699,133.2715,316.9267,Greek
109166,Greek,Greek,European,219.4828,1671.6453,30.7572,74.3259,Greek
109167,Greek,Greek,European,7.2586,100.6473,17.3643,0.6711,Greek
109168,Greek,Greek,European,240.1031,2001.4147,74.2049,88.9809,Greek
109169,Greek,Greek,European,8.1647,133.8096,23.1105,0.8845,Greek
109170,Greek,Greek,European,70.4664,356.7811,10.9102,3.9994,Greek
109171,Greek,Greek,European,3265.9500,214726.5000,11060.0700,17581.6200,Greek
109172,Greek,Greek,European,7.4780,308.9725,16.3403,24.2422,Greek
109173,Greek,Greek,European,171.7883,1598.2000,76.8970,71.0406,Greek
109174,Greek,Greek,European,470.3414,2241.5408,51.5079,18.8557,Greek
109175,Greek,Greek,European,66.1350,1057.2008,42.7524,72.1424,Greek
109176,Greek,Greek,European,67.0509,2531.1097,145.8410,187.9973,Greek
109177,Greek,Greek,European,6195.3258,28577.0096,1482.4359,302.4120,Greek
109178,Greek,Greek,European,9.7508,341.5000,16.9518,27.1350,Greek
109179,Greek,Greek,European,5.8776,568.6850,11.1981,56.5025,Greek
109180,Greek,Greek,European,22.4832,495.5200,29.6848,32.3504,Greek
109181,Greek,Greek,European,134.8716,1625.1685,51.1059,104.2273,Greek
109182,Greek,Greek,European,81.0298,1802.6655,100.8988,123.8897,Greek
109183,Greek,Greek,European,0.0000,6400.1600,0.0000,724.0000,Greek
109184,Greek,Greek,European,35.8231,4107.7508,395.5728,258.6485,Greek
109185,Greek,Greek,European,28.8409,1005.3175,66.0526,69.4573,Greek
109186,Greek,Greek,European,39.7124,1255.0584,77.0335,91.2468,Greek
109187,Greek,Greek,European,13.3693,866.0750,182.5692,5.0518,Greek
109188,Greek,Greek,European,48.1837,1673.8814,19.5760,158.8030,Greek
109189,Greek,Greek,European,81.8278,1939.0276,183.4992,94.7919,Greek
109190,Greek,Greek,European,11.9910,1006.8815,1.2901,108.1649,Greek
109191,Greek,Greek,European,624.0664,2877.6883,66.7587,29.3965,Greek
109192,Greek,Greek,European,266.7007,1565.0085,84.5328,14.3019,Greek
109193,Greek,Greek,European,36.9659,398.5158,26.7071,15.6837,Greek
109194,Greek,Greek,European,13.3820,78.8167,5.6100,0.1417,Greek
109195,Greek,Greek,European,6.6570,399.6000,21.7074,32.0076,Greek
109196,Greek,Greek,European,102.3764,408.0225,0.0801,0.0549,Greek
109197,Greek,Greek,European,185.4697,3205.5656,131.8427,219.5960,Greek
109198,Greek,Greek,European,5.5874,496.0800,0.3935,54.2320,Greek
109199,Greek,Greek,European,77.4390,2397.5000,98.2070,199.5030,Greek
109200,Greek,Greek,European,4.0983,202.7092,10.8675,15.9812,Greek
109201,Greek,Greek,European,47.2168,796.0856,98.5347,27.0350,Greek
109202,Greek,Greek,European,6.1350,396.0000,21.3150,31.9200,Greek
109203,Greek,Greek,European,114.0356,4407.6178,256.8657,321.3844,Greek
109204,Greek,Greek,European,65.0849,364.1009,28.9030,10.2868,Greek
109205,Greek,Greek,European,12.3515,928.5340,69.6899,65.5624,Greek
109206,Greek,Greek,European,81.8047,2077.2600,112.5326,155.2370,Greek
109207,Greek,Greek,European,1.1909,483.8440,0.0534,54.0366,Greek
109208,Greek,Greek,European,94.3940,7666.9226,612.5494,534.5240,Greek
109209,Greek,Greek,European,19.8199,862.3890,25.6714,76.9337,Greek
109210,Greek,Greek,European,105.9421,525.6955,5.1548,14.1737,Greek
109211,Greek,Greek,European,16.3036,164.7915,8.6947,8.5526,Greek
109212,Greek,Greek,European,11.6530,1377.2600,21.9555,140.0024,Greek
109213,Greek,Greek,European,24.6981,886.7968,21.7591,82.2344,Greek
109214,Greek,Greek,European,26.0930,1614.9978,68.4962,137.7794,Greek
109215,Greek,Greek,European,380.8953,2285.3630,123.4878,37.1761,Greek
109216,Greek,Greek,European,16.5155,997.4212,44.8820,84.9977,Greek
109217,Greek,Greek,European,29.1470,103.7730,2.6842,1.4099,Greek
109218,Greek,Greek,European,11.5217,4022.0832,338.4275,282.7970,Greek
109219,Greek,Greek,European,15.9163,540.5190,2.2994,54.6232,Greek
109220,Greek,Greek,European,13.1854,62.8700,3.9048,0.9820,Greek
109221,Greek,Greek,European,13.2885,644.9835,73.6329,31.8489,Greek
109222,Greek,Greek,European,1268.5974,79725.0396,4274.0658,6422.2431,Greek
109223,Greek,Greek,European,161.5313,5005.9127,384.8149,332.4103,Greek
109224,Greek,Greek,European,6.8035,214.0000,11.0975,16.0000,Greek
109225,Greek,Greek,European,2.2589,10.1900,0.4400,0.0438,Greek
109226,Greek,Greek,European,301.4713,1461.3677,43.9877,5.2488,Greek
109227,Greek,Greek,European,5.2768,123.6147,23.5379,0.8178,Greek
109228,Greek,Greek,European,669.7323,3539.3797,107.6176,48.6988,Greek
109229,Greek,Greek,European,1.0523,151.4350,0.1644,16.5366,Greek
109230,Greek,Greek,European,6.3786,3145.1093,379.1722,168.2105,Greek
109231,Greek,Greek,European,3.3880,1345.7648,84.7527,108.2624,Greek
109232,Greek,Greek,European,30.7302,1386.0900,22.0793,136.6052,Greek
109233,Greek,Greek,European,234.8686,2536.2133,90.0888,149.0573,Greek
109234,Greek,Greek,European,57.8954,1407.8590,148.7759,62.7552,Greek
109235,Greek,Greek,European,158.3040,952.8750,51.5490,15.5677,Greek
109236,Greek,Greek,European,430.2582,5488.4907,199.6231,330.4931,Greek
109237,Greek,Greek,European,240.9735,2957.0235,46.7204,203.8960,Greek
109238,Greek,Greek,European,11.3309,1346.4962,68.3564,112.8622,Greek
109239,Greek,Greek,European,26.3395,754.9973,112.5890,22.1287,Greek
109240,Greek,Greek,European,208.0698,3480.5310,20.2463,290.3740,Greek
109241,Greek,Greek,European,33.3652,1251.4612,79.2941,89.7814,Greek
109242,Greek,Greek,European,127.5744,2273.1853,76.6983,161.7347,Greek
109243,Greek,Greek,European,4.0910,308585.2453,67320.8969,2375.4610,Greek
109244,Greek,Greek,European,137.6156,5728.5263,199.2845,493.9294,Greek
109245,Greek,Greek,European,76.0429,1365.8500,24.8716,110.3919,Greek
109246,Greek,Greek,European,328.1351,2024.3920,72.9100,43.2414,Greek
109247,Greek,Greek,European,127.8545,1030.4620,39.8605,46.9653,Greek
109248,Greek,Greek,European,45.1608,1370.0352,103.9945,87.3394,Greek
109249,Greek,Greek,European,27.7155,1204.9337,102.6463,74.2387,Greek
109250,Greek,Greek,European,44.6120,1480.1352,188.4113,59.8346,Greek
109251,Greek,Greek,European,72.1410,650.4432,32.6399,34.6060,Greek
109252,Greek,Greek,European,454.4784,2475.8510,54.4608,58.1490,Greek
109253,Greek,Greek,European,2.7937,9.3600,0.1967,0.1160,Greek
109254,Greek,Greek,European,27.1815,720.0627,45.9797,39.2640,Greek
109255,Greek,Greek,European,40.9392,314.5200,9.4960,15.2524,Greek
109256,Greek,Greek,European,87.9061,658.4113,23.9497,22.7164,Greek
109257,Greek,Greek,European,9.9468,1035.8654,131.7689,52.1230,Greek
109258,Greek,Greek,European,67.2316,2292.6979,246.5647,110.6193,Greek
109259,Greek,Greek,European,14.0748,108.6915,12.0917,0.3633,Greek
109260,Greek,Greek,European,4.5516,204.9702,11.0610,16.0606,Greek
109261,Greek,Greek,European,8.4647,1483.9652,190.7274,72.5749,Greek
109262,Greek,Greek,European,6.5324,3417.1792,384.2592,196.3718,Greek
109263,Greek,Greek,European,102.8646,1570.4725,128.6044,72.3489,Greek
109264,Greek,Greek,European,19.0675,346.0000,26.6575,17.9600,Greek
109265,Greek,Greek,European,2.0027,32009.1597,16.6326,3617.5254,Greek
109266,Greek,Greek,European,12.8841,1742.0475,85.1968,148.3803,Greek
109267,Greek,Greek,European,18.2961,2363.0460,364.5133,84.5548,Greek
109268,Greek,Greek,European,87.7876,1266.2420,46.5020,81.9106,Greek
109269,Greek,Greek,European,16.4372,444.1254,23.2642,33.2076,Greek
109270,Greek,Greek,European,5.6710,61.7538,5.7105,2.5606,Greek
109271,Greek,Greek,European,37.8987,4457.6560,313.1960,333.0184,Greek
109272,Greek,Greek,European,30.2630,5535.1707,315.3060,452.9265,Greek
109273,Greek,Greek,European,6.0959,2923.0465,153.8799,250.1146,Greek
109274,Greek,Greek,European,65.7398,16753.8320,446.1369,1633.3464,Greek
109275,Greek,Greek,European,0.7762,6.0588,0.1568,0.0164,Greek
109276,Greek,Greek,European,13.4617,345.4350,26.5592,20.6173,Greek
109277,Greek,Greek,European,59.3148,1696.6485,126.4719,110.4730,Greek
109278,Greek,Greek,European,18.5506,467.4535,28.4275,32.3283,Greek
109279,Greek,Greek,European,118.2537,4894.3947,412.1239,305.0309,Greek
109280,Greek,Greek,European,23.6345,271.8000,12.2805,16.1825,Greek
109281,Greek,Greek,European,87.4512,1319.5214,55.7737,81.4131,Greek
109282,Greek,Greek,European,151.9131,2567.7527,105.9295,171.4133,Greek
109283,Greek,Greek,European,67.3941,2339.3085,101.5965,190.7611,Greek
109284,Greek,Greek,European,33.2911,1745.2556,157.6735,109.2315,Greek
109285,Greek,Greek,European,70.2668,1009.4987,115.8085,31.9021,Greek
109286,Greek,Greek,European,99.0641,1220.1843,31.1888,81.2943,Greek
109287,Greek,Greek,European,718.8577,5326.7986,121.0770,227.5476,Greek
109288,Greek,Greek,European,39.8155,3535.0400,170.0736,300.3868,Greek
109289,Greek,Greek,European,103.8758,1067.0933,69.4095,42.9890,Greek
109290,Greek,Greek,European,14.2509,3877.5420,230.4039,314.9976,Greek
109291,Greek,Greek,European,32.6170,296.4500,38.0895,2.9945,Greek
109292,Greek,Greek,European,3482.1378,16653.7575,1393.8403,87.9129,Greek
109293,Greek,Greek,European,283.9178,2900.7766,65.3192,179.1779,Greek
109294,Greek,Greek,European,263.3704,2137.0901,208.7106,10.4681,Greek
109295,Greek,Greek,European,255.0875,2336.4424,101.1530,104.9192,Greek
109296,Greek,Greek,European,58.8940,2373.7180,22.0569,228.7975,Greek
109297,Greek,Greek,European,34.2098,1208.9051,162.2124,48.4514,Greek
109298,Greek,Greek,European,75.2104,4027.9052,368.1994,248.5169,Greek
109299,Greek,Greek,European,2.6747,967.7920,0.7253,108.3105,Greek
109300,Greek,Greek,European,47.9795,1642.7665,94.4888,119.4523,Greek
109301,Greek,Greek,European,196.0559,1281.7382,91.0050,19.2582,Greek
109302,Greek,Greek,European,2.0683,11.1742,0.5061,0.3406,Greek
109303,Greek,Greek,European,5.6903,1236.0858,105.8766,85.0791,Greek
109304,Greek,Greek,European,49.6178,293.1730,23.5830,2.8740,Greek
109305,Greek,Greek,European,336.2400,3629.1746,204.3436,180.6769,Greek
109306,Greek,Greek,European,24.1974,875.6630,50.1082,65.8576,Greek
109307,Greek,Greek,European,73.3520,398.0136,10.0835,9.3995,Greek
109308,Greek,Greek,European,20.4036,1325.1880,64.8128,110.0541,Greek
109309,Greek,Greek,European,67.5529,1729.0219,12.1988,163.6249,Greek
109310,Greek,Greek,European,0.4799,1911.6327,0.1135,216.0278,Greek
109311,Greek,Greek,European,49.4186,6017.2632,137.5569,599.1118,Greek
109312,Greek,Greek,European,24.8252,521.0060,12.6759,43.2807,Greek
109313,Greek,Greek,European,133.2323,2032.9580,98.7643,127.9320,Greek
109314,Greek,Greek,European,13.5896,458.7910,23.0087,34.8469,Greek
109315,Greek,Greek,European,0.0000,0.0000,0.0000,0.0000,Greek
109316,Greek,Greek,European,80.9676,821.9093,47.5171,38.9735,Greek
109317,Greek,Greek,European,47.9142,830.8101,13.9846,68.9131,Greek
109318,Greek,Greek,European,5.0051,487.3600,36.2111,35.0440,Greek
109319,Greek,Greek,European,82.6479,3502.3567,290.5281,225.8793,Greek
109320,Greek,Greek,European,5.4277,512.8360,16.6239,47.4035,Greek
109321,Greek,Greek,European,0.0000,8.4056,1.8700,0.0472,Greek
109322,Greek,Greek,European,5.6206,612.3908,9.9941,62.1384,Greek
109323,Greek,Greek,European,11.8272,625.1432,24.1807,54.1912,Greek
109324,Greek,Greek,European,61.9784,2193.3765,15.0765,218.5430,Greek
109325,Greek,Greek,European,31.2346,370.7973,3.7381,27.4791,Greek
109326,Greek,Greek,European,15.1771,741.8415,23.6525,66.6612,Greek
109327,Greek,Greek,European,396.0390,1812.1020,31.0686,6.8388,Greek
109328,Greek,Greek,European,377.9228,2268.1474,122.8072,36.2351,Greek
109329,Greek,Greek,European,34.7568,15996.5217,350.6595,1604.4620,Greek
109330,Greek,Greek,European,10475.3950,61443.5000,548.7050,1991.1300,Greek
109331,Greek,Greek,European,51.8715,1129.0202,65.8015,76.7694,Greek
109332,Greek,Greek,European,0.0000,25.2167,5.6100,0.1417,Greek
109333,Greek,Greek,European,78.1900,656.1314,37.5513,27.5220,Greek
109334,Greek,Greek,European,84.1568,1307.4740,126.1378,57.0566,Greek
109335,Greek,Greek,European,55.0985,2419.3144,100.3413,205.8834,Greek
109336,Greek,Greek,European,79.5123,3042.7388,159.8028,233.3888,Greek
109337,Greek,Greek,European,100.0777,2624.5305,184.1622,163.5046,Greek
109338,Greek,Greek,European,1.4400,286.0000,25.1200,19.0200,Greek
109339,Greek,Greek,European,21.2833,472.1078,11.3728,39.4809,Greek
109340,Greek,Greek,European,17.8355,188.6560,8.2262,10.5950,Greek
109341,Greek,Greek,European,37.8940,264.2663,14.8205,9.2762,Greek
109342,Greek,Greek,European,13.6263,60.6530,1.9826,1.2288,Greek
109343,Greek,Greek,European,24.5837,532.6499,14.7697,43.7452,Greek
109344,Greek,Greek,European,51.7549,1797.7501,41.8379,163.8450,Greek
109345,Greek,Greek,European,34.7211,2186.6911,194.4117,139.7622,Greek
109346,Greek,Greek,European,20.9045,299.2800,17.8955,18.8900,Greek
109347,Greek,Greek,European,1232.0191,85589.8121,4353.4125,7061.4208,Greek
109348,Greek,Greek,European,125.3863,2857.4041,96.6167,235.6402,Greek
109349,Greek,Greek,European,34.4274,240.9410,13.2143,6.5385,Greek
109350,Greek,Greek,European,61.1185,1698.8408,10.8013,163.4480,Greek
109351,Greek,Greek,European,19.1119,1421.7683,68.0153,119.6713,Greek
109352,Greek,Greek,European,13.7818,884.0307,13.0270,88.5909,Greek
109353,Greek,Greek,European,53.3393,945.3393,27.6457,73.3564,Greek
109354,Greek,Greek,European,396.8511,4301.0129,208.0236,250.4916,Greek
109355,Greek,Greek,European,6901.4874,31399.0463,1646.9567,289.4087,Greek
109356,Greek,Greek,European,41.3442,257.5550,12.8322,5.3829,Greek
109357,Greek,Greek,European,156.9166,642.6377,0.5334,1.0920,Greek
109358,Greek,Greek,European,30.7448,3196.4866,267.8730,214.7241,Greek
109359,Greek,Greek,European,29.9735,1088.8581,5.4149,109.6967,Greek
109360,Greek,Greek,European,13.2541,2288.1193,366.7869,77.2613,Greek
109361,Greek,Greek,European,52616.4098,290842.1040,10284.5980,3848.6040,Greek
109362,Greek,Greek,European,491.0472,2041.1716,36.8790,9.4546,Greek
109363,Greek,Greek,European,2.4353,2007.3932,81.5695,185.5766,Greek
109364,Greek,Greek,European,19.0607,862.0124,97.1819,42.2768,Greek
109365,Greek,Greek,European,136.5922,1419.1990,124.5470,60.5116,Greek
109366,Greek,Greek,European,78.9735,2282.2908,195.5503,130.7155,Greek
109367,Greek,Greek,European,79.9594,1675.3297,205.1925,59.2159,Greek
109368,Greek,Greek,European,96.8659,3340.9966,242.0188,223.9599,Greek
109369,Greek,Greek,European,113.5812,515.3359,21.2828,2.5732,Greek
109370,Greek,Greek,European,0.8233,4844.1727,1077.2196,27.2266,Greek
109371,Greek,Greek,European,28.8497,2411.2703,367.8795,88.5701,Greek
109372,Greek,Greek,European,59534.6900,410157.1458,22463.3969,10354.9182,Greek
109373,Greek,Greek,European,206.9606,18791.8365,3955.6566,123.2013,Greek
109374,Greek,Greek,European,3.3455,14.3762,0.6707,0.0921,Greek
109375,Greek,Greek,European,21.8576,167597.8000,174.7214,18560.4133,Greek
109376,Greek,Greek,European,19.8520,2642.1060,165.2031,209.9126,Greek
109377,Greek,Greek,European,157.1892,1144.1929,77.1386,21.2477,Greek
109378,Greek,Greek,European,7.5452,151.4730,0.9145,13.6098,Greek
109379,Greek,Greek,European,6.3690,2756.8081,290.7672,167.5525,Greek
109380,Greek,Greek,European,13.6029,1298.5160,17.1428,132.9424,Greek
109381,Greek,Greek,European,3.3388,2737.9441,289.8081,166.5792,Greek
109382,Greek,Greek,European,501.1535,1245015.7250,77662.2680,99582.2900,Greek
109383,Greek,Greek,European,0.0000,0.0000,0.0000,0.0000,Greek
109384,Greek,Greek,European,192.3503,2472.3820,161.7019,113.5908,Greek
109385,Greek,Greek,European,3.9285,85.5000,2.6715,7.2000,Greek
109386,Greek,Greek,European,6.3229,33.7311,1.8700,0.0472,Greek
109387,Greek,Greek,European,222.2881,1824.1433,82.8580,75.7841,Greek
109388,Greek,Greek,European,30.6989,3519.4616,352.9830,218.0532,Greek
109389,Greek,Greek,European,205.6984,1753.0233,112.5055,56.6393,Greek
109390,Greek,Greek,European,17.0123,795.3550,8.7654,83.2686,Greek
109391,Greek,Greek,European,78.7672,1917.2655,85.1390,147.6739,Greek
109392,Greek,Greek,European,6.9840,4032.2759,291.1549,307.4897,Greek
109393,Greek,Greek,European,11.2749,232.8865,11.6570,16.0775,Greek
109394,Greek,Greek,European,3.1439,32.6000,0.2975,0.0882,Greek
109395,Greek,Greek,European,64.4271,1730.6900,61.0680,143.2637,Greek
109396,Greek,Greek,European,4.3813,465.3767,80.9748,12.1944,Greek
109397,Greek,Greek,European,211.5989,1597.8889,98.9570,43.1372,Greek
109398,Greek,Greek,European,17.4743,1299.0794,164.3878,60.7869,Greek
109399,Greek,Greek,European,37.7618,1126.5738,7.8024,109.3682,Greek
109400,Greek,Greek,European,6.4539,1588.8576,201.8011,84.8268,Greek
109401,Greek,Greek,European,118.0273,2106.5592,102.5745,142.5272,Greek
109402,Greek,Greek,European,1957.5739,102799.4010,5399.4655,8185.9398,Greek
109403,Greek,Greek,European,127.5390,2507.7423,176.7705,142.8251,Greek
109404,Greek,Greek,European,271.0687,1944.0496,86.2821,55.3092,Greek
109405,Greek,Greek,European,36.0596,168.8068,8.5259,2.2009,Greek
109406,Greek,Greek,European,7.1519,217.8300,11.8873,16.2005,Greek
109407,Greek,Greek,European,10.3292,181.1400,9.8868,11.4542,Greek
109408,Greek,Greek,European,1.6556,269.8878,38.3740,10.9543,Greek
109409,Greek,Greek,European,1.6063,483.7095,0.2475,54.1014,Greek
109410,Greek,Greek,European,25.0273,374.3200,10.2757,29.8400,Greek
109411,Greek,Greek,European,22.9317,1637.4948,126.6665,112.4878,Greek
109412,Greek,Greek,European,121.8876,2138.6079,194.4344,98.9053,Greek
109413,Greek,Greek,European,150.8374,1228.7692,24.1557,59.9283,Greek
109414,Greek,Greek,European,16.7078,680.5965,41.1735,49.7135,Greek
109415,Greek,Greek,European,59.6714,656.4880,25.7538,38.7328,Greek
109416,Greek,Greek,European,127.4876,1200.0082,47.7952,56.4586,Greek
109417,Greek,Greek,European,110.2745,12995.9223,162.5323,1357.6386,Greek
109418,Greek,Greek,European,6.8680,29945.2460,2.1115,3384.4247,Greek
109419,Greek,Greek,European,90.9799,437.7490,23.8942,12.4806,Greek
109420,Greek,Greek,European,5.2284,871.5345,1.9846,92.8600,Greek
109421,Greek,Greek,European,1878.9639,119450.8500,6403.5313,9631.5172,Greek
109422,Greek,Greek,European,28.8360,223.8083,15.0390,5.2608,Greek
109423,Greek,Greek,European,10.6216,441.7788,31.2099,30.5651,Greek
109424,Greek,Greek,European,27.5540,362.0638,5.7979,28.4380,Greek
109425,Greek,Greek,European,5.4004,143.7198,0.5377,13.6679,Greek
109426,Greek,Greek,European,74.5539,727888.2230,46000.2091,58838.4185,Greek
109427,Greek,Greek,European,189.1233,1134.8765,61.4390,18.1296,Greek
109428,Greek,Greek,European,156.0214,3275.4792,174.7993,217.0735,Greek
109429,Greek,Greek,European,5.7158,677.9153,51.2512,49.8562,Greek
109430,Greek,Greek,European,199.3159,4524.1917,133.9422,387.1549,Greek
109431,Greek,Greek,European,14.5287,605.7993,13.6134,57.0275,Greek
109432,Greek,Greek,European,1.9836,8.9400,0.3816,0.0300,Greek
109433,Greek,Greek,European,9.3848,162.2300,21.3073,4.7415,Greek
109434,Greek,Greek,European,67.5035,1044.7288,63.5459,57.2986,Greek
109435,Greek,Greek,European,246.8570,1865.9267,80.7595,62.8492,Greek
109436,Greek,Greek,European,0.8812,958.2450,0.0705,108.0090,Greek
109437,Greek,Greek,European,65.7644,1382.1883,43.3709,115.4801,Greek
109438,Greek,Greek,European,39.0493,519.1913,81.1453,2.3955,Greek
109439,Greek,Greek,European,81.2235,1864.7370,84.8465,140.8788,Greek
109440,Greek,Greek,European,64.5909,1030.0610,76.3812,55.3687,Greek
109441,Greek,Greek,European,4.9585,660.6093,90.3974,29.5500,Greek
109442,Greek,Greek,European,122.6728,1041.1200,35.7860,46.8568,Greek
109443,Greek,Greek,European,276.0667,3790.0967,312.4277,157.9689,Greek
109444,Greek,Greek,European,116.5421,1584.9780,75.4507,91.1728,Greek
109445,Greek,Greek,European,97.5092,472.1299,27.1002,4.3427,Greek
109446,Greek,Greek,European,2.1476,484.2356,0.1123,54.0759,Greek
109447,Greek,Greek,European,191.1727,1462.7860,49.9363,62.1820,Greek
109448,Greek,Greek,European,296.4334,1391.7704,32.8968,10.8130,Greek
109449,Greek,Greek,European,3506.4992,17650.7920,865.1437,303.3706,Greek
109450,Greek,Greek,European,105.8122,1933.1499,99.9902,125.2029,Greek
109451,Greek,Greek,European,67.6989,308.5550,12.4126,3.2241,Greek
109452,Greek,Greek,European,3476.3336,16890.2788,806.1754,260.2238,Greek
109453,Greek,Greek,European,842.2002,4144.5821,135.1004,27.2890,Greek
109454,Greek,Greek,European,140.2011,2070.7224,156.3934,99.5102,Greek
109455,Greek,Greek,European,3.3200,1473.0590,70.4491,128.5713,Greek
109456,Greek,Greek,European,38.3613,882.9097,117.7622,28.6523,Greek
109457,Greek,Greek,European,65.9358,17349.5300,641.7531,1594.4858,Greek
109458,Greek,Greek,European,4.7413,977.9138,0.2800,108.1596,Greek
109459,Greek,Greek,European,13.9365,3683.7567,410.4804,210.4639,Greek
109460,Greek,Greek,European,46.4249,4130.5970,186.2695,355.2705,Greek
109461,Greek,Greek,European,262.2391,2927.0500,31.8442,197.5170,Greek
109462,Greek,Greek,European,7.2581,1552.4825,82.5628,131.6130,Greek
109463,Greek,Greek,European,106.7211,2203.9280,138.4857,141.0602,Greek
109464,Greek,Greek,European,9.5465,620.0473,14.9856,58.8827,Greek
109465,Greek,Greek,European,31.4280,684.0000,21.3720,57.6000,Greek
109466,Greek,Greek,European,393.4964,2337.4233,124.3362,36.4734,Greek
109467,Greek,Greek,European,26.5676,2116.8125,140.6018,159.7184,Greek
109468,Greek,Greek,European,83.7100,727801.5200,46095.1980,58783.0940,Greek
109469,Greek,Greek,European,12.1135,814.6772,106.8363,35.4850,Greek
109470,Greek,Greek,European,5253.9509,705535.6707,67200.5646,44328.6795,Greek
109471,Greek,Greek,European,23.9831,1186.1820,10.1583,119.0533,Greek
109472,Greek,Greek,European,11.5945,1018.8580,95.9909,62.7090,Greek
109473,Greek,Greek,European,419.1197,3314.2586,158.3998,123.8103,Greek
109474,Greek,Greek,European,43.8483,1248.2870,65.6032,90.6133,Greek
109475,Greek,Greek,European,32.6063,435.2275,24.5362,23.0624,Greek
109476,Greek,Greek,European,42.8634,1255.2160,212.1373,18.8445,Greek
109477,Greek,Greek,European,194.3590,9906.6850,55.4535,1017.7100,Greek
109478,Greek,Greek,European,43.1497,581.6030,29.0677,33.2404,Greek
109479,Greek,Greek,European,19.5704,2019.9480,178.2839,131.8555,Greek
109480,Greek,Greek,European,201.0222,1870.0293,69.6195,93.7709,Greek
109481,Greek,Greek,European,59.7903,1592.4220,146.1700,85.6271,Greek
109482,Greek,Greek,European,40.7466,310.9500,9.2430,14.8584,Greek
109483,Greek,Greek,European,12.3198,1057.7065,70.7262,81.4212,Greek
109484,Greek,Greek,European,86.4106,484993.7830,30650.4540,39185.7876,Greek
109485,Greek,Greek,European,82.0399,2411.1751,143.2116,170.2604,Greek
109486,Greek,Greek,European,21.9112,198.8600,5.5591,9.8861,Greek
109487,Greek,Greek,European,69.0119,1225.2276,43.4447,91.0954,Greek
109488,Greek,Greek,European,2.3482,9.6489,0.3505,0.1088,Greek
109489,Greek,Greek,European,13.7718,280.5981,17.2798,18.9275,Greek
109490,Greek,Greek,European,114.7842,454.8400,2.2902,0.5587,Greek
109491,Greek,Greek,European,604.7880,4327.3800,0.0000,216.0000,Greek
109492,Greek,Greek,European,22.1407,285.4665,15.2673,16.6595,Greek
109493,Greek,Greek,European,19.0289,1057.8450,24.8738,99.5287,Greek
109494,Greek,Greek,European,7.9200,250.9600,1.8510,23.4797,Greek
109495,Greek,Greek,European,131.6739,1668.6485,136.8349,71.2499,Greek
109496,Greek,Greek,European,20.9205,1123.9780,83.8599,78.1429,Greek
109497,Greek,Greek,European,11.3437,606.7020,32.4983,48.3914,Greek
109498,Greek,Greek,European,5.4158,532.3921,54.0643,34.2534,Greek
109499,Greek,Greek,European,12.5694,1133.4195,128.0757,60.8319,Greek
109500,Greek,Greek,European,1026.8782,5572.3990,181.0405,86.5464,Greek
109501,Greek,Greek,European,42.9914,601.2211,29.8032,37.9034,Greek
109502,Greek,Greek,European,51.9475,749.8740,11.3366,56.5535,Greek
109503,Greek,Greek,European,12.6250,2034.5243,214.3001,120.4341,Greek
109504,Greek,Greek,European,0.0000,477.3600,0.0000,54.0000,Greek
109505,Greek,Greek,European,117.0532,1496.4549,18.3351,109.8722,Greek
109506,Greek,Greek,European,4.6945,22.5480,1.2843,0.2084,Greek
109507,Greek,Greek,European,63.6194,419.0384,17.0236,10.4813,Greek
109508,Greek,Greek,European,250.5139,3812.8140,126.4373,265.5702,Greek
109509,Greek,Greek,European,60.6030,937.0115,67.2454,51.6383,Greek
109510,Greek,Greek,European,104.8471,888.3966,25.9524,42.0695,Greek
109511,Greek,Greek,European,19.2404,124.6600,10.1624,1.1700,Greek
109512,Greek,Greek,European,83.4064,1561.7468,123.0086,82.3702,Greek
109513,Greek,Greek,European,15.9142,505.9350,33.8014,33.5400,Greek
109514,Greek,Greek,European,445.5195,1809.6356,7.4617,1.1965,Greek
109515,Greek,Greek,European,47.4850,777.0555,39.6123,49.9533,Greek
109516,Greek,Greek,European,112.7776,1641.8786,70.2439,103.7965,Greek
109517,Greek,Greek,European,11.1694,836.0344,122.6260,33.1218,Greek
109518,Greek,Greek,European,361.9238,2873.1900,36.7480,147.1800,Greek
109519,Greek,Greek,European,48.5988,460.3159,6.9812,28.0945,Greek
109520,Greek,Greek,European,30.2366,1035.8212,134.6972,42.1341,Greek
109521,Greek,Greek,European,75504.1097,453379.8245,24551.9258,7244.4211,Greek
109522,Greek,Greek,European,35.7267,3626.7429,133.8780,325.3053,Greek
109523,Greek,Greek,European,190.2768,6600.1298,611.8009,364.2194,Greek
109524,Greek,Greek,European,35.7095,364.1576,23.1105,14.4845,Greek
109525,Greek,Greek,European,443.1250,3482.8195,95.4321,151.3477,Greek
109526,Greek,Greek,European,4.1716,497.1173,1.2051,54.3128,Greek
109527,Greek,Greek,European,21.9875,2728.9726,149.0150,226.3941,Greek
109528,Greek,Greek,European,114108.5231,629843.8632,18083.5537,10780.6068,Greek
109529,Greek,Greek,European,50.3639,3786.7952,268.5713,273.4260,Greek
109530,Greek,Greek,European,42.3831,710.7413,68.9279,28.5943,Greek
109531,Greek,Greek,European,207.8221,1486.7250,72.3390,47.0484,Greek
109532,Greek,Greek,European,28.2990,558.2533,48.7333,28.7550,Greek
109533,Greek,Greek,European,9.0614,325.7275,9.2618,29.3968,Greek
109534,Greek,Greek,European,143.9162,2948.5960,45.5401,255.4851,Greek
109535,Greek,Greek,European,81.5489,1785.0187,136.7277,101.6552,Greek
109536,Greek,Greek,European,5.4368,115.7616,6.0057,8.2139,Greek
109537,Greek,Greek,European,16.0000,985.5200,16.8584,94.8000,Greek
109538,Greek,Greek,European,45.1992,445.9510,7.8849,28.0431,Greek
109539,Greek,Greek,European,69.7495,842.0743,83.8457,28.7379,Greek
109540,Greek,Greek,European,87.9625,1363.3575,164.9217,39.7186,Greek
109541,Greek,Greek,European,286.2699,2340.3960,104.4280,96.7407,Greek
109542,Greek,Greek,European,0.5594,212.0404,0.3397,23.2374,Greek
109543,Greek,Greek,European,45.0533,933.4530,51.9858,64.9661,Greek
109544,Greek,Greek,European,38.5182,438.2310,20.8920,23.6280,Greek
109545,Greek,Greek,European,86.0004,1154.0294,90.2885,54.4970,Greek
109546,Greek,Greek,European,131.4275,3225.6677,238.9771,193.8373,Greek
109547,Greek,Greek,European,175.9954,2741.9759,165.4679,154.6205,Greek
109548,Greek,Greek,European,29.0487,1213.3400,21.7347,117.3345,Greek
109549,Greek,Greek,European,7.5673,748.7310,133.6671,19.8587,Greek
109550,Greek,Greek,European,1555.4690,99396.0860,5335.2680,8015.4831,Greek
109551,Greek,Greek,European,119.5923,701.4310,18.3265,17.5591,Greek
109552,Greek,Greek,European,40.9107,494.3034,24.3803,26.3171,Greek
109553,Greek,Greek,European,35.9431,1103.0875,4.6585,111.2923,Greek
109554,Greek,Greek,European,116.6514,1138.1840,45.4300,56.2735,Greek
109555,Greek,Greek,European,233.0687,2984.0483,56.3416,203.1320,Greek
109556,Greek,Greek,European,124.4833,1842.4476,133.5731,95.0748,Greek
109557,Greek,Greek,European,15.6429,6313.7999,488.7192,465.1446,Greek
109558,Greek,Greek,European,72.3154,1235.6549,49.8861,85.2048,Greek
109559,Greek,Greek,European,12.5390,3677.4989,284.7137,270.1747,Greek
109560,Greek,Greek,European,34.7929,1038.3467,32.0018,85.5777,Greek
109561,Greek,Greek,European,24.3866,932.5670,16.5332,88.9538,Greek
109562,Greek,Greek,European,141.3717,2070.0300,73.8497,140.0650,Greek
109563,Greek,Greek,European,2488.0743,158885.6960,8561.6181,12795.8476,Greek
109564,Greek,Greek,European,50.0944,1224.4145,114.7500,63.9194,Greek
109565,Greek,Greek,European,29.6663,1706.3000,49.3437,157.2894,Greek
109566,Greek,Greek,European,29.0545,595.6092,16.5945,48.3489,Greek
109567,Greek,Greek,European,2.7965,4727.3195,1010.0906,45.8857,Greek
109568,Greek,Greek,European,87.2568,1084.4610,100.8234,35.7557,Greek
109569,Greek,Greek,European,619.9466,3306.2413,69.2539,57.1543,Greek
109570,Greek,Greek,European,61.6393,1634.9645,196.4138,67.3953,Greek
109571,Greek,Greek,European,56.3449,9354.0711,388.2304,848.0599,Greek
109572,Greek,Greek,European,286.0936,3376.5533,126.0475,211.3526,Greek
109573,Greek,Greek,European,82.6710,3698.1207,385.5161,198.9570,Greek
109574,Greek,Greek,European,47.6616,444.0167,12.6620,22.6073,Greek
109575,Greek,Greek,European,65.3409,305.5538,16.2149,1.8804,Greek
109576,Greek,Greek,European,235.3277,1342.0920,48.8730,22.9771,Greek
109577,Greek,Greek,European,331.1049,2625.5127,98.2504,108.9146,Greek
109578,Greek,Greek,European,2.0070,131.0400,1.2150,13.6980,Greek
109579,Greek,Greek,European,33.0645,1199.8808,73.2439,87.2162,Greek
109580,Greek,Greek,European,104.7190,5643.4917,319.9020,445.7636,Greek
109581,Greek,Greek,European,1472.0250,81110.5200,4456.0500,6450.8250,Greek
109582,Greek,Greek,European,42.9359,3705.7892,402.9272,203.5053,Greek
109583,Greek,Greek,European,129.5201,2085.0390,159.6014,104.1907,Greek
109584,Greek,Greek,European,20.4391,1184.3757,40.5937,108.3006,Greek
109585,Greek,Greek,European,56.1197,781.7511,104.3324,17.8183,Greek
109586,Greek,Greek,European,1534.9746,99153.1925,5328.8259,7996.9223,Greek
109587,Greek,Greek,European,29.4774,1331.1358,227.2165,34.8106,Greek
109588,Greek,Greek,European,205.5108,5327.6426,217.1221,432.9721,Greek
109589,Greek,Greek,European,39.9954,1607.3197,7.6436,163.7089,Greek
109590,Greek,Greek,European,83.7728,807.3423,21.4318,46.6022,Greek
109591,Greek,Greek,European,6.2314,1519.6480,196.2813,73.9227,Greek
109592,Greek,Greek,European,671.0161,50021.5681,612.3713,5153.2570,Greek
109593,Greek,Greek,European,1868.6397,257493.7166,47289.2232,6727.3848,Greek
109594,Greek,Greek,European,74.3818,769.4600,59.7396,36.6720,Greek
109595,Greek,Greek,European,28.5811,1805.6803,129.5642,127.7842,Greek
109596,Greek,Greek,European,0.2771,174.4500,0.0538,19.1002,Greek
109597,Greek,Greek,European,23.5045,270.4825,10.9451,15.3190,Greek
109598,Greek,Greek,European,41.6193,12999.2310,263.8142,1310.8180,Greek
109599,Greek,Greek,European,6.4630,528.2925,3.2999,54.8688,Greek
109600,Greek,Greek,European,0.0000,336.3840,0.1075,38.2003,Greek
109601,Greek,Greek,European,4.6074,1890.3299,367.2345,34.7151,Greek
109602,Greek,Greek,European,38.8295,963.4717,56.7982,66.6016,Greek
109603,Greek,Greek,European,2.7924,1941.6550,0.2808,216.0578,Greek
109604,Greek,Greek,European,98.4018,940.5280,37.7741,42.3227,Greek
109605,Greek,Greek,European,171.9732,1658.0183,64.6298,82.3192,Greek
109606,Greek,Greek,European,8.3688,4440.2933,325.6037,337.0845,Greek
109607,Greek,Greek,European,1181.4659,941535.3108,108087.1258,55974.0276,Greek
109608,Greek,Greek,European,331.2960,3599.8117,137.7406,197.5836,Greek
109609,Greek,Greek,European,31.2978,3314.0957,174.7829,275.5320,Greek
109610,Greek,Greek,European,30.6209,824.3315,108.1876,29.7896,Greek
109611,Greek,Greek,European,157.5038,4565.3900,434.0041,234.5618,Greek
109612,Greek,Greek,European,442.4735,3911.2938,188.3611,168.3480,Greek
109613,Greek,Greek,European,0.9795,4.3942,0.0907,0.0808,Greek
109614,Greek,Greek,European,1.2016,5.6081,0.1978,0.0938,Greek
109615,Greek,Greek,European,6.9904,3973.7253,226.0853,332.6724,Greek
109616,Greek,Greek,European,9.4841,403.5883,57.3122,13.9749,Greek
109617,Greek,Greek,European,59.5684,1406.5935,15.4084,125.8445,Greek
109618,Greek,Greek,European,12.8713,618.1688,33.1640,48.7665,Greek
109619,Greek,Greek,European,69.2586,3417.9929,140.0000,286.1337,Greek
109620,Greek,Greek,European,86.3640,646.6800,15.8520,30.0000,Greek
109621,Greek,Greek,European,53.5973,590.2235,21.9626,34.3673,Greek
109622,Greek,Greek,European,27.6536,1069.4141,108.5622,58.7471,Greek
109623,Greek,Greek,European,77.5290,568.7781,24.5548,20.3951,Greek
109624,Greek,Greek,European,69.9546,473.2175,34.1940,8.2731,Greek
109625,Greek,Greek,European,44.5511,2154.3195,234.4902,113.0209,Greek
109626,Greek,Greek,European,16.4778,282.3400,7.0888,21.6400,Greek
109627,Greek,Greek,European,7.3525,65.3027,8.4966,0.2635,Greek
109628,Greek,Greek,European,8.9966,2140.5028,246.9953,116.3158,Greek
109629,Greek,Greek,European,7.5467,307.4832,30.2516,17.0509,Greek
109630,Greek,Greek,European,64.9439,1072.1495,120.0261,41.9564,Greek
109631,Greek,Greek,European,7.2585,6290.2110,488.4174,465.2612,Greek
109632,Greek,Greek,European,99.7442,445.2483,22.1851,4.1602,Greek
109633,Greek,Greek,European,18.3310,336.2833,6.5885,27.3244,Greek
109634,Greek,Greek,European,15.1911,219.0050,11.2643,13.3282,Greek
109635,Greek,Greek,European,53.9320,949.7121,109.9426,31.7469,Greek
109636,Greek,Greek,European,71.0192,1868.1400,145.2213,114.3100,Greek
109637,Greek,Greek,European,27.9523,777.9840,27.3136,63.5077,Greek
109638,Greek,Greek,European,186.7476,12860.5900,283.1120,1217.2642,Greek
109639,Greek,Greek,European,27.2309,322.1100,11.7521,18.6642,Greek
109640,Greek,Greek,European,41.4577,2018.3540,92.3451,166.6732,Greek
109641,Greek,Greek,European,35.3493,327.4671,14.5768,17.8087,Greek
109642,Greek,Greek,European,107.6076,2546.8408,174.5581,156.4322,Greek
109643,Greek,Greek,European,7.9372,62.3733,3.2762,2.5212,Greek
109644,Greek,Greek,European,6.8894,30.1498,1.3496,0.2077,Greek
109645,Greek,Greek,European,0.0000,544.0012,93.6135,16.0027,Greek
109646,Greek,Greek,European,4.7085,1634.5110,360.2238,9.4262,Greek
109647,Greek,Greek,European,123.2493,3058.8360,42.7465,278.7025,Greek
109648,Greek,Greek,European,65.6417,2436.7847,70.0691,214.3754,Greek
109649,Greek,Greek,European,12.5844,466.0050,6.1587,44.9942,Greek
109650,Greek,Greek,European,82.3399,697.0383,53.4929,17.8950,Greek
109651,Greek,Greek,European,17.3335,386.0880,23.0747,27.1199,Greek
109652,Greek,Greek,European,154.1949,2220.2864,105.0660,140.2616,Greek
109653,Greek,Greek,European,83.8275,670.7312,15.4203,35.9071,Greek
109654,Greek,Greek,European,43.1075,926.2773,34.1500,73.1878,Greek
109655,Greek,Greek,European,11.7660,2321.4122,231.7750,145.4660,Greek
109656,Greek,Greek,European,195.6960,1759.1586,83.3270,79.3340,Greek
109657,Greek,Greek,European,223.3460,1470.4901,26.6360,57.6492,Greek
109658,Greek,Greek,European,42.1661,2183.2556,175.9410,143.0591,Greek
109659,Greek,Greek,European,49.6559,1168.9513,51.3565,89.1866,Greek
109660,Greek,Greek,European,213.4516,2026.0480,49.0253,119.9563,Greek
109661,Greek,Greek,European,44.2283,1758.8773,89.0444,138.3617,Greek
109662,Greek,Greek,European,402.7372,4919.7492,420.0825,172.0995,Greek
109663,Greek,Greek,European,20.9818,596.1870,28.4992,44.8340,Greek
109664,Greek,Greek,European,18.0056,120.5300,9.7282,1.7140,Greek
109665,Greek,Greek,European,476.7308,376760.0115,3003.2285,40959.2904,Greek
109666,Greek,Greek,European,42.5409,1068.1845,100.4845,55.7719,Greek
109667,Greek,Greek,European,597.2901,4387.3752,198.8972,119.7385,Greek
109668,Greek,Greek,European,517.7943,2626.4420,90.9997,17.5637,Greek
109669,Greek,Greek,European,1227.3508,79201.1183,4263.0178,6384.0122,Greek
109670,Greek,Greek,European,12.5004,2466.5078,224.3429,163.4204,Greek
109671,Greek,Greek,European,0.0000,1816.6680,114.8515,146.8984,Greek
109672,Greek,Greek,European,140.8276,865.0895,33.2558,17.1242,Greek
109673,Greek,Greek,European,9.4149,39.9554,1.7940,0.2088,Greek
109674,Greek,Greek,European,5.2039,636.4479,2.0758,69.1494,Greek
109675,Greek,Greek,European,23.8793,2066.6831,338.8094,69.4302,Greek
109676,Greek,Greek,European,12.9069,53.6585,2.3312,0.7475,Greek
109677,Greek,Greek,European,86.7407,2706.1880,144.8464,194.3882,Greek
109678,Greek,Greek,European,2.1329,361.4473,49.4114,16.2522,Greek
109679,Greek,Greek,European,38.4550,1153.7760,66.7376,85.1658,Greek
109680,Greek,Greek,European,14.9405,1024.3980,49.2367,86.0266,Greek
109681,Greek,Greek,European,251.0090,1728.7858,61.0554,54.6230,Greek
109682,Greek,Greek,European,61.2871,787.4986,72.2067,32.0544,Greek
109683,Greek,Greek,European,0.6991,8953.1882,0.0913,1012.5434,Greek
109684,Greek,Greek,European,270.8785,3404.2860,47.1775,243.0684,Greek
109685,Greek,Greek,European,31.6069,593.0355,18.8942,45.3872,Greek
109686,Greek,Greek,European,16.4805,669.2750,17.1010,60.9802,Greek
109687,Greek,Greek,European,14.1606,748.4266,48.8093,55.4035,Greek
109688,Greek,Greek,European,16.3002,3937.0976,24.6605,437.5226,Greek
109689,Greek,Greek,European,273.2033,1867.6710,37.4839,67.6905,Greek
109690,Greek,Greek,European,19.0865,547.7550,29.0984,41.5908,Greek
109691,Greek,Greek,European,37.8094,3377.9489,491.2276,137.5590,Greek
109692,Greek,Greek,European,19.2499,1098.7933,101.3669,67.7262,Greek
109693,Greek,Greek,European,87.4802,1304.4800,4.7288,110.4000,Greek
109694,Greek,Greek,European,18.9199,1437.6272,64.5163,123.5448,Greek
109695,Greek,Greek,European,6.0228,1997.4666,72.2583,188.8441,Greek
109696,Greek,Greek,European,93.5792,674.9306,19.9803,27.0812,Greek
109697,Greek,Greek,European,1.1562,366.3738,0.0534,40.8366,Greek
109698,Greek,Greek,European,16.4486,2596.9951,157.0628,208.3766,Greek
109699,Greek,Greek,European,72.3416,4427.8885,265.7532,343.7558,Greek
109700,Greek,Greek,European,1.4196,310.1072,68.0359,1.8255,Greek
109701,Greek,Greek,European,200.4952,1383.3833,77.8063,35.0333,Greek
109702,Greek,Greek,European,25.5375,1965.7500,121.0975,153.2775,Greek
109703,Greek,Greek,European,133.1500,958.1151,32.7255,32.7204,Greek
109704,Greek,Greek,European,28.4050,1065.9352,187.2834,19.1533,Greek
109705,Greek,Greek,European,8.1029,434.0853,28.0531,32.1961,Greek
109706,Greek,Greek,European,23.7583,244.2000,7.7298,10.6400,Greek
109707,Greek,Greek,European,192.6549,1185.9600,62.1401,22.1611,Greek
109708,Greek,Greek,European,19.9416,358.3730,11.2850,29.0462,Greek
109709,Greek,Greek,European,65.0431,929.5751,120.5411,16.9432,Greek
109710,Greek,Greek,European,196.6126,1304.4333,66.7223,32.5109,Greek
109711,Greek,Greek,European,39.1272,2374.4800,136.5998,183.7563,Greek
109712,Greek,Greek,European,212.4082,1355.8273,64.3471,32.1274,Greek
109713,Greek,Greek,European,19.3655,163.8600,0.6747,0.1871,Greek
109714,Greek,Greek,European,2.6080,15.8890,0.6867,0.8304,Greek
109715,Greek,Greek,European,27.7368,752.5942,99.1449,25.8629,Greek
109716,Greek,Greek,European,21.4829,278.2540,13.4109,16.8067,Greek
109717,Greek,Greek,European,250.4299,1954.9112,144.0883,40.6963,Greek
109718,Greek,Greek,European,1.0692,83.2399,0.0953,9.0431,Greek
109719,Greek,Greek,European,7.1760,3643.9748,245.0362,287.2778,Greek
109720,Greek,Greek,European,57.3300,920.7372,71.1569,47.5973,Greek
109721,Greek,Greek,European,13.4601,960.2305,24.8255,90.3116,Greek
109722,Greek,Greek,European,58.2188,2684.0145,128.3340,216.4615,Greek
109723,Greek,Greek,European,140.6709,1019.6390,26.5263,45.2133,Greek
109724,Greek,Greek,European,9.5328,2368.1690,9.3532,262.3490,Greek
109725,Greek,Greek,European,9.2008,1006.2058,1.3413,108.4949,Greek
109726,Greek,Greek,European,1.3230,5.9962,0.3068,0.0277,Greek
109727,Greek,Greek,European,13.2317,1039.6491,117.2529,55.8552,Greek
109728,Greek,Greek,European,13.9752,281.9184,8.6606,23.1501,Greek
109729,Greek,Greek,European,7.2816,1013.3411,122.5031,52.0941,Greek
109730,Greek,Greek,European,3.6412,20.1300,1.0547,0.9596,Greek
109731,Greek,Greek,European,116.7862,2356.4827,250.1939,102.5077,Greek
109732,Greek,Greek,European,21.8247,93.3255,4.3434,0.5346,Greek
109733,Greek,Greek,European,55.0028,2285.2178,101.9370,192.3759,Greek
109734,Greek,Greek,European,388.0785,3221.2958,126.7137,130.0451,Greek
109735,Greek,Greek,European,19.1796,437.9198,35.3316,24.6686,Greek
109736,Greek,Greek,European,4399.0698,22629.4887,1091.3666,435.9726,Greek
109737,Greek,Greek,European,135.3326,2051.9458,154.3069,106.8719,Greek
109738,Greek,Greek,European,41.2198,507.9817,23.2360,28.7686,Greek
109739,Greek,Greek,European,0.9576,5.3200,0.2616,0.0709,Greek
109740,Greek,Greek,European,77.7776,2507.4549,144.9042,174.9350,Greek
109741,Greek,Greek,European,6.5395,30.9609,1.4304,1.0762,Greek
109742,Greek,Greek,European,6.4194,77.8500,2.7902,4.5720,Greek
109743,Greek,Greek,European,7.7898,34.6650,1.4056,1.0844,Greek
109744,Greek,Greek,European,14.1779,2674.5214,166.2745,213.4110,Greek
109745,Greek,Greek,European,210.0606,1412.4233,75.8909,34.7263,Greek
109746,Greek,Greek,European,218.4606,2915.5700,153.1315,163.7964,Greek
109747,Greek,Greek,European,14.9033,1886.2662,112.4530,152.4719,Greek
109748,Greek,Greek,European,1.8581,605571.7500,38284.5880,48967.0553,Greek
109749,Greek,Greek,European,76.6708,2845.9323,333.1968,128.5070,Greek
109750,Greek,Greek,European,104.0792,1600.9176,120.0821,86.9406,Greek
109751,Greek,Greek,European,132.4112,2028.7042,129.5252,121.6907,Greek
109752,Greek,Greek,European,13.6409,1482.5430,6.3074,164.2045,Greek
109753,Greek,Greek,European,142.0495,1991.3514,180.8003,74.1956,Greek
109754,Greek,Greek,European,166.7123,1982.3690,68.8791,119.4349,Greek
109755,Greek,Greek,European,9.6052,4116.7214,379.8492,276.1375,Greek
109756,Greek,Greek,European,201.0256,1925.4333,104.0093,81.9509,Greek
109757,Greek,Greek,European,5.0497,897.3568,16.1627,91.6447,Greek
109758,Greek,Greek,European,98.4787,988.3750,40.0804,47.1018,Greek
109759,Greek,Greek,European,5.0423,317.0572,10.0980,29.4251,Greek
109760,Greek,Greek,European,127.3493,3507.7290,151.1014,285.5788,Greek
109761,Greek,Greek,European,8.6980,155.7630,1.0990,13.6878,Greek
109762,Greek,Greek,European,47.7879,2866.3787,544.8819,41.3785,Greek
109763,Greek,Greek,European,12.6132,2603.7305,155.1901,211.2856,Greek
109764,Greek,Greek,European,133.9811,1615.9624,29.3355,113.2784,Greek
109765,Greek,Greek,European,5.6028,25.2883,0.9794,0.1472,Greek
109766,Greek,Greek,European,591.0169,13184.2208,451.6698,1094.9350,Greek
109767,Greek,Greek,European,941.6195,6029.5572,87.6049,239.2954,Greek
109768,Greek,Greek,European,54.9532,902.7636,45.1044,62.8741,Greek
109769,Greek,Greek,European,276.0622,4935.1338,430.5234,224.6789,Greek
109770,Greek,Greek,European,195.9440,1820.9160,76.7605,80.9785,Greek
109771,Greek,Greek,European,11.9932,276.1720,18.8356,16.9740,Greek
109772,Greek,Greek,European,9.8225,859.0913,68.9720,60.4783,Greek
109773,Greek,Greek,European,100.7980,402.9900,0.0000,0.0000,Greek
109774,Greek,Greek,European,4.4606,16.7228,0.5004,0.2004,Greek
109775,Greek,Greek,European,49.8310,2282.0827,294.5426,104.2084,Greek
109776,Greek,Greek,European,110.2751,718.5464,22.6099,29.3694,Greek
109777,Greek,Greek,European,183.3324,4554.8212,455.5027,212.3578,Greek
109778,Greek,Greek,European,203.3091,1290.9148,69.4345,26.7166,Greek
109779,Greek,Greek,European,38.5885,4137.4865,409.5755,253.3784,Greek
109780,Greek,Greek,European,312.8015,1838.8383,58.9269,49.6781,Greek
109781,Greek,Greek,European,44.4284,1475.6230,155.5707,74.0094,Greek
109782,Greek,Greek,European,62.0280,382.3200,15.0612,12.1310,Greek
109783,Greek,Greek,European,261.4089,1801.7339,56.5405,54.6267,Greek
109784,Greek,Greek,European,4.4854,1903.9151,202.8160,113.1734,Greek
109785,Greek,Greek,European,76.4340,2850.9700,28.8795,279.3440,Greek
109786,Greek,Greek,European,46.0255,4574.2281,483.3492,263.5554,Greek
109787,Greek,Greek,European,307.2695,5367.4220,65.5610,450.9257,Greek
109788,Greek,Greek,European,151.2239,2814.1439,86.1787,226.7521,Greek
109789,Greek,Greek,European,87.7501,554.9100,15.7665,22.5474,Greek
109790,Greek,Greek,European,100.6624,3103.0964,306.3251,155.5657,Greek
109791,Greek,Greek,European,78.0205,4630.4331,268.6610,356.9835,Greek
109792,Greek,Greek,European,24.1585,1488.2830,82.3033,116.1106,Greek
109793,Greek,Greek,European,507.0700,2026.5583,0.2207,0.0530,Greek
109794,Greek,Greek,European,5.6062,1469.5169,180.7937,76.9996,Greek
109795,Greek,Greek,European,16.8949,482.2414,92.6016,3.6358,Greek
109796,Greek,Greek,European,1.8148,263.6590,3.1259,27.2484,Greek
109797,Greek,Greek,European,5.3685,371.5000,27.7915,26.2200,Greek
109798,Greek,Greek,European,1184.6238,664438.0587,25930.6072,60951.4435,Greek
109799,Greek,Greek,European,20.0789,1396.2529,71.7755,114.6431,Greek
109800,Greek,Greek,European,10.0309,5252.6265,407.1948,387.5199,Greek
109801,Greek,Greek,European,3.7567,604.1176,100.5077,18.2695,Greek
109802,Greek,Greek,European,818.1871,5223.3345,175.8657,130.3112,Greek
109803,Greek,Greek,European,207.6165,1467.0480,83.4088,39.2024,Greek
109804,Greek,Greek,European,631.6545,40317.4968,2140.9371,3263.7746,Greek
109805,Greek,Greek,European,502.2045,3520.4700,138.4599,105.7878,Greek
109806,Greek,Greek,European,1.8846,100.1183,5.3466,7.9922,Greek
109807,Greek,Greek,European,2377.3057,130223.0550,5379.9317,11457.4010,Greek
109808,Greek,Greek,European,35.4121,965.5871,46.6322,72.3844,Greek
109809,Greek,Greek,European,20.2438,540.0828,14.8601,45.6757,Greek
109810,Greek,Greek,European,17.0498,879.7040,64.4641,60.7753,Greek
109811,Greek,Greek,European,70.7707,4214.4847,37.9196,434.3645,Greek
109812,Greek,Greek,European,62.7974,421.2815,8.1069,18.3305,Greek
109813,Greek,Greek,European,1.9033,217.0617,18.9372,14.2915,Greek
109814,Greek,Greek,European,0.0000,0.0000,0.0000,0.0000,Greek
109815,Greek,Greek,European,35.5388,657.3558,28.2558,47.2422,Greek
109816,Greek,Greek,European,3.7502,652.7548,1.0482,72.2699,Greek
109817,Greek,Greek,European,32.2157,1082.1152,189.4829,19.5868,Greek
109818,Greek,Greek,European,30.3282,692.4000,37.0693,49.1934,Greek
109819,Greek,Greek,European,98.7495,2060.9131,103.3334,142.9941,Greek
109820,Greek,Greek,European,14.6809,625.7325,9.5071,59.4830,Greek
109821,Greek,Greek,European,10.8372,383.0416,12.7723,33.3465,Greek
109822,Greek,Greek,European,13.1829,59.8060,1.8910,0.6440,Greek
109823,Greek,Greek,European,216.9277,1331.8438,18.3007,43.9332,Greek
109824,Greek,Greek,European,191.1685,1144.9971,61.7691,18.5235,Greek
109825,Greek,Greek,European,4.3342,306.3528,3.5301,31.2192,Greek
109826,Greek,Greek,European,295.2224,2225.6672,91.8773,73.2550,Greek
109827,Greek,Greek,European,3.5019,344.0752,12.1134,31.6043,Greek
109828,Greek,Greek,European,6.3151,28.8883,1.1646,0.1022,Greek
109829,Greek,Greek,European,7.2661,423.9960,1.0739,44.9604,Greek
109830,Greek,Greek,European,1.4259,812.9852,122.7169,32.0029,Greek
109831,Greek,Greek,European,11.5140,701.7342,56.8054,47.3002,Greek
109832,Greek,Greek,European,12.7149,384.5300,25.6969,26.3006,Greek
109833,Greek,Greek,European,837.7336,5129.5252,279.9683,88.5730,Greek
109834,Greek,Greek,European,57.1372,1545.2927,206.6244,50.6459,Greek
109835,Greek,Greek,European,19.1393,1816.5181,112.5764,142.5199,Greek
109836,Greek,Greek,European,4.4569,1864.2577,269.9226,78.9025,Greek
109837,Greek,Greek,European,10.8575,432.3608,50.6324,19.7130,Greek
109838,Greek,Greek,European,817.3142,5337.9293,460.6838,39.8345,Greek
109839,Greek,Greek,European,37.7229,715.7216,45.9205,45.6692,Greek
109840,Greek,Greek,European,2.1138,8.1865,0.2995,0.1231,Greek
109841,Greek,Greek,European,21.0841,511.2750,26.0004,36.6315,Greek
109842,Greek,Greek,European,91.3654,917.0650,31.5422,48.3607,Greek
109843,Greek,Greek,European,220.0242,859.8550,1.8624,0.6603,Greek
109844,Greek,Greek,European,32.0866,6624.4405,491.5223,492.7198,Greek
109845,Greek,Greek,European,27.0527,2495.3029,189.4824,178.1669,Greek
109846,Greek,Greek,European,63.1852,465.1289,18.5263,21.4777,Greek
109847,Greek,Greek,European,6.1140,121.9216,9.7264,6.6061,Greek
109848,Greek,Greek,European,2.2846,7169.3270,0.5483,810.2114,Greek
109849,Greek,Greek,European,195.2179,1415.1464,114.5715,23.7707,Greek
109850,Greek,Greek,European,0.8233,241.2417,0.0972,27.0265,Greek
109851,Greek,Greek,European,2.7465,134.2367,7.1406,10.6644,Greek
109852,Greek,Greek,European,1389.9809,7740.9558,288.2195,112.0806,Greek
109853,Greek,Greek,European,28.9740,939.6259,11.9021,90.2865,Greek
109854,Greek,Greek,European,37.8603,655.5980,22.1582,48.7825,Greek
109855,Greek,Greek,European,80.0191,4241.0885,303.2393,300.5372,Greek
109856,Greek,Greek,European,42.4888,3038.2840,1.7600,324.1600,Greek
109857,Greek,Greek,European,72.0878,1759.3928,138.4326,100.6275,Greek
109858,Greek,Greek,European,16.2193,69.7901,2.3123,0.4871,Greek
109859,Greek,Greek,European,22.1696,217.2700,7.1447,10.2852,Greek
109860,Greek,Greek,European,139.5019,13671.2069,2601.0026,245.3692,Greek
109861,Greek,Greek,European,5.9505,19.4250,0.3569,0.2258,Greek
109862,Greek,Greek,European,8.9700,523.9633,15.1936,48.5014,Greek
109863,Greek,Greek,European,81.1915,2612.5495,223.1499,150.0613,Greek
109864,Greek,Greek,European,797.3632,17782.8400,660.7860,1450.9788,Greek
109865,Greek,Greek,European,19.5361,910.6758,15.7608,87.4686,Greek
109866,Greek,Greek,European,10.8888,1025.2250,33.0109,94.8262,Greek
109867,Greek,Greek,European,36.7745,220.7662,8.6222,5.9850,Greek
109868,Greek,Greek,European,24.7205,1046.4630,97.9794,61.2675,Greek
109869,Greek,Greek,European,65.0644,442.2507,47.1431,3.0921,Greek
109870,Greek,Greek,European,2.9754,968.1300,0.5724,108.0450,Greek
109871,Greek,Greek,European,1.0523,122.6950,0.0534,13.5366,Greek
109872,Greek,Greek,European,20.5479,2123.4211,197.8572,133.1849,Greek
109873,Greek,Greek,European,,,,,Greek
109874,Greek,Greek,European,11.6687,82.9150,5.1410,1.7037,Greek
109875,Greek,Greek,European,44.0586,302.7193,7.2330,2.4693,Greek
109876,Greek,Greek,European,16.3559,1108.8720,33.8299,102.6270,Greek
109877,Greek,Greek,European,30.9705,1376.5209,152.4962,74.1936,Greek
109878,Greek,Greek,European,262.6044,2470.6944,118.2110,112.9731,Greek
109879,Greek,Greek,European,110.3678,2192.0222,113.5099,145.3285,Greek
109880,Greek,Greek,European,44.7132,2213.0391,164.1299,150.8405,Greek
109881,Greek,Greek,European,30.0928,147.4383,7.2658,0.5642,Greek
109882,Greek,Greek,European,0.0000,0.0000,0.0000,0.0000,Greek
109883,Greek,Greek,European,58.1990,653.6970,18.5809,41.8236,Greek
109884,Greek,Greek,European,6.6510,526.2718,96.0968,10.4751,Greek
109885,Greek,Greek,European,41739.4431,273295.0980,7366.2115,8202.9105,Greek
109886,Greek,Greek,European,16.8093,1360.4977,86.2666,104.0129,Greek
109887,Greek,Greek,European,43.8797,1555.9028,123.2856,97.3651,Greek
109888,Greek,Greek,European,6.8035,214.0000,11.0975,16.0000,Greek
109889,Greek,Greek,European,285.0962,1397.1400,48.6772,7.5484,Greek
109890,Greek,Greek,European,11.2864,516.5980,0.9431,54.3790,Greek
109891,Greek,Greek,European,21.9032,1049.5932,2.0242,109.3790,Greek
109892,Greek,Greek,European,17.6306,223.2465,11.1290,12.8638,Greek
109893,Greek,Greek,European,12.5532,2080.4596,190.1152,138.4643,Greek
109894,Greek,Greek,European,11.8272,625.1432,24.1807,54.1912,Greek
109895,Greek,Greek,European,7.5458,693.5847,38.3862,56.2060,Greek
109896,Greek,Greek,European,144.5709,2442.1824,129.4269,153.4229,Greek
109897,Greek,Greek,European,67.3172,1536.6810,58.4116,123.7100,Greek
109898,Greek,Greek,European,101.6240,12381.9790,22.3183,1352.7382,Greek
109899,Greek,Greek,European,11.9554,576.0786,2.3919,59.5516,Greek
109900,Greek,Greek,European,11.0816,717.6138,4.8193,73.9331,Greek
109901,Greek,Greek,European,4.9357,303.8850,16.3031,24.1699,Greek
109902,Greek,Greek,European,277.6304,2035.3580,76.4808,68.0118,Greek
109903,Greek,Greek,European,7189.1247,45170.0934,5470.8245,280.7552,Greek
109904,Greek,Greek,European,13.7680,160.2100,8.7211,8.0657,Greek
109905,Greek,Greek,European,8.4026,408.4155,30.5745,27.7913,Greek
109906,Greek,Greek,European,22.2090,547.1000,51.1635,29.0964,Greek
109907,Greek,Greek,European,14.9149,701.6560,2.4898,72.5904,Greek
109908,Greek,Greek,European,112.6162,1617.3189,149.1318,63.1399,Greek
109909,Greek,Greek,European,216.1457,1397.6153,90.0218,23.9597,Greek
109910,Greek,Greek,European,74.8446,1353.2023,54.5284,101.2452,Greek
109911,Greek,Greek,European,10.6657,1162.4804,92.6211,81.3937,Greek
109912,Greek,Greek,European,41.9721,1392.3303,81.6433,98.6192,Greek
109913,Greek,Greek,European,62.7295,1684.1832,87.2045,129.1092,Greek
109914,Greek,Greek,European,112.6010,2440.7933,132.8073,163.8322,Greek
109915,Greek,Greek,European,49.9669,1669.8927,67.6220,134.8798,Greek
109916,Greek,Greek,European,103.3918,1845.0180,140.7260,96.2614,Greek
109917,Greek,Greek,European,42.9914,601.2211,29.8032,37.9034,Greek
109918,Greek,Greek,European,38.0888,755.0292,40.6181,49.7096,Greek
109919,Greek,Greek,European,6.5864,76.5232,4.0034,4.2937,Greek
109920,Greek,Greek,European,28.8160,327.2450,16.5191,20.0176,Greek
109921,Greek,Greek,European,41.8757,2088.6418,65.7233,187.6091,Greek
109922,Greek,Greek,European,5.9858,401.0996,8.3737,39.2340,Greek
109923,Greek,Greek,European,34.0898,970.1827,113.9533,40.9594,Greek
109924,Greek,Greek,European,93.2677,1109.6492,55.9367,57.2765,Greek
109925,Greek,Greek,European,23.4002,1095.8599,127.1845,55.1301,Greek
109926,Greek,Greek,European,21.3795,483.8743,11.6212,42.5734,Greek
109927,Greek,Greek,European,6.4835,171.8572,23.6129,5.4184,Greek
109928,Greek,Greek,European,27.0567,427.9500,48.3303,11.6332,Greek
109929,Greek,Greek,European,56.3117,723.7053,5.6464,56.1071,Greek
109930,Greek,Greek,European,30.1957,4311.1981,239.6736,372.5701,Greek
109931,Greek,Greek,European,102067.3514,426191.5185,737.9672,1843.2641,Greek
109932,Greek,Greek,European,33.7309,2089.4017,218.9259,115.3719,Greek
109933,Greek,Greek,European,53.1420,706.9655,6.5611,54.9036,Greek
109934,Greek,Greek,European,15.8176,798.3070,14.4292,77.2044,Greek
109935,Greek,Greek,European,5.7428,112.4200,5.5423,8.1264,Greek
109936,Greek,Greek,European,34.8431,1160.9205,155.6243,46.3817,Greek
109937,Greek,Greek,European,61.7857,1542.7179,113.4465,99.2313,Greek
109938,Greek,Greek,European,224.6245,1451.9103,61.8590,32.8646,Greek
109939,Greek,Greek,European,3.0516,332.4966,45.2480,14.4730,Greek
109940,Greek,Greek,European,55.9159,852.5199,47.2766,52.0565,Greek
109941,Greek,Greek,European,86.6348,2881.2136,197.0287,205.8966,Greek
109942,Greek,Greek,European,0.2956,1.2500,0.0625,0.0062,Greek
109943,Greek,Greek,European,12.3055,1342.0312,95.3719,99.0857,Greek
109944,Greek,Greek,European,3257.8518,20158.2027,1077.4796,374.8339,Greek
109945,Greek,Greek,European,2294.7777,128996.7000,6712.7193,10437.0151,Greek
109946,Greek,Greek,European,15.5536,1091.9556,105.3008,66.2287,Greek
109947,Greek,Greek,European,38.1577,293.3281,7.2150,14.5672,Greek
109948,Greek,Greek,European,82.0516,8806.8814,229.7840,844.0081,Greek
109949,Greek,Greek,European,168.1533,999.1242,21.8095,27.9100,Greek
109950,Greek,Greek,European,68.7986,785.8320,11.9888,55.7988,Greek
109951,Greek,Greek,European,7.3899,30.1725,0.5452,0.1798,Greek
109952,Greek,Greek,European,55.2930,3295.5942,372.1072,173.2556,Greek
109953,Greek,Greek,European,57.6566,399.5679,8.2140,0.8857,Greek
109954,Greek,Greek,European,52.4529,519.2550,30.4786,29.1348,Greek
109955,Greek,Greek,European,206.5725,1350.8136,68.1199,32.9843,Greek
109956,Greek,Greek,European,167.7059,2049.1203,104.1411,108.0701,Greek
109957,Greek,Greek,European,13.1019,1174.0593,62.0649,97.3598,Greek
109958,Greek,Greek,European,43.4654,1172.0021,88.9220,68.2346,Greek
109959,Greek,Greek,European,382.1549,3313.6953,269.2051,72.8423,Greek
109960,Greek,Greek,European,3.2880,2816.3437,93.1682,272.3586,Greek
109961,Greek,Greek,European,17.9382,481.3353,17.6370,38.9550,Greek
109962,Greek,Greek,European,19.3123,291.5000,19.3003,16.6300,Greek
109963,Greek,Greek,European,20.0671,1507.4988,98.0630,112.5264,Greek
109964,Greek,Greek,European,35.6719,313.0733,22.4822,10.7359,Greek
109965,Greek,Greek,European,87.1159,1701.7068,35.0236,141.5392,Greek
109966,Greek,Greek,European,36.9162,310.4105,16.2666,10.2803,Greek
109967,Greek,Greek,European,138.3791,2578.7692,132.4077,164.5560,Greek
109968,Greek,Greek,European,24.7547,598.1455,3.0574,54.8300,Greek
109969,Greek,Greek,European,13.0594,1005.4400,1.2735,108.3120,Greek
109970,Greek,Greek,European,39.5474,220.9841,9.8104,6.2564,Greek
109971,Greek,Greek,European,29.2480,622.2740,47.3275,35.1062,Greek
109972,Greek,Greek,European,12.1457,1989.9481,125.1734,156.3142,Greek
109973,Greek,Greek,European,2136.5929,126756.8202,5934.8071,10762.1883,Greek
109974,Greek,Greek,European,58.0001,286.9525,19.2742,2.0529,Greek
109975,Greek,Greek,European,92.4440,1334.4327,145.7965,44.4634,Greek
109976,Greek,Greek,European,260.6167,1645.5442,82.1899,38.3081,Greek
109977,Greek,Greek,European,46.6501,1222.0200,67.6663,87.7848,Greek
109978,Greek,Greek,European,18.0836,630.8941,79.7237,25.4432,Greek
109979,Greek,Greek,European,30.8892,455.3855,47.6726,14.9897,Greek
109980,Greek,Greek,European,29.0456,951.1147,103.9292,45.0379,Greek
109981,Greek,Greek,European,43.7092,1685.3320,154.8129,97.0221,Greek
109982,Greek,Greek,European,123.8179,573.7091,6.9929,12.2424,Greek
109983,Greek,Greek,European,35.0208,627.7000,3.0552,55.8680,Greek
109984,Greek,Greek,European,138.3824,799.2300,24.1825,14.9611,Greek
109985,Greek,Greek,European,332.4951,3693.1400,50.3018,247.8150,Greek
109986,Greek,Greek,European,14.5226,396.5713,28.6340,24.6276,Greek
109987,Greek,Greek,European,101964.0407,613110.8562,33166.4728,9878.1751,Greek
109988,Greek,Greek,European,42.9998,1397.4443,53.4815,119.6167,Greek
109989,Greek,Greek,European,346.9411,6101.1132,323.1141,406.5357,Greek
109990,Greek,Greek,European,58.0125,793.8525,31.0408,50.5154,Greek
109991,Greek,Greek,European,8.8564,2101.5236,26.1538,223.3702,Greek
109992,Greek,Greek,European,12.3720,1710.6041,101.2743,137.1704,Greek
109993,Greek,Greek,European,279.8373,2562.8818,37.2492,152.4097,Greek
109994,Greek,Greek,European,2959.1010,38828.4200,2005.1950,2118.2760,Greek
109995,Greek,Greek,European,29.6960,134.2960,5.9056,1.9673,Greek
109996,Greek,Greek,European,35.2005,531.4790,27.3830,33.6325,Greek
109997,Greek,Greek,European,258.1659,1486.9653,79.7460,21.7963,Greek
109998,Greek,Greek,European,22.0200,96.0000,5.4900,0.5700,Greek
109999,Greek,Greek,European,22.2433,964.9013,105.4895,50.2571,Greek
110000,Greek,Greek,European,47.0904,898.3214,17.3212,74.6430,Greek
110001,Greek,Greek,European,31.4271,2019.4926,141.0999,148.0712,Greek
110002,Greek,Greek,European,725.5709,6512.1192,191.2474,356.5201,Greek
110003,Greek,Greek,European,685.6309,4394.2586,181.1725,129.4210,Greek
110004,Greek,Greek,European,34.0787,15981.0232,349.0987,1604.1301,Greek
110005,Greek,Greek,European,1285.6715,79887.8795,4276.8419,6433.6137,Greek
110006,Greek,Greek,European,205.5659,1426.6863,69.7799,41.9629,Greek
110007,Greek,Greek,European,143.9534,833.6671,60.6871,3.7480,Greek
110008,Greek,Greek,European,59.4270,1225.5358,4.3563,111.1794,Greek
110009,Greek,Greek,European,9.1762,2929.3683,3.8902,326.5072,Greek
110010,Greek,Greek,European,24.6152,262.8993,7.3729,14.9629,Greek
110011,Greek,Greek,European,13.6229,121.5633,9.4581,4.6619,Greek
110012,Greek,Greek,European,27.5924,2809.7164,85.9401,264.3905,Greek
110013,Greek,Greek,European,18.6950,2057.8625,45.1799,200.5326,Greek
110014,Greek,Greek,European,23.6073,1096.5230,3.2666,111.9331,Greek
110015,Greek,Greek,European,40.9292,997.0487,119.2020,39.9934,Greek
110016,Greek,Greek,European,20.2415,1185.8659,175.5811,41.2973,Greek
110017,Greek,Greek,European,9.3579,1307.0336,68.8661,112.2674,Greek
110018,Greek,Greek,European,53.5280,214.4000,0.0000,0.0000,Greek
110019,Greek,Greek,European,32.4662,633.6275,41.3960,36.9366,Greek
110020,Greek,Greek,European,151.2386,1370.3550,82.8014,47.0857,Greek
110021,Greek,Greek,European,166.0804,1921.2798,85.8800,113.9794,Greek
110022,Greek,Greek,European,115.3695,544.8085,42.4019,2.6548,Greek
110023,Greek,Greek,European,9.5439,1151.7342,73.1991,89.8360,Greek
110024,Greek,Greek,European,15.8243,15384.8035,422.6527,1529.6135,Greek
110025,Greek,Greek,European,8.0628,171.6404,5.3673,14.4066,Greek
110026,Greek,Greek,European,0.0000,339.5467,22.4400,27.5667,Greek
110027,Greek,Greek,European,45.3709,1698.2091,217.9934,70.1274,Greek
110028,Greek,Greek,European,186.6112,2381.4400,122.9760,127.6608,Greek
110029,Greek,Greek,European,125.6525,3180.9448,463.6168,87.7714,Greek
110030,Greek,Greek,European,9.4116,148.7808,25.5236,0.9882,Greek
110031,Greek,Greek,European,113.3035,802.4900,20.5745,31.1100,Greek
110032,Greek,Greek,European,32.9960,711.4035,15.2116,61.6095,Greek
110033,Greek,Greek,European,3.0675,436.6800,10.6575,42.9600,Greek
110034,Greek,Greek,European,30.0231,108.7600,3.1427,1.2777,Greek
110035,Greek,Greek,European,70.2221,1044.8770,114.7430,35.3005,Greek
110036,Greek,Greek,European,3.0488,194.1067,30.8364,5.6281,Greek
110037,Greek,Greek,European,56.4613,2176.2684,101.8594,174.9455,Greek
110038,Greek,Greek,European,33.2362,254.7257,9.0128,11.0554,Greek
110039,Greek,Greek,European,54.7921,753.9713,106.9048,11.1694,Greek
110040,Greek,Greek,European,2.6190,57.0000,1.7810,4.8000,Greek
110041,Greek,Greek,European,421.6955,3004.9044,129.3298,88.8367,Greek
110042,Greek,Greek,European,208.9591,1536.1133,69.8208,53.5037,Greek
110043,Greek,Greek,European,67.4048,606.8400,22.3808,29.7744,Greek
110044,Greek,Greek,European,340.5895,2091.9482,105.1415,29.9070,Greek
110045,Greek,Greek,European,191.3068,1319.3139,88.1043,29.9946,Greek
110046,Greek,Greek,European,0.0000,880.8276,89.7602,56.2667,Greek
110047,Greek,Greek,European,0.0000,30.2347,1.8700,0.0472,Greek
110048,Greek,Greek,European,66.3797,1624.8904,226.4384,55.2645,Greek
110049,Greek,Greek,European,49684.4794,247536.6300,8207.9716,1164.1630,Greek
110050,Greek,Greek,European,1767.4550,115630.0000,5901.8550,9484.8600,Greek
110051,Greek,Greek,European,8.6679,537.2465,18.7911,47.4831,Greek
110052,Greek,Greek,European,16.3076,141.9328,7.6480,6.2385,Greek
110053,Greek,Greek,European,24.0404,10058.8980,687.5351,782.8682,Greek
110054,Greek,Greek,European,39.1827,794.5976,16.0271,67.9261,Greek
110055,Greek,Greek,European,7.5822,886.4716,23.0075,85.9838,Greek
110056,Greek,Greek,European,0.0000,179.0100,0.0000,20.2500,Greek
110057,Greek,Greek,European,3.4791,199.2808,10.7061,15.9732,Greek
110058,Greek,Greek,European,19.6555,1552.5511,184.3988,77.2771,Greek
110059,Greek,Greek,European,79.2718,1651.8811,195.1883,62.4520,Greek
110060,Greek,Greek,European,537.1768,2378.0600,52.2136,12.1624,Greek
110061,Greek,Greek,European,3.5870,387.0791,30.5197,27.0241,Greek
110062,Greek,Greek,European,53.1497,417.1322,13.9690,20.9686,Greek
110063,Greek,Greek,European,59.2839,2643.1359,187.1510,182.5792,Greek
110064,Greek,Greek,European,241.3876,2834.0425,189.7288,119.9803,Greek
110065,Greek,Greek,European,32.8318,2487.5347,77.7707,229.1265,Greek
110066,Greek,Greek,European,206.5153,1953.9029,96.8097,82.4834,Greek
110067,Greek,Greek,European,0.0465,239.7300,0.0000,27.0000,Greek
110068,Greek,Greek,European,1577.6612,9826.6110,196.6313,336.4258,Greek
110069,Greek,Greek,European,29.0031,1307.7972,88.7571,90.9128,Greek
110070,Greek,Greek,European,306.9942,2089.9550,112.4536,53.0892,Greek
110071,Greek,Greek,European,212.6138,4485.4374,414.5423,220.3471,Greek
110072,Greek,Greek,European,73.9610,1869.9974,191.7372,85.8478,Greek
110073,Greek,Greek,European,187.7970,1131.8350,65.3759,16.6370,Greek
110074,Greek,Greek,European,427.0282,3966.5969,88.1052,228.7518,Greek
110075,Greek,Greek,European,60.1690,677.6008,96.2840,3.0184,Greek
110076,Greek,Greek,European,41.4056,621.3600,39.4576,32.8752,Greek
110077,Greek,Greek,European,38.1791,1302.7080,55.1692,101.6916,Greek
110078,Greek,Greek,European,35.8986,1548.1188,84.0354,118.9406,Greek
110079,Greek,Greek,European,22.1098,856.5077,112.4541,34.8003,Greek
110080,Greek,Greek,European,78.8020,601.5534,17.3015,30.8547,Greek
110081,Greek,Greek,European,65394.2953,451761.5200,11500.4652,15988.2757,Greek
110082,Greek,Greek,European,60.5919,418.1427,43.7757,2.3080,Greek
110083,Greek,Greek,European,28.9334,631.0085,28.4960,46.4944,Greek
110084,Greek,Greek,European,0.9329,362.3309,0.2133,40.6020,Greek
110085,Greek,Greek,European,76.8119,732.0420,38.0896,32.2301,Greek
110086,Greek,Greek,European,8.4390,161.1900,8.1058,11.0153,Greek
110087,Greek,Greek,European,227.1152,1113.2648,39.0862,4.6527,Greek
110088,Greek,Greek,European,646.0921,25457.3299,1366.8341,1950.3557,Greek
110089,Greek,Greek,European,0.4116,1.2808,0.0486,0.0132,Greek
110090,Greek,Greek,European,0.6198,361.7470,0.3545,40.5755,Greek
110091,Greek,Greek,European,10.7713,1142.5048,131.6538,60.3613,Greek
110092,Greek,Greek,European,345.2266,4174.4969,199.0068,227.9560,Greek
110093,Greek,Greek,European,58.2625,2024.2750,84.7730,169.0950,Greek
110094,Greek,Greek,European,29.6467,2168.6598,134.2456,167.9572,Greek
110095,Greek,Greek,European,15.1845,542.7280,1.8729,54.1900,Greek
110096,Greek,Greek,European,88.0748,2026.2930,151.7317,119.8514,Greek
110097,Greek,Greek,European,94.6336,1983.3919,93.8824,148.2607,Greek
110098,Greek,Greek,European,7.3226,1472.4860,201.7991,71.4007,Greek
110099,Greek,Greek,European,17.2486,223.8700,12.3445,11.9519,Greek
110100,Greek,Greek,European,8.7355,286.0225,1.1206,28.0084,Greek
110101,Greek,Greek,European,48.2880,424.8000,11.6640,20.6160,Greek
110102,Greek,Greek,European,13.3055,563.6217,72.6924,24.6754,Greek
110103,Greek,Greek,European,49.8672,732.4030,14.8461,56.8576,Greek
110104,Greek,Greek,European,11.0452,721.0342,39.1015,58.2333,Greek
110105,Greek,Greek,European,116.2563,794.3607,31.6509,25.3471,Greek
110106,Greek,Greek,European,1786.3094,92460.0500,2008.2135,9324.8038,Greek
110107,Greek,Greek,European,10.4856,989.5100,0.6970,108.4212,Greek
110108,Greek,Greek,European,16389.9396,594487.0922,85730.5082,18345.0328,Greek
110109,Greek,Greek,European,34.6056,424.3500,13.3732,29.1290,Greek
110110,Greek,Greek,European,10.8306,2695.0389,375.8343,118.3859,Greek
110111,Greek,Greek,European,316.3988,2020.5933,100.2641,43.4673,Greek
110112,Greek,Greek,European,4.2107,384.0345,3.5820,40.9350,Greek
110113,Greek,Greek,European,148.0466,2575.1150,92.0031,191.2210,Greek
110114,Greek,Greek,European,6.6920,232.3933,19.1247,14.4602,Greek
110115,Greek,Greek,European,0.4547,1.4464,0.0542,0.0159,Greek
110116,Greek,Greek,European,233.8645,4092.3297,123.5900,318.5582,Greek
110117,Greek,Greek,European,8.5250,407.6000,21.9274,32.0276,Greek
110118,Greek,Greek,European,12.2499,782.3542,105.5730,32.3982,Greek
110119,Greek,Greek,European,9.4397,356.5960,45.8717,14.0178,Greek
110120,Greek,Greek,European,20.0664,534.9216,14.0174,43.6352,Greek
110121,Greek,Greek,European,179.1141,1591.7577,60.3822,75.7820,Greek
110122,Greek,Greek,European,36.2216,666.9315,26.6111,49.0137,Greek
110123,Greek,Greek,European,2.8081,1047.9375,6.8486,114.0188,Greek
110124,Greek,Greek,European,20.5729,581.6939,82.4103,18.5165,Greek
110125,Greek,Greek,European,80.0576,1968.1904,293.5598,51.0995,Greek
110126,Greek,Greek,European,159.2818,3429.5800,107.2807,288.2678,Greek
110127,Greek,Greek,European,80.5443,3648.9804,387.8430,188.9884,Greek
110128,Greek,Greek,European,1.8611,365.1675,0.2126,40.6246,Greek
110129,Greek,Greek,European,19.3491,361.3800,18.1070,24.2420,Greek
110130,Greek,Greek,European,86.4569,1643.9844,171.9369,67.8061,Greek
110131,Greek,Greek,European,81.5241,1390.6464,174.4141,53.2024,Greek
110132,Greek,Greek,European,1.9836,247.6200,0.3816,27.0300,Greek
110133,Greek,Greek,European,68.3329,1698.7640,28.3896,152.5519,Greek
110134,Greek,Greek,European,89.5111,1603.6376,90.4968,106.4625,Greek
110135,Greek,Greek,European,29.0592,1069.5525,2.8575,108.6464,Greek
110136,Greek,Greek,European,6.0432,560.6916,42.2782,39.7594,Greek
110137,Greek,Greek,European,25.9935,952.5845,62.9069,66.5119,Greek
110138,Greek,Greek,European,20.6950,3991.4009,309.4258,290.0544,Greek
110139,Greek,Greek,European,320.4787,3847.8412,317.5117,146.8675,Greek
110140,Greek,Greek,European,47.9313,2410.0364,135.1471,188.7618,Greek
110141,Greek,Greek,European,14.6316,2210.4740,131.6034,177.7536,Greek
110142,Greek,Greek,European,30.9627,1214.3707,100.2874,76.6986,Greek
110143,Greek,Greek,European,10.8665,672.1120,8.6305,66.4710,Greek
110144,Greek,Greek,European,39.2544,1594.4805,219.0506,59.3145,Greek
110145,Greek,Greek,European,85.6350,645.0980,16.5328,28.1047,Greek
110146,Greek,Greek,European,6.2730,34.5942,2.8785,0.2814,Greek
110147,Greek,Greek,European,361.6485,2846.4880,108.9374,110.8757,Greek
110148,Greek,Greek,European,118.2847,1048.3824,14.2096,59.3608,Greek
110149,Greek,Greek,European,28.5965,1238.9258,111.3480,74.7524,Greek
110150,Greek,Greek,European,23.8313,743.8055,35.1777,58.1696,Greek
110151,Greek,Greek,European,16.5072,1301.6280,16.8433,132.6396,Greek
110152,Greek,Greek,European,9.5131,1890.3636,78.6307,170.4055,Greek
110153,Greek,Greek,European,1145.8942,65269.9695,4190.5635,4882.7370,Greek
110154,Greek,Greek,European,207.7538,1486.2138,72.2524,47.0596,Greek
110155,Greek,Greek,European,15.7626,774.6950,22.0951,70.7654,Greek
110156,Greek,Greek,European,2.2972,24.1092,0.3040,0.1284,Greek
110157,Greek,Greek,European,19.5747,158.5760,2.6306,8.5804,Greek
110158,Greek,Greek,European,13.1600,832.7240,24.7502,77.0671,Greek
110159,Greek,Greek,European,172.4283,692.2109,13.0778,1.9383,Greek
110160,Greek,Greek,European,189.5458,1304.2279,89.6598,23.5902,Greek
110161,Greek,Greek,European,,,,,Greek
110162,Greek,Greek,European,31001.2888,453426.6565,42202.9661,16862.9207,Greek
110163,Greek,Greek,European,123.8306,3337.9544,150.3817,257.4408,Greek
110164,Greek,Greek,European,148.6019,4048.6265,169.2507,313.0623,Greek
110165,Greek,Greek,European,29.4266,5140.9100,585.7858,283.2567,Greek
110166,Greek,Greek,European,68.4150,1815.0294,54.0676,158.5667,Greek
110167,Greek,Greek,European,3.1884,15.1260,1.0112,0.1844,Greek
110168,Greek,Greek,European,20.8600,186.2192,9.1259,8.5919,Greek
110169,Greek,Greek,European,63.5016,3113.8451,178.4615,233.8535,Greek
110170,Greek,Greek,European,55.2813,3084.4146,303.2310,177.8441,Greek
110171,Greek,Greek,European,15.8351,1064.1930,102.4707,64.0393,Greek
110172,Greek,Greek,European,2.9775,323.9592,1.0951,35.4338,Greek
110173,Greek,Greek,European,0.4116,1910.7208,0.0486,216.0132,Greek
110174,Greek,Greek,European,59.3374,2604.4862,81.8349,231.4067,Greek
110175,Greek,Greek,European,4.0000,1203.8812,108.5842,84.6947,Greek
110176,Greek,Greek,European,5.1270,322.9700,68.0508,1.9718,Greek
110177,Greek,Greek,European,19.5656,358.9400,11.2876,28.8500,Greek
110178,Greek,Greek,European,26.8571,788.7872,15.1329,70.7676,Greek
110179,Greek,Greek,European,13.5960,1241.5408,167.8530,59.4269,Greek
110180,Greek,Greek,European,71.6537,719.7764,27.6079,39.0012,Greek
110181,Greek,Greek,European,27.8637,1089.0085,5.6912,111.5080,Greek
110182,Greek,Greek,European,32.5076,824.3233,11.8220,72.9087,Greek
110183,Greek,Greek,European,9.3988,182.4480,9.6587,12.4298,Greek
110184,Greek,Greek,European,44.5417,4615.6092,351.1799,313.6935,Greek
110185,Greek,Greek,European,1604.0063,10233.0118,981.7141,196.7489,Greek
110186,Greek,Greek,European,75.4789,341.6880,14.5566,3.0828,Greek
110187,Greek,Greek,European,1460.9161,18727.2835,961.5349,1009.7027,Greek
110188,Greek,Greek,European,22.6636,371.2808,11.5046,28.8832,Greek
110189,Greek,Greek,European,9.9468,34.6057,0.9590,0.4616,Greek
110190,Greek,Greek,European,40.2196,2680.8763,126.2422,225.6569,Greek
110191,Greek,Greek,European,19.4525,87.9381,3.8750,0.9624,Greek
110192,Greek,Greek,European,74.1873,1516.8400,86.3703,101.9751,Greek
110193,Greek,Greek,European,28.2769,222.9466,25.6552,1.2573,Greek
110194,Greek,Greek,European,60.7270,2658.4620,153.6168,204.5364,Greek
110195,Greek,Greek,European,9.1534,5665.5253,567.9912,360.0744,Greek
110196,Greek,Greek,European,384.4625,2831.2889,184.2872,68.1270,Greek
110197,Greek,Greek,European,14.2166,3034.2219,282.0566,197.3449,Greek
110198,Greek,Greek,European,3.0675,675.3600,10.6575,69.9600,Greek
110199,Greek,Greek,European,68.4708,2108.3790,149.1775,139.2808,Greek
110200,Greek,Greek,European,87.0454,1840.1930,22.3294,165.3228,Greek
110201,Greek,Greek,European,315.3329,1922.0490,46.1693,55.4051,Greek
110202,Greek,Greek,European,2.2147,33.2000,1.7426,2.0888,Greek
110203,Greek,Greek,European,205.7883,3928.5080,25.6577,339.5330,Greek
110204,Greek,Greek,European,354.0279,1414.3075,0.1458,0.0397,Greek
110205,Greek,Greek,European,21.2564,332.1789,4.9625,27.7457,Greek
110206,Greek,Greek,European,31.6366,3927.9297,848.6455,22.8047,Greek
110207,Greek,Greek,European,1.4155,76.3278,6.4843,4.7894,Greek
110208,Greek,Greek,European,346.3964,3902.9405,422.7830,92.4377,Greek
110209,Greek,Greek,European,21.4985,1725.3127,99.5464,139.3128,Greek
110210,Greek,Greek,European,5.6212,550.2058,91.0645,16.0246,Greek
110211,Greek,Greek,European,142.4912,1229.8000,130.0122,41.7940,Greek
110212,Greek,Greek,European,21.6797,703.7133,19.7228,59.7861,Greek
110213,Greek,Greek,European,17.7009,140.5620,2.6715,7.2000,Greek
110214,Greek,Greek,European,102.6164,2335.0865,238.7437,113.7274,Greek
110215,Greek,Greek,European,1988.5849,654526.9136,41499.7221,52231.8572,Greek
110216,Greek,Greek,European,34.7970,691.3400,36.4630,47.9200,Greek
110217,Greek,Greek,European,8.3735,1401.6581,220.7838,54.0478,Greek
110218,Greek,Greek,European,50.5577,661.1498,21.6647,45.3130,Greek
110219,Greek,Greek,European,33.6098,1549.8244,176.1770,77.3880,Greek
110220,Greek,Greek,European,96.7582,900.0690,11.4798,56.0472,Greek
110221,Greek,Greek,European,614.1892,42482.3367,2692.5900,3246.7095,Greek
110222,Greek,Greek,European,287.5741,1965.2390,98.3522,54.7323,Greek
110223,Greek,Greek,European,63.5011,2090.6527,132.3694,147.3569,Greek
110224,Greek,Greek,European,321.9248,2428.0712,141.4969,61.1908,Greek
110225,Greek,Greek,European,5.0083,21.0725,0.8557,0.2345,Greek
110226,Greek,Greek,European,1.0523,122.6950,0.0534,13.5366,Greek
110227,Greek,Greek,European,1245.2543,80853.0790,4350.1282,6519.2904,Greek
110228,Greek,Greek,European,0.0000,1272.9600,0.0000,144.0000,Greek
110229,Greek,Greek,European,112.5702,5677.7900,448.1755,389.4349,Greek
110230,Greek,Greek,European,37.5915,174.9375,8.8372,1.6806,Greek
110231,Greek,Greek,European,3.3041,14.3047,0.4267,0.0435,Greek
110232,Greek,Greek,European,15.6640,651.7463,113.2636,12.1686,Greek
110233,Greek,Greek,European,14.0290,74.1384,4.7600,0.2276,Greek
110234,Greek,Greek,European,164.0445,3097.9579,251.8226,151.0990,Greek
110235,Greek,Greek,European,449.0192,2070.8340,33.7940,10.2526,Greek
110236,Greek,Greek,European,43.2245,207.8663,12.8616,1.8240,Greek
110237,Greek,Greek,European,29.9073,3014.9251,264.6755,198.6004,Greek
110238,Greek,Greek,European,68.4594,920.4822,22.7722,68.9826,Greek
110239,Greek,Greek,European,61.4628,5737.4283,198.8585,519.6926,Greek
110240,Greek,Greek,European,46.2837,867.5635,68.8331,47.0985,Greek
110241,Greek,Greek,European,670.5532,6975.5279,198.9823,421.1473,Greek
110242,Greek,Greek,European,81.6310,1772.4016,131.7373,102.8123,Greek
110243,Greek,Greek,European,30.7294,3038.3326,287.5376,188.1721,Greek
110244,Greek,Greek,European,45.3996,1327.2612,182.4918,43.3084,Greek
110245,Greek,Greek,European,78.8455,4954.0946,356.5579,372.4514,Greek
110246,Greek,Greek,European,7.4346,3787.4004,379.0705,240.1083,Greek
110247,Greek,Greek,European,60.8894,269.5330,10.1983,2.1813,Greek
110248,Greek,Greek,European,18.3429,1890.8307,115.4908,146.2582,Greek
110249,Greek,Greek,European,10.0695,762.2925,90.9020,38.5149,Greek
110250,Greek,Greek,European,29.5875,403.9716,24.5131,22.5258,Greek
110251,Greek,Greek,European,3.9264,106.5797,5.8580,0.2324,Greek
110252,Greek,Greek,European,67.1352,1251.0167,13.5183,110.1471,Greek
110253,Greek,Greek,European,1.7168,1031.1940,6.4567,112.8249,Greek
110254,Greek,Greek,European,11.5850,931.0630,32.9462,84.6909,Greek
110255,Greek,Greek,European,67.8452,1609.9282,149.0204,83.1072,Greek
110256,Greek,Greek,European,22.6583,1658.3964,160.2822,103.0595,Greek
110257,Greek,Greek,European,97.2801,1778.2977,183.7314,74.0221,Greek
110258,Greek,Greek,European,151.0896,3040.5975,328.0765,130.7554,Greek
110259,Greek,Greek,European,17.8112,2039.7513,310.4349,72.9549,Greek
110260,Greek,Greek,European,57.6197,4792.9726,252.3555,390.8209,Greek
110261,Greek,Greek,European,1927.2926,91555.0538,1872.1828,9230.9147,Greek
110262,Greek,Greek,European,670.3918,6043.3646,167.6263,297.5237,Greek
110263,Greek,Greek,European,76.1722,757.3920,40.1794,34.3825,Greek
110264,Greek,Greek,European,54.0804,1076.1825,36.3302,87.1424,Greek
110265,Greek,Greek,European,267.5103,1819.1926,82.9804,46.0854,Greek
110267,Greek,Greek,European,26.2903,671.3800,35.6533,48.5349,Greek
110268,Greek,Greek,European,14.1946,1902.2420,40.7252,189.8139,Greek
110269,Greek,Greek,European,2627.5977,48907.8202,2583.5815,3291.9092,Greek
110270,Greek,Greek,European,3.5929,895.1766,90.2598,56.3741,Greek
110271,Greek,Greek,European,21.5117,4967.9430,363.0623,372.5440,Greek
110272,Greek,Greek,European,13.6694,2003.1242,118.3866,161.5077,Greek
110273,Greek,Greek,European,20.6625,531.3207,30.8084,36.7205,Greek
110274,Greek,Greek,European,20.7398,732.5933,23.7004,62.2293,Greek
110275,Greek,Greek,European,37.7016,1000.0599,5.4566,95.2618,Greek
110276,Greek,Greek,European,61.3962,909100.2865,57468.7602,73490.9335,Greek
110277,Greek,Greek,European,49.0484,1773.9355,199.7864,83.0057,Greek
110278,Greek,Greek,European,88.5720,1225.6582,47.3997,80.2023,Greek
110279,Greek,Greek,European,23.5682,1537.8690,4.3644,162.7128,Greek
110280,Greek,Greek,European,14.8029,2015.5494,2.6504,216.3776,Greek
110281,Greek,Greek,European,151.0163,1106.4986,46.0992,36.9565,Greek
110282,Greek,Greek,European,5431.4940,157480.0000,17645.8660,7028.1600,Greek
110283,Greek,Greek,European,59.3991,1696.2305,130.1534,111.1309,Greek
110284,Greek,Greek,European,,,,,Greek
110285,Greek,Greek,European,5.9150,452.3890,21.5075,38.1923,Greek
110286,Greek,Greek,European,395.1952,2301.1680,54.3900,62.2880,Greek
110287,Greek,Greek,European,68.5282,853.3267,48.6605,46.3373,Greek
110288,Greek,Greek,European,323.9671,3752.6219,303.5313,139.2054,Greek
110289,Greek,Greek,European,48.6418,1356.8014,54.2443,109.0348,Greek
110290,Greek,Greek,European,12.6134,594.0436,95.3730,16.5145,Greek
110291,Greek,Greek,European,100.9825,2165.2112,164.4088,124.5528,Greek
110292,Greek,Greek,European,193.1907,1431.4246,97.1935,35.7079,Greek
110293,Greek,Greek,European,22.7960,399.8232,24.5352,25.3209,Greek
110294,Greek,Greek,European,46.6901,2348.7420,161.8850,164.6206,Greek
110295,Greek,Greek,European,162.6887,3059.5100,368.8016,103.2285,Greek
110296,Greek,Greek,European,47.6351,1212.2564,25.0178,107.4588,Greek
110297,Greek,Greek,European,11.2301,1561.7228,32.5846,156.3187,Greek
110298,Greek,Greek,European,24.0820,533.5537,14.9012,43.8987,Greek
110299,Greek,Greek,European,41.0937,872.2011,134.0785,22.3253,Greek
110300,Greek,Greek,European,18.6130,176.6400,8.8036,8.4110,Greek
110301,Greek,Greek,European,12.3690,620.7000,24.0990,53.7480,Greek
110302,Greek,Greek,European,32.4330,2481.8057,113.1340,216.8552,Greek
110303,Greek,Greek,European,9.4374,347.3155,12.2295,29.6974,Greek
110304,Greek,Greek,European,25.2767,589.9369,64.5025,25.7883,Greek
110305,Greek,Greek,European,9.4727,344.0192,8.2928,31.9687,Greek
110306,Greek,Greek,European,9.4697,341.8565,30.6306,20.2252,Greek
110307,Greek,Greek,European,0.0000,250.6095,0.0000,28.3495,Greek
110308,Greek,Greek,European,18.5001,1164.5919,190.2957,33.0209,Greek
110309,Greek,Greek,European,34.4028,1220.1822,197.6112,34.3209,Greek
110310,Greek,Greek,European,0.0000,25.2167,5.6100,0.1417,Greek
110311,Greek,Greek,European,344.2453,1874.8422,120.5910,6.6729,Greek
110312,Greek,Greek,European,46.9852,684.5598,10.2638,55.2576,Greek
110313,Greek,Greek,European,42.8105,1143.1449,7.1604,108.9553,Greek
110314,Greek,Greek,European,1.8697,333.6375,26.0625,23.9648,Greek
110315,Greek,Greek,European,192.6145,1340.3500,62.7970,32.7100,Greek
110316,Greek,Greek,European,48.1813,8492.4682,200.5630,834.2058,Greek
110317,Greek,Greek,European,11.1392,325.0000,16.7562,24.0100,Greek
110318,Greek,Greek,European,162.6164,1071.4877,11.3347,45.6031,Greek
110319,Greek,Greek,European,9.4353,600.4240,34.8548,47.0684,Greek
110320,Greek,Greek,European,129.5205,1698.9320,51.4580,132.8158,Greek
110321,Greek,Greek,European,417.9883,2165.2800,40.3565,35.7350,Greek
110322,Greek,Greek,European,6954.5646,1625960.0670,61906.5929,148046.5489,Greek
110323,Greek,Greek,European,12.0555,54.6755,1.6345,0.6326,Greek
110324,Greek,Greek,European,41.8421,694.0616,28.3997,47.6178,Greek
110325,Greek,Greek,European,23.4265,2772.3109,113.8165,248.2914,Greek
110326,Greek,Greek,European,52.8379,4242.2216,102.5593,402.8924,Greek
110327,Greek,Greek,European,8.3701,232.6010,4.0242,21.4684,Greek
110328,Greek,Greek,European,13.1089,64.1599,3.3286,0.8006,Greek
110329,Greek,Greek,European,17.4613,1961.6300,129.6423,150.4740,Greek
110330,Greek,Greek,European,166.9335,1478.3590,120.9223,34.2670,Greek
110331,Greek,Greek,European,15.2278,1279.3219,79.3035,98.4490,Greek
110332,Greek,Greek,European,1.7327,1466.5400,0.1908,163.5150,Greek
110333,Greek,Greek,European,912.2858,4877.7776,308.3277,85.5531,Greek
110334,Greek,Greek,European,2.5674,1033.6840,121.6275,57.5023,Greek
110335,Greek,Greek,European,16.0267,1231.3300,53.3775,106.8428,Greek
110336,Greek,Greek,European,772.7443,3674.4200,48.7098,37.8215,Greek
110337,Greek,Greek,European,8.8339,1052.8306,119.6990,57.6153,Greek
110338,Greek,Greek,European,154.2007,1103.1493,17.2123,48.5682,Greek
110339,Greek,Greek,European,30.5736,522.8500,30.2423,32.6839,Greek
110340,Greek,Greek,European,479.6182,374217.9680,73371.7242,8673.1906,Greek
110341,Greek,Greek,European,6.9062,676.2751,99.1138,25.7101,Greek
110342,Greek,Greek,European,0.0702,40.3895,0.0835,4.5170,Greek
110343,Greek,Greek,European,129.8462,3000.9347,178.1023,204.0172,Greek
110344,Greek,Greek,European,1559.9812,100983.0470,5334.8524,8191.9901,Greek
110345,Greek,Greek,European,53.3325,1316.6258,218.8236,25.9127,Greek
110346,Greek,Greek,European,290.1656,4433.2662,587.7817,84.1289,Greek
110347,Greek,Greek,European,10.5145,353.1242,4.6739,33.5280,Greek
110348,Greek,Greek,European,68.3017,1157.1019,63.2022,75.5328,Greek
110349,Greek,Greek,European,10.5422,1060.8858,120.0778,57.5828,Greek
110350,Greek,Greek,European,5.7187,801.8848,48.5838,65.1955,Greek
110351,Greek,Greek,European,0.2771,3564.2288,791.5486,19.9886,Greek
110352,Greek,Greek,European,25.1097,107.9480,2.5519,0.6726,Greek
110353,Greek,Greek,European,10.6590,566.6512,16.3156,50.9887,Greek
110354,Greek,Greek,European,112.3290,1736.0311,158.0454,75.6938,Greek
110355,Greek,Greek,European,11.2608,1848.3230,148.8991,131.1929,Greek
110356,Greek,Greek,European,32.6492,976.8571,5.7409,95.2543,Greek
110357,Greek,Greek,European,69.5764,827.8960,66.1764,30.1438,Greek
110358,Greek,Greek,European,61.2260,3051.6809,163.7897,238.1933,Greek
110359,Greek,Greek,European,261.8704,2214.7720,67.5148,100.4516,Greek
110360,Greek,Greek,European,0.0000,31.5208,7.0125,0.1771,Greek
110361,Greek,Greek,European,13.0574,504.6487,13.1852,45.2886,Greek
110362,Greek,Greek,European,337.4693,3990.3287,157.9483,228.4464,Greek
110363,Greek,Greek,European,395.1165,1610.9207,19.1860,11.0537,Greek
110364,Greek,Greek,European,35.4695,1112.9438,6.4392,109.1438,Greek
110365,Greek,Greek,European,8.9758,2243.2820,115.3202,188.9961,Greek
110366,Greek,Greek,European,473.2548,3067.7220,49.0570,108.0286,Greek
110367,Greek,Greek,European,166.5157,676.5373,4.3511,1.2440,Greek
110368,Greek,Greek,European,170.9068,4275.8738,186.3834,331.9420,Greek
110369,Greek,Greek,European,8.5557,3157.3050,244.1755,232.5883,Greek
110370,Greek,Greek,European,177.5159,1199.8175,61.1824,30.2502,Greek
110371,Greek,Greek,European,20.3092,1704.6043,363.2598,9.6889,Greek
110372,Greek,Greek,European,18.9235,276.7710,14.9021,16.8760,Greek
110373,Greek,Greek,European,47.6425,2126.3770,51.6190,199.3877,Greek
110374,Greek,Greek,European,34.9728,864.8427,62.9105,53.6506,Greek
110375,Greek,Greek,European,35.4716,1578.2920,149.6135,96.3555,Greek
110376,Greek,Greek,European,0.0000,0.0000,0.0000,0.0000,Greek
110377,Greek,Greek,European,171.2777,1644.0669,28.5269,93.2550,Greek
110378,Greek,Greek,European,50.1497,1758.7612,77.4536,142.1841,Greek
110379,Greek,Greek,European,43.7818,590.1651,31.1579,36.4344,Greek
110380,Greek,Greek,European,3.2623,1101.2748,105.7959,71.6207,Greek
110381,Greek,Greek,European,31.7745,1008.1542,80.8281,63.1532,Greek
110382,Greek,Greek,European,4.2130,1171.6738,45.0936,109.2797,Greek
110383,Greek,Greek,European,1.4304,44.4379,0.1002,4.5539,Greek
110384,Greek,Greek,European,37.1687,1500.4420,75.6177,118.2843,Greek
110385,Greek,Greek,European,69.6826,2379.3875,80.5570,205.5311,Greek
110386,Greek,Greek,European,26.7058,617.6589,32.7089,44.6963,Greek
110387,Greek,Greek,European,52.9007,3440.3142,110.1670,315.1050,Greek
110388,Greek,Greek,European,59.0980,3073.4696,211.1767,218.9389,Greek
110389,Greek,Greek,European,612.0719,332031.3088,63157.7808,8411.4688,Greek
110390,Greek,Greek,European,20.4860,1012.9441,116.0320,49.8691,Greek
110391,Greek,Greek,European,156.1379,949.7719,14.4947,28.4011,Greek
110392,Greek,Greek,European,31.8180,4641.1405,406.5471,309.3500,Greek
110393,Greek,Greek,European,19.3927,506.9200,13.2499,43.2204,Greek
110394,Greek,Greek,European,0.0720,238.9904,0.0133,27.0026,Greek
110395,Greek,Greek,European,34.4026,636.8706,7.1011,55.5703,Greek
110396,Greek,Greek,European,66.6836,578.9360,26.2635,26.0881,Greek
110397,Greek,Greek,European,130.0489,2018.9397,133.5902,105.9101,Greek
110398,Greek,Greek,European,14.5269,604.6560,24.7944,50.2938,Greek
110399,Greek,Greek,European,123.9590,2831.7371,451.0741,46.4270,Greek
110400,Greek,Greek,European,411.8486,2538.1160,128.1944,50.7913,Greek
110401,Greek,Greek,European,27.0412,283.6908,29.8830,6.8190,Greek
110402,Greek,Greek,European,71.2689,811.3447,33.8354,46.7268,Greek
110403,Greek,Greek,European,39.6757,1262.5462,202.2798,29.8799,Greek
110404,Greek,Greek,European,63.8231,412.5035,16.0753,14.1469,Greek
110405,Greek,Greek,European,993.5965,61144.3018,3482.4840,4813.4159,Greek
110406,Greek,Greek,European,23.6263,1553.1380,3.9661,162.9121,Greek
110407,Greek,Greek,European,718.2616,4358.2611,85.7508,144.4865,Greek
110408,Greek,Greek,European,9.8328,2496.9308,142.3483,182.8306,Greek
110409,Greek,Greek,European,13.2235,1635.2860,92.8158,133.9856,Greek
110410,Greek,Greek,European,39.8177,1755.5431,110.7774,127.0395,Greek
110411,Greek,Greek,European,0.0000,0.0000,0.0000,0.0000,Greek
110412,Greek,Greek,European,26.6605,261.3917,36.8968,2.0057,Greek
110413,Greek,Greek,European,622.6767,41253.0363,2491.7344,3201.4912,Greek
110414,Greek,Greek,European,11.2701,4126.1368,500.2992,218.1045,Greek
110415,Greek,Greek,European,42.1517,3876.8695,148.3292,352.3272,Greek
110416,Greek,Greek,European,41.2202,1048.2029,112.8831,49.1170,Greek
110417,Greek,Greek,European,97.7609,995.5733,78.4252,30.7218,Greek
110418,Greek,Greek,European,10.7928,4272.7520,152.7299,397.2394,Greek
110419,Greek,Greek,European,48.5360,1292.6451,108.0631,71.8958,Greek
110420,Greek,Greek,European,46.6160,1309.5700,130.7601,65.0349,Greek
110421,Greek,Greek,European,23.8148,779.5026,47.9050,54.1672,Greek
110422,Greek,Greek,European,0.0000,642.3733,0.0000,72.6667,Greek
110423,Greek,Greek,European,84.8129,477.8817,24.6988,6.8537,Greek
110424,Greek,Greek,European,95.2254,3399.7645,323.3870,190.4519,Greek
110425,Greek,Greek,European,47.3446,2415.5328,159.0288,178.7561,Greek
110426,Greek,Greek,European,28.6724,2772.1028,44.8938,280.2737,Greek
110427,Greek,Greek,European,524.1496,3526.4800,44.9320,139.2624,Greek
110428,Greek,Greek,European,65.7780,2195.1555,199.5200,131.7899,Greek
110429,Greek,Greek,European,19.1530,231.3783,9.1111,13.6203,Greek
110430,Greek,Greek,European,2.2230,101.6500,5.4188,8.0228,Greek
110431,Greek,Greek,European,68.0580,773.0890,11.5625,41.7037,Greek
110432,Greek,Greek,European,47.2201,606319.0659,38293.7846,49028.3874,Greek
110433,Greek,Greek,European,13.9628,960.4983,24.5825,90.2395,Greek
110434,Greek,Greek,European,480.4338,5921.0175,118.3728,417.2745,Greek
110435,Greek,Greek,European,63.1543,1533.6454,170.1344,69.2207,Greek
110436,Greek,Greek,European,104.1509,12125.6078,154.3988,1261.4891,Greek
110437,Greek,Greek,European,57.5012,1832.8458,131.2007,118.5820,Greek
110438,Greek,Greek,European,528.1116,5730.2193,235.7496,306.2942,Greek
110439,Greek,Greek,European,1.1648,4079.6210,378.4455,275.8887,Greek
110440,Greek,Greek,European,29.6037,2091.1510,139.5217,156.4510,Greek
110441,Greek,Greek,European,12.6890,123.7700,6.7658,5.6544,Greek
110442,Greek,Greek,European,110.3066,3110.0398,132.0904,247.1043,Greek
110443,Greek,Greek,European,73.9048,1654.6045,34.2899,140.9926,Greek
110444,Greek,Greek,European,73.5303,1645.8520,84.3319,114.1604,Greek
110445,Greek,Greek,European,342.6568,4872.6070,237.5536,297.4020,Greek
110446,Greek,Greek,European,8.4343,386.2509,8.4987,36.4225,Greek
110447,Greek,Greek,European,1557.3119,87807.5896,4684.1292,7051.6285,Greek
110448,Greek,Greek,European,2.7567,24.9750,3.2238,0.1215,Greek
110449,Greek,Greek,European,5.2732,1949.2590,0.2669,218.1830,Greek
110450,Greek,Greek,European,6.3038,398.6742,21.3455,31.9459,Greek
110451,Greek,Greek,European,64.6452,1723.4822,191.9524,76.5677,Greek
110452,Greek,Greek,European,4.6381,400.2427,38.5541,24.6982,Greek
110453,Greek,Greek,European,121.3769,3015.1557,328.4453,134.8463,Greek
110454,Greek,Greek,European,46.0825,1050.9970,47.8980,79.8438,Greek
110455,Greek,Greek,European,6.0194,1236.5408,77.5133,98.1076,Greek
110456,Greek,Greek,European,5.1687,1047.6983,110.7187,59.8985,Greek
110457,Greek,Greek,European,31.5358,655.6731,20.5988,51.7140,Greek
110458,Greek,Greek,European,12.2043,450.4800,16.6865,37.6765,Greek
110459,Greek,Greek,European,13.8238,1046.8420,11.5478,107.2674,Greek
110460,Greek,Greek,European,2.1816,79.2100,4.3847,6.0718,Greek
110461,Greek,Greek,European,93.7371,1460.5359,187.7211,36.4430,Greek
110462,Greek,Greek,European,18.8813,1043.0870,4.5517,108.7800,Greek
110463,Greek,Greek,European,0.0000,837.5200,0.8584,92.8000,Greek
110464,Greek,Greek,European,95.0263,8705.4325,198.8503,836.9289,Greek
110465,Greek,Greek,European,8.2046,256.1582,2.0715,25.2642,Greek
110466,Greek,Greek,European,211.3035,1704.5295,65.9406,72.5713,Greek
110467,Greek,Greek,European,17.4683,475.2057,18.1641,37.9136,Greek
110468,Greek,Greek,European,26.0907,1203.7798,109.7448,72.2345,Greek
110469,Greek,Greek,European,1.9935,3812.4125,424.4068,223.2564,Greek
110470,Greek,Greek,European,15.2009,2488.6095,155.2770,196.2738,Greek
110471,Greek,Greek,European,5.1305,783.6326,90.4692,42.9617,Greek
110472,Greek,Greek,European,180.2912,2531.1600,100.4430,161.7671,Greek
110473,Greek,Greek,European,38.5348,1471.6688,193.8533,56.3051,Greek
110474,Greek,Greek,European,435.7637,2563.3282,87.0457,49.8047,Greek
110475,Greek,Greek,European,227.5617,2948.6785,51.0266,214.0313,Greek
110476,Greek,Greek,European,18.9417,304.3475,9.8441,23.7601,Greek
110477,Greek,Greek,European,37.1272,3208.1940,156.9524,268.5001,Greek
110478,Greek,Greek,European,52.6440,444.0600,11.9064,21.1752,Greek
110479,Greek,Greek,European,49687.9508,247448.7400,8212.0312,1150.8160,Greek
110480,Greek,Greek,European,6.4584,1198.7047,97.8402,84.2323,Greek
110481,Greek,Greek,European,23.4860,345.9482,3.7552,28.7923,Greek
110482,Greek,Greek,European,11.5614,731.1346,41.4432,57.6172,Greek
110483,Greek,Greek,European,69.8436,4841.2663,192.5518,424.6198,Greek
110484,Greek,Greek,European,126.2201,1829.8275,83.9938,112.1929,Greek
110485,Greek,Greek,European,9.5184,820.4040,68.5575,55.8407,Greek
110486,Greek,Greek,European,3481.5435,208230.9960,12374.3567,16128.1775,Greek
110487,Greek,Greek,European,9.6737,435.4700,12.0940,39.3670,Greek
110488,Greek,Greek,European,54.2496,696.0397,31.3577,41.0901,Greek
110489,Greek,Greek,European,7.0706,122.6482,5.0529,8.9032,Greek
110490,Greek,Greek,European,21.5125,579.9696,1.1161,54.4638,Greek
110491,Greek,Greek,European,37.2713,912.4814,147.3979,16.4517,Greek
110492,Greek,Greek,European,47.5325,1027.2144,32.8306,80.8061,Greek
110493,Greek,Greek,European,59.5526,786.4039,17.3470,57.1126,Greek
110494,Greek,Greek,European,22.0174,1287.7707,61.2225,107.3770,Greek
110495,Greek,Greek,European,64.7731,514.1317,8.1068,28.4491,Greek
110496,Greek,Greek,European,373.0804,2093.2739,64.4184,37.0854,Greek
110497,Greek,Greek,European,1.0099,7.4872,0.1553,0.0734,Greek
110498,Greek,Greek,European,10.0855,993.5517,1.3680,108.5551,Greek
110499,Greek,Greek,European,1029.3201,5441.9022,174.6586,57.1626,Greek
110500,Greek,Greek,European,192.2246,1504.5290,100.4755,36.1949,Greek
110501,Greek,Greek,European,16.5493,69.6850,2.5740,0.4895,Greek
110503,Greek,Greek,European,9.1599,4004.5025,399.9858,253.8880,Greek
110504,Greek,Greek,European,37.4260,340.6700,9.8719,16.9190,Greek
110505,Greek,Greek,European,11.5089,2159.0158,46.2358,217.2830,Greek
110506,Greek,Greek,European,19.9355,425.5365,18.9465,33.2568,Greek
110507,Greek,Greek,European,183.3218,3636.7164,71.7290,311.9733,Greek
110508,Greek,Greek,European,111.8201,6312.2260,35.1351,653.7111,Greek
110509,Greek,Greek,European,2.1298,490.0056,0.3590,54.0643,Greek
110510,Greek,Greek,European,160.0892,1843.4555,61.6562,116.3730,Greek
110511,Greek,Greek,European,34.1270,3754.8704,275.6280,277.6184,Greek
110512,Greek,Greek,European,132.3766,762.8394,33.5330,12.1425,Greek
110513,Greek,Greek,European,34.5049,697.6880,21.9376,57.8922,Greek
110514,Greek,Greek,European,11.8560,1290.6545,173.2876,59.5644,Greek
110515,Greek,Greek,European,74.6208,1296.4240,92.2585,70.2051,Greek
110516,Greek,Greek,European,108.3149,1895.6385,72.9249,137.9456,Greek
110517,Greek,Greek,European,56.7119,2380.9902,228.1754,138.7089,Greek
110518,Greek,Greek,European,11.5435,678.3562,112.7956,21.0636,Greek
110519,Greek,Greek,European,107.0324,1770.5262,142.9910,88.6981,Greek
110520,Greek,Greek,European,23.4389,1216.4902,132.4966,67.7097,Greek
110521,Greek,Greek,European,39.5711,1332.7787,197.9084,39.5823,Greek
110522,Greek,Greek,European,10.7464,149.3450,17.2979,4.0519,Greek
110523,Greek,Greek,European,48.0154,256.9751,15.1991,1.9468,Greek
110524,Greek,Greek,European,17.7680,85.8210,3.3076,2.3952,Greek
110525,Greek,Greek,European,7.7518,41.0922,1.8327,1.0343,Greek
110526,Greek,Greek,European,433.7333,4154.9854,81.6482,251.6579,Greek
110527,Greek,Greek,European,878.1611,4633.8879,183.5984,46.0414,Greek
110528,Greek,Greek,European,481.1486,24288.0375,1290.3049,1916.8358,Greek
110529,Greek,Greek,European,0.0000,502.5767,5.6100,54.1417,Greek
110530,Greek,Greek,European,52.4150,1158.8003,188.2383,20.6674,Greek
110531,Greek,Greek,European,72.8619,2422.1045,15.4910,236.5334,Greek
110532,Greek,Greek,European,4.1352,822.8352,180.0604,4.7901,Greek
110533,Greek,Greek,European,105.7871,636.9980,19.8709,22.7284,Greek
110534,Greek,Greek,European,89.6942,1072.2475,18.8583,75.3570,Greek
110535,Greek,Greek,European,7.7196,274.4004,1.7463,27.3969,Greek
110536,Greek,Greek,European,70.2434,598.9257,30.9210,27.4487,Greek
110537,Greek,Greek,European,6.9805,508.5550,1.3025,54.1872,Greek
110538,Greek,Greek,European,76.5794,3471.9854,224.2916,249.0394,Greek
110539,Greek,Greek,European,15.9779,807.7367,117.2141,27.8157,Greek
110540,Greek,Greek,European,78.9660,789.6800,85.1796,13.2128,Greek
110541,Greek,Greek,European,101.7948,777.8400,21.3252,32.5428,Greek
110542,Greek,Greek,European,188.7556,1133.4333,61.3793,18.1109,Greek
110543,Greek,Greek,European,47.4912,3239.8350,88.8387,308.5271,Greek
110544,Greek,Greek,European,4.8072,444.8410,68.1928,15.3294,Greek
110545,Greek,Greek,European,454.4124,3769.2203,104.8414,168.4322,Greek
110546,Greek,Greek,European,0.0000,25.2167,5.6100,0.1417,Greek
110547,Greek,Greek,European,8.5348,409.6480,21.9280,32.4627,Greek
110548,Greek,Greek,European,25.7416,1328.1465,146.9272,72.2107,Greek
110549,Greek,Greek,European,24.4236,295.7878,15.1420,16.9236,Greek
110550,Greek,Greek,European,4.9045,244.2970,6.0848,21.9597,Greek
110551,Greek,Greek,European,100.8220,3034.7200,64.8860,280.8700,Greek
110552,Greek,Greek,European,376.3028,2047.3180,48.0692,35.5647,Greek
110553,Greek,Greek,European,468.4120,2052.4217,23.5381,5.6334,Greek
110554,Greek,Greek,European,66.3923,902.9424,149.5814,5.9012,Greek
110555,Greek,Greek,European,4.6031,111.4197,5.8022,8.1222,Greek
110556,Greek,Greek,European,8.4051,2142.5935,165.8184,156.0773,Greek
110557,Greek,Greek,European,29.3929,181.3593,6.4690,4.0825,Greek
110558,Greek,Greek,European,31.3146,16910.1912,347.5221,1711.0435,Greek
110559,Greek,Greek,European,164.8988,2218.9403,242.4496,68.6115,Greek
110560,Greek,Greek,European,101.5841,472.8127,0.1202,7.5914,Greek
110561,Greek,Greek,European,4.5746,50.3548,2.4327,2.8708,Greek
110562,Greek,Greek,European,0.8233,957.2817,0.0972,108.0265,Greek
110563,Greek,Greek,European,23.3622,2152.3305,27.6036,221.2498,Greek
110564,Greek,Greek,European,179.2461,1778.9312,48.6700,114.1138,Greek
110565,Greek,Greek,European,48.8628,490.5600,16.6656,29.9340,Greek
110566,Greek,Greek,European,14.5932,968.5032,104.1417,53.1197,Greek
110567,Greek,Greek,European,21.0955,251.1500,9.8503,15.3828,Greek
110568,Greek,Greek,European,24.1012,1070.9019,177.8531,25.4707,Greek
110569,Greek,Greek,European,4.0446,529.1183,43.0266,36.5222,Greek
110570,Greek,Greek,European,184.1273,1461.0632,99.3268,36.1549,Greek
110571,Greek,Greek,European,153.6174,2911.6924,197.5462,175.7343,Greek
110572,Greek,Greek,European,1.1502,49.4096,0.1199,4.5522,Greek
110573,Greek,Greek,European,22.4567,2127.5760,67.2347,196.0837,Greek
110574,Greek,Greek,European,37.3483,2654.4135,131.3953,217.9949,Greek
110575,Greek,Greek,European,150.7439,2086.6086,70.4735,140.1613,Greek
110576,Greek,Greek,European,212.2213,2166.9755,92.9652,105.1549,Greek
110577,Greek,Greek,European,136.5461,930.0820,29.3399,28.6933,Greek
110578,Greek,Greek,European,202.6483,809.3350,0.0534,0.0366,Greek
110579,Greek,Greek,European,55.4052,2393.2415,134.0883,185.4879,Greek
110580,Greek,Greek,European,11.0466,3695.0030,285.4588,271.2443,Greek
110581,Greek,Greek,European,40.7712,1244.1083,136.3459,57.4630,Greek
110582,Greek,Greek,European,43.9473,911.7894,140.5179,18.2824,Greek
110583,Greek,Greek,European,11.7411,1899.9591,360.3106,36.3261,Greek
110584,Greek,Greek,European,4.1383,411.5773,50.1573,20.8242,Greek
110585,Greek,Greek,European,105.1850,2218.4856,183.0694,125.1233,Greek
110586,Greek,Greek,European,65.0150,879.8192,61.8500,42.6541,Greek
110587,Greek,Greek,European,620.3440,40212.0517,2154.4483,3246.6473,Greek
110588,Greek,Greek,European,11.0522,1319.9172,52.1797,121.3511,Greek
110589,Greek,Greek,European,0.0000,477.3600,0.0000,54.0000,Greek
110590,Greek,Greek,European,49.4619,2071.4865,98.0589,167.4060,Greek
110591,Greek,Greek,European,75.2047,3123.7058,160.5847,241.3106,Greek
110592,Greek,Greek,European,132.6868,1886.3980,134.7993,102.8297,Greek
110593,Greek,Greek,European,284.6308,5088.3160,447.4435,245.8871,Greek
110594,Greek,Greek,European,452.6601,4287.9621,327.9161,125.6653,Greek
110595,Greek,Greek,European,4941.2888,539463.4388,19573.5891,48487.0900,Greek
110596,Greek,Greek,European,32.1807,1223.0305,141.1078,56.5498,Greek
110597,Greek,Greek,European,4.0899,488.4540,32.4344,37.4588,Greek
110598,Greek,Greek,European,39.6916,2911.6692,96.7034,269.9041,Greek
110599,Greek,Greek,European,38.2425,405.2322,7.5103,28.5835,Greek
110600,Greek,Greek,European,45.5593,4165.4922,185.4749,359.7173,Greek
110601,Greek,Greek,European,247.7893,2278.7945,171.2662,69.8887,Greek
110602,Greek,Greek,European,43.1820,442.6800,7.9260,28.5000,Greek
110603,Greek,Greek,European,45.1230,556.3266,25.3075,34.9657,Greek
110604,Greek,Greek,European,66.8796,1028.7808,165.6206,8.4032,Greek
110605,Greek,Greek,European,5.9475,770.0000,60.8975,54.0000,Greek
110606,Greek,Greek,European,32.2367,294.9508,9.4597,21.0616,Greek
110607,Greek,Greek,European,13.0094,666.3114,137.5284,4.3163,Greek
110608,Greek,Greek,European,23.0620,1257.5758,146.0921,61.6036,Greek
110609,Greek,Greek,European,65.8702,3134.8297,166.6241,249.1899,Greek
110610,Greek,Greek,European,20.2598,658.6590,75.7619,29.5960,Greek
110611,Greek,Greek,European,77.7761,1953.0112,158.1339,108.1729,Greek
110612,Greek,Greek,European,4.1343,1392.2753,138.5598,89.8018,Greek
110613,Greek,Greek,European,571.2348,42263.9442,1632.8988,3756.1221,Greek
110614,Greek,Greek,European,26.5427,730.1712,24.9391,59.9496,Greek
110615,Greek,Greek,European,94.0885,2565.8580,98.9485,201.3273,Greek
110616,Greek,Greek,European,1381.1983,89102.5617,4795.9722,7182.0265,Greek
110617,Greek,Greek,European,8.3746,613.2957,6.1712,62.1808,Greek
110618,Greek,Greek,European,77401.8698,465084.5866,25173.5986,7460.6043,Greek
110619,Greek,Greek,European,,,,,Greek
110620,Greek,Greek,European,180.6962,1868.2478,135.8357,65.1648,Greek
110621,Greek,Greek,European,516.9783,15114.2910,42.7465,1463.7025,Greek
110622,Greek,Greek,European,17.9313,536.9197,29.0067,39.2321,Greek
110623,Greek,Greek,European,80.7242,1636.5452,191.8614,60.1731,Greek
110624,Greek,Greek,European,2.1384,1221.1920,77.2157,98.0330,Greek
110625,Greek,Greek,European,19.1782,1408.9440,22.8165,140.1311,Greek
110626,Greek,Greek,European,42.4861,989.2264,21.0788,86.1865,Greek
110627,Greek,Greek,European,93.5683,2662.3063,146.0666,185.3079,Greek
110628,Greek,Greek,European,14.2655,442.9215,18.8206,35.5118,Greek
110629,Greek,Greek,European,872.8907,4888.0732,188.1900,72.9857,Greek
110630,Greek,Greek,European,74.0516,524.6222,25.9806,18.5865,Greek
110631,Greek,Greek,European,255.8043,1445.9580,52.0090,21.4141,Greek
110632,Greek,Greek,European,16.2516,769.2408,101.7158,30.4896,Greek
110633,Greek,Greek,European,24.9292,2482.9185,64.5156,240.0305,Greek
110634,Greek,Greek,European,8.8001,860.1534,77.8342,55.7154,Greek
110635,Greek,Greek,European,12.2700,792.0000,42.6300,63.8400,Greek
110636,Greek,Greek,European,218.8873,1994.2159,27.2644,116.8361,Greek
110637,Greek,Greek,European,9.0523,2645.9453,367.0942,118.1033,Greek
110638,Greek,Greek,European,107.8644,1241.2048,52.0776,70.5359,Greek
110639,Greek,Greek,European,226.3363,959.4380,23.9025,4.7494,Greek
110640,Greek,Greek,European,21.1881,1047.1027,3.3877,109.3257,Greek
110641,Greek,Greek,European,251.8764,1646.1237,89.5783,37.0841,Greek
110642,Greek,Greek,European,20.3339,1089.8219,194.7418,23.1089,Greek
110643,Greek,Greek,European,381.8513,4594.8353,62.2533,322.9175,Greek
110644,Greek,Greek,European,2.9372,224.0908,5.5682,21.5082,Greek
110645,Greek,Greek,European,116.9921,2138.0679,148.7312,118.8248,Greek
110646,Greek,Greek,European,163.8280,1350.3720,6.9963,77.0874,Greek
110647,Greek,Greek,European,22.1908,1719.3332,98.2723,136.8922,Greek
110648,Greek,Greek,European,545.7953,3055.1370,86.2960,53.9235,Greek
110649,Greek,Greek,European,2.5726,1927.0607,1.4753,216.2191,Greek
110650,Greek,Greek,European,18.1809,316.1900,2.7359,27.3312,Greek
110651,Greek,Greek,European,36.5080,6743.1667,1418.2460,64.8267,Greek
110652,Greek,Greek,European,180.0193,2462.0248,129.6251,138.2198,Greek
110653,Greek,Greek,European,6.0608,117.4850,1.5967,9.8818,Greek
110654,Greek,Greek,European,37.2755,1546.7339,96.5740,113.5337,Greek
110655,Greek,Greek,European,167.2840,2155.0633,33.3600,159.4387,Greek
110656,Greek,Greek,European,286.6173,2528.1811,119.4067,96.9172,Greek
110657,Greek,Greek,European,0.5735,59672.0836,0.0840,6750.0253,Greek
110658,Greek,Greek,European,9.1590,1857.2705,116.5766,147.2782,Greek
110659,Greek,Greek,European,10.5007,449.0560,5.5338,43.8850,Greek
110660,Greek,Greek,European,1.0523,3.3550,0.0534,0.0366,Greek
110661,Greek,Greek,European,120.4582,868.7355,45.4969,26.4294,Greek
110662,Greek,Greek,European,4384.8334,21230.3635,987.9668,332.9131,Greek
110663,Greek,Greek,European,101.5256,1065.8012,28.2208,67.9735,Greek
110664,Greek,Greek,European,23.3234,2643.6538,285.3825,149.5214,Greek
110665,Greek,Greek,European,31.0111,268.1950,14.7013,11.8817,Greek
110666,Greek,Greek,European,51.6843,1405.1752,52.8624,114.9947,Greek
110667,Greek,Greek,European,,,,,Greek
110668,Greek,Greek,European,9.4422,527.5641,21.6238,45.5860,Greek
110669,Greek,Greek,European,151.3653,1269.2133,31.3351,59.0945,Greek
110670,Greek,Greek,European,21.4555,477.8150,14.8802,38.8526,Greek
110671,Greek,Greek,European,9.6379,2014.3893,360.3977,49.7612,Greek
110672,Greek,Greek,European,140.9760,2625.8900,91.5925,188.6570,Greek
110673,Greek,Greek,European,877.2600,6404.7833,148.3531,251.2611,Greek
110674,Greek,Greek,European,210.1833,4240.1777,261.0312,264.7856,Greek
110675,Greek,Greek,European,240.7618,1254.3330,72.3495,4.6449,Greek
110676,Greek,Greek,European,14.0353,1542.6029,103.0864,117.7903,Greek
110677,Greek,Greek,European,18.0195,933.2556,109.7908,44.0204,Greek
110678,Greek,Greek,European,28.3227,1101.4649,70.7119,77.8433,Greek
110679,Greek,Greek,European,31.5313,329.1492,28.7063,12.1989,Greek
110680,Greek,Greek,European,2.9643,985.7490,0.4134,109.1659,Greek
110681,Greek,Greek,European,2.3251,86.1170,8.7256,4.5526,Greek
110682,Greek,Greek,European,0.0000,0.0000,0.0000,0.0000,Greek
110683,Greek,Greek,European,161.6070,2265.7685,137.8670,119.1823,Greek
110684,Greek,Greek,European,2338.4679,9327.3897,3.5516,4.5775,Greek
110685,Greek,Greek,European,1.1364,6.5154,0.0919,0.0491,Greek
110686,Greek,Greek,European,129.8974,5314.8466,320.2761,401.6211,Greek
110687,Greek,Greek,European,24399.9953,149819.7999,5779.8843,2961.3846,Greek
110688,Greek,Greek,European,3947.6725,166715.1750,12769.1305,11050.3090,Greek
110689,Greek,Greek,European,1630.6916,101484.3600,5430.9796,8181.3940,Greek
110690,Greek,Greek,European,9.9112,351.5187,12.6804,29.9762,Greek
110691,Greek,Greek,European,39.8657,3759.2952,397.8835,213.0707,Greek
110692,Greek,Greek,European,13.6544,879.4200,28.9436,79.6428,Greek
110693,Greek,Greek,European,375.1979,3633.3227,95.9524,194.7527,Greek
110694,Greek,Greek,European,12.2239,901.4388,82.4676,57.0158,Greek
110695,Greek,Greek,European,0.0000,1193.4000,0.0000,135.0000,Greek
110696,Greek,Greek,European,211.4270,6282.0700,136.0775,579.2480,Greek
110697,Greek,Greek,European,359.4602,1815.5358,70.4583,8.5454,Greek
110698,Greek,Greek,European,81.0314,832.7300,30.0614,45.6061,Greek
110699,Greek,Greek,European,171.5070,3515.7640,130.5032,255.6884,Greek
110700,Greek,Greek,European,1017.4195,4068.6500,0.7750,0.2325,Greek
110701,Greek,Greek,European,10.5268,572.2550,43.3711,40.9318,Greek
110702,Greek,Greek,European,40.9846,1249.5457,131.3201,63.7291,Greek
110703,Greek,Greek,European,117.3579,3101.3575,141.3020,227.2209,Greek
110704,Greek,Greek,European,11.3769,1876.8327,64.7775,173.0426,Greek
110705,Greek,Greek,European,30.3607,1463.6704,219.3498,53.7806,Greek
110706,Greek,Greek,European,25.2295,543.0188,9.5632,47.9435,Greek
110707,Greek,Greek,European,4.5908,654.8340,0.0000,72.0000,Greek
110708,Greek,Greek,European,8.0000,74.0000,8.0000,1.0000,Greek
110709,Greek,Greek,European,2.5632,10.4244,0.3406,0.2170,Greek
110710,Greek,Greek,European,110.9983,628.7580,26.4981,18.0488,Greek
110711,Greek,Greek,European,131.0175,1546.5884,109.3986,78.3465,Greek
110712,Greek,Greek,European,0.7793,782.9038,94.6824,41.9892,Greek
110713,Greek,Greek,European,89.2961,761.9190,4.9011,47.0693,Greek
110714,Greek,Greek,European,29.3118,3525.0561,14.4767,379.7286,Greek
110715,Greek,Greek,European,271.0226,4868.7240,2.7968,436.3795,Greek
110716,Greek,Greek,European,294.5871,1669.6935,55.0724,29.9061,Greek
110717,Greek,Greek,European,46.2909,810.0468,130.2665,10.2124,Greek
110718,Greek,Greek,European,21.5577,90838.3635,17898.7596,2082.6272,Greek
110719,Greek,Greek,European,30.9234,6135.6043,1126.3932,136.7813,Greek
110720,Greek,Greek,European,111.4984,1210.0864,62.3188,54.9822,Greek
110721,Greek,Greek,European,134.3924,2876.3216,99.4684,216.2214,Greek
110722,Greek,Greek,European,11.5240,410.1900,34.2391,25.1012,Greek
110723,Greek,Greek,European,252062.6800,1007745.7200,5.4144,0.6912,Greek
110724,Greek,Greek,European,0.9394,3.8594,0.0611,0.0071,Greek
110725,Greek,Greek,European,100.2847,1162.5283,110.0124,33.8343,Greek
110726,Greek,Greek,European,63.9716,759.0412,83.9277,18.6728,Greek
110727,Greek,Greek,European,8.9099,223.6200,11.8004,16.2270,Greek
110728,Greek,Greek,European,,,,,Greek
110729,Greek,Greek,European,29.6159,2243.9807,147.6324,168.5793,Greek
110730,Greek,Greek,European,12.3557,807.9825,17.1014,78.1075,Greek
110731,Greek,Greek,European,440.4809,2819.8413,142.4304,65.8034,Greek
110732,Greek,Greek,European,0.1440,303.2208,67.3467,1.7053,Greek
110733,Greek,Greek,European,120.6495,5272.2322,450.8890,325.7830,Greek
110734,Greek,Greek,European,77.8300,3460.1320,331.3905,214.1069,Greek
110735,Greek,Greek,European,27.4259,758.4640,3.1284,72.1716,Greek
110736,Greek,Greek,European,32.1403,686.7682,21.4767,57.6401,Greek
110737,Greek,Greek,European,48.9715,1947.2625,39.6897,180.5844,Greek
110738,Greek,Greek,European,37.1644,1220.0729,114.4424,70.6048,Greek
110739,Greek,Greek,European,7.8930,291.3792,5.3497,28.0013,Greek
110740,Greek,Greek,European,63.1859,763.8735,33.9356,45.0420,Greek
110741,Greek,Greek,European,102.8161,4081.6850,246.2117,296.6042,Greek
110742,Greek,Greek,European,12.5930,676.7156,99.0273,23.4425,Greek
110743,Greek,Greek,European,77.2592,918.8844,38.4568,50.6652,Greek
110744,Greek,Greek,European,9.2011,310.1681,35.5057,14.7722,Greek
110745,Greek,Greek,European,9.1076,571.4532,47.5748,37.5722,Greek
110746,Greek,Greek,European,1.7887,165.5475,1.2780,16.2360,Greek
110747,Greek,Greek,European,232.9718,2119.1961,206.6844,39.8317,Greek
110748,Greek,Greek,European,0.7200,546.4667,102.3200,11.7767,Greek
110749,Greek,Greek,European,76.4686,1854.4100,80.9172,140.0846,Greek
110750,Greek,Greek,European,119.0402,1194.9942,96.2294,34.4563,Greek
110751,Greek,Greek,European,713.9892,4136.8300,90.7596,100.3118,Greek
110752,Greek,Greek,European,58.5072,256.6963,11.6391,1.6522,Greek
110753,Greek,Greek,European,0.0000,25.2167,5.6100,0.1417,Greek
110754,Greek,Greek,European,12.1272,848.3306,32.5797,75.3658,Greek
110755,Greek,Greek,European,5.1370,476.1670,29.3179,36.7796,Greek
110756,Greek,Greek,European,9.5514,838.6820,32.2867,75.2768,Greek
110757,Greek,Greek,European,215.8108,2396.2325,28.1883,160.4676,Greek
110758,Greek,Greek,European,29.2308,898.9985,8.5154,85.4520,Greek
110759,Greek,Greek,European,5.9046,1462.7782,92.7715,116.2020,Greek
110760,Greek,Greek,European,2.8704,111.3532,6.6637,8.1472,Greek
110761,Greek,Greek,European,12.9381,111.7731,5.9130,5.1936,Greek
110762,Greek,Greek,European,11.7136,422.2049,22.8169,32.2447,Greek
110763,Greek,Greek,European,164.3210,4367.3110,130.0519,373.6890,Greek
110764,Greek,Greek,European,75.9903,1474.1805,116.0297,83.4366,Greek
110765,Greek,Greek,European,210.4532,1391.2304,43.0739,48.5642,Greek
110766,Greek,Greek,European,135.2412,848.6527,53.6908,13.4984,Greek
110767,Greek,Greek,European,30.3602,1893.0926,369.0718,23.8163,Greek
110768,Greek,Greek,European,25.3753,668.7900,36.5165,47.9772,Greek
110769,Greek,Greek,European,93.5761,916.8300,13.2992,57.7627,Greek
110770,Greek,Greek,European,30.6802,1538.3537,134.7725,99.8128,Greek
110771,Greek,Greek,European,1605.2847,39393.8550,2196.5388,2909.4662,Greek
110772,Greek,Greek,European,82.6001,2011.8951,164.7651,114.1554,Greek
110773,Greek,Greek,European,86.1890,4577.1333,236.9919,376.0031,Greek
110774,Greek,Greek,European,8.2078,172.1183,5.3608,14.4122,Greek
110775,Greek,Greek,European,5.2808,446.5033,11.0691,43.0043,Greek
110776,Greek,Greek,European,94.9540,1294.4215,157.2403,35.4874,Greek
110777,Greek,Greek,European,9.2761,598.7520,32.2283,48.2630,Greek
110778,Greek,Greek,European,271.3035,3740.8918,135.6618,233.6874,Greek
110779,Greek,Greek,European,6.9939,149.6230,1.0695,13.6642,Greek
110780,Greek,Greek,European,3.0675,621.9942,12.0600,63.2454,Greek
110781,Greek,Greek,European,344.5155,2621.2433,128.8380,78.4844,Greek
110782,Greek,Greek,European,73.6742,2465.6924,45.8511,231.0927,Greek
110783,Greek,Greek,European,22.5588,896.2854,71.5126,57.3677,Greek
110784,Greek,Greek,European,1.9069,787.9090,67.7164,55.8184,Greek
110785,Greek,Greek,European,10.1473,588.7800,12.2591,56.8240,Greek
110786,Greek,Greek,European,9.7290,1010.4508,42.9015,89.2097,Greek
110787,Greek,Greek,European,84.6443,1690.1607,211.2583,64.4989,Greek
110788,Greek,Greek,European,131.4006,5800.3200,124.1102,533.9924,Greek
110789,Greek,Greek,European,12.0519,1404.8680,97.4842,107.0351,Greek
110790,Greek,Greek,European,0.8233,241.2417,0.0972,27.0265,Greek
110791,Greek,Greek,European,6.6123,98.8950,3.4403,7.3547,Greek
110792,Greek,Greek,European,143.1427,922.8417,20.1842,31.0701,Greek
110793,Greek,Greek,European,79.4243,2366.6407,134.8585,168.5280,Greek
110794,Greek,Greek,European,14.7812,886.0450,45.6749,71.9726,Greek
110795,Greek,Greek,European,38.1770,982.0291,54.5449,68.3835,Greek
110796,Greek,Greek,European,6.6570,399.6000,21.7074,32.0076,Greek
110797,Greek,Greek,European,43.2960,1160.4289,40.4135,95.7917,Greek
110798,Greek,Greek,European,3864.7600,575867.5000,5899.2800,60691.7550,Greek
110799,Greek,Greek,European,39.8154,1211.5127,185.3380,32.7545,Greek
110800,Greek,Greek,European,16.7165,729.2545,17.9273,67.3857,Greek
110801,Greek,Greek,European,28.8081,820.4750,39.4418,62.8912,Greek
110802,Greek,Greek,European,24.4839,1888.5360,22.4652,194.5733,Greek
110803,Greek,Greek,European,1548.2542,99544.2050,5331.9982,8034.7494,Greek
110804,Greek,Greek,European,8.2908,1376.2860,23.3616,138.3131,Greek
110805,Greek,Greek,European,116.6320,1488.4000,76.8600,79.7880,Greek
110806,Greek,Greek,European,27.3617,950.6536,114.8100,41.8170,Greek
110807,Greek,Greek,European,51.4339,2194.9413,168.0277,145.9396,Greek
110808,Greek,Greek,European,55.1147,1109.5500,49.6925,81.1023,Greek
110809,Greek,Greek,European,145.0608,3013.2276,197.8522,190.4739,Greek
110810,Greek,Greek,European,10.5345,188.5425,19.9746,7.5118,Greek
110811,Greek,Greek,European,328.7700,20134.6800,1071.2400,1623.5700,Greek
110812,Greek,Greek,European,256.4618,1710.3048,51.1605,59.5110,Greek
110813,Greek,Greek,European,8.3435,39.8700,2.7456,0.3748,Greek
110814,Greek,Greek,European,43.2389,2149.4339,20.8659,214.3177,Greek
110815,Greek,Greek,European,16.0945,790.3960,39.4003,62.8196,Greek
110816,Greek,Greek,European,34.9804,853.9385,115.4497,28.7461,Greek
110817,Greek,Greek,European,32.4219,2080.2360,38.5680,205.4381,Greek
110818,Greek,Greek,European,1840.5000,118800.0000,6394.5000,9576.0000,Greek
110819,Greek,Greek,European,7.7112,600.9000,1.8983,62.6175,Greek
110820,Greek,Greek,European,43.8378,772.6483,47.7387,42.3660,Greek
110821,Greek,Greek,European,34.5923,709.3940,36.2536,49.5014,Greek
110822,Greek,Greek,European,0.4205,326.8780,0.5360,36.0740,Greek
110823,Greek,Greek,European,0.2058,377.3332,28.0743,29.0644,Greek
110824,Greek,Greek,European,67.2221,1290.7576,106.2003,70.9995,Greek
110825,Greek,Greek,European,35.8369,836.5643,113.4488,27.0176,Greek
110826,Greek,Greek,European,12.7786,931.7836,25.2507,87.5713,Greek
110827,Greek,Greek,European,254.2908,2294.1767,43.5390,120.8609,Greek
110828,Greek,Greek,European,3338.2449,78408.8110,5253.3576,5056.7719,Greek
110829,Greek,Greek,European,6.3632,982.1904,0.5341,108.1789,Greek
110830,Greek,Greek,European,10.7722,1166.9733,71.3752,93.7709,Greek
110831,Greek,Greek,European,0.3600,71.5000,6.2800,4.7550,Greek
110832,Greek,Greek,European,29.6864,1171.7850,34.9494,102.5686,Greek
110833,Greek,Greek,European,4.8825,850.7992,11.9787,88.5122,Greek
110834,Greek,Greek,European,991.2605,4770.0113,98.7329,115.8961,Greek
110835,Greek,Greek,European,196.6933,2598.9860,121.4754,149.0379,Greek
110836,Greek,Greek,European,25.4955,1615.5133,229.2049,61.4429,Greek
110837,Greek,Greek,European,12.3335,895.3122,47.7051,73.8055,Greek
110838,Greek,Greek,European,0.1598,0.8360,0.0625,0.0139,Greek
110839,Greek,Greek,European,2341.9446,13213.4100,1321.0599,180.4317,Greek
110840,Greek,Greek,European,18.3085,647.5707,80.5493,27.1468,Greek
110841,Greek,Greek,European,579.4744,44786.8485,1040.3916,4339.3622,Greek
110842,Greek,Greek,European,16.3567,1114.8600,42.1310,98.9688,Greek
110843,Greek,Greek,European,670.5388,4545.4479,151.3109,132.8993,Greek
110844,Greek,Greek,European,64.7970,3380.1657,146.3053,288.8309,Greek
110845,Greek,Greek,European,6.1193,353.0815,26.2935,24.9213,Greek
110846,Greek,Greek,European,86.3925,1430.6654,58.5939,99.1595,Greek
110847,Greek,Greek,European,12.1159,473.9208,34.9325,30.9310,Greek
110848,Greek,Greek,European,167.1419,1247.5369,25.5433,56.3908,Greek
110849,Greek,Greek,European,10.3789,631.9228,100.0785,19.9271,Greek
110850,Greek,Greek,European,3.3935,105.7660,5.5162,8.0450,Greek
110851,Greek,Greek,European,18.9458,353.8405,11.0492,28.8845,Greek
110852,Greek,Greek,European,42.0692,1770.3490,42.2175,164.3492,Greek
110853,Greek,Greek,European,9.9163,1954.9196,0.8872,216.2204,Greek
110854,Greek,Greek,European,232.9883,1728.7588,80.2946,61.6263,Greek
110855,Greek,Greek,European,248.4821,1624.5750,43.8165,48.8991,Greek
110856,Greek,Greek,European,82.7303,1444.3959,23.7759,121.3266,Greek
110857,Greek,Greek,European,73.4971,2231.8080,11.4229,217.4562,Greek
110858,Greek,Greek,European,89.2698,1432.0630,37.3305,116.9899,Greek
110859,Greek,Greek,European,41.7363,761.9729,35.6157,53.3083,Greek
110860,Greek,Greek,European,42.1839,279.1406,19.2204,8.2396,Greek
110861,Greek,Greek,European,77.1414,1226.6088,33.3305,87.2419,Greek
110862,Greek,Greek,European,35.2419,366.2640,11.2254,22.3039,Greek
110863,Greek,Greek,European,8.6453,542.6008,4.0245,56.3075,Greek
110864,Greek,Greek,European,35.1238,1133.8232,6.1085,108.6086,Greek
110865,Greek,Greek,European,56.9211,1107.9345,28.9845,88.5519,Greek
110866,Greek,Greek,European,15.6910,544.4800,1.9308,54.2078,Greek
110867,Greek,Greek,European,17.8310,1041.3783,20.7880,100.6796,Greek
110868,Greek,Greek,European,16.9706,3064.7707,563.4942,68.9102,Greek
110869,Greek,Greek,European,31.5321,580.8057,19.9873,45.4700,Greek
110870,Greek,Greek,European,145.1814,1513.2004,78.5701,69.1686,Greek
110871,Greek,Greek,European,53.4782,595.1280,12.5532,42.1282,Greek
110872,Greek,Greek,European,10.1880,905.7398,99.8408,50.0636,Greek
110873,Greek,Greek,European,34.9880,828.8499,93.6894,34.6161,Greek
110874,Greek,Greek,European,4.7234,497.8458,0.8568,54.0946,Greek
110875,Greek,Greek,European,0.5609,1690.9597,269.6506,60.9079,Greek
110876,Greek,Greek,European,185.4965,2157.7928,19.8969,150.8076,Greek
110877,Greek,Greek,European,30.3757,671.8705,31.0012,50.3324,Greek
110878,Greek,Greek,European,85.6989,1176.6541,75.8144,58.9161,Greek
110879,Greek,Greek,European,59.9087,1083.2213,20.5496,88.8207,Greek
110880,Greek,Greek,European,19.9552,2420.1760,45.0315,243.4288,Greek
110881,Greek,Greek,European,146.0258,981.6434,61.7183,33.7888,Greek
110882,Greek,Greek,European,1349.7000,87358.6800,4689.3000,7049.4000,Greek
110883,Greek,Greek,European,15.1876,325.9076,11.9855,24.4585,Greek
110884,Greek,Greek,European,61.5385,734.7702,35.6091,39.7985,Greek
110885,Greek,Greek,European,164.8034,1124.0390,31.5730,37.8311,Greek
110886,Greek,Greek,European,38.6431,380.7150,30.6462,17.0650,Greek
110887,Greek,Greek,European,101.0177,777.7667,31.7063,32.7538,Greek
110888,Greek,Greek,European,31.1137,1000.2217,103.3070,51.7162,Greek
110889,Greek,Greek,European,58.8772,395.5290,12.1639,13.9310,Greek
110890,Greek,Greek,European,473.8993,2532.7100,65.4279,36.5551,Greek
110891,Greek,Greek,European,291.5251,1406.1150,28.9929,13.9328,Greek
110892,Greek,Greek,European,0.4116,1.2808,0.0486,0.0132,Greek
110893,Greek,Greek,European,11.5201,529.2585,1.5660,54.7879,Greek
110894,Greek,Greek,European,8.8126,40.6000,2.1724,0.4903,Greek
110895,Greek,Greek,European,7.9627,777.0125,24.7621,72.5723,Greek
110896,Greek,Greek,European,61.3358,1104.1327,33.7085,90.1580,Greek
110897,Greek,Greek,European,110.6472,1660.8000,63.2680,107.7962,Greek
110898,Greek,Greek,European,67.2383,687.7520,21.5886,38.3600,Greek
110899,Greek,Greek,European,,,,,Greek
110900,Greek,Greek,European,158.0061,1162.4101,18.5160,55.7085,Greek
110901,Greek,Greek,European,38.1491,755.9409,41.3395,50.0009,Greek
110902,Greek,Greek,European,353.4730,3228.8415,83.3860,177.5353,Greek
110903,Greek,Greek,European,17.7129,78.0195,3.5460,0.2688,Greek
110904,Greek,Greek,European,56.8334,1223.4954,9.7931,109.3172,Greek
110905,Greek,Greek,European,13.8695,1024.0310,2.2031,109.2600,Greek
110906,Greek,Greek,European,31.6154,140.6138,8.3008,0.9979,Greek
110907,Greek,Greek,European,42.4379,925.6859,20.1182,82.2891,Greek
110908,Greek,Greek,European,1.5795,779.5550,81.7650,48.0995,Greek
110909,Greek,Greek,European,32.4542,1484.7265,26.5550,144.8480,Greek
110910,Greek,Greek,European,88.3868,1806.3160,44.1250,143.3810,Greek
110911,Greek,Greek,European,104.2786,473.8469,23.4683,3.8536,Greek
110912,Greek,Greek,European,70.2233,490.3853,18.1007,19.3708,Greek
110913,Greek,Greek,European,40.8200,177.2000,7.6600,0.6000,Greek
110914,Greek,Greek,European,3.9672,17.8800,0.7632,0.0600,Greek
110915,Greek,Greek,European,26.4218,385.3395,7.6839,30.3897,Greek
110916,Greek,Greek,European,185.2401,1287.8933,21.7867,55.3227,Greek
110917,Greek,Greek,European,48.4709,967.3124,87.0450,50.5895,Greek
110918,Greek,Greek,European,5.7202,1787.4337,180.5320,112.8875,Greek
110919,Greek,Greek,European,135.5702,2523.0200,108.5194,192.6632,Greek
110920,Greek,Greek,European,324.5855,1590.8708,34.0255,17.3294,Greek
110921,Greek,Greek,European,5.5444,96.7514,3.2955,7.7343,Greek
110922,Greek,Greek,European,23.3264,297.6800,15.3720,15.9576,Greek
110923,Greek,Greek,European,1274.1477,80371.0727,4273.7380,6494.4468,Greek
110924,Greek,Greek,European,31.2909,510.1147,34.0740,27.6585,Greek
110925,Greek,Greek,European,63.4654,1710.4579,11.3792,163.5499,Greek
110926,Greek,Greek,European,77.5468,1323.2500,62.2832,86.7485,Greek
110927,Greek,Greek,European,471.0574,2330.3100,54.3220,20.3503,Greek
110928,Greek,Greek,European,161.6419,1661.0976,33.1963,113.3424,Greek
110929,Greek,Greek,European,191.3410,1562.5416,55.8080,64.8546,Greek
110930,Greek,Greek,European,246.3655,2044.5904,26.4691,115.8761,Greek
110931,Greek,Greek,European,4.8542,102.2803,5.6546,7.2848,Greek
110932,Greek,Greek,European,34.7922,1510.9926,95.6443,111.0864,Greek
110933,Greek,Greek,European,81.7834,2305.1586,141.0867,159.3631,Greek
110934,Greek,Greek,European,31.4280,885.7333,66.2520,58.7333,Greek
110935,Greek,Greek,European,8.5221,145.1700,7.8284,9.3532,Greek
110936,Greek,Greek,European,0.0000,346.9800,0.1110,39.0000,Greek
110937,Greek,Greek,European,392.5269,2541.7916,144.3836,51.0638,Greek
110938,Greek,Greek,European,22.8502,154.2462,6.2410,4.0555,Greek
110939,Greek,Greek,European,2.2734,568.3437,45.1743,41.7683,Greek
110940,Greek,Greek,European,19.8626,833.8950,11.0369,82.9248,Greek
110941,Greek,Greek,European,350.8696,2814.1501,146.0764,102.4814,Greek
110942,Greek,Greek,European,1.3224,481.7678,0.0945,54.0514,Greek
110943,Greek,Greek,European,309.2691,20168.2921,1066.1330,1636.5786,Greek
110944,Greek,Greek,European,54.1897,800.7897,48.4318,48.3379,Greek
110945,Greek,Greek,European,13.7145,243.6962,12.6658,16.4972,Greek
110946,Greek,Greek,European,9.7970,406.2720,8.7819,37.9621,Greek
110947,Greek,Greek,European,20.6946,1337.2918,78.9146,103.7952,Greek
110948,Greek,Greek,European,16.9741,912.8650,25.6115,85.9020,Greek
110949,Greek,Greek,European,3.2917,573.7760,50.3024,38.0527,Greek
110950,Greek,Greek,European,6.3593,34.9333,1.6887,0.4513,Greek
110951,Greek,Greek,European,25.8906,474.5305,4.8713,41.4656,Greek
110952,Greek,Greek,European,41.6451,746.7782,31.3506,52.9649,Greek
110953,Greek,Greek,European,62.7344,474.3465,9.0178,20.4974,Greek
110954,Greek,Greek,European,0.0000,358.0200,0.0000,40.5000,Greek
110955,Greek,Greek,European,240.5844,1388.3907,44.9504,39.8702,Greek
110956,Greek,Greek,European,415.7829,5223.4746,359.6156,242.7279,Greek
110957,Greek,Greek,European,31.6154,140.6138,8.3008,0.9979,Greek
110958,Greek,Greek,European,144.2425,873.7101,17.1458,28.2701,Greek
110959,Greek,Greek,European,33.1694,299.8232,6.4065,15.5646,Greek
110960,Greek,Greek,European,74.1532,398.6253,6.4066,8.3489,Greek
110961,Greek,Greek,European,160.8990,709.5162,21.5816,1.8478,Greek
110962,Greek,Greek,European,19.1653,99.5467,3.8247,0.5498,Greek
110963,Greek,Greek,European,217.0992,1591.9116,25.8382,73.9426,Greek
110964,Greek,Greek,European,80.5369,1477.1550,35.2514,125.7290,Greek
110965,Greek,Greek,European,1.1586,603.1050,0.3356,67.8053,Greek
110966,Greek,Greek,European,41.9631,708.8941,32.6293,48.3621,Greek
110967,Greek,Greek,European,146.3742,703.7945,14.9335,6.2759,Greek
110968,Greek,Greek,European,35.6471,431.0430,18.7979,25.1738,Greek
110969,Greek,Greek,European,0.9587,482.3760,0.3751,54.0832,Greek
110970,Greek,Greek,European,73.6475,793.2200,40.6963,40.1580,Greek
110971,Greek,Greek,European,33.5526,223.6200,4.1824,9.4078,Greek
110972,Greek,Greek,European,12.1918,410.5910,17.3442,33.1688,Greek
110973,Greek,Greek,European,44.4321,689.5611,12.1611,56.5635,Greek
110974,Greek,Greek,European,32.1661,1043.8840,29.3430,91.5157,Greek
110975,Greek,Greek,European,214.6908,1492.5220,46.1310,55.0277,Greek
110976,Greek,Greek,European,92.9784,1717.3800,80.2914,125.0646,Greek
110977,Greek,Greek,European,4.1401,630.3732,17.0553,61.2635,Greek
110978,Greek,Greek,European,13.1644,488.2900,26.1343,37.5922,Greek
110979,Greek,Greek,European,65.6922,1744.1896,117.7893,117.0881,Greek
110980,Greek,Greek,European,169.0266,1459.2204,25.1380,79.3908,Greek
110981,Greek,Greek,European,188.8018,1247.3975,41.1987,35.4540,Greek
110982,Greek,Greek,European,10.6349,466.2325,1.2983,46.6551,Greek
110983,Greek,Greek,European,42.2052,1237.7940,28.1042,110.0076,Greek
110984,Greek,Greek,European,16.7123,77.0839,3.2092,0.6695,Greek
110985,Greek,Greek,European,65.7418,1290.5190,120.8916,63.3924,Greek
110986,Greek,Greek,European,22.1799,490.8820,10.5641,42.0134,Greek
110987,Greek,Greek,European,3491.3256,16394.4505,788.5378,206.5621,Greek
110988,Greek,Greek,European,12.6891,384.6488,15.4789,31.2007,Greek
110989,Greek,Greek,European,50.5062,1066.5883,30.1952,87.4238,Greek
110990,Greek,Greek,European,98.2271,913.4130,22.8548,57.0215,Greek
110991,Greek,Greek,European,10.7356,349.5485,3.6609,34.4707,Greek
110992,Greek,Greek,European,0.4116,1.2808,0.0486,0.0132,Greek
110993,Greek,Greek,European,54.5810,5158.7089,359.7032,383.5985,Greek
110994,Greek,Greek,European,1.6466,484.4640,0.2496,54.0509,Greek
110995,Greek,Greek,European,0.0000,0.0000,0.0000,0.0000,Greek
110996,Greek,Greek,European,12.8777,239.9449,7.0735,19.1229,Greek
110997,Greek,Greek,European,93.8336,2008.3399,45.6573,175.8082,Greek
110998,Greek,Greek,European,26.1903,129.6700,6.1629,5.0590,Greek
110999,Greek,Greek,European,3.2953,6707.5629,1436.6657,63.4201,Greek
111000,Greek,Greek,European,14.0739,949.6653,2.3923,99.9129,Greek
111001,Greek,Greek,European,30.1175,686.8572,22.9829,55.1815,Greek
111002,Greek,Greek,European,31.0528,1572.0900,4.2164,163.1625,Greek
111003,Greek,Greek,European,15.9412,836.4625,0.4994,87.7115,Greek
111004,Greek,Greek,European,41.5194,528.3668,10.9812,40.1663,Greek
111005,Greek,Greek,European,391.8599,1765.5229,66.0462,7.1263,Greek
111006,Greek,Greek,European,,,,,Greek
111007,Greek,Greek,European,98.2312,1685.8065,46.3424,136.4937,Greek
111008,Greek,Greek,European,80.5458,1264.3548,49.2849,85.7459,Greek
111009,Greek,Greek,European,124.6589,1524.9579,66.5369,94.1425,Greek
111010,Greek,Greek,European,4907.5955,137264.2567,5930.9463,11103.5123,Greek
111011,Greek,Greek,European,10.8104,8996.2734,1.9558,1012.8817,Greek
111012,Greek,Greek,European,29.7282,4346.7290,120.6702,416.9833,Greek
111013,Greek,Greek,European,47.8889,1131.8598,67.8018,77.6859,Greek
111014,Greek,Greek,European,71.9737,904.2749,45.9388,50.1324,Greek
111015,Greek,Greek,European,132.4437,2636.0497,119.3615,192.3040,Greek
111016,Greek,Greek,European,3.7752,134.9400,0.6760,13.6144,Greek
111017,Greek,Greek,European,1910.9446,88628.0965,3303.7623,7958.3679,Greek
111018,Greek,Greek,European,29.8557,2384.4421,47.8274,236.8291,Greek
111019,Greek,Greek,European,64.2645,729.6045,21.3359,45.5458,Greek
111020,Greek,Greek,European,5.4187,22.4545,0.8950,0.3010,Greek
111021,Greek,Greek,European,33.9368,590.4920,32.2195,36.4227,Greek
111022,Greek,Greek,European,217.0648,1869.0303,87.4874,77.5793,Greek
111023,Greek,Greek,European,288.2008,17032.9800,81.6471,1810.3900,Greek
111024,Greek,Greek,European,21.1575,213.2960,4.9012,14.1817,Greek
111025,Greek,Greek,European,6.8689,214.2250,11.3432,16.1081,Greek
111026,Greek,Greek,European,128.8107,1010.5338,45.9483,34.4938,Greek
111027,Greek,Greek,European,51.3590,995.6539,19.6250,87.0509,Greek
111028,Greek,Greek,European,30.2860,253.1250,5.5425,14.2905,Greek
111029,Greek,Greek,European,2.8101,12.6650,0.5406,0.0425,Greek
111030,Greek,Greek,European,31.5528,4601.6947,155.1548,430.7691,Greek
111031,Greek,Greek,European,46.4781,1112.3975,40.3310,88.2054,Greek
111032,Greek,Greek,European,32.4166,1135.3437,11.6775,110.6320,Greek
111033,Greek,Greek,European,48.6815,789.8383,17.1610,60.9447,Greek
111034,Greek,Greek,European,13.5642,541.7799,3.4292,54.7288,Greek
111035,Greek,Greek,European,4.8952,708.0057,8.8544,74.1608,Greek
111036,Greek,Greek,European,0.0000,201.7333,44.8800,1.1333,Greek
111037,Greek,Greek,European,95.1122,3580.3265,113.4261,312.9998,Greek
111038,Greek,Greek,European,45.4797,765.2546,54.4990,42.9423,Greek
111039,Greek,Greek,European,9.8079,193.5270,10.1963,13.1351,Greek
111040,Greek,Greek,European,940.6118,5363.9106,211.6955,66.1003,Greek
111041,Greek,Greek,European,296.9543,6439.7778,201.3032,541.6419,Greek
111042,Greek,Greek,European,574.8947,3701.1309,192.8552,80.2729,Greek
111043,Greek,Greek,European,28.7328,563.6110,15.8603,44.2558,Greek
111044,Greek,Greek,European,3.2898,682.3433,0.7461,72.9041,Greek
111045,Greek,Greek,European,7.9620,32.4808,1.4006,0.2420,Greek
111046,Greek,Greek,European,0.0000,0.0000,0.0000,0.0000,Greek
111047,Greek,Greek,European,40.2835,365.3123,18.2189,17.2213,Greek
111048,Greek,Greek,European,64.5151,752.9266,7.1152,55.7481,Greek
111049,Greek,Greek,European,15.1581,926.0833,33.7598,82.1834,Greek
111050,Greek,Greek,European,81.1214,979.1427,51.1479,53.9054,Greek
111051,Greek,Greek,European,9.7811,353.4404,12.8737,30.0352,Greek
111052,Greek,Greek,European,69.3972,1256.5739,8.5652,109.7953,Greek
111053,Greek,Greek,European,27.2898,492.0198,25.9226,32.9280,Greek
111054,Greek,Greek,European,43.9803,195.7147,8.8676,1.3705,Greek
111055,Greek,Greek,European,5.3090,114.6000,6.0048,8.0944,Greek
111056,Greek,Greek,European,0.8233,639.0417,0.0972,72.0265,Greek
111057,Greek,Greek,European,42.5227,782.1675,46.4189,47.7961,Greek
111058,Greek,Greek,European,12.7149,207.7332,16.8074,10.5443,Greek
111059,Greek,Greek,European,70.5964,1714.5498,149.9740,94.2487,Greek
111060,Greek,Greek,European,154.4366,1075.8384,30.0842,37.3347,Greek
111061,Greek,Greek,European,509.1192,2955.3352,73.4611,68.2479,Greek
111062,Greek,Greek,European,61.1081,1876.2546,101.1174,141.1643,Greek
111063,Greek,Greek,European,86.0189,1615.9617,36.8223,133.7961,Greek
111064,Greek,Greek,European,118.0503,925.3550,20.1094,45.5517,Greek
111065,Greek,Greek,European,7.3811,2532.6392,204.1956,184.8330,Greek
111066,Greek,Greek,European,194.7448,1096.2231,24.1861,28.5443,Greek
111067,Greek,Greek,European,16.9741,434.6210,25.6115,31.8020,Greek
111068,Greek,Greek,European,23.2516,740.1532,20.2615,65.4919,Greek
111069,Greek,Greek,European,,,,,Greek
111070,Greek,Greek,European,37.9043,833.4838,31.3544,64.7981,Greek
111071,Greek,Greek,European,156.3548,2178.9954,132.8574,114.9269,Greek
111072,Greek,Greek,European,5.1370,260.6800,0.6050,27.0550,Greek
111073,Greek,Greek,European,37.9773,898.1798,52.1889,64.8704,Greek
111074,Greek,Greek,European,217.5248,1562.5378,57.5136,58.4025,Greek
111075,Greek,Greek,European,75.3860,387.9409,28.2826,6.8632,Greek
111076,Greek,Greek,European,109.5379,1215.3375,35.6785,72.8981,Greek
111077,Greek,Greek,European,14.2426,51.3230,1.4184,0.4984,Greek
111078,Greek,Greek,European,0.0000,0.0000,0.0000,0.0000,Greek
111079,Greek,Greek,European,22.0903,221.9800,5.9352,14.2168,Greek
111080,Greek,Greek,European,23.7991,375.3960,28.9390,19.9280,Greek
111081,Greek,Greek,European,73.5767,333.1400,5.9105,1.2318,Greek
111082,Greek,Greek,European,10.9290,42.2200,1.2135,0.1864,Greek
111083,Greek,Greek,European,61.7236,2173.1208,6.0006,217.5492,Greek
111084,Greek,Greek,European,0.0000,100.8667,22.4400,0.5667,Greek
111085,Greek,Greek,European,76.9443,897.9983,19.6051,59.0043,Greek
111086,Greek,Greek,European,3.0840,241.3200,3.3356,24.8507,Greek
111087,Greek,Greek,European,38.3703,1020.8212,110.3879,46.8948,Greek
111088,Greek,Greek,European,82.5524,1189.8176,30.9872,90.6618,Greek
111089,Greek,Greek,European,48.7818,2319.2340,27.2162,228.1921,Greek
111090,Greek,Greek,European,170.4659,908.6025,52.2121,5.0495,Greek
111091,Greek,Greek,European,5.4590,93.2080,7.4718,5.0170,Greek
111092,Greek,Greek,European,2.3888,10.1274,0.1779,0.0850,Greek
111093,Greek,Greek,European,34.2719,389.7300,6.5540,27.8327,Greek
111094,Greek,Greek,European,34.2463,826.9890,12.7006,72.9072,Greek
111095,Greek,Greek,European,8.5594,330.1945,14.1397,27.3643,Greek
111096,Greek,Greek,European,54.9117,667.0733,22.6282,44.6953,Greek
111097,Greek,Greek,European,6938.2045,108061.6422,6204.9443,6697.8594,Greek
111098,Greek,Greek,European,17.4382,499.5012,4.2917,47.9701,Greek
111099,Greek,Greek,European,8.1166,523.9080,28.1997,42.2302,Greek
111100,Greek,Greek,European,5.5850,597.6700,5.9804,62.6384,Greek
111101,Greek,Greek,European,,,,,Greek
111102,Greek,Greek,European,64.5158,530.4824,14.2341,29.9062,Greek
111103,Greek,Greek,European,19.9507,339.7818,10.4203,27.5930,Greek
111104,Greek,Greek,European,65.7591,2119.8167,77.3892,178.7585,Greek
111105,Greek,Greek,European,26.2483,14664.0484,2810.0203,289.8708,Greek
111106,Greek,Greek,European,28.8463,334.9085,21.4984,19.1258,Greek
111107,Greek,Greek,European,271.8789,2204.1029,118.7731,66.7645,Greek
111108,Greek,Greek,European,13.4267,1638.5748,193.2327,85.6201,Greek
111109,Greek,Greek,European,215.1645,1341.2849,70.0425,28.2611,Greek
111110,Greek,Greek,European,27.4320,1297.3384,79.2917,96.5112,Greek
111111,Greek,Greek,European,94.6954,1189.4911,82.5447,53.8785,Greek
111112,Greek,Greek,European,110.8908,1080.3960,34.6847,58.7146,Greek
111113,Greek,Greek,European,48.7692,2730.5054,420.5801,92.6475,Greek
111114,Greek,Greek,European,22.1421,286891.3052,55560.3590,5602.4153,Greek
111115,Greek,Greek,European,4.2944,741.9840,1.5253,82.0844,Greek
111116,Greek,Greek,European,35.3353,799.1940,48.8598,53.6553,Greek
111117,Greek,Greek,European,47.1492,1162.8730,8.7312,109.2920,Greek
111118,Greek,Greek,European,13.5129,167.8950,9.5678,8.7592,Greek
111119,Greek,Greek,European,58.5081,730.3000,10.1536,55.0580,Greek
111120,Greek,Greek,European,5.6904,780.0910,16.1675,78.1681,Greek
111121,Greek,Greek,European,310.2629,2061.1520,63.1416,69.5215,Greek
111122,Greek,Greek,European,12.9081,1019.1617,5.2296,108.6999,Greek
111123,Greek,Greek,European,3.2621,138.5308,7.7788,10.7555,Greek
111124,Greek,Greek,European,75.8906,868.4480,11.2567,58.2337,Greek
111125,Greek,Greek,European,25.2258,1121.1505,48.5802,97.4237,Greek
111126,Greek,Greek,European,113.6616,976.7243,13.8098,55.0818,Greek
111127,Greek,Greek,European,66.9246,293.9400,7.1568,0.4260,Greek
111128,Greek,Greek,European,5.1450,1309.7059,269.9186,15.9647,Greek
111129,Greek,Greek,European,0.4302,1462.3533,0.0637,162.0000,Greek
111130,Greek,Greek,European,18.3200,386.1733,9.3567,31.5152,Greek
111131,Greek,Greek,European,47.6114,390.7924,7.2671,20.9907,Greek
111132,Greek,Greek,European,341.9034,1622.8047,44.1537,14.5133,Greek
111133,Greek,Greek,European,34.6154,425.9507,12.6737,30.2063,Greek
111134,Greek,Greek,European,23.7970,585.8500,3.8600,54.9528,Greek
111135,Greek,Greek,European,13.7460,770.9032,14.4393,75.5563,Greek
111136,Greek,Greek,European,34.7146,157.4595,6.7553,1.2461,Greek
111137,Greek,Greek,European,3.3631,199.2500,10.7200,15.9662,Greek
111138,Greek,Greek,European,16.9293,1743.2812,90.7921,141.9345,Greek
111139,Greek,Greek,European,151.6356,673.1201,18.9094,1.8523,Greek
111140,Greek,Greek,European,233.3014,3964.3960,32.1005,334.8725,Greek
111141,Greek,Greek,European,377.6816,5003.7290,58.5396,388.6255,Greek
111142,Greek,Greek,European,107.4028,6349.6941,1225.2368,102.9996,Greek
111143,Greek,Greek,European,3.0359,250.9750,0.4350,27.0666,Greek
111144,Greek,Greek,European,470.8359,3559.3267,172.5966,105.3482,Greek
111145,Greek,Greek,European,5.7198,303.6818,16.2688,24.2088,Greek
111146,Greek,Greek,European,48.7736,454.5667,34.4559,16.6224,Greek
111147,Greek,Greek,European,23.3322,1536.7710,3.8400,162.5140,Greek
111148,Greek,Greek,European,155.2587,977.3488,45.9495,25.5590,Greek
111149,Greek,Greek,European,1786.5664,8377.6141,409.2311,85.8641,Greek
111150,Greek,Greek,European,33.8060,383.4273,3.7181,27.6647,Greek
111151,Greek,Greek,European,29.3716,645.5990,20.0708,51.5959,Greek
111152,Greek,Greek,European,2.7495,492.2600,0.6185,54.8885,Greek
111153,Greek,Greek,European,182.5872,2788.4340,41.5164,235.2837,Greek
111154,Greek,Greek,European,75.6749,2256.0689,17.8911,219.3299,Greek
111155,Greek,Greek,European,38.6116,821.0855,35.2028,60.4930,Greek
111156,Greek,Greek,European,21.4189,451.2325,3.7422,41.1655,Greek
111157,Greek,Greek,European,49.8389,725.6575,14.3317,53.0873,Greek
111158,Greek,Greek,European,221.2727,1407.8432,54.4302,35.0227,Greek
111159,Greek,Greek,European,65.2434,2068.3634,84.5049,167.9813,Greek
111160,Greek,Greek,European,22.7743,1142.6820,84.5466,81.2529,Greek
111161,Greek,Greek,European,189.7898,2255.9273,55.2554,149.2527,Greek
111162,Greek,Greek,European,69.6214,606.1200,17.7578,41.8063,Greek
111163,Greek,Greek,European,115.2351,863.8099,22.9461,43.9742,Greek
111164,Greek,Greek,European,16.8084,4025.3499,23.6624,437.3968,Greek
111165,Greek,Greek,European,31.9940,2264.5008,94.7578,194.9917,Greek
111166,Greek,Greek,European,178.3839,841.4205,6.8851,13.6895,Greek
111167,Greek,Greek,European,14.2075,343.6560,18.2789,24.6235,Greek
111168,Greek,Greek,European,113.2580,620.0758,13.3791,14.5012,Greek
111169,Greek,Greek,European,765.3588,47645.7050,2562.5959,3830.7176,Greek
111170,Greek,Greek,European,22.7452,834.8243,47.4141,63.8644,Greek
111171,Greek,Greek,European,195.4445,1564.2428,77.8624,55.8408,Greek
111172,Greek,Greek,European,5248.4596,23816.6408,1374.9686,219.2332,Greek
111173,Greek,Greek,European,18.1250,173.8235,8.6950,8.7035,Greek
111174,Greek,Greek,European,23.8032,3061.5493,8.7724,333.3084,Greek
111175,Greek,Greek,European,47.1383,830.8147,119.2323,17.1213,Greek
111176,Greek,Greek,European,92.7217,1361.7206,20.1405,110.3708,Greek
111177,Greek,Greek,European,208.0248,1630.1853,24.7524,78.2647,Greek
111178,Greek,Greek,European,41.5186,672.9774,28.9669,46.7149,Greek
111179,Greek,Greek,European,1.6851,124.4020,0.1121,13.5238,Greek
111180,Greek,Greek,European,27.9379,364.6208,6.5669,28.0967,Greek
111181,Greek,Greek,European,41.8856,185.7919,7.8477,1.1435,Greek
111182,Greek,Greek,European,9.2918,1122.1050,21.4751,113.0298,Greek
111183,Greek,Greek,European,40.2990,481.9500,27.1565,24.3355,Greek
111184,Greek,Greek,European,178.5445,698.2200,2.8194,0.6972,Greek
111185,Greek,Greek,European,20.6963,1376.2572,96.6747,100.9609,Greek
111186,Greek,Greek,European,2.7225,96.0340,13.5574,3.1909,Greek
111187,Greek,Greek,European,97.2676,2758.9644,25.8271,265.3603,Greek
111188,Greek,Greek,European,15.5003,647.0342,27.2824,55.3825,Greek
111189,Greek,Greek,European,0.0000,1879.1600,0.0000,218.0000,Greek
111190,Greek,Greek,European,51.0638,472.2015,9.6915,30.6453,Greek
111191,Greek,Greek,European,46.7029,1161.0147,104.8123,66.4947,Greek
111192,Greek,Greek,European,3.4096,452.4767,67.0556,17.4207,Greek
111193,Greek,Greek,European,2629.5246,19917.8370,1572.8948,397.7233,Greek
111194,Greek,Greek,European,67.5814,1454.2835,125.9360,77.6547,Greek
111195,Greek,Greek,European,105.8272,709.1333,17.3138,25.5467,Greek
111196,Greek,Greek,European,596.8050,2899.6900,59.1455,22.8236,Greek
111197,Greek,Greek,European,671.2635,3680.9981,218.7464,36.6900,Greek
111198,Greek,Greek,European,20.5676,683.9766,106.5757,18.6113,Greek
111199,Greek,Greek,European,93.1399,889.9708,21.8163,56.8070,Greek
111200,Greek,Greek,European,476.6904,3066.6387,140.6198,71.0506,Greek
111201,Greek,Greek,European,235.4638,1310.6273,34.7379,25.4259,Greek
111202,Greek,Greek,European,18.6481,476.6080,17.7641,37.8815,Greek
111203,Greek,Greek,European,154.6461,3754.6113,153.1810,304.8075,Greek
111204,Greek,Greek,European,11.6048,998.9383,1.3737,108.3344,Greek
111205,Greek,Greek,European,112.0545,1498.5847,13.8371,112.9122,Greek
111206,Greek,Greek,European,2.1426,487.6800,0.5706,54.0684,Greek
111207,Greek,Greek,European,17.3259,117.1224,3.0591,5.0525,Greek
111208,Greek,Greek,European,61.6730,756.4627,13.8431,56.7791,Greek
111209,Greek,Greek,European,355.1770,2166.1420,101.9725,39.6101,Greek
111210,Greek,Greek,European,15.6545,498.1805,25.7593,36.4777,Greek
111211,Greek,Greek,European,0.0000,238.6800,0.0000,27.0000,Greek
111212,Greek,Greek,European,96.5816,1466.8430,105.5543,70.6193,Greek
111213,Greek,Greek,European,113.0328,824.8205,24.9729,35.2394,Greek
111214,Greek,Greek,European,0.0000,0.0000,0.0000,0.0000,Greek
111215,Greek,Greek,European,50.9335,231.9174,10.5935,2.3656,Greek
111216,Greek,Greek,European,71.7553,315.2141,7.7158,0.4611,Greek
111217,Greek,Greek,European,35.4824,559.5917,23.0843,38.9956,Greek
111218,Greek,Greek,European,1.2349,3.8425,0.1458,0.0397,Greek
111219,Greek,Greek,European,23.2078,442.1450,22.5617,31.5793,Greek
111220,Greek,Greek,European,12.5298,339.4460,10.2724,28.8743,Greek
111221,Greek,Greek,European,23.2318,105.3306,5.4107,0.8807,Greek
111222,Greek,Greek,European,83.2291,818.6910,18.2290,49.2891,Greek
111223,Greek,Greek,European,20.6873,95.3720,4.5192,0.9886,Greek
111224,Greek,Greek,European,3.9672,43.0967,6.3732,0.2017,Greek
111225,Greek,Greek,European,70.7587,315.0616,14.7756,2.3515,Greek
111226,Greek,Greek,European,18.3459,323.9535,21.8088,18.3774,Greek
111227,Greek,Greek,European,45.6400,201.1600,8.3240,1.2040,Greek
111228,Greek,Greek,European,90.2803,560.3958,15.3506,14.5379,Greek
111229,Greek,Greek,European,15.3902,96.5217,7.8123,1.7959,Greek
111230,Greek,Greek,European,31.4909,372.5350,3.6903,27.3841,Greek
111231,Greek,Greek,European,51.2900,578.6000,25.3432,32.7230,Greek
111232,Greek,Greek,European,25.9070,888.0600,15.2300,82.0440,Greek
111233,Greek,Greek,European,17.0395,438.8450,25.8389,32.1425,Greek
111234,Greek,Greek,European,464.3863,2417.7262,52.4058,33.3833,Greek
111235,Greek,Greek,European,381.6862,13606.4258,86.5680,1360.6628,Greek
111236,Greek,Greek,European,1.4123,958.8550,6.3334,104.7916,Greek
111237,Greek,Greek,European,21.1906,454.7300,23.0809,32.4082,Greek
111238,Greek,Greek,European,7.2156,1404.3871,91.5246,112.0976,Greek
111239,Greek,Greek,European,11.2744,410.1700,14.9959,34.9714,Greek
111240,Greek,Greek,European,38.0199,174.9065,8.2488,1.0626,Greek
111241,Greek,Greek,European,0.4116,1.2808,0.0486,0.0132,Greek
111242,Greek,Greek,European,65.1175,2569.8912,21.1958,253.3715,Greek
111243,Greek,Greek,European,6.0348,980.5500,1.0332,108.1884,Greek
111244,Greek,Greek,European,17.6055,936.4800,19.4275,89.0300,Greek
111245,Greek,Greek,European,162.0134,1666.2231,19.0751,109.0101,Greek
111246,Greek,Greek,European,227.2480,2809.0446,48.5024,196.2353,Greek
111247,Greek,Greek,European,18.6416,141.4686,12.7018,4.5481,Greek
111248,Greek,Greek,European,42.0795,1625.7297,5.5521,162.9029,Greek
111249,Greek,Greek,European,93.5728,2110.7775,34.6642,190.9247,Greek
111250,Greek,Greek,European,47245.7778,256016.5508,8077.5376,4478.0092,Greek
111251,Greek,Greek,European,104.8177,927.1517,14.1636,57.3357,Greek
111252,Greek,Greek,European,225.1113,1921.7326,84.6999,84.8521,Greek
111253,Greek,Greek,European,217.5327,1380.3604,66.8074,32.4997,Greek
111254,Greek,Greek,European,25.7777,422.0800,17.8353,28.8265,Greek
111255,Greek,Greek,European,10.0162,417.3047,5.5363,41.4671,Greek
111256,Greek,Greek,European,42.9358,727.9982,19.2681,57.5635,Greek
111257,Greek,Greek,European,19.1966,787.3208,12.9467,78.3911,Greek
111258,Greek,Greek,European,10.4856,989.5100,0.6970,108.4212,Greek
111259,Greek,Greek,European,6.5128,573.3867,11.7467,56.6757,Greek
111260,Greek,Greek,European,19.8967,874.1887,23.5397,78.6032,Greek
111261,Greek,Greek,European,8.6750,1242.1488,28.3335,123.2642,Greek
111262,Greek,Greek,European,177.9330,1116.7038,41.4117,26.5395,Greek
111263,Greek,Greek,European,3.3668,196.5323,2.8876,19.3324,Greek
111264,Greek,Greek,European,55.3244,1678.2934,11.7358,163.8419,Greek
111265,Greek,Greek,European,648.6406,3595.7766,89.4274,67.0505,Greek
111266,Greek,Greek,European,14.4337,530.6925,21.2360,43.7701,Greek
111267,Greek,Greek,European,12.8640,429.3252,22.5778,32.2195,Greek
111268,Greek,Greek,European,9.0418,510.7930,1.0141,54.3370,Greek
111269,Greek,Greek,European,46.1570,438.0800,8.9940,27.9490,Greek
111270,Greek,Greek,European,717.8614,40406.6962,2142.6473,3234.8139,Greek
111271,Greek,Greek,European,34.8133,215.4566,13.0408,2.0412,Greek
111272,Greek,Greek,European,51.3531,970.4616,48.5711,68.2370,Greek
111273,Greek,Greek,European,61.1791,603.2000,18.8757,33.0550,Greek
111274,Greek,Greek,European,1.9684,9.1330,0.6726,0.1390,Greek
111275,Greek,Greek,European,1.6634,8.7076,0.6358,0.1597,Greek
111276,Greek,Greek,European,125.6527,551.2030,14.7245,7.5469,Greek
111277,Greek,Greek,European,11.2422,286.7496,12.8980,22.4552,Greek
111278,Greek,Greek,European,20.5748,104.1286,10.5514,0.5893,Greek
111279,Greek,Greek,European,13.5928,420.6328,29.5091,28.1638,Greek
111280,Greek,Greek,European,157.3334,4262.1476,249.6152,309.0743,Greek
111281,Greek,Greek,European,25.1041,384.7065,12.1194,29.2298,Greek
111282,Greek,Greek,European,15.0238,710.6443,37.9394,55.1058,Greek
111283,Greek,Greek,European,3.9285,204.8400,2.6715,20.7000,Greek
111284,Greek,Greek,European,5960.1815,30403.0844,2945.0417,237.1523,Greek
111285,Greek,Greek,European,31.0237,1490.8076,151.8957,82.7855,Greek
111286,Greek,Greek,European,286.4632,1476.6399,53.4650,10.8462,Greek
111287,Greek,Greek,European,46.7267,1097.3250,31.6834,92.5444,Greek
111288,Greek,Greek,European,0.4976,205.0933,45.3136,1.1973,Greek
111289,Greek,Greek,European,66.4251,1728.8160,13.9857,164.2200,Greek
111290,Greek,Greek,European,18.8647,88.1364,4.8542,0.6240,Greek
111291,Greek,Greek,European,339.7776,2142.9313,111.9883,39.3641,Greek
111292,Greek,Greek,European,134.2143,875.1102,64.7936,11.5100,Greek
111293,Greek,Greek,European,32.9618,783.0000,26.7008,65.5800,Greek
111294,Greek,Greek,European,19.2587,401.6316,14.8211,33.2067,Greek
111295,Greek,Greek,European,1737.9610,14008.9790,393.1634,764.3553,Greek
111296,Greek,Greek,European,31.5748,625.9578,9.4439,55.2736,Greek
111297,Greek,Greek,European,43.0481,474.9156,24.6622,26.1328,Greek
111298,Greek,Greek,European,12.9616,608.3277,99.1819,13.4273,Greek
111299,Greek,Greek,European,105.2233,1803.7239,112.3804,115.4867,Greek
111300,Greek,Greek,European,41.8697,601.1150,35.1162,36.1539,Greek
111301,Greek,Greek,European,99.7156,1120.9332,72.9138,56.5469,Greek
111302,Greek,Greek,European,13.8537,18641.0117,39.7501,2083.7162,Greek
111303,Greek,Greek,European,210.0334,1861.5788,80.3129,83.3104,Greek
111304,Greek,Greek,European,149.9736,2056.7672,231.3741,59.0941,Greek
111305,Greek,Greek,European,1704.8968,95798.0440,4800.6350,7790.7234,Greek
111306,Greek,Greek,European,92.5958,1456.7150,25.2692,114.9337,Greek
111307,Greek,Greek,European,1.9230,364.3775,0.1251,40.5763,Greek
111308,Greek,Greek,European,20.9103,516.0099,13.7841,43.5446,Greek
111309,Greek,Greek,European,1.0442,76.1200,6.8762,4.8430,Greek
111310,Greek,Greek,European,20709.0425,137548.5971,5455.8001,3393.1877,Greek
111311,Greek,Greek,European,42.7303,192.2118,7.7880,1.2497,Greek
111312,Greek,Greek,European,134.7532,4634.4600,185.4473,395.8412,Greek
111313,Greek,Greek,European,27.5436,583.4475,29.4899,41.2367,Greek
111314,Greek,Greek,European,11.1895,1119.5891,111.8530,66.2831,Greek
111315,Greek,Greek,European,19.0834,1192.1133,8.8317,124.1208,Greek
111316,Greek,Greek,European,9.1417,45.6401,1.1141,0.2680,Greek
111317,Greek,Greek,European,25.1228,385.3640,11.0387,29.0167,Greek
111318,Greek,Greek,European,8.4180,504.2000,0.4270,54.2928,Greek
111319,Greek,Greek,European,256.7584,1465.7815,54.3130,53.2900,Greek
111320,Greek,Greek,European,7.4279,559.0688,13.1637,54.5548,Greek
111321,Greek,Greek,European,17.0485,963.2667,41.1367,82.2249,Greek
111322,Greek,Greek,European,16.1264,1575.9500,33.2154,156.2980,Greek
111323,Greek,Greek,European,282.5722,1604.2543,55.7119,26.2015,Greek
111324,Greek,Greek,European,14.2669,732.6065,33.7540,61.6080,Greek
111325,Greek,Greek,European,156.3756,1546.4008,27.6446,90.1892,Greek
111326,Greek,Greek,European,20.3963,310.8350,11.5761,22.4352,Greek
111327,Greek,Greek,European,81.1097,814.2150,30.1295,43.3574,Greek
111328,Greek,Greek,European,17.5366,114.6904,14.6345,2.4307,Greek
111329,Greek,Greek,European,118.3925,2431.2676,25.7229,219.2891,Greek
111330,Greek,Greek,European,15.2338,63.6590,3.0889,0.9839,Greek
111331,Greek,Greek,European,0.0000,19.8900,0.0000,2.2500,Greek
111332,Greek,Greek,European,25.4249,513.1865,20.8808,38.5800,Greek
111333,Greek,Greek,European,12.1368,328.9439,19.4753,23.1517,Greek
111334,Greek,Greek,European,341.9560,2120.5238,60.9237,53.5496,Greek
111335,Greek,Greek,European,6.6862,1939.1465,1.2643,216.1275,Greek
111336,Greek,Greek,European,4.5233,496.2960,0.8902,54.1829,Greek
111337,Greek,Greek,European,28.8525,128.4250,4.3492,0.7633,Greek
111338,Greek,Greek,European,76.1491,451.4895,26.2021,5.4666,Greek
111339,Greek,Greek,European,131.3487,964.8563,33.6339,46.4290,Greek
111340,Greek,Greek,European,120.4474,1133.1207,33.2988,70.7545,Greek
111341,Greek,Greek,European,1860.8320,120697.5412,6796.0677,9589.4591,Greek
111342,Greek,Greek,European,0.6857,444.6165,45.3177,28.2288,Greek
111343,Greek,Greek,European,59.8294,269.6826,13.6778,2.5170,Greek
111344,Greek,Greek,European,1.0325,848.4038,134.8512,30.5614,Greek
111345,Greek,Greek,European,2.5268,770.3703,7.2371,82.6702,Greek
111346,Greek,Greek,European,10.8938,322.0000,15.3088,25.9200,Greek
111347,Greek,Greek,European,248.0148,3916.3441,107.0473,288.3507,Greek
111348,Greek,Greek,European,16.0240,278.5000,20.6000,14.4250,Greek
