Recipe_id,Region,Sub_region,Continent,"Carbohydrate, by difference (g)",Energy (kcal),Protein (g),Total lipid (fat) (g),cuisine
12911,Irish,Irish,European,136.0704,3541.1652,264.1014,213.7716,Irish
12912,Irish,Irish,European,211.5095,4311.7068,207.9622,292.2138,Irish
12913,Irish,Irish,European,102.1285,955.2423,109.7189,14.6997,Irish
12914,Irish,Irish,European,12.1868,49.7865,0.5273,0.3688,Irish
12915,Irish,Irish,European,27.5875,3971.8608,390.8260,245.4869,Irish
12916,Irish,Irish,European,4.9162,25.4040,0.4725,0.4905,Irish
12917,Irish,Irish,European,102.1765,659.8500,33.9411,13.7910,Irish
12918,Irish,Irish,European,241.2850,1698.4400,37.7788,71.1032,Irish
12919,Irish,Irish,European,202.0515,2212.0040,6.4418,158.7930,Irish
12920,Irish,Irish,European,243.4323,1738.7385,94.5437,48.6012,Irish
12921,Irish,Irish,European,0.0000,119.3400,0.0000,13.5000,Irish
12922,Irish,Irish,European,298.8376,1562.0092,47.0239,37.5194,Irish
12923,Irish,Irish,European,2.9158,37.2100,1.9215,1.9947,Irish
12924,Irish,Irish,European,71.1742,3649.9168,456.6155,159.6765,Irish
12925,Irish,Irish,European,27.7213,2681.0388,428.3022,97.7538,Irish
12926,Irish,Irish,European,559.2350,3940.9240,54.2260,187.9653,Irish
12927,Irish,Irish,European,24.3020,1450.0862,30.4879,143.3421,Irish
12928,Irish,Irish,European,139.3270,1102.0000,21.5040,57.6000,Irish
12929,Irish,Irish,European,103.6031,810.3150,28.5259,33.6900,Irish
12930,Irish,Irish,European,151.1970,604.4850,0.0000,0.0000,Irish
12931,Irish,Irish,European,56.7370,1552.1257,190.2596,59.0622,Irish
12932,Irish,Irish,European,81.3625,2080.8040,320.2547,48.0823,Irish
12933,Irish,Irish,European,20.7427,273.4900,7.5308,15.3158,Irish
12934,Irish,Irish,European,36.0947,2298.0046,196.8457,151.5592,Irish
12935,Irish,Irish,European,7.9375,176.6620,5.3549,14.4000,Irish
12936,Irish,Irish,European,275.5970,1227.5875,23.2819,11.7392,Irish
12937,Irish,Irish,European,163.6233,2399.2226,235.1225,92.8130,Irish
12938,Irish,Irish,European,0.8562,3023.3633,14.4895,338.9630,Irish
12939,Irish,Irish,European,216.0995,1658.4400,6.9558,86.5998,Irish
12940,Irish,Irish,European,77.5572,985.2930,34.6802,66.1826,Irish
12941,Irish,Irish,European,282.4126,1703.7640,36.0422,63.4935,Irish
12942,Irish,Irish,European,247.6778,2085.1200,91.1970,86.8204,Irish
12943,Irish,Irish,European,40.5435,756.6100,11.2360,62.5335,Irish
12944,Irish,Irish,European,436.0660,2546.5940,82.9994,52.4168,Irish
12945,Irish,Irish,European,10.0810,951.9592,53.7620,78.5201,Irish
12946,Irish,Irish,European,479.9373,2871.3240,32.5041,112.6041,Irish
12947,Irish,Irish,European,334.7964,1491.6760,24.4335,15.0240,Irish
12948,Irish,Irish,European,360.0960,2220.4400,34.4515,83.5740,Irish
12949,Irish,Irish,European,250.1737,2595.3907,300.6137,43.1957,Irish
12950,Irish,Irish,European,211.3036,1968.3920,12.6814,128.8948,Irish
12951,Irish,Irish,European,348.3936,1342.8600,7.1615,1.2182,Irish
12952,Irish,Irish,European,299.0255,2229.2800,195.0937,40.1398,Irish
12953,Irish,Irish,European,27.4850,1496.5862,15.1329,155.5251,Irish
12954,Irish,Irish,European,311.0358,1812.4687,37.2625,63.6591,Irish
12955,Irish,Irish,European,0.0000,0.0000,0.0000,0.0000,Irish
12956,Irish,Irish,European,299.0960,2619.3450,197.4775,69.7137,Irish
12957,Irish,Irish,European,94.1831,773.3232,41.8370,28.1909,Irish
12958,Irish,Irish,European,172.1957,806.3370,16.6814,10.8670,Irish
12959,Irish,Irish,European,150.7662,1109.5890,32.5643,45.2975,Irish
12960,Irish,Irish,European,351.1446,1578.8660,26.5672,18.2082,Irish
12961,Irish,Irish,European,201.8047,2297.8890,83.7333,131.6515,Irish
12962,Irish,Irish,European,191.4187,1378.2730,28.8512,62.8910,Irish
12963,Irish,Irish,European,66.6381,1525.6822,177.9963,58.3893,Irish
12964,Irish,Irish,European,10.3484,216.8050,5.6478,15.9976,Irish
12965,Irish,Irish,European,48.2200,523.1272,11.4947,33.2043,Irish
12966,Irish,Irish,European,501.9527,3253.5800,68.5316,138.1905,Irish
12967,Irish,Irish,European,11.7097,149.8900,7.6860,7.9788,Irish
12968,Irish,Irish,European,113.0263,6205.9655,319.6688,499.2197,Irish
12969,Irish,Irish,European,79.8683,823.7347,30.5188,44.3721,Irish
12970,Irish,Irish,European,708.8107,5332.4715,189.0454,211.9488,Irish
12971,Irish,Irish,European,481.4180,4661.4299,221.4864,211.5030,Irish
12972,Irish,Irish,European,77.2149,2718.6522,159.7944,199.0848,Irish
12973,Irish,Irish,European,255.3898,1262.2125,17.7099,30.5500,Irish
12974,Irish,Irish,European,19.2672,515.6900,21.1641,43.4389,Irish
12975,Irish,Irish,European,228.2239,2153.7960,34.5247,125.6335,Irish
12976,Irish,Irish,European,215.7980,3648.3200,376.2077,133.7213,Irish
12977,Irish,Irish,European,15.9373,386.5590,21.2833,26.3207,Irish
12978,Irish,Irish,European,31.4280,684.0000,21.3720,57.6000,Irish
12979,Irish,Irish,European,0.0000,119.3400,0.0000,13.5000,Irish
12980,Irish,Irish,European,71.3017,1426.8940,17.9812,124.3590,Irish
12981,Irish,Irish,European,696.8553,4815.0960,101.7985,201.3325,Irish
12982,Irish,Irish,European,184.8208,1108.9731,32.2993,31.2405,Irish
12983,Irish,Irish,European,270.6235,2035.1614,76.4805,75.7243,Irish
12984,Irish,Irish,European,67.5965,2342.7282,172.1276,151.0181,Irish
12985,Irish,Irish,European,39.6074,288.9900,12.9197,10.2694,Irish
12986,Irish,Irish,European,153.7944,1046.2633,43.0767,38.6696,Irish
12987,Irish,Irish,European,124.5679,859.7665,20.9250,36.7222,Irish
12988,Irish,Irish,European,9.8064,254.1050,29.7111,10.3492,Irish
12989,Irish,Irish,European,214.4813,4344.5439,753.7557,35.3713,Irish
12990,Irish,Irish,European,73.7061,1867.0257,295.3039,37.3359,Irish
12991,Irish,Irish,European,311.2784,1535.5635,5.4220,35.8105,Irish
12992,Irish,Irish,European,232.0743,1859.8050,38.1826,96.1455,Irish
12993,Irish,Irish,European,17.3052,792.4542,100.7308,35.6169,Irish
12994,Irish,Irish,European,161.1283,10608.4127,576.0306,853.1849,Irish
12995,Irish,Irish,European,29.9811,1326.9449,217.1763,39.2097,Irish
12996,Irish,Irish,European,102.0628,3019.9331,113.4511,240.0723,Irish
12997,Irish,Irish,European,3.9285,85.5000,2.6715,7.2000,Irish
12998,Irish,Irish,European,32.0276,688.0054,21.7847,57.7061,Irish
12999,Irish,Irish,European,85.3409,2920.1082,203.1971,193.3001,Irish
13000,Irish,Irish,European,5.6576,1843.1400,55.7804,175.4298,Irish
13001,Irish,Irish,European,223.7070,1496.7960,34.3443,65.1855,Irish
13002,Irish,Irish,European,409.9365,2488.4255,52.2958,94.1672,Irish
13003,Irish,Irish,European,9.6330,307.8575,5.0675,29.0171,Irish
13004,Irish,Irish,European,124.9122,1413.9416,173.8775,26.1344,Irish
13005,Irish,Irish,European,46.7053,1062.0960,17.3485,95.7825,Irish
13006,Irish,Irish,European,223.7272,2512.0612,129.6812,129.1982,Irish
13007,Irish,Irish,European,355.7686,2007.0870,41.0028,61.2091,Irish
13008,Irish,Irish,European,21.3324,350.0678,54.0248,5.0698,Irish
13009,Irish,Irish,European,184.4664,1330.1760,18.1535,64.7690,Irish
13010,Irish,Irish,European,52.4359,746.4608,30.7959,48.8317,Irish
13011,Irish,Irish,European,8.5368,522.3880,26.9630,42.4192,Irish
13012,Irish,Irish,European,440.1232,2139.4400,35.8390,43.0518,Irish
13013,Irish,Irish,European,33.3970,1453.9640,97.5857,102.0644,Irish
13014,Irish,Irish,European,17.6853,640.0960,35.8085,47.8225,Irish
13015,Irish,Irish,European,32.2074,548.8810,23.9278,40.8554,Irish
13016,Irish,Irish,European,529.8786,3079.2948,62.4377,101.7021,Irish
13017,Irish,Irish,European,147.1170,3549.5955,345.2187,169.6675,Irish
13018,Irish,Irish,European,180.7579,1458.3726,23.3912,75.3219,Irish
13019,Irish,Irish,European,11.1957,674.7183,101.8217,26.6201,Irish
13020,Irish,Irish,European,18.8725,149.5000,4.4315,7.3600,Irish
13021,Irish,Irish,European,84.2324,1185.7700,94.2219,54.0834,Irish
13022,Irish,Irish,European,39.9499,1369.2000,79.5734,98.1316,Irish
13023,Irish,Irish,European,273.0051,2048.3170,49.0633,96.7615,Irish
13024,Irish,Irish,European,103.7817,2218.9932,192.5805,120.7314,Irish
13025,Irish,Irish,European,186.0440,1189.3731,36.9693,37.5953,Irish
13026,Irish,Irish,European,18.1329,1836.5333,111.3900,143.4340,Irish
13027,Irish,Irish,European,6.6167,3399.0949,141.8340,307.3313,Irish
13028,Irish,Irish,European,86.5499,678.8140,16.9660,33.5550,Irish
13029,Irish,Irish,European,304.9920,1431.5800,17.8502,26.2876,Irish
13030,Irish,Irish,European,199.9198,1205.8970,28.5500,39.0789,Irish
13031,Irish,Irish,European,4.9065,151.5500,15.2620,7.9720,Irish
13032,Irish,Irish,European,20.8948,911.1320,96.8907,47.2803,Irish
13033,Irish,Irish,European,89.8689,1217.0905,42.4588,77.4099,Irish
13034,Irish,Irish,European,539.4496,2762.3660,75.3886,33.9104,Irish
13035,Irish,Irish,European,0.0000,0.0000,0.0000,0.0000,Irish
13036,Irish,Irish,European,24.2726,202.9660,7.6860,7.9788,Irish
13037,Irish,Irish,European,91.4128,620.9320,9.3306,27.8355,Irish
13038,Irish,Irish,European,49.8511,1975.7123,370.3753,24.6322,Irish
13039,Irish,Irish,European,634.6927,2794.6450,32.5527,11.1924,Irish
13040,Irish,Irish,European,27.0742,565.8110,22.4079,43.9657,Irish
13041,Irish,Irish,European,169.0439,2008.8477,137.5869,91.0012,Irish
13042,Irish,Irish,European,387.9860,3267.6758,63.5911,173.5941,Irish
13043,Irish,Irish,European,26.0022,200.1600,5.5503,8.7012,Irish
13044,Irish,Irish,European,233.3866,3674.4565,197.4887,216.7643,Irish
13045,Irish,Irish,European,855.3060,4846.9716,89.8121,145.8210,Irish
13046,Irish,Irish,European,74.3694,2022.8258,97.4373,155.1255,Irish
13047,Irish,Irish,European,91.0713,1135.3748,44.0430,71.4468,Irish
13048,Irish,Irish,European,126.9056,1355.5416,45.7600,75.0919,Irish
13049,Irish,Irish,European,320.4663,1978.8814,57.1213,60.6772,Irish
13050,Irish,Irish,European,323.1838,1462.9800,63.8180,15.6082,Irish
13051,Irish,Irish,European,4.3200,1067.3800,75.5746,80.2600,Irish
13052,Irish,Irish,European,47.5237,345.6333,9.9923,14.6041,Irish
13053,Irish,Irish,European,90.9495,1153.5841,116.6440,36.2374,Irish
13054,Irish,Irish,European,134.5704,977.2670,35.0615,39.6651,Irish
13055,Irish,Irish,European,1.9113,3.6570,0.0000,0.0000,Irish
13056,Irish,Irish,European,13.6802,357.4500,3.4808,34.5950,Irish
13057,Irish,Irish,European,168.9827,2895.4787,85.9448,226.6131,Irish
13058,Irish,Irish,European,14.0100,529.7900,1.6500,54.6500,Irish
13059,Irish,Irish,European,23.0499,390.5067,30.9127,18.8221,Irish
13060,Irish,Irish,European,371.3792,1795.7852,50.1290,19.5699,Irish
13061,Irish,Irish,European,365.5175,1930.5800,71.0940,33.5788,Irish
13062,Irish,Irish,European,62.2039,4232.4356,199.6387,349.7699,Irish
13063,Irish,Irish,European,600.5349,5706.6673,30.5757,373.3334,Irish
13064,Irish,Irish,European,360.9246,1833.8700,58.7890,41.4132,Irish
13065,Irish,Irish,European,450.7110,2072.9238,62.3379,19.6853,Irish
13066,Irish,Irish,European,499.3040,3247.1850,87.7916,123.1413,Irish
13067,Irish,Irish,European,78.6243,1046.0400,33.7779,72.6794,Irish
13068,Irish,Irish,European,147.8573,847.3230,33.4278,18.2570,Irish
13069,Irish,Irish,European,506.4981,2048.3314,17.4915,7.0788,Irish
13070,Irish,Irish,European,,,,,Irish
13071,Irish,Irish,European,380.5642,2228.8880,48.6022,73.0035,Irish
13072,Irish,Irish,European,208.3410,953.2230,19.4043,12.0343,Irish
13073,Irish,Irish,European,42.3019,305.0230,6.1270,14.6296,Irish
13074,Irish,Irish,European,32.2136,387.6475,12.5556,26.6290,Irish
13075,Irish,Irish,European,376.9681,2247.0501,113.5373,34.8904,Irish
13076,Irish,Irish,European,64.0999,2140.5585,180.5930,125.1503,Irish
13077,Irish,Irish,European,37.2387,756.6060,22.5565,62.6936,Irish
13078,Irish,Irish,European,107.5452,2092.3367,93.6720,144.9218,Irish
13079,Irish,Irish,European,10.8800,389.1200,15.6608,34.6688,Irish
13080,Irish,Irish,European,68.6736,414.7200,8.1036,14.5584,Irish
13081,Irish,Irish,European,,,,,Irish
13082,Irish,Irish,European,78.2054,622.5888,17.8407,26.3177,Irish
13083,Irish,Irish,European,447.2478,2861.0067,140.1098,60.6220,Irish
13084,Irish,Irish,European,510.8647,2507.4870,36.2771,57.2695,Irish
13085,Irish,Irish,European,205.3329,1047.3128,35.8713,16.9662,Irish
13086,Irish,Irish,European,345.7730,2524.3840,60.5132,110.4262,Irish
13087,Irish,Irish,European,58.4894,833.7600,19.4130,62.6782,Irish
13088,Irish,Irish,European,173.9737,1404.5894,46.8398,67.0090,Irish
13089,Irish,Irish,European,261.6071,3387.1654,475.5399,55.6985,Irish
13090,Irish,Irish,European,62.3327,6295.2374,848.1821,271.0206,Irish
13091,Irish,Irish,European,100.4614,719.4400,22.4772,29.5417,Irish
13092,Irish,Irish,European,33.7515,1106.4947,27.4762,100.2605,Irish
13093,Irish,Irish,European,596.5960,2617.7840,39.1190,26.9856,Irish
13094,Irish,Irish,European,465.5710,2203.6500,85.2413,16.4769,Irish
13095,Irish,Irish,European,76.6585,1699.1685,95.1721,113.7785,Irish
13096,Irish,Irish,European,69.4176,1906.3907,105.9025,135.3710,Irish
13097,Irish,Irish,European,47.1580,1421.5617,161.2771,66.6116,Irish
13098,Irish,Irish,European,205.9243,2971.5502,92.4975,198.2772,Irish
13099,Irish,Irish,European,235.3227,1816.6264,53.5600,78.4128,Irish
13100,Irish,Irish,European,559.2350,3940.9240,54.2260,187.9653,Irish
13101,Irish,Irish,European,242.9113,2217.9193,51.3273,129.0608,Irish
13102,Irish,Irish,European,23.7533,1247.6822,11.6504,129.0796,Irish
13103,Irish,Irish,European,125.0488,2484.5890,180.5234,138.6714,Irish
13104,Irish,Irish,European,222.1907,3125.8843,292.6171,122.8157,Irish
13105,Irish,Irish,European,63.4694,3578.4724,74.7171,347.3237,Irish
13106,Irish,Irish,European,190.0371,2742.4158,316.6116,74.8323,Irish
13107,Irish,Irish,European,164.9331,1560.6269,114.3783,51.0773,Irish
13108,Irish,Irish,European,201.6761,1590.2701,117.7877,36.1084,Irish
13109,Irish,Irish,European,102.5611,2768.2778,259.3733,151.8125,Irish
13110,Irish,Irish,European,144.2425,1038.4977,106.9060,3.5368,Irish
13111,Irish,Irish,European,169.3309,1007.3240,21.4909,31.9725,Irish
13112,Irish,Irish,European,192.6253,5214.3316,313.1784,349.2129,Irish
13113,Irish,Irish,European,80.7794,343.4800,7.3822,1.6676,Irish
13114,Irish,Irish,European,62.8560,2071.0800,136.7299,148.6303,Irish
134559,Irish,Irish,European,112.1178,1323.2471,191.9718,8.4238,Irish
134560,Irish,Irish,European,60.7814,13279.9673,619.8700,1154.7246,Irish
134561,Irish,Irish,European,165.1338,767.1116,27.0165,3.6409,Irish
134562,Irish,Irish,European,121.2569,691.6392,42.4871,7.8733,Irish
134563,Irish,Irish,European,699.7896,3995.4984,65.0418,106.5633,Irish
134564,Irish,Irish,European,80.9800,1719.3889,207.8414,66.3261,Irish
134565,Irish,Irish,European,206.3560,3238.5818,267.8777,144.5149,Irish
134566,Irish,Irish,European,376.9113,3209.5680,249.1193,86.2715,Irish
134567,Irish,Irish,European,104.8701,2919.0072,171.9128,199.2303,Irish
134568,Irish,Irish,European,165.6419,1049.6963,18.0868,34.9823,Irish
134569,Irish,Irish,European,105.9317,4691.2580,281.9015,343.9315,Irish
134570,Irish,Irish,European,151.9065,1772.8765,132.9456,72.6084,Irish
134571,Irish,Irish,European,108.5094,2195.5682,100.9740,154.5212,Irish
134572,Irish,Irish,European,54.4732,1494.5072,91.1644,100.4415,Irish
134573,Irish,Irish,European,39.4030,9280.3843,1399.0930,350.9916,Irish
134574,Irish,Irish,European,86.8935,1203.6805,41.8864,77.3649,Irish
134575,Irish,Irish,European,14.9440,1274.4027,271.0406,6.9600,Irish
134576,Irish,Irish,European,167.8011,3454.9760,234.5667,199.1394,Irish
134577,Irish,Irish,European,165.2525,1800.4672,183.9437,50.8779,Irish
134578,Irish,Irish,European,65.1138,5338.8889,420.3429,377.0961,Irish
134579,Irish,Irish,European,90.8371,983.2141,107.7870,20.2584,Irish
134580,Irish,Irish,European,260.2678,2945.5435,188.6627,133.4984,Irish
134581,Irish,Irish,European,31.1696,151.8607,5.4832,1.8730,Irish
134582,Irish,Irish,European,219.9771,2780.6865,173.9172,137.4620,Irish
134583,Irish,Irish,European,20.7171,1203.4682,185.0401,37.8382,Irish
134584,Irish,Irish,European,265.8749,2429.6399,185.6881,70.6545,Irish
134585,Irish,Irish,European,251.6426,3215.1219,153.3355,180.4518,Irish
134586,Irish,Irish,European,191.6206,1096.1380,29.1363,29.3414,Irish
134587,Irish,Irish,European,58.8291,2105.2981,285.4007,77.7109,Irish
134588,Irish,Irish,European,384.0086,2438.1885,123.9183,45.5528,Irish
134589,Irish,Irish,European,242.1928,2925.0805,139.3666,153.1335,Irish
134590,Irish,Irish,European,32.8377,1309.0849,213.5073,36.7245,Irish
134591,Irish,Irish,European,236.1108,3776.4441,181.0447,237.2540,Irish
134592,Irish,Irish,European,120.7797,2640.5980,144.9945,172.2793,Irish
134593,Irish,Irish,European,22.2480,539.5000,100.7280,2.8510,Irish
134594,Irish,Irish,European,37.3761,1200.1567,182.4234,32.3230,Irish
134595,Irish,Irish,European,81.3079,4022.9062,246.8945,295.5506,Irish
134596,Irish,Irish,European,38.5683,3800.2121,234.6218,294.7689,Irish
134597,Irish,Irish,European,51.4594,221.0600,5.5104,0.9912,Irish
134598,Irish,Irish,European,438.2690,6203.1234,336.7799,344.7539,Irish
134599,Irish,Irish,European,255.7080,5058.5720,322.1334,298.2073,Irish
134600,Irish,Irish,European,90.0412,5227.9440,317.1488,392.9356,Irish
134601,Irish,Irish,European,77.6824,338.3520,8.8518,1.5351,Irish
134602,Irish,Irish,European,222.9261,3128.7708,292.7366,122.8532,Irish
134603,Irish,Irish,European,70.6680,1586.3648,226.0200,39.6946,Irish
134604,Irish,Irish,European,76.0947,955.7433,75.0174,42.1846,Irish
134605,Irish,Irish,European,103.6935,1885.8465,211.0620,65.7722,Irish
134606,Irish,Irish,European,51.4585,3248.1800,197.0181,245.7241,Irish
134607,Irish,Irish,European,72.5821,770.2839,65.9676,26.2012,Irish
134608,Irish,Irish,European,99.6500,1313.8777,200.2737,8.0999,Irish
134609,Irish,Irish,European,19520.4394,693944.4540,40771.1019,49257.8928,Irish
134610,Irish,Irish,European,10977.3032,66044.5748,4517.1311,711.1538,Irish
134611,Irish,Irish,European,0.0000,397.8009,78.4382,9.1460,Irish
134612,Irish,Irish,European,102.4078,1119.5967,106.1160,31.4161,Irish
134613,Irish,Irish,European,19.7124,2742.7260,525.8960,61.4499,Irish
134614,Irish,Irish,European,53.2616,14180.1500,513.1905,1307.5452,Irish
134615,Irish,Irish,European,142.6395,829.8240,26.5599,18.7263,Irish
134616,Irish,Irish,European,60.4380,1578.0000,37.5540,143.6160,Irish
134617,Irish,Irish,European,123.8335,1086.1836,102.1783,19.0560,Irish
134618,Irish,Irish,European,380.4274,2226.8640,34.7540,64.5352,Irish
134619,Irish,Irish,European,169.6264,1864.7795,78.3997,98.3571,Irish
134620,Irish,Irish,European,34.0951,2497.1354,37.4853,248.5065,Irish
134621,Irish,Irish,European,59.2362,1528.9263,216.7319,48.9598,Irish
134622,Irish,Irish,European,130.5339,663.7800,12.0725,9.4436,Irish
134623,Irish,Irish,European,20.7815,234.9340,8.7299,14.3534,Irish
134624,Irish,Irish,European,144.7337,831.0503,54.2752,6.4703,Irish
134625,Irish,Irish,European,,,,,Irish
134626,Irish,Irish,European,164.9983,958.9001,20.1607,28.7691,Irish
134627,Irish,Irish,European,1.0523,422.1150,0.4826,46.4366,Irish
134628,Irish,Irish,European,52.4581,354.5727,21.0092,10.5588,Irish
134629,Irish,Irish,European,2.8678,1712.9340,188.8058,99.7860,Irish
134630,Irish,Irish,European,15.0200,70.1725,3.7696,0.4704,Irish
134631,Irish,Irish,European,835.1845,11627.4028,747.6304,589.4049,Irish
134632,Irish,Irish,European,4.5403,345.0183,27.0169,23.8541,Irish
134633,Irish,Irish,European,96.0286,1351.2534,23.7963,102.6967,Irish
134634,Irish,Irish,European,164.7017,1591.1760,71.8888,81.6543,Irish
134635,Irish,Irish,European,5.8316,493.1800,4.2722,50.3894,Irish
134636,Irish,Irish,European,20.5237,77.7514,0.3553,0.2599,Irish
134637,Irish,Irish,European,84.2936,2526.9600,94.1344,212.2792,Irish
134638,Irish,Irish,European,67.7485,767.4000,42.0551,40.1533,Irish
134639,Irish,Irish,European,61.0871,742.5606,36.2083,42.6206,Irish
134640,Irish,Irish,European,34.0902,331.6603,18.1033,14.2114,Irish
134641,Irish,Irish,European,110.1908,1598.8000,26.9717,125.6428,Irish
134642,Irish,Irish,European,11.0556,60.5800,2.4439,2.2063,Irish
134643,Irish,Irish,European,79.0333,2051.1507,100.8802,152.5227,Irish
134644,Irish,Irish,European,11.7000,50.2500,1.9092,0.1590,Irish
134645,Irish,Irish,European,141.0361,8510.5725,460.8872,674.6411,Irish
134646,Irish,Irish,European,287.2845,1815.5914,34.0205,67.8530,Irish
134647,Irish,Irish,European,0.0000,50.4333,11.2200,0.2833,Irish
134648,Irish,Irish,European,4.4505,89.1000,3.0639,7.2876,Irish
134649,Irish,Irish,European,152.1948,973.8600,16.3922,39.1040,Irish
134650,Irish,Irish,European,27.4413,424.0232,34.2155,20.9567,Irish
134651,Irish,Irish,European,194.2068,891.7140,31.7256,6.0000,Irish
134652,Irish,Irish,European,0.0000,25.2167,5.6100,0.1417,Irish
134653,Irish,Irish,European,14.6862,89.1767,7.0860,0.9412,Irish
134654,Irish,Irish,European,63.1789,1829.3864,91.3853,134.8159,Irish
134655,Irish,Irish,European,492.6226,2769.1960,59.5063,60.3793,Irish
134656,Irish,Irish,European,232.2992,1944.8986,234.3090,9.1862,Irish
134657,Irish,Irish,European,45.0768,724.0825,18.5291,57.4682,Irish
134658,Irish,Irish,European,119.6153,503.2888,12.5380,1.5683,Irish
134659,Irish,Irish,European,1.9488,1090.8554,83.3467,80.7632,Irish
134660,Irish,Irish,European,75.9525,1131.3470,40.2143,74.6025,Irish
134661,Irish,Irish,European,81.3020,1751.0000,101.7380,118.9300,Irish
134662,Irish,Irish,European,32.0000,1335.2533,77.7384,97.9333,Irish
134663,Irish,Irish,European,0.0000,108.3000,0.1110,12.0000,Irish
134664,Irish,Irish,European,8.9677,36.9032,0.4413,0.0487,Irish
134665,Irish,Irish,European,49.5386,455.8471,24.7329,17.9578,Irish
134666,Irish,Irish,European,39.8455,1011.2120,102.6578,48.5287,Irish
134667,Irish,Irish,European,239.5286,3661.5587,313.3057,158.7050,Irish
134668,Irish,Irish,European,13.0659,556.9001,13.4068,50.4128,Irish
134669,Irish,Irish,European,45.1581,2598.0959,267.2975,145.4174,Irish
134670,Irish,Irish,European,0.0000,119.3400,0.0000,13.5000,Irish
134671,Irish,Irish,European,213.1400,1569.2832,24.8560,73.8816,Irish
134672,Irish,Irish,European,336.3792,3259.7845,134.7365,154.6324,Irish
134673,Irish,Irish,European,2.9534,1283.0310,25.7904,129.8225,Irish
134674,Irish,Irish,European,169.4280,1399.8000,31.4790,70.8840,Irish
134675,Irish,Irish,European,,,,,Irish
134676,Irish,Irish,European,463.3483,3597.3439,90.1485,152.3825,Irish
134677,Irish,Irish,European,182.4449,1048.0265,20.1108,29.7152,Irish
134678,Irish,Irish,European,15.4860,769.8300,97.4035,33.6973,Irish
134679,Irish,Irish,European,333.3231,4595.0991,80.0141,338.4012,Irish
134680,Irish,Irish,European,9.9507,90.3532,4.2288,0.1700,Irish
134681,Irish,Irish,European,236.5073,2019.5498,114.3604,70.0050,Irish
134682,Irish,Irish,European,296.7080,1352.9240,20.8250,17.4690,Irish
134683,Irish,Irish,European,64.9793,670.5840,16.4492,41.1872,Irish
134684,Irish,Irish,European,86.6000,1423.8000,21.0020,119.4240,Irish
134685,Irish,Irish,European,28.4050,259.0000,7.7630,14.6200,Irish
134686,Irish,Irish,European,277.3937,1951.1573,33.0900,76.6859,Irish
134687,Irish,Irish,European,,,,,Irish
134688,Irish,Irish,European,20.4950,729.0396,7.9453,65.0998,Irish
134689,Irish,Irish,European,436.3763,4612.3965,402.4652,137.6064,Irish
134690,Irish,Irish,European,114.0400,1923.6442,34.8825,157.5043,Irish
134691,Irish,Irish,European,38.8073,1003.0338,66.4570,67.8189,Irish
134692,Irish,Irish,European,10.1882,30.2500,0.5082,0.0847,Irish
134693,Irish,Irish,European,66.3330,292.7210,7.3811,2.4984,Irish
134694,Irish,Irish,European,108.3106,1122.3608,94.1665,33.4435,Irish
134695,Irish,Irish,European,221.6825,1214.6300,16.4412,27.0708,Irish
134696,Irish,Irish,European,38.2893,640.3975,19.6942,48.6101,Irish
134697,Irish,Irish,European,91.9832,610.9200,19.6990,22.5288,Irish
134698,Irish,Irish,European,47.1851,1131.6032,10.3344,104.7558,Irish
134699,Irish,Irish,European,191.6206,1096.1380,29.1363,29.3414,Irish
134700,Irish,Irish,European,132.0804,2888.5179,23.8229,255.2535,Irish
134701,Irish,Irish,European,110.5103,2118.4425,112.6466,139.1372,Irish
134702,Irish,Irish,European,37.9369,1687.0172,145.2566,107.5100,Irish
134703,Irish,Irish,European,418.9924,5681.0997,337.7906,306.7102,Irish
134704,Irish,Irish,European,10.0622,299.8298,19.7309,20.7515,Irish
134705,Irish,Irish,European,759.0506,3689.0010,64.6452,48.9482,Irish
134706,Irish,Irish,European,39.6500,839.0000,18.6508,72.4520,Irish
134707,Irish,Irish,European,16.4390,69.9790,0.6588,0.1953,Irish
134708,Irish,Irish,European,77.4184,3750.0542,268.7747,261.6565,Irish
134709,Irish,Irish,European,0.0000,264.4520,33.6600,13.6500,Irish
134710,Irish,Irish,European,17.0168,136.0300,5.6668,5.4686,Irish
134711,Irish,Irish,European,1.4053,634.6681,95.7896,27.5174,Irish
134712,Irish,Irish,European,91.9817,516.3600,9.7400,15.5687,Irish
134713,Irish,Irish,European,29.3754,768.5668,5.4826,70.9309,Irish
134714,Irish,Irish,European,42.4504,231.3575,5.0242,4.6250,Irish
134715,Irish,Irish,European,144.2855,1741.4874,198.8750,36.2897,Irish
134716,Irish,Irish,European,135.6426,3876.9133,154.7262,318.9457,Irish
134717,Irish,Irish,European,87.9688,1155.3681,117.8240,38.2867,Irish
134718,Irish,Irish,European,0.0000,0.0000,0.0000,0.0000,Irish
134719,Irish,Irish,European,243.7519,1549.1510,17.3572,63.3070,Irish
134720,Irish,Irish,European,134.3915,1642.8140,27.6545,116.8575,Irish
134721,Irish,Irish,European,16.3543,926.8875,13.8396,91.3097,Irish
134722,Irish,Irish,European,2.2870,219.1073,0.5780,23.4351,Irish
134723,Irish,Irish,European,98.1295,3028.5163,345.3356,132.8440,Irish
134724,Irish,Irish,European,219.2496,1331.9592,83.8723,37.1378,Irish
134725,Irish,Irish,European,44.3554,1412.4135,108.8057,91.2761,Irish
134726,Irish,Irish,European,200.5235,2233.5385,135.0578,100.6830,Irish
134727,Irish,Irish,European,24.0692,1734.9770,176.5279,104.3222,Irish
134728,Irish,Irish,European,160.1913,1916.7773,43.6183,127.2590,Irish
134729,Irish,Irish,European,180.1670,2508.1960,136.1097,142.9986,Irish
134730,Irish,Irish,European,19.9340,827.5862,8.2399,85.7811,Irish
134731,Irish,Irish,European,93.1289,7075.1691,733.9683,426.3519,Irish
134732,Irish,Irish,European,15.7140,342.0000,10.6860,28.8000,Irish
134733,Irish,Irish,European,55.3417,514.8685,18.7264,29.8520,Irish
134734,Irish,Irish,European,272.0397,4267.0600,69.2175,331.7018,Irish
134735,Irish,Irish,European,81.2922,575.9700,3.7376,30.2325,Irish
134736,Irish,Irish,European,17.7948,867.1308,156.8980,18.2920,Irish
134737,Irish,Irish,European,56.1847,448.9557,15.2697,23.5224,Irish
134738,Irish,Irish,European,62.4603,255.4175,3.4918,0.6086,Irish
134739,Irish,Irish,European,50.7132,206.3100,1.0952,1.0846,Irish
134740,Irish,Irish,European,220.7351,1574.2092,37.6195,62.8292,Irish
134741,Irish,Irish,European,393.2742,2080.9587,43.3280,38.6912,Irish
134742,Irish,Irish,European,107.5235,864.2965,43.4089,35.2752,Irish
134743,Irish,Irish,European,28.8854,471.7043,17.1700,34.9792,Irish
134744,Irish,Irish,European,119.7153,3757.0982,483.3970,141.1831,Irish
134745,Irish,Irish,European,4.1956,139.1930,0.3174,13.5750,Irish
134746,Irish,Irish,European,27.5661,651.3026,97.0545,16.1783,Irish
134747,Irish,Irish,European,70.4615,500.7970,22.7670,16.3518,Irish
134748,Irish,Irish,European,8.8450,97.7950,4.2075,0.1700,Irish
134749,Irish,Irish,European,3.3494,132.8250,3.2454,11.8660,Irish
134750,Irish,Irish,European,33.4199,314.5893,15.2382,14.4188,Irish
134751,Irish,Irish,European,0.0000,151.3000,33.6600,0.8500,Irish
134752,Irish,Irish,European,26.7073,2849.7960,344.9478,142.1929,Irish
134753,Irish,Irish,European,10.1520,687.6000,10.6560,68.7600,Irish
134754,Irish,Irish,European,6.3420,1476.7746,2.1269,162.1684,Irish
134755,Irish,Irish,European,10.1843,197.0762,15.9360,9.9835,Irish
134756,Irish,Irish,European,34.8647,1131.8387,27.4815,100.2658,Irish
134757,Irish,Irish,European,8.2991,575.5233,10.0858,57.1025,Irish
134758,Irish,Irish,European,63.3170,274.5825,6.7695,0.9460,Irish
134759,Irish,Irish,European,369.6934,2052.0070,46.6500,56.7685,Irish
134760,Irish,Irish,European,109.6948,1100.4014,148.7155,5.3436,Irish
134761,Irish,Irish,European,195.4645,982.0193,13.4344,18.5735,Irish
134762,Irish,Irish,European,218.8818,1695.3884,64.7233,68.0464,Irish
134763,Irish,Irish,European,409.6925,1853.4870,32.3327,8.7822,Irish
134764,Irish,Irish,European,87.7911,657.4725,69.6218,2.1782,Irish
134765,Irish,Irish,European,267.6136,2354.7155,52.6025,134.3821,Irish
134766,Irish,Irish,European,192.7627,2332.5480,76.6788,148.1008,Irish
134767,Irish,Irish,European,64.5900,970.3900,31.1101,71.3020,Irish
134768,Irish,Irish,European,177.7581,2494.1746,146.6315,142.3932,Irish
134769,Irish,Irish,European,180.1740,2827.4605,173.2666,170.8600,Irish
134770,Irish,Irish,European,34816.4850,159027.0000,2585.2750,616.9900,Irish
134771,Irish,Irish,European,38.1522,1706.3987,32.5857,165.2020,Irish
134772,Irish,Irish,European,144.6334,2899.2608,103.5114,231.1217,Irish
134773,Irish,Irish,European,438.6223,2905.3415,163.7610,89.5194,Irish
134774,Irish,Irish,European,135.2279,1042.6820,35.3802,42.5983,Irish
134775,Irish,Irish,European,1.6652,7.2625,0.2124,0.0516,Irish
134776,Irish,Irish,European,367.0290,1571.4000,5.3430,14.4000,Irish
134777,Irish,Irish,European,68.4090,1309.4885,18.4222,111.9674,Irish
134778,Irish,Irish,European,156.9052,1328.2632,50.6982,59.8027,Irish
134779,Irish,Irish,European,295.3765,1547.2280,33.3517,40.8328,Irish
134780,Irish,Irish,European,354.7459,2185.5960,46.4540,66.8422,Irish
134781,Irish,Irish,European,92.4598,532.6775,15.0358,11.6234,Irish
134782,Irish,Irish,European,62.2790,1305.5160,46.7441,104.4317,Irish
134783,Irish,Irish,European,74.4615,674.0930,27.8965,27.3590,Irish
134784,Irish,Irish,European,92.6908,2106.6150,158.2594,120.2683,Irish
134785,Irish,Irish,European,11.2429,158.7900,24.3819,2.0488,Irish
134786,Irish,Irish,European,7.6416,240.5100,3.4772,22.8632,Irish
134787,Irish,Irish,European,49.5833,576.3111,5.8116,40.7551,Irish
134788,Irish,Irish,European,488.0653,3792.2300,58.2404,183.3330,Irish
134789,Irish,Irish,European,46.4840,1122.9000,40.4760,87.4420,Irish
134790,Irish,Irish,European,54.3451,2256.3478,390.0246,39.9085,Irish
134791,Irish,Irish,European,232.9647,950.1900,2.0240,0.1600,Irish
134792,Irish,Irish,European,18.9543,1717.7647,52.3133,161.1640,Irish
134793,Irish,Irish,European,51.1434,479.6890,15.7844,29.3505,Irish
134795,Irish,Irish,European,39.2870,446.3828,4.1017,7.5371,Irish
134796,Irish,Irish,European,151.9340,967.8425,30.1054,31.3187,Irish
134797,Irish,Irish,European,40.6867,1924.4163,368.3817,23.9367,Irish
134798,Irish,Irish,European,67.4077,1276.5957,23.4905,107.0211,Irish
134799,Irish,Irish,European,23.1988,1515.4097,146.1892,91.1353,Irish
134800,Irish,Irish,European,16.1454,70.9240,2.6378,0.4183,Irish
134801,Irish,Irish,European,61.3155,1941.4105,300.9323,47.4968,Irish
134802,Irish,Irish,European,16.4192,217.7667,19.8662,8.5333,Irish
134803,Irish,Irish,European,622.1928,2867.0920,45.4609,35.8450,Irish
134804,Irish,Irish,European,34.0194,314.6794,34.0194,4.2524,Irish
134805,Irish,Irish,European,195.6153,2263.2499,139.4294,117.1172,Irish
134806,Irish,Irish,European,28.3145,518.8650,18.5365,41.2977,Irish
134807,Irish,Irish,European,245.1740,1665.1700,97.8142,33.9423,Irish
134808,Irish,Irish,European,819.0740,4310.7772,131.0699,56.3233,Irish
134809,Irish,Irish,European,76.3587,13822.8397,568.3451,1233.0495,Irish
134810,Irish,Irish,European,262.7676,1257.3000,51.8544,9.1620,Irish
134811,Irish,Irish,European,1.4139,89.0775,4.9793,7.4799,Irish
134812,Irish,Irish,European,5.8967,150.8193,0.0000,0.0425,Irish
134813,Irish,Irish,European,110.1729,1207.0919,69.4263,56.5704,Irish
134814,Irish,Irish,European,117.6488,491.0845,3.6691,0.3855,Irish
134815,Irish,Irish,European,382.8240,2411.4600,26.7888,93.6648,Irish
134816,Irish,Irish,European,688.8772,4472.3640,120.3910,146.2099,Irish
134817,Irish,Irish,European,108.8530,1222.1717,44.9531,70.8416,Irish
134818,Irish,Irish,European,376.1532,7125.9700,74.1300,674.5656,Irish
134819,Irish,Irish,European,307.6690,2911.6290,163.0101,134.0119,Irish
134820,Irish,Irish,European,31.2392,333.8225,15.9596,16.0978,Irish
134821,Irish,Irish,European,19.8641,377.2633,18.0341,26.1396,Irish
134822,Irish,Irish,European,80.7578,845.0213,69.3024,32.0917,Irish
134823,Irish,Irish,European,223.8951,1500.7840,35.8947,65.0691,Irish
134824,Irish,Irish,European,13.7544,434.8165,6.6017,41.5265,Irish
134825,Irish,Irish,European,64.7635,322.8895,14.4198,1.3051,Irish
134826,Irish,Irish,European,23.8576,129.9533,7.4935,1.6540,Irish
134827,Irish,Irish,European,119.5458,906.6649,28.4462,38.1110,Irish
134828,Irish,Irish,European,42.6995,162.3050,2.3794,1.0385,Irish
134829,Irish,Irish,European,347.8258,1956.2760,41.5325,44.0263,Irish
134830,Irish,Irish,European,30.0999,366.5140,0.7268,27.4403,Irish
134831,Irish,Irish,European,10.7703,539.3280,3.9380,58.9250,Irish
134832,Irish,Irish,European,521.7593,3616.6900,37.5859,151.3256,Irish
134833,Irish,Irish,European,69510.9618,323753.4216,9816.9015,1758.9423,Irish
134834,Irish,Irish,European,69.7354,3036.3143,93.5841,267.5981,Irish
134835,Irish,Irish,European,,,,,Irish
134836,Irish,Irish,European,44.3315,923.2315,62.2857,54.4072,Irish
134837,Irish,Irish,European,63.2117,1219.3955,4.1306,101.0362,Irish
134838,Irish,Irish,European,43.4373,239.1505,14.3865,0.7897,Irish
134839,Irish,Irish,European,90.1128,812.9065,36.2058,37.5466,Irish
134840,Irish,Irish,European,652.2779,2993.1930,52.3078,19.8869,Irish
134841,Irish,Irish,European,88.5212,1688.4333,180.9086,70.7322,Irish
134842,Irish,Irish,European,108.5802,1849.0220,180.7964,74.3093,Irish
134843,Irish,Irish,European,3.9963,408.0886,47.6502,21.6206,Irish
134844,Irish,Irish,European,77.8502,697.5385,32.0803,32.9976,Irish
134845,Irish,Irish,European,164.7060,2121.3600,34.7420,151.8640,Irish
134846,Irish,Irish,European,18.1959,1036.0977,136.5698,43.4548,Irish
134847,Irish,Irish,European,28.8530,1376.0645,197.3089,44.9401,Irish
134848,Irish,Irish,European,297.8019,1990.2745,33.9924,74.0327,Irish
134849,Irish,Irish,European,88.6625,1099.1044,30.7117,74.7489,Irish
134850,Irish,Irish,European,378.9173,3440.7920,138.7787,155.3111,Irish
134851,Irish,Irish,European,18.5991,1069.8553,67.0498,81.6216,Irish
134852,Irish,Irish,European,54.9290,878.8057,40.6820,56.8017,Irish
134853,Irish,Irish,European,293.7424,1520.0875,20.4626,27.8774,Irish
134854,Irish,Irish,European,140.4166,1219.6714,151.1405,5.9266,Irish
134855,Irish,Irish,European,128.6052,2024.1900,82.7927,146.6128,Irish
134856,Irish,Irish,European,34.7531,3375.1292,386.6372,181.6624,Irish
134857,Irish,Irish,European,29.7240,402.0000,12.3360,28.9500,Irish
134858,Irish,Irish,European,685.0183,4871.4407,59.2757,217.1370,Irish
134859,Irish,Irish,European,161.9984,1983.0683,218.8993,57.9831,Irish
134860,Irish,Irish,European,5.1620,22.2500,1.1392,0.0890,Irish
134861,Irish,Irish,European,0.0000,209.0703,2.8050,0.0708,Irish
134862,Irish,Irish,European,182.9576,2861.8225,233.3059,133.6354,Irish
134863,Irish,Irish,European,9.0410,287.8000,6.2110,26.7640,Irish
134864,Irish,Irish,European,103.1985,1934.7822,165.5493,96.4283,Irish
134865,Irish,Irish,European,154.3714,1509.3662,24.8009,92.8597,Irish
134866,Irish,Irish,European,27.9681,3833.7257,735.0316,86.6224,Irish
134867,Irish,Irish,European,35.9306,2470.7540,282.3430,133.6041,Irish
134868,Irish,Irish,European,1103.7329,7366.0360,138.1968,278.7378,Irish
134869,Irish,Irish,European,228.4667,2491.0613,168.2551,98.1716,Irish
134870,Irish,Irish,European,24.0684,343.5440,14.2719,22.8703,Irish
134871,Irish,Irish,European,1.5018,2951.0567,0.8009,326.3717,Irish
134872,Irish,Irish,European,18.0022,163.5620,20.2770,1.1781,Irish
134873,Irish,Irish,European,14.6351,940.3588,47.5219,75.8652,Irish
134874,Irish,Irish,European,134.6750,3572.1147,157.1315,270.1018,Irish
134875,Irish,Irish,European,,,,,Irish
134876,Irish,Irish,European,413.3472,2527.5860,66.4161,70.7079,Irish
134877,Irish,Irish,European,990.1929,9202.3733,50.1376,571.2132,Irish
134878,Irish,Irish,European,82.5622,574.9477,13.5350,24.8541,Irish
134879,Irish,Irish,European,169.0375,1490.0825,57.8875,64.1680,Irish
134880,Irish,Irish,European,37.3101,703.8295,23.0972,56.5189,Irish
134881,Irish,Irish,European,897.4450,11270.1748,582.4129,599.4273,Irish
134882,Irish,Irish,European,5.7015,191.3867,1.5546,18.6324,Irish
134883,Irish,Irish,European,47.6662,649.0977,20.9269,45.2752,Irish
134884,Irish,Irish,European,44.8375,1059.3346,110.8143,47.2349,Irish
134885,Irish,Irish,European,268.7909,1410.7700,27.9880,22.8766,Irish
134886,Irish,Irish,European,14.1436,80.7817,5.6724,0.3401,Irish
134887,Irish,Irish,European,15.6000,204.3750,7.0518,14.5335,Irish
134888,Irish,Irish,European,154.1545,4830.0345,256.3248,352.4498,Irish
134889,Irish,Irish,European,36.5694,1330.0754,97.0544,81.1137,Irish
134890,Irish,Irish,European,190.9421,3306.5214,358.5939,127.5040,Irish
134891,Irish,Irish,European,795.8881,4959.9550,90.6529,157.5568,Irish
134892,Irish,Irish,European,289.2772,1550.5554,30.1774,40.0491,Irish
134893,Irish,Irish,European,155.7521,863.5560,50.9410,13.2512,Irish
134894,Irish,Irish,European,21.8670,350.3400,6.9930,28.0500,Irish
134895,Irish,Irish,European,,,,,Irish
134896,Irish,Irish,European,18.9227,430.9350,4.3956,39.0877,Irish
134897,Irish,Irish,European,26.0577,227.6375,11.2609,10.0378,Irish
134898,Irish,Irish,European,31.6050,131.0900,4.3360,0.5544,Irish
134899,Irish,Irish,European,138.6855,1523.9067,54.3199,87.9920,Irish
134900,Irish,Irish,European,117.3884,485.9140,2.8543,4.0466,Irish
134901,Irish,Irish,European,29.3023,1408.0607,153.3076,73.1782,Irish
134902,Irish,Irish,European,46.1063,967.0657,12.6057,87.9583,Irish
134903,Irish,Irish,European,482.4107,3748.8127,43.5070,190.7405,Irish
134904,Irish,Irish,European,42.9990,173.7500,1.3455,0.3990,Irish
134905,Irish,Irish,European,42058.9648,513872.7527,7003.2908,35377.9400,Irish
134906,Irish,Irish,European,79.5390,1097.1260,36.9062,75.2585,Irish
134907,Irish,Irish,European,47.5802,939.8452,54.9597,59.4879,Irish
134908,Irish,Irish,European,15.9600,792.0000,8.7120,83.2320,Irish
134909,Irish,Irish,European,5.1029,83.8857,12.6942,1.0771,Irish
134910,Irish,Irish,European,47.1666,852.0100,29.7467,65.9125,Irish
134911,Irish,Irish,European,49.8415,1150.0995,30.8654,94.4479,Irish
134912,Irish,Irish,European,119.0893,897.2960,1.9402,40.8000,Irish
134913,Irish,Irish,European,25.8082,102.3325,1.4359,0.6978,Irish
134914,Irish,Irish,European,15.2796,387.9837,27.2723,26.7313,Irish
134915,Irish,Irish,European,1.6800,7.2000,0.2500,0.0100,Irish
134916,Irish,Irish,European,806.3840,3274.3533,11.2200,0.2833,Irish
134917,Irish,Irish,European,239.7116,1350.2492,16.3219,43.2413,Irish
134918,Irish,Irish,European,14.6408,137.8090,5.0833,9.0530,Irish
134919,Irish,Irish,European,13.6202,6194.2002,573.0272,431.7210,Irish
134920,Irish,Irish,European,20.2001,1102.9000,40.6619,97.6203,Irish
134921,Irish,Irish,European,54.5045,322.1680,13.4879,6.0360,Irish
134922,Irish,Irish,European,0.0000,403.4676,89.7602,2.2667,Irish
134923,Irish,Irish,European,27.2562,952.9958,5.7412,93.4502,Irish
134924,Irish,Irish,European,130.0492,1009.4600,6.6514,55.8656,Irish
134925,Irish,Irish,European,11.0879,44.8540,1.0147,0.6186,Irish
134926,Irish,Irish,European,1012.2187,5237.6790,199.0000,42.6524,Irish
134927,Irish,Irish,European,20.0150,779.1120,11.8518,75.8160,Irish
134928,Irish,Irish,European,,,,,Irish
134929,Irish,Irish,European,691.5580,4042.2460,80.2586,120.8413,Irish
134930,Irish,Irish,European,278.3097,1212.6500,12.7785,8.7480,Irish
134931,Irish,Irish,European,35.3240,682.3787,108.5778,12.5668,Irish
134932,Irish,Irish,European,7.1215,653.9100,12.5479,65.2639,Irish
134933,Irish,Irish,European,282.1240,1087.0000,0.0000,0.3410,Irish
134934,Irish,Irish,European,36.3612,695.3056,57.4745,35.9809,Irish
134935,Irish,Irish,European,35.6479,1452.0672,148.3420,76.4546,Irish
134936,Irish,Irish,European,29.3275,121.2868,1.1818,2.3826,Irish
134937,Irish,Irish,European,14.9068,202.6673,4.9146,13.9857,Irish
134938,Irish,Irish,European,136.0514,1051.1760,61.1234,31.9284,Irish
134939,Irish,Irish,European,48.1515,433.5000,40.8490,11.1435,Irish
134940,Irish,Irish,European,5.9407,1027.3107,82.0280,74.1178,Irish
134941,Irish,Irish,European,17.6269,281.5545,6.1953,23.4303,Irish
134942,Irish,Irish,European,127.2727,1093.1645,36.3488,59.6505,Irish
134943,Irish,Irish,European,38.6315,158.5875,3.4438,1.0050,Irish
134944,Irish,Irish,European,17.9122,334.9407,28.7354,17.1641,Irish
134945,Irish,Irish,European,377.3924,8456.1497,660.5324,468.6164,Irish
134946,Irish,Irish,European,48.9383,431.7737,15.9049,23.7106,Irish
134947,Irish,Irish,European,364.1203,2466.3899,38.1503,104.7491,Irish
134948,Irish,Irish,European,108.5861,1966.4980,113.3367,122.9233,Irish
134949,Irish,Irish,European,34.9412,683.7850,10.2993,58.1237,Irish
134950,Irish,Irish,European,47.8026,3687.3872,386.9121,210.2530,Irish
134951,Irish,Irish,European,8.4292,1468.9960,1.0956,162.2009,Irish
134952,Irish,Irish,European,19.8673,278.8439,44.8800,1.1333,Irish
134953,Irish,Irish,European,49.2711,4659.3928,376.0625,320.5615,Irish
134954,Irish,Irish,European,14.7584,267.0342,16.3884,16.6594,Irish
134955,Irish,Irish,European,9.4441,693.2398,94.4844,29.0874,Irish
134956,Irish,Irish,European,56.7628,2268.2450,59.7354,214.6552,Irish
134957,Irish,Irish,European,103.8683,1147.1060,42.5857,68.9398,Irish
134958,Irish,Irish,European,1.9836,1849.5881,189.6648,115.8645,Irish
134959,Irish,Irish,European,11.3873,4918.4447,362.0979,372.0502,Irish
134960,Irish,Irish,European,98.5534,427.8570,6.6519,4.2205,Irish
134961,Irish,Irish,European,64357.9300,301382.0000,9652.5500,1971.7800,Irish
134962,Irish,Irish,European,481.2469,2141.3910,26.2976,19.9849,Irish
134963,Irish,Irish,European,25.6950,100.1250,1.2262,0.3713,Irish
134964,Irish,Irish,European,143.0169,1571.7166,18.6989,110.6199,Irish
134965,Irish,Irish,European,21.5453,1054.1822,27.0824,100.0486,Irish
134966,Irish,Irish,European,249.4860,1663.6820,25.8395,69.4478,Irish
134967,Irish,Irish,European,163.4405,1218.4612,23.3373,52.5486,Irish
134968,Irish,Irish,European,0.2753,662.8500,99.2804,26.5138,Irish
134969,Irish,Irish,European,20.9966,851.7782,8.2449,85.7861,Irish
134970,Irish,Irish,European,60.6332,1255.9580,102.1275,66.5792,Irish
134971,Irish,Irish,European,55.1325,1207.1422,193.7097,20.0144,Irish
134972,Irish,Irish,European,62.3334,573.2780,24.1440,27.4288,Irish
134973,Irish,Irish,European,0.0000,0.0000,0.0000,0.0000,Irish
134974,Irish,Irish,European,44.1679,886.1375,79.7383,44.8767,Irish
134975,Irish,Irish,European,20.9126,186.2699,7.6940,8.0287,Irish
134976,Irish,Irish,European,420.0924,2128.1600,57.4900,22.7850,Irish
134977,Irish,Irish,European,102.6879,895.6370,65.9987,25.2467,Irish
134978,Irish,Irish,European,11.6687,108.1317,10.7510,1.8454,Irish
134979,Irish,Irish,European,144.2426,839.5972,30.2142,17.5372,Irish
134980,Irish,Irish,European,9.1802,175.6766,5.4917,14.4606,Irish
134981,Irish,Irish,European,6.9190,377.1982,28.0027,26.2972,Irish
134982,Irish,Irish,European,65.5102,1984.3000,62.2708,173.1764,Irish
134983,Irish,Irish,European,485.9415,3793.3150,64.6954,189.5995,Irish
134984,Irish,Irish,European,29.6410,610.9800,38.6756,29.2246,Irish
134985,Irish,Irish,European,177.0340,1586.2092,173.9563,20.7262,Irish
134986,Irish,Irish,European,266.9302,6548.6606,459.6542,402.0338,Irish
134987,Irish,Irish,European,12.1140,310.0540,6.1525,28.0420,Irish
134988,Irish,Irish,European,10.2235,68.2022,5.8186,0.2875,Irish
134989,Irish,Irish,European,55.8079,1034.5311,121.0307,37.4363,Irish
134990,Irish,Irish,European,262.6326,1730.9407,71.9026,44.1181,Irish
134991,Irish,Irish,European,46.5901,1685.5535,61.0199,141.1267,Irish
134992,Irish,Irish,European,151.9369,2916.0945,244.1355,150.6071,Irish
134993,Irish,Irish,European,56.4768,2658.6004,291.5023,134.8998,Irish
134994,Irish,Irish,European,52.3828,874.9217,25.6402,64.8226,Irish
134995,Irish,Irish,European,152.3419,1239.0720,69.8835,49.5455,Irish
134996,Irish,Irish,European,2.3835,820.1993,83.3839,52.9351,Irish
134997,Irish,Irish,European,179.7295,1783.7395,64.0003,93.1591,Irish
134998,Irish,Irish,European,97.0136,440.4080,10.0090,5.2610,Irish
134999,Irish,Irish,European,163.7305,1002.5943,29.0710,29.5161,Irish
135000,Irish,Irish,European,70.9043,953.4168,118.0842,21.8833,Irish
135001,Irish,Irish,European,151.6016,3541.7524,167.7778,257.7784,Irish
135002,Irish,Irish,European,51.0664,192.5637,0.0000,0.0000,Irish
135003,Irish,Irish,European,,,,,Irish
135004,Irish,Irish,European,38.8805,756.5650,69.9526,34.6956,Irish
135005,Irish,Irish,European,143.8611,1143.0660,37.6821,51.2266,Irish
135006,Irish,Irish,European,71.0618,854.9200,32.3105,50.7290,Irish
135007,Irish,Irish,European,44.1190,4282.2895,9.0218,461.8686,Irish
135008,Irish,Irish,European,121.2144,2001.1200,22.0283,164.3849,Irish
135009,Irish,Irish,European,2.2729,2092.7636,5.4458,235.8562,Irish
135010,Irish,Irish,European,35.4736,392.7338,14.2280,22.6819,Irish
135011,Irish,Irish,European,133.3435,1955.1830,57.8610,132.2465,Irish
135012,Irish,Irish,European,26.2256,1324.9300,143.3997,73.1744,Irish
135013,Irish,Irish,European,353.1648,1734.2422,59.9503,22.3967,Irish
135014,Irish,Irish,European,13.2960,552.0000,5.4960,57.2160,Irish
135015,Irish,Irish,European,614.9428,3408.9800,53.2535,88.0612,Irish
135016,Irish,Irish,European,313.7404,1894.0086,27.3828,63.8240,Irish
135017,Irish,Irish,European,66.6233,1774.8035,147.3999,104.6801,Irish
135018,Irish,Irish,European,667.3859,2937.8140,40.7444,14.0448,Irish
135019,Irish,Irish,European,23.7289,1058.6405,64.8158,79.6614,Irish
135020,Irish,Irish,European,87.3536,1440.0638,30.6988,114.4723,Irish
135021,Irish,Irish,European,0.0000,378.2500,84.1500,2.1250,Irish
135022,Irish,Irish,European,17.4948,223.2600,11.5290,11.9682,Irish
135023,Irish,Irish,European,7.9710,538.7996,7.5558,53.9004,Irish
135024,Irish,Irish,European,31.0384,873.7159,42.9621,66.6802,Irish
135025,Irish,Irish,European,30.0135,381.4500,20.3993,21.8940,Irish
135026,Irish,Irish,European,47.8199,196.7038,2.9684,0.2952,Irish
135027,Irish,Irish,European,,,,,Irish
135028,Irish,Irish,European,85.5472,1744.4311,144.2586,92.9376,Irish
135029,Irish,Irish,European,0.0000,0.0000,0.0000,0.0000,Irish
135030,Irish,Irish,European,29.8880,128.0000,3.5200,0.3200,Irish
135031,Irish,Irish,European,11.7855,256.5000,8.0145,21.6000,Irish
135032,Irish,Irish,European,373.9846,1981.4120,50.3622,49.0237,Irish
135033,Irish,Irish,European,29.0736,1058.8058,56.3915,79.3849,Irish
135034,Irish,Irish,European,8420.4758,71622.7900,2652.0608,3298.6167,Irish
135035,Irish,Irish,European,21.7770,2203.0400,286.6326,100.7160,Irish
135036,Irish,Irish,European,87.9753,548.4658,15.5761,17.9331,Irish
135037,Irish,Irish,European,9.0151,110.5199,16.8300,0.4250,Irish
135038,Irish,Irish,European,11.3103,281.7333,56.4662,2.5126,Irish
135039,Irish,Irish,European,326.0111,1518.7853,11.2534,25.0914,Irish
135040,Irish,Irish,European,347.3647,1936.7505,55.8895,34.5771,Irish
135041,Irish,Irish,European,45.7607,424.0775,15.4206,24.8157,Irish
135042,Irish,Irish,European,65.1082,2539.7860,295.9707,116.3344,Irish
135043,Irish,Irish,European,10.7814,244.9323,4.7130,20.6880,Irish
135044,Irish,Irish,European,160.8802,765.1699,36.7738,11.8820,Irish
135045,Irish,Irish,European,182.8259,1723.0942,41.4818,92.2570,Irish
135046,Irish,Irish,European,26.5270,228.9240,0.9765,13.9095,Irish
135047,Irish,Irish,European,5521.3080,205234.4952,36856.0387,4362.5284,Irish
135048,Irish,Irish,European,62.0963,726.6782,34.9848,43.3204,Irish
135049,Irish,Irish,European,17.6348,568.3825,3.0840,54.7569,Irish
135050,Irish,Irish,European,86.9226,1794.8550,161.7388,85.3508,Irish
135051,Irish,Irish,European,42.0340,877.1600,95.8839,33.9027,Irish
135052,Irish,Irish,European,66.1254,2535.0262,142.3883,198.3313,Irish
135053,Irish,Irish,European,891.1020,4449.0740,74.7280,78.5826,Irish
135054,Irish,Irish,European,152.0722,611.8043,0.8088,0.1105,Irish
135055,Irish,Irish,European,0.7200,143.0000,12.5600,9.5100,Irish
135056,Irish,Irish,European,11.6632,148.8400,7.6860,7.9788,Irish
135057,Irish,Irish,European,6.7385,740.0340,3.0575,79.2661,Irish
135058,Irish,Irish,European,116.4632,1971.6635,88.8315,126.2923,Irish
135059,Irish,Irish,European,17.2162,275.1128,8.4894,21.8204,Irish
135060,Irish,Irish,European,65.9640,320.6500,9.0768,5.1345,Irish
135061,Irish,Irish,European,55.8762,806.2175,31.1130,58.9528,Irish
135062,Irish,Irish,European,430.6805,1822.2617,19.4013,10.8059,Irish
135063,Irish,Irish,European,981.7217,7044.7497,155.7885,279.3637,Irish
135064,Irish,Irish,European,63.1466,226.5030,1.0164,0.1694,Irish
135065,Irish,Irish,European,42.1196,987.5840,8.1700,90.8517,Irish
135066,Irish,Irish,European,3.3038,17844.1667,2406.4492,837.3397,Irish
135067,Irish,Irish,European,1060.2984,5030.5120,65.3038,60.0021,Irish
135068,Irish,Irish,European,1.1935,159.7351,5.6695,0.1516,Irish
135069,Irish,Irish,European,92.0341,525.7508,11.9859,16.0850,Irish
135070,Irish,Irish,European,1043.0024,6768.9560,73.6046,246.8636,Irish
135071,Irish,Irish,European,291.9655,2399.6585,57.7907,125.1358,Irish
135072,Irish,Irish,European,484.0864,2121.5214,42.4370,2.8231,Irish
135073,Irish,Irish,European,29.8880,3318.5700,463.6137,136.1663,Irish
135074,Irish,Irish,European,50.5808,216.5600,5.5288,0.8384,Irish
135075,Irish,Irish,European,40.1784,1040.8440,47.0400,75.7008,Irish
135076,Irish,Irish,European,0.0000,37.8250,8.4150,0.2125,Irish
135077,Irish,Irish,European,2.7523,11.5080,0.2507,0.5460,Irish
135078,Irish,Irish,European,68.2248,681.2867,27.5644,34.8266,Irish
135079,Irish,Irish,European,0.0000,0.0000,0.0000,0.0000,Irish
135080,Irish,Irish,European,138.5786,1112.2095,42.6587,47.2673,Irish
135081,Irish,Irish,European,21.2873,941.6822,9.0944,96.6076,Irish
135082,Irish,Irish,European,72.3906,657.7111,8.6778,14.4698,Irish
135083,Irish,Irish,European,162.6901,840.2750,9.1381,22.4434,Irish
135084,Irish,Irish,European,9.5452,6176.7002,572.2318,431.5890,Irish
135085,Irish,Irish,European,13.7168,780.4610,57.5149,54.4380,Irish
135086,Irish,Irish,European,32.3775,689.4000,21.8175,57.7185,Irish
135087,Irish,Irish,European,56.6035,978.9570,94.3895,36.6860,Irish
135088,Irish,Irish,European,501.7600,2116.8000,24.0800,15.6800,Irish
135089,Irish,Irish,European,53.9349,317.5067,10.2642,7.0848,Irish
135090,Irish,Irish,European,86.1157,960.9265,29.0245,60.6018,Irish
135091,Irish,Irish,European,287.0680,1140.7197,4.5798,1.4940,Irish
135092,Irish,Irish,European,0.1792,58.3800,1.7668,5.5566,Irish
135093,Irish,Irish,European,18.8345,1414.6682,138.9568,86.7347,Irish
135094,Irish,Irish,European,237.3072,4260.8200,103.4940,324.8148,Irish
135095,Irish,Irish,European,11.6687,108.1317,10.7510,1.8454,Irish
135096,Irish,Irish,European,127.9942,2693.8080,55.4506,227.6486,Irish
135097,Irish,Irish,European,23.0827,2394.0160,49.4855,236.5284,Irish
135098,Irish,Irish,European,134.9583,536.3450,1.7734,0.7366,Irish
135099,Irish,Irish,European,0.6851,880.4832,37.2158,79.7631,Irish
135100,Irish,Irish,European,666.3325,4821.6800,36.1429,224.2157,Irish
135101,Irish,Irish,European,28.3171,1033.7700,83.4377,63.0437,Irish
135102,Irish,Irish,European,330.6951,2791.6020,48.2228,145.4167,Irish
135103,Irish,Irish,European,28.0431,992.6843,5.4640,94.2155,Irish
135104,Irish,Irish,European,372.2382,3015.8018,37.8656,159.4132,Irish
135105,Irish,Irish,European,0.7897,119.1375,7.2225,9.6998,Irish
135106,Irish,Irish,European,252.7150,1150.4750,12.5600,9.5100,Irish
135107,Irish,Irish,European,,,,,Irish
135108,Irish,Irish,European,380.7990,1742.3775,28.3024,7.1347,Irish
135109,Irish,Irish,European,20.9915,748.9095,131.3766,16.1234,Irish
135110,Irish,Irish,European,1.0523,1290.8246,179.9365,57.5194,Irish
135111,Irish,Irish,European,160.8816,798.0953,61.1640,7.5146,Irish
135112,Irish,Irish,European,163.8190,1299.9700,87.5598,35.6316,Irish
135113,Irish,Irish,European,266.1409,2578.9949,72.7802,142.1972,Irish
135114,Irish,Irish,European,36.3790,1249.6802,11.3377,123.2164,Irish
135115,Irish,Irish,European,89.2352,1647.8681,45.5483,125.5126,Irish
135116,Irish,Irish,European,48.6955,1300.7552,11.6352,123.3006,Irish
135117,Irish,Irish,European,184.8150,908.3958,23.4441,11.7967,Irish
135118,Irish,Irish,European,346.9645,4828.3429,282.7931,259.1320,Irish
135119,Irish,Irish,European,66.6752,310.6567,12.7012,1.3833,Irish
135120,Irish,Irish,European,119.9564,1622.6213,140.0329,63.6243,Irish
135121,Irish,Irish,European,29.7258,755.3715,24.2036,61.1816,Irish
135122,Irish,Irish,European,268.0732,2269.4884,101.1876,92.0686,Irish
135123,Irish,Irish,European,14.5858,100.4917,5.7250,2.1120,Irish
135124,Irish,Irish,European,24.2819,1140.7775,28.2086,109.7708,Irish
135125,Irish,Irish,European,260.7240,4697.7700,155.6567,344.2331,Irish
135126,Irish,Irish,European,123.7940,1492.9200,21.2097,103.7064,Irish
135127,Irish,Irish,European,126.8404,1616.8513,22.8265,119.0495,Irish
135128,Irish,Irish,European,23.3264,297.6800,15.3720,15.9576,Irish
135129,Irish,Irish,European,8.2148,38.5910,1.3878,0.6707,Irish
135130,Irish,Irish,European,258.4612,1538.3070,17.6480,46.5944,Irish
135131,Irish,Irish,European,98.2367,1094.8468,40.8934,61.9348,Irish
135132,Irish,Irish,European,806.9966,3305.1200,17.5464,0.4520,Irish
135133,Irish,Irish,European,22.2508,1845.5722,119.9977,140.1591,Irish
135134,Irish,Irish,European,123.4561,499.7790,4.7580,2.4920,Irish
135135,Irish,Irish,European,24.0273,209.4360,10.0090,8.8765,Irish
135136,Irish,Irish,European,70.2519,807.1890,28.3194,51.8500,Irish
135137,Irish,Irish,European,1516.0593,759436.5612,30784.6495,68963.2310,Irish
135138,Irish,Irish,European,20.9577,1147.2775,23.6071,115.0504,Irish
135139,Irish,Irish,European,136.9407,1102.1780,105.6897,17.7449,Irish
135140,Irish,Irish,European,23.6807,652.4217,71.7094,28.7428,Irish
135141,Irish,Irish,European,26.8123,199.5100,15.8618,3.7864,Irish
135142,Irish,Irish,European,238.1659,8022.8551,876.0441,480.3075,Irish
135143,Irish,Irish,European,0.0000,1241.7381,97.5226,93.0116,Irish
135144,Irish,Irish,European,56.1447,969.0200,56.1081,60.6320,Irish
135145,Irish,Irish,European,11.7934,182.0038,0.7938,0.2268,Irish
135146,Irish,Irish,European,6.9905,606.3250,18.3128,55.6892,Irish
135147,Irish,Irish,European,65.9785,2041.1100,242.5126,85.0766,Irish
135148,Irish,Irish,European,784.4086,4148.7300,101.6910,80.8373,Irish
135149,Irish,Irish,European,160.0270,610.8620,5.5935,0.7590,Irish
135150,Irish,Irish,European,459.1145,2569.4129,67.7107,60.4467,Irish
135151,Irish,Irish,European,72.8319,480.0467,14.4148,15.0666,Irish
135152,Irish,Irish,European,33.4569,705.6994,20.6401,57.7340,Irish
135153,Irish,Irish,European,70.0060,582.7765,14.6490,29.4938,Irish
135154,Irish,Irish,European,164.0340,1009.8000,24.7260,32.9400,Irish
135155,Irish,Irish,European,211.1760,3631.3200,376.0697,133.9103,Irish
135156,Irish,Irish,European,229.2572,1135.1500,20.3580,22.2290,Irish
135157,Irish,Irish,European,603.4118,2732.7960,34.5007,14.7501,Irish
135158,Irish,Irish,European,22.3752,1046.5462,19.0247,103.8283,Irish
135159,Irish,Irish,European,14.8715,3013.4880,382.1076,148.5653,Irish
135160,Irish,Irish,European,328.6080,1292.3100,1.3710,0.8964,Irish
135161,Irish,Irish,European,3.7652,97.8810,0.9021,9.8096,Irish
135162,Irish,Irish,European,197.3775,1873.3971,117.4957,69.4221,Irish
135163,Irish,Irish,European,600.7904,3755.5800,74.0933,125.9379,Irish
135164,Irish,Irish,European,106.8739,600.2825,12.8398,19.9488,Irish
135165,Irish,Irish,European,46.4787,1161.9460,27.9742,100.5452,Irish
135166,Irish,Irish,European,49.6946,1413.9032,12.9849,134.7078,Irish
135167,Irish,Irish,European,9.1662,635.2943,68.3763,35.7968,Irish
135168,Irish,Irish,European,3.1628,975.7952,83.3352,67.3045,Irish
135169,Irish,Irish,European,366.7743,2871.1600,81.6969,125.2105,Irish
135170,Irish,Irish,European,12.3329,1040.3622,85.2379,70.9057,Irish
135171,Irish,Irish,European,92.5274,2111.2775,55.5567,175.8021,Irish
135172,Irish,Irish,European,123.4345,784.9938,14.1978,32.0743,Irish
135173,Irish,Irish,European,60.9757,2077.2810,104.9537,159.8846,Irish
135174,Irish,Irish,European,320.1861,1627.6900,28.2016,24.3108,Irish
135175,Irish,Irish,European,196.8303,4298.2500,138.3069,360.2296,Irish
135176,Irish,Irish,European,4.2885,257.8667,31.3915,12.5217,Irish
135177,Irish,Irish,European,1.1935,3.5437,0.0595,0.0099,Irish
135178,Irish,Irish,European,174.6584,1873.5345,16.5435,130.5432,Irish
135179,Irish,Irish,European,22.6967,333.9600,13.5125,22.4559,Irish
135180,Irish,Irish,European,543.8966,3011.2720,25.2024,101.6450,Irish
135181,Irish,Irish,European,41.9037,1952.2970,382.5822,20.2855,Irish
135182,Irish,Irish,European,142.0968,725.6897,14.2471,16.4237,Irish
135183,Irish,Irish,European,68.8069,1809.3178,112.5451,130.5014,Irish
135184,Irish,Irish,European,42.2693,2969.4650,306.6421,173.0441,Irish
135185,Irish,Irish,European,114.7189,479.7790,3.7496,3.3917,Irish
135186,Irish,Irish,European,51.4460,1566.0246,119.4375,100.7422,Irish
135187,Irish,Irish,European,31.5326,2076.2134,158.3439,143.2058,Irish
135188,Irish,Irish,European,181.5295,1134.6510,40.3560,36.5380,Irish
135189,Irish,Irish,European,73.3813,691.5550,14.2110,41.9145,Irish
135190,Irish,Irish,European,16.4035,263.6897,6.1319,20.3354,Irish
135191,Irish,Irish,European,10.5922,1479.9600,191.8600,69.4556,Irish
135192,Irish,Irish,European,45.7705,972.1262,9.2277,86.4679,Irish
135193,Irish,Irish,European,291.1913,2304.8868,75.5158,98.5253,Irish
135194,Irish,Irish,European,68.1783,3451.5695,426.6153,150.7829,Irish
135195,Irish,Irish,European,308.3853,5676.3457,731.5427,173.4436,Irish
135196,Irish,Irish,European,6.5380,28.0000,0.7700,0.0700,Irish
135197,Irish,Irish,European,5.3685,1545.3829,123.6536,111.1151,Irish
135198,Irish,Irish,European,48.0253,505.3306,34.3479,24.2312,Irish
135199,Irish,Irish,European,43.6797,4562.3578,905.0947,60.7903,Irish
135200,Irish,Irish,European,0.0000,18.9125,4.2075,0.1062,Irish
135201,Irish,Irish,European,183.3806,3616.9310,216.9083,221.4974,Irish
135202,Irish,Irish,European,0.1637,3.5625,0.1113,0.3000,Irish
135203,Irish,Irish,European,148.7586,1238.3012,53.9869,54.1881,Irish
135204,Irish,Irish,European,55.8514,331.6237,8.5299,11.9477,Irish
135205,Irish,Irish,European,479.9712,2482.6895,79.7248,32.8871,Irish
135206,Irish,Irish,European,6.6480,276.0000,2.7480,28.6080,Irish
135207,Irish,Irish,European,0.5063,122.1255,0.2409,13.5604,Irish
135208,Irish,Irish,European,14.7417,295.6278,23.4322,0.8502,Irish
135209,Irish,Irish,European,35.9204,314.3602,20.8142,15.2955,Irish
135210,Irish,Irish,European,,,,,Irish
135211,Irish,Irish,European,51.6304,2220.8477,189.2055,137.1965,Irish
135212,Irish,Irish,European,5.5086,279.6150,18.7628,20.6025,Irish
135213,Irish,Irish,European,24.1122,1244.6295,80.0579,90.3902,Irish
135214,Irish,Irish,European,101.7410,439.2450,7.1940,0.1122,Irish
135215,Irish,Irish,European,0.0000,12.6083,2.8050,0.0708,Irish
135216,Irish,Irish,European,28.6221,781.7196,99.8585,29.4827,Irish
135217,Irish,Irish,European,33.9940,622.6333,58.6160,30.1533,Irish
135218,Irish,Irish,European,116.6363,798.7170,17.4514,31.6058,Irish
135219,Irish,Irish,European,71.7564,1777.3245,202.4407,71.6736,Irish
135220,Irish,Irish,European,44.4920,2090.6898,120.7786,159.9628,Irish
135221,Irish,Irish,European,56.4662,1518.2700,93.4244,101.1694,Irish
135222,Irish,Irish,European,13.2600,523.8300,14.3394,47.8134,Irish
135224,Irish,Irish,European,8.8281,3549.6000,469.9404,167.1516,Irish
135225,Irish,Irish,European,144.5850,4758.1900,18.6563,466.5467,Irish
135226,Irish,Irish,European,45.6538,849.8200,26.2798,67.9602,Irish
135227,Irish,Irish,European,965.0709,4389.7280,101.7656,58.4357,Irish
135228,Irish,Irish,European,,,,,Irish
135229,Irish,Irish,European,48.5810,611.8887,3.5136,43.3312,Irish
135230,Irish,Irish,European,1.5536,217.9932,7.2203,20.5987,Irish
135231,Irish,Irish,European,2.2297,539.9803,104.8642,12.5906,Irish
135232,Irish,Irish,European,133.0267,5498.8465,321.6894,400.8881,Irish
135233,Irish,Irish,European,45.3987,947.4460,9.1342,86.2802,Irish
135234,Irish,Irish,European,551.2721,3917.8432,92.8427,157.6558,Irish
135235,Irish,Irish,European,7.3335,3515.3829,148.9012,315.9577,Irish
135236,Irish,Irish,European,49.2534,749.3335,17.7163,57.7758,Irish
135237,Irish,Irish,European,12.4184,1916.0532,232.7806,97.4078,Irish
135238,Irish,Irish,European,24.7312,639.2448,67.7566,29.2994,Irish
135239,Irish,Irish,European,494.8568,2536.2910,116.9305,18.2063,Irish
135240,Irish,Irish,European,30.7095,794.8200,1.4733,74.9025,Irish
135241,Irish,Irish,European,2.2646,34.6860,1.7543,2.4430,Irish
135242,Irish,Irish,European,23.8141,657.9700,36.5663,47.9233,Irish
135243,Irish,Irish,European,649.8273,3781.2790,70.4733,102.0824,Irish
135244,Irish,Irish,European,0.0000,25.2167,5.6100,0.1417,Irish
135245,Irish,Irish,European,65.7600,13514.9996,191.5504,1405.0839,Irish
135246,Irish,Irish,European,11.1968,287.4419,7.4014,25.5343,Irish
135247,Irish,Irish,European,177.5437,1685.2031,23.5093,99.4400,Irish
135248,Irish,Irish,European,2924.6196,33606.4525,1297.4172,1866.1538,Irish
135249,Irish,Irish,European,64.0784,273.9640,6.9788,2.5880,Irish
135250,Irish,Irish,European,37.3240,1043.0671,138.5439,38.0453,Irish
135251,Irish,Irish,European,135.5438,539.4233,7.2759,2.8935,Irish
135252,Irish,Irish,European,13.5446,901.2892,123.7476,36.5293,Irish
135253,Irish,Irish,European,96.5927,888.5915,24.6082,45.1414,Irish
135254,Irish,Irish,European,16.4352,1968.2400,118.2144,157.5144,Irish
135255,Irish,Irish,European,31.4280,684.0000,21.3720,57.6000,Irish
135256,Irish,Irish,European,466.7029,2061.1086,65.7922,9.3528,Irish
135257,Irish,Irish,European,17.1540,628.0000,35.8060,47.8200,Irish
135258,Irish,Irish,European,79.4021,495.1910,24.0732,12.2845,Irish
135259,Irish,Irish,European,212.8465,5143.3770,462.6186,271.7889,Irish
135260,Irish,Irish,European,124.6508,783.9810,2.5061,33.2044,Irish
135261,Irish,Irish,European,25.0047,150.6600,5.0058,3.4992,Irish
135262,Irish,Irish,European,29.9014,1043.2062,140.2932,38.3638,Irish
135263,Irish,Irish,European,117.3618,1716.1005,144.3775,76.5952,Irish
135264,Irish,Irish,European,103.1025,507.2173,6.8222,10.6654,Irish
135265,Irish,Irish,European,103.4471,869.8897,33.4802,37.4775,Irish
135266,Irish,Irish,European,0.9622,1577.1714,102.1696,126.4004,Irish
135267,Irish,Irish,European,285.0489,2073.3400,25.4783,95.7871,Irish
135268,Irish,Irish,European,52.8801,298.0400,12.1731,7.8300,Irish
135269,Irish,Irish,European,7.8570,171.0000,5.3430,14.4000,Irish
135270,Irish,Irish,European,350.3425,2373.7700,4.3457,112.5481,Irish
135271,Irish,Irish,European,98.0453,1478.8795,56.8813,102.5014,Irish
135272,Irish,Irish,European,814.3008,4413.1050,37.7701,129.9099,Irish
135273,Irish,Irish,European,216.6354,843.6809,0.7484,2.3814,Irish
135274,Irish,Irish,European,27.9067,361.6578,4.4295,27.2981,Irish
135275,Irish,Irish,European,1.8760,1708.4640,188.6150,99.7710,Irish
135276,Irish,Irish,European,78.9159,1158.1627,112.3167,48.6512,Irish
135277,Irish,Irish,European,26.4962,1181.0666,89.6057,80.5453,Irish
135278,Irish,Irish,European,101.4236,480.5380,6.2813,4.7563,Irish
135279,Irish,Irish,European,91.5483,486.8878,29.1939,2.5772,Irish
135280,Irish,Irish,European,117.0680,629.5650,5.3638,14.4040,Irish
135281,Irish,Irish,European,59.8994,1043.6786,41.5985,74.2509,Irish
135282,Irish,Irish,European,118.2116,1673.0400,39.0130,124.3344,Irish
135283,Irish,Irish,European,14.2320,250.1342,8.7750,18.3828,Irish
135284,Irish,Irish,European,273.5409,1169.2845,13.6815,9.1318,Irish
135285,Irish,Irish,European,40.3358,1474.8126,112.5541,97.1260,Irish
135286,Irish,Irish,European,458.3509,2993.7901,169.4132,59.1554,Irish
135287,Irish,Irish,European,300.6388,2599.2910,57.4938,135.4046,Irish
135288,Irish,Irish,European,960.5617,5508.4280,98.7322,162.4097,Irish
135289,Irish,Irish,European,380.7726,2415.8520,41.5030,86.3956,Irish
135290,Irish,Irish,European,518.5715,3488.5700,70.0838,155.3077,Irish
135291,Irish,Irish,European,24510.1900,117532.5482,3294.5038,458.2166,Irish
135292,Irish,Irish,European,40.2295,454.9983,15.1855,30.5188,Irish
135293,Irish,Irish,European,0.2079,811.6287,179.5204,4.5333,Irish
135294,Irish,Irish,European,63.4694,1720.5282,96.8941,123.4861,Irish
135295,Irish,Irish,European,357.0261,22927.2850,651.0352,2142.6441,Irish
135296,Irish,Irish,European,20.8078,139.5069,1.6381,5.9159,Irish
135297,Irish,Irish,European,74.8234,1207.6328,119.6333,47.6366,Irish
135298,Irish,Irish,European,367.8507,2209.4527,66.1601,60.3718,Irish
135299,Irish,Irish,European,851.8776,3945.1200,101.0120,20.9744,Irish
135300,Irish,Irish,European,135.5658,852.0300,19.3772,32.4786,Irish
135301,Irish,Irish,European,32.9136,3078.7267,419.5561,142.6515,Irish
135302,Irish,Irish,European,4.9813,21.3333,0.5867,0.0533,Irish
135303,Irish,Irish,European,29.9215,605.7428,25.2513,43.2641,Irish
135304,Irish,Irish,European,0.9469,2823.5667,359.8551,142.1925,Irish
135305,Irish,Irish,European,45.3065,823.0767,44.3735,54.8077,Irish
135306,Irish,Irish,European,66.2227,594.7383,24.7976,32.6441,Irish
135307,Irish,Irish,European,127.1507,1339.1237,10.6379,95.8170,Irish
135308,Irish,Irish,European,1.2265,1682.1900,2.4593,185.7210,Irish
135309,Irish,Irish,European,9.8792,2739.5400,74.1834,267.6124,Irish
135310,Irish,Irish,European,5.2038,64.4572,5.8209,0.2166,Irish
135311,Irish,Irish,European,20.1121,438.1580,13.9185,36.7594,Irish
135312,Irish,Irish,European,33422.3325,340099.3000,1531.4225,24209.6030,Irish
135313,Irish,Irish,European,3.1273,227.5800,2.0359,23.5174,Irish
135314,Irish,Irish,European,31.7880,755.5000,27.6520,62.3550,Irish
135315,Irish,Irish,European,6.9136,29.8000,1.2814,0.2533,Irish
135316,Irish,Irish,European,38895.2222,150765.8633,57.4900,5.9700,Irish
135317,Irish,Irish,European,26.4785,2041.2905,67.7421,186.5165,Irish
135318,Irish,Irish,European,3.1187,11.7387,0.0972,0.0265,Irish
135319,Irish,Irish,European,175.5731,1906.0434,84.6509,100.1522,Irish
135320,Irish,Irish,European,63.1497,9460.7981,38.7669,1028.1277,Irish
135321,Irish,Irish,European,66.1210,676.8592,16.1880,33.7455,Irish
135322,Irish,Irish,European,170.7304,1386.3020,76.6741,42.9570,Irish
135323,Irish,Irish,European,45.4554,284.7246,24.7948,0.6086,Irish
135324,Irish,Irish,European,561.6918,3605.2360,72.5290,125.5665,Irish
135325,Irish,Irish,European,26.1654,425.8400,12.3435,33.0889,Irish
135326,Irish,Irish,European,366.2252,3002.7210,67.1746,143.4716,Irish
135327,Irish,Irish,European,1.8850,117.2008,6.4507,9.2896,Irish
135328,Irish,Irish,European,103.4428,463.0859,19.1291,3.8430,Irish
135329,Irish,Irish,European,148.1378,864.9600,13.1988,29.4144,Irish
135330,Irish,Irish,European,387.1972,2372.7363,76.9130,73.3502,Irish
135331,Irish,Irish,European,21.9799,468.2832,13.7464,37.5668,Irish
135332,Irish,Irish,European,1.8179,90.1050,7.2408,5.7524,Irish
135333,Irish,Irish,European,168.8072,771.0400,12.5347,2.9915,Irish
135334,Irish,Irish,European,3.3390,200.0000,14.3410,14.3100,Irish
135335,Irish,Irish,European,92.9420,397.9380,9.9761,2.0956,Irish
135336,Irish,Irish,European,191.6329,1867.0305,85.0421,88.0223,Irish
135337,Irish,Irish,European,75.1719,1388.4747,114.5939,69.7275,Irish
135338,Irish,Irish,European,21.4968,837.0024,8.5528,85.9998,Irish
135339,Irish,Irish,European,16.7362,369.7400,41.6286,15.4364,Irish
135340,Irish,Irish,European,283.8796,1567.0700,56.1311,29.8742,Irish
135341,Irish,Irish,European,100.9024,753.2225,64.7020,8.5200,Irish
135342,Irish,Irish,European,,,,,Irish
135343,Irish,Irish,European,0.0000,0.0000,0.0000,0.0000,Irish
135344,Irish,Irish,European,13.1440,76.3000,5.6300,0.4950,Irish
135345,Irish,Irish,European,56.5924,248.2865,6.6235,0.5145,Irish
135346,Irish,Irish,European,10.1501,2922.3915,483.4139,96.1531,Irish
135347,Irish,Irish,European,691.9443,3080.6510,48.3651,14.7003,Irish
135348,Irish,Irish,European,169.2074,4840.5141,221.4133,369.3447,Irish
135349,Irish,Irish,European,51.4322,5396.3208,1020.1159,94.8431,Irish
135350,Irish,Irish,European,134.1170,1072.6040,16.9785,58.6703,Irish
135351,Irish,Irish,European,130.7302,1304.8410,39.0933,71.9459,Irish
135352,Irish,Irish,European,61.8621,1226.2458,50.4412,88.3399,Irish
135353,Irish,Irish,European,103.7138,440.2000,1.9215,1.9947,Irish
135354,Irish,Irish,European,59.0220,887.2334,25.8179,74.0062,Irish
135355,Irish,Irish,European,25.1145,392.6032,12.0945,28.5207,Irish
135356,Irish,Irish,European,503.6802,1960.9042,1.4025,0.7094,Irish
135357,Irish,Irish,European,107.8990,106510.8489,20919.7844,2439.0097,Irish
135358,Irish,Irish,European,187.2672,753.4773,9.2030,5.9432,Irish
135359,Irish,Irish,European,392.0632,3763.9402,61.3323,223.2353,Irish
135360,Irish,Irish,European,25.3931,339.6080,6.6729,25.3740,Irish
135361,Irish,Irish,European,454.5975,2230.9925,61.4989,22.9591,Irish
135362,Irish,Irish,European,88.9705,3044.3643,406.1481,112.9066,Irish
135363,Irish,Irish,European,31.7880,755.5000,27.6520,62.3550,Irish
135364,Irish,Irish,European,599.7960,7519.4750,386.3012,399.7890,Irish
135365,Irish,Irish,European,361.6858,2918.9140,85.4793,129.4029,Irish
135366,Irish,Irish,European,343.0184,1896.3653,54.5955,30.3509,Irish
135367,Irish,Irish,European,,,,,Irish
135368,Irish,Irish,European,69.3998,1367.7300,37.2983,108.9409,Irish
135369,Irish,Irish,European,,,,,Irish
135370,Irish,Irish,European,9.2724,1398.5330,114.6324,100.4616,Irish
135371,Irish,Irish,European,162.6110,2572.9260,96.3837,176.8660,Irish
135372,Irish,Irish,European,121.2208,474.6550,2.3469,0.7463,Irish
135373,Irish,Irish,European,228.3176,1245.8100,31.7501,30.7881,Irish
135374,Irish,Irish,European,1.0523,212.7350,0.2680,23.2366,Irish
135375,Irish,Irish,European,23.1133,450.2602,26.5771,29.0399,Irish
135376,Irish,Irish,European,25.1885,113.3980,2.5798,1.0631,Irish
135377,Irish,Irish,European,134.4624,905.5893,14.7440,34.7769,Irish
135378,Irish,Irish,European,11.6632,148.8400,7.6860,7.9788,Irish
135379,Irish,Irish,European,0.0000,18.9125,4.2075,0.1062,Irish
135380,Irish,Irish,European,125.3551,1336.8847,15.7053,89.8685,Irish
135381,Irish,Irish,European,1007.9800,4055.1167,5.6100,0.1417,Irish
135382,Irish,Irish,European,302.6068,1373.0840,21.9660,5.8396,Irish
135383,Irish,Irish,European,14.6936,325.7670,19.1990,22.9293,Irish
135384,Irish,Irish,European,27.2481,1871.2220,365.6358,23.7538,Irish
135385,Irish,Irish,European,503.9900,2065.3833,11.2200,0.2833,Irish
135386,Irish,Irish,European,209.6215,3732.4924,399.2143,135.1933,Irish
135387,Irish,Irish,European,436.0765,2202.7800,32.9850,41.3827,Irish
135388,Irish,Irish,European,0.0000,173.8810,16.8300,0.4250,Irish
135389,Irish,Irish,European,56.5018,1579.9898,119.5499,99.6923,Irish
135390,Irish,Irish,European,238.9235,1188.2130,47.5955,12.9536,Irish
135391,Irish,Irish,European,157.0909,901.7490,8.9693,28.5292,Irish
135392,Irish,Irish,European,19.1497,1268.9531,231.7893,26.9947,Irish
135393,Irish,Irish,European,45.2345,510.5000,11.6263,36.3140,Irish
135394,Irish,Irish,European,39.1699,645.8841,34.1814,40.7877,Irish
135395,Irish,Irish,European,120.9140,996.3491,70.0769,26.1306,Irish
135396,Irish,Irish,European,177.3188,834.3540,31.7040,6.0000,Irish
135397,Irish,Irish,European,30329.6400,140527.1280,4273.5358,663.9334,Irish
135398,Irish,Irish,European,100.7980,402.9900,0.0000,0.0000,Irish
135399,Irish,Irish,European,72.2779,3276.9700,372.3506,158.0715,Irish
135400,Irish,Irish,European,304.3180,2132.6690,90.4272,63.0048,Irish
135401,Irish,Irish,European,136.7854,2199.9814,166.8465,104.2575,Irish
135402,Irish,Irish,European,39.2911,1967.3115,196.5093,116.4748,Irish
135403,Irish,Irish,European,83.5758,351.5400,16.2162,1.8144,Irish
135404,Irish,Irish,European,364.9615,2615.0340,49.0265,119.9575,Irish
135405,Irish,Irish,European,259.3296,1877.0414,71.2035,66.3227,Irish
135406,Irish,Irish,European,44.8769,4511.6526,279.9906,352.1357,Irish
135407,Irish,Irish,European,24.7560,104.3250,1.5248,0.4215,Irish
135408,Irish,Irish,European,105.8369,1065.7186,56.6515,51.0793,Irish
135409,Irish,Irish,European,90.2588,691.1070,14.2070,36.1680,Irish
135410,Irish,Irish,European,86.4642,1560.6041,189.4325,52.5601,Irish
135411,Irish,Irish,European,0.0000,0.0000,0.0000,0.0000,Irish
135412,Irish,Irish,European,36.1961,291.7120,8.6498,14.4396,Irish
135413,Irish,Irish,European,159.5239,1163.9167,13.0999,57.9914,Irish
135414,Irish,Irish,European,5.8818,256.2200,8.2322,22.3464,Irish
135415,Irish,Irish,European,28.4530,113.9650,0.0000,0.0000,Irish
135416,Irish,Irish,European,13.8419,53.6980,1.0911,2.0574,Irish
135417,Irish,Irish,European,115.9529,2017.3923,160.3188,101.3930,Irish
135418,Irish,Irish,European,518.7561,2648.7780,40.7630,41.8408,Irish
135419,Irish,Irish,European,93.0144,1816.0365,208.1854,64.9439,Irish
135420,Irish,Irish,European,1.7768,207.0240,1.7046,21.6486,Irish
135421,Irish,Irish,European,32756.7230,190760.5100,2913.8475,5072.3925,Irish
135422,Irish,Irish,European,0.0000,0.0000,0.0000,0.0000,Irish
135423,Irish,Irish,European,32.0807,1597.2905,50.9520,142.2691,Irish
135424,Irish,Irish,European,269.5527,3178.5400,149.1326,169.9665,Irish
135425,Irish,Irish,European,128.9551,804.0250,20.4997,23.4022,Irish
135426,Irish,Irish,European,41.7408,1006.9690,50.4864,70.9383,Irish
135427,Irish,Irish,European,93.3030,2533.9470,232.1976,138.9495,Irish
135428,Irish,Irish,European,25.6638,259.7210,13.3500,9.9362,Irish
135429,Irish,Irish,European,2.7492,100.5590,5.6746,7.8520,Irish
135430,Irish,Irish,European,0.0000,378.2500,84.1500,2.1250,Irish
135431,Irish,Irish,European,424.1790,2141.3689,40.8794,44.7838,Irish
135432,Irish,Irish,European,406.4604,1759.8360,12.5600,9.5100,Irish
135433,Irish,Irish,European,0.5313,12.0960,0.0025,0.0025,Irish
135434,Irish,Irish,European,57.3377,862.4085,6.7787,70.5278,Irish
135435,Irish,Irish,European,155.9441,779.6954,30.8940,7.2150,Irish
135436,Irish,Irish,European,274.8413,1555.0175,24.5167,45.2463,Irish
135437,Irish,Irish,European,25.8944,442.2449,23.1599,19.7311,Irish
135438,Irish,Irish,European,321.5193,1958.0780,40.7710,68.7882,Irish
135439,Irish,Irish,European,17.7877,611.3410,51.8481,36.7070,Irish
135440,Irish,Irish,European,28.8081,2560.6161,488.2739,52.9379,Irish
135441,Irish,Irish,European,28.3683,694.6383,117.2491,10.5170,Irish
135442,Irish,Irish,European,319.7603,1862.2672,41.5877,44.7836,Irish
135443,Irish,Irish,European,45.9197,950.5847,9.2385,86.3531,Irish
135444,Irish,Irish,European,1500.3306,7021.0845,256.6957,45.1151,Irish
135445,Irish,Irish,European,0.7837,143.3578,12.5735,9.5294,Irish
135446,Irish,Irish,European,545.1026,2736.7702,87.3659,46.5249,Irish
135447,Irish,Irish,European,54.9601,1522.4871,88.8032,104.8665,Irish
135448,Irish,Irish,European,64.5204,571.5269,23.5008,30.6606,Irish
135449,Irish,Irish,European,86.5324,1927.9905,72.9750,151.8448,Irish
135450,Irish,Irish,European,19.9340,827.5862,8.2399,85.7811,Irish
135451,Irish,Irish,European,337.3645,2104.5670,110.6487,39.3954,Irish
135452,Irish,Irish,European,35.5516,1685.7511,195.0929,80.1902,Irish
135453,Irish,Irish,European,208.9857,2495.0484,17.9054,182.2532,Irish
135454,Irish,Irish,European,3.9285,85.5000,2.6715,7.2000,Irish
135455,Irish,Irish,European,152.2997,2866.3200,92.0504,229.5470,Irish
135456,Irish,Irish,European,68.3564,776.8429,49.5605,38.1092,Irish
135457,Irish,Irish,European,234.4741,1935.0960,35.2777,102.2025,Irish
135458,Irish,Irish,European,56.8330,1328.5161,148.3977,54.8887,Irish
135459,Irish,Irish,European,52.2440,209.2350,0.0000,0.0000,Irish
135460,Irish,Irish,European,8.6157,956.9597,35.9201,87.5415,Irish
135461,Irish,Irish,European,26.6686,252.2850,22.4830,5.3666,Irish
135462,Irish,Irish,European,40.2825,648.3276,94.4237,10.1307,Irish
135463,Irish,Irish,European,0.3768,2.4340,0.1117,0.0966,Irish
135464,Irish,Irish,European,124.5306,717.7000,41.2672,6.1140,Irish
135465,Irish,Irish,European,0.0000,75.6500,16.8300,0.4250,Irish
135466,Irish,Irish,European,1.2134,397.9170,53.7229,19.6665,Irish
135467,Irish,Irish,European,0.0000,25.2167,5.6100,0.1417,Irish
135468,Irish,Irish,European,257.8863,998.3342,1.8554,0.3912,Irish
135469,Irish,Irish,European,29.2060,1109.4352,89.8886,71.0081,Irish
135470,Irish,Irish,European,361.2024,2193.2453,68.9218,69.2282,Irish
135471,Irish,Irish,European,96.6799,647.9880,17.1129,26.7345,Irish
135472,Irish,Irish,European,17.1057,854.0579,12.8029,88.0065,Irish
135473,Irish,Irish,European,208.0834,824.5600,7.4114,2.4763,Irish
135474,Irish,Irish,European,30.6891,203.3240,7.9017,8.0413,Irish
135475,Irish,Irish,European,0.0000,12.6083,2.8050,0.0708,Irish
135476,Irish,Irish,European,5.0637,262.2370,0.1111,27.0073,Irish
135477,Irish,Irish,European,164.4767,1988.8074,50.7777,134.2271,Irish
135478,Irish,Irish,European,11.6632,148.8400,7.6860,7.9788,Irish
135479,Irish,Irish,European,110.0792,470.4100,8.1044,3.1330,Irish
135480,Irish,Irish,European,69.7388,1656.3307,75.8900,120.9696,Irish
135481,Irish,Irish,European,118.7813,1263.2407,45.6932,67.4043,Irish
135482,Irish,Irish,European,43.2725,751.1725,79.7154,35.4750,Irish
135483,Irish,Irish,European,1.1118,3.2650,0.0625,0.0062,Irish
135484,Irish,Irish,European,28.3151,240.5100,11.5936,10.7102,Irish
135485,Irish,Irish,European,120.1130,1766.7452,182.0710,59.7888,Irish
135486,Irish,Irish,European,18.6564,220.4475,21.1146,7.3890,Irish
135487,Irish,Irish,European,327.5738,2513.4705,52.3132,131.0646,Irish
135488,Irish,Irish,European,178.2529,1711.0470,38.9488,102.8149,Irish
135489,Irish,Irish,European,1.4400,1695.3700,25.1200,182.5200,Irish
135490,Irish,Irish,European,54.4629,1177.4120,4.2297,108.8322,Irish
135491,Irish,Irish,European,55.5538,1688.2099,21.1498,167.0708,Irish
135492,Irish,Irish,European,76.5963,3995.7931,463.0225,205.2168,Irish
135493,Irish,Irish,European,50.8402,507.9597,22.1477,24.0571,Irish
135494,Irish,Irish,European,58.2408,273.6000,5.5224,3.6144,Irish
135495,Irish,Irish,European,89.8324,2479.9103,372.3103,60.9937,Irish
135496,Irish,Irish,European,239.1928,1620.7048,29.7065,69.1310,Irish
135497,Irish,Irish,European,63.2289,252.6150,16.9299,8.4082,Irish
135498,Irish,Irish,European,41.0920,1539.3457,116.1915,99.4712,Irish
135499,Irish,Irish,European,29.9605,648.1800,20.3927,54.4758,Irish
135500,Irish,Irish,European,134.5870,560.4500,3.7043,5.7245,Irish
135501,Irish,Irish,European,9.9449,245.6246,15.4766,16.4921,Irish
135502,Irish,Irish,European,64.7601,1175.4597,48.7934,87.8823,Irish
135503,Irish,Irish,European,146.1448,1146.2400,43.7840,64.4782,Irish
135504,Irish,Irish,European,135.5712,617.5625,10.3454,8.4259,Irish
135505,Irish,Irish,European,337.6938,1688.9160,24.4598,54.4416,Irish
135506,Irish,Irish,European,32.3804,293.5109,14.5244,11.5207,Irish
135507,Irish,Irish,European,38.3775,508.2143,9.4595,25.5649,Irish
135508,Irish,Irish,European,181.1799,2335.4966,93.4378,137.9309,Irish
135509,Irish,Irish,European,519.6624,2475.2880,24.7400,31.2204,Irish
135510,Irish,Irish,European,23.9298,1079.2962,29.0014,102.0408,Irish
135511,Irish,Irish,European,5.9676,32.4728,1.4348,0.2234,Irish
135512,Irish,Irish,European,0.0000,0.0000,0.0000,0.0000,Irish
135513,Irish,Irish,European,206.2166,820.6808,0.2621,0.1596,Irish
135514,Irish,Irish,European,59.8396,396.4887,9.6405,15.6085,Irish
135515,Irish,Irish,European,38.6211,628.5752,23.9607,45.9689,Irish
135516,Irish,Irish,European,263.3233,5588.5666,631.4529,208.2466,Irish
135517,Irish,Irish,European,8.8281,34.2000,0.0108,0.0000,Irish
135518,Irish,Irish,European,9.8200,879.2665,3.1972,93.1789,Irish
135519,Irish,Irish,European,239.4808,2325.1218,107.5914,106.9003,Irish
135520,Irish,Irish,European,3.4776,22.0080,0.5561,0.9845,Irish
135521,Irish,Irish,European,492.4935,2614.3096,13.4294,73.1193,Irish
135522,Irish,Irish,European,393.3972,8858.9300,321.2456,728.3526,Irish
135523,Irish,Irish,European,,,,,Irish
135524,Irish,Irish,European,4.9797,8482.1260,1128.5759,404.6101,Irish
135525,Irish,Irish,European,127.8692,2770.2924,56.9459,243.4696,Irish
135526,Irish,Irish,European,60.3270,402.0000,11.4930,14.6700,Irish
135527,Irish,Irish,European,27.0532,1042.6137,60.7313,78.3715,Irish
135528,Irish,Irish,European,,,,,Irish
135529,Irish,Irish,European,0.0000,18.9125,4.2075,0.1062,Irish
135530,Irish,Irish,European,1.0528,77.5600,3.9200,6.3084,Irish
135531,Irish,Irish,European,495.5437,2595.8590,54.6610,45.7267,Irish
135532,Irish,Irish,European,31.4228,557.3332,21.1673,39.5180,Irish
135533,Irish,Irish,European,21.5301,109.3750,3.0879,2.0200,Irish
135534,Irish,Irish,European,14.0985,791.6908,53.6205,57.6820,Irish
135535,Irish,Irish,European,12.7487,1266.7756,140.6847,73.2770,Irish
135536,Irish,Irish,European,202.5515,5353.3456,528.1557,276.8484,Irish
135537,Irish,Irish,European,79.2941,3493.8500,67.5942,329.9915,Irish
135538,Irish,Irish,European,203.2945,1516.9317,100.2588,36.2339,Irish
135539,Irish,Irish,European,384.8210,2757.3325,8.2071,141.3998,Irish
135540,Irish,Irish,European,24.5790,137.7785,9.2193,0.6804,Irish
135541,Irish,Irish,European,20.8760,364.2500,11.8252,28.8890,Irish
135542,Irish,Irish,European,9.4577,816.0615,12.4223,82.8930,Irish
135543,Irish,Irish,European,88.4820,2696.5007,86.9209,226.2396,Irish
135544,Irish,Irish,European,15.3974,944.1784,111.1707,49.6730,Irish
135545,Irish,Irish,European,13.1175,57.7500,1.5375,0.0675,Irish
135546,Irish,Irish,European,47.1318,402.4850,16.6548,17.4765,Irish
135547,Irish,Irish,European,36.5590,384.5280,27.3753,14.7486,Irish
135548,Irish,Irish,European,8.3664,2164.4400,284.4858,102.6702,Irish
135549,Irish,Irish,European,,,,,Irish
135550,Irish,Irish,European,67.7310,1051.6847,9.7319,86.2331,Irish
135551,Irish,Irish,European,114.9965,757.7122,50.7965,11.0919,Irish
135552,Irish,Irish,European,57.5431,262.0030,8.3280,3.2560,Irish
135553,Irish,Irish,European,125.3425,1555.0613,49.8314,94.6606,Irish
135554,Irish,Irish,European,57.9431,2253.4269,376.1058,50.3133,Irish
135555,Irish,Irish,European,71.1689,762.2798,40.2986,36.9410,Irish
135556,Irish,Irish,European,216.1937,23818.9169,799.9492,2176.7813,Irish
135557,Irish,Irish,European,38795.3250,502832.9000,5653.4500,36602.6490,Irish
135558,Irish,Irish,European,260.2459,1296.1492,34.0051,12.2612,Irish
135559,Irish,Irish,European,78.1096,394.4147,5.0292,10.0531,Irish
135560,Irish,Irish,European,536.2293,4324.3920,48.2156,233.1812,Irish
135561,Irish,Irish,European,61.4850,1343.7393,202.6153,28.2238,Irish
135562,Irish,Irish,European,127.3642,1372.4050,81.2940,68.6682,Irish
135563,Irish,Irish,European,287.1632,2091.7785,119.4695,59.8867,Irish
135564,Irish,Irish,European,9554.9622,101497.4720,5345.4014,4797.7201,Irish
135565,Irish,Irish,European,522.6216,2661.3217,48.6102,38.1068,Irish
135566,Irish,Irish,European,15.1095,620.8040,9.3885,61.5040,Irish
135567,Irish,Irish,European,43.4158,733.0323,109.9642,12.6960,Irish
135568,Irish,Irish,European,8.7274,42.1775,1.4244,0.4764,Irish
135569,Irish,Irish,European,484.0073,2975.8960,69.1045,88.3945,Irish
135570,Irish,Irish,European,17.8404,340.9465,9.7020,27.6534,Irish
135571,Irish,Irish,European,329.0987,2229.4170,48.3199,102.5981,Irish
135572,Irish,Irish,European,23.6456,466.6625,12.4243,39.3373,Irish
135573,Irish,Irish,European,111.0212,2271.3609,68.4335,177.2965,Irish
135574,Irish,Irish,European,22.8070,277.4305,8.1771,16.2670,Irish
135575,Irish,Irish,European,29.5992,7046.6459,282.2356,635.3212,Irish
135576,Irish,Irish,European,0.0000,882.0972,104.5842,52.9947,Irish
135577,Irish,Irish,European,110.5966,1383.6321,55.5048,84.1043,Irish
135578,Irish,Irish,European,21.5456,416.4200,14.5290,32.7894,Irish
135579,Irish,Irish,European,101.7738,1809.4004,89.8782,118.3768,Irish
135580,Irish,Irish,European,57.2215,1087.2440,3.4632,92.9824,Irish
135581,Irish,Irish,European,0.0000,0.0000,0.0000,0.0000,Irish
135582,Irish,Irish,European,0.0000,218.8080,17.3032,1.7311,Irish
135583,Irish,Irish,European,6.9137,150.8574,1.1726,13.7446,Irish
135584,Irish,Irish,European,395.6198,3324.5550,52.7340,174.0972,Irish
135585,Irish,Irish,European,723.6072,4572.7642,105.5641,149.0912,Irish
135586,Irish,Irish,European,116.0584,2280.4020,91.6066,168.4049,Irish
135587,Irish,Irish,European,67.4138,834.0003,28.5281,54.1011,Irish
135588,Irish,Irish,European,76.4042,478.5929,21.2352,10.3286,Irish
135589,Irish,Irish,European,4.7653,181.9400,5.3419,16.5552,Irish
135590,Irish,Irish,European,130.4933,917.8799,16.4748,36.4515,Irish
135591,Irish,Irish,European,552.5071,3053.1535,21.6341,97.9499,Irish
135592,Irish,Irish,European,575.8726,4823.7600,66.3184,261.1808,Irish
135593,Irish,Irish,European,24.0883,105.0670,2.1363,0.3634,Irish
135594,Irish,Irish,European,0.9622,1577.1714,102.1696,126.4004,Irish
135595,Irish,Irish,European,4.2885,157.0000,8.9515,11.9550,Irish
135596,Irish,Irish,European,15.5917,234.3400,10.3575,15.1788,Irish
135597,Irish,Irish,European,134.4754,663.9968,3.0216,18.6708,Irish
135598,Irish,Irish,European,0.7020,352.6157,20.3381,29.1803,Irish
135599,Irish,Irish,European,273.1425,213322.7881,41882.6205,4884.3432,Irish
135600,Irish,Irish,European,52.8116,796.4808,19.1206,61.6352,Irish
135601,Irish,Irish,European,13.3367,302.6480,21.8403,17.8302,Irish
135602,Irish,Irish,European,106.9011,495.9400,11.2340,1.1782,Irish
135603,Irish,Irish,European,286.5340,2790.1571,18.5179,189.5787,Irish
135604,Irish,Irish,European,4461.7226,41305.4664,433.4739,2407.1891,Irish
135605,Irish,Irish,European,68.9473,950.3730,4.1214,78.1570,Irish
135606,Irish,Irish,European,29.1765,1728.6640,113.4774,128.5023,Irish
135607,Irish,Irish,European,37.2021,244.9522,4.5904,12.7026,Irish
135608,Irish,Irish,European,329.7315,2271.6000,27.4042,100.3086,Irish
135609,Irish,Irish,European,203.8951,2284.6435,148.6228,113.2666,Irish
135610,Irish,Irish,European,638.3475,95452.5000,5782.4525,7771.8000,Irish
135611,Irish,Irish,European,15.9735,1520.6200,9.2764,159.5575,Irish
135612,Irish,Irish,European,44.9609,607.6500,39.1190,32.2894,Irish
135613,Irish,Irish,European,39.2320,635.7395,18.3158,45.8087,Irish
135614,Irish,Irish,European,154.6043,978.2005,26.0913,30.0663,Irish
135615,Irish,Irish,European,739.7267,4763.4145,160.8054,133.8442,Irish
135616,Irish,Irish,European,23.7122,806.5218,113.8690,26.7045,Irish
135617,Irish,Irish,European,,,,,Irish
135618,Irish,Irish,European,175.4708,2777.3553,382.5982,34.1910,Irish
135619,Irish,Irish,European,401.9926,2157.2567,53.2027,84.6187,Irish
135620,Irish,Irish,European,939.9988,4242.3295,41.5244,33.2341,Irish
135621,Irish,Irish,European,0.8220,102.0000,0.8520,10.8240,Irish
135622,Irish,Irish,European,236.1605,2028.3464,128.9040,70.8735,Irish
135623,Irish,Irish,European,173.5537,1854.6447,78.9060,99.8946,Irish
135624,Irish,Irish,European,196.5828,1597.0233,35.6671,79.4841,Irish
135625,Irish,Irish,European,249.8344,1004.6307,1.3493,0.4498,Irish
135626,Irish,Irish,European,25.1867,519.6900,16.2912,43.3160,Irish
135627,Irish,Irish,European,533.4890,6951.2900,202.4215,481.6773,Irish
135628,Irish,Irish,European,44.2218,2234.7652,121.5736,174.2537,Irish
135629,Irish,Irish,European,173.4639,2195.5540,136.9404,121.1279,Irish
135630,Irish,Irish,European,23.8390,161.1793,3.5066,5.2418,Irish
135631,Irish,Irish,European,569.9090,2992.0275,40.3908,71.3122,Irish
135632,Irish,Irish,European,11.7022,537.1700,47.2327,34.9025,Irish
135633,Irish,Irish,European,28.5526,862.7516,66.7181,57.2642,Irish
135634,Irish,Irish,European,20.7540,2010.5048,14.2426,212.4347,Irish
135635,Irish,Irish,European,10.9514,93.0993,11.2944,0.3343,Irish
135636,Irish,Irish,European,658.6382,3966.2980,56.8215,126.6057,Irish
135637,Irish,Irish,European,208.6082,4696.3025,272.4163,303.1474,Irish
135638,Irish,Irish,European,,,,,Irish
135639,Irish,Irish,European,11.7855,256.5000,8.0145,21.6000,Irish
135640,Irish,Irish,European,53.2442,418.5060,12.0882,9.9930,Irish
135641,Irish,Irish,European,116.1425,4512.2695,243.3819,336.8924,Irish
135642,Irish,Irish,European,26.5592,396.4950,28.8782,21.7765,Irish
135643,Irish,Irish,European,25.0800,1152.5400,42.8400,98.2650,Irish
135644,Irish,Irish,European,363.5317,2102.0589,132.3732,19.2752,Irish
135645,Irish,Irish,European,100.9792,1004.7275,60.6478,40.2221,Irish
135646,Irish,Irish,European,207.3447,5064.9200,565.0547,200.6709,Irish
135647,Irish,Irish,European,503.5559,2704.5453,46.9922,51.4827,Irish
135648,Irish,Irish,European,80.7147,1668.1982,87.6662,117.1915,Irish
135649,Irish,Irish,European,63.3664,623.4465,51.8377,23.0199,Irish
135650,Irish,Irish,European,8.7672,295.5282,14.4392,23.3840,Irish
135651,Irish,Irish,European,24.9087,448.3275,7.7020,38.7502,Irish
135652,Irish,Irish,European,612.7845,2375.3030,2.9355,8.2230,Irish
135653,Irish,Irish,European,12.5729,510.6825,39.8005,32.0425,Irish
135654,Irish,Irish,European,0.0000,90.7040,5.6100,0.1417,Irish
135655,Irish,Irish,European,0.0000,403.4667,89.7600,2.2667,Irish
135656,Irish,Irish,European,176.2774,746.9475,3.8302,0.9906,Irish
135657,Irish,Irish,European,181.6702,863.1281,28.2522,5.2025,Irish
135658,Irish,Irish,European,24.2812,476.4493,40.2836,25.1852,Irish
135659,Irish,Irish,European,3284.0742,60665.6998,2333.8681,4470.6083,Irish
135660,Irish,Irish,European,2.0603,491.3140,70.2626,20.2530,Irish
135661,Irish,Irish,European,121.9005,1074.7859,98.9435,21.4482,Irish
135662,Irish,Irish,European,1.9836,247.6200,0.3816,27.0300,Irish
135663,Irish,Irish,European,250.6830,985.8940,5.0288,0.6914,Irish
135664,Irish,Irish,European,255.0264,1955.2400,43.9756,94.3160,Irish
135665,Irish,Irish,European,117.1520,1506.7125,108.3520,68.6552,Irish
135666,Irish,Irish,European,7.8570,409.6800,5.3430,41.4000,Irish
135667,Irish,Irish,European,,,,,Irish
135668,Irish,Irish,European,61.1262,551.0979,9.5912,31.7244,Irish
135669,Irish,Irish,European,172.3427,1325.4367,43.0080,56.0064,Irish
135670,Irish,Irish,European,352.8282,1924.3805,38.9485,39.2159,Irish
135671,Irish,Irish,European,0.9469,2823.5667,359.8551,142.1925,Irish
135672,Irish,Irish,European,0.0000,12.6083,2.8050,0.0708,Irish
135673,Irish,Irish,European,95.4060,1901.2130,54.3684,147.4828,Irish
135674,Irish,Irish,European,6.0760,41.6500,4.1282,0.0980,Irish
135675,Irish,Irish,European,124.2127,848.5040,11.6268,35.1668,Irish
135676,Irish,Irish,European,378.5635,2389.5616,122.8120,49.7585,Irish
135677,Irish,Irish,European,23.6714,1051.7762,23.7288,95.6499,Irish
135678,Irish,Irish,European,0.0000,45.3520,2.8050,0.0708,Irish
135679,Irish,Irish,European,73.1303,319.9250,8.5756,1.7576,Irish
135680,Irish,Irish,European,125.7240,975.8543,57.4116,30.9618,Irish
135681,Irish,Irish,European,12.5170,1300.9200,6.6904,137.3250,Irish
135682,Irish,Irish,European,31.9500,687.6000,21.7644,57.6876,Irish
135683,Irish,Irish,European,200.8212,2074.9400,56.0584,118.8499,Irish
135684,Irish,Irish,European,33.0271,138.0960,3.0089,6.5520,Irish
135685,Irish,Irish,European,264.3143,2345.4607,152.6866,85.9234,Irish
135686,Irish,Irish,European,6.6594,517.3200,40.5594,35.7633,Irish
135687,Irish,Irish,European,32.2073,1157.8435,101.6911,66.8814,Irish
135688,Irish,Irish,European,26.2827,1480.5250,45.3278,132.5916,Irish
135689,Irish,Irish,European,11.6687,89.2192,6.5435,1.7391,Irish
135690,Irish,Irish,European,426.4243,1991.9500,39.7677,13.5710,Irish
135691,Irish,Irish,European,17.4614,145.3352,5.7645,5.9841,Irish
135692,Irish,Irish,European,82.4745,476.4070,13.1129,10.3787,Irish
135693,Irish,Irish,European,48.6659,972.6370,8.3848,85.8622,Irish
135694,Irish,Irish,European,239.2148,1239.4200,10.7484,28.8120,Irish
135695,Irish,Irish,European,118.7723,1286.8860,64.5510,63.8933,Irish
135696,Irish,Irish,European,44.5754,174.3440,0.0000,0.0000,Irish
135697,Irish,Irish,European,144.6033,684.8107,4.0222,1.3407,Irish
135698,Irish,Irish,European,33.2110,314.7020,6.2800,18.3550,Irish
135699,Irish,Irish,European,8.7578,2163.0248,418.4937,48.7788,Irish
135700,Irish,Irish,European,85.9880,1371.5950,104.6956,70.6748,Irish
135701,Irish,Irish,European,45.8348,1941.8389,159.5383,120.7443,Irish
135702,Irish,Irish,European,174.3430,1413.2210,30.1895,65.6138,Irish
135703,Irish,Irish,European,278.8487,1078.5657,0.0000,0.0000,Irish
135704,Irish,Irish,European,17.6124,576.6700,5.9130,55.0268,Irish
135705,Irish,Irish,European,181.2584,3527.7960,43.9315,309.9140,Irish
135706,Irish,Irish,European,12.6336,2688.4200,282.0048,159.2766,Irish
135707,Irish,Irish,European,14.5921,3044.2316,257.1273,211.0467,Irish
135708,Irish,Irish,European,24.1339,227.6465,0.0000,0.0000,Irish
135709,Irish,Irish,European,69.7389,898.2380,27.9050,62.4265,Irish
135710,Irish,Irish,European,132.7872,806.2050,17.9094,28.2356,Irish
135711,Irish,Irish,European,7.9231,2923.2895,7.6977,332.8130,Irish
135712,Irish,Irish,European,240.3714,1473.6300,56.0805,42.2841,Irish
135713,Irish,Irish,European,106.2059,464.7272,14.5655,1.3245,Irish
135714,Irish,Irish,European,77.7021,1356.5242,55.2199,93.6789,Irish
135715,Irish,Irish,European,98.1390,1622.7160,78.4836,103.4354,Irish
135716,Irish,Irish,European,220.2820,3278.7825,48.6700,257.5971,Irish
135717,Irish,Irish,European,59.2383,918.8067,5.8544,74.6042,Irish
135718,Irish,Irish,European,106.5486,1374.7270,82.5724,72.6533,Irish
135719,Irish,Irish,European,1.4336,1068.1600,14.1344,112.4528,Irish
135720,Irish,Irish,European,68.8447,503.4194,26.3054,16.5341,Irish
135721,Irish,Irish,European,196.9134,1393.9840,40.1483,55.2976,Irish
135722,Irish,Irish,European,41.3172,177.7943,2.8050,0.0708,Irish
135723,Irish,Irish,European,106.5780,1129.1600,34.7817,67.7379,Irish
135724,Irish,Irish,European,401.2086,1991.7660,41.5325,34.8026,Irish
135725,Irish,Irish,European,67.4681,2831.1744,102.2001,243.8610,Irish
135726,Irish,Irish,European,20.9235,329.5625,33.5363,12.6987,Irish
135727,Irish,Irish,European,77.2711,318.2140,3.0750,0.1350,Irish
135728,Irish,Irish,European,1.8852,93.5533,1.0291,9.8316,Irish
135729,Irish,Irish,European,34.0136,861.1793,45.2437,65.2245,Irish
135730,Irish,Irish,European,1382.8331,7103.8873,222.8831,77.7442,Irish
135731,Irish,Irish,European,111.1298,1637.8226,237.2371,30.4202,Irish
135732,Irish,Irish,European,259.0920,1224.0000,47.5560,9.0000,Irish
135733,Irish,Irish,European,13.5989,194.5200,5.8657,14.5531,Irish
135734,Irish,Irish,European,81.1094,524.4665,10.6007,18.9542,Irish
135735,Irish,Irish,European,97.0014,1723.6925,134.8971,93.8622,Irish
135736,Irish,Irish,European,81.1359,744.1200,17.3536,44.1775,Irish
135737,Irish,Irish,European,182.1763,1100.3950,44.3145,38.1924,Irish
135738,Irish,Irish,European,45.4028,490.5560,35.7106,20.2969,Irish
135739,Irish,Irish,European,336.2387,1608.5320,29.9761,13.0990,Irish
135740,Irish,Irish,European,27.0657,882.5733,53.4354,63.1801,Irish
135741,Irish,Irish,European,1.6155,7.2252,0.2732,0.1790,Irish
135742,Irish,Irish,European,574.6056,2886.1200,54.4400,38.0444,Irish
135743,Irish,Irish,European,1.1027,238.8840,0.0000,27.2000,Irish
135744,Irish,Irish,European,32.9459,1038.9950,51.1921,80.0602,Irish
135745,Irish,Irish,European,102.3514,3390.8850,417.9029,146.4235,Irish
135746,Irish,Irish,European,49.3731,944.8800,144.0286,18.4089,Irish
135747,Irish,Irish,European,249.5925,1493.3875,69.7334,22.5607,Irish
135748,Irish,Irish,European,52.3362,921.3197,98.1627,34.7317,Irish
135749,Irish,Irish,European,14.2898,126.7340,3.5304,8.9112,Irish
135750,Irish,Irish,European,42.4926,1629.7400,6.3780,162.3112,Irish
135751,Irish,Irish,European,2.2861,565.3525,67.0381,31.4623,Irish
135752,Irish,Irish,European,,,,,Irish
135753,Irish,Irish,European,0.5893,965.6022,83.0962,67.2295,Irish
135754,Irish,Irish,European,56.2686,1476.1525,108.1580,90.8765,Irish
135755,Irish,Irish,European,148.2896,3707.6855,566.0908,86.1888,Irish
135756,Irish,Irish,European,1.4296,61.2300,3.3298,4.9866,Irish
135757,Irish,Irish,European,1.0188,4.7925,0.1722,0.0834,Irish
135758,Irish,Irish,European,1.9642,42.7500,1.3358,3.6000,Irish
135759,Irish,Irish,European,163.3581,1141.4605,36.5167,41.8039,Irish
135760,Irish,Irish,European,10.2859,288.0440,1.2100,27.1100,Irish
135761,Irish,Irish,European,1050.4313,6631.2300,58.1520,241.6714,Irish
135762,Irish,Irish,European,47.9618,1434.3072,35.8539,126.8753,Irish
135763,Irish,Irish,European,59.7733,699.6452,93.8705,10.2830,Irish
135764,Irish,Irish,European,25.2672,1861.4400,94.0800,151.4016,Irish
135765,Irish,Irish,European,177.6246,3303.7663,123.3674,239.9340,Irish
135766,Irish,Irish,European,173.0667,1550.1602,215.6560,8.6990,Irish
135767,Irish,Irish,European,48.4884,501.8312,7.3999,32.4379,Irish
135768,Irish,Irish,European,1.1935,114.3830,2.8645,0.0807,Irish
135769,Irish,Irish,European,309.9807,2024.7920,40.1515,80.8790,Irish
135770,Irish,Irish,European,27.9953,1682.2224,68.3629,142.6355,Irish
135771,Irish,Irish,European,0.0000,151.3000,33.6600,0.8500,Irish
135772,Irish,Irish,European,175.6686,1790.1300,19.4333,112.8723,Irish
135773,Irish,Irish,European,31.0692,1149.9235,34.5331,102.7398,Irish
135774,Irish,Irish,European,2918.1736,49434.8808,1947.0610,3363.8208,Irish
135775,Irish,Irish,European,522.9219,4561.0480,38.9289,262.6015,Irish
135776,Irish,Irish,European,342.1529,5876.7529,565.5458,235.1017,Irish
135777,Irish,Irish,European,59.9293,426.1337,28.0155,16.7127,Irish
135778,Irish,Irish,European,21.9790,93.6517,2.3727,0.2799,Irish
135779,Irish,Irish,European,3609.4627,45285.5198,2326.1095,2409.6997,Irish
135780,Irish,Irish,European,43.3385,471.8522,4.1614,33.0720,Irish
135781,Irish,Irish,European,73.4498,2520.8109,366.6262,84.6182,Irish
135782,Irish,Irish,European,156.8340,1568.2000,75.5202,71.7216,Irish
135783,Irish,Irish,European,50.7516,1112.7840,51.8130,77.5902,Irish
135784,Irish,Irish,European,6.3409,132.5730,6.1417,2.3025,Irish
135785,Irish,Irish,European,100.7078,2622.0662,15.8339,247.0364,Irish
135786,Irish,Irish,European,15.0270,1257.5352,188.0038,47.6289,Irish
135787,Irish,Irish,European,690.2698,3461.0549,21.5372,81.1359,Irish
135788,Irish,Irish,European,61.0521,840.1475,63.5451,40.6731,Irish
135789,Irish,Irish,European,53.9495,209.0000,0.0660,0.0000,Irish
135790,Irish,Irish,European,218.0789,1153.6147,50.7012,6.4151,Irish
135791,Irish,Irish,European,512.6207,2819.3284,62.3546,66.4129,Irish
135792,Irish,Irish,European,11.7934,195.8806,5.6100,0.2267,Irish
135793,Irish,Irish,European,5.0064,648.9830,51.4855,48.0838,Irish
135794,Irish,Irish,European,77.7538,906.8695,26.4228,59.6740,Irish
135795,Irish,Irish,European,38.6927,888.0862,117.9203,29.8251,Irish
135796,Irish,Irish,European,287.6470,1451.6500,35.3172,16.6840,Irish
135797,Irish,Irish,European,133.6389,2216.3662,34.9672,181.5805,Irish
135798,Irish,Irish,European,35.1738,1074.3117,27.2647,94.9120,Irish
135799,Irish,Irish,European,338.9808,1528.5320,24.4335,15.0240,Irish
135800,Irish,Irish,European,36.0717,2386.9666,63.8403,228.0325,Irish
135801,Irish,Irish,European,571.6966,2495.7999,53.7651,0.9538,Irish
135802,Irish,Irish,European,112.2435,667.0000,28.7665,15.7050,Irish
135803,Irish,Irish,European,77.5925,1655.4495,227.3749,44.8189,Irish
135804,Irish,Irish,European,130.0737,509.3125,3.2127,0.4050,Irish
135805,Irish,Irish,European,10.1244,678.2862,16.4426,65.0033,Irish
135806,Irish,Irish,European,50.9117,1586.9847,36.9625,142.4651,Irish
135807,Irish,Irish,European,11.6687,108.1317,10.7510,1.8454,Irish
135808,Irish,Irish,European,182.1605,994.6247,62.9416,4.1562,Irish
135809,Irish,Irish,European,63.8513,895.3580,67.1456,44.6732,Irish
135810,Irish,Irish,European,0.7888,815.4152,180.8228,4.6245,Irish
135811,Irish,Irish,European,15.6174,138.4520,16.8300,0.4250,Irish
135812,Irish,Irish,European,154.3757,1202.9600,34.6573,53.5484,Irish
135813,Irish,Irish,European,225.1655,1912.5420,129.8384,69.7635,Irish
135814,Irish,Irish,European,75.8126,1028.2400,102.4939,34.6923,Irish
135815,Irish,Irish,European,18.7555,287.5000,9.8445,21.8200,Irish
135816,Irish,Irish,European,4885.7154,66303.0275,3929.6300,3826.0101,Irish
135817,Irish,Irish,European,283.3667,3592.4760,88.7196,238.9328,Irish
135818,Irish,Irish,European,285.0489,2073.3400,25.4783,95.7871,Irish
135819,Irish,Irish,European,0.2869,202.8804,44.8800,1.1333,Irish
135820,Irish,Irish,European,138.8850,2716.8948,433.8765,51.3930,Irish
135821,Irish,Irish,European,166.4026,2235.3880,9.1508,175.4563,Irish
135822,Irish,Irish,European,17.3285,3916.3402,488.3646,212.8525,Irish
135823,Irish,Irish,European,7.2432,661.9400,38.6991,52.0370,Irish
135824,Irish,Irish,European,9.8365,356.0400,5.5998,30.5638,Irish
135825,Irish,Irish,European,,,,,Irish
135826,Irish,Irish,European,3.0300,223.2000,19.1130,14.3760,Irish
135827,Irish,Irish,European,5.1620,22.2500,1.1392,0.0890,Irish
135828,Irish,Irish,European,32.6353,645.2353,18.6542,49.4427,Irish
135829,Irish,Irish,European,46.4573,599.2306,25.0293,36.0435,Irish
135830,Irish,Irish,European,,,,,Irish
135831,Irish,Irish,European,15.5215,423.8000,42.1145,22.4900,Irish
135832,Irish,Irish,European,52.1453,1116.5022,23.5704,95.4106,Irish
135833,Irish,Irish,European,101.8776,2252.8450,207.4076,109.5290,Irish
135834,Irish,Irish,European,18.9077,1485.1300,83.4833,118.3282,Irish
135835,Irish,Irish,European,52.0496,2626.4666,133.6647,201.9506,Irish
135836,Irish,Irish,European,7.7837,33.7425,0.7732,0.4043,Irish
135837,Irish,Irish,European,247.8533,949.9960,2.5343,1.4308,Irish
135838,Irish,Irish,European,24.8466,978.3471,47.0400,75.8369,Irish
135839,Irish,Irish,European,39.4232,725.1325,49.2988,42.1391,Irish
135840,Irish,Irish,European,0.0000,12.6083,2.8050,0.0708,Irish
135841,Irish,Irish,European,40.2600,722.2500,23.4262,57.7840,Irish
135842,Irish,Irish,European,406.4761,2177.4640,68.8820,31.5817,Irish
135843,Irish,Irish,European,287.6790,3245.5475,129.3348,176.9510,Irish
135844,Irish,Irish,European,72.0375,873.3165,42.8073,47.6780,Irish
135845,Irish,Irish,European,57.0365,241.6810,1.2995,1.5137,Irish
135846,Irish,Irish,European,2.9997,16.1600,0.6969,0.1717,Irish
135847,Irish,Irish,European,0.0000,261.9493,0.0000,0.0000,Irish
135848,Irish,Irish,European,41.1798,224.0023,12.6185,3.2381,Irish
135849,Irish,Irish,European,64.9373,1643.9200,84.0703,117.4088,Irish
135850,Irish,Irish,European,376.5526,3822.3992,328.3503,115.0214,Irish
135851,Irish,Irish,European,627.8995,4718.6440,96.4057,226.6227,Irish
135852,Irish,Irish,European,701.9346,4851.6320,95.5210,196.5800,Irish
135853,Irish,Irish,European,194.0983,1009.9050,22.2186,17.8911,Irish
135854,Irish,Irish,European,91.9767,1901.2927,292.0202,39.1402,Irish
135855,Irish,Irish,European,,,,,Irish
135856,Irish,Irish,European,329.4248,1392.7951,26.9899,1.9941,Irish
135857,Irish,Irish,European,69.4830,2100.9768,331.9352,57.3653,Irish
135858,Irish,Irish,European,64.8541,541.2748,22.6495,32.3160,Irish
135859,Irish,Irish,European,194.6853,992.9490,30.9694,11.0837,Irish
135860,Irish,Irish,European,129.9172,657.2000,17.9796,9.2556,Irish
135861,Irish,Irish,European,27.0134,125.5800,3.4125,0.4095,Irish
135862,Irish,Irish,European,4.6260,735.0000,40.2360,61.0020,Irish
135863,Irish,Irish,European,28.1726,1870.7458,163.2198,119.9397,Irish
135864,Irish,Irish,European,25.0047,150.6600,5.0058,3.4992,Irish
135865,Irish,Irish,European,32.5613,893.2322,8.7324,86.1231,Irish
135866,Irish,Irish,European,12.4253,639.7577,32.3239,50.7961,Irish
135867,Irish,Irish,European,15.2225,870.6204,31.0451,76.1705,Irish
135868,Irish,Irish,European,77.4712,1201.4016,44.7302,83.2354,Irish
135869,Irish,Irish,European,22.3657,1262.9196,65.0034,103.6304,Irish
135870,Irish,Irish,European,45.5072,245.5492,11.2332,4.6612,Irish
135871,Irish,Irish,European,19.3677,463.9667,22.7419,34.2677,Irish
135872,Irish,Irish,European,242.3173,1008.1840,1.8904,1.5450,Irish
135873,Irish,Irish,European,10.2740,44.0000,1.2100,0.1100,Irish
135874,Irish,Irish,European,246.9437,1741.7000,35.4522,79.7584,Irish
135875,Irish,Irish,European,442.7384,2906.8428,16.7006,126.3686,Irish
135876,Irish,Irish,European,152.5214,1120.0650,14.9946,51.1419,Irish
135877,Irish,Irish,European,19431.9000,91800.0000,3566.7000,675.0000,Irish
135878,Irish,Irish,European,168.3483,1306.5810,6.8725,71.5225,Irish
135879,Irish,Irish,European,26.8590,958.4447,51.6880,72.1293,Irish
135880,Irish,Irish,European,159.3650,678.4850,9.5520,0.3600,Irish
135881,Irish,Irish,European,14.0140,60.7000,1.7640,0.1720,Irish
135882,Irish,Irish,European,48.3666,2960.8639,225.7763,206.8595,Irish
135883,Irish,Irish,European,19.0920,216.1367,9.1360,11.3217,Irish
135884,Irish,Irish,European,115.5379,981.4178,27.7857,51.3802,Irish
135885,Irish,Irish,European,73.6864,365.1465,25.9830,4.2879,Irish
135886,Irish,Irish,European,251.9851,1695.6383,41.3635,67.7991,Irish
135887,Irish,Irish,European,177.5874,18244.6327,750.9536,1591.2337,Irish
135888,Irish,Irish,European,202.9523,1912.5644,190.0438,40.2204,Irish
135889,Irish,Irish,European,104.9953,2881.7495,87.1738,238.2321,Irish
135890,Irish,Irish,European,67.5006,2019.4817,20.3508,200.9695,Irish
135891,Irish,Irish,European,122.7576,870.7800,31.1952,31.2330,Irish
135892,Irish,Irish,European,84.6725,2082.0646,245.0165,82.3703,Irish
135893,Irish,Irish,European,27.7492,115.7925,2.0360,0.1441,Irish
135894,Irish,Irish,European,39.1665,763.4078,25.1176,55.9758,Irish
135895,Irish,Irish,European,25.3578,864.8400,12.4326,85.9428,Irish
135896,Irish,Irish,European,721.7826,4316.8655,94.5135,125.8630,Irish
135897,Irish,Irish,European,238.6179,5659.8083,571.6227,257.2633,Irish
135898,Irish,Irish,European,8.2126,346.3120,4.3724,35.9798,Irish
135899,Irish,Irish,European,149.5012,2899.5200,115.3062,214.0429,Irish
135900,Irish,Irish,European,76819.1056,363800.6140,6168.3700,2726.2420,Irish
135901,Irish,Irish,European,468.7810,2648.1000,38.3018,91.0468,Irish
135902,Irish,Irish,European,92.6362,3038.3272,114.8284,244.3241,Irish
135903,Irish,Irish,European,13.0464,280.7320,0.7950,26.1430,Irish
135904,Irish,Irish,European,177.0194,2767.0102,114.0660,175.5957,Irish
135905,Irish,Irish,European,40.5132,417.3000,8.9130,24.5100,Irish
135906,Irish,Irish,European,19.0920,209.8325,7.7335,11.2862,Irish
135907,Irish,Irish,European,93.2495,597.6198,25.3911,16.1053,Irish
135908,Irish,Irish,European,27.4063,334.4616,11.9068,21.9613,Irish
135909,Irish,Irish,European,0.0000,18.9125,4.2075,0.1062,Irish
135910,Irish,Irish,European,185.6426,14600.0298,2840.8557,195.5524,Irish
135911,Irish,Irish,European,116.6110,1649.4770,34.6264,128.9325,Irish
135912,Irish,Irish,European,12.6973,329.0160,14.3471,25.0368,Irish
135913,Irish,Irish,European,620.2974,2981.0870,36.1188,34.2217,Irish
135914,Irish,Irish,European,500.1668,2701.2714,28.9047,76.8419,Irish
135915,Irish,Irish,European,,,,,Irish
135916,Irish,Irish,European,316.3031,2433.1678,74.2222,105.8697,Irish
135917,Irish,Irish,European,27.2902,813.3846,53.5069,55.5204,Irish
135918,Irish,Irish,European,93.9156,358.6800,0.4270,0.2928,Irish
135919,Irish,Irish,European,0.3508,152.4183,33.6778,0.8622,Irish
135920,Irish,Irish,European,180.4558,2365.6406,333.5533,40.0236,Irish
135921,Irish,Irish,European,110.0727,1829.5892,77.2029,121.8524,Irish
135922,Irish,Irish,European,52.8578,369.1133,8.4227,14.4131,Irish
135923,Irish,Irish,European,24.0404,294.7196,44.8800,1.1333,Irish
135924,Irish,Irish,European,151.3097,1318.9005,30.1320,73.4239,Irish
135925,Irish,Irish,European,38.6943,237.1768,4.9944,8.5133,Irish
135926,Irish,Irish,European,190.7442,955.9000,38.0056,10.7550,Irish
135927,Irish,Irish,European,3.2963,22.5415,0.2314,0.3302,Irish
135928,Irish,Irish,European,0.2573,1.1633,0.0666,0.0220,Irish
135929,Irish,Irish,European,622.2801,6461.0193,49.1353,423.7637,Irish
135930,Irish,Irish,European,142.0426,3814.1524,357.7630,209.4034,Irish
135931,Irish,Irish,European,13.7724,105.4953,11.2200,0.2833,Irish
135932,Irish,Irish,European,38.6345,815.3612,120.2132,22.6042,Irish
135933,Irish,Irish,European,4.4126,17.3190,0.7169,0.2249,Irish
135934,Irish,Irish,European,583.2683,3010.7474,50.6153,51.4479,Irish
135935,Irish,Irish,European,46.4422,748.6095,23.2155,57.7770,Irish
135936,Irish,Irish,European,539.7482,5659.8544,368.5931,212.5854,Irish
135937,Irish,Irish,European,79.1853,16939.2251,655.3852,1536.8913,Irish
135938,Irish,Irish,European,8.2552,578.1560,11.4792,56.3072,Irish
135939,Irish,Irish,European,11.7360,90.0000,8.4400,1.0400,Irish
135940,Irish,Irish,European,26.4169,1595.2148,78.3665,130.6315,Irish
135941,Irish,Irish,European,262.8099,1419.9926,36.1803,32.2408,Irish
135942,Irish,Irish,European,110.0955,726.2954,12.7233,27.9317,Irish
135943,Irish,Irish,European,888.1990,4028.4417,118.5043,46.8483,Irish
135944,Irish,Irish,European,35.8572,4879.7600,108.1201,486.7893,Irish
135945,Irish,Irish,European,103.5752,1235.9748,108.9263,46.0651,Irish
135946,Irish,Irish,European,731.3818,3303.9840,49.6840,22.2183,Irish
135947,Irish,Irish,European,11.5569,367.7357,9.0729,32.7352,Irish
135948,Irish,Irish,European,,,,,Irish
135949,Irish,Irish,European,50.7717,1457.0320,51.2601,119.8878,Irish
135950,Irish,Irish,European,9.1200,851.0000,29.6000,78.1500,Irish
135951,Irish,Irish,European,21.6480,1046.0600,0.8910,109.1980,Irish
135952,Irish,Irish,European,,,,,Irish
135953,Irish,Irish,European,27.1007,583.6667,33.9127,39.6433,Irish
135954,Irish,Irish,European,86.9857,596.0657,15.7500,23.7051,Irish
135955,Irish,Irish,European,20.3147,785.2570,24.3324,68.0628,Irish
135956,Irish,Irish,European,62.8142,3080.5445,383.4984,135.2844,Irish
135957,Irish,Irish,European,19.4059,363.0260,14.9999,26.5740,Irish
135958,Irish,Irish,European,443.1859,18576.1306,362.9875,1835.8681,Irish
135959,Irish,Irish,European,52.4415,1649.9157,87.5793,125.7460,Irish
135960,Irish,Irish,European,54.4732,1494.5072,91.1644,100.4415,Irish
135961,Irish,Irish,European,5.8316,74.4200,3.8430,3.9894,Irish
135962,Irish,Irish,European,123.3058,1231.7500,108.6454,35.5247,Irish
135963,Irish,Irish,European,30.1692,418.6400,29.7400,20.8960,Irish
135964,Irish,Irish,European,89.3100,1980.3573,194.7436,90.0907,Irish
135965,Irish,Irish,European,125.0766,1635.1729,137.9746,61.2762,Irish
135966,Irish,Irish,European,237.1446,2450.3163,35.2365,158.3252,Irish
135967,Irish,Irish,European,189.2526,822.5659,4.6508,7.2128,Irish
135968,Irish,Irish,European,,,,,Irish
135969,Irish,Irish,European,164.6366,2749.7480,43.2178,224.6918,Irish
135970,Irish,Irish,European,1041.0263,4034.1300,62.4804,9.5424,Irish
135971,Irish,Irish,European,69.6533,588.6412,18.9824,30.8326,Irish
135972,Irish,Irish,European,21.2351,1984.1541,169.4172,133.1065,Irish
135973,Irish,Irish,European,11.7197,268.8263,9.7220,20.3301,Irish
135974,Irish,Irish,European,340.2665,1380.0153,13.0275,6.0847,Irish
135975,Irish,Irish,European,51.3847,939.3178,65.6641,55.7055,Irish
135976,Irish,Irish,European,882.4944,6731.6440,47.2481,351.1730,Irish
135977,Irish,Irish,European,219.0281,1799.4020,143.7326,43.4636,Irish
135978,Irish,Irish,European,34.2391,385.1845,9.9534,23.8027,Irish
135979,Irish,Irish,European,1.2502,6.6625,0.2085,0.1040,Irish
135980,Irish,Irish,European,269.0831,1357.6233,26.4441,18.5304,Irish
135981,Irish,Irish,European,206.9068,1288.7040,55.2420,48.3182,Irish
135982,Irish,Irish,European,6.3168,465.3600,23.5200,37.8504,Irish
135983,Irish,Irish,European,175.2355,2393.2510,240.0575,79.4068,Irish
135984,Irish,Irish,European,151.3560,1365.7200,37.5600,71.2800,Irish
135985,Irish,Irish,European,71.3526,1008.9300,102.2766,34.7071,Irish
135986,Irish,Irish,European,124.9059,1086.6000,39.7750,59.1918,Irish
135987,Irish,Irish,European,48.4536,366.0450,20.6744,15.7608,Irish
135988,Irish,Irish,European,7.1970,63.6000,6.2970,1.1310,Irish
135989,Irish,Irish,European,83.4537,323.4000,2.6466,0.7875,Irish
135990,Irish,Irish,European,227.4525,1839.7100,2.9948,109.3795,Irish
135991,Irish,Irish,European,7.9800,1233.5200,5.2144,134.4160,Irish
135992,Irish,Irish,European,437.0667,2085.5771,84.8700,15.1487,Irish
135993,Irish,Irish,European,21.1550,588.1218,91.3096,11.7610,Irish
135994,Irish,Irish,European,18.8293,792.1410,98.7281,34.6748,Irish
135995,Irish,Irish,European,38.5985,545.2925,16.3499,37.3584,Irish
135996,Irish,Irish,European,58.7752,964.0473,65.6128,56.7506,Irish
135997,Irish,Irish,European,540.1380,3196.1820,45.8480,94.7984,Irish
135998,Irish,Irish,European,7.3016,30.4800,0.0208,0.0040,Irish
135999,Irish,Irish,European,0.1386,338.5964,73.9842,2.0400,Irish
136000,Irish,Irish,European,296.4015,1198.8743,8.5194,3.4019,Irish
136001,Irish,Irish,European,44.8084,575.7628,52.2446,21.9773,Irish
136002,Irish,Irish,European,45.5697,543.8959,7.6925,38.7267,Irish
136003,Irish,Irish,European,96.9482,1557.9391,38.8211,121.0013,Irish
136004,Irish,Irish,European,18.7330,1848.1793,120.7697,143.7177,Irish
136005,Irish,Irish,European,38.4379,2231.4063,153.8955,160.0760,Irish
136006,Irish,Irish,European,43.2874,188.4170,3.7733,0.2741,Irish
136007,Irish,Irish,European,64.3863,387.7614,14.9885,10.4349,Irish
136008,Irish,Irish,European,56.8568,1000.7631,76.3216,54.0493,Irish
136009,Irish,Irish,European,934.5212,5214.8502,141.6898,131.9277,Irish
136010,Irish,Irish,European,45.6698,5640.0265,838.2677,210.1884,Irish
136011,Irish,Irish,European,64.4020,254.5920,3.2859,1.4655,Irish
136012,Irish,Irish,European,41.2783,728.7454,22.9946,58.3589,Irish
136013,Irish,Irish,European,15.3777,597.3805,106.9830,12.5095,Irish
136014,Irish,Irish,European,313.9725,4352.2485,58.7268,322.3110,Irish
136015,Irish,Irish,European,83.4189,1381.0329,43.9039,106.8049,Irish
136016,Irish,Irish,European,2.3870,97.7914,5.7291,0.1615,Irish
136017,Irish,Irish,European,67.1574,2128.5915,82.9070,171.5467,Irish
136018,Irish,Irish,European,60.5820,1315.9800,12.5600,118.5100,Irish
136019,Irish,Irish,European,41.9012,1633.3400,46.0280,144.1578,Irish
136020,Irish,Irish,European,49.0240,980.7915,103.1082,43.8422,Irish
136021,Irish,Irish,European,238.3600,1835.2727,76.5229,75.0815,Irish
136022,Irish,Irish,European,126.5826,530.8400,8.4406,4.6555,Irish
136023,Irish,Irish,European,369.0059,3610.8277,93.7505,189.0756,Irish
136024,Irish,Irish,European,6796.7698,37594.0779,428.6218,1107.2388,Irish
136025,Irish,Irish,European,0.0000,1568.6436,190.1524,89.7410,Irish
136026,Irish,Irish,European,994.2301,4262.2900,113.8118,38.1261,Irish
136027,Irish,Irish,European,97.0931,2332.3791,118.2544,162.9938,Irish
136028,Irish,Irish,European,50.4011,1592.8032,36.7564,142.3218,Irish
136029,Irish,Irish,European,,,,,Irish
136030,Irish,Irish,European,30.9441,473.9367,14.3980,33.4480,Irish
136031,Irish,Irish,European,12.6253,1014.0969,99.6200,60.0454,Irish
136032,Irish,Irish,European,221.9196,1886.9217,177.2433,42.8184,Irish
136033,Irish,Irish,European,61.9791,290.9596,8.6407,3.5303,Irish
136034,Irish,Irish,European,28.5134,110.6686,0.0000,0.0000,Irish
136035,Irish,Irish,European,89.1817,1016.9045,14.9650,70.4859,Irish
136036,Irish,Irish,European,3.4953,547.9794,104.7750,12.6333,Irish
136037,Irish,Irish,European,0.0000,12.6083,2.8050,0.0708,Irish
136038,Irish,Irish,European,202.0076,807.2608,0.0486,0.0132,Irish
136039,Irish,Irish,European,25.4044,177.7338,5.4254,6.2066,Irish
136040,Irish,Irish,European,150.4980,1271.0440,46.5873,54.4689,Irish
136041,Irish,Irish,European,93.6580,1927.7232,93.2986,133.1511,Irish
136042,Irish,Irish,European,82.0281,2426.3811,180.8874,152.3669,Irish
136043,Irish,Irish,European,0.0000,0.0000,0.0000,0.0000,Irish
136044,Irish,Irish,European,8.5901,651.9358,18.5706,60.2058,Irish
136045,Irish,Irish,European,19.8673,278.8439,44.8800,1.1333,Irish
136046,Irish,Irish,European,97.7700,565.5000,15.8880,14.9250,Irish
136047,Irish,Irish,European,140.9486,608.0234,5.8933,6.2593,Irish
136048,Irish,Irish,European,10.3653,1062.3010,70.9032,81.9239,Irish
136049,Irish,Irish,European,26.7284,680.5912,113.6530,14.0313,Irish
136050,Irish,Irish,European,198.9427,1415.1058,36.9984,61.5287,Irish
136051,Irish,Irish,European,,,,,Irish
136052,Irish,Irish,European,12.0672,186.9508,6.6733,14.4185,Irish
136053,Irish,Irish,European,,,,,Irish
136054,Irish,Irish,European,,,,,Irish
136055,Irish,Irish,European,824.6259,5324.2555,376.8074,78.4199,Irish
136056,Irish,Irish,European,447.3257,3089.1378,68.0412,126.6072,Irish
136057,Irish,Irish,European,605.8368,3608.7482,57.7937,113.0381,Irish
136058,Irish,Irish,European,42.8462,1490.5790,19.3711,144.9745,Irish
136059,Irish,Irish,European,,,,,Irish
136060,Irish,Irish,European,99.7837,738.4380,30.1465,29.3550,Irish
136061,Irish,Irish,European,25.5440,859.3600,10.9832,86.4192,Irish
136062,Irish,Irish,European,13.3990,889.8000,57.8962,67.1348,Irish
136063,Irish,Irish,European,1.2906,90.8200,0.1912,0.0000,Irish
136064,Irish,Irish,European,7.4251,36.5975,0.3962,0.0188,Irish
136065,Irish,Irish,European,9.8708,234.4985,1.4201,22.5575,Irish
136066,Irish,Irish,European,183.9035,6739.0976,848.6585,272.9703,Irish
136067,Irish,Irish,European,4.8308,1182.0301,111.0980,78.1191,Irish
136068,Irish,Irish,European,381.1768,2100.7500,85.3945,38.9593,Irish
136069,Irish,Irish,European,39.1196,1670.2174,50.7131,148.7963,Irish
136070,Irish,Irish,European,116.3910,494.2345,10.8690,0.8393,Irish
136071,Irish,Irish,European,334.7964,1491.6760,24.4335,15.0240,Irish
136072,Irish,Irish,European,0.4811,2827.0091,628.5471,15.9267,Irish
136073,Irish,Irish,European,0.3013,1562.1296,189.2848,83.9581,Irish
136074,Irish,Irish,European,16.4641,789.0580,23.7810,70.0360,Irish
136075,Irish,Irish,European,35.0146,2396.6212,169.5291,178.2358,Irish
136076,Irish,Irish,European,41.7790,719.3900,22.6727,51.8508,Irish
136077,Irish,Irish,European,3.5664,1198.2822,89.2348,89.0107,Irish
136078,Irish,Irish,European,0.3600,575.8333,118.4800,7.5883,Irish
136079,Irish,Irish,European,782.6142,3936.8180,74.5832,62.8229,Irish
136080,Irish,Irish,European,42.9872,284.1800,24.8944,3.8420,Irish
136081,Irish,Irish,European,28.7452,360.5200,21.2354,18.2427,Irish
136082,Irish,Irish,European,167.8151,892.0612,34.7796,15.7435,Irish
136083,Irish,Irish,European,42.2893,975.4432,48.5441,68.9135,Irish
136084,Irish,Irish,European,26.3445,651.2900,5.3115,61.9400,Irish
136085,Irish,Irish,European,190.9051,1584.9100,119.3069,41.0361,Irish
136086,Irish,Irish,European,10.9417,562.9060,8.4779,55.1500,Irish
136087,Irish,Irish,European,0.0000,0.0000,0.0000,0.0000,Irish
136088,Irish,Irish,European,77.7781,721.3702,30.8558,33.3842,Irish
136089,Irish,Irish,European,1.4079,132.6569,23.7882,2.8226,Irish
136090,Irish,Irish,European,138.2030,1723.4560,25.3205,137.0655,Irish
136091,Irish,Irish,European,42.7644,596.8782,20.3180,41.1576,Irish
136092,Irish,Irish,European,310.6929,1643.1560,35.1181,36.4697,Irish
136093,Irish,Irish,European,16.7335,342.2455,27.9813,18.6412,Irish
136094,Irish,Irish,European,14.1841,56.8380,0.0624,0.0127,Irish
136095,Irish,Irish,European,28.6279,560.9160,76.0054,17.4613,Irish
136096,Irish,Irish,European,218.9586,1343.6297,40.3292,34.3601,Irish
136097,Irish,Irish,European,,,,,Irish
136098,Irish,Irish,European,80.4384,1317.9360,95.3529,77.5049,Irish
136099,Irish,Irish,European,33.1100,1095.6362,27.5699,100.3856,Irish
136100,Irish,Irish,European,87.1904,520.2665,14.6417,14.8082,Irish
136101,Irish,Irish,European,6.1000,2282.6420,283.4186,116.8352,Irish
136102,Irish,Irish,European,1.8243,13.8168,1.4535,0.0524,Irish
136103,Irish,Irish,European,,,,,Irish
136104,Irish,Irish,European,35.5231,282.2940,9.7121,13.9948,Irish
136105,Irish,Irish,European,21.4452,84.3600,1.0952,0.4884,Irish
136106,Irish,Irish,European,102.1328,385.1274,0.0000,0.0000,Irish
136107,Irish,Irish,European,93.1434,399.6588,11.5576,1.6115,Irish
136108,Irish,Irish,European,69.8543,1795.2550,12.7132,165.1646,Irish
136109,Irish,Irish,European,27.8573,544.6307,47.5553,27.0384,Irish
136110,Irish,Irish,European,3.2311,56.6377,6.0978,2.0332,Irish
136111,Irish,Irish,European,148.3776,1697.0035,46.9730,102.0461,Irish
136112,Irish,Irish,European,0.0000,12.6083,2.8050,0.0708,Irish
136113,Irish,Irish,European,42.9676,673.2565,36.2743,39.3174,Irish
136114,Irish,Irish,European,71.3900,468.1540,25.6155,11.0627,Irish
136115,Irish,Irish,European,20.1124,667205.6800,148417.6265,3748.3462,Irish
136116,Irish,Irish,European,20.7777,927.5965,104.4057,45.9304,Irish
136117,Irish,Irish,European,20.8578,819.8040,95.2331,37.4905,Irish
136118,Irish,Irish,European,430.8666,1795.0900,9.4033,2.2445,Irish
136119,Irish,Irish,European,119.8172,783.0400,19.6988,30.8164,Irish
136120,Irish,Irish,European,134.0124,1795.5140,59.4498,125.8254,Irish
136121,Irish,Irish,European,562.6119,2594.0540,37.7487,18.8254,Irish
136122,Irish,Irish,European,135.7506,648.6140,18.1535,10.2690,Irish
136123,Irish,Irish,European,74.3994,792.1445,28.5136,43.6607,Irish
136124,Irish,Irish,European,232.7684,1946.8983,95.9810,80.3469,Irish
136125,Irish,Irish,European,47.0771,835.7938,110.3900,21.9241,Irish
136126,Irish,Irish,European,501.7307,2312.3121,47.2634,39.1377,Irish
136127,Irish,Irish,European,28.7230,1578.2644,64.4663,132.6707,Irish
136128,Irish,Irish,European,45.6568,262.3239,8.8410,5.6245,Irish
136129,Irish,Irish,European,325.4432,2487.1047,40.6536,126.9739,Irish
136130,Irish,Irish,European,74.1906,324.8852,3.5040,2.4494,Irish
136131,Irish,Irish,European,11.9820,485.3009,6.8442,47.2645,Irish
136132,Irish,Irish,European,6.5380,28.0000,0.7700,0.0700,Irish
136133,Irish,Irish,European,0.0000,25.2167,5.6100,0.1417,Irish
136134,Irish,Irish,European,85.9156,1962.9825,11.5207,183.4091,Irish
136135,Irish,Irish,European,77.9399,1710.7817,188.7272,67.0217,Irish
136136,Irish,Irish,European,65.3613,1452.6952,18.9332,135.5279,Irish
136137,Irish,Irish,European,83.8304,847.8177,25.2497,49.7144,Irish
136138,Irish,Irish,European,30.0650,268.8942,16.8828,10.1766,Irish
136139,Irish,Irish,European,300.4722,4081.9325,98.7801,275.6206,Irish
136140,Irish,Irish,European,1.5053,7.3100,0.3148,0.1320,Irish
136141,Irish,Irish,European,3.0856,16.5780,0.7596,0.4732,Irish
136142,Irish,Irish,European,97.7153,646.4950,13.0532,20.9046,Irish
136143,Irish,Irish,European,63.4048,1099.7765,24.0340,91.8726,Irish
136144,Irish,Irish,European,423.9800,3550.6300,53.8155,188.0035,Irish
136145,Irish,Irish,European,151.7838,2959.8743,285.3620,134.6518,Irish
136146,Irish,Irish,European,31.3465,612.2267,21.1530,48.5192,Irish
136147,Irish,Irish,European,0.7200,802.3400,105.4850,38.8950,Irish
136148,Irish,Irish,European,59.0359,454.1537,19.5608,19.4968,Irish
136149,Irish,Irish,European,,,,,Irish
136150,Irish,Irish,European,115.1574,1195.7800,98.7742,37.5886,Irish
136151,Irish,Irish,European,257.2054,1756.1998,49.3301,58.8396,Irish
136152,Irish,Irish,European,0.0000,201.7333,44.8800,1.1333,Irish
136153,Irish,Irish,European,337.9460,2795.9305,179.8537,77.6040,Irish
136154,Irish,Irish,European,14.1544,1403.9550,41.8928,133.6516,Irish
136155,Irish,Irish,European,176.6535,1715.2160,9.8148,113.5343,Irish
136156,Irish,Irish,European,16.4968,98.3527,4.8259,2.8666,Irish
136157,Irish,Irish,European,191.0926,933.1092,6.0262,14.5888,Irish
136158,Irish,Irish,European,66.4025,315.1960,10.6360,3.3260,Irish
136159,Irish,Irish,European,22.1942,334.0112,2.6449,27.2882,Irish
136160,Irish,Irish,European,36.5577,1070.2700,47.6596,84.2135,Irish
136161,Irish,Irish,European,360.6100,1769.9900,60.1160,18.5100,Irish
136162,Irish,Irish,European,50.8405,767.6180,24.2741,57.8690,Irish
136163,Irish,Irish,European,,,,,Irish
136164,Irish,Irish,European,14.1868,979.6269,77.1694,66.8086,Irish
136165,Irish,Irish,European,21.0030,1002.9988,95.0406,58.3050,Irish
136166,Irish,Irish,European,0.0000,18.9125,4.2075,0.1062,Irish
136167,Irish,Irish,European,247.4724,2515.2036,314.7559,36.5841,Irish
136168,Irish,Irish,European,2.0321,12.2048,0.5532,0.5239,Irish
136169,Irish,Irish,European,87.5565,1141.3661,114.6076,37.3886,Irish
136170,Irish,Irish,European,123.1818,762.8351,60.5474,5.1209,Irish
136171,Irish,Irish,European,8.1942,39.9000,1.1865,0.5072,Irish
136172,Irish,Irish,European,257.8407,2132.7243,99.9042,78.9711,Irish
136173,Irish,Irish,European,302.6263,1199.1646,14.0707,6.3921,Irish
136174,Irish,Irish,European,16.0000,776.6600,49.6600,56.8500,Irish
136175,Irish,Irish,European,146.1437,1411.1962,35.1878,83.1296,Irish
136176,Irish,Irish,European,85.6072,1533.3548,35.6148,147.6364,Irish
136177,Irish,Irish,European,310.7457,2123.0043,98.9904,49.5047,Irish
136178,Irish,Irish,European,655.2727,3086.8980,51.6995,31.3998,Irish
136179,Irish,Irish,European,102.7396,2725.3250,164.5878,193.7620,Irish
136180,Irish,Irish,European,604.2475,3707.5840,69.6169,132.9579,Irish
136181,Irish,Irish,European,55.2397,442.4731,12.2329,22.6886,Irish
136182,Irish,Irish,European,35.7932,1439.0427,62.4395,119.6578,Irish
136183,Irish,Irish,European,653.8296,3159.6217,54.2037,38.8658,Irish
136184,Irish,Irish,European,36.5695,258.6997,9.8230,8.5337,Irish
136185,Irish,Irish,European,534.8678,4993.2360,50.8500,305.0065,Irish
136186,Irish,Irish,European,329.0187,1341.4279,7.6082,2.5361,Irish
136187,Irish,Irish,European,143.3593,1288.6340,104.4640,36.1665,Irish
136188,Irish,Irish,European,104.1666,1897.9329,82.7573,137.9021,Irish
136189,Irish,Irish,European,2.0344,37.3383,3.5263,1.9074,Irish
136190,Irish,Irish,European,236.6090,1121.1780,54.2460,17.3632,Irish
136191,Irish,Irish,European,0.2409,17.1600,3.5970,0.0561,Irish
136192,Irish,Irish,European,78.7298,1385.1950,34.1225,115.6315,Irish
136193,Irish,Irish,European,97.6750,962.2200,26.3496,58.8588,Irish
136194,Irish,Irish,European,3.7222,1695.3129,3.6124,185.8990,Irish
136195,Irish,Irish,European,90.4557,1850.2511,115.0873,112.6019,Irish
136196,Irish,Irish,European,46.3910,473.7160,67.5274,1.8220,Irish
136197,Irish,Irish,European,745.9152,4516.2741,99.6746,155.7028,Irish
136198,Irish,Irish,European,7.6386,840.1920,6.8210,86.5970,Irish
136199,Irish,Irish,European,146.4191,2041.5740,125.1139,120.1339,Irish
136200,Irish,Irish,European,199.2564,3045.0415,110.3713,218.2671,Irish
136201,Irish,Irish,European,47.2900,909.4265,13.8400,77.7687,Irish
136202,Irish,Irish,European,163.8621,1093.3985,74.8397,20.3032,Irish
136203,Irish,Irish,European,0.0000,0.0000,0.0000,0.0000,Irish
136204,Irish,Irish,European,689.9031,3073.3490,40.5379,22.0796,Irish
136205,Irish,Irish,European,373.1806,1860.8646,29.8125,49.5699,Irish
136206,Irish,Irish,European,236.0509,2072.6017,92.6082,85.5402,Irish
136207,Irish,Irish,European,602.3388,3809.2219,340.6865,92.9839,Irish
136208,Irish,Irish,European,31.7401,1831.1397,36.6638,179.7277,Irish
136209,Irish,Irish,European,11.8330,879.0000,56.7190,66.8720,Irish
136210,Irish,Irish,European,285.6001,1533.1530,28.3513,32.0654,Irish
136211,Irish,Irish,European,56.6952,2545.4400,115.4520,209.0016,Irish
136212,Irish,Irish,European,327.1845,1532.0749,33.9288,18.4117,Irish
136213,Irish,Irish,European,53.7002,2279.1394,38.1913,223.0654,Irish
136214,Irish,Irish,European,6.5917,386.5838,20.8441,31.5058,Irish
136215,Irish,Irish,European,78.9812,362.2266,10.3751,4.2042,Irish
136216,Irish,Irish,European,179.8127,994.9810,25.5349,21.4380,Irish
136217,Irish,Irish,European,82.4204,1480.0738,81.2286,96.5164,Irish
136218,Irish,Irish,European,358.1559,2795.5135,44.9438,139.6308,Irish
136219,Irish,Irish,European,32341.4334,141974.8760,1656.3600,398.8700,Irish
136220,Irish,Irish,European,57.6816,504.5985,21.1518,23.2106,Irish
136221,Irish,Irish,European,88.2106,1162.9300,29.5533,78.8277,Irish
136222,Irish,Irish,European,196.0697,764.5682,2.8023,0.4257,Irish
136223,Irish,Irish,European,48.0000,444.0000,48.0000,6.0000,Irish
136224,Irish,Irish,European,42.1943,1185.2500,52.0690,95.6935,Irish
136225,Irish,Irish,European,189.9390,1712.0900,30.6683,95.0145,Irish
136226,Irish,Irish,European,85.6605,460.7675,28.6677,7.0788,Irish
136227,Irish,Irish,European,36.1097,221.9340,5.3499,7.8912,Irish
136228,Irish,Irish,European,141.1188,2760.4907,213.2584,149.2356,Irish
136229,Irish,Irish,European,15.2151,1182.0900,197.9952,31.0958,Irish
136230,Irish,Irish,European,0.0000,961.0680,187.8616,20.8081,Irish
136231,Irish,Irish,European,172.9457,1065.9600,30.4262,29.9708,Irish
136232,Irish,Irish,European,678.3933,3073.1460,51.0570,18.1216,Irish
136233,Irish,Irish,European,115.5727,4824.4699,572.6695,216.5711,Irish
136234,Irish,Irish,European,61418.2033,858245.9203,106749.9178,22530.5395,Irish
136235,Irish,Irish,European,51.1314,523.0220,32.4844,22.7601,Irish
136236,Irish,Irish,European,639.1221,2692.0900,20.3347,7.2400,Irish
136237,Irish,Irish,European,30.3960,886.5117,12.3732,83.0923,Irish
136238,Irish,Irish,European,79.2581,3094.7638,33.5379,297.5351,Irish
136239,Irish,Irish,European,,,,,Irish
136240,Irish,Irish,European,344.1656,1872.2937,70.8157,33.3210,Irish
136241,Irish,Irish,European,1288.0009,7896.0280,139.4025,251.1069,Irish
136242,Irish,Irish,European,31.3585,1812.7790,124.7968,133.0391,Irish
136243,Irish,Irish,European,96.9845,1453.5440,21.4362,115.9319,Irish
136244,Irish,Irish,European,88.7290,481.8235,3.9970,15.5966,Irish
136245,Irish,Irish,European,71.0004,1020.1499,8.2399,85.7811,Irish
136246,Irish,Irish,European,15.7716,67.6542,1.7142,0.6845,Irish
136247,Irish,Irish,European,82.6973,792.7615,36.6506,37.6097,Irish
136248,Irish,Irish,European,57.8219,1614.3015,32.7689,146.6841,Irish
136249,Irish,Irish,European,119.9213,692.2945,14.8716,23.6660,Irish
136250,Irish,Irish,European,93.5473,2096.8189,45.8916,173.8320,Irish
136251,Irish,Irish,European,180.1136,1586.9949,22.9245,94.2553,Irish
136252,Irish,Irish,European,,,,,Irish
136253,Irish,Irish,European,178.6640,764.8000,18.5040,3.6720,Irish
136254,Irish,Irish,European,23.3997,170.6567,6.3090,2.5627,Irish
136255,Irish,Irish,European,21.6681,1361.3800,72.6148,111.2963,Irish
136256,Irish,Irish,European,112.9422,441.7800,1.1802,0.3615,Irish
136257,Irish,Irish,European,152.1998,843.6340,32.9533,16.4959,Irish
136258,Irish,Irish,European,375.9818,4119.3723,65.7377,262.9464,Irish
136259,Irish,Irish,European,101.4936,1467.0197,35.3548,109.5318,Irish
136260,Irish,Irish,European,12.8680,492.0655,7.7439,45.9736,Irish
136261,Irish,Irish,European,33.9295,424.3733,3.8631,31.6568,Irish
136262,Irish,Irish,European,292.3611,1294.2754,14.8976,12.9560,Irish
136263,Irish,Irish,European,27.4184,1142.9334,21.6384,108.9421,Irish
136264,Irish,Irish,European,34.6165,292.4016,9.3377,15.8542,Irish
136265,Irish,Irish,European,45.9197,1101.8847,42.8985,87.2031,Irish
136266,Irish,Irish,European,48.4860,525.7047,22.9783,29.7072,Irish
136267,Irish,Irish,European,723.6348,3527.3743,110.8437,22.2470,Irish
136268,Irish,Irish,European,650.3775,6759.4215,29.7125,478.7162,Irish
136269,Irish,Irish,European,47.8969,717.0003,99.8226,12.6761,Irish
136270,Irish,Irish,European,427.1849,2065.1106,100.3107,15.1809,Irish
136271,Irish,Irish,European,101.8888,2187.6615,243.3521,87.5100,Irish
136272,Irish,Irish,European,61.7273,3527.5309,406.3552,172.3380,Irish
136273,Irish,Irish,European,128.2266,1523.5518,139.7259,52.9507,Irish
136274,Irish,Irish,European,3.6358,654.3767,20.2350,62.6299,Irish
136275,Irish,Irish,European,21.2394,3280.6872,632.3102,74.2602,Irish
136276,Irish,Irish,European,11.6687,89.2192,6.5435,1.7391,Irish
136277,Irish,Irish,European,19.7692,94.2520,2.9778,1.1324,Irish
136278,Irish,Irish,European,301.0560,1270.0800,14.4480,9.4080,Irish
136279,Irish,Irish,European,508.7848,3827.1638,95.2137,157.1640,Irish
136280,Irish,Irish,European,55.8256,280.2100,10.7832,4.4102,Irish
136281,Irish,Irish,European,12.1887,727.9600,43.3817,57.8708,Irish
136282,Irish,Irish,European,0.0919,0.3608,0.0149,0.0047,Irish
136283,Irish,Irish,European,225.9155,1601.6767,57.9271,60.8402,Irish
136284,Irish,Irish,European,349.8960,4465.2000,230.5800,239.3640,Irish
136285,Irish,Irish,European,0.0000,530.4012,104.5842,12.1947,Irish
136286,Irish,Irish,European,277.0350,2244.1405,92.6963,90.1565,Irish
136287,Irish,Irish,European,99.8303,2681.4889,199.8802,160.9380,Irish
136288,Irish,Irish,European,331.8840,2691.5400,47.2170,135.6450,Irish
136289,Irish,Irish,European,75.2584,1604.6800,32.7656,134.0304,Irish
136290,Irish,Irish,European,165.0463,6153.2968,80.2331,586.5909,Irish
136291,Irish,Irish,European,102.6199,843.5460,45.2937,28.4642,Irish
136292,Irish,Irish,European,12.5645,546.8474,10.8036,54.2099,Irish
136293,Irish,Irish,European,241.9735,1243.9300,21.8928,21.0751,Irish
136294,Irish,Irish,European,4.5908,18.3540,0.0000,0.0000,Irish
136295,Irish,Irish,European,18.5576,101.7603,6.0693,0.3458,Irish
136296,Irish,Irish,European,48.7251,1211.9770,70.2178,81.7357,Irish
136297,Irish,Irish,European,130.0547,1636.6600,42.7440,115.2000,Irish
136298,Irish,Irish,European,130.9859,977.2133,18.6147,46.3950,Irish
136299,Irish,Irish,European,31.5326,2076.2134,158.3439,143.2058,Irish
136300,Irish,Irish,European,169.7259,882.0100,23.2584,11.4453,Irish
136301,Irish,Irish,European,123.2424,1017.2738,28.2568,49.4568,Irish
136302,Irish,Irish,European,22.0078,228.1300,5.4475,13.1747,Irish
136303,Irish,Irish,European,,,,,Irish
136304,Irish,Irish,European,34.1132,1049.4432,90.6357,63.4625,Irish
136305,Irish,Irish,European,10.5444,1871.5835,4.5985,202.8909,Irish
136306,Irish,Irish,European,31.0625,133.3680,3.7429,0.3600,Irish
136307,Irish,Irish,European,59.6870,989.7464,161.6441,6.1067,Irish
136308,Irish,Irish,European,61.9615,694.4840,10.4225,48.7680,Irish
136309,Irish,Irish,European,233.5484,3544.8100,14.9659,283.7773,Irish
136310,Irish,Irish,European,59.2362,236.4858,5.3939,0.7253,Irish
136311,Irish,Irish,European,4.5017,270.4394,17.8879,20.2307,Irish
136312,Irish,Irish,European,135.5850,534.0250,2.7395,5.4747,Irish
136313,Irish,Irish,European,71.9627,1083.7518,118.1648,35.0065,Irish
136314,Irish,Irish,European,17.1226,2415.9536,15.5441,263.0722,Irish
136315,Irish,Irish,European,12.9128,1148.2045,28.2449,110.2088,Irish
136316,Irish,Irish,European,330.9250,2380.5570,55.7334,99.7438,Irish
136317,Irish,Irish,European,9.6315,917.1603,42.5369,80.0170,Irish
136318,Irish,Irish,European,203.7286,1038.1580,59.4720,48.6246,Irish
136319,Irish,Irish,European,10.9949,457.3725,5.7548,44.5537,Irish
136320,Irish,Irish,European,525.3931,2555.2247,50.1061,21.9528,Irish
136321,Irish,Irish,European,3.7705,212.3234,7.6682,19.8049,Irish
136322,Irish,Irish,European,33.9230,870.3290,11.2740,83.5708,Irish
136323,Irish,Irish,European,842.0727,3630.8641,77.9156,9.7958,Irish
136324,Irish,Irish,European,271.7108,1796.6080,35.9731,75.2177,Irish
136325,Irish,Irish,European,47.2015,613.3980,31.1620,33.3554,Irish
136326,Irish,Irish,European,25.1647,1826.0826,318.9444,49.7480,Irish
136327,Irish,Irish,European,0.0405,706.2420,0.0060,81.6000,Irish
136328,Irish,Irish,European,162.9213,1251.1800,29.5975,56.6756,Irish
136329,Irish,Irish,European,355.3450,1652.1625,59.4450,11.2921,Irish
136330,Irish,Irish,European,,,,,Irish
136331,Irish,Irish,European,122.2800,1694.6880,37.1379,121.0556,Irish
136332,Irish,Irish,European,325.0312,2032.0697,39.1748,71.8010,Irish
136333,Irish,Irish,European,35.1477,571.9800,20.9894,39.8579,Irish
136334,Irish,Irish,European,214.3724,1744.9400,20.5800,91.3296,Irish
136335,Irish,Irish,European,10.8706,74.4340,1.1277,4.4370,Irish
136336,Irish,Irish,European,82.0670,2153.4835,115.9200,155.2139,Irish
136337,Irish,Irish,European,60.4970,972.3122,92.7190,39.7292,Irish
136338,Irish,Irish,European,10.4303,772.2720,95.2495,36.2828,Irish
136339,Irish,Irish,European,3.6562,754.6648,98.3167,35.5444,Irish
136340,Irish,Irish,European,6.1772,833.2820,2.1544,90.8930,Irish
136341,Irish,Irish,European,0.9918,4.4700,0.1908,0.0150,Irish
136342,Irish,Irish,European,47.8766,1990.8100,19.4723,198.4851,Irish
136343,Irish,Irish,European,115.6050,893.5950,19.1082,43.6215,Irish
136344,Irish,Irish,European,18.9940,961.5500,60.1230,72.2890,Irish
136345,Irish,Irish,European,0.0000,37.8250,8.4150,0.2125,Irish
136346,Irish,Irish,European,24.3294,1012.5731,27.0289,90.7161,Irish
136347,Irish,Irish,European,17.4948,223.2600,11.5290,11.9682,Irish
136348,Irish,Irish,European,167.3879,1670.1791,60.0577,85.9277,Irish
136349,Irish,Irish,European,77.8968,1160.8284,55.0120,73.9531,Irish
136350,Irish,Irish,European,1032.6754,5571.6110,107.6638,113.7405,Irish
136351,Irish,Irish,European,20.1153,378.4210,25.8575,19.5317,Irish
136352,Irish,Irish,European,612.5692,5420.5553,211.5500,251.4568,Irish
136353,Irish,Irish,European,89.6891,4650.4824,514.7725,237.2742,Irish
136354,Irish,Irish,European,8.4320,3179.7262,241.0725,234.6105,Irish
136355,Irish,Irish,European,184.6826,3011.3198,38.6692,254.9276,Irish
136356,Irish,Irish,European,39.2716,357.7760,3.5779,22.6045,Irish
136357,Irish,Irish,European,284.5776,1244.5005,23.2112,8.6402,Irish
136358,Irish,Irish,European,5.6679,23.8470,0.8882,0.8696,Irish
136359,Irish,Irish,European,43.9041,1357.4431,73.0242,98.5602,Irish
136360,Irish,Irish,European,15.7899,231.8525,2.5613,18.3976,Irish
136361,Irish,Irish,European,69.7360,632.0157,2.1811,40.7881,Irish
136362,Irish,Irish,European,504.8390,2017.4708,0.0423,0.0071,Irish
136363,Irish,Irish,European,17.0236,1865.4998,201.3943,108.6687,Irish
136364,Irish,Irish,European,46.2388,1052.8220,127.1333,37.3516,Irish
136365,Irish,Irish,European,1260.8235,7038.1251,464.2335,136.6787,Irish
136366,Irish,Irish,European,103.7300,779.7290,34.7415,28.0000,Irish
136367,Irish,Irish,European,170.5781,1915.3804,88.8610,100.0351,Irish
136368,Irish,Irish,European,541.5476,3962.2318,377.0362,42.6599,Irish
136369,Irish,Irish,European,0.0000,0.0000,0.0000,0.0000,Irish
136370,Irish,Irish,European,234.7103,2138.5960,64.3010,109.0830,Irish
136371,Irish,Irish,European,311.8686,3064.6639,24.5363,202.7807,Irish
136372,Irish,Irish,European,198.3189,1752.1802,78.4780,76.6980,Irish
136373,Irish,Irish,European,254.7298,25866.2600,1528.4176,2099.0470,Irish
136374,Irish,Irish,European,145.2165,1351.6737,127.2553,28.9121,Irish
136375,Irish,Irish,European,15.3999,281.6985,9.3712,22.7772,Irish
136376,Irish,Irish,European,261.8671,1417.4987,54.7625,28.4658,Irish
136377,Irish,Irish,European,67.2871,3217.3060,36.7720,334.9252,Irish
136378,Irish,Irish,European,59.3476,2763.2310,137.8693,221.3213,Irish
136379,Irish,Irish,European,480.1529,2878.5500,47.0738,89.8998,Irish
136380,Irish,Irish,European,177.9841,1403.2679,98.3232,35.5737,Irish
136381,Irish,Irish,European,141.4942,1624.2313,129.4411,57.7626,Irish
136382,Irish,Irish,European,18.0899,2397.5487,148.6023,191.4417,Irish
136383,Irish,Irish,European,9.7031,886.7093,161.5738,22.3482,Irish
136384,Irish,Irish,European,,,,,Irish
136385,Irish,Irish,European,468.4677,1859.9360,0.0000,0.1583,Irish
136386,Irish,Irish,European,28.5689,117.5586,2.4908,1.1433,Irish
136387,Irish,Irish,European,60.5821,559.2699,26.1783,24.5407,Irish
136388,Irish,Irish,European,9.2278,39.5475,0.2977,0.1602,Irish
136389,Irish,Irish,European,300.0692,2106.3873,105.3599,60.2887,Irish
136390,Irish,Irish,European,153.6868,603.5200,1.2980,0.7912,Irish
136391,Irish,Irish,European,0.0000,469.7900,0.0000,54.5000,Irish
136392,Irish,Irish,European,13.1179,456.1767,15.2338,39.3492,Irish
136393,Irish,Irish,European,49.2128,4705.7500,297.9855,363.2398,Irish
136394,Irish,Irish,European,344.2132,2903.4000,78.1575,139.2315,Irish
136395,Irish,Irish,European,92.6434,366.4030,5.0810,1.1174,Irish
136396,Irish,Irish,European,62.2663,4665.2857,165.1827,412.1824,Irish
136397,Irish,Irish,European,520.3476,3075.3990,79.0144,70.1036,Irish
136398,Irish,Irish,European,208.3435,2125.6542,32.3188,137.0673,Irish
136399,Irish,Irish,European,169.9710,4692.8864,4.7361,455.9995,Irish
136400,Irish,Irish,European,52.3291,1438.3277,35.1173,127.8599,Irish
136401,Irish,Irish,European,5.2957,554.5460,6.9129,59.3108,Irish
136402,Irish,Irish,European,0.0000,0.0000,0.0000,0.0000,Irish
136403,Irish,Irish,European,318.0759,1581.1385,15.7011,31.6168,Irish
136404,Irish,Irish,European,87.3976,462.5062,24.5035,3.7132,Irish
136405,Irish,Irish,European,617.5026,2687.8478,83.5223,7.4402,Irish
136406,Irish,Irish,European,11.3227,50.1400,1.8524,0.3160,Irish
136407,Irish,Irish,European,115.0814,612.9847,16.2834,14.6853,Irish
136408,Irish,Irish,European,7.9782,671.8910,16.1088,64.8648,Irish
136409,Irish,Irish,European,14.3389,2710.9360,523.2454,61.1641,Irish
136410,Irish,Irish,European,100.6599,2736.9668,314.6279,128.6179,Irish
136411,Irish,Irish,European,27.3866,1427.4594,169.7370,68.4889,Irish
136412,Irish,Irish,European,236.5502,1562.5100,52.9852,49.8902,Irish
136413,Irish,Irish,European,,,,,Irish
136414,Irish,Irish,European,383.9879,2269.7800,45.9569,63.3806,Irish
136415,Irish,Irish,European,246.7957,2533.1180,33.4305,170.7110,Irish
136416,Irish,Irish,European,29.9232,913.2800,8.8528,87.5040,Irish
136417,Irish,Irish,European,1596.0513,66252.0960,659.5225,6865.9225,Irish
136418,Irish,Irish,European,5.2663,194.4392,13.7132,13.2741,Irish
136419,Irish,Irish,European,6.5469,29.0330,1.2258,0.3323,Irish
136420,Irish,Irish,European,199.0078,2144.8774,91.8094,107.6604,Irish
136421,Irish,Irish,European,774.5012,6474.2320,92.9130,338.6894,Irish
136422,Irish,Irish,European,3.9285,85.5000,2.6715,7.2000,Irish
136423,Irish,Irish,European,102.3001,1391.3213,105.8274,66.4641,Irish
136424,Irish,Irish,European,154.2917,3699.1740,111.4638,287.8411,Irish
136425,Irish,Irish,European,37.8238,182.6505,7.0887,1.6412,Irish
136426,Irish,Irish,European,0.3656,1.6312,0.0512,0.0208,Irish
136427,Irish,Irish,European,654.7113,3043.3760,44.3712,47.7202,Irish
136428,Irish,Irish,European,553.9159,3634.0083,78.7639,129.6669,Irish
136429,Irish,Irish,European,24.7269,1585.2853,110.1986,115.8936,Irish
136430,Irish,Irish,European,0.5557,2701.4275,34.3038,286.4500,Irish
136431,Irish,Irish,European,16.2515,439.0720,11.3488,36.1690,Irish
136432,Irish,Irish,European,52.8300,302.5000,12.4300,5.0250,Irish
136433,Irish,Irish,European,5.2213,261.6065,0.7337,27.1204,Irish
136434,Irish,Irish,European,410.3240,3076.7800,42.0873,143.0270,Irish
136435,Irish,Irish,European,487.4326,5359.2989,236.0972,274.8929,Irish
136436,Irish,Irish,European,110.9674,3340.0884,111.0724,274.0621,Irish
136437,Irish,Irish,European,23.3246,631.8500,34.9239,45.2085,Irish
136438,Irish,Irish,European,74.7342,573.2869,14.0963,28.2634,Irish
136439,Irish,Irish,European,1.7675,1090.8554,77.7253,83.6192,Irish
136440,Irish,Irish,European,44.4510,649.8800,22.0610,46.4480,Irish
136441,Irish,Irish,European,13.6886,245.4200,9.1860,18.3894,Irish
136442,Irish,Irish,European,23.3600,2220.8280,420.1513,49.1473,Irish
136443,Irish,Irish,European,171.1422,861.6328,24.0295,9.1091,Irish
136444,Irish,Irish,European,26.7014,1786.6532,174.2110,111.7002,Irish
136445,Irish,Irish,European,52.3166,681.7700,27.2184,43.3455,Irish
136446,Irish,Irish,European,3308.6500,46160.5000,2277.7500,2716.9500,Irish
136447,Irish,Irish,European,445.8639,2717.0853,45.0301,96.8279,Irish
136448,Irish,Irish,European,73.3692,3815.9550,303.4338,268.6307,Irish
136449,Irish,Irish,European,28.2267,856.2525,24.7376,71.7007,Irish
136450,Irish,Irish,European,33.9467,1672.2793,48.7015,149.3380,Irish
136451,Irish,Irish,European,274.0855,1765.1000,56.7950,56.1495,Irish
136452,Irish,Irish,European,31.3710,2198.5000,25.6940,222.9540,Irish
136453,Irish,Irish,European,0.6180,51.5970,5.2674,2.9768,Irish
136454,Irish,Irish,European,39.1080,4642.3052,521.7076,252.6005,Irish
136455,Irish,Irish,European,25.0047,150.6600,5.0058,3.4992,Irish
136456,Irish,Irish,European,286.1015,1375.2680,28.4509,11.9100,Irish
136457,Irish,Irish,European,171.7181,1441.7565,48.7213,65.3492,Irish
136458,Irish,Irish,European,32.2340,201.5590,9.4067,5.4786,Irish
136459,Irish,Irish,European,673.5261,3493.8435,81.5476,64.7070,Irish
136460,Irish,Irish,European,192.3065,1283.2916,8.9217,55.6424,Irish
136461,Irish,Irish,European,53.1896,806.1426,28.8199,59.5479,Irish
136462,Irish,Irish,European,37.2099,1777.5062,49.0935,164.4936,Irish
136463,Irish,Irish,European,66.1127,564.8239,34.9531,1.1916,Irish
136464,Irish,Irish,European,154.9559,2377.2976,135.3751,136.9771,Irish
136465,Irish,Irish,European,563.7654,3102.9233,129.3588,31.8975,Irish
136466,Irish,Irish,European,154.9801,1622.7206,147.4172,47.7161,Irish
136467,Irish,Irish,European,354.9255,1911.6635,66.5465,28.7094,Irish
136468,Irish,Irish,European,112.3435,443.9100,0.7473,0.4248,Irish
136469,Irish,Irish,European,284.1513,1225.5430,2.0400,14.1071,Irish
136470,Irish,Irish,European,39.0323,421.1234,7.7320,28.4359,Irish
136471,Irish,Irish,European,63.8703,1030.8350,34.0726,74.1441,Irish
136472,Irish,Irish,European,31.4215,392.8432,11.5745,26.5007,Irish
136473,Irish,Irish,European,75.4139,505.8856,34.2991,8.2378,Irish
136474,Irish,Irish,European,31.1929,2745.6864,159.8412,215.4260,Irish
136475,Irish,Irish,European,32036.2103,129151.7470,2014.5757,570.6901,Irish
136476,Irish,Irish,European,90.6418,4366.7405,308.5746,302.4683,Irish
136477,Irish,Irish,European,594.6294,3921.2845,84.5880,155.5721,Irish
136478,Irish,Irish,European,632.7205,3300.5137,191.6707,12.3392,Irish
136479,Irish,Irish,European,47.4498,904.2160,78.3647,45.1513,Irish
136480,Irish,Irish,European,,,,,Irish
136481,Irish,Irish,European,56.5804,1098.2744,80.0179,65.7727,Irish
136482,Irish,Irish,European,36.9740,1834.0862,35.7919,183.2781,Irish
136483,Irish,Irish,European,1.2513,155.0960,12.5625,9.5125,Irish
136484,Irish,Irish,European,37.3460,580.1913,98.0647,2.3416,Irish
136485,Irish,Irish,European,224.4906,1998.4264,180.1701,48.0913,Irish
136486,Irish,Irish,European,3587.8523,45326.1218,2336.4310,2416.7419,Irish
136487,Irish,Irish,European,29535.7551,200271.7110,6154.7188,6432.7562,Irish
136488,Irish,Irish,European,104.4835,680.0834,33.0117,23.7212,Irish
136489,Irish,Irish,European,84.8198,1006.3138,116.9550,20.8733,Irish
136490,Irish,Irish,European,367.8463,2666.4000,32.8995,116.5647,Irish
136491,Irish,Irish,European,48.9791,379.9074,16.2139,14.1326,Irish
136492,Irish,Irish,European,89.1341,5846.7032,501.4355,383.4381,Irish
136493,Irish,Irish,European,160.2620,1033.9500,36.9665,34.5480,Irish
136494,Irish,Irish,European,53.1171,292.0652,26.6078,3.7078,Irish
136495,Irish,Irish,European,23.8762,109.0525,1.7919,0.4276,Irish
136496,Irish,Irish,European,15.7438,74.0625,3.6442,0.2096,Irish
136497,Irish,Irish,European,53.6601,226.2000,5.2908,0.4800,Irish
136498,Irish,Irish,European,175.8355,842.0447,11.6865,18.8183,Irish
136499,Irish,Irish,European,152.0923,2099.2510,6.2825,168.2575,Irish
136500,Irish,Irish,European,198.7322,989.1400,32.8252,4.5484,Irish
136501,Irish,Irish,European,0.0000,119.3400,0.0000,13.5000,Irish
136502,Irish,Irish,European,122.0355,761.4840,15.3638,30.7078,Irish
136503,Irish,Irish,European,89.8273,1026.4283,66.0016,49.0757,Irish
136504,Irish,Irish,European,64.9887,2873.8650,165.8935,214.3471,Irish
136505,Irish,Irish,European,17617.0114,89486.2760,2106.3450,1144.4120,Irish
136506,Irish,Irish,European,213.5182,839.0400,0.9614,3.0153,Irish
136507,Irish,Irish,European,90.3686,1608.3320,113.3527,87.0642,Irish
136508,Irish,Irish,European,0.0000,45.3520,2.8050,0.0708,Irish
136509,Irish,Irish,European,14.9440,64.0000,1.7600,0.1600,Irish
136510,Irish,Irish,European,21.3567,2397.0260,285.2858,122.4803,Irish
136511,Irish,Irish,European,203.9984,1557.0402,9.6243,86.0912,Irish
136512,Irish,Irish,European,95.1034,1549.1740,10.0156,127.7397,Irish
136513,Irish,Irish,European,662.9953,4215.4004,276.1156,63.0818,Irish
136514,Irish,Irish,European,32.9841,1512.9585,123.0818,93.0092,Irish
136515,Irish,Irish,European,,,,,Irish
136516,Irish,Irish,European,87.8787,1570.4688,166.4798,60.7580,Irish
136517,Irish,Irish,European,12.8548,1127.1492,28.5646,110.2287,Irish
136518,Irish,Irish,European,11.6632,148.8400,7.6860,7.9788,Irish
136519,Irish,Irish,European,217.9094,2056.4401,116.2355,81.0406,Irish
136520,Irish,Irish,European,494.7105,2467.3000,82.9433,11.3484,Irish
136521,Irish,Irish,European,19.9455,741.0000,51.6945,50.8800,Irish
136522,Irish,Irish,European,353.7917,3196.8965,182.5008,121.0992,Irish
136523,Irish,Irish,European,57.8353,2038.5020,246.6533,85.7636,Irish
136524,Irish,Irish,European,,,,,Irish
136525,Irish,Irish,European,16.8913,946.7750,47.0400,75.7008,Irish
136526,Irish,Irish,European,23.0507,1772.5309,284.0328,54.4821,Irish
136527,Irish,Irish,European,57.3019,2404.5959,392.3765,66.8135,Irish
136528,Irish,Irish,European,136.5532,1267.4601,30.2610,68.9631,Irish
136529,Irish,Irish,European,43.9343,260.8311,11.8304,5.6150,Irish
136530,Irish,Irish,European,6.7267,451.2731,5.1469,45.3562,Irish
136531,Irish,Irish,European,0.0000,403.4676,89.7602,2.2667,Irish
136532,Irish,Irish,European,164.2397,1841.7150,40.4684,117.4123,Irish
136533,Irish,Irish,European,218.1072,1173.7220,37.5163,42.0360,Irish
136534,Irish,Irish,European,1.5628,9.4162,0.3129,0.2187,Irish
136535,Irish,Irish,European,0.0000,25.2167,5.6100,0.1417,Irish
136536,Irish,Irish,European,158.6771,627.3706,0.0838,0.0177,Irish
136537,Irish,Irish,European,65.7211,1639.9822,84.2189,121.9193,Irish
136538,Irish,Irish,European,,,,,Irish
136539,Irish,Irish,European,6.7156,1716.6763,3.3904,187.3158,Irish
136540,Irish,Irish,European,26.7382,432.6456,19.3463,29.3364,Irish
136541,Irish,Irish,European,39.0953,1920.4053,366.3397,23.8171,Irish
136542,Irish,Irish,European,68.7978,1887.9775,141.9758,119.3544,Irish
136543,Irish,Irish,European,103.5326,1046.7458,121.4811,13.8207,Irish
136544,Irish,Irish,European,7.2165,2960.7482,393.7829,151.9354,Irish
136545,Irish,Irish,European,70.1773,1498.8610,43.5256,124.4345,Irish
136546,Irish,Irish,European,54.4839,836.1536,8.2527,67.8926,Irish
136547,Irish,Irish,European,6.2260,28.5115,1.1974,0.3550,Irish
136548,Irish,Irish,European,0.7200,143.0000,12.5600,9.5100,Irish
136549,Irish,Irish,European,27.8926,1176.4368,212.0544,23.5252,Irish
136550,Irish,Irish,European,27.7543,2719.9259,377.9067,121.7599,Irish
136551,Irish,Irish,European,245.3398,2455.7400,18.7555,161.4198,Irish
136552,Irish,Irish,European,88.4324,712.8880,19.2876,34.5848,Irish
136553,Irish,Irish,European,35.5332,884.9590,120.4904,30.2169,Irish
136554,Irish,Irish,European,156.9144,792.5308,34.7611,12.3693,Irish
136555,Irish,Irish,European,5.5309,121.6169,4.7474,9.6462,Irish
136556,Irish,Irish,European,24.8220,534.0355,17.0992,44.6885,Irish
136557,Irish,Irish,European,4.7462,104.4600,15.2533,2.8154,Irish
136558,Irish,Irish,European,82.7742,527.2560,22.1082,14.9463,Irish
136559,Irish,Irish,European,25.9956,1037.0823,95.6392,58.9776,Irish
136560,Irish,Irish,European,30.8200,419.3500,17.1015,29.6418,Irish
136561,Irish,Irish,European,0.0000,25.2167,5.6100,0.1417,Irish
136562,Irish,Irish,European,59.3522,3065.1065,381.4364,134.2468,Irish
136563,Irish,Irish,European,1.4400,909.0000,163.7200,22.5200,Irish
136564,Irish,Irish,European,26.3932,882.2412,126.4802,29.8335,Irish
136565,Irish,Irish,European,9.1472,189.3870,5.9040,14.9010,Irish
136566,Irish,Irish,European,6.7954,248.0438,15.7024,9.9223,Irish
136567,Irish,Irish,European,16.2484,1259.4060,75.5950,98.5399,Irish
136568,Irish,Irish,European,116.9886,965.3850,18.8976,55.1041,Irish
136569,Irish,Irish,European,0.0000,12.6083,2.8050,0.0708,Irish
136570,Irish,Irish,European,441.6598,3637.4782,54.8286,192.5376,Irish
136571,Irish,Irish,European,195.7984,1086.9490,26.3436,21.4351,Irish
136572,Irish,Irish,European,13.8321,623.9670,21.7115,51.5032,Irish
136573,Irish,Irish,European,1758.6905,17070.3234,183.4766,1040.0229,Irish
136574,Irish,Irish,European,16.6460,283.9500,4.2065,22.8960,Irish
136575,Irish,Irish,European,290.7781,1584.5600,61.1789,40.7055,Irish
136576,Irish,Irish,European,17.4900,517.2000,11.9880,47.3460,Irish
136577,Irish,Irish,European,17.6562,187.7400,0.0216,13.5000,Irish
136578,Irish,Irish,European,8.6241,173.7988,13.3449,9.5847,Irish
136579,Irish,Irish,European,7.1280,241.2750,19.0850,14.4347,Irish
136580,Irish,Irish,European,30.3031,1260.6281,103.0493,80.7435,Irish
136581,Irish,Irish,European,2.9083,12.5463,0.6223,0.1282,Irish
136582,Irish,Irish,European,0.0000,403.4667,89.7600,2.2667,Irish
136583,Irish,Irish,European,328.0023,1624.0833,52.0863,8.9170,Irish
136584,Irish,Irish,European,2.6150,45.0372,8.2779,0.4635,Irish
136585,Irish,Irish,European,176.8309,2121.0422,157.6372,88.4518,Irish
136586,Irish,Irish,European,508.3978,4948.3962,476.0079,109.9572,Irish
136587,Irish,Irish,European,609.8875,2639.3867,34.0200,24.1352,Irish
136588,Irish,Irish,European,154.2389,3019.1924,190.5063,181.3083,Irish
136589,Irish,Irish,European,103.2993,3969.9220,423.7942,194.3169,Irish
136590,Irish,Irish,European,16.9752,753.9156,102.1599,30.1398,Irish
136591,Irish,Irish,European,24.1926,1171.8742,52.1319,96.9521,Irish
136593,Irish,Irish,European,1152.6420,7434.0000,446.8935,176.6700,Irish
136594,Irish,Irish,European,6.6338,123.2771,16.8442,0.4675,Irish
136595,Irish,Irish,European,44.2971,2887.5719,161.6989,226.3960,Irish
136596,Irish,Irish,European,259.9753,3839.1667,377.5129,134.8374,Irish
136597,Irish,Irish,European,324.0899,4656.4279,254.8369,262.0398,Irish
136598,Irish,Irish,European,1529.7077,62728.2025,1020.4990,6017.2008,Irish
136599,Irish,Irish,European,132.1994,1805.8545,212.5146,44.6922,Irish
136600,Irish,Irish,European,111.3012,3039.2400,124.1496,257.6904,Irish
136601,Irish,Irish,European,221.7167,1005.3155,18.1437,3.4246,Irish
136602,Irish,Irish,European,203.0921,2016.6062,10.9114,135.8283,Irish
136603,Irish,Irish,European,331.2154,1254.9500,1.5974,0.2841,Irish
136604,Irish,Irish,European,845.5500,4175.6680,56.2651,64.6454,Irish
136605,Irish,Irish,European,235.7800,952.1137,13.1802,5.6203,Irish
136606,Irish,Irish,European,145.2648,2402.3220,91.6898,168.4209,Irish
136607,Irish,Irish,European,335.8134,2260.7500,19.1687,101.0730,Irish
136608,Irish,Irish,European,28.2202,650.4430,19.3644,55.1190,Irish
136609,Irish,Irish,European,211.7138,830.2782,9.8973,3.3084,Irish
136610,Irish,Irish,European,0.0000,0.0000,0.0000,0.0000,Irish
136611,Irish,Irish,European,170.2944,1707.8016,25.3919,112.9842,Irish
136612,Irish,Irish,European,94.1776,947.1700,10.4253,59.7904,Irish
136613,Irish,Irish,European,92.6777,9769.4421,394.0958,858.5538,Irish
136614,Irish,Irish,European,252.6141,2119.0023,99.0669,85.2484,Irish
136615,Irish,Irish,European,357.8633,3232.5580,56.1539,193.6470,Irish
136616,Irish,Irish,European,546.9076,6076.8915,96.5533,429.3016,Irish
136617,Irish,Irish,European,235.8341,2362.6720,44.0295,144.6650,Irish
136618,Irish,Irish,European,59.8256,2418.1500,56.9499,225.4534,Irish
136619,Irish,Irish,European,615.1668,3574.4800,28.2521,112.8421,Irish
136620,Irish,Irish,European,485.1659,4120.0685,164.5110,190.4865,Irish
136621,Irish,Irish,European,330.9139,2532.9361,35.2721,120.4793,Irish
136622,Irish,Irish,European,442.7188,3664.0987,59.9099,189.0369,Irish
136623,Irish,Irish,European,317.4730,1338.6870,6.4757,5.5163,Irish
136624,Irish,Irish,European,134.9010,1104.9075,9.7092,58.8062,Irish
136625,Irish,Irish,European,1359.3315,7573.1440,136.1127,184.7252,Irish
136626,Irish,Irish,European,368.7934,2789.8131,54.5697,122.3180,Irish
136627,Irish,Irish,European,124.0792,890.8770,15.9220,36.4515,Irish
136628,Irish,Irish,European,0.8220,328.9500,51.3420,12.0990,Irish
136629,Irish,Irish,European,686.1666,6015.1569,118.9019,316.7432,Irish
136630,Irish,Irish,European,752.4451,6509.2730,131.3197,362.3829,Irish
136631,Irish,Irish,European,92.4832,1664.2650,19.7495,140.9508,Irish
136632,Irish,Irish,European,505.2023,2697.4260,20.0719,74.6309,Irish
136633,Irish,Irish,European,496.4847,2444.2060,34.9376,37.9566,Irish
136634,Irish,Irish,European,136.7913,922.8960,11.5405,39.6265,Irish
136635,Irish,Irish,European,0.0000,0.0000,0.0000,0.0000,Irish
136636,Irish,Irish,European,346.5773,3112.0717,43.8151,177.5061,Irish
136637,Irish,Irish,European,257.7284,2554.3680,101.4266,152.3022,Irish
136638,Irish,Irish,European,534.0504,3515.4744,65.2809,127.8886,Irish
136639,Irish,Irish,European,785.3000,5504.3900,92.2980,249.4680,Irish
136640,Irish,Irish,European,61.3320,548.0312,15.1173,27.3794,Irish
136641,Irish,Irish,European,43.4671,566.0434,34.6245,36.1294,Irish
136642,Irish,Irish,European,5501.0642,36474.4057,512.7396,1554.2941,Irish
136643,Irish,Irish,European,209.8187,1241.4415,32.7211,28.3823,Irish
136644,Irish,Irish,European,310.7509,2566.5191,24.1794,148.0937,Irish
136645,Irish,Irish,European,218.6625,1686.5610,16.9685,84.8075,Irish
136646,Irish,Irish,European,402.5570,3183.8400,69.9338,148.6448,Irish
136647,Irish,Irish,European,276.4771,3764.9560,37.0682,285.8604,Irish
136648,Irish,Irish,European,288.6665,1817.0600,37.9507,69.2448,Irish
136649,Irish,Irish,European,617.9397,17656.0594,453.8009,1535.2957,Irish
136650,Irish,Irish,European,282.8429,3433.3829,89.7602,220.2667,Irish
136651,Irish,Irish,European,187.7052,1506.2560,47.1428,78.1666,Irish
136652,Irish,Irish,European,38.0559,1125.0400,1.0504,109.6059,Irish
136653,Irish,Irish,European,634.2177,4196.9090,99.5050,145.9795,Irish
136654,Irish,Irish,European,5.7238,449.2771,1.1652,43.4598,Irish
136655,Irish,Irish,European,248.7654,1884.9800,58.3480,76.8416,Irish
136656,Irish,Irish,European,706.4561,3968.6522,34.2054,121.7012,Irish
136657,Irish,Irish,European,152.2709,2041.0420,105.4476,128.6162,Irish
136658,Irish,Irish,European,109.2049,1383.2100,14.9046,100.1274,Irish
136659,Irish,Irish,European,171.8389,2263.7380,22.2551,181.3180,Irish
136660,Irish,Irish,European,285.3978,2438.3920,91.6336,149.7645,Irish
136661,Irish,Irish,European,514.2205,3928.0418,72.9635,185.8169,Irish
136662,Irish,Irish,European,451.4028,4422.9000,69.7000,268.6522,Irish
136663,Irish,Irish,European,78.5301,1072.6040,41.5649,71.1270,Irish
136664,Irish,Irish,European,118.1114,1136.1460,19.1851,64.8127,Irish
136665,Irish,Irish,European,48.2374,1268.0661,9.8506,118.7257,Irish
136666,Irish,Irish,European,508.8769,3305.7200,61.7124,119.7192,Irish
136667,Irish,Irish,European,208.0290,2548.3642,58.2767,173.0110,Irish
136668,Irish,Irish,European,625.9403,3407.9910,65.4108,80.7839,Irish
136669,Irish,Irish,European,247.1025,2646.3920,79.6265,165.3019,Irish
136670,Irish,Irish,European,181.7580,1336.0000,27.6520,62.3550,Irish
136671,Irish,Irish,European,368.8228,2469.6600,57.1393,90.7570,Irish
136672,Irish,Irish,European,40.7437,255.2833,11.4018,5.4496,Irish
136673,Irish,Irish,European,745.8579,3606.0050,64.5531,44.3455,Irish
136674,Irish,Irish,European,833.2914,5643.5890,115.6408,211.6016,Irish
136675,Irish,Irish,European,550.4525,4011.8379,47.4003,210.1626,Irish
136676,Irish,Irish,European,736.1112,3281.4020,47.7625,20.2236,Irish
136677,Irish,Irish,European,16.4336,992.9840,67.2410,72.8397,Irish
136678,Irish,Irish,European,0.0000,0.0000,0.0000,0.0000,Irish
136679,Irish,Irish,European,196.5382,1852.0090,28.2560,109.8083,Irish
136680,Irish,Irish,European,840.8712,4623.6267,65.7994,114.5734,Irish
136681,Irish,Irish,European,58196.0502,233227.7270,2675.4694,1662.2428,Irish
136682,Irish,Irish,European,193.6277,2331.4893,109.4316,123.0942,Irish
136683,Irish,Irish,European,23.2220,1235.5862,11.6479,129.0771,Irish
136684,Irish,Irish,European,304.0764,1508.6743,14.9387,28.6079,Irish
136685,Irish,Irish,European,1057.6010,4751.7070,55.6587,35.4904,Irish
136686,Irish,Irish,European,,,,,Irish
136687,Irish,Irish,European,76.4866,1072.0182,77.2697,49.8584,Irish
136688,Irish,Irish,European,235.5721,1831.2820,29.2258,87.9774,Irish
136689,Irish,Irish,European,226.6007,956.6400,5.0058,3.4992,Irish
136690,Irish,Irish,European,109.2920,2972.8582,28.0890,284.0122,Irish
136691,Irish,Irish,European,65.9624,1738.4950,31.0839,162.0191,Irish
136692,Irish,Irish,European,341.3389,2107.6440,45.4841,65.9580,Irish
136693,Irish,Irish,European,32.8668,298.2900,8.3387,14.8291,Irish
136694,Irish,Irish,European,89.6593,573.2267,14.9474,19.8328,Irish
136695,Irish,Irish,European,175.0867,1503.1389,19.5309,86.7617,Irish
136696,Irish,Irish,European,427.3395,3145.4615,75.9710,133.3196,Irish
136697,Irish,Irish,European,1.2330,153.0000,1.2780,16.2360,Irish
136698,Irish,Irish,European,416.8396,3464.7120,33.8760,185.7210,Irish
136699,Irish,Irish,European,133.4723,1922.7844,85.0040,123.5961,Irish
136700,Irish,Irish,European,7.3430,190.2425,7.7344,15.9853,Irish
136701,Irish,Irish,European,119.5240,1360.7829,46.8120,80.0900,Irish
136702,Irish,Irish,European,495.4700,3567.3147,51.6508,173.8068,Irish
136703,Irish,Irish,European,498.6143,4320.3659,108.9893,224.4593,Irish
136704,Irish,Irish,European,112.3907,1323.4137,39.5311,84.3510,Irish
136705,Irish,Irish,European,205.1583,1982.0200,36.4100,116.8830,Irish
136706,Irish,Irish,European,172.5513,1326.9300,26.4250,64.0374,Irish
136707,Irish,Irish,European,360.2101,1796.7450,32.5071,33.6253,Irish
136708,Irish,Irish,European,119.3676,759.9892,14.3710,28.8982,Irish
136709,Irish,Irish,European,25719.4124,104812.5387,121.8685,173.9212,Irish
136710,Irish,Irish,European,622.9772,4107.1599,77.4094,170.0430,Irish
136711,Irish,Irish,European,0.6595,35.1200,7.2122,0.1197,Irish
136712,Irish,Irish,European,147.0760,2138.1649,73.5191,142.1161,Irish
136713,Irish,Irish,European,131.0946,898.5650,19.8659,36.0095,Irish
136714,Irish,Irish,European,470.0793,2924.0960,35.0725,115.0105,Irish
136715,Irish,Irish,European,,,,,Irish
136716,Irish,Irish,European,1053.3106,6928.4680,141.3873,234.2401,Irish
136717,Irish,Irish,European,892.7809,6294.6844,114.8638,260.2593,Irish
136718,Irish,Irish,European,514.4150,2523.5616,43.9393,52.8791,Irish
136719,Irish,Irish,European,63.5460,1794.7862,32.2759,170.1731,Irish
136720,Irish,Irish,European,416.4198,2556.1810,50.0150,99.6070,Irish
136721,Irish,Irish,European,364.7386,3427.0309,147.3511,149.3063,Irish
136722,Irish,Irish,European,566.7463,6672.7590,70.1967,511.3300,Irish
136723,Irish,Irish,European,60.2731,1497.5560,21.9609,133.0511,Irish
136724,Irish,Irish,European,200.5877,871.9160,9.5899,8.0832,Irish
136725,Irish,Irish,European,110.0311,1791.1814,57.5164,125.3340,Irish
136726,Irish,Irish,European,480.6400,3432.5600,64.3886,162.4671,Irish
136727,Irish,Irish,European,17.0715,561.7135,12.6080,50.0922,Irish
136728,Irish,Irish,European,156.7460,2508.6550,72.9924,189.1468,Irish
136729,Irish,Irish,European,62.9014,276.8250,2.5029,1.7496,Irish
136730,Irish,Irish,European,316.5566,2667.5230,67.8653,134.2213,Irish
136731,Irish,Irish,European,508.7458,2427.3700,45.2198,17.3294,Irish
136732,Irish,Irish,European,47.1016,945.8330,12.3866,82.0675,Irish
136733,Irish,Irish,European,174.3362,1347.5880,31.7609,60.8339,Irish
136734,Irish,Irish,European,28.9978,118.6819,2.4035,0.7180,Irish
136735,Irish,Irish,European,707.5377,3434.7275,59.2974,37.2625,Irish
136736,Irish,Irish,European,466.3694,3400.5810,77.0365,146.3000,Irish
136737,Irish,Irish,European,271.9877,1864.9160,44.0493,70.3056,Irish
136738,Irish,Irish,European,30.7718,1263.1360,26.3324,115.3293,Irish
136739,Irish,Irish,European,207.2389,3546.8700,76.8194,282.3048,Irish
136740,Irish,Irish,European,114.6833,668.7693,9.2687,21.7925,Irish
136741,Irish,Irish,European,236.1965,2067.1640,37.5296,111.3277,Irish
136742,Irish,Irish,European,345.2008,3412.4443,146.9196,181.2818,Irish
136743,Irish,Irish,European,39.8588,1427.5840,43.7554,127.2204,Irish
136744,Irish,Irish,European,332.7489,2130.6570,35.8844,95.1618,Irish
136745,Irish,Irish,European,39.7574,154.1682,1.3566,0.3009,Irish
136746,Irish,Irish,European,575.5896,4432.3527,56.3938,213.3517,Irish
136747,Irish,Irish,European,382.9082,2920.0195,72.5636,125.7687,Irish
136748,Irish,Irish,European,239.7383,4026.3610,18.1526,343.8327,Irish
136749,Irish,Irish,European,254.1928,2288.4315,38.8330,126.3380,Irish
136750,Irish,Irish,European,404.3865,2305.2710,32.9439,59.1829,Irish
136751,Irish,Irish,European,163.4856,1909.3082,46.1989,134.7421,Irish
136752,Irish,Irish,European,342.2144,3775.9170,26.6451,276.6466,Irish
136753,Irish,Irish,European,409.6841,3431.6632,102.8527,162.6478,Irish
136754,Irish,Irish,European,0.3600,71.5000,6.2800,4.7550,Irish
136755,Irish,Irish,European,310.5820,2687.0210,40.8567,151.7416,Irish
136756,Irish,Irish,European,0.0000,201.7333,44.8800,1.1333,Irish
136757,Irish,Irish,European,39.5237,1418.1564,23.0571,134.9030,Irish
136758,Irish,Irish,European,179.9027,1797.1813,33.5842,114.5303,Irish
136759,Irish,Irish,European,249.2090,1912.3075,40.5092,85.5457,Irish
136760,Irish,Irish,European,252.4248,1746.5550,22.9800,74.8404,Irish
136761,Irish,Irish,European,347.7913,5011.5358,123.9470,364.9061,Irish
136762,Irish,Irish,European,242.1459,1399.1810,3.4220,47.3397,Irish
136763,Irish,Irish,European,485.4985,2711.0949,50.0998,69.3603,Irish
136764,Irish,Irish,European,174.7584,2438.0640,33.7344,187.6080,Irish
136765,Irish,Irish,European,20.4318,1024.3200,18.0840,104.1522,Irish
136766,Irish,Irish,European,6.8867,1549.1253,48.5936,146.5937,Irish
136767,Irish,Irish,European,328.3597,2123.2925,70.5738,71.8291,Irish
136768,Irish,Irish,European,555.3421,4276.6817,69.7522,204.1240,Irish
136769,Irish,Irish,European,5.3685,1718.3500,28.2220,179.1705,Irish
136770,Irish,Irish,European,184.4428,1408.8012,29.9273,61.7835,Irish
136771,Irish,Irish,European,3.4357,64.2204,2.3023,4.8834,Irish
136772,Irish,Irish,European,410.6840,4922.6100,48.1760,352.3040,Irish
136773,Irish,Irish,European,758.7295,4727.6900,80.1975,159.4281,Irish
136774,Irish,Irish,European,14.5858,113.1001,8.5300,2.1829,Irish
136775,Irish,Irish,European,581.6890,2969.0733,34.4858,70.8960,Irish
136776,Irish,Irish,European,892.7809,6294.6844,114.8638,260.2593,Irish
136777,Irish,Irish,European,619.7662,5008.8070,68.4861,261.6120,Irish
136778,Irish,Irish,European,495.2789,3030.4300,59.7974,96.2481,Irish
136779,Irish,Irish,European,203.0330,1609.5646,52.0485,77.5045,Irish
136780,Irish,Irish,European,1162.0456,6381.6342,52.3052,200.9824,Irish
136781,Irish,Irish,European,3671.9697,152266.1900,1534.0583,15771.1260,Irish
136782,Irish,Irish,European,611.1353,3962.0927,87.4028,137.6015,Irish
136783,Irish,Irish,European,216.1580,907.5000,6.5440,4.7550,Irish
136784,Irish,Irish,European,23996.5780,105109.2000,2974.3980,1061.3240,Irish
136785,Irish,Irish,European,8.4324,418.4489,4.6029,43.9752,Irish
136786,Irish,Irish,European,83.3255,1356.5130,22.3756,103.0581,Irish
136787,Irish,Irish,European,375.5007,1899.4467,19.3594,43.7051,Irish
136788,Irish,Irish,European,134.1295,923.2406,9.4710,44.3633,Irish
136789,Irish,Irish,European,108.2353,1045.9575,48.7385,65.2905,Irish
136790,Irish,Irish,European,78.6562,1133.5726,16.3633,86.9068,Irish
136791,Irish,Irish,European,754.6873,4290.8280,79.0533,139.6721,Irish
136792,Irish,Irish,European,87.2820,791.7517,32.3082,35.0318,Irish
136793,Irish,Irish,European,581.0399,2847.2347,114.7380,17.2907,Irish
136794,Irish,Irish,European,109.7979,1625.8885,39.1601,120.0205,Irish
136795,Irish,Irish,European,127.7653,553.0883,11.2963,0.4993,Irish
136796,Irish,Irish,European,557.5584,4576.3019,109.1582,224.4938,Irish
136797,Irish,Irish,European,17.6562,118.8333,11.2416,0.2833,Irish
136798,Irish,Irish,European,114.8110,709.7500,39.8900,11.6557,Irish
136799,Irish,Irish,European,38.4556,1649.8783,8.6698,166.6788,Irish
136800,Irish,Irish,European,299.7152,2136.4900,38.2065,94.3164,Irish
136801,Irish,Irish,European,847.1943,4652.3029,110.4522,113.3286,Irish
136802,Irish,Irish,European,90.7576,2255.6950,44.6961,203.2374,Irish
136803,Irish,Irish,European,12.9340,295.8000,3.1620,27.6680,Irish
136804,Irish,Irish,European,188.7761,1657.9679,38.7663,91.0679,Irish
136805,Irish,Irish,European,28430.2650,365112.1000,922.9130,29293.3910,Irish
136806,Irish,Irish,European,629.6313,5117.9888,152.6472,230.1668,Irish
136807,Irish,Irish,European,71.4333,609.2380,8.0527,32.4337,Irish
136808,Irish,Irish,European,488.5859,2713.0064,41.2987,64.7065,Irish
136809,Irish,Irish,European,152.4072,778.4353,30.4378,13.4686,Irish
136810,Irish,Irish,European,35.6622,1016.8900,46.7695,78.5883,Irish
136811,Irish,Irish,European,414.7474,3037.5350,54.8912,132.4799,Irish
136812,Irish,Irish,European,67.8682,1973.9160,56.4984,173.7313,Irish
136813,Irish,Irish,European,31.7880,755.5000,27.6520,62.3550,Irish
136814,Irish,Irish,European,665.2917,3111.7830,16.8312,52.5533,Irish
136815,Irish,Irish,European,265.7520,2926.6733,51.0577,194.9990,Irish
136816,Irish,Irish,European,25696.0844,111558.5513,342.7795,907.4146,Irish
136817,Irish,Irish,European,189.4888,1689.5572,22.9525,108.4430,Irish
136818,Irish,Irish,European,82.1862,1013.9080,26.9713,70.4979,Irish
136819,Irish,Irish,European,357.8035,2066.4572,46.3844,50.8128,Irish
136820,Irish,Irish,European,226.5331,1828.0720,38.7515,85.1300,Irish
136821,Irish,Irish,European,11.7420,1302.0600,55.4868,115.0428,Irish
136822,Irish,Irish,European,177.6174,1966.1338,24.5476,134.0451,Irish
136823,Irish,Irish,European,186.7815,2304.5618,47.6749,154.2309,Irish
136824,Irish,Irish,European,115.3095,3184.0767,58.3032,301.7294,Irish
136825,Irish,Irish,European,465.1107,2036.9948,41.3251,21.0160,Irish
136826,Irish,Irish,European,3.9565,2159.2375,19.4657,232.7024,Irish
136827,Irish,Irish,European,303.1150,1861.3700,33.1329,67.4041,Irish
136828,Irish,Irish,European,655.7768,4901.4565,44.2744,240.9247,Irish
136829,Irish,Irish,European,154.5557,1643.1500,28.1589,102.6066,Irish
136830,Irish,Irish,European,12.0890,741.4000,30.7320,63.5250,Irish
136831,Irish,Irish,European,127.4967,661.8760,15.6835,7.0011,Irish
136832,Irish,Irish,European,105.5715,831.7410,8.8619,44.1271,Irish
136833,Irish,Irish,European,147.8870,1010.8290,40.0496,33.0261,Irish
136834,Irish,Irish,European,243.2703,1326.1760,24.7515,39.1905,Irish
136835,Irish,Irish,European,140.9486,608.0234,5.8933,6.2593,Irish
136836,Irish,Irish,European,1502.8684,13870.7867,170.3942,835.1955,Irish
136837,Irish,Irish,European,204.0483,1509.8508,31.5188,69.3510,Irish
136838,Irish,Irish,European,450.4308,2331.5022,34.5510,53.3955,Irish
136839,Irish,Irish,European,787.7070,5606.8367,75.4413,253.0300,Irish
136840,Irish,Irish,European,612.7731,3334.8091,65.2823,77.7003,Irish
136841,Irish,Irish,European,139.4236,1899.6310,9.8005,146.2067,Irish
136842,Irish,Irish,European,38.4787,362.7295,21.4714,15.0969,Irish
136843,Irish,Irish,European,166.1580,1476.2850,10.5510,88.5840,Irish
136844,Irish,Irish,European,178.6556,1861.4863,54.8649,104.3597,Irish
136845,Irish,Irish,European,287.5829,2778.6530,24.1268,180.9559,Irish
136846,Irish,Irish,European,227.1162,1777.3650,10.8264,97.5051,Irish
136847,Irish,Irish,European,212.1157,1474.3040,30.8396,59.8442,Irish
136848,Irish,Irish,European,585.6816,2704.1660,42.4640,27.0907,Irish
136849,Irish,Irish,European,,,,,Irish
136850,Irish,Irish,European,1339.5945,7083.9200,83.1223,193.2622,Irish
136851,Irish,Irish,European,36.8806,941.8970,6.8173,86.5933,Irish
136852,Irish,Irish,European,438.2237,2320.0110,34.1378,63.7433,Irish
136853,Irish,Irish,European,48.8205,342.1334,14.3773,11.7522,Irish
136854,Irish,Irish,European,1276.5368,38557.1838,1002.2724,3366.4524,Irish
136855,Irish,Irish,European,109.6425,2194.4943,41.5818,188.3195,Irish
136856,Irish,Irish,European,151.0406,1603.4330,38.3546,105.8928,Irish
136857,Irish,Irish,European,44.7662,538.8946,20.1841,31.8231,Irish
136858,Irish,Irish,European,410.7498,2461.3610,58.0680,67.5045,Irish
136859,Irish,Irish,European,158.3219,3720.0740,71.3255,332.0276,Irish
136860,Irish,Irish,European,386.7877,3077.8750,53.2261,151.6508,Irish
136861,Irish,Irish,European,50.4377,1391.1264,25.3482,127.6946,Irish
136862,Irish,Irish,European,910.8370,5160.1360,65.4235,178.8301,Irish
136863,Irish,Irish,European,139.0547,1234.1290,31.4950,66.3444,Irish
136864,Irish,Irish,European,124.0792,890.8770,15.9220,36.4515,Irish
136865,Irish,Irish,European,192.8966,1620.0740,23.5818,89.7286,Irish
136866,Irish,Irish,European,40.7950,633.9900,10.9167,48.5448,Irish
136867,Irish,Irish,European,17.5030,118.0684,6.3090,2.5202,Irish
136868,Irish,Irish,European,33.3756,696.2348,18.3053,54.4402,Irish
136869,Irish,Irish,European,209.3512,1138.5217,32.7455,19.0997,Irish
136870,Irish,Irish,European,56.1166,931.0680,32.3005,63.9994,Irish
136871,Irish,Irish,European,164.5524,1216.7717,24.8685,57.6979,Irish
136872,Irish,Irish,European,92.6349,1356.2396,18.5406,107.2349,Irish
136873,Irish,Irish,European,651.3865,3205.6830,59.9695,36.9402,Irish
136874,Irish,Irish,European,193.9693,1185.6000,31.9200,32.2596,Irish
136875,Irish,Irish,European,232.7932,1475.7994,22.8068,57.3924,Irish
136876,Irish,Irish,European,478.5122,3497.5164,41.7347,169.6147,Irish
136877,Irish,Irish,European,367.6173,2506.2285,54.8111,96.8708,Irish
136878,Irish,Irish,European,802.8441,6710.7680,131.3197,362.3829,Irish
136879,Irish,Irish,European,346.1727,5063.2185,289.1087,313.1528,Irish
136880,Irish,Irish,European,134.0309,1151.7188,40.4986,54.6205,Irish
136881,Irish,Irish,European,458.4166,2295.6825,22.4838,49.5373,Irish
136882,Irish,Irish,European,57.5438,1193.0882,2.5398,110.0809,Irish
136883,Irish,Irish,European,83.2833,875.0960,32.0905,51.3925,Irish
136884,Irish,Irish,European,319.5205,2121.3450,49.2172,92.8774,Irish
136885,Irish,Irish,European,120.4075,988.7875,47.1514,39.8043,Irish
136886,Irish,Irish,European,109.1301,3215.6480,53.9021,300.0200,Irish
