Recipe_id,Region,Sub_region,Continent,"Carbohydrate, by difference (g)",Energy (kcal),Protein (g),Total lipid (fat) (g),cuisine
2610,Middle Eastern,Egyptian,African,146.7606,805.6975,49.5540,5.6564,Middle Eastern
2611,Middle Eastern,Egyptian,African,39.3312,386.7670,15.5638,19.7239,Middle Eastern
2612,Middle Eastern,Egyptian,African,34.0004,1762.7662,82.9034,146.8971,Middle Eastern
2613,Middle Eastern,Egyptian,African,225.1172,1686.8298,67.8589,62.4829,Middle Eastern
2614,Middle Eastern,Egyptian,African,83.0609,1006.2380,26.1800,73.1713,Middle Eastern
2615,Middle Eastern,Egyptian,African,543.3028,4117.4667,46.5988,212.1542,Middle Eastern
2616,Middle Eastern,Egyptian,African,81.2955,1043.9806,68.5817,52.6077,Middle Eastern
2617,Middle Eastern,Egyptian,African,87.6790,1469.8658,23.6185,120.2423,Middle Eastern
2618,Middle Eastern,Egyptian,African,158.2643,1065.3316,63.0252,24.9374,Middle Eastern
2619,Middle Eastern,Egyptian,African,244.3117,1814.1703,87.4819,58.2962,Middle Eastern
2620,Middle Eastern,Egyptian,African,2.9158,518.9900,1.9215,56.4947,Middle Eastern
2621,Middle Eastern,Egyptian,African,167.6228,1409.6749,75.1704,55.5380,Middle Eastern
2622,Middle Eastern,Egyptian,African,3.5687,483.4693,29.3962,38.8087,Middle Eastern
2623,Middle Eastern,Egyptian,African,28.8948,1223.6182,90.7007,82.8815,Middle Eastern
2624,Middle Eastern,Egyptian,African,14.9691,1493.0635,6.7678,160.7903,Middle Eastern
2625,Middle Eastern,Egyptian,African,402.8471,10481.3524,25.1462,1000.0285,Middle Eastern
2626,Middle Eastern,Egyptian,African,200.6800,1521.0667,12.5600,77.8433,Middle Eastern
2627,Middle Eastern,Egyptian,African,19.6895,1032.7540,93.0839,62.6710,Middle Eastern
2628,Middle Eastern,Egyptian,African,307.4246,2606.7885,51.3165,138.2951,Middle Eastern
2629,Middle Eastern,Egyptian,African,151.6076,918.9914,15.9219,28.9226,Middle Eastern
2630,Middle Eastern,Egyptian,African,8.7474,230.9700,5.7645,19.4841,Middle Eastern
2631,Middle Eastern,Egyptian,African,288.0574,2650.6910,133.2597,128.5493,Middle Eastern
2632,Middle Eastern,Egyptian,African,456.5984,2188.1254,55.4465,20.9732,Middle Eastern
2633,Middle Eastern,Egyptian,African,203.9699,6183.7783,3.1795,611.8695,Middle Eastern
2634,Middle Eastern,Egyptian,African,31.8679,329.5205,4.4733,20.8050,Middle Eastern
2635,Middle Eastern,Egyptian,African,156.3066,1922.3923,120.9629,92.2091,Middle Eastern
2636,Middle Eastern,Egyptian,African,104.6808,1021.1770,33.7192,55.2341,Middle Eastern
2637,Middle Eastern,Egyptian,African,10.1431,3904.8400,10.0223,443.7902,Middle Eastern
2837,Middle Eastern,Rest Middle Eastern,Asian,56.6905,615.2089,13.4766,43.0058,Middle Eastern
2838,Middle Eastern,Rest Middle Eastern,Asian,175.1043,4413.8380,114.6779,365.3721,Middle Eastern
2839,Middle Eastern,Rest Middle Eastern,Asian,39.0559,1161.6580,44.2104,94.8115,Middle Eastern
2840,Middle Eastern,Rest Middle Eastern,Asian,842.9897,3285.9518,6.2506,2.0729,Middle Eastern
2841,Middle Eastern,Rest Middle Eastern,Asian,61.8826,275.3751,13.8853,2.2944,Middle Eastern
2842,Middle Eastern,Rest Middle Eastern,Asian,32.7237,149.6759,5.7594,1.1995,Middle Eastern
2843,Middle Eastern,Rest Middle Eastern,Asian,55.0694,1545.5275,47.4653,129.8207,Middle Eastern
2844,Middle Eastern,Rest Middle Eastern,Asian,14.9440,2229.8000,1.7600,245.1600,Middle Eastern
2845,Middle Eastern,Rest Middle Eastern,Asian,88.9846,827.2944,12.8084,51.2087,Middle Eastern
2846,Middle Eastern,Rest Middle Eastern,Asian,176.3408,1380.4690,78.5990,45.4650,Middle Eastern
2847,Middle Eastern,Rest Middle Eastern,Asian,304.9222,2168.3580,29.0136,95.1202,Middle Eastern
2848,Middle Eastern,Rest Middle Eastern,Asian,15.8203,689.4506,14.6814,65.1412,Middle Eastern
2849,Middle Eastern,Rest Middle Eastern,Asian,12.0841,497.0402,8.1508,48.6592,Middle Eastern
2850,Middle Eastern,Rest Middle Eastern,Asian,489.8048,4198.0712,241.4449,151.6853,Middle Eastern
2851,Middle Eastern,Rest Middle Eastern,Asian,96.5991,391.8590,6.2415,2.0638,Middle Eastern
2852,Middle Eastern,Rest Middle Eastern,Asian,937.0686,3837.5500,45.3586,3.4145,Middle Eastern
2853,Middle Eastern,Rest Middle Eastern,Asian,606.1185,3094.3591,56.3758,59.6604,Middle Eastern
2854,Middle Eastern,Rest Middle Eastern,Asian,102.2267,870.6548,27.4176,48.1503,Middle Eastern
2855,Middle Eastern,Rest Middle Eastern,Asian,43.3777,1200.0078,70.6569,83.9422,Middle Eastern
2856,Middle Eastern,Rest Middle Eastern,Asian,94.3062,1640.5010,21.9389,136.8071,Middle Eastern
2857,Middle Eastern,Rest Middle Eastern,Asian,38.7532,168.7691,5.4947,0.7729,Middle Eastern
2858,Middle Eastern,Rest Middle Eastern,Asian,289.0875,1745.9930,75.1495,39.7502,Middle Eastern
2859,Middle Eastern,Rest Middle Eastern,Asian,231.8731,1460.2089,21.4487,57.6473,Middle Eastern
2860,Middle Eastern,Rest Middle Eastern,Asian,24.5780,2207.9218,401.8124,45.0367,Middle Eastern
2861,Middle Eastern,Rest Middle Eastern,Asian,127.7329,1213.5700,37.9913,73.1797,Middle Eastern
2862,Middle Eastern,Rest Middle Eastern,Asian,132.6551,12093.6351,256.3306,1185.7211,Middle Eastern
2863,Middle Eastern,Rest Middle Eastern,Asian,17.5829,2311.3950,179.6996,164.8369,Middle Eastern
2864,Middle Eastern,Rest Middle Eastern,Asian,50.7693,452.4987,4.9471,29.3817,Middle Eastern
2865,Middle Eastern,Rest Middle Eastern,Asian,32.8586,3246.7258,604.7112,62.2093,Middle Eastern
2866,Middle Eastern,Rest Middle Eastern,Asian,506.1981,3909.3550,195.1537,118.2434,Middle Eastern
2867,Middle Eastern,Rest Middle Eastern,Asian,10.8437,1974.1926,2.9494,218.1614,Middle Eastern
2868,Middle Eastern,Rest Middle Eastern,Asian,106.2365,1770.3654,87.3561,113.6799,Middle Eastern
2869,Middle Eastern,Rest Middle Eastern,Asian,209.8258,2057.3220,215.5292,44.8622,Middle Eastern
2870,Middle Eastern,Rest Middle Eastern,Asian,37.8691,2682.1546,429.7420,80.3049,Middle Eastern
2871,Middle Eastern,Rest Middle Eastern,Asian,69.4616,2422.4088,145.7013,173.5651,Middle Eastern
2872,Middle Eastern,Rest Middle Eastern,Asian,173.7082,2660.6459,200.4134,133.9812,Middle Eastern
2873,Middle Eastern,Rest Middle Eastern,Asian,101.6992,1248.0251,38.8956,82.3458,Middle Eastern
2874,Middle Eastern,Rest Middle Eastern,Asian,437.6914,2678.1440,59.2685,86.2653,Middle Eastern
2875,Middle Eastern,Rest Middle Eastern,Asian,151.2001,1779.8600,15.5939,125.0003,Middle Eastern
2876,Middle Eastern,Rest Middle Eastern,Asian,39.6562,806.9607,33.5743,62.0579,Middle Eastern
2877,Middle Eastern,Rest Middle Eastern,Asian,155.7722,3653.4380,8.7127,340.9240,Middle Eastern
2878,Middle Eastern,Rest Middle Eastern,Asian,37.4598,230.3389,10.4250,5.8062,Middle Eastern
2879,Middle Eastern,Rest Middle Eastern,Asian,13.7589,128.7184,6.9951,5.6819,Middle Eastern
2880,Middle Eastern,Rest Middle Eastern,Asian,93.5062,1636.0072,21.7475,136.5357,Middle Eastern
2881,Middle Eastern,Rest Middle Eastern,Asian,363.5523,4494.8530,100.3850,314.2095,Middle Eastern
2882,Middle Eastern,Rest Middle Eastern,Asian,190.1149,1794.4337,76.0147,89.7906,Middle Eastern
2883,Middle Eastern,Rest Middle Eastern,Asian,0.0000,0.0000,0.0000,0.0000,Middle Eastern
2884,Middle Eastern,Rest Middle Eastern,Asian,10.5850,762.8066,105.8619,30.6960,Middle Eastern
2885,Middle Eastern,Rest Middle Eastern,Asian,26.9919,1359.9500,211.1168,39.8157,Middle Eastern
3468,Middle Eastern,Rest Middle Eastern,Asian,214.7550,2209.1250,33.4962,137.5363,Middle Eastern
3469,Middle Eastern,Rest Middle Eastern,Asian,368.0401,2294.8399,129.9708,44.0843,Middle Eastern
3470,Middle Eastern,Rest Middle Eastern,Asian,207.7405,1554.0765,68.7612,54.8714,Middle Eastern
3471,Middle Eastern,Rest Middle Eastern,Asian,44.4527,1601.8765,95.7881,115.8596,Middle Eastern
3472,Middle Eastern,Rest Middle Eastern,Asian,542.3902,3264.8268,131.3218,61.8115,Middle Eastern
3473,Middle Eastern,Rest Middle Eastern,Asian,14.0100,294.4640,1.6500,27.3500,Middle Eastern
3474,Middle Eastern,Rest Middle Eastern,Asian,126.8104,1604.9580,24.0150,116.4593,Middle Eastern
3475,Middle Eastern,Rest Middle Eastern,Asian,29.6569,379.5619,6.3691,29.1481,Middle Eastern
3476,Middle Eastern,Rest Middle Eastern,Asian,243.2265,2225.4083,55.1128,128.5315,Middle Eastern
3477,Middle Eastern,Rest Middle Eastern,Asian,16.9791,178.4870,11.3822,8.5286,Middle Eastern
3478,Middle Eastern,Rest Middle Eastern,Asian,20.5178,2957.7184,117.7507,269.3688,Middle Eastern
3479,Middle Eastern,Rest Middle Eastern,Asian,73.3158,3368.5400,172.5017,269.4724,Middle Eastern
3480,Middle Eastern,Rest Middle Eastern,Asian,40.7305,299.7763,6.8663,14.5668,Middle Eastern
3481,Middle Eastern,Rest Middle Eastern,Asian,184.4032,1004.9213,63.4568,4.1941,Middle Eastern
3482,Middle Eastern,Rest Middle Eastern,Asian,130.5787,982.7953,37.2087,38.6487,Middle Eastern
3483,Middle Eastern,Rest Middle Eastern,Asian,171.8416,3562.7284,189.2791,245.6145,Middle Eastern
3484,Middle Eastern,Rest Middle Eastern,Asian,14.8761,833.5650,6.0971,86.5889,Middle Eastern
3485,Middle Eastern,Rest Middle Eastern,Asian,62.2004,4374.7648,307.8755,315.5575,Middle Eastern
3486,Middle Eastern,Rest Middle Eastern,Asian,35.8735,665.8900,24.3656,48.7606,Middle Eastern
3487,Middle Eastern,Rest Middle Eastern,Asian,52.3844,299.3500,4.1239,9.0433,Middle Eastern
3488,Middle Eastern,Rest Middle Eastern,Asian,0.6847,5784.4700,0.1076,654.0670,Middle Eastern
3489,Middle Eastern,Rest Middle Eastern,Asian,99.5589,668.1788,23.4179,20.1711,Middle Eastern
3490,Middle Eastern,Rest Middle Eastern,Asian,2111.7589,14731.9062,213.5291,624.1511,Middle Eastern
3491,Middle Eastern,Rest Middle Eastern,Asian,699.7954,3565.5597,123.7089,24.8934,Middle Eastern
3492,Middle Eastern,Rest Middle Eastern,Asian,298.4402,2238.8425,138.8103,64.5372,Middle Eastern
3493,Middle Eastern,Rest Middle Eastern,Asian,84.9382,1478.9112,47.3260,117.5287,Middle Eastern
3494,Middle Eastern,Rest Middle Eastern,Asian,120.9256,3120.8152,206.3170,202.7582,Middle Eastern
3495,Middle Eastern,Rest Middle Eastern,Asian,142.7597,1334.0186,59.9022,62.6712,Middle Eastern
3496,Middle Eastern,Rest Middle Eastern,Asian,31.4987,710.3929,50.2208,43.5848,Middle Eastern
3497,Middle Eastern,Rest Middle Eastern,Asian,5.3340,1427.7240,84.0689,116.8789,Middle Eastern
3498,Middle Eastern,Rest Middle Eastern,Asian,37.6243,1403.3506,170.3377,65.9013,Middle Eastern
3499,Middle Eastern,Rest Middle Eastern,Asian,225.1172,1686.8298,67.8589,62.4829,Middle Eastern
3500,Middle Eastern,Rest Middle Eastern,Asian,70.6439,1027.6612,8.3223,86.1880,Middle Eastern
3501,Middle Eastern,Rest Middle Eastern,Asian,305.8999,2052.4421,93.7324,55.6893,Middle Eastern
3502,Middle Eastern,Rest Middle Eastern,Asian,11.3168,1134.1490,2.0037,122.8857,Middle Eastern
3503,Middle Eastern,Rest Middle Eastern,Asian,69.3090,650.3536,6.7852,43.0153,Middle Eastern
3504,Middle Eastern,Rest Middle Eastern,Asian,30.0756,4419.7889,109.0976,449.1826,Middle Eastern
3505,Middle Eastern,Rest Middle Eastern,Asian,14.3997,398.0323,7.9487,35.6524,Middle Eastern
3506,Middle Eastern,Rest Middle Eastern,Asian,1.1386,5.3900,0.2760,0.0358,Middle Eastern
3507,Middle Eastern,Rest Middle Eastern,Asian,173.7138,993.4253,44.7917,14.0039,Middle Eastern
3508,Middle Eastern,Rest Middle Eastern,Asian,35.2690,691.9576,102.2223,17.9647,Middle Eastern
3509,Middle Eastern,Rest Middle Eastern,Asian,394.4310,2595.7468,130.2416,62.5111,Middle Eastern
3510,Middle Eastern,Rest Middle Eastern,Asian,54.4682,1872.8812,91.5182,144.5874,Middle Eastern
3511,Middle Eastern,Rest Middle Eastern,Asian,113.5110,476.1900,11.9372,3.2641,Middle Eastern
3512,Middle Eastern,Rest Middle Eastern,Asian,5.2380,614.2676,104.9922,16.8137,Middle Eastern
3513,Middle Eastern,Rest Middle Eastern,Asian,45.1896,806.9233,27.8895,63.1882,Middle Eastern
3514,Middle Eastern,Rest Middle Eastern,Asian,0.0000,238.6800,0.0000,27.0000,Middle Eastern
3515,Middle Eastern,Rest Middle Eastern,Asian,108.7289,1410.4938,22.3332,112.9080,Middle Eastern
3516,Middle Eastern,Rest Middle Eastern,Asian,159.3392,1164.0108,33.0353,43.9617,Middle Eastern
3517,Middle Eastern,Rest Middle Eastern,Asian,54.6788,316.0350,15.4668,6.7093,Middle Eastern
3518,Middle Eastern,Rest Middle Eastern,Asian,214.8497,1332.0434,37.8538,46.7289,Middle Eastern
3519,Middle Eastern,Rest Middle Eastern,Asian,158.2643,1065.3316,63.0252,24.9374,Middle Eastern
3520,Middle Eastern,Rest Middle Eastern,Asian,229.5767,2970.8403,25.4442,223.7469,Middle Eastern
3521,Middle Eastern,Rest Middle Eastern,Asian,89.0963,487.0278,17.6904,12.3456,Middle Eastern
3522,Middle Eastern,Rest Middle Eastern,Asian,185.7088,1804.4312,72.4902,93.7570,Middle Eastern
3523,Middle Eastern,Rest Middle Eastern,Asian,69.3757,548.4365,15.2101,29.7393,Middle Eastern
3524,Middle Eastern,Rest Middle Eastern,Asian,49.8451,2492.8300,18.3302,247.7426,Middle Eastern
3525,Middle Eastern,Rest Middle Eastern,Asian,25.6734,591.7440,29.7517,43.1250,Middle Eastern
3526,Middle Eastern,Rest Middle Eastern,Asian,140.8049,567.3300,1.7308,0.4953,Middle Eastern
3527,Middle Eastern,Rest Middle Eastern,Asian,22.1074,577.2106,100.1687,8.3222,Middle Eastern
3528,Middle Eastern,Rest Middle Eastern,Asian,389.3596,2804.7966,123.2618,90.2369,Middle Eastern
3529,Middle Eastern,Rest Middle Eastern,Asian,352.0762,2659.1000,113.6112,107.4127,Middle Eastern
3530,Middle Eastern,Rest Middle Eastern,Asian,83.1940,1704.2906,88.2426,113.8328,Middle Eastern
3531,Middle Eastern,Rest Middle Eastern,Asian,13.6730,2256.8692,455.5768,30.3207,Middle Eastern
3532,Middle Eastern,Rest Middle Eastern,Asian,397.9227,3376.1720,74.1440,179.7750,Middle Eastern
3533,Middle Eastern,Rest Middle Eastern,Asian,6.2987,141.6130,0.0000,13.6000,Middle Eastern
3534,Middle Eastern,Rest Middle Eastern,Asian,40.3691,724.8050,46.2286,43.8925,Middle Eastern
3535,Middle Eastern,Rest Middle Eastern,Asian,216.8278,1335.8504,35.7404,44.5598,Middle Eastern
3536,Middle Eastern,Rest Middle Eastern,Asian,18.1329,485.3752,11.9395,43.4103,Middle Eastern
3537,Middle Eastern,Rest Middle Eastern,Asian,110.1698,1739.4803,69.7450,130.6015,Middle Eastern
3538,Middle Eastern,Rest Middle Eastern,Asian,68.6075,1185.6280,39.8171,87.7113,Middle Eastern
3539,Middle Eastern,Rest Middle Eastern,Asian,197.9854,1173.9335,62.7614,18.6727,Middle Eastern
3540,Middle Eastern,Rest Middle Eastern,Asian,40.3178,1706.4320,29.5122,165.8052,Middle Eastern
3541,Middle Eastern,Rest Middle Eastern,Asian,399.5253,2563.9191,132.1460,58.0617,Middle Eastern
3542,Middle Eastern,Rest Middle Eastern,Asian,436.3652,3649.9056,196.8065,142.6360,Middle Eastern
3543,Middle Eastern,Rest Middle Eastern,Asian,18.8838,270.9000,18.2382,14.8860,Middle Eastern
3544,Middle Eastern,Rest Middle Eastern,Asian,46.3278,680.2730,7.0859,56.7803,Middle Eastern
3545,Middle Eastern,Rest Middle Eastern,Asian,423.3984,4575.8014,255.4264,207.1714,Middle Eastern
3546,Middle Eastern,Rest Middle Eastern,Asian,32.4009,541.4000,18.4832,41.1116,Middle Eastern
3547,Middle Eastern,Rest Middle Eastern,Asian,204.3210,1718.9033,71.0317,73.3359,Middle Eastern
3548,Middle Eastern,Rest Middle Eastern,Asian,316.1184,2459.7970,117.4464,74.6174,Middle Eastern
3549,Middle Eastern,Rest Middle Eastern,Asian,198.4181,1313.8066,67.1006,32.8721,Middle Eastern
3550,Middle Eastern,Rest Middle Eastern,Asian,30.0932,1656.6153,157.3752,99.4283,Middle Eastern
3551,Middle Eastern,Rest Middle Eastern,Asian,37.6826,267.4259,12.8807,8.4249,Middle Eastern
3552,Middle Eastern,Rest Middle Eastern,Asian,16.6444,6597.6083,159.5369,666.7165,Middle Eastern
3553,Middle Eastern,Rest Middle Eastern,Asian,110.4082,1834.2316,219.9756,67.4610,Middle Eastern
3554,Middle Eastern,Rest Middle Eastern,Asian,52.0361,1715.5040,98.3952,129.9358,Middle Eastern
3555,Middle Eastern,Rest Middle Eastern,Asian,205.6368,1957.8225,72.2650,100.9320,Middle Eastern
3556,Middle Eastern,Rest Middle Eastern,Asian,52.3908,1209.1780,100.7934,65.7105,Middle Eastern
3557,Middle Eastern,Rest Middle Eastern,Asian,11.7855,659.9676,97.7747,23.8667,Middle Eastern
3558,Middle Eastern,Rest Middle Eastern,Asian,198.9470,1314.4916,67.1217,32.5531,Middle Eastern
3559,Middle Eastern,Rest Middle Eastern,Asian,144.7013,809.3194,31.6589,17.7822,Middle Eastern
3560,Middle Eastern,Rest Middle Eastern,Asian,4.3343,668.8801,98.9737,26.4457,Middle Eastern
3561,Middle Eastern,Rest Middle Eastern,Asian,192.7941,1225.7513,68.6577,23.5161,Middle Eastern
3562,Middle Eastern,Rest Middle Eastern,Asian,287.0236,2102.8908,104.4263,67.4057,Middle Eastern
3563,Middle Eastern,Rest Middle Eastern,Asian,163.3385,1261.8583,60.8419,46.5527,Middle Eastern
3564,Middle Eastern,Rest Middle Eastern,Asian,21.7038,331.1360,3.2279,27.8779,Middle Eastern
3565,Middle Eastern,Rest Middle Eastern,Asian,50.2778,1563.2526,191.0739,65.7029,Middle Eastern
3566,Middle Eastern,Rest Middle Eastern,Asian,366.3140,2042.5396,122.6769,5.5044,Middle Eastern
3567,Middle Eastern,Rest Middle Eastern,Asian,18.8268,198.0050,2.4921,13.8478,Middle Eastern
3568,Middle Eastern,Rest Middle Eastern,Asian,18.6422,145.0447,7.4175,5.8657,Middle Eastern
3569,Middle Eastern,Rest Middle Eastern,Asian,245.1469,1585.7053,79.3572,36.9778,Middle Eastern
3570,Middle Eastern,Rest Middle Eastern,Asian,2102.4715,9424.8060,70.7260,179.8060,Middle Eastern
3571,Middle Eastern,Rest Middle Eastern,Asian,22.8162,113.1000,5.3958,0.8040,Middle Eastern
3572,Middle Eastern,Rest Middle Eastern,Asian,31.2914,2554.9415,542.3948,13.9880,Middle Eastern
3573,Middle Eastern,Rest Middle Eastern,Asian,4.0253,2419.1150,0.6715,272.0559,Middle Eastern
3574,Middle Eastern,Rest Middle Eastern,Asian,19.6895,1032.7540,93.0839,62.6710,Middle Eastern
3575,Middle Eastern,Rest Middle Eastern,Asian,190.7392,1381.0533,61.7609,45.1409,Middle Eastern
3576,Middle Eastern,Rest Middle Eastern,Asian,291.1432,2762.2481,185.2580,101.9874,Middle Eastern
3577,Middle Eastern,Rest Middle Eastern,Asian,283.7153,1872.8330,91.6618,47.8075,Middle Eastern
3578,Middle Eastern,Rest Middle Eastern,Asian,307.4246,2606.7885,51.3165,138.2951,Middle Eastern
3579,Middle Eastern,Rest Middle Eastern,Asian,21.2558,1882.3226,86.4962,160.6687,Middle Eastern
3580,Middle Eastern,Rest Middle Eastern,Asian,139.5920,819.3892,43.1311,12.9109,Middle Eastern
3581,Middle Eastern,Rest Middle Eastern,Asian,754.1502,4786.8210,250.5809,98.9448,Middle Eastern
3582,Middle Eastern,Rest Middle Eastern,Asian,190.3293,1260.9798,61.7988,31.6410,Middle Eastern
3583,Middle Eastern,Rest Middle Eastern,Asian,23.4940,719.8800,7.1205,69.2411,Middle Eastern
3584,Middle Eastern,Rest Middle Eastern,Asian,232.0572,1617.9000,26.5908,67.2564,Middle Eastern
3585,Middle Eastern,Rest Middle Eastern,Asian,96.8728,792.4900,30.1676,32.5344,Middle Eastern
3586,Middle Eastern,Rest Middle Eastern,Asian,17.5260,644.1730,9.0374,60.2865,Middle Eastern
3587,Middle Eastern,Rest Middle Eastern,Asian,40.1885,8037.2364,147.5208,827.8842,Middle Eastern
3588,Middle Eastern,Rest Middle Eastern,Asian,14.0496,372.3700,5.9381,34.8264,Middle Eastern
3589,Middle Eastern,Rest Middle Eastern,Asian,653.3550,4023.2627,306.3462,42.4112,Middle Eastern
3590,Middle Eastern,Rest Middle Eastern,Asian,26.4196,5173.8120,121.5467,508.3257,Middle Eastern
3591,Middle Eastern,Rest Middle Eastern,Asian,237.9327,60030.7700,69.5366,6657.5426,Middle Eastern
3592,Middle Eastern,Rest Middle Eastern,Asian,170.5597,2053.2379,117.3406,112.8602,Middle Eastern
3593,Middle Eastern,Rest Middle Eastern,Asian,173.8460,2713.9762,130.5698,176.0244,Middle Eastern
3594,Middle Eastern,Rest Middle Eastern,Asian,201.8134,1561.0033,67.1266,59.6723,Middle Eastern
3595,Middle Eastern,Rest Middle Eastern,Asian,279.1013,2110.5554,96.7805,76.2648,Middle Eastern
3596,Middle Eastern,Rest Middle Eastern,Asian,4.2278,16.3896,0.0050,0.0026,Middle Eastern
3597,Middle Eastern,Rest Middle Eastern,Asian,8.8488,594.2300,5.9630,60.8150,Middle Eastern
3598,Middle Eastern,Rest Middle Eastern,Asian,14.1836,266.9161,8.4274,21.6616,Middle Eastern
3599,Middle Eastern,Rest Middle Eastern,Asian,12.5657,1273.6437,79.1727,99.6513,Middle Eastern
3600,Middle Eastern,Rest Middle Eastern,Asian,86.6951,2724.4565,184.3537,180.7932,Middle Eastern
3601,Middle Eastern,Rest Middle Eastern,Asian,241.4083,2323.0237,78.6044,127.7472,Middle Eastern
3602,Middle Eastern,Rest Middle Eastern,Asian,45.1902,685.1829,9.5595,56.6631,Middle Eastern
3603,Middle Eastern,Rest Middle Eastern,Asian,13.7345,425.3863,2.9351,42.5476,Middle Eastern
3604,Middle Eastern,Rest Middle Eastern,Asian,289.8607,1650.3150,54.9066,32.7354,Middle Eastern
3605,Middle Eastern,Rest Middle Eastern,Asian,401.8478,2272.8806,132.0134,23.9818,Middle Eastern
3606,Middle Eastern,Rest Middle Eastern,Asian,19.0336,332.9485,13.1995,23.4434,Middle Eastern
3607,Middle Eastern,Rest Middle Eastern,Asian,75.3300,1390.1800,37.1190,114.6071,Middle Eastern
3608,Middle Eastern,Rest Middle Eastern,Asian,296.9390,2473.8780,55.1923,120.6379,Middle Eastern
3609,Middle Eastern,Rest Middle Eastern,Asian,198.1654,1164.7433,61.9971,18.4187,Middle Eastern
3610,Middle Eastern,Rest Middle Eastern,Asian,37.0247,568.2143,29.0381,34.0950,Middle Eastern
3611,Middle Eastern,Rest Middle Eastern,Asian,486.9200,3274.2077,66.1776,123.5928,Middle Eastern
3612,Middle Eastern,Rest Middle Eastern,Asian,421.8269,3659.7156,160.1017,158.5344,Middle Eastern
3613,Middle Eastern,Rest Middle Eastern,Asian,73.0004,1531.8465,90.6969,99.9714,Middle Eastern
3614,Middle Eastern,Rest Middle Eastern,Asian,121.4336,2240.8854,132.0011,146.9088,Middle Eastern
3615,Middle Eastern,Rest Middle Eastern,Asian,5.6180,20.5753,0.2847,0.1952,Middle Eastern
3616,Middle Eastern,Rest Middle Eastern,Asian,2.0996,242.5910,0.0000,27.2000,Middle Eastern
3617,Middle Eastern,Rest Middle Eastern,Asian,186.7304,1231.0212,72.8514,30.5941,Middle Eastern
3618,Middle Eastern,Rest Middle Eastern,Asian,200.9935,1519.7366,75.9840,51.5058,Middle Eastern
3619,Middle Eastern,Rest Middle Eastern,Asian,81.2561,783.7185,27.6354,43.9983,Middle Eastern
3620,Middle Eastern,Rest Middle Eastern,Asian,1.4047,243.0270,0.3956,27.6095,Middle Eastern
3621,Middle Eastern,Rest Middle Eastern,Asian,100.0655,1353.9012,192.9899,17.7665,Middle Eastern
3622,Middle Eastern,Rest Middle Eastern,Asian,48.8059,330.0791,17.7663,7.5211,Middle Eastern
3623,Middle Eastern,Rest Middle Eastern,Asian,29.4857,2190.8792,285.1294,98.8539,Middle Eastern
3624,Middle Eastern,Rest Middle Eastern,Asian,308.6069,5793.1054,96.4040,478.1635,Middle Eastern
3625,Middle Eastern,Rest Middle Eastern,Asian,25.1582,598.8282,6.6992,55.5070,Middle Eastern
3626,Middle Eastern,Rest Middle Eastern,Asian,45.0295,465.1300,11.6624,29.0619,Middle Eastern
3627,Middle Eastern,Rest Middle Eastern,Asian,5.6120,981.4533,0.2847,109.1952,Middle Eastern
3628,Middle Eastern,Rest Middle Eastern,Asian,154.2801,1236.4599,63.6790,45.3440,Middle Eastern
3629,Middle Eastern,Rest Middle Eastern,Asian,290.5849,3656.8846,86.7456,247.7564,Middle Eastern
3630,Middle Eastern,Rest Middle Eastern,Asian,223.1492,3524.7058,82.4469,267.7603,Middle Eastern
3631,Middle Eastern,Rest Middle Eastern,Asian,148.8570,919.3300,13.6360,28.3395,Middle Eastern
3632,Middle Eastern,Rest Middle Eastern,Asian,19.6733,447.5100,4.0879,42.5020,Middle Eastern
3633,Middle Eastern,Rest Middle Eastern,Asian,568.8291,7449.7132,286.7261,448.1277,Middle Eastern
3634,Middle Eastern,Rest Middle Eastern,Asian,40.5621,6214.5365,240.0374,560.4084,Middle Eastern
3635,Middle Eastern,Rest Middle Eastern,Asian,84.4729,2718.6962,26.8289,259.2917,Middle Eastern
3636,Middle Eastern,Rest Middle Eastern,Asian,68.0682,669.2120,42.7452,30.5647,Middle Eastern
3637,Middle Eastern,Rest Middle Eastern,Asian,300.8360,2434.9560,129.0530,91.1285,Middle Eastern
3638,Middle Eastern,Rest Middle Eastern,Asian,197.7798,1309.4625,66.9220,32.5320,Middle Eastern
3639,Middle Eastern,Rest Middle Eastern,Asian,112.6960,802.5718,25.5239,29.2903,Middle Eastern
3640,Middle Eastern,Rest Middle Eastern,Asian,156.1025,2198.2583,60.6074,163.3082,Middle Eastern
3641,Middle Eastern,Rest Middle Eastern,Asian,409.7059,1789.4852,27.3741,20.8821,Middle Eastern
3642,Middle Eastern,Rest Middle Eastern,Asian,47.3643,3247.2278,169.6711,264.0175,Middle Eastern
3643,Middle Eastern,Rest Middle Eastern,Asian,404.4558,2185.7870,37.6909,46.6563,Middle Eastern
3644,Middle Eastern,Rest Middle Eastern,Asian,1159.3042,4825.5700,75.4920,37.9872,Middle Eastern
3645,Middle Eastern,Rest Middle Eastern,Asian,115.4394,723.2761,21.2735,19.2679,Middle Eastern
3646,Middle Eastern,Rest Middle Eastern,Asian,138.5987,906.9055,45.6648,22.9971,Middle Eastern
3647,Middle Eastern,Rest Middle Eastern,Asian,64.8314,2438.8276,20.6114,243.8099,Middle Eastern
3648,Middle Eastern,Rest Middle Eastern,Asian,71.8907,749.6838,22.1937,46.0031,Middle Eastern
3649,Middle Eastern,Rest Middle Eastern,Asian,207.0252,1892.9953,70.1826,93.9653,Middle Eastern
3650,Middle Eastern,Rest Middle Eastern,Asian,49.9697,217.0370,8.6052,1.9262,Middle Eastern
3651,Middle Eastern,Rest Middle Eastern,Asian,54.0613,2322.8020,130.4813,176.6046,Middle Eastern
3652,Middle Eastern,Rest Middle Eastern,Asian,214.7493,1877.5221,73.0681,89.8389,Middle Eastern
3653,Middle Eastern,Rest Middle Eastern,Asian,66.5979,594.3700,20.8472,34.4444,Middle Eastern
3654,Middle Eastern,Rest Middle Eastern,Asian,151.4655,1320.2050,27.2850,76.4860,Middle Eastern
3655,Middle Eastern,Rest Middle Eastern,Asian,130.9021,1313.0858,24.0065,86.6819,Middle Eastern
3656,Middle Eastern,Rest Middle Eastern,Asian,8.1257,33.8083,1.4674,0.2413,Middle Eastern
3657,Middle Eastern,Rest Middle Eastern,Asian,182.5196,1543.1345,24.7461,84.7263,Middle Eastern
3658,Middle Eastern,Rest Middle Eastern,Asian,191.6055,1272.9933,62.3181,32.5612,Middle Eastern
3659,Middle Eastern,Rest Middle Eastern,Asian,201.3800,1593.5033,69.9956,62.6367,Middle Eastern
3660,Middle Eastern,Rest Middle Eastern,Asian,1.0417,959.1301,0.2726,108.0637,Middle Eastern
3661,Middle Eastern,Rest Middle Eastern,Asian,16.8642,813.4025,3.7754,83.1406,Middle Eastern
3662,Middle Eastern,Rest Middle Eastern,Asian,32.7986,631.3500,19.7697,50.4245,Middle Eastern
3663,Middle Eastern,Rest Middle Eastern,Asian,21.8743,2225.7518,135.7140,179.3267,Middle Eastern
3664,Middle Eastern,Rest Middle Eastern,Asian,332.5559,1998.5979,87.5054,44.9686,Middle Eastern
3665,Middle Eastern,Rest Middle Eastern,Asian,299.9433,14000.9640,40.7644,1432.6163,Middle Eastern
3666,Middle Eastern,Rest Middle Eastern,Asian,35.1886,631.6755,10.5541,53.5521,Middle Eastern
3667,Middle Eastern,Rest Middle Eastern,Asian,3.9285,683.0840,2.6715,74.8000,Middle Eastern
3668,Middle Eastern,Rest Middle Eastern,Asian,400.2666,2826.1373,132.8750,87.5383,Middle Eastern
3669,Middle Eastern,Rest Middle Eastern,Asian,226.7246,1843.2016,83.4100,76.3738,Middle Eastern
3670,Middle Eastern,Rest Middle Eastern,Asian,19.2716,336.5110,6.1817,28.5207,Middle Eastern
3671,Middle Eastern,Rest Middle Eastern,Asian,227.0017,2365.1860,251.3753,51.8198,Middle Eastern
3672,Middle Eastern,Rest Middle Eastern,Asian,208.2385,1731.5848,72.6655,74.4893,Middle Eastern
3673,Middle Eastern,Rest Middle Eastern,Asian,55.2156,707.4475,37.1201,37.8871,Middle Eastern
3674,Middle Eastern,Rest Middle Eastern,Asian,302.0375,4333.0827,183.7777,263.5717,Middle Eastern
3675,Middle Eastern,Rest Middle Eastern,Asian,63.5407,24496.5500,42.8516,2731.2670,Middle Eastern
3676,Middle Eastern,Rest Middle Eastern,Asian,18.4665,598.5110,12.5621,56.0629,Middle Eastern
3677,Middle Eastern,Rest Middle Eastern,Asian,176.4923,3199.5270,168.9291,198.3575,Middle Eastern
3678,Middle Eastern,Rest Middle Eastern,Asian,144.6173,827.5455,61.1329,3.8493,Middle Eastern
3679,Middle Eastern,Rest Middle Eastern,Asian,91.8262,569.6000,13.4592,18.2088,Middle Eastern
3680,Middle Eastern,Rest Middle Eastern,Asian,448.1897,3909.5320,70.6430,223.4317,Middle Eastern
3681,Middle Eastern,Rest Middle Eastern,Asian,19.3632,89.3598,4.3132,0.9236,Middle Eastern
3682,Middle Eastern,Rest Middle Eastern,Asian,341.9541,1616.6388,25.6153,24.7743,Middle Eastern
3683,Middle Eastern,Rest Middle Eastern,Asian,207.1634,1765.6258,71.2426,78.0684,Middle Eastern
3684,Middle Eastern,Rest Middle Eastern,Asian,204.9846,4029.8478,64.7849,346.6086,Middle Eastern
3685,Middle Eastern,Rest Middle Eastern,Asian,228.8592,1679.7748,81.1541,57.1562,Middle Eastern
3686,Middle Eastern,Rest Middle Eastern,Asian,199.6086,1316.2291,67.0406,32.7937,Middle Eastern
3687,Middle Eastern,Rest Middle Eastern,Asian,83.2076,1455.5194,220.6390,25.1943,Middle Eastern
3688,Middle Eastern,Rest Middle Eastern,Asian,32.1821,2272.2690,46.6535,220.6698,Middle Eastern
3689,Middle Eastern,Rest Middle Eastern,Asian,148.3114,1878.1600,102.0703,99.8348,Middle Eastern
3690,Middle Eastern,Rest Middle Eastern,Asian,12.2971,204.4140,8.9400,14.4561,Middle Eastern
3691,Middle Eastern,Rest Middle Eastern,Asian,8.0174,150.1260,0.0259,13.5152,Middle Eastern
3692,Middle Eastern,Rest Middle Eastern,Asian,426.2506,2586.5806,147.0265,46.2568,Middle Eastern
3693,Middle Eastern,Rest Middle Eastern,Asian,75.3145,1971.9079,91.0142,151.4860,Middle Eastern
3694,Middle Eastern,Rest Middle Eastern,Asian,239.1728,951.6800,1.9210,3.1812,Middle Eastern
3695,Middle Eastern,Rest Middle Eastern,Asian,43.0623,2070.3148,109.7030,165.8066,Middle Eastern
3696,Middle Eastern,Rest Middle Eastern,Asian,416.1506,2978.0191,144.8979,94.0817,Middle Eastern
3779,Middle Eastern,Israeli,Asian,160.0677,1242.0815,16.7013,60.6352,Middle Eastern
3780,Middle Eastern,Israeli,Asian,35.3808,3068.2712,547.0434,71.1227,Middle Eastern
3781,Middle Eastern,Israeli,Asian,141.9491,8068.4893,21.0436,843.0712,Middle Eastern
3782,Middle Eastern,Israeli,Asian,62.9161,1259.5057,13.6405,111.9441,Middle Eastern
3783,Middle Eastern,Israeli,Asian,47.4620,852.0018,33.1885,61.5706,Middle Eastern
3784,Middle Eastern,Israeli,Asian,16.9382,691.2180,14.3200,64.1700,Middle Eastern
3785,Middle Eastern,Israeli,Asian,257.5074,1975.8760,37.4010,100.8000,Middle Eastern
3786,Middle Eastern,Israeli,Asian,330.7814,1329.5683,0.9242,0.4036,Middle Eastern
3787,Middle Eastern,Israeli,Asian,132.5294,3072.3525,30.1039,283.4573,Middle Eastern
3788,Middle Eastern,Israeli,Asian,25.5916,139.7170,6.0073,4.9636,Middle Eastern
3789,Middle Eastern,Israeli,Asian,43.1050,194.3762,9.9022,1.5137,Middle Eastern
3790,Middle Eastern,Israeli,Asian,17.3734,1033.2030,4.2494,108.9819,Middle Eastern
3791,Middle Eastern,Israeli,Asian,2.6676,1304.3060,38.1876,128.4320,Middle Eastern
3792,Middle Eastern,Israeli,Asian,9.0076,315.9636,18.0027,23.9276,Middle Eastern
3793,Middle Eastern,Israeli,Asian,109.6103,1404.7140,18.0003,99.6587,Middle Eastern
3794,Middle Eastern,Israeli,Asian,43.8380,1086.8950,31.9075,96.0321,Middle Eastern
3795,Middle Eastern,Israeli,Asian,81.8234,375.4180,16.0387,4.5599,Middle Eastern
3796,Middle Eastern,Israeli,Asian,203.2102,2317.7863,131.0768,112.0075,Middle Eastern
3797,Middle Eastern,Israeli,Asian,38.2263,532.4837,32.8716,29.4436,Middle Eastern
3798,Middle Eastern,Israeli,Asian,79.3699,1015.3055,53.9185,59.3451,Middle Eastern
3799,Middle Eastern,Israeli,Asian,753.4265,5615.4065,402.0712,121.4076,Middle Eastern
3800,Middle Eastern,Israeli,Asian,87.8567,2569.6465,128.5814,189.4600,Middle Eastern
3801,Middle Eastern,Israeli,Asian,42.0382,1148.8758,9.8273,110.5144,Middle Eastern
3802,Middle Eastern,Israeli,Asian,187.7125,1870.7168,63.2711,99.5442,Middle Eastern
3803,Middle Eastern,Israeli,Asian,0.0000,721.3440,0.0000,81.6000,Middle Eastern
3804,Middle Eastern,Israeli,Asian,164.0044,1768.3150,42.7465,115.2025,Middle Eastern
3805,Middle Eastern,Lebanese,Asian,201.5487,2852.1109,106.6559,190.8011,Middle Eastern
3806,Middle Eastern,Lebanese,Asian,24.9652,5960.3771,388.2001,478.9304,Middle Eastern
3807,Middle Eastern,Lebanese,Asian,68.4515,825.3163,18.2951,59.3688,Middle Eastern
3808,Middle Eastern,Lebanese,Asian,99.2873,17087.5055,378.3227,1691.1746,Middle Eastern
3809,Middle Eastern,Lebanese,Asian,2075.2722,12399.3493,312.0523,343.0597,Middle Eastern
3810,Middle Eastern,Lebanese,Asian,20.8032,71.5600,1.6172,0.6456,Middle Eastern
3811,Middle Eastern,Lebanese,Asian,28.3375,1462.3620,83.1691,112.9303,Middle Eastern
3812,Middle Eastern,Lebanese,Asian,522.8329,3351.4367,188.5650,65.8975,Middle Eastern
3813,Middle Eastern,Lebanese,Asian,71.5315,1633.9272,89.5865,110.6875,Middle Eastern
3814,Middle Eastern,Lebanese,Asian,4.1206,22.6380,1.2422,1.0012,Middle Eastern
3815,Middle Eastern,Lebanese,Asian,35.6370,944.9400,21.5855,85.7464,Middle Eastern
3816,Middle Eastern,Lebanese,Asian,16.1237,74.8116,3.1200,0.4780,Middle Eastern
3817,Middle Eastern,Lebanese,Asian,200.2316,1491.9227,120.2726,19.8175,Middle Eastern
3818,Middle Eastern,Lebanese,Asian,48.2075,221.9453,9.4401,2.9321,Middle Eastern
3819,Middle Eastern,Lebanese,Asian,1091.0842,5911.7996,116.6854,131.6469,Middle Eastern
3820,Middle Eastern,Lebanese,Asian,108.7993,1425.4618,16.8811,110.9675,Middle Eastern
3821,Middle Eastern,Lebanese,Asian,178.1524,6624.2340,33.1368,656.0540,Middle Eastern
3822,Middle Eastern,Lebanese,Asian,35.5443,634.6955,4.8355,55.2328,Middle Eastern
3823,Middle Eastern,Lebanese,Asian,8.4180,3815.4400,0.4270,434.2928,Middle Eastern
3824,Middle Eastern,Lebanese,Asian,42.0054,666.9261,7.7713,56.5418,Middle Eastern
3825,Middle Eastern,Lebanese,Asian,34.1595,2338.4758,148.5573,181.0433,Middle Eastern
3826,Middle Eastern,Lebanese,Asian,182.6720,2868.5600,136.0240,181.4000,Middle Eastern
3827,Middle Eastern,Lebanese,Asian,20.3478,1469.2440,100.8233,111.1988,Middle Eastern
3828,Middle Eastern,Lebanese,Asian,314.1162,2336.1798,6.3017,128.6002,Middle Eastern
3829,Middle Eastern,Lebanese,Asian,25.0510,353.2214,5.1770,28.0915,Middle Eastern
3830,Middle Eastern,Lebanese,Asian,182.8525,1228.5843,69.6675,28.2734,Middle Eastern
3831,Middle Eastern,Lebanese,Asian,16.8360,5782.0000,0.8540,648.5856,Middle Eastern
3832,Middle Eastern,Lebanese,Asian,122.8676,675.2720,27.6374,30.7165,Middle Eastern
3833,Middle Eastern,Lebanese,Asian,726.4956,5941.2360,110.4560,373.4248,Middle Eastern
3834,Middle Eastern,Lebanese,Asian,98.9971,4310.4776,367.1684,274.4216,Middle Eastern
3835,Middle Eastern,Lebanese,Asian,351.5988,4800.9456,76.7208,374.2711,Middle Eastern
3836,Middle Eastern,Lebanese,Asian,444.3949,5561.0716,166.1284,367.5035,Middle Eastern
3837,Middle Eastern,Lebanese,Asian,4.3180,488.7883,0.7810,54.5722,Middle Eastern
3838,Middle Eastern,Lebanese,Asian,393.2222,8355.4400,42.3512,747.0070,Middle Eastern
3839,Middle Eastern,Lebanese,Asian,7.7965,155.1530,2.4946,14.1509,Middle Eastern
3840,Middle Eastern,Lebanese,Asian,1.2252,488.4600,1.4328,54.0540,Middle Eastern
3841,Middle Eastern,Lebanese,Asian,8.0530,999.3800,1.2973,109.6375,Middle Eastern
3842,Middle Eastern,Lebanese,Asian,41.5362,3716.9655,97.8870,357.4962,Middle Eastern
3843,Middle Eastern,Lebanese,Asian,575.8135,2669.1443,52.0228,20.1379,Middle Eastern
3844,Middle Eastern,Lebanese,Asian,54.6510,569.1948,28.6807,32.0644,Middle Eastern
3845,Middle Eastern,Lebanese,Asian,0.0000,954.7200,0.0000,108.0000,Middle Eastern
3846,Middle Eastern,Lebanese,Asian,50.4453,4474.9875,7.9079,492.0444,Middle Eastern
3847,Middle Eastern,Lebanese,Asian,167.2554,2022.9497,29.3030,149.2440,Middle Eastern
3848,Middle Eastern,Lebanese,Asian,24.1845,1656.7147,99.6845,131.3912,Middle Eastern
3849,Middle Eastern,Lebanese,Asian,57.9153,742.5718,11.6229,56.8294,Middle Eastern
3850,Middle Eastern,Lebanese,Asian,24.2812,2004.5651,199.8430,119.9689,Middle Eastern
3851,Middle Eastern,Lebanese,Asian,11.3934,40.2500,0.9994,0.3378,Middle Eastern
3852,Middle Eastern,Lebanese,Asian,149.0486,932.4233,49.9917,19.4328,Middle Eastern
3853,Middle Eastern,Lebanese,Asian,27.5735,356.9290,3.3818,27.2875,Middle Eastern
3854,Middle Eastern,Lebanese,Asian,424.0865,2930.7714,40.8949,125.4753,Middle Eastern
3855,Middle Eastern,Lebanese,Asian,6.6584,71.6098,1.6852,5.0301,Middle Eastern
3856,Middle Eastern,Lebanese,Asian,350.5262,1941.7068,90.2268,41.9774,Middle Eastern
3857,Middle Eastern,Lebanese,Asian,28.1724,1062.5800,4.5908,108.9636,Middle Eastern
3858,Middle Eastern,Lebanese,Asian,27.3851,11754.6880,14.9560,1346.6064,Middle Eastern
3859,Middle Eastern,Lebanese,Asian,40.2294,535.6220,9.1919,42.1149,Middle Eastern
3860,Middle Eastern,Lebanese,Asian,205.1742,1650.0812,70.2566,67.0527,Middle Eastern
3861,Middle Eastern,Lebanese,Asian,13.1381,854.5252,159.1200,18.7767,Middle Eastern
4848,Middle Eastern,Turkish,Asian,98.5731,2528.8400,19.1005,236.6548,Middle Eastern
4849,Middle Eastern,Turkish,Asian,16.7808,159.8699,3.7678,9.7808,Middle Eastern
4850,Middle Eastern,Turkish,Asian,63.7473,1451.5960,49.0265,119.9575,Middle Eastern
4851,Middle Eastern,Turkish,Asian,48.4951,2253.3584,85.4783,194.8172,Middle Eastern
4852,Middle Eastern,Turkish,Asian,30.6145,982.4804,140.0376,31.6590,Middle Eastern
4853,Middle Eastern,Turkish,Asian,157.2425,1269.0135,60.2949,45.7921,Middle Eastern
4854,Middle Eastern,Turkish,Asian,13.8227,59.8620,1.4328,0.0540,Middle Eastern
4855,Middle Eastern,Turkish,Asian,466.8835,2332.2500,52.9545,22.9780,Middle Eastern
4856,Middle Eastern,Turkish,Asian,31.4983,847.2000,56.6729,55.2153,Middle Eastern
4857,Middle Eastern,Turkish,Asian,50.0879,2563.7310,182.5158,179.0119,Middle Eastern
4858,Middle Eastern,Turkish,Asian,35.0252,844.6680,21.7462,71.3794,Middle Eastern
4859,Middle Eastern,Turkish,Asian,49.6926,2235.3000,62.1171,203.4600,Middle Eastern
4860,Middle Eastern,Turkish,Asian,294.5509,2344.6780,85.3655,89.5559,Middle Eastern
4861,Middle Eastern,Turkish,Asian,147.9804,1011.0732,40.6262,31.0011,Middle Eastern
4862,Middle Eastern,Turkish,Asian,158.0886,4324.6332,31.6185,403.8680,Middle Eastern
4863,Middle Eastern,Turkish,Asian,477.0317,1885.6223,0.1809,4.6471,Middle Eastern
4864,Middle Eastern,Turkish,Asian,76.2435,590.8850,13.5148,31.4609,Middle Eastern
4865,Middle Eastern,Turkish,Asian,58.5795,1574.4223,114.8605,98.7662,Middle Eastern
4866,Middle Eastern,Turkish,Asian,153.2484,758.1090,24.6189,3.4113,Middle Eastern
4867,Middle Eastern,Turkish,Asian,20.9958,81.2700,0.0000,0.0000,Middle Eastern
4868,Middle Eastern,Turkish,Asian,68.9680,1002.5610,28.9389,72.7235,Middle Eastern
4869,Middle Eastern,Turkish,Asian,11.4040,575.4667,4.5163,58.0570,Middle Eastern
4870,Middle Eastern,Turkish,Asian,126.7948,1073.4942,47.3269,45.2530,Middle Eastern
4871,Middle Eastern,Turkish,Asian,283.3978,1744.0890,61.2651,50.5344,Middle Eastern
4872,Middle Eastern,Turkish,Asian,27.8477,465.6870,17.5133,34.6779,Middle Eastern
4873,Middle Eastern,Turkish,Asian,460.3242,1831.5150,5.4054,3.0108,Middle Eastern
4874,Middle Eastern,Turkish,Asian,79.4258,2397.8680,110.0220,179.7989,Middle Eastern
4875,Middle Eastern,Turkish,Asian,4.3205,497.3555,0.7270,54.7589,Middle Eastern
4876,Middle Eastern,Turkish,Asian,37.8259,2194.5172,90.4720,188.9552,Middle Eastern
4877,Middle Eastern,Turkish,Asian,190.6967,1279.6195,66.1223,35.0167,Middle Eastern
4878,Middle Eastern,Turkish,Asian,79.7327,350.4318,13.8004,1.7847,Middle Eastern
4879,Middle Eastern,Turkish,Asian,17.3796,887.3550,183.4520,5.4269,Middle Eastern
4880,Middle Eastern,Turkish,Asian,409.1882,2631.7300,21.3720,112.6055,Middle Eastern
4881,Middle Eastern,Turkish,Asian,12.8810,126.0500,6.8530,5.6000,Middle Eastern
4882,Middle Eastern,Turkish,Asian,399.9200,1548.0000,0.0000,0.0000,Middle Eastern
4883,Middle Eastern,Turkish,Asian,117.4802,16580.2796,365.5629,1632.7513,Middle Eastern
4884,Middle Eastern,Turkish,Asian,826.7300,3887.3680,56.1279,57.8774,Middle Eastern
4885,Middle Eastern,Turkish,Asian,13.4006,277.7300,8.8831,21.4925,Middle Eastern
4886,Middle Eastern,Turkish,Asian,232.2501,1760.4185,128.8901,32.5168,Middle Eastern
47200,Middle Eastern,Egyptian,African,2.6190,3911.2400,1.7810,440.8000,Middle Eastern
47201,Middle Eastern,Egyptian,African,21.8670,784.3933,54.1675,53.4690,Middle Eastern
47202,Middle Eastern,Egyptian,African,12.1489,734.0520,33.0130,61.9758,Middle Eastern
47203,Middle Eastern,Egyptian,African,53950.0342,450998.7263,66.0454,27375.2088,Middle Eastern
47204,Middle Eastern,Egyptian,African,43.2959,1161.4089,103.9523,63.8534,Middle Eastern
47205,Middle Eastern,Egyptian,African,22.3953,925.5637,105.5588,45.0089,Middle Eastern
47206,Middle Eastern,Egyptian,African,10.7174,534.3350,1.1540,54.9710,Middle Eastern
47207,Middle Eastern,Egyptian,African,28.9662,648.8179,31.5968,47.0995,Middle Eastern
47208,Middle Eastern,Egyptian,African,105.1152,744.3934,34.6035,24.8147,Middle Eastern
47209,Middle Eastern,Egyptian,African,70.0139,574.5090,13.7710,30.0169,Middle Eastern
47210,Middle Eastern,Egyptian,African,32.8929,1126.6764,42.1190,92.9492,Middle Eastern
47211,Middle Eastern,Egyptian,African,15.6291,66.4985,1.8179,0.2426,Middle Eastern
47212,Middle Eastern,Egyptian,African,104.2695,500.9926,27.0826,3.2953,Middle Eastern
47213,Middle Eastern,Egyptian,African,29.6595,1027.5000,56.3805,78.9300,Middle Eastern
47214,Middle Eastern,Egyptian,African,92.7206,2483.2358,16.8816,233.5489,Middle Eastern
47215,Middle Eastern,Egyptian,African,296.2307,2499.9074,250.1850,22.7424,Middle Eastern
47216,Middle Eastern,Egyptian,African,28.6066,423.5125,12.4840,33.2795,Middle Eastern
47217,Middle Eastern,Egyptian,African,207.9029,2457.5288,97.7490,145.5593,Middle Eastern
47218,Middle Eastern,Egyptian,African,65.3040,945.5759,27.1794,67.4274,Middle Eastern
47219,Middle Eastern,Egyptian,African,96.5939,2279.0405,125.2000,150.1534,Middle Eastern
47220,Middle Eastern,Egyptian,African,108.2160,1404.1565,54.6415,92.7850,Middle Eastern
47221,Middle Eastern,Egyptian,African,12.8959,290.6747,0.9215,27.1483,Middle Eastern
47222,Middle Eastern,Egyptian,African,64.0616,1822.1795,164.0614,99.2202,Middle Eastern
47223,Middle Eastern,Egyptian,African,1.7484,2546.6780,538.7667,27.2095,Middle Eastern
47224,Middle Eastern,Egyptian,African,178.9653,1055.5500,21.7397,28.7945,Middle Eastern
47225,Middle Eastern,Egyptian,African,186.3494,1674.2094,15.9014,104.7662,Middle Eastern
47226,Middle Eastern,Egyptian,African,36.4814,2180.7714,203.1640,130.7901,Middle Eastern
47227,Middle Eastern,Egyptian,African,64.5678,296.6212,13.6081,3.3297,Middle Eastern
47228,Middle Eastern,Egyptian,African,134.2914,2763.5120,112.5679,200.1009,Middle Eastern
47229,Middle Eastern,Egyptian,African,3.3590,270.6200,4.2001,27.1454,Middle Eastern
47230,Middle Eastern,Egyptian,African,236.6297,2035.6654,114.1929,76.8794,Middle Eastern
47231,Middle Eastern,Egyptian,African,663.2175,41106.2426,2268.6424,3280.8265,Middle Eastern
47232,Middle Eastern,Egyptian,African,36.6052,2004.8012,183.8236,120.1347,Middle Eastern
47233,Middle Eastern,Egyptian,African,26.9970,1877.9338,99.8784,154.0341,Middle Eastern
47234,Middle Eastern,Egyptian,African,19.5126,1088.1852,79.9751,70.5007,Middle Eastern
47235,Middle Eastern,Egyptian,African,168.1920,1773.4181,125.5130,64.7006,Middle Eastern
47236,Middle Eastern,Egyptian,African,64.2940,278.8000,14.6880,1.5980,Middle Eastern
47237,Middle Eastern,Egyptian,African,42.5319,1812.3370,196.8547,90.9836,Middle Eastern
47238,Middle Eastern,Egyptian,African,300.9514,1490.6330,26.9864,16.6915,Middle Eastern
47239,Middle Eastern,Egyptian,African,177.2053,2051.6886,94.2108,116.0232,Middle Eastern
47240,Middle Eastern,Egyptian,African,117.6872,1063.4098,27.6778,70.5693,Middle Eastern
47241,Middle Eastern,Egyptian,African,60.1524,3116.2496,222.2697,226.9364,Middle Eastern
47242,Middle Eastern,Egyptian,African,3.5334,378.8710,0.9034,41.3509,Middle Eastern
47243,Middle Eastern,Egyptian,African,120.4500,515.5851,14.0450,1.3625,Middle Eastern
47244,Middle Eastern,Egyptian,African,301.3108,1954.0168,123.9756,35.2760,Middle Eastern
47245,Middle Eastern,Egyptian,African,42.7653,2140.6070,101.6159,175.5926,Middle Eastern
47246,Middle Eastern,Egyptian,African,153.5379,1045.3174,62.4863,24.3365,Middle Eastern
47247,Middle Eastern,Egyptian,African,45.6407,876.9324,101.3710,32.1991,Middle Eastern
47248,Middle Eastern,Egyptian,African,1244.8867,5735.0331,109.2329,26.9910,Middle Eastern
47249,Middle Eastern,Egyptian,African,152.0925,1414.2381,126.1326,33.5074,Middle Eastern
47250,Middle Eastern,Egyptian,African,474.1627,4080.5880,64.2408,219.7921,Middle Eastern
47251,Middle Eastern,Egyptian,African,166.7717,792.5166,18.0759,6.5614,Middle Eastern
47252,Middle Eastern,Egyptian,African,28.8587,1091.0802,187.1454,20.4722,Middle Eastern
47253,Middle Eastern,Egyptian,African,366.8120,1935.2950,52.1323,39.2630,Middle Eastern
47254,Middle Eastern,Egyptian,African,22.2202,705.8537,3.3658,68.4278,Middle Eastern
47255,Middle Eastern,Egyptian,African,25.1870,108.5800,2.6700,0.5340,Middle Eastern
47256,Middle Eastern,Egyptian,African,3.7712,288.5950,60.7139,1.5175,Middle Eastern
47257,Middle Eastern,Egyptian,African,0.9340,220.6000,0.3320,24.0100,Middle Eastern
47258,Middle Eastern,Egyptian,African,125.5351,1800.8499,80.3600,108.1964,Middle Eastern
47259,Middle Eastern,Egyptian,African,66.6717,1362.4982,203.9702,35.3719,Middle Eastern
47260,Middle Eastern,Egyptian,African,170.3268,1157.2887,70.4351,28.3065,Middle Eastern
47261,Middle Eastern,Egyptian,African,21.8886,2696.8839,371.9285,113.9333,Middle Eastern
47262,Middle Eastern,Egyptian,African,122.7180,1601.4000,42.7440,115.2000,Middle Eastern
47263,Middle Eastern,Egyptian,African,139.8348,1867.5945,121.3118,99.5524,Middle Eastern
47264,Middle Eastern,Egyptian,African,,,,,Middle Eastern
47265,Middle Eastern,Egyptian,African,0.6981,1921.8180,0.1929,217.0710,Middle Eastern
47266,Middle Eastern,Egyptian,African,179.4437,1101.3841,19.6245,33.9156,Middle Eastern
47267,Middle Eastern,Egyptian,African,14.0100,60.0000,1.6500,0.1500,Middle Eastern
47268,Middle Eastern,Egyptian,African,7.9032,1713.7551,190.3155,98.4120,Middle Eastern
47269,Middle Eastern,Egyptian,African,40.7877,129515.9220,25385.3151,2309.5956,Middle Eastern
47270,Middle Eastern,Egyptian,African,137.9279,3512.3015,418.9411,139.0909,Middle Eastern
47271,Middle Eastern,Egyptian,African,218.5114,2438.4875,94.9823,144.5765,Middle Eastern
47272,Middle Eastern,Egyptian,African,13.4606,1284.0907,272.7043,8.8138,Middle Eastern
47273,Middle Eastern,Egyptian,African,147.5823,1178.5231,61.1204,42.4676,Middle Eastern
47274,Middle Eastern,Egyptian,African,239.9060,1390.4648,73.0835,20.6752,Middle Eastern
47275,Middle Eastern,Egyptian,African,29.8496,535.7638,55.3674,22.9708,Middle Eastern
47276,Middle Eastern,Egyptian,African,3.6848,16.5725,0.5676,0.6151,Middle Eastern
47277,Middle Eastern,Egyptian,African,329.4819,523337.3150,40657.4203,38741.7793,Middle Eastern
47278,Middle Eastern,Egyptian,African,18.2144,203702.2109,44881.1358,1350.0071,Middle Eastern
47279,Middle Eastern,Egyptian,African,111.2806,799.8760,32.3003,41.9364,Middle Eastern
47280,Middle Eastern,Egyptian,African,62.5139,1296.0213,94.2831,76.3744,Middle Eastern
47281,Middle Eastern,Egyptian,African,2.6460,497.8165,0.4541,55.0226,Middle Eastern
47282,Middle Eastern,Egyptian,African,316.5334,5816.2520,152.8678,447.0287,Middle Eastern
47283,Middle Eastern,Egyptian,African,144.0795,945.3079,60.9437,17.5089,Middle Eastern
47284,Middle Eastern,Egyptian,African,45.0486,1284.9920,109.3660,72.1310,Middle Eastern
47285,Middle Eastern,Egyptian,African,50.0224,1533.2494,133.4095,95.6404,Middle Eastern
47286,Middle Eastern,Egyptian,African,90.6219,2664.4405,98.6015,218.0966,Middle Eastern
47287,Middle Eastern,Egyptian,African,50.9868,226.9389,11.9539,1.7507,Middle Eastern
47288,Middle Eastern,Egyptian,African,36.7371,390.2800,5.9627,27.0363,Middle Eastern
47289,Middle Eastern,Egyptian,African,421.2385,3133.7880,221.8539,70.8401,Middle Eastern
47290,Middle Eastern,Egyptian,African,33.1556,2142.4368,136.7344,160.7740,Middle Eastern
47291,Middle Eastern,Egyptian,African,67.6330,954.2276,102.1432,31.3067,Middle Eastern
47292,Middle Eastern,Egyptian,African,84.9405,906.6771,121.0577,14.6736,Middle Eastern
47293,Middle Eastern,Egyptian,African,78.3362,721.5794,50.6942,27.9529,Middle Eastern
47294,Middle Eastern,Egyptian,African,5.1106,2281.1553,13.3545,254.8423,Middle Eastern
47295,Middle Eastern,Egyptian,African,178.5501,3922.0619,271.7039,233.4794,Middle Eastern
47296,Middle Eastern,Egyptian,African,20.6684,913.4400,14.1443,90.5541,Middle Eastern
47297,Middle Eastern,Egyptian,African,196.4089,1342.0223,66.9538,37.1744,Middle Eastern
47298,Middle Eastern,Egyptian,African,361.0581,3880.3205,154.7427,213.6351,Middle Eastern
47299,Middle Eastern,Egyptian,African,27.3072,742.6980,1.4351,72.6692,Middle Eastern
47300,Middle Eastern,Egyptian,African,183.5121,1916.2200,53.7450,113.7696,Middle Eastern
47301,Middle Eastern,Egyptian,African,40.0337,178.4580,8.7544,1.0778,Middle Eastern
47302,Middle Eastern,Egyptian,African,27.7429,364.3060,3.6452,27.6860,Middle Eastern
47303,Middle Eastern,Egyptian,African,60.4123,499.6030,11.4539,30.0279,Middle Eastern
47304,Middle Eastern,Egyptian,African,0.3677,1.4432,0.0597,0.0187,Middle Eastern
47305,Middle Eastern,Egyptian,African,34.0962,836.1650,18.3424,73.3167,Middle Eastern
47306,Middle Eastern,Egyptian,African,179.7007,1058.4365,21.8592,28.8320,Middle Eastern
47307,Middle Eastern,Egyptian,African,35.7951,1241.9300,26.1952,113.3496,Middle Eastern
47308,Middle Eastern,Egyptian,African,675.7589,2921.9185,44.5172,5.2329,Middle Eastern
47309,Middle Eastern,Egyptian,African,22.0540,1619.1294,245.9922,63.1174,Middle Eastern
47310,Middle Eastern,Egyptian,African,33.2628,481.6032,14.0609,32.9875,Middle Eastern
47311,Middle Eastern,Egyptian,African,307.1516,2086.9570,91.2685,63.4029,Middle Eastern
47312,Middle Eastern,Egyptian,African,154.0055,947.7820,32.3811,22.2798,Middle Eastern
47313,Middle Eastern,Egyptian,African,379.9080,3636.5700,158.8255,159.9040,Middle Eastern
47314,Middle Eastern,Egyptian,African,402.9817,2856.0933,127.1615,91.0986,Middle Eastern
47315,Middle Eastern,Egyptian,African,0.0000,0.0000,0.0000,0.0000,Middle Eastern
47316,Middle Eastern,Egyptian,African,166.6046,1533.7911,125.1556,37.3931,Middle Eastern
47317,Middle Eastern,Egyptian,African,267.5576,1537.8656,83.2302,17.4554,Middle Eastern
47318,Middle Eastern,Egyptian,African,332.9115,3356.0000,46.8605,210.6660,Middle Eastern
47319,Middle Eastern,Egyptian,African,17.5716,943.1570,2.0330,94.4426,Middle Eastern
47320,Middle Eastern,Egyptian,African,108.0092,2492.9016,214.0955,135.7006,Middle Eastern
47321,Middle Eastern,Egyptian,African,191.8051,1348.9766,78.2752,33.2778,Middle Eastern
47322,Middle Eastern,Egyptian,African,50.2346,341.0328,12.6276,15.3382,Middle Eastern
47323,Middle Eastern,Egyptian,African,341.0388,2110.3450,56.4539,58.8993,Middle Eastern
47324,Middle Eastern,Egyptian,African,80.1755,378.6280,13.6867,2.6957,Middle Eastern
47325,Middle Eastern,Egyptian,African,453.4900,9232.8089,275.6620,767.0431,Middle Eastern
47326,Middle Eastern,Egyptian,African,27.9218,248.3720,8.2624,14.1691,Middle Eastern
47327,Middle Eastern,Egyptian,African,88.1296,604.9850,9.8031,24.7062,Middle Eastern
47328,Middle Eastern,Egyptian,African,15.7140,342.0000,10.6860,28.8000,Middle Eastern
47329,Middle Eastern,Egyptian,African,29.6270,733.7638,115.9458,18.1895,Middle Eastern
47330,Middle Eastern,Egyptian,African,240.5691,1614.5350,47.1870,55.2852,Middle Eastern
47331,Middle Eastern,Egyptian,African,301.3924,1444.2433,32.5568,12.3993,Middle Eastern
47332,Middle Eastern,Egyptian,African,341.8439,1995.0242,66.4664,40.2373,Middle Eastern
47333,Middle Eastern,Egyptian,African,140.0301,1699.4800,45.9816,110.7134,Middle Eastern
47334,Middle Eastern,Egyptian,African,297.5589,2326.3570,30.3203,114.5846,Middle Eastern
47335,Middle Eastern,Egyptian,African,6.8446,1714.0559,190.5810,98.5468,Middle Eastern
47336,Middle Eastern,Egyptian,African,1735.8853,35308.5984,1311.4951,2824.4927,Middle Eastern
47337,Middle Eastern,Egyptian,African,39.2557,544.9560,19.0373,41.8027,Middle Eastern
47338,Middle Eastern,Egyptian,African,93.0185,727.7623,16.9781,33.2458,Middle Eastern
47339,Middle Eastern,Egyptian,African,64.7558,1015.4635,94.3390,45.0151,Middle Eastern
47340,Middle Eastern,Egyptian,African,184.0173,928.8513,22.6113,15.4661,Middle Eastern
47341,Middle Eastern,Egyptian,African,17.6666,78.2400,2.8937,0.6020,Middle Eastern
47342,Middle Eastern,Egyptian,African,42.4032,1079.1589,113.6444,48.9836,Middle Eastern
47343,Middle Eastern,Egyptian,African,21.0180,2013.2076,100.4382,171.7797,Middle Eastern
47344,Middle Eastern,Egyptian,African,39.3710,164.9228,2.7186,0.5472,Middle Eastern
47345,Middle Eastern,Egyptian,African,35.9987,144.9960,3.3823,0.8146,Middle Eastern
47346,Middle Eastern,Egyptian,African,22.8296,279.8621,3.8894,20.9904,Middle Eastern
47347,Middle Eastern,Egyptian,African,66.8410,581.7533,19.6220,31.3496,Middle Eastern
47348,Middle Eastern,Egyptian,African,359.6436,1904.0640,50.7969,38.9320,Middle Eastern
47349,Middle Eastern,Egyptian,African,191.5224,2120.8033,98.6331,110.1255,Middle Eastern
47350,Middle Eastern,Egyptian,African,8856.9343,44202.6726,3488.0693,429.9388,Middle Eastern
47351,Middle Eastern,Egyptian,African,,,,,Middle Eastern
47352,Middle Eastern,Egyptian,African,47.6278,682.5330,9.2330,55.0240,Middle Eastern
47353,Middle Eastern,Egyptian,African,48.0978,289.3507,17.4704,4.3890,Middle Eastern
47354,Middle Eastern,Egyptian,African,61.2126,422.1535,15.7749,17.0481,Middle Eastern
47355,Middle Eastern,Egyptian,African,76.9885,1557.1710,204.7050,49.5529,Middle Eastern
47356,Middle Eastern,Egyptian,African,481.8712,2782.4932,80.3367,57.6727,Middle Eastern
47357,Middle Eastern,Egyptian,African,68.1750,2837.2236,332.7104,126.7565,Middle Eastern
47358,Middle Eastern,Egyptian,African,1.3095,2919.1800,0.8905,329.4000,Middle Eastern
47359,Middle Eastern,Egyptian,African,144.6444,918.9480,49.8436,19.6110,Middle Eastern
47360,Middle Eastern,Egyptian,African,95.2765,1377.4678,58.4572,86.2287,Middle Eastern
47361,Middle Eastern,Egyptian,African,2334.1770,47874.5000,1680.3005,3899.8235,Middle Eastern
47362,Middle Eastern,Egyptian,African,199.5170,2867.4504,42.1935,219.9736,Middle Eastern
47363,Middle Eastern,Egyptian,African,1203.3384,7787.7810,745.4441,168.4642,Middle Eastern
47364,Middle Eastern,Egyptian,African,39.8869,188.0580,7.0407,1.7472,Middle Eastern
47365,Middle Eastern,Egyptian,African,28.3000,668.2676,98.1002,18.6037,Middle Eastern
47366,Middle Eastern,Egyptian,African,268.7945,1758.4548,96.2336,38.9497,Middle Eastern
47367,Middle Eastern,Egyptian,African,45.5916,209.9333,13.8691,1.4645,Middle Eastern
47368,Middle Eastern,Egyptian,African,490.0870,5359.4206,59.3790,371.7950,Middle Eastern
47369,Middle Eastern,Egyptian,African,12.2376,480.9983,82.9891,11.0028,Middle Eastern
47370,Middle Eastern,Egyptian,African,107.3488,3394.0768,187.4041,249.2501,Middle Eastern
47371,Middle Eastern,Egyptian,African,39.0867,958.0438,26.5479,85.6901,Middle Eastern
47372,Middle Eastern,Egyptian,African,8.1903,273.4470,0.9766,27.2422,Middle Eastern
47373,Middle Eastern,Egyptian,African,508.1162,2404.5633,78.7387,4.4946,Middle Eastern
47374,Middle Eastern,Egyptian,African,29.2561,487.5669,6.5059,41.9256,Middle Eastern
47375,Middle Eastern,Egyptian,African,87.5143,814.5240,17.4544,53.9344,Middle Eastern
47376,Middle Eastern,Egyptian,African,31.6179,1560.9547,219.8591,60.0474,Middle Eastern
47377,Middle Eastern,Egyptian,African,367.9380,2559.9550,129.9106,68.5879,Middle Eastern
47378,Middle Eastern,Egyptian,African,380.5932,2296.2424,126.8617,36.4379,Middle Eastern
47379,Middle Eastern,Egyptian,African,397.0569,3315.7203,126.4515,144.9287,Middle Eastern
47380,Middle Eastern,Egyptian,African,191.9829,1951.9508,95.8726,97.9239,Middle Eastern
47381,Middle Eastern,Egyptian,African,36.1728,299.4926,12.2565,15.7491,Middle Eastern
47382,Middle Eastern,Egyptian,African,90.6254,1035.5761,32.3037,76.5069,Middle Eastern
47383,Middle Eastern,Egyptian,African,50.1283,224.5746,10.3412,2.0797,Middle Eastern
47384,Middle Eastern,Egyptian,African,5.3591,4011.3782,60.6593,424.2898,Middle Eastern
47385,Middle Eastern,Egyptian,African,29.7951,136.4430,5.3255,1.6056,Middle Eastern
47386,Middle Eastern,Egyptian,African,377.4139,2764.4880,73.5356,114.6736,Middle Eastern
47387,Middle Eastern,Egyptian,African,37.0148,701.3712,113.5292,14.0591,Middle Eastern
47388,Middle Eastern,Egyptian,African,26.9970,1097.7540,5.3043,112.0768,Middle Eastern
47389,Middle Eastern,Egyptian,African,7.4140,51.7279,2.2920,1.7353,Middle Eastern
47390,Middle Eastern,Egyptian,African,166.4081,1033.6543,70.6159,19.8823,Middle Eastern
47391,Middle Eastern,Egyptian,African,13.5893,91.9097,3.7216,2.4075,Middle Eastern
47392,Middle Eastern,Egyptian,African,8.7359,69.2558,2.0054,1.4219,Middle Eastern
47393,Middle Eastern,Egyptian,African,25.5964,312.9164,18.0275,16.1535,Middle Eastern
47394,Middle Eastern,Egyptian,African,8.9898,136.6825,7.3401,7.6357,Middle Eastern
47395,Middle Eastern,Egyptian,African,87.7336,632.7002,39.3163,15.8542,Middle Eastern
47396,Middle Eastern,Egyptian,African,8.8613,33.6880,0.4465,0.3016,Middle Eastern
47397,Middle Eastern,Egyptian,African,105.8769,1726.6885,51.6910,140.0774,Middle Eastern
47398,Middle Eastern,Egyptian,African,46.4991,1099.8240,97.3798,58.7354,Middle Eastern
47399,Middle Eastern,Egyptian,African,26.4061,2788.0761,104.4493,257.0060,Middle Eastern
47400,Middle Eastern,Egyptian,African,24.1667,447.3500,4.2628,40.1288,Middle Eastern
47401,Middle Eastern,Egyptian,African,13.3803,356.7361,47.3673,9.5833,Middle Eastern
47402,Middle Eastern,Egyptian,African,268.2547,3095.1021,166.0830,154.7470,Middle Eastern
47403,Middle Eastern,Egyptian,African,6.0056,702.9605,50.9015,51.2108,Middle Eastern
47404,Middle Eastern,Egyptian,African,14.9440,64.0000,1.7600,0.1600,Middle Eastern
47405,Middle Eastern,Egyptian,African,108.2736,943.0060,34.2182,42.2401,Middle Eastern
47406,Middle Eastern,Egyptian,African,711.2051,4412.1715,88.8944,151.8062,Middle Eastern
47407,Middle Eastern,Egyptian,African,19.5298,275.9040,15.8875,14.7285,Middle Eastern
47408,Middle Eastern,Egyptian,African,223.6959,1343.9790,40.5838,35.2125,Middle Eastern
47409,Middle Eastern,Egyptian,African,30.2545,165.3600,6.7366,7.4746,Middle Eastern
47410,Middle Eastern,Egyptian,African,14.9440,64.0000,1.7600,0.1600,Middle Eastern
47411,Middle Eastern,Egyptian,African,15.7075,584.2618,17.6537,51.3505,Middle Eastern
47412,Middle Eastern,Egyptian,African,1.6440,204.0000,1.7040,21.6480,Middle Eastern
47413,Middle Eastern,Egyptian,African,2.0389,489.9550,0.7238,54.5123,Middle Eastern
47414,Middle Eastern,Egyptian,African,201.5960,805.9800,0.0000,0.0000,Middle Eastern
47415,Middle Eastern,Egyptian,African,214.9914,1684.1460,84.9908,60.5359,Middle Eastern
47416,Middle Eastern,Egyptian,African,54.6348,2995.7240,37.1921,304.7750,Middle Eastern
47417,Middle Eastern,Egyptian,African,543.3459,2729.4810,89.3399,19.5782,Middle Eastern
47418,Middle Eastern,Egyptian,African,72.4638,418.4083,20.2201,11.9742,Middle Eastern
47419,Middle Eastern,Egyptian,African,447.2180,2300.7220,50.7687,30.9180,Middle Eastern
47420,Middle Eastern,Egyptian,African,69.4793,961.2820,19.8084,70.8594,Middle Eastern
47421,Middle Eastern,Egyptian,African,52.4552,663.0498,42.9345,30.1803,Middle Eastern
47422,Middle Eastern,Egyptian,African,25.5952,1420.9080,49.4359,126.6210,Middle Eastern
47423,Middle Eastern,Egyptian,African,205.4332,4799.7512,64.9567,426.7071,Middle Eastern
47424,Middle Eastern,Egyptian,African,420.7910,3703.6720,70.0650,199.3658,Middle Eastern
47425,Middle Eastern,Egyptian,African,132.6693,1251.9025,59.0104,57.7129,Middle Eastern
47426,Middle Eastern,Egyptian,African,63.2326,889.5500,26.8394,68.3648,Middle Eastern
47427,Middle Eastern,Egyptian,African,296.1350,1417.9000,29.5480,11.9900,Middle Eastern
47428,Middle Eastern,Egyptian,African,35.7161,936.5500,21.6226,84.7563,Middle Eastern
47429,Middle Eastern,Egyptian,African,65.2187,692.6256,101.1745,3.5214,Middle Eastern
47430,Middle Eastern,Egyptian,African,143.4762,1444.3679,90.4716,62.6297,Middle Eastern
47431,Middle Eastern,Egyptian,African,104.1816,376.2545,21.5514,6.6400,Middle Eastern
47432,Middle Eastern,Egyptian,African,55.1856,564.2800,29.3246,25.6544,Middle Eastern
47433,Middle Eastern,Egyptian,African,81.9646,1204.0094,75.6960,68.4557,Middle Eastern
47434,Middle Eastern,Egyptian,African,180.4891,1683.5110,79.1732,77.2641,Middle Eastern
47435,Middle Eastern,Egyptian,African,3.1256,44.8950,7.4055,0.1392,Middle Eastern
47436,Middle Eastern,Egyptian,African,93.7721,821.1359,54.5866,34.5251,Middle Eastern
47437,Middle Eastern,Egyptian,African,196.8120,747.4500,8.3902,1.1385,Middle Eastern
47438,Middle Eastern,Egyptian,African,154.4483,1828.8960,23.7935,133.4695,Middle Eastern
47439,Middle Eastern,Egyptian,African,186.4101,1259.6696,90.8165,20.9336,Middle Eastern
47440,Middle Eastern,Egyptian,African,265.6342,1550.5943,118.6243,6.9797,Middle Eastern
47441,Middle Eastern,Egyptian,African,161.1140,1602.3078,178.6724,27.0296,Middle Eastern
47442,Middle Eastern,Egyptian,African,3.3372,1955.4600,3.8945,218.1443,Middle Eastern
47443,Middle Eastern,Egyptian,African,253.2108,1156.5600,18.8020,4.4872,Middle Eastern
47444,Middle Eastern,Egyptian,African,0.0000,0.0000,0.0000,0.0000,Middle Eastern
47445,Middle Eastern,Egyptian,African,350.8357,2310.7533,13.2927,110.9278,Middle Eastern
47446,Middle Eastern,Egyptian,African,1022.3319,16791.3428,390.7710,1252.4369,Middle Eastern
47447,Middle Eastern,Egyptian,African,143.7808,1466.4394,130.8215,43.9522,Middle Eastern
47448,Middle Eastern,Egyptian,African,34.8387,763.5732,21.0772,63.9712,Middle Eastern
47449,Middle Eastern,Egyptian,African,1.9836,8.9400,0.3816,0.0300,Middle Eastern
47450,Middle Eastern,Egyptian,African,43.5311,557.9350,9.6630,42.7206,Middle Eastern
47451,Middle Eastern,Egyptian,African,160.9876,2651.3600,45.0304,213.3798,Middle Eastern
47452,Middle Eastern,Egyptian,African,243.7525,1386.2200,74.5966,34.0442,Middle Eastern
47453,Middle Eastern,Egyptian,African,11.8553,508.5700,25.1105,40.9012,Middle Eastern
47454,Middle Eastern,Egyptian,African,96.7768,1402.9315,93.2982,72.0131,Middle Eastern
47455,Middle Eastern,Egyptian,African,6440.1020,29051.9953,410.4691,396.8363,Middle Eastern
47456,Middle Eastern,Egyptian,African,147.4509,841.9761,61.6772,4.4781,Middle Eastern
47457,Middle Eastern,Egyptian,African,21.5597,832.7940,44.3094,64.2361,Middle Eastern
47458,Middle Eastern,Egyptian,African,277.4492,1611.6885,120.4727,8.6020,Middle Eastern
47459,Middle Eastern,Egyptian,African,147.4697,1212.8836,60.9827,46.2239,Middle Eastern
47460,Middle Eastern,Egyptian,African,204.4967,1204.5865,63.5633,18.7727,Middle Eastern
47461,Middle Eastern,Egyptian,African,297.6894,1965.0558,132.6294,36.5573,Middle Eastern
47462,Middle Eastern,Egyptian,African,186.4574,771.5965,14.1979,3.8665,Middle Eastern
47463,Middle Eastern,Egyptian,African,5140.1700,22386.0000,516.6000,279.8250,Middle Eastern
47464,Middle Eastern,Egyptian,African,10079.8000,40343.5000,9.9000,0.2500,Middle Eastern
47465,Middle Eastern,Egyptian,African,12024.7800,48176.0000,114.8200,98.0000,Middle Eastern
47466,Middle Eastern,Egyptian,African,349.4358,1783.1490,23.1607,49.4654,Middle Eastern
47467,Middle Eastern,Egyptian,African,95.8698,711.4781,25.6734,25.0464,Middle Eastern
47468,Middle Eastern,Egyptian,African,368.5843,3063.0303,129.4532,129.0002,Middle Eastern
47469,Middle Eastern,Egyptian,African,62.0729,3164.0692,40.4355,324.3559,Middle Eastern
47470,Middle Eastern,Egyptian,African,316.1302,1931.2350,53.1668,49.5555,Middle Eastern
47471,Middle Eastern,Egyptian,African,125.6227,1275.6901,34.2070,72.3919,Middle Eastern
47472,Middle Eastern,Egyptian,African,262.3677,1481.1610,31.9300,35.1612,Middle Eastern
47473,Middle Eastern,Egyptian,African,730.7487,4437.6329,76.2245,142.8006,Middle Eastern
47474,Middle Eastern,Egyptian,African,41.1256,371.6155,15.7304,16.3711,Middle Eastern
47475,Middle Eastern,Egyptian,African,5.6431,3875.9490,0.0534,436.0366,Middle Eastern
47476,Middle Eastern,Egyptian,African,20413.2660,77895.3800,681.7225,231.9169,Middle Eastern
47477,Middle Eastern,Egyptian,African,19.9790,661.7250,8.3338,65.9030,Middle Eastern
47478,Middle Eastern,Egyptian,African,6163.5080,30415.5421,1064.3184,89.2519,Middle Eastern
47479,Middle Eastern,Egyptian,African,455.5268,2709.6067,31.3620,82.3305,Middle Eastern
47480,Middle Eastern,Egyptian,African,213.9562,1794.3600,36.2885,91.1431,Middle Eastern
47481,Middle Eastern,Egyptian,African,7.8570,171.0000,5.3430,14.4000,Middle Eastern
47482,Middle Eastern,Egyptian,African,,,,,Middle Eastern
47483,Middle Eastern,Egyptian,African,446.2108,2858.3430,74.4130,89.9108,Middle Eastern
47484,Middle Eastern,Egyptian,African,282.3241,5853.3502,76.0998,509.9067,Middle Eastern
47485,Middle Eastern,Egyptian,African,450.0971,2176.9000,39.0453,25.5369,Middle Eastern
47486,Middle Eastern,Egyptian,African,6.4496,32.7464,1.7411,0.0770,Middle Eastern
47487,Middle Eastern,Egyptian,African,105.4500,442.6000,9.8284,4.1930,Middle Eastern
47488,Middle Eastern,Egyptian,African,810.1831,6041.1590,126.0900,263.3800,Middle Eastern
47489,Middle Eastern,Egyptian,African,63.7529,1597.6136,62.2247,123.2242,Middle Eastern
47490,Middle Eastern,Egyptian,African,233.0240,1489.9800,21.3720,57.6000,Middle Eastern
47491,Middle Eastern,Egyptian,African,165.8500,1612.2500,2.0358,109.4680,Middle Eastern
47492,Middle Eastern,Egyptian,African,5831.6000,76630.0000,3843.0000,4239.4000,Middle Eastern
47493,Middle Eastern,Egyptian,African,317.0185,3315.2960,105.0288,191.4660,Middle Eastern
47494,Middle Eastern,Egyptian,African,453.0889,2737.9665,48.5738,85.2193,Middle Eastern
47495,Middle Eastern,Egyptian,African,735.4315,3498.4275,42.4334,47.1737,Middle Eastern
47496,Middle Eastern,Egyptian,African,322.1091,2183.9734,57.3368,75.1565,Middle Eastern
51649,Middle Eastern,Laotian,Asian,1236.4260,7028.3756,227.5350,116.4180,Middle Eastern
51650,Middle Eastern,Laotian,Asian,22.4551,775.5810,6.8183,77.6151,Middle Eastern
51651,Middle Eastern,Laotian,Asian,177.8151,1448.9562,10.5669,86.4434,Middle Eastern
51652,Middle Eastern,Laotian,Asian,125.2504,2445.1300,4.1322,220.0022,Middle Eastern
51653,Middle Eastern,Laotian,Asian,340.2774,2010.3731,37.9958,55.1290,Middle Eastern
51654,Middle Eastern,Laotian,Asian,85.1206,477.4287,16.3615,12.3079,Middle Eastern
51655,Middle Eastern,Laotian,Asian,27.5448,110.1240,0.0000,0.0000,Middle Eastern
51656,Middle Eastern,Laotian,Asian,6.7322,44.7800,5.0418,0.4064,Middle Eastern
51657,Middle Eastern,Laotian,Asian,59.4462,367.5487,13.8691,11.6647,Middle Eastern
51658,Middle Eastern,Laotian,Asian,302.2160,1369.0000,25.1970,2.0350,Middle Eastern
51659,Middle Eastern,Laotian,Asian,45.1504,179.7620,1.3630,0.7540,Middle Eastern
51660,Middle Eastern,Laotian,Asian,81.7710,1854.0045,45.9715,163.8287,Middle Eastern
51661,Middle Eastern,Laotian,Asian,9.8996,264.4390,0.1951,25.5155,Middle Eastern
51662,Middle Eastern,Laotian,Asian,74.6979,1512.7763,118.0644,87.9457,Middle Eastern
51663,Middle Eastern,Laotian,Asian,14.1666,1654.6440,139.1504,111.4080,Middle Eastern
51664,Middle Eastern,Laotian,Asian,235.5572,1433.2220,33.0490,36.9246,Middle Eastern
51665,Middle Eastern,Laotian,Asian,221.5621,5818.0484,221.6424,461.2374,Middle Eastern
51666,Middle Eastern,Laotian,Asian,20.3428,395.1125,73.2079,2.4317,Middle Eastern
51667,Middle Eastern,Laotian,Asian,126.0221,1098.8552,116.1692,16.8483,Middle Eastern
51668,Middle Eastern,Laotian,Asian,42.5342,1230.5978,106.8093,70.7031,Middle Eastern
51669,Middle Eastern,Laotian,Asian,59.1057,332.1122,6.7952,9.1415,Middle Eastern
51670,Middle Eastern,Laotian,Asian,346.5920,3540.9477,183.5731,160.2421,Middle Eastern
51671,Middle Eastern,Laotian,Asian,96.1957,468.7763,17.1605,6.8054,Middle Eastern
51672,Middle Eastern,Laotian,Asian,35.8886,703.4043,99.3045,15.6829,Middle Eastern
51673,Middle Eastern,Laotian,Asian,2.5084,638.9979,95.9688,27.5736,Middle Eastern
51674,Middle Eastern,Laotian,Asian,63.3612,474.4340,22.7729,17.8663,Middle Eastern
51675,Middle Eastern,Laotian,Asian,147.3772,2823.7040,131.4780,212.2523,Middle Eastern
51676,Middle Eastern,Laotian,Asian,307.9579,1850.5742,65.9905,40.9399,Middle Eastern
51677,Middle Eastern,Laotian,Asian,80.1312,1181.8548,32.9447,79.6306,Middle Eastern
51678,Middle Eastern,Laotian,Asian,24.6727,4305.7680,89.3572,428.1650,Middle Eastern
51679,Middle Eastern,Laotian,Asian,51.5725,1794.1367,47.6508,160.3742,Middle Eastern
51680,Middle Eastern,Laotian,Asian,49.3171,4417.4700,94.9397,429.3269,Middle Eastern
51681,Middle Eastern,Laotian,Asian,325.2114,2523.7398,129.0625,86.0151,Middle Eastern
51682,Middle Eastern,Laotian,Asian,154.4721,705.1695,20.2282,3.6247,Middle Eastern
51683,Middle Eastern,Laotian,Asian,44.8687,962.9412,41.0915,76.7950,Middle Eastern
51684,Middle Eastern,Laotian,Asian,91.9676,9047.2502,188.0327,887.4223,Middle Eastern
51685,Middle Eastern,Laotian,Asian,129.0485,542.6975,11.5990,3.9847,Middle Eastern
51686,Middle Eastern,Laotian,Asian,14.6388,63.3330,2.5110,0.2736,Middle Eastern
51687,Middle Eastern,Laotian,Asian,8.1728,35.5342,2.0101,0.1955,Middle Eastern
51688,Middle Eastern,Laotian,Asian,8.7506,86.5473,11.8571,0.5112,Middle Eastern
51689,Middle Eastern,Laotian,Asian,49.6962,1143.2265,117.8701,51.1173,Middle Eastern
51690,Middle Eastern,Laotian,Asian,21.3266,96.6770,3.7061,0.4512,Middle Eastern
51691,Middle Eastern,Laotian,Asian,100.7980,402.9900,0.0000,0.0000,Middle Eastern
51692,Middle Eastern,Laotian,Asian,6.6379,429.5036,90.5869,2.5264,Middle Eastern
51693,Middle Eastern,Laotian,Asian,33.0309,285.5475,8.7092,14.6834,Middle Eastern
51694,Middle Eastern,Laotian,Asian,3.4230,1875.6503,362.2853,36.4237,Middle Eastern
51695,Middle Eastern,Laotian,Asian,228.1048,911.9658,0.1410,0.0180,Middle Eastern
51696,Middle Eastern,Laotian,Asian,2.7577,542.6749,60.1915,30.6555,Middle Eastern
51697,Middle Eastern,Laotian,Asian,29.3564,1191.2732,164.6885,47.8829,Middle Eastern
51698,Middle Eastern,Laotian,Asian,17.9811,561.5934,99.1281,7.3293,Middle Eastern
51699,Middle Eastern,Laotian,Asian,82.6179,815.9983,76.0792,17.6809,Middle Eastern
51700,Middle Eastern,Laotian,Asian,99.0620,416.5588,6.0887,1.3554,Middle Eastern
51701,Middle Eastern,Laotian,Asian,52.1388,241.2594,11.7949,2.6807,Middle Eastern
51702,Middle Eastern,Laotian,Asian,60.3462,382.8079,9.1050,13.6312,Middle Eastern
51703,Middle Eastern,Laotian,Asian,148.4465,1625.7150,54.1326,105.3189,Middle Eastern
51704,Middle Eastern,Laotian,Asian,10.6344,1047.7117,179.8611,27.2047,Middle Eastern
60012,Middle Eastern,Rest Middle Eastern,Asian,147.2665,1567.4037,50.3018,106.9404,Middle Eastern
60013,Middle Eastern,Rest Middle Eastern,Asian,26.2895,631.2780,1.9550,59.3916,Middle Eastern
60014,Middle Eastern,Rest Middle Eastern,Asian,57.7679,1225.8208,19.3358,109.4959,Middle Eastern
60015,Middle Eastern,Rest Middle Eastern,Asian,101.3800,1002.4800,62.6308,40.5106,Middle Eastern
60016,Middle Eastern,Rest Middle Eastern,Asian,0.0000,358.0200,0.0000,40.5000,Middle Eastern
60017,Middle Eastern,Rest Middle Eastern,Asian,119.0502,5336.5169,321.0484,395.1692,Middle Eastern
60018,Middle Eastern,Rest Middle Eastern,Asian,139.4866,675.2700,31.9906,6.4992,Middle Eastern
60019,Middle Eastern,Rest Middle Eastern,Asian,231.7587,1461.8560,88.7467,42.7773,Middle Eastern
60020,Middle Eastern,Rest Middle Eastern,Asian,22690.6613,326192.6014,7852.5779,23878.8177,Middle Eastern
60021,Middle Eastern,Rest Middle Eastern,Asian,451.8677,3334.2648,111.3245,121.0878,Middle Eastern
60022,Middle Eastern,Rest Middle Eastern,Asian,91.0199,407.5360,13.4145,3.0880,Middle Eastern
60023,Middle Eastern,Rest Middle Eastern,Asian,213.9567,2270.8371,29.2140,151.2231,Middle Eastern
60024,Middle Eastern,Rest Middle Eastern,Asian,242.5293,1237.6614,30.6250,30.9194,Middle Eastern
60025,Middle Eastern,Rest Middle Eastern,Asian,9.8712,180.3600,5.6334,14.4975,Middle Eastern
60026,Middle Eastern,Rest Middle Eastern,Asian,512.8707,2244.4970,3.4680,30.0216,Middle Eastern
60027,Middle Eastern,Rest Middle Eastern,Asian,15.8620,99.6275,6.6622,2.9553,Middle Eastern
60028,Middle Eastern,Rest Middle Eastern,Asian,36.9865,187.6787,20.1310,1.1627,Middle Eastern
60029,Middle Eastern,Rest Middle Eastern,Asian,73.4254,325.1000,11.7513,1.6394,Middle Eastern
60030,Middle Eastern,Rest Middle Eastern,Asian,289.5344,4957.4400,11.9448,438.3159,Middle Eastern
60031,Middle Eastern,Rest Middle Eastern,Asian,32.0305,991.3602,206.5674,5.9463,Middle Eastern
60032,Middle Eastern,Rest Middle Eastern,Asian,229.5323,1371.4835,63.6126,25.3894,Middle Eastern
60033,Middle Eastern,Rest Middle Eastern,Asian,1.2473,22.8705,3.8696,0.3453,Middle Eastern
60034,Middle Eastern,Rest Middle Eastern,Asian,32.5990,1078.1800,19.6749,102.0827,Middle Eastern
60035,Middle Eastern,Rest Middle Eastern,Asian,5.8676,445.8552,3.8497,45.9907,Middle Eastern
60036,Middle Eastern,Rest Middle Eastern,Asian,80.2375,786.9000,4.1212,54.7711,Middle Eastern
60037,Middle Eastern,Rest Middle Eastern,Asian,28.6449,1174.9059,10.9268,117.2404,Middle Eastern
60038,Middle Eastern,Rest Middle Eastern,Asian,539.2043,3201.7975,35.6613,107.4628,Middle Eastern
60039,Middle Eastern,Rest Middle Eastern,Asian,753.4265,5615.4065,402.0712,121.4076,Middle Eastern
60040,Middle Eastern,Rest Middle Eastern,Asian,11.1868,1178.0308,7.8614,126.2436,Middle Eastern
60041,Middle Eastern,Rest Middle Eastern,Asian,16.6409,215.2816,4.7188,15.4916,Middle Eastern
60042,Middle Eastern,Rest Middle Eastern,Asian,234.1826,1678.1830,59.7491,56.5643,Middle Eastern
60043,Middle Eastern,Rest Middle Eastern,Asian,160.4222,1744.8966,16.8640,120.1001,Middle Eastern
60044,Middle Eastern,Rest Middle Eastern,Asian,146.4288,694.4000,25.6032,13.1040,Middle Eastern
60045,Middle Eastern,Rest Middle Eastern,Asian,334.4987,2185.4227,67.6327,66.0857,Middle Eastern
60046,Middle Eastern,Rest Middle Eastern,Asian,105.5660,1739.9180,118.8072,92.6464,Middle Eastern
60047,Middle Eastern,Rest Middle Eastern,Asian,944.9457,3990.3550,4.9164,17.6092,Middle Eastern
60048,Middle Eastern,Rest Middle Eastern,Asian,3325.3048,12576.9200,115.2390,22.6472,Middle Eastern
60049,Middle Eastern,Rest Middle Eastern,Asian,127.0604,701.3077,34.8226,30.2765,Middle Eastern
60050,Middle Eastern,Rest Middle Eastern,Asian,9.0629,40.1050,1.6054,0.7776,Middle Eastern
60051,Middle Eastern,Rest Middle Eastern,Asian,309.7213,5564.6671,34.8772,470.4161,Middle Eastern
60052,Middle Eastern,Rest Middle Eastern,Asian,220.4163,2809.9688,105.1495,184.9969,Middle Eastern
60053,Middle Eastern,Rest Middle Eastern,Asian,208.9060,1941.1862,85.8914,91.0123,Middle Eastern
60054,Middle Eastern,Rest Middle Eastern,Asian,51.5281,211.2128,1.1208,0.2093,Middle Eastern
60055,Middle Eastern,Rest Middle Eastern,Asian,33.0579,429.8800,30.8200,19.9760,Middle Eastern
60056,Middle Eastern,Rest Middle Eastern,Asian,114.2734,444.2150,3.6186,1.0187,Middle Eastern
60057,Middle Eastern,Rest Middle Eastern,Asian,10.7275,181995.6677,11511.3062,14709.1311,Middle Eastern
60058,Middle Eastern,Rest Middle Eastern,Asian,298.1616,1294.6402,7.5945,10.3383,Middle Eastern
60059,Middle Eastern,Rest Middle Eastern,Asian,23.6753,866.2560,30.4495,74.6245,Middle Eastern
60060,Middle Eastern,Rest Middle Eastern,Asian,0.4959,2.2350,0.0954,0.0075,Middle Eastern
60061,Middle Eastern,Rest Middle Eastern,Asian,13.5164,303.3610,2.9691,27.5014,Middle Eastern
60062,Middle Eastern,Rest Middle Eastern,Asian,198.4167,2701.2216,30.2748,213.9239,Middle Eastern
60063,Middle Eastern,Rest Middle Eastern,Asian,280.9508,4161.6660,44.9125,334.1464,Middle Eastern
60064,Middle Eastern,Rest Middle Eastern,Asian,2839.5120,497768.8000,31362.9620,39339.9160,Middle Eastern
60065,Middle Eastern,Rest Middle Eastern,Asian,21.4934,364.0630,11.5076,29.2131,Middle Eastern
60066,Middle Eastern,Rest Middle Eastern,Asian,21.0414,372.5330,13.6420,29.1278,Middle Eastern
60067,Middle Eastern,Rest Middle Eastern,Asian,45.9453,1752.1169,157.6434,99.9877,Middle Eastern
60068,Middle Eastern,Rest Middle Eastern,Asian,126.6150,832.3800,26.2892,25.6944,Middle Eastern
60069,Middle Eastern,Rest Middle Eastern,Asian,81.8265,830.5015,7.1936,55.9317,Middle Eastern
60070,Middle Eastern,Rest Middle Eastern,Asian,178.7376,1042.9265,22.6499,29.6750,Middle Eastern
60071,Middle Eastern,Rest Middle Eastern,Asian,19.9294,428.6471,13.3575,36.0000,Middle Eastern
60072,Middle Eastern,Rest Middle Eastern,Asian,293.2820,1937.2650,88.8861,53.5646,Middle Eastern
60073,Middle Eastern,Rest Middle Eastern,Asian,2.0167,6393.7566,769.5867,345.6552,Middle Eastern
60074,Middle Eastern,Rest Middle Eastern,Asian,128.4776,771.0887,41.9682,12.5321,Middle Eastern
60075,Middle Eastern,Rest Middle Eastern,Asian,31.3706,616.3080,30.0785,42.6922,Middle Eastern
60076,Middle Eastern,Rest Middle Eastern,Asian,,,,,Middle Eastern
60077,Middle Eastern,Rest Middle Eastern,Asian,39.7427,653.4606,7.8291,55.5774,Middle Eastern
60078,Middle Eastern,Rest Middle Eastern,Asian,64.0574,805.7356,72.1245,31.0238,Middle Eastern
60079,Middle Eastern,Rest Middle Eastern,Asian,151.1050,826.4592,21.9594,15.5981,Middle Eastern
60080,Middle Eastern,Rest Middle Eastern,Asian,91.4579,400.3797,13.9687,2.1115,Middle Eastern
60081,Middle Eastern,Rest Middle Eastern,Asian,23.9598,121.2600,5.6286,2.1720,Middle Eastern
60082,Middle Eastern,Rest Middle Eastern,Asian,37.6000,262.2000,13.8788,9.4728,Middle Eastern
60083,Middle Eastern,Rest Middle Eastern,Asian,183.4713,1918.3960,49.0265,119.9575,Middle Eastern
60084,Middle Eastern,Rest Middle Eastern,Asian,199.6258,1375.0450,32.0460,50.4612,Middle Eastern
60085,Middle Eastern,Rest Middle Eastern,Asian,20.2455,86.8760,1.4842,0.4509,Middle Eastern
60086,Middle Eastern,Rest Middle Eastern,Asian,75576.1855,454034.4011,24588.1269,7273.3848,Middle Eastern
60087,Middle Eastern,Rest Middle Eastern,Asian,155.4597,1241.6175,118.8114,16.8893,Middle Eastern
60088,Middle Eastern,Rest Middle Eastern,Asian,1226.6853,8708.5700,175.5775,415.8074,Middle Eastern
60089,Middle Eastern,Rest Middle Eastern,Asian,46.4463,444.9628,5.7410,29.6839,Middle Eastern
60090,Middle Eastern,Rest Middle Eastern,Asian,1.7347,86.6567,0.2102,9.1090,Middle Eastern
60091,Middle Eastern,Rest Middle Eastern,Asian,262.4949,2979.0582,104.6959,178.9113,Middle Eastern
60092,Middle Eastern,Rest Middle Eastern,Asian,141.9132,1606.4002,134.2811,60.1147,Middle Eastern
60093,Middle Eastern,Rest Middle Eastern,Asian,212.1340,1898.3637,98.9226,77.8511,Middle Eastern
60094,Middle Eastern,Rest Middle Eastern,Asian,60.6236,938.2330,22.1652,75.3850,Middle Eastern
60095,Middle Eastern,Rest Middle Eastern,Asian,104.8423,1678.5921,99.6845,102.4935,Middle Eastern
60096,Middle Eastern,Rest Middle Eastern,Asian,23.4167,156.1613,6.2619,4.0245,Middle Eastern
60097,Middle Eastern,Rest Middle Eastern,Asian,650.6819,3688.0996,151.4359,65.2331,Middle Eastern
60098,Middle Eastern,Rest Middle Eastern,Asian,114.8347,697.5780,6.2873,29.2013,Middle Eastern
60099,Middle Eastern,Rest Middle Eastern,Asian,9.6570,528.5000,36.7430,38.1750,Middle Eastern
60100,Middle Eastern,Rest Middle Eastern,Asian,36.6112,718664.7600,45129.4484,58378.8475,Middle Eastern
60101,Middle Eastern,Rest Middle Eastern,Asian,11.8839,721.0083,118.4969,21.8609,Middle Eastern
60102,Middle Eastern,Rest Middle Eastern,Asian,270.9667,2111.7263,79.4612,87.5070,Middle Eastern
60103,Middle Eastern,Rest Middle Eastern,Asian,82.5399,41638.5808,85.6949,4632.2997,Middle Eastern
60104,Middle Eastern,Rest Middle Eastern,Asian,28.8536,2038.8128,142.8472,146.1155,Middle Eastern
60105,Middle Eastern,Rest Middle Eastern,Asian,34.1299,11702.7420,0.7912,1309.0207,Middle Eastern
60106,Middle Eastern,Rest Middle Eastern,Asian,39.0236,1375.6422,133.5663,73.6715,Middle Eastern
60107,Middle Eastern,Rest Middle Eastern,Asian,36.7917,216.6825,14.1369,2.5437,Middle Eastern
60108,Middle Eastern,Rest Middle Eastern,Asian,467.5022,2557.7550,30.6104,73.3024,Middle Eastern
60109,Middle Eastern,Rest Middle Eastern,Asian,6133.5993,26258.3270,595.5816,153.6300,Middle Eastern
60110,Middle Eastern,Rest Middle Eastern,Asian,6.0837,784.4454,136.8641,5.8781,Middle Eastern
60111,Middle Eastern,Rest Middle Eastern,Asian,1.4057,962.1844,0.3308,108.2779,Middle Eastern
60112,Middle Eastern,Rest Middle Eastern,Asian,126.2365,1385.3285,21.8425,94.4927,Middle Eastern
60113,Middle Eastern,Rest Middle Eastern,Asian,213.9829,1392.9201,68.1827,34.9500,Middle Eastern
60114,Middle Eastern,Rest Middle Eastern,Asian,27.0983,855.0805,25.3023,73.4969,Middle Eastern
60115,Middle Eastern,Rest Middle Eastern,Asian,239.7400,3033.5200,20.0200,227.9840,Middle Eastern
60116,Middle Eastern,Rest Middle Eastern,Asian,39.7553,169.6905,5.3615,0.7352,Middle Eastern
60117,Middle Eastern,Rest Middle Eastern,Asian,219.7821,1541.2968,73.7751,47.5851,Middle Eastern
60118,Middle Eastern,Rest Middle Eastern,Asian,201.9352,1083.7230,28.0360,20.1360,Middle Eastern
60119,Middle Eastern,Rest Middle Eastern,Asian,139.5973,792.6994,25.8898,14.0465,Middle Eastern
60120,Middle Eastern,Rest Middle Eastern,Asian,65.1079,1010.1660,41.2650,71.9465,Middle Eastern
60121,Middle Eastern,Rest Middle Eastern,Asian,9.2702,505.0375,35.7180,36.0798,Middle Eastern
60122,Middle Eastern,Rest Middle Eastern,Asian,192.9353,1153.6743,62.4512,18.3521,Middle Eastern
60123,Middle Eastern,Rest Middle Eastern,Asian,98.1176,473.6625,25.7229,1.5022,Middle Eastern
60124,Middle Eastern,Rest Middle Eastern,Asian,22.6720,355.8960,0.9999,27.0832,Middle Eastern
60125,Middle Eastern,Rest Middle Eastern,Asian,75514.7597,454491.6883,24644.8848,7319.2366,Middle Eastern
60126,Middle Eastern,Rest Middle Eastern,Asian,347.4746,2102.3208,109.5028,56.7568,Middle Eastern
60127,Middle Eastern,Rest Middle Eastern,Asian,0.0000,0.0000,0.0000,0.0000,Middle Eastern
60128,Middle Eastern,Rest Middle Eastern,Asian,589.5660,3512.3253,188.7133,56.1213,Middle Eastern
60129,Middle Eastern,Rest Middle Eastern,Asian,0.0000,0.0000,0.0000,0.0000,Middle Eastern
60130,Middle Eastern,Rest Middle Eastern,Asian,49.3022,655.0410,34.5884,38.9461,Middle Eastern
60131,Middle Eastern,Rest Middle Eastern,Asian,3.6359,1997.6495,195.0323,127.6443,Middle Eastern
60132,Middle Eastern,Rest Middle Eastern,Asian,401.1743,2857.2250,133.4219,89.0851,Middle Eastern
60133,Middle Eastern,Rest Middle Eastern,Asian,44.8004,1394.4040,79.3031,99.6402,Middle Eastern
60134,Middle Eastern,Rest Middle Eastern,Asian,68.4646,2383.9325,152.5167,167.9668,Middle Eastern
60135,Middle Eastern,Rest Middle Eastern,Asian,3.8377,719.0580,102.1733,31.1250,Middle Eastern
60136,Middle Eastern,Rest Middle Eastern,Asian,261.6867,3495.6373,105.3498,241.5423,Middle Eastern
60137,Middle Eastern,Rest Middle Eastern,Asian,5.5045,23.0160,0.5015,1.0920,Middle Eastern
60138,Middle Eastern,Rest Middle Eastern,Asian,34670.5973,304816.3550,10131.7884,15395.1566,Middle Eastern
60139,Middle Eastern,Rest Middle Eastern,Asian,403.1920,1611.9600,0.0000,0.0000,Middle Eastern
60140,Middle Eastern,Rest Middle Eastern,Asian,141.7268,1279.0225,22.9906,68.7169,Middle Eastern
60141,Middle Eastern,Rest Middle Eastern,Asian,120.0723,545.9550,20.4213,2.7390,Middle Eastern
60142,Middle Eastern,Rest Middle Eastern,Asian,395.6583,2649.8504,134.2002,69.1900,Middle Eastern
60143,Middle Eastern,Rest Middle Eastern,Asian,73.5444,1273.9620,21.9127,105.0065,Middle Eastern
60144,Middle Eastern,Rest Middle Eastern,Asian,332.3699,2551.4835,92.1906,104.3912,Middle Eastern
60145,Middle Eastern,Rest Middle Eastern,Asian,27.5448,110.1240,0.0000,0.0000,Middle Eastern
60146,Middle Eastern,Rest Middle Eastern,Asian,305.2242,2130.4785,60.2379,79.0852,Middle Eastern
60147,Middle Eastern,Rest Middle Eastern,Asian,27.3530,650.5200,30.5810,47.5042,Middle Eastern
60148,Middle Eastern,Rest Middle Eastern,Asian,1004.0786,10016.9073,108.4130,648.1532,Middle Eastern
60149,Middle Eastern,Rest Middle Eastern,Asian,28.8123,389.2677,12.1791,29.4894,Middle Eastern
60150,Middle Eastern,Rest Middle Eastern,Asian,1.1386,5.3900,0.2760,0.0358,Middle Eastern
60151,Middle Eastern,Rest Middle Eastern,Asian,143.8388,1103.7270,36.4825,47.2827,Middle Eastern
60152,Middle Eastern,Rest Middle Eastern,Asian,64.7676,1804.2650,224.9142,73.0342,Middle Eastern
60153,Middle Eastern,Rest Middle Eastern,Asian,,,,,Middle Eastern
60154,Middle Eastern,Rest Middle Eastern,Asian,216.7780,1499.3927,19.2565,64.0449,Middle Eastern
60155,Middle Eastern,Rest Middle Eastern,Asian,40.9995,581.7000,16.3678,38.9741,Middle Eastern
60156,Middle Eastern,Rest Middle Eastern,Asian,24.5381,1626.1945,87.7956,131.0208,Middle Eastern
60157,Middle Eastern,Rest Middle Eastern,Asian,28.6239,1243.4615,106.1926,77.5337,Middle Eastern
60158,Middle Eastern,Rest Middle Eastern,Asian,0.7874,1215.4887,76.7715,98.0844,Middle Eastern
60159,Middle Eastern,Rest Middle Eastern,Asian,416.8936,2225.0167,48.4620,49.3378,Middle Eastern
60160,Middle Eastern,Rest Middle Eastern,Asian,9.7707,75.9750,2.5879,3.8331,Middle Eastern
60161,Middle Eastern,Rest Middle Eastern,Asian,54.2901,232.7655,8.4770,2.0408,Middle Eastern
60162,Middle Eastern,Rest Middle Eastern,Asian,389.2981,3522.8667,70.7892,191.7899,Middle Eastern
60163,Middle Eastern,Rest Middle Eastern,Asian,174.4010,3713.2600,53.5730,325.8150,Middle Eastern
60164,Middle Eastern,Rest Middle Eastern,Asian,7.8570,171.0000,5.3430,14.4000,Middle Eastern
60165,Middle Eastern,Rest Middle Eastern,Asian,8.2170,242.5000,11.6230,19.1550,Middle Eastern
60166,Middle Eastern,Rest Middle Eastern,Asian,4.5908,18.3540,0.0000,0.0000,Middle Eastern
60167,Middle Eastern,Rest Middle Eastern,Asian,3.8392,1452.7270,1.3183,162.1977,Middle Eastern
60168,Middle Eastern,Rest Middle Eastern,Asian,327.7957,2032.2005,106.4987,39.9610,Middle Eastern
60169,Middle Eastern,Rest Middle Eastern,Asian,149.4161,854.7070,50.2744,10.2546,Middle Eastern
60170,Middle Eastern,Rest Middle Eastern,Asian,8.8362,112.0300,5.7736,5.9879,Middle Eastern
60171,Middle Eastern,Rest Middle Eastern,Asian,109.8216,502.7080,23.1864,3.4346,Middle Eastern
60172,Middle Eastern,Rest Middle Eastern,Asian,4.1187,35.5489,1.8255,1.5436,Middle Eastern
60173,Middle Eastern,Rest Middle Eastern,Asian,45.2118,440.9208,10.2259,27.7288,Middle Eastern
60174,Middle Eastern,Rest Middle Eastern,Asian,29.7805,134.0032,5.5993,1.1127,Middle Eastern
60175,Middle Eastern,Rest Middle Eastern,Asian,548.7518,7522.4557,89.2424,565.8555,Middle Eastern
60176,Middle Eastern,Rest Middle Eastern,Asian,23.1301,634.1626,92.4493,17.0653,Middle Eastern
60177,Middle Eastern,Rest Middle Eastern,Asian,269.8839,1939.0283,91.5388,60.0215,Middle Eastern
60178,Middle Eastern,Rest Middle Eastern,Asian,684.9939,5351.3740,121.1024,245.2467,Middle Eastern
60179,Middle Eastern,Rest Middle Eastern,Asian,23.3325,106.3490,5.4032,1.0317,Middle Eastern
60180,Middle Eastern,Rest Middle Eastern,Asian,0.5972,533.3872,104.6920,12.3059,Middle Eastern
60181,Middle Eastern,Rest Middle Eastern,Asian,637.8893,4002.0470,73.7643,173.9791,Middle Eastern
60182,Middle Eastern,Rest Middle Eastern,Asian,35.9200,1378.3210,94.9961,92.9344,Middle Eastern
60183,Middle Eastern,Rest Middle Eastern,Asian,22.6948,1312.7286,34.7502,120.7878,Middle Eastern
60184,Middle Eastern,Rest Middle Eastern,Asian,11.5338,566.9459,17.3064,51.4517,Middle Eastern
60185,Middle Eastern,Rest Middle Eastern,Asian,404.1265,1616.6908,0.2066,0.1619,Middle Eastern
60186,Middle Eastern,Rest Middle Eastern,Asian,38.3220,149.1208,0.0486,0.4356,Middle Eastern
60187,Middle Eastern,Rest Middle Eastern,Asian,83.5563,2302.4607,26.6590,220.2660,Middle Eastern
60188,Middle Eastern,Rest Middle Eastern,Asian,0.0000,151.3000,33.6600,0.8500,Middle Eastern
60189,Middle Eastern,Rest Middle Eastern,Asian,25.9620,485.1070,16.6787,39.0569,Middle Eastern
60190,Middle Eastern,Rest Middle Eastern,Asian,266.9834,1074.9000,0.7470,1.4442,Middle Eastern
60191,Middle Eastern,Rest Middle Eastern,Asian,225.1290,1481.0625,80.2855,32.3902,Middle Eastern
60192,Middle Eastern,Rest Middle Eastern,Asian,163.6215,1017.2500,23.8765,30.0210,Middle Eastern
60193,Middle Eastern,Rest Middle Eastern,Asian,208.1431,2412.0840,19.2783,167.2233,Middle Eastern
60194,Middle Eastern,Rest Middle Eastern,Asian,121.2692,1327.4615,66.2837,66.2655,Middle Eastern
60195,Middle Eastern,Rest Middle Eastern,Asian,20764.5198,125030.5960,6802.4854,2007.3120,Middle Eastern
60196,Middle Eastern,Rest Middle Eastern,Asian,658.4284,3866.9601,93.6132,110.1169,Middle Eastern
60197,Middle Eastern,Rest Middle Eastern,Asian,25.1870,108.5800,2.6700,0.5340,Middle Eastern
60198,Middle Eastern,Rest Middle Eastern,Asian,60.2900,557.0000,39.1825,20.6880,Middle Eastern
60199,Middle Eastern,Rest Middle Eastern,Asian,39.7687,1504.2085,83.7633,112.3932,Middle Eastern
60200,Middle Eastern,Rest Middle Eastern,Asian,640.6983,3472.2050,8.6168,112.9864,Middle Eastern
60201,Middle Eastern,Rest Middle Eastern,Asian,5.0574,143.0529,1.1694,13.8818,Middle Eastern
60202,Middle Eastern,Rest Middle Eastern,Asian,,,,,Middle Eastern
60203,Middle Eastern,Rest Middle Eastern,Asian,40.0632,1017.1105,64.6102,68.7365,Middle Eastern
60204,Middle Eastern,Rest Middle Eastern,Asian,245.0631,1334.2357,63.4406,15.9717,Middle Eastern
60205,Middle Eastern,Rest Middle Eastern,Asian,420.8343,3162.6581,205.4197,76.4698,Middle Eastern
60206,Middle Eastern,Rest Middle Eastern,Asian,1110.4225,4470.3300,0.0078,0.0078,Middle Eastern
60207,Middle Eastern,Rest Middle Eastern,Asian,18.4596,294.9198,22.7716,15.1586,Middle Eastern
60208,Middle Eastern,Rest Middle Eastern,Asian,19.2712,153.3800,8.8032,4.9750,Middle Eastern
60209,Middle Eastern,Rest Middle Eastern,Asian,9589.0289,40032.8420,660.6807,283.6409,Middle Eastern
60210,Middle Eastern,Rest Middle Eastern,Asian,129.0060,1934.9466,43.7465,150.5580,Middle Eastern
60211,Middle Eastern,Rest Middle Eastern,Asian,19.0020,357.2280,11.4181,28.9154,Middle Eastern
60212,Middle Eastern,Rest Middle Eastern,Asian,263.3673,1735.1835,88.9638,42.5834,Middle Eastern
60213,Middle Eastern,Rest Middle Eastern,Asian,53.4417,2774.6290,26.3511,278.7589,Middle Eastern
60214,Middle Eastern,Rest Middle Eastern,Asian,195.4162,1409.5726,30.9551,66.1645,Middle Eastern
60215,Middle Eastern,Rest Middle Eastern,Asian,11.2233,569.0960,16.6845,52.4245,Middle Eastern
60216,Middle Eastern,Rest Middle Eastern,Asian,1.0523,8170.2457,1124.3201,372.9033,Middle Eastern
60217,Middle Eastern,Rest Middle Eastern,Asian,35.5004,159.7025,6.0859,1.0124,Middle Eastern
60218,Middle Eastern,Rest Middle Eastern,Asian,16.5293,347.0558,10.8908,29.0460,Middle Eastern
60219,Middle Eastern,Rest Middle Eastern,Asian,2.5609,1456.3745,0.4552,162.5381,Middle Eastern
60220,Middle Eastern,Rest Middle Eastern,Asian,7.6699,40.1280,3.0005,0.6658,Middle Eastern
60221,Middle Eastern,Rest Middle Eastern,Asian,77.6899,5051.0567,124.3490,495.7002,Middle Eastern
60222,Middle Eastern,Rest Middle Eastern,Asian,262.0901,1331.9140,27.7535,16.4422,Middle Eastern
60223,Middle Eastern,Rest Middle Eastern,Asian,155.9461,743.1448,24.4714,2.4043,Middle Eastern
60224,Middle Eastern,Rest Middle Eastern,Asian,235.7818,954.2500,1.7075,3.0348,Middle Eastern
60225,Middle Eastern,Rest Middle Eastern,Asian,2.7309,11.8425,0.3109,0.1525,Middle Eastern
60226,Middle Eastern,Rest Middle Eastern,Asian,317.4491,2029.0370,41.5593,68.7217,Middle Eastern
60227,Middle Eastern,Rest Middle Eastern,Asian,144.4477,808.5000,27.9561,17.3715,Middle Eastern
60228,Middle Eastern,Rest Middle Eastern,Asian,14.9440,753.3400,113.6600,23.8100,Middle Eastern
60229,Middle Eastern,Rest Middle Eastern,Asian,2894.9015,12861.0500,314.2297,109.1732,Middle Eastern
60230,Middle Eastern,Rest Middle Eastern,Asian,0.0000,0.0000,0.0000,0.0000,Middle Eastern
60231,Middle Eastern,Rest Middle Eastern,Asian,19.0920,190.9200,3.5260,11.1800,Middle Eastern
60232,Middle Eastern,Rest Middle Eastern,Asian,229.0469,1849.3958,83.5826,76.2613,Middle Eastern
60233,Middle Eastern,Rest Middle Eastern,Asian,11.8966,178.4925,3.5558,14.4214,Middle Eastern
60234,Middle Eastern,Rest Middle Eastern,Asian,0.0000,1119.5076,89.7602,83.2667,Middle Eastern
60235,Middle Eastern,Rest Middle Eastern,Asian,266.5802,4834.9457,39.0234,407.1790,Middle Eastern
60236,Middle Eastern,Rest Middle Eastern,Asian,58.0823,542.5100,15.5612,29.4336,Middle Eastern
60237,Middle Eastern,Rest Middle Eastern,Asian,22.8165,384.2923,35.1303,17.5136,Middle Eastern
60238,Middle Eastern,Rest Middle Eastern,Asian,14.0833,48.6675,1.0183,0.6880,Middle Eastern
60239,Middle Eastern,Rest Middle Eastern,Asian,39.8236,246.5080,9.4002,5.3859,Middle Eastern
60240,Middle Eastern,Rest Middle Eastern,Asian,68.4719,2217.2722,136.3593,157.1285,Middle Eastern
60241,Middle Eastern,Rest Middle Eastern,Asian,63.1390,629.1950,43.6800,22.7500,Middle Eastern
60242,Middle Eastern,Rest Middle Eastern,Asian,144.6916,2015.7513,23.5821,166.5772,Middle Eastern
60243,Middle Eastern,Rest Middle Eastern,Asian,17.3931,125.0850,6.1751,4.8726,Middle Eastern
60244,Middle Eastern,Rest Middle Eastern,Asian,3.6230,17.0675,0.6506,0.3761,Middle Eastern
60245,Middle Eastern,Rest Middle Eastern,Asian,0.1980,1938.7025,0.0452,218.0052,Middle Eastern
60246,Middle Eastern,Rest Middle Eastern,Asian,56.6219,292.3782,5.4576,7.3205,Middle Eastern
60247,Middle Eastern,Rest Middle Eastern,Asian,55.1748,1620.3932,284.0427,25.7823,Middle Eastern
60248,Middle Eastern,Rest Middle Eastern,Asian,4.9203,89.9700,2.8623,7.2150,Middle Eastern
60249,Middle Eastern,Rest Middle Eastern,Asian,13.7581,178.1791,9.7454,9.5176,Middle Eastern
60250,Middle Eastern,Rest Middle Eastern,Asian,212.1980,4096.0557,213.6569,270.7859,Middle Eastern
60251,Middle Eastern,Rest Middle Eastern,Asian,182.5595,1118.1920,63.2032,17.9090,Middle Eastern
60252,Middle Eastern,Rest Middle Eastern,Asian,17.0596,86.9250,4.1871,3.7739,Middle Eastern
60253,Middle Eastern,Rest Middle Eastern,Asian,0.1297,1.0571,0.0219,0.0699,Middle Eastern
60254,Middle Eastern,Rest Middle Eastern,Asian,0.0000,0.0000,0.0000,0.0000,Middle Eastern
60255,Middle Eastern,Rest Middle Eastern,Asian,384.5320,2464.5900,42.6078,86.3175,Middle Eastern
60256,Middle Eastern,Rest Middle Eastern,Asian,118.0044,2470.2525,10.7171,220.5751,Middle Eastern
60257,Middle Eastern,Rest Middle Eastern,Asian,17.9044,87.1701,5.2381,1.1463,Middle Eastern
60258,Middle Eastern,Rest Middle Eastern,Asian,189.2562,3106.4757,103.4279,219.1941,Middle Eastern
60259,Middle Eastern,Rest Middle Eastern,Asian,396.0909,3211.9110,134.2699,121.4624,Middle Eastern
60260,Middle Eastern,Rest Middle Eastern,Asian,22.5948,340.7940,4.5403,27.5682,Middle Eastern
60261,Middle Eastern,Rest Middle Eastern,Asian,91.0421,852.5033,15.5512,54.1602,Middle Eastern
60262,Middle Eastern,Rest Middle Eastern,Asian,222.4555,1288.3058,66.1101,20.2283,Middle Eastern
60263,Middle Eastern,Rest Middle Eastern,Asian,245.2555,984.6633,2.8255,0.9718,Middle Eastern
60264,Middle Eastern,Rest Middle Eastern,Asian,538.2642,3872.5140,40.9040,171.2744,Middle Eastern
60265,Middle Eastern,Rest Middle Eastern,Asian,70.4764,535.7023,6.8254,28.9690,Middle Eastern
60266,Middle Eastern,Rest Middle Eastern,Asian,14.0995,62.8099,2.8343,0.5787,Middle Eastern
60267,Middle Eastern,Rest Middle Eastern,Asian,262.4370,1321.6500,32.0199,19.0799,Middle Eastern
60268,Middle Eastern,Rest Middle Eastern,Asian,105.9436,435.3291,3.7308,0.8278,Middle Eastern
60269,Middle Eastern,Rest Middle Eastern,Asian,68.3605,5245.2560,43.2455,552.2920,Middle Eastern
60270,Middle Eastern,Rest Middle Eastern,Asian,16.8394,129.4070,3.9678,5.4788,Middle Eastern
60271,Middle Eastern,Rest Middle Eastern,Asian,266.8993,2195.3988,42.9591,116.8877,Middle Eastern
60272,Middle Eastern,Rest Middle Eastern,Asian,56145.9550,233695.5000,1193.9650,294.7150,Middle Eastern
60273,Middle Eastern,Rest Middle Eastern,Asian,18.7673,305.2344,12.8578,19.6766,Middle Eastern
60274,Middle Eastern,Rest Middle Eastern,Asian,2891.9756,2076455.8970,34718.1590,214789.5950,Middle Eastern
60275,Middle Eastern,Rest Middle Eastern,Asian,2.4979,1078.0004,25.7828,108.1186,Middle Eastern
60276,Middle Eastern,Rest Middle Eastern,Asian,20.9520,456.0000,14.2480,38.4000,Middle Eastern
60277,Middle Eastern,Rest Middle Eastern,Asian,9.4100,91.9535,6.2975,3.1470,Middle Eastern
60278,Middle Eastern,Rest Middle Eastern,Asian,178.9082,973.3255,70.0450,1.2538,Middle Eastern
60279,Middle Eastern,Rest Middle Eastern,Asian,64.6947,2881.2685,167.1719,224.6007,Middle Eastern
60280,Middle Eastern,Rest Middle Eastern,Asian,282.1250,2321.4600,27.8980,120.8400,Middle Eastern
60281,Middle Eastern,Rest Middle Eastern,Asian,7.3697,682.7970,22.6330,63.9389,Middle Eastern
60282,Middle Eastern,Rest Middle Eastern,Asian,113.2576,653.7012,33.9024,10.2533,Middle Eastern
60283,Middle Eastern,Rest Middle Eastern,Asian,48.5934,757.4100,24.9444,57.9450,Middle Eastern
60284,Middle Eastern,Rest Middle Eastern,Asian,51.4864,23754.2225,349.5268,2475.1954,Middle Eastern
60285,Middle Eastern,Rest Middle Eastern,Asian,228.6057,1847.9916,83.5766,75.9486,Middle Eastern
60286,Middle Eastern,Rest Middle Eastern,Asian,120.5257,541.8443,19.4625,2.3932,Middle Eastern
60287,Middle Eastern,Rest Middle Eastern,Asian,8.8290,454.2750,9.2407,46.1498,Middle Eastern
60288,Middle Eastern,Rest Middle Eastern,Asian,10.4164,93.7966,4.3085,3.9999,Middle Eastern
60289,Middle Eastern,Rest Middle Eastern,Asian,17.1207,439.9978,14.9153,38.0910,Middle Eastern
60290,Middle Eastern,Rest Middle Eastern,Asian,1123.5352,5289.7033,226.9739,57.4563,Middle Eastern
60291,Middle Eastern,Rest Middle Eastern,Asian,119.4607,4602.2210,410.3702,272.9356,Middle Eastern
60292,Middle Eastern,Rest Middle Eastern,Asian,128.5642,1735.1020,30.8390,127.4630,Middle Eastern
60293,Middle Eastern,Rest Middle Eastern,Asian,30.5854,1785.8300,54.6653,163.0136,Middle Eastern
60294,Middle Eastern,Rest Middle Eastern,Asian,363.6913,2030.3568,50.9307,41.7082,Middle Eastern
60295,Middle Eastern,Rest Middle Eastern,Asian,78.5998,1267.3895,4.3045,109.7474,Middle Eastern
60296,Middle Eastern,Rest Middle Eastern,Asian,55.6794,721.9860,5.6052,57.2610,Middle Eastern
60297,Middle Eastern,Rest Middle Eastern,Asian,6395.0005,34498.5607,978.6617,806.1777,Middle Eastern
60298,Middle Eastern,Rest Middle Eastern,Asian,0.1370,17.0000,0.1420,1.8040,Middle Eastern
60299,Middle Eastern,Rest Middle Eastern,Asian,132.4130,967.7252,20.9141,45.7911,Middle Eastern
60300,Middle Eastern,Rest Middle Eastern,Asian,19.4403,328.8319,1.6246,27.6705,Middle Eastern
60301,Middle Eastern,Rest Middle Eastern,Asian,33.2078,184.8120,6.8455,5.2306,Middle Eastern
60302,Middle Eastern,Rest Middle Eastern,Asian,9.6717,668.9058,5.8092,69.9587,Middle Eastern
60303,Middle Eastern,Rest Middle Eastern,Asian,2.8542,874.8825,2.9838,94.7906,Middle Eastern
60304,Middle Eastern,Rest Middle Eastern,Asian,531.9023,4349.9129,261.5372,143.1851,Middle Eastern
60305,Middle Eastern,Rest Middle Eastern,Asian,412.3928,3567.8417,6.3256,215.3271,Middle Eastern
60306,Middle Eastern,Rest Middle Eastern,Asian,2797.5279,114989.2400,1474.2858,11160.9346,Middle Eastern
60307,Middle Eastern,Rest Middle Eastern,Asian,99.0141,1265.4450,65.7388,67.8116,Middle Eastern
60308,Middle Eastern,Rest Middle Eastern,Asian,,,,,Middle Eastern
60309,Middle Eastern,Rest Middle Eastern,Asian,203.8540,1216.8160,26.3333,40.1137,Middle Eastern
60310,Middle Eastern,Rest Middle Eastern,Asian,14490.7032,84407.3442,5737.8607,1251.2610,Middle Eastern
60311,Middle Eastern,Rest Middle Eastern,Asian,275.9528,1842.4700,93.0338,47.7478,Middle Eastern
60312,Middle Eastern,Rest Middle Eastern,Asian,44.0243,431.1230,9.9545,28.2598,Middle Eastern
60313,Middle Eastern,Rest Middle Eastern,Asian,708.8490,3023.9389,24.6108,38.7506,Middle Eastern
60314,Middle Eastern,Rest Middle Eastern,Asian,316.7947,2288.9132,33.6939,111.7706,Middle Eastern
60315,Middle Eastern,Rest Middle Eastern,Asian,239.2734,2171.2930,42.3113,118.7406,Middle Eastern
60316,Middle Eastern,Rest Middle Eastern,Asian,301.9755,3029.9450,114.4187,165.1009,Middle Eastern
60317,Middle Eastern,Rest Middle Eastern,Asian,42.9152,704.7067,42.4582,41.2133,Middle Eastern
60318,Middle Eastern,Rest Middle Eastern,Asian,43.8190,315.9940,10.8653,15.1733,Middle Eastern
60319,Middle Eastern,Rest Middle Eastern,Asian,89.5457,1807.8428,36.5357,151.6235,Middle Eastern
60320,Middle Eastern,Rest Middle Eastern,Asian,0.0000,0.0000,0.0000,0.0000,Middle Eastern
60321,Middle Eastern,Rest Middle Eastern,Asian,393.1290,2460.3226,126.5491,50.7433,Middle Eastern
60322,Middle Eastern,Rest Middle Eastern,Asian,39.0048,811.9200,6.5688,72.6936,Middle Eastern
60323,Middle Eastern,Rest Middle Eastern,Asian,328.8000,40800.0000,340.8000,4329.6000,Middle Eastern
60324,Middle Eastern,Rest Middle Eastern,Asian,,,,,Middle Eastern
60325,Middle Eastern,Rest Middle Eastern,Asian,444.7927,2910.1825,101.4797,84.6798,Middle Eastern
60326,Middle Eastern,Rest Middle Eastern,Asian,326.0272,1810.1655,56.2062,31.1987,Middle Eastern
60327,Middle Eastern,Rest Middle Eastern,Asian,169.6101,1000.9373,27.0204,29.9056,Middle Eastern
60328,Middle Eastern,Rest Middle Eastern,Asian,286.9277,2091.7778,33.8736,87.3253,Middle Eastern
60329,Middle Eastern,Rest Middle Eastern,Asian,383.3402,2683.4636,211.2810,30.0282,Middle Eastern
60330,Middle Eastern,Rest Middle Eastern,Asian,18.3091,1992.9697,85.0232,175.4312,Middle Eastern
60331,Middle Eastern,Rest Middle Eastern,Asian,28.0686,1086.3104,10.8698,108.8519,Middle Eastern
60332,Middle Eastern,Rest Middle Eastern,Asian,213.6041,1890.9016,77.6868,88.4935,Middle Eastern
60333,Middle Eastern,Rest Middle Eastern,Asian,734.0802,3582.8240,30.0812,67.3634,Middle Eastern
60334,Middle Eastern,Rest Middle Eastern,Asian,388.6489,3424.6570,16.3436,221.8912,Middle Eastern
60335,Middle Eastern,Rest Middle Eastern,Asian,372.9098,2090.2486,61.5472,35.7282,Middle Eastern
60336,Middle Eastern,Rest Middle Eastern,Asian,62.7256,1077.9367,61.9162,67.4280,Middle Eastern
60337,Middle Eastern,Rest Middle Eastern,Asian,85057.0909,512267.7625,27690.1836,8330.5977,Middle Eastern
60338,Middle Eastern,Rest Middle Eastern,Asian,420.2855,3273.4747,39.6766,160.0540,Middle Eastern
60339,Middle Eastern,Rest Middle Eastern,Asian,0.0000,89.0000,19.8000,0.5000,Middle Eastern
60340,Middle Eastern,Rest Middle Eastern,Asian,167.0497,998.2753,32.5516,32.2034,Middle Eastern
60341,Middle Eastern,Rest Middle Eastern,Asian,0.2058,151.9404,33.6843,0.8566,Middle Eastern
60342,Middle Eastern,Rest Middle Eastern,Asian,5.4514,1194.8768,89.5314,87.8343,Middle Eastern
60343,Middle Eastern,Rest Middle Eastern,Asian,275.3736,3932.3797,35.8875,314.9975,Middle Eastern
60344,Middle Eastern,Rest Middle Eastern,Asian,93.3056,1190.7200,61.4880,63.8304,Middle Eastern
60345,Middle Eastern,Rest Middle Eastern,Asian,42.1263,312.2790,9.7451,12.3818,Middle Eastern
60346,Middle Eastern,Rest Middle Eastern,Asian,222.5875,1328.7600,28.9598,37.6556,Middle Eastern
60347,Middle Eastern,Rest Middle Eastern,Asian,85.8165,914.1233,113.4470,11.4691,Middle Eastern
60348,Middle Eastern,Rest Middle Eastern,Asian,13.0484,417.6912,18.8975,35.9558,Middle Eastern
60349,Middle Eastern,Rest Middle Eastern,Asian,509.5042,3733.8800,116.4952,142.4820,Middle Eastern
60350,Middle Eastern,Rest Middle Eastern,Asian,71.2285,798.0700,33.2667,44.1631,Middle Eastern
60351,Middle Eastern,Rest Middle Eastern,Asian,3061.0543,67176.5160,2103.3341,5662.2528,Middle Eastern
60352,Middle Eastern,Rest Middle Eastern,Asian,31.4280,684.0000,21.3720,57.6000,Middle Eastern
60353,Middle Eastern,Rest Middle Eastern,Asian,24.6528,345.1700,2.6460,28.0833,Middle Eastern
60354,Middle Eastern,Rest Middle Eastern,Asian,68.4794,408.8225,8.7066,13.4496,Middle Eastern
60355,Middle Eastern,Rest Middle Eastern,Asian,17.3057,455.6267,14.8470,37.4038,Middle Eastern
60356,Middle Eastern,Rest Middle Eastern,Asian,222.1171,1681.8233,80.0290,61.3841,Middle Eastern
60357,Middle Eastern,Rest Middle Eastern,Asian,1163.9708,13510.5940,397.5805,878.2950,Middle Eastern
60358,Middle Eastern,Rest Middle Eastern,Asian,233.2338,1587.7186,24.7850,63.9028,Middle Eastern
60359,Middle Eastern,Rest Middle Eastern,Asian,69.3509,1235.6830,21.9032,99.3951,Middle Eastern
60360,Middle Eastern,Rest Middle Eastern,Asian,964.5512,3824.7700,5.3268,1.0708,Middle Eastern
60361,Middle Eastern,Rest Middle Eastern,Asian,7.8570,171.0000,5.3430,14.4000,Middle Eastern
60362,Middle Eastern,Rest Middle Eastern,Asian,42.9093,181.8840,1.8098,1.7117,Middle Eastern
60363,Middle Eastern,Rest Middle Eastern,Asian,28.7672,129.6306,5.5225,1.2216,Middle Eastern
60364,Middle Eastern,Rest Middle Eastern,Asian,205.2929,1477.9950,72.1625,46.9374,Middle Eastern
60365,Middle Eastern,Rest Middle Eastern,Asian,355.3557,2664.8970,129.2738,83.7411,Middle Eastern
60366,Middle Eastern,Rest Middle Eastern,Asian,323.2712,1691.9920,38.1700,29.6827,Middle Eastern
60367,Middle Eastern,Rest Middle Eastern,Asian,0.0000,1909.4400,0.0000,216.0000,Middle Eastern
60368,Middle Eastern,Rest Middle Eastern,Asian,101.7946,1417.3515,16.0329,111.8112,Middle Eastern
60369,Middle Eastern,Rest Middle Eastern,Asian,7.7277,424.0025,3.4838,43.7952,Middle Eastern
60370,Middle Eastern,Rest Middle Eastern,Asian,166.4509,2744.2080,27.6533,225.8563,Middle Eastern
60371,Middle Eastern,Rest Middle Eastern,Asian,34.9963,1598.6997,16.9384,159.1652,Middle Eastern
60372,Middle Eastern,Rest Middle Eastern,Asian,31.8544,140.9875,5.9741,1.8913,Middle Eastern
60373,Middle Eastern,Rest Middle Eastern,Asian,213.1331,1690.7908,74.6438,68.0991,Middle Eastern
60374,Middle Eastern,Rest Middle Eastern,Asian,10.5969,58.5760,2.3168,2.1134,Middle Eastern
60375,Middle Eastern,Rest Middle Eastern,Asian,243.2990,1617.7033,69.2469,47.2742,Middle Eastern
60376,Middle Eastern,Rest Middle Eastern,Asian,343.8756,2174.7654,111.0745,46.3614,Middle Eastern
60377,Middle Eastern,Rest Middle Eastern,Asian,57.0418,1068.5653,33.9021,86.9244,Middle Eastern
60378,Middle Eastern,Rest Middle Eastern,Asian,29.8401,216.3850,7.5845,8.7586,Middle Eastern
60379,Middle Eastern,Rest Middle Eastern,Asian,71.9127,2867.8287,170.4715,210.1580,Middle Eastern
60380,Middle Eastern,Rest Middle Eastern,Asian,67.1987,268.6600,0.0000,0.0000,Middle Eastern
60381,Middle Eastern,Rest Middle Eastern,Asian,0.1021,1948.8550,0.0334,218.0049,Middle Eastern
60382,Middle Eastern,Rest Middle Eastern,Asian,85.1442,494.2049,19.8151,15.4440,Middle Eastern
60383,Middle Eastern,Rest Middle Eastern,Asian,338.1875,2395.6732,96.8618,76.4749,Middle Eastern
60384,Middle Eastern,Rest Middle Eastern,Asian,210.2259,1391.1233,64.9703,37.0797,Middle Eastern
60385,Middle Eastern,Rest Middle Eastern,Asian,15.5112,72.0043,3.7303,0.8248,Middle Eastern
60386,Middle Eastern,Rest Middle Eastern,Asian,383.4918,1807.9200,32.5014,11.3928,Middle Eastern
60387,Middle Eastern,Rest Middle Eastern,Asian,10.2279,50.6417,0.1669,1.2093,Middle Eastern
60388,Middle Eastern,Rest Middle Eastern,Asian,33.8836,3526.0827,376.9650,211.6843,Middle Eastern
60389,Middle Eastern,Rest Middle Eastern,Asian,301.6780,2159.9250,53.9415,96.9902,Middle Eastern
60390,Middle Eastern,Rest Middle Eastern,Asian,28.6688,454.8883,25.9047,27.0288,Middle Eastern
60391,Middle Eastern,Rest Middle Eastern,Asian,192.3769,1267.6598,61.7264,32.0545,Middle Eastern
60392,Middle Eastern,Rest Middle Eastern,Asian,29.8489,728.4949,15.6141,65.8101,Middle Eastern
60393,Middle Eastern,Rest Middle Eastern,Asian,27.4035,2552.2430,96.4492,229.7414,Middle Eastern
60394,Middle Eastern,Rest Middle Eastern,Asian,345.7501,3096.8100,73.9489,156.8928,Middle Eastern
60395,Middle Eastern,Rest Middle Eastern,Asian,225.1810,1702.1767,41.6646,78.4302,Middle Eastern
60396,Middle Eastern,Rest Middle Eastern,Asian,197.9372,1170.1413,61.3793,18.1109,Middle Eastern
60397,Middle Eastern,Rest Middle Eastern,Asian,37.5700,189.1940,12.1091,3.1016,Middle Eastern
60398,Middle Eastern,Rest Middle Eastern,Asian,16.2585,351.5857,26.5373,19.2489,Middle Eastern
60399,Middle Eastern,Rest Middle Eastern,Asian,7.1870,280.0473,5.2446,26.7491,Middle Eastern
60400,Middle Eastern,Rest Middle Eastern,Asian,22.0365,365.0981,11.3264,29.0042,Middle Eastern
60401,Middle Eastern,Rest Middle Eastern,Asian,73.2734,1410.5944,44.2688,115.8943,Middle Eastern
60402,Middle Eastern,Rest Middle Eastern,Asian,17.7539,312.4272,2.2323,27.7968,Middle Eastern
60403,Middle Eastern,Rest Middle Eastern,Asian,14.4745,400.3215,1.9445,38.5841,Middle Eastern
60404,Middle Eastern,Rest Middle Eastern,Asian,9.9003,56.3078,5.1888,1.0948,Middle Eastern
60405,Middle Eastern,Rest Middle Eastern,Asian,1.0800,214.5000,18.8400,14.2650,Middle Eastern
60406,Middle Eastern,Rest Middle Eastern,Asian,31.4527,178.5600,5.4398,3.6232,Middle Eastern
60407,Middle Eastern,Rest Middle Eastern,Asian,2927.1052,37728.3800,2151.6582,1994.0050,Middle Eastern
60408,Middle Eastern,Rest Middle Eastern,Asian,6.8806,28.7700,0.6268,1.3650,Middle Eastern
60409,Middle Eastern,Rest Middle Eastern,Asian,44.6945,3113.1679,211.5149,230.0919,Middle Eastern
60410,Middle Eastern,Rest Middle Eastern,Asian,0.0000,0.0000,0.0000,0.0000,Middle Eastern
60411,Middle Eastern,Rest Middle Eastern,Asian,30.0003,824.2723,22.0586,71.1034,Middle Eastern
60412,Middle Eastern,Rest Middle Eastern,Asian,13.6563,264.1700,4.8268,22.4575,Middle Eastern
60413,Middle Eastern,Rest Middle Eastern,Asian,206.7337,1412.2933,69.9889,39.8873,Middle Eastern
60414,Middle Eastern,Rest Middle Eastern,Asian,401.2031,2639.7581,134.2583,65.7467,Middle Eastern
60415,Middle Eastern,Rest Middle Eastern,Asian,4.2608,18.4700,0.5758,0.0500,Middle Eastern
60416,Middle Eastern,Rest Middle Eastern,Asian,156.7816,1525.9093,27.9169,88.4183,Middle Eastern
60417,Middle Eastern,Rest Middle Eastern,Asian,252.6782,1387.4300,23.6798,29.6192,Middle Eastern
60418,Middle Eastern,Rest Middle Eastern,Asian,7.9800,396.0000,4.3560,41.6160,Middle Eastern
60419,Middle Eastern,Rest Middle Eastern,Asian,14.6178,607.1000,9.6472,58.9178,Middle Eastern
60420,Middle Eastern,Rest Middle Eastern,Asian,190.7708,1145.3131,61.8906,18.6283,Middle Eastern
60421,Middle Eastern,Rest Middle Eastern,Asian,222.4635,1827.4601,83.1668,75.9768,Middle Eastern
60422,Middle Eastern,Rest Middle Eastern,Asian,47.1103,685.8168,10.8845,55.4364,Middle Eastern
60423,Middle Eastern,Rest Middle Eastern,Asian,32.8020,886.2883,1.3984,86.3565,Middle Eastern
60424,Middle Eastern,Rest Middle Eastern,Asian,72.6901,502.9993,18.5958,21.0373,Middle Eastern
60425,Middle Eastern,Rest Middle Eastern,Asian,8.4255,434.8283,16.6383,37.7871,Middle Eastern
60426,Middle Eastern,Rest Middle Eastern,Asian,224.0162,1553.7685,36.8344,60.0560,Middle Eastern
60427,Middle Eastern,Rest Middle Eastern,Asian,336.6258,1711.2950,27.0258,27.9498,Middle Eastern
60428,Middle Eastern,Rest Middle Eastern,Asian,7585.2745,164298.1375,5131.6020,13825.6978,Middle Eastern
60429,Middle Eastern,Rest Middle Eastern,Asian,222051.9192,993604.0243,13507.6491,3478.7197,Middle Eastern
60430,Middle Eastern,Rest Middle Eastern,Asian,97.4497,562.6000,11.6406,19.9312,Middle Eastern
60431,Middle Eastern,Rest Middle Eastern,Asian,2.4482,132.5709,0.5044,13.8189,Middle Eastern
60432,Middle Eastern,Rest Middle Eastern,Asian,38.5181,1698.2136,29.1605,165.7846,Middle Eastern
60433,Middle Eastern,Rest Middle Eastern,Asian,9.1243,50.4672,2.2380,1.9170,Middle Eastern
60434,Middle Eastern,Rest Middle Eastern,Asian,30.1597,1040.2536,11.0394,103.1129,Middle Eastern
60435,Middle Eastern,Rest Middle Eastern,Asian,15.0867,2790.7655,175.1392,220.6838,Middle Eastern
60436,Middle Eastern,Rest Middle Eastern,Asian,2.5855,33.5740,1.1139,2.4831,Middle Eastern
60437,Middle Eastern,Rest Middle Eastern,Asian,110.4129,438.4545,22.1864,7.4756,Middle Eastern
60438,Middle Eastern,Rest Middle Eastern,Asian,115.6887,468.2650,2.0550,0.7422,Middle Eastern
60439,Middle Eastern,Rest Middle Eastern,Asian,53.6998,423.7617,10.2087,21.7573,Middle Eastern
60440,Middle Eastern,Rest Middle Eastern,Asian,753.2764,5493.7600,130.4240,235.1128,Middle Eastern
60441,Middle Eastern,Rest Middle Eastern,Asian,48.0799,614.0412,31.8067,32.9105,Middle Eastern
60442,Middle Eastern,Rest Middle Eastern,Asian,65629.4996,261374.7190,1543.3225,501.2150,Middle Eastern
60443,Middle Eastern,Rest Middle Eastern,Asian,13.9165,166.5871,6.8627,9.9786,Middle Eastern
60444,Middle Eastern,Rest Middle Eastern,Asian,10.9540,285.7613,1.3435,27.1821,Middle Eastern
60445,Middle Eastern,Rest Middle Eastern,Asian,542.4050,3252.0775,176.3070,52.5038,Middle Eastern
60446,Middle Eastern,Rest Middle Eastern,Asian,110.1986,505.7897,20.5350,3.2642,Middle Eastern
60447,Middle Eastern,Rest Middle Eastern,Asian,275.3603,1931.8483,122.3826,43.0815,Middle Eastern
60448,Middle Eastern,Rest Middle Eastern,Asian,15.7451,2393.8692,22.6672,254.7321,Middle Eastern
60449,Middle Eastern,Rest Middle Eastern,Asian,143.5867,1427.2199,171.9396,18.1443,Middle Eastern
60450,Middle Eastern,Rest Middle Eastern,Asian,110.2945,3250.5745,185.3545,229.8407,Middle Eastern
60451,Middle Eastern,Rest Middle Eastern,Asian,472.0614,2659.2300,72.9525,65.2271,Middle Eastern
60452,Middle Eastern,Rest Middle Eastern,Asian,13.2790,90.2040,3.0416,4.9825,Middle Eastern
60453,Middle Eastern,Rest Middle Eastern,Asian,45.7297,2053.1948,36.1209,199.9568,Middle Eastern
60454,Middle Eastern,Rest Middle Eastern,Asian,63.4332,494.1403,58.0149,3.2388,Middle Eastern
60455,Middle Eastern,Rest Middle Eastern,Asian,1315.5459,43336.9960,2344.6927,3268.8332,Middle Eastern
60456,Middle Eastern,Rest Middle Eastern,Asian,1817.9446,14408.5644,508.4673,679.8991,Middle Eastern
60457,Middle Eastern,Rest Middle Eastern,Asian,149.9134,931.5460,19.6128,30.3178,Middle Eastern
60458,Middle Eastern,Rest Middle Eastern,Asian,108.5794,877.1071,45.0467,26.5341,Middle Eastern
60459,Middle Eastern,Rest Middle Eastern,Asian,198.6434,1437.0000,78.9406,35.8797,Middle Eastern
60460,Middle Eastern,Rest Middle Eastern,Asian,290.9485,2607.8400,86.8530,132.1554,Middle Eastern
60461,Middle Eastern,Rest Middle Eastern,Asian,25.2988,106.1800,3.4651,0.6604,Middle Eastern
60462,Middle Eastern,Rest Middle Eastern,Asian,6943.9196,32749.5280,2176.6953,272.2804,Middle Eastern
60463,Middle Eastern,Rest Middle Eastern,Asian,196.0124,1404.7773,62.6851,45.8212,Middle Eastern
60464,Middle Eastern,Rest Middle Eastern,Asian,302.6349,3153.2500,3.5970,218.0561,Middle Eastern
60465,Middle Eastern,Rest Middle Eastern,Asian,5.5361,27.2179,1.1950,0.5039,Middle Eastern
60466,Middle Eastern,Rest Middle Eastern,Asian,94.4662,426.4100,23.9708,2.1336,Middle Eastern
60467,Middle Eastern,Rest Middle Eastern,Asian,25.1265,928.7202,7.2380,92.5009,Middle Eastern
60468,Middle Eastern,Rest Middle Eastern,Asian,103.9696,1988.6800,61.6196,160.5700,Middle Eastern
60469,Middle Eastern,Rest Middle Eastern,Asian,149.7360,580.1067,3.3839,2.0146,Middle Eastern
60470,Middle Eastern,Rest Middle Eastern,Asian,1177.1335,124986.4506,1127.7808,13162.9157,Middle Eastern
60471,Middle Eastern,Rest Middle Eastern,Asian,870.1338,4489.9640,78.9309,77.0375,Middle Eastern
60472,Middle Eastern,Rest Middle Eastern,Asian,5.1715,261.9500,1.0940,27.7141,Middle Eastern
60473,Middle Eastern,Rest Middle Eastern,Asian,270.4444,2143.5180,64.3810,106.5666,Middle Eastern
60474,Middle Eastern,Rest Middle Eastern,Asian,411.6434,2910.0791,139.7140,88.0717,Middle Eastern
60475,Middle Eastern,Rest Middle Eastern,Asian,425.3478,2710.1180,167.4466,46.8437,Middle Eastern
60476,Middle Eastern,Rest Middle Eastern,Asian,602.8510,4114.2729,207.0903,112.4061,Middle Eastern
60477,Middle Eastern,Rest Middle Eastern,Asian,26.4731,437.6807,75.8034,3.7548,Middle Eastern
60478,Middle Eastern,Rest Middle Eastern,Asian,182.5210,912.8013,13.6393,22.4995,Middle Eastern
60479,Middle Eastern,Rest Middle Eastern,Asian,8.6803,3485.1877,245.7918,270.5142,Middle Eastern
60480,Middle Eastern,Rest Middle Eastern,Asian,587.6418,3796.2189,196.3146,87.1627,Middle Eastern
60481,Middle Eastern,Rest Middle Eastern,Asian,178.3146,1204.3346,57.9008,37.8710,Middle Eastern
60482,Middle Eastern,Rest Middle Eastern,Asian,30.1336,492.7080,14.2480,38.4000,Middle Eastern
60483,Middle Eastern,Rest Middle Eastern,Asian,222.3140,1514.4697,96.1304,25.5086,Middle Eastern
60484,Middle Eastern,Rest Middle Eastern,Asian,147.2457,1279.9800,21.5295,67.8021,Middle Eastern
60485,Middle Eastern,Rest Middle Eastern,Asian,352.2342,2315.9042,8.8046,110.7564,Middle Eastern
60486,Middle Eastern,Rest Middle Eastern,Asian,479.0386,3957.0480,33.8045,229.3698,Middle Eastern
60487,Middle Eastern,Rest Middle Eastern,Asian,424.4324,1923.4240,11.1768,23.7624,Middle Eastern
60488,Middle Eastern,Rest Middle Eastern,Asian,196.1918,1112.9508,82.5844,5.8170,Middle Eastern
60489,Middle Eastern,Rest Middle Eastern,Asian,17.0696,2343.0200,18.6784,250.6268,Middle Eastern
60490,Middle Eastern,Rest Middle Eastern,Asian,324.2910,2607.7250,42.9989,124.2264,Middle Eastern
60491,Middle Eastern,Rest Middle Eastern,Asian,11.3320,59.2000,4.0040,0.9880,Middle Eastern
60492,Middle Eastern,Rest Middle Eastern,Asian,389.7083,2524.6474,130.8217,57.8351,Middle Eastern
60493,Middle Eastern,Rest Middle Eastern,Asian,556.8327,4487.6880,171.6754,180.7261,Middle Eastern
60494,Middle Eastern,Rest Middle Eastern,Asian,40.8637,233.1500,9.1041,11.0891,Middle Eastern
60495,Middle Eastern,Rest Middle Eastern,Asian,291.3697,1888.5606,95.9097,44.6351,Middle Eastern
60496,Middle Eastern,Rest Middle Eastern,Asian,211.8060,2815.4200,17.2690,219.9565,Middle Eastern
60497,Middle Eastern,Rest Middle Eastern,Asian,37.2542,715.7085,24.0706,57.9476,Middle Eastern
60498,Middle Eastern,Rest Middle Eastern,Asian,285.3795,2065.7300,92.2217,67.7532,Middle Eastern
60499,Middle Eastern,Rest Middle Eastern,Asian,97.6813,2063.4330,64.3890,172.9398,Middle Eastern
60500,Middle Eastern,Rest Middle Eastern,Asian,100.8544,632.0905,23.2165,31.0911,Middle Eastern
60501,Middle Eastern,Rest Middle Eastern,Asian,57.4160,1330.5477,9.0721,122.9218,Middle Eastern
60502,Middle Eastern,Rest Middle Eastern,Asian,66.6854,699.4420,31.7911,34.2406,Middle Eastern
60503,Middle Eastern,Rest Middle Eastern,Asian,73.0324,993.6693,9.6822,82.5467,Middle Eastern
60504,Middle Eastern,Rest Middle Eastern,Asian,8.4578,317.3098,26.0392,19.2869,Middle Eastern
60505,Middle Eastern,Rest Middle Eastern,Asian,96.0257,2266.1029,70.0667,195.5621,Middle Eastern
60506,Middle Eastern,Rest Middle Eastern,Asian,6.5835,988.8600,0.2530,109.0715,Middle Eastern
60507,Middle Eastern,Rest Middle Eastern,Asian,44.5542,3234.5628,169.1305,263.9750,Middle Eastern
60508,Middle Eastern,Rest Middle Eastern,Asian,202.4718,1410.8178,67.6852,42.3953,Middle Eastern
60509,Middle Eastern,Rest Middle Eastern,Asian,190.1551,1140.4313,61.6725,18.2489,Middle Eastern
60510,Middle Eastern,Rest Middle Eastern,Asian,1.6179,53.7038,2.8738,4.0696,Middle Eastern
60511,Middle Eastern,Rest Middle Eastern,Asian,415.2496,2332.9450,48.1485,73.9580,Middle Eastern
60512,Middle Eastern,Rest Middle Eastern,Asian,18.0000,295.0000,50.9500,1.9500,Middle Eastern
60513,Middle Eastern,Rest Middle Eastern,Asian,21.8849,2349.1481,160.8895,171.2905,Middle Eastern
60514,Middle Eastern,Rest Middle Eastern,Asian,24.1846,996.9158,11.0493,100.3230,Middle Eastern
60515,Middle Eastern,Rest Middle Eastern,Asian,90.0120,3370.3800,15.0150,334.4880,Middle Eastern
60516,Middle Eastern,Rest Middle Eastern,Asian,380.9433,2848.6972,80.1446,137.5244,Middle Eastern
60517,Middle Eastern,Rest Middle Eastern,Asian,0.0092,119.3975,0.0053,13.5013,Middle Eastern
60518,Middle Eastern,Rest Middle Eastern,Asian,48.8844,856.5700,8.7144,75.0466,Middle Eastern
60519,Middle Eastern,Rest Middle Eastern,Asian,75.7340,986.9791,16.0217,70.0371,Middle Eastern
60520,Middle Eastern,Rest Middle Eastern,Asian,101.9495,2999.8700,50.0128,270.7147,Middle Eastern
60521,Middle Eastern,Rest Middle Eastern,Asian,370.9729,1427.5325,3.5618,2.3821,Middle Eastern
60522,Middle Eastern,Rest Middle Eastern,Asian,863.7404,13366.1317,357.8214,1040.5658,Middle Eastern
60523,Middle Eastern,Rest Middle Eastern,Asian,23.4255,174.0605,7.9861,9.8385,Middle Eastern
60524,Middle Eastern,Rest Middle Eastern,Asian,131.8914,838.5906,23.4962,30.0833,Middle Eastern
60525,Middle Eastern,Rest Middle Eastern,Asian,56.3236,1182.0480,32.0580,99.9000,Middle Eastern
60526,Middle Eastern,Rest Middle Eastern,Asian,39.5316,466.9408,18.2115,31.5966,Middle Eastern
60527,Middle Eastern,Rest Middle Eastern,Asian,414.4081,2520.0186,136.0772,42.8134,Middle Eastern
60528,Middle Eastern,Rest Middle Eastern,Asian,7881.0201,44954.8360,2756.3715,389.6521,Middle Eastern
60529,Middle Eastern,Rest Middle Eastern,Asian,87.2507,1863.8752,102.0290,128.6164,Middle Eastern
60530,Middle Eastern,Rest Middle Eastern,Asian,56.0690,348.8880,15.8582,14.3934,Middle Eastern
60531,Middle Eastern,Rest Middle Eastern,Asian,124.0516,2230.7282,68.9142,179.7047,Middle Eastern
60532,Middle Eastern,Rest Middle Eastern,Asian,133.3771,39753.9844,4777.4898,2102.7129,Middle Eastern
60533,Middle Eastern,Rest Middle Eastern,Asian,236.5646,1799.7100,33.4774,79.0764,Middle Eastern
60534,Middle Eastern,Rest Middle Eastern,Asian,18.7265,749.5767,119.2230,22.1612,Middle Eastern
60535,Middle Eastern,Rest Middle Eastern,Asian,11.3699,568.7588,7.7996,55.9898,Middle Eastern
60536,Middle Eastern,Rest Middle Eastern,Asian,52.6269,711.3600,13.7772,55.5262,Middle Eastern
60537,Middle Eastern,Rest Middle Eastern,Asian,145.0760,1329.3480,29.9685,78.3690,Middle Eastern
60538,Middle Eastern,Rest Middle Eastern,Asian,36.4283,1061.1497,93.7010,58.8533,Middle Eastern
60539,Middle Eastern,Rest Middle Eastern,Asian,100805.6893,407595.1190,9.2354,513.0130,Middle Eastern
60540,Middle Eastern,Rest Middle Eastern,Asian,227.2337,1848.2245,68.8070,78.6257,Middle Eastern
60541,Middle Eastern,Rest Middle Eastern,Asian,1.2490,6.8400,0.4783,0.1447,Middle Eastern
60542,Middle Eastern,Rest Middle Eastern,Asian,262.3328,1700.3980,89.3308,38.7628,Middle Eastern
60543,Middle Eastern,Rest Middle Eastern,Asian,,,,,Middle Eastern
60544,Middle Eastern,Rest Middle Eastern,Asian,4.3279,22.1235,0.8051,1.0469,Middle Eastern
60545,Middle Eastern,Rest Middle Eastern,Asian,423.6859,4217.9765,203.8410,207.7291,Middle Eastern
60546,Middle Eastern,Rest Middle Eastern,Asian,1.9942,145.4380,12.5600,9.5100,Middle Eastern
60547,Middle Eastern,Rest Middle Eastern,Asian,2.5636,14.5879,0.8444,0.4521,Middle Eastern
60548,Middle Eastern,Rest Middle Eastern,Asian,12.1514,654.0960,2.8763,68.8118,Middle Eastern
60549,Middle Eastern,Rest Middle Eastern,Asian,589.0876,4313.6071,222.1565,138.2068,Middle Eastern
60550,Middle Eastern,Rest Middle Eastern,Asian,135.2700,551.7900,4.3400,1.2090,Middle Eastern
60551,Middle Eastern,Rest Middle Eastern,Asian,164.3662,1343.3904,43.1667,59.7936,Middle Eastern
60552,Middle Eastern,Rest Middle Eastern,Asian,3899.5200,17275.5000,949.9800,77.8100,Middle Eastern
60553,Middle Eastern,Rest Middle Eastern,Asian,367.6291,2464.3396,121.6473,66.4773,Middle Eastern
60554,Middle Eastern,Rest Middle Eastern,Asian,255.0362,2837.2814,142.0337,141.7359,Middle Eastern
60555,Middle Eastern,Rest Middle Eastern,Asian,487.7041,5464.0500,78.4529,390.7305,Middle Eastern
60556,Middle Eastern,Rest Middle Eastern,Asian,118.8583,524.7005,12.9867,1.0607,Middle Eastern
60557,Middle Eastern,Rest Middle Eastern,Asian,12.0503,832.4975,96.8382,42.3049,Middle Eastern
60558,Middle Eastern,Rest Middle Eastern,Asian,195.8213,1524.4185,61.8880,59.0556,Middle Eastern
60559,Middle Eastern,Rest Middle Eastern,Asian,13856.1319,252835.2434,7767.4715,20238.0089,Middle Eastern
60560,Middle Eastern,Rest Middle Eastern,Asian,173.2714,1363.5130,86.6257,40.7958,Middle Eastern
60561,Middle Eastern,Rest Middle Eastern,Asian,232.6262,1840.5290,87.4940,72.6917,Middle Eastern
60562,Middle Eastern,Rest Middle Eastern,Asian,50401.8800,205603.0000,50.2400,438.0400,Middle Eastern
60563,Middle Eastern,Rest Middle Eastern,Asian,198.6391,1314.5878,67.0708,32.9367,Middle Eastern
60564,Middle Eastern,Rest Middle Eastern,Asian,861.9872,5161.2044,103.7786,148.9375,Middle Eastern
60565,Middle Eastern,Rest Middle Eastern,Asian,0.0000,39.7800,0.0000,4.5000,Middle Eastern
60566,Middle Eastern,Rest Middle Eastern,Asian,28.9421,728.4400,22.3869,64.0091,Middle Eastern
60567,Middle Eastern,Rest Middle Eastern,Asian,59.5836,815.2915,30.3657,59.0653,Middle Eastern
60568,Middle Eastern,Rest Middle Eastern,Asian,120.8176,1625.0700,15.0343,132.3487,Middle Eastern
60569,Middle Eastern,Rest Middle Eastern,Asian,47.2156,605805.2768,38292.6567,48972.3937,Middle Eastern
60570,Middle Eastern,Rest Middle Eastern,Asian,258.1116,1200.9600,24.5332,4.7032,Middle Eastern
60571,Middle Eastern,Rest Middle Eastern,Asian,350.5043,2591.0223,83.3192,89.1057,Middle Eastern
60572,Middle Eastern,Rest Middle Eastern,Asian,7.2301,33.9126,0.9005,1.4858,Middle Eastern
60573,Middle Eastern,Rest Middle Eastern,Asian,1579.6601,5980.1425,50.7079,7.8592,Middle Eastern
60574,Middle Eastern,Rest Middle Eastern,Asian,385.6487,2365.7866,125.6436,43.5683,Middle Eastern
60575,Middle Eastern,Rest Middle Eastern,Asian,395.0933,2177.9660,56.4242,46.0260,Middle Eastern
60576,Middle Eastern,Rest Middle Eastern,Asian,380.4719,2522.9803,123.5535,63.9756,Middle Eastern
60577,Middle Eastern,Rest Middle Eastern,Asian,75.1307,1729.5366,10.3652,164.9676,Middle Eastern
60578,Middle Eastern,Rest Middle Eastern,Asian,188.7556,1241.7333,61.4903,30.1109,Middle Eastern
60579,Middle Eastern,Rest Middle Eastern,Asian,133.4010,1030.4390,42.1912,39.9040,Middle Eastern
60580,Middle Eastern,Rest Middle Eastern,Asian,54.2061,218.0232,2.9033,0.9739,Middle Eastern
60581,Middle Eastern,Rest Middle Eastern,Asian,10882.7330,64789.3946,679.0325,2370.9669,Middle Eastern
60582,Middle Eastern,Rest Middle Eastern,Asian,134.6089,523.9437,0.3440,0.2834,Middle Eastern
60583,Middle Eastern,Rest Middle Eastern,Asian,1.9904,13.4400,1.7344,0.2560,Middle Eastern
60584,Middle Eastern,Rest Middle Eastern,Asian,0.4116,372.5608,0.0486,42.0132,Middle Eastern
60585,Middle Eastern,Rest Middle Eastern,Asian,0.0000,0.0000,0.0000,0.0000,Middle Eastern
60586,Middle Eastern,Rest Middle Eastern,Asian,23.0565,462.7100,14.3547,38.4732,Middle Eastern
60587,Middle Eastern,Rest Middle Eastern,Asian,507.9460,2773.5250,87.3615,38.9000,Middle Eastern
60588,Middle Eastern,Rest Middle Eastern,Asian,5.9143,115.1454,4.2751,8.4878,Middle Eastern
60589,Middle Eastern,Rest Middle Eastern,Asian,8.3994,496.2270,2.3184,52.4705,Middle Eastern
60590,Middle Eastern,Rest Middle Eastern,Asian,13.6871,103.0110,8.8449,1.8519,Middle Eastern
60591,Middle Eastern,Rest Middle Eastern,Asian,16.6215,465.1900,6.8555,44.3906,Middle Eastern
60592,Middle Eastern,Rest Middle Eastern,Asian,29.9076,326.0775,7.3777,21.8828,Middle Eastern
60593,Middle Eastern,Rest Middle Eastern,Asian,182.2095,995.6504,63.0706,4.2238,Middle Eastern
60594,Middle Eastern,Rest Middle Eastern,Asian,734.8990,4697.5155,24.6199,222.5565,Middle Eastern
60595,Middle Eastern,Rest Middle Eastern,Asian,56.9429,383.7415,18.3230,10.6184,Middle Eastern
60596,Middle Eastern,Rest Middle Eastern,Asian,23.9073,1448.0205,77.2529,116.0903,Middle Eastern
60597,Middle Eastern,Rest Middle Eastern,Asian,415.1097,2530.3399,94.5834,60.4043,Middle Eastern
60598,Middle Eastern,Rest Middle Eastern,Asian,,,,,Middle Eastern
60599,Middle Eastern,Rest Middle Eastern,Asian,405.1783,3222.4497,137.4705,128.8733,Middle Eastern
60600,Middle Eastern,Rest Middle Eastern,Asian,11.5100,503.0385,47.3061,29.2861,Middle Eastern
60601,Middle Eastern,Rest Middle Eastern,Asian,10.2722,506.3900,10.0815,49.4000,Middle Eastern
60602,Middle Eastern,Rest Middle Eastern,Asian,58.5127,2680.2890,163.1583,197.7291,Middle Eastern
60603,Middle Eastern,Rest Middle Eastern,Asian,244.8308,4560.3555,225.8806,289.4537,Middle Eastern
60604,Middle Eastern,Rest Middle Eastern,Asian,420.6399,3476.3531,145.5151,149.1303,Middle Eastern
60605,Middle Eastern,Rest Middle Eastern,Asian,425.1992,4918.5056,132.3609,326.4893,Middle Eastern
60606,Middle Eastern,Rest Middle Eastern,Asian,79.1765,573.7275,20.3146,26.5857,Middle Eastern
60607,Middle Eastern,Rest Middle Eastern,Asian,9.2784,679.8000,2.9325,72.7916,Middle Eastern
60608,Middle Eastern,Rest Middle Eastern,Asian,28.0542,1079.5550,5.4337,109.7094,Middle Eastern
60609,Middle Eastern,Rest Middle Eastern,Asian,202.9589,1407.2660,70.1848,40.7340,Middle Eastern
60610,Middle Eastern,Rest Middle Eastern,Asian,196.3125,1602.5628,112.5573,44.1437,Middle Eastern
60611,Middle Eastern,Rest Middle Eastern,Asian,307.3282,1639.0467,27.8632,29.6640,Middle Eastern
60612,Middle Eastern,Rest Middle Eastern,Asian,154.6060,806.6721,30.9419,13.6403,Middle Eastern
60613,Middle Eastern,Rest Middle Eastern,Asian,2.8101,513.8840,0.5406,56.7415,Middle Eastern
60614,Middle Eastern,Rest Middle Eastern,Asian,14.1205,56.9050,1.1789,0.5627,Middle Eastern
60615,Middle Eastern,Rest Middle Eastern,Asian,161.4827,2320.6600,64.1160,172.8000,Middle Eastern
60616,Middle Eastern,Rest Middle Eastern,Asian,248.3049,1517.2330,40.2026,42.4687,Middle Eastern
60617,Middle Eastern,Rest Middle Eastern,Asian,34.1480,461.1617,35.9603,21.4235,Middle Eastern
60618,Middle Eastern,Rest Middle Eastern,Asian,514.5125,2048.5000,0.5337,0.3660,Middle Eastern
60619,Middle Eastern,Rest Middle Eastern,Asian,119.6845,890.5000,31.6412,32.4662,Middle Eastern
60620,Middle Eastern,Rest Middle Eastern,Asian,51.7788,382.3677,13.1227,18.0270,Middle Eastern
60621,Middle Eastern,Rest Middle Eastern,Asian,24.0446,336.0884,2.0929,27.3499,Middle Eastern
60622,Middle Eastern,Rest Middle Eastern,Asian,6.0357,43.0800,1.9257,2.2053,Middle Eastern
60623,Middle Eastern,Rest Middle Eastern,Asian,56.2040,795.4067,24.2564,60.8729,Middle Eastern
60624,Middle Eastern,Rest Middle Eastern,Asian,499.3996,1894.1600,18.1796,3.7452,Middle Eastern
60625,Middle Eastern,Rest Middle Eastern,Asian,9021.0007,39471.1580,1775.4408,227.1750,Middle Eastern
60626,Middle Eastern,Rest Middle Eastern,Asian,0.0776,13.0137,2.8253,0.0893,Middle Eastern
60627,Middle Eastern,Rest Middle Eastern,Asian,1797.7582,9482.9792,559.3406,71.9741,Middle Eastern
60628,Middle Eastern,Rest Middle Eastern,Asian,14.3685,1879.6643,185.7682,115.7663,Middle Eastern
60629,Middle Eastern,Rest Middle Eastern,Asian,355.9341,2741.7425,112.4921,112.6217,Middle Eastern
60630,Middle Eastern,Rest Middle Eastern,Asian,0.0000,0.0000,0.0000,0.0000,Middle Eastern
60631,Middle Eastern,Rest Middle Eastern,Asian,61.6397,1471.8348,62.9781,113.1257,Middle Eastern
60632,Middle Eastern,Rest Middle Eastern,Asian,834.7145,5955.4131,289.1152,188.2294,Middle Eastern
60633,Middle Eastern,Rest Middle Eastern,Asian,26.0091,1427.5572,50.5696,126.9668,Middle Eastern
60634,Middle Eastern,Rest Middle Eastern,Asian,447.9052,1772.2100,1.1582,0.5097,Middle Eastern
60635,Middle Eastern,Rest Middle Eastern,Asian,633.9794,3916.5300,33.6619,139.2260,Middle Eastern
60636,Middle Eastern,Rest Middle Eastern,Asian,140587.7455,643937.7908,10476.5407,2677.0752,Middle Eastern
60637,Middle Eastern,Rest Middle Eastern,Asian,17.8029,1386.8270,18.5047,146.3405,Middle Eastern
60638,Middle Eastern,Rest Middle Eastern,Asian,22.5856,584.2404,5.0626,55.6486,Middle Eastern
60639,Middle Eastern,Rest Middle Eastern,Asian,6.7048,988.4810,1.4422,109.4174,Middle Eastern
60640,Middle Eastern,Rest Middle Eastern,Asian,644.7419,3777.1275,178.3716,44.3736,Middle Eastern
60641,Middle Eastern,Rest Middle Eastern,Asian,408.9392,3587.3466,144.1306,165.8219,Middle Eastern
60642,Middle Eastern,Rest Middle Eastern,Asian,134.0163,1922.9992,216.3191,53.3489,Middle Eastern
60643,Middle Eastern,Rest Middle Eastern,Asian,189.6738,194953.4180,69.0333,21950.6599,Middle Eastern
60644,Middle Eastern,Rest Middle Eastern,Asian,70.2279,1008.8698,26.8738,74.6490,Middle Eastern
60645,Middle Eastern,Rest Middle Eastern,Asian,22.3472,100.4680,3.9273,0.7619,Middle Eastern
60646,Middle Eastern,Rest Middle Eastern,Asian,23.9432,457.1514,72.4714,6.9004,Middle Eastern
60647,Middle Eastern,Rest Middle Eastern,Asian,5416.8171,294192.2815,54915.7338,6385.2960,Middle Eastern
60648,Middle Eastern,Rest Middle Eastern,Asian,276.9398,3484.2988,367.0965,106.3306,Middle Eastern
60649,Middle Eastern,Rest Middle Eastern,Asian,221.8575,1456.9829,70.8267,37.3589,Middle Eastern
60650,Middle Eastern,Rest Middle Eastern,Asian,87.9061,598.7413,23.9497,15.9664,Middle Eastern
60651,Middle Eastern,Rest Middle Eastern,Asian,191.2704,1592.2633,61.7810,69.2142,Middle Eastern
60652,Middle Eastern,Rest Middle Eastern,Asian,85.7772,2467.9222,98.8143,199.3885,Middle Eastern
60653,Middle Eastern,Rest Middle Eastern,Asian,23.1774,368.2373,11.3269,29.0232,Middle Eastern
60654,Middle Eastern,Rest Middle Eastern,Asian,361.8736,4656.9050,108.6604,385.5341,Middle Eastern
60655,Middle Eastern,Rest Middle Eastern,Asian,189.1672,1612.0741,61.4279,72.1241,Middle Eastern
60656,Middle Eastern,Rest Middle Eastern,Asian,20.6873,95.3720,4.5192,0.9886,Middle Eastern
60657,Middle Eastern,Rest Middle Eastern,Asian,574.1018,3440.3758,186.1562,54.9329,Middle Eastern
60658,Middle Eastern,Rest Middle Eastern,Asian,27.0941,214.2173,4.0806,11.7451,Middle Eastern
60659,Middle Eastern,Rest Middle Eastern,Asian,123.7088,967.1400,27.9793,48.2641,Middle Eastern
60660,Middle Eastern,Rest Middle Eastern,Asian,1.0877,144.4432,12.6197,9.5287,Middle Eastern
60661,Middle Eastern,Rest Middle Eastern,Asian,37.3737,1631.9450,36.0641,151.7524,Middle Eastern
60662,Middle Eastern,Rest Middle Eastern,Asian,447.6182,3722.1727,121.8422,158.4271,Middle Eastern
60663,Middle Eastern,Rest Middle Eastern,Asian,6.5957,268.8575,0.7822,27.3874,Middle Eastern
60664,Middle Eastern,Rest Middle Eastern,Asian,50.7653,874.1540,21.3313,71.7656,Middle Eastern
60665,Middle Eastern,Rest Middle Eastern,Asian,157.8258,721.7040,13.6994,2.4056,Middle Eastern
60666,Middle Eastern,Rest Middle Eastern,Asian,35.7015,422.8750,24.3069,20.7486,Middle Eastern
60667,Middle Eastern,Rest Middle Eastern,Asian,97.4815,1150.7500,48.8396,66.8260,Middle Eastern
60668,Middle Eastern,Rest Middle Eastern,Asian,28.6539,1608.6478,92.4808,126.8322,Middle Eastern
60669,Middle Eastern,Rest Middle Eastern,Asian,53.5410,631.4010,5.0929,45.5143,Middle Eastern
60670,Middle Eastern,Rest Middle Eastern,Asian,86.4775,600.5250,23.8798,17.5164,Middle Eastern
60671,Middle Eastern,Rest Middle Eastern,Asian,27.6037,1472.7881,28.7618,138.1821,Middle Eastern
60672,Middle Eastern,Rest Middle Eastern,Asian,4.5893,24.4629,1.8147,0.3286,Middle Eastern
60673,Middle Eastern,Rest Middle Eastern,Asian,28.3127,331.0217,9.2252,21.9048,Middle Eastern
60674,Middle Eastern,Rest Middle Eastern,Asian,8.9754,1452.3215,144.0970,90.7153,Middle Eastern
60675,Middle Eastern,Rest Middle Eastern,Asian,204.1452,1454.9204,67.8505,46.4097,Middle Eastern
60676,Middle Eastern,Rest Middle Eastern,Asian,20.9459,1794.1503,169.0468,111.0312,Middle Eastern
60677,Middle Eastern,Rest Middle Eastern,Asian,23.1437,1550.0828,219.7583,58.7718,Middle Eastern
60678,Middle Eastern,Rest Middle Eastern,Asian,17.7057,417.1314,2.5830,39.0544,Middle Eastern
60679,Middle Eastern,Rest Middle Eastern,Asian,193.0985,1151.5398,62.0650,18.5446,Middle Eastern
60680,Middle Eastern,Rest Middle Eastern,Asian,52.7492,1183.5587,92.2799,66.1444,Middle Eastern
60681,Middle Eastern,Rest Middle Eastern,Asian,15.7426,342.1356,10.6910,28.8026,Middle Eastern
60682,Middle Eastern,Rest Middle Eastern,Asian,35.8575,266.0960,13.8376,10.0820,Middle Eastern
60683,Middle Eastern,Rest Middle Eastern,Asian,29.2282,2090.1444,194.5668,126.3428,Middle Eastern
60684,Middle Eastern,Rest Middle Eastern,Asian,15.1725,271.1908,8.6355,21.6582,Middle Eastern
60685,Middle Eastern,Rest Middle Eastern,Asian,1.0523,3.3550,0.0534,0.0366,Middle Eastern
60686,Middle Eastern,Rest Middle Eastern,Asian,42.0581,630.8660,0.1435,50.9835,Middle Eastern
60687,Middle Eastern,Rest Middle Eastern,Asian,70.4732,3334.6133,46.8123,333.4312,Middle Eastern
60688,Middle Eastern,Rest Middle Eastern,Asian,275.7290,1529.3115,96.5774,10.1089,Middle Eastern
60689,Middle Eastern,Rest Middle Eastern,Asian,25.6696,908.3915,33.6694,75.0400,Middle Eastern
60690,Middle Eastern,Rest Middle Eastern,Asian,9.1816,7745.1880,0.0000,872.0000,Middle Eastern
60691,Middle Eastern,Rest Middle Eastern,Asian,65.0478,694.1020,32.3807,35.9938,Middle Eastern
60692,Middle Eastern,Rest Middle Eastern,Asian,133.8561,1359.8950,41.0916,84.8758,Middle Eastern
60693,Middle Eastern,Rest Middle Eastern,Asian,63.0217,894.0995,28.8905,64.3238,Middle Eastern
60694,Middle Eastern,Rest Middle Eastern,Asian,1056.7242,68309.4008,3727.0252,5483.8598,Middle Eastern
60695,Middle Eastern,Rest Middle Eastern,Asian,113.8695,1182.4800,31.5172,74.8539,Middle Eastern
60696,Middle Eastern,Rest Middle Eastern,Asian,40.6853,1903.3312,99.2279,149.6818,Middle Eastern
60697,Middle Eastern,Rest Middle Eastern,Asian,409.4145,2952.5052,144.1927,93.8545,Middle Eastern
60698,Middle Eastern,Rest Middle Eastern,Asian,94.3958,658.8657,17.6816,28.9720,Middle Eastern
60699,Middle Eastern,Rest Middle Eastern,Asian,12.6851,52.7132,2.2785,0.3769,Middle Eastern
60700,Middle Eastern,Rest Middle Eastern,Asian,46.8162,210.4878,5.8149,1.0869,Middle Eastern
60701,Middle Eastern,Rest Middle Eastern,Asian,7.8718,39.7715,1.9155,0.6734,Middle Eastern
60702,Middle Eastern,Rest Middle Eastern,Asian,99.9233,570.8335,17.8935,16.1791,Middle Eastern
60703,Middle Eastern,Rest Middle Eastern,Asian,307.5083,2647.8465,70.6267,138.8783,Middle Eastern
60704,Middle Eastern,Rest Middle Eastern,Asian,130.2634,1011.5800,41.4867,39.1970,Middle Eastern
60705,Middle Eastern,Rest Middle Eastern,Asian,826.4836,4067.0740,76.4412,44.4976,Middle Eastern
60706,Middle Eastern,Rest Middle Eastern,Asian,62.9500,378.0000,20.4700,6.0400,Middle Eastern
60707,Middle Eastern,Rest Middle Eastern,Asian,503.2348,6216.5700,73.7691,444.2071,Middle Eastern
60708,Middle Eastern,Rest Middle Eastern,Asian,33.2012,140.5352,2.7627,0.7039,Middle Eastern
60709,Middle Eastern,Rest Middle Eastern,Asian,125.0136,527.2282,8.1106,5.1261,Middle Eastern
60710,Middle Eastern,Rest Middle Eastern,Asian,214.9538,1415.3920,36.1845,44.1557,Middle Eastern
60711,Middle Eastern,Rest Middle Eastern,Asian,296.6109,1907.4221,107.6690,40.5593,Middle Eastern
60712,Middle Eastern,Rest Middle Eastern,Asian,25.6876,1921.9476,140.5319,138.0701,Middle Eastern
60713,Middle Eastern,Rest Middle Eastern,Asian,95292.4214,613242.8367,31738.1296,13723.0939,Middle Eastern
60714,Middle Eastern,Rest Middle Eastern,Asian,105.6349,675.6072,12.1313,22.7542,Middle Eastern
60715,Middle Eastern,Rest Middle Eastern,Asian,118.3256,1476.8132,99.5364,72.4950,Middle Eastern
60716,Middle Eastern,Rest Middle Eastern,Asian,110.0597,715.9620,16.7593,28.5758,Middle Eastern
60717,Middle Eastern,Rest Middle Eastern,Asian,992.6469,21074.9400,32.4135,1967.1597,Middle Eastern
60718,Middle Eastern,Rest Middle Eastern,Asian,218.7646,2095.9333,82.4728,108.8693,Middle Eastern
60719,Middle Eastern,Rest Middle Eastern,Asian,21.9438,460.4700,14.4388,38.4150,Middle Eastern
60720,Middle Eastern,Rest Middle Eastern,Asian,11.1289,48.5925,1.9959,0.2522,Middle Eastern
60721,Middle Eastern,Rest Middle Eastern,Asian,207.0292,1493.4200,72.8489,47.8706,Middle Eastern
60722,Middle Eastern,Rest Middle Eastern,Asian,12.5055,399.5000,20.5745,31.1100,Middle Eastern
60723,Middle Eastern,Rest Middle Eastern,Asian,198.5479,5223.6963,475.3032,274.4497,Middle Eastern
60724,Middle Eastern,Rest Middle Eastern,Asian,14.3228,195.5058,6.1685,14.6990,Middle Eastern
60725,Middle Eastern,Rest Middle Eastern,Asian,139.0529,1525.1576,60.8339,85.4562,Middle Eastern
60726,Middle Eastern,Rest Middle Eastern,Asian,446.1635,2900.4762,151.8136,65.3646,Middle Eastern
60727,Middle Eastern,Rest Middle Eastern,Asian,88.9846,827.2944,12.8084,51.2087,Middle Eastern
60728,Middle Eastern,Rest Middle Eastern,Asian,22.6621,508.2620,14.5342,44.2934,Middle Eastern
60729,Middle Eastern,Rest Middle Eastern,Asian,73.2211,380.3680,3.5507,9.5183,Middle Eastern
60730,Middle Eastern,Rest Middle Eastern,Asian,439.1555,3351.2600,69.4785,148.6500,Middle Eastern
60731,Middle Eastern,Rest Middle Eastern,Asian,5.3200,264.0000,2.9040,27.7440,Middle Eastern
60732,Middle Eastern,Rest Middle Eastern,Asian,6.4955,3572.7792,389.5280,210.8628,Middle Eastern
60733,Middle Eastern,Rest Middle Eastern,Asian,9.8061,42.9360,1.9863,0.4826,Middle Eastern
60734,Middle Eastern,Rest Middle Eastern,Asian,199.0713,1276.0516,35.3977,44.1966,Middle Eastern
60735,Middle Eastern,Rest Middle Eastern,Asian,47.4301,485.4519,22.1651,24.3927,Middle Eastern
60736,Middle Eastern,Rest Middle Eastern,Asian,225.3240,1876.2183,83.2930,80.3507,Middle Eastern
60737,Middle Eastern,Rest Middle Eastern,Asian,1207.8733,8998.3450,315.8031,354.7753,Middle Eastern
60738,Middle Eastern,Rest Middle Eastern,Asian,12.0723,2560.8666,144.2330,217.2487,Middle Eastern
60739,Middle Eastern,Rest Middle Eastern,Asian,23.0123,328.5920,5.4286,26.3149,Middle Eastern
60740,Middle Eastern,Rest Middle Eastern,Asian,100.7980,3775.4500,0.0000,381.5000,Middle Eastern
60741,Middle Eastern,Rest Middle Eastern,Asian,16.9640,698.9238,3.1606,71.3119,Middle Eastern
60742,Middle Eastern,Rest Middle Eastern,Asian,492.9093,2657.7433,23.5050,91.0141,Middle Eastern
60743,Middle Eastern,Rest Middle Eastern,Asian,0.3600,71.5000,6.2800,4.7550,Middle Eastern
60744,Middle Eastern,Rest Middle Eastern,Asian,422.8873,2699.1132,152.2155,54.1439,Middle Eastern
60745,Middle Eastern,Rest Middle Eastern,Asian,531.1023,4228.9140,139.5881,180.4721,Middle Eastern
60746,Middle Eastern,Rest Middle Eastern,Asian,5.8428,23.5500,0.9460,0.2428,Middle Eastern
60747,Middle Eastern,Rest Middle Eastern,Asian,38.9060,408.8500,8.3763,28.4496,Middle Eastern
60748,Middle Eastern,Rest Middle Eastern,Asian,51.9742,2116.3160,5.4560,217.4177,Middle Eastern
60749,Middle Eastern,Rest Middle Eastern,Asian,148.1760,798.5873,23.0568,16.5147,Middle Eastern
60750,Middle Eastern,Rest Middle Eastern,Asian,207.5081,1458.2133,77.6340,42.5846,Middle Eastern
60751,Middle Eastern,Rest Middle Eastern,Asian,214.7804,1664.2953,80.6961,60.4071,Middle Eastern
60752,Middle Eastern,Rest Middle Eastern,Asian,282.2546,2486.1850,97.5325,117.5418,Middle Eastern
60753,Middle Eastern,Rest Middle Eastern,Asian,,,,,Middle Eastern
60754,Middle Eastern,Rest Middle Eastern,Asian,164.0056,1293.1757,73.7099,42.4248,Middle Eastern
60755,Middle Eastern,Rest Middle Eastern,Asian,200.6280,1129.0880,32.6143,30.0530,Middle Eastern
60756,Middle Eastern,Rest Middle Eastern,Asian,149.7288,684.5257,24.8057,3.5900,Middle Eastern
60757,Middle Eastern,Rest Middle Eastern,Asian,215.8161,1897.7349,77.6967,88.5622,Middle Eastern
60758,Middle Eastern,Rest Middle Eastern,Asian,1012.4003,290264.2465,16328.4912,24410.8775,Middle Eastern
60759,Middle Eastern,Rest Middle Eastern,Asian,400.7904,16736.8300,175.6475,1730.4411,Middle Eastern
60760,Middle Eastern,Rest Middle Eastern,Asian,36.2524,800.0653,5.7742,74.6788,Middle Eastern
60761,Middle Eastern,Rest Middle Eastern,Asian,131.0684,2795.5595,159.0592,179.8664,Middle Eastern
60762,Middle Eastern,Rest Middle Eastern,Asian,73.3987,321.5700,16.5894,2.8384,Middle Eastern
60763,Middle Eastern,Rest Middle Eastern,Asian,515.7715,2868.0100,92.2402,45.2604,Middle Eastern
60764,Middle Eastern,Rest Middle Eastern,Asian,1347.9774,23404.6562,584.6204,1876.2655,Middle Eastern
60765,Middle Eastern,Rest Middle Eastern,Asian,13.9886,265.9550,8.4966,21.8003,Middle Eastern
60766,Middle Eastern,Rest Middle Eastern,Asian,246.4230,1787.6235,77.9787,79.1742,Middle Eastern
60767,Middle Eastern,Rest Middle Eastern,Asian,32.2104,241.5000,5.1541,10.8630,Middle Eastern
60768,Middle Eastern,Rest Middle Eastern,Asian,335.8883,1979.7039,125.0660,22.7866,Middle Eastern
60769,Middle Eastern,Rest Middle Eastern,Asian,21.7556,228.0600,6.7672,15.1760,Middle Eastern
60770,Middle Eastern,Rest Middle Eastern,Asian,522.0822,2257.5983,25.9766,4.9254,Middle Eastern
60771,Middle Eastern,Rest Middle Eastern,Asian,273.0400,1074.5750,1.0675,0.7320,Middle Eastern
60772,Middle Eastern,Rest Middle Eastern,Asian,221.6417,1956.5133,93.7546,87.6481,Middle Eastern
60773,Middle Eastern,Rest Middle Eastern,Asian,80280.3341,482106.2003,26096.4023,7713.1131,Middle Eastern
60774,Middle Eastern,Rest Middle Eastern,Asian,70733.0748,340282.0650,6974.5400,2960.0205,Middle Eastern
60775,Middle Eastern,Rest Middle Eastern,Asian,0.0000,602.5060,84.2217,27.5919,Middle Eastern
60776,Middle Eastern,Rest Middle Eastern,Asian,4.5908,18.3540,0.0000,0.0000,Middle Eastern
60777,Middle Eastern,Rest Middle Eastern,Asian,14.5797,199.0342,6.4854,14.6629,Middle Eastern
60778,Middle Eastern,Rest Middle Eastern,Asian,52.5571,378.0265,12.0269,16.4039,Middle Eastern
60779,Middle Eastern,Rest Middle Eastern,Asian,440.9427,3621.0360,59.6108,186.8500,Middle Eastern
60780,Middle Eastern,Rest Middle Eastern,Asian,45.3206,465.5505,20.7481,23.1233,Middle Eastern
60781,Middle Eastern,Rest Middle Eastern,Asian,200.7913,1327.2840,67.6687,33.4843,Middle Eastern
60782,Middle Eastern,Rest Middle Eastern,Asian,242.1365,1285.9100,40.1467,20.0412,Middle Eastern
60783,Middle Eastern,Rest Middle Eastern,Asian,43.2527,323.8907,8.7749,14.4754,Middle Eastern
60784,Middle Eastern,Rest Middle Eastern,Asian,2845.7899,66011.6172,1963.9040,5590.5782,Middle Eastern
60785,Middle Eastern,Rest Middle Eastern,Asian,221.0837,1343.4768,94.9863,13.0758,Middle Eastern
60786,Middle Eastern,Rest Middle Eastern,Asian,203.4114,1952.3532,86.2795,88.6692,Middle Eastern
60787,Middle Eastern,Rest Middle Eastern,Asian,271.9226,5221.7095,25.3352,455.1540,Middle Eastern
60788,Middle Eastern,Rest Middle Eastern,Asian,210.7623,5370.7930,35.0056,503.5869,Middle Eastern
60789,Middle Eastern,Rest Middle Eastern,Asian,5.1852,22.3500,0.9610,0.1900,Middle Eastern
60790,Middle Eastern,Rest Middle Eastern,Asian,55.5505,1059.2688,33.1282,86.7233,Middle Eastern
60791,Middle Eastern,Rest Middle Eastern,Asian,186.8963,1412.6849,37.1316,60.8719,Middle Eastern
60792,Middle Eastern,Rest Middle Eastern,Asian,36.0261,7167.3963,467.0990,566.3275,Middle Eastern
60793,Middle Eastern,Rest Middle Eastern,Asian,189.4741,1135.9948,61.4568,18.1418,Middle Eastern
60794,Middle Eastern,Rest Middle Eastern,Asian,167.8667,1008.0000,54.5867,16.1067,Middle Eastern
60795,Middle Eastern,Rest Middle Eastern,Asian,8837.6891,112237.4292,5778.9748,6005.5039,Middle Eastern
60796,Middle Eastern,Rest Middle Eastern,Asian,,,,,Middle Eastern
60797,Middle Eastern,Rest Middle Eastern,Asian,31.2886,495.3183,21.3542,34.8114,Middle Eastern
60798,Middle Eastern,Rest Middle Eastern,Asian,352.7118,1963.3820,78.8159,28.3084,Middle Eastern
60799,Middle Eastern,Rest Middle Eastern,Asian,23.6317,158.3854,6.4104,4.1067,Middle Eastern
60800,Middle Eastern,Rest Middle Eastern,Asian,19.8871,330.3479,3.8215,28.4162,Middle Eastern
60801,Middle Eastern,Rest Middle Eastern,Asian,49.9280,5499.4025,2.8494,599.6071,Middle Eastern
60802,Middle Eastern,Rest Middle Eastern,Asian,32.1144,149.1632,7.8261,1.8433,Middle Eastern
60803,Middle Eastern,Rest Middle Eastern,Asian,0.6123,231736.3225,0.2182,26214.2369,Middle Eastern
60804,Middle Eastern,Rest Middle Eastern,Asian,468.7308,3930.0336,131.4069,165.2715,Middle Eastern
60805,Middle Eastern,Rest Middle Eastern,Asian,121.1229,753.9958,18.6805,23.7324,Middle Eastern
60806,Middle Eastern,Rest Middle Eastern,Asian,132.5748,530.0550,2.8901,0.8598,Middle Eastern
60807,Middle Eastern,Rest Middle Eastern,Asian,18.0771,436.8460,35.1363,25.9419,Middle Eastern
60808,Middle Eastern,Rest Middle Eastern,Asian,6.6338,77.2013,3.7421,5.0103,Middle Eastern
60809,Middle Eastern,Rest Middle Eastern,Asian,597.6006,4630.3116,212.8709,177.0073,Middle Eastern
60810,Middle Eastern,Rest Middle Eastern,Asian,71.3371,957.2360,16.0965,71.2970,Middle Eastern
60811,Middle Eastern,Rest Middle Eastern,Asian,7.8570,418.5200,5.3430,42.4000,Middle Eastern
60812,Middle Eastern,Rest Middle Eastern,Asian,41.2888,4588.7700,108.2426,445.1356,Middle Eastern
60813,Middle Eastern,Rest Middle Eastern,Asian,428.8020,3005.8916,139.7251,93.8493,Middle Eastern
60814,Middle Eastern,Rest Middle Eastern,Asian,202.8779,1398.6121,69.5940,39.9010,Middle Eastern
60815,Middle Eastern,Rest Middle Eastern,Asian,384.3877,3235.5423,78.8957,166.8102,Middle Eastern
60816,Middle Eastern,Rest Middle Eastern,Asian,43.4416,1434.9217,72.3094,110.4841,Middle Eastern
60817,Middle Eastern,Rest Middle Eastern,Asian,199.1816,1374.7508,67.0160,39.5679,Middle Eastern
60818,Middle Eastern,Rest Middle Eastern,Asian,31.1150,447.5349,53.3451,12.4096,Middle Eastern
60819,Middle Eastern,Rest Middle Eastern,Asian,5.8566,342.3300,8.3894,32.4896,Middle Eastern
60820,Middle Eastern,Rest Middle Eastern,Asian,13.0669,261.3925,8.1603,21.6397,Middle Eastern
60821,Middle Eastern,Rest Middle Eastern,Asian,26.5006,210.6190,25.8052,1.6267,Middle Eastern
60822,Middle Eastern,Rest Middle Eastern,Asian,12.1345,549.7307,44.9006,34.6958,Middle Eastern
60823,Middle Eastern,Rest Middle Eastern,Asian,83.3705,934.9800,16.4864,60.2984,Middle Eastern
60824,Middle Eastern,Rest Middle Eastern,Asian,0.1029,0.3202,0.0121,0.0033,Middle Eastern
60825,Middle Eastern,Rest Middle Eastern,Asian,56.0393,1772.3045,62.7478,156.6143,Middle Eastern
60826,Middle Eastern,Rest Middle Eastern,Asian,28.4445,1146.5963,14.4261,111.3313,Middle Eastern
60827,Middle Eastern,Rest Middle Eastern,Asian,11.4170,149.4500,8.5015,7.9625,Middle Eastern
60828,Middle Eastern,Rest Middle Eastern,Asian,0.0000,201.7333,44.8800,1.1333,Middle Eastern
60829,Middle Eastern,Rest Middle Eastern,Asian,13.8900,263.2100,8.1212,21.6732,Middle Eastern
60830,Middle Eastern,Rest Middle Eastern,Asian,58.4953,293.3673,6.6370,0.4736,Middle Eastern
60831,Middle Eastern,Rest Middle Eastern,Asian,2246.2025,15483.5316,630.6247,447.5631,Middle Eastern
60832,Middle Eastern,Rest Middle Eastern,Asian,17.7912,81.7006,3.9802,0.9068,Middle Eastern
60833,Middle Eastern,Rest Middle Eastern,Asian,89.3796,1008.3541,3.9316,72.8936,Middle Eastern
60834,Middle Eastern,Rest Middle Eastern,Asian,11.1846,597.6750,23.1140,52.4780,Middle Eastern
60835,Middle Eastern,Rest Middle Eastern,Asian,60.1978,786.2200,35.1633,47.8235,Middle Eastern
60836,Middle Eastern,Rest Middle Eastern,Asian,104.9669,914.6225,6.7341,58.3071,Middle Eastern
60837,Middle Eastern,Rest Middle Eastern,Asian,8.4204,35.0538,1.0576,0.1582,Middle Eastern
60838,Middle Eastern,Rest Middle Eastern,Asian,172.8517,1929.7888,15.5051,137.6033,Middle Eastern
60839,Middle Eastern,Rest Middle Eastern,Asian,46.0992,231.3736,19.0018,2.2146,Middle Eastern
60840,Middle Eastern,Rest Middle Eastern,Asian,158.9614,930.9734,49.0691,14.8971,Middle Eastern
60841,Middle Eastern,Rest Middle Eastern,Asian,52.7046,828.1960,13.2760,69.7233,Middle Eastern
60842,Middle Eastern,Rest Middle Eastern,Asian,2634.3128,86145.4560,4729.1258,6457.6069,Middle Eastern
60843,Middle Eastern,Rest Middle Eastern,Asian,4.4200,14.8400,0.4653,0.0577,Middle Eastern
60844,Middle Eastern,Rest Middle Eastern,Asian,45.0169,803.1578,27.3756,63.1243,Middle Eastern
60845,Middle Eastern,Rest Middle Eastern,Asian,30.1709,169.7420,6.7562,7.1339,Middle Eastern
60846,Middle Eastern,Rest Middle Eastern,Asian,172.7280,855.0773,31.7040,10.5333,Middle Eastern
60847,Middle Eastern,Rest Middle Eastern,Asian,97.3709,4860.7486,366.8350,331.5669,Middle Eastern
60848,Middle Eastern,Rest Middle Eastern,Asian,2041.8891,9470.4800,331.8582,78.2898,Middle Eastern
60849,Middle Eastern,Rest Middle Eastern,Asian,16.5716,68.1730,2.9430,0.5326,Middle Eastern
60850,Middle Eastern,Rest Middle Eastern,Asian,90.7236,1256.6512,26.1934,89.1131,Middle Eastern
60851,Middle Eastern,Rest Middle Eastern,Asian,10.3717,50.1350,2.3686,1.9550,Middle Eastern
60852,Middle Eastern,Rest Middle Eastern,Asian,16.1933,109.6165,9.2328,3.1910,Middle Eastern
60853,Middle Eastern,Rest Middle Eastern,Asian,17.6193,81.6738,4.0254,0.9144,Middle Eastern
60854,Middle Eastern,Rest Middle Eastern,Asian,195.5684,1619.1388,77.6836,62.5826,Middle Eastern
60855,Middle Eastern,Rest Middle Eastern,Asian,67.7574,819.2412,118.1428,7.8298,Middle Eastern
60856,Middle Eastern,Rest Middle Eastern,Asian,36.4436,1527.5072,94.3849,113.1806,Middle Eastern
60857,Middle Eastern,Rest Middle Eastern,Asian,245.6805,1346.5365,77.0019,12.4885,Middle Eastern
60858,Middle Eastern,Rest Middle Eastern,Asian,65.9726,651.1394,13.4325,42.5595,Middle Eastern
60859,Middle Eastern,Rest Middle Eastern,Asian,67.5417,1862.5807,65.8368,157.8643,Middle Eastern
60860,Middle Eastern,Rest Middle Eastern,Asian,160.9624,2424.1600,54.3480,178.5916,Middle Eastern
60861,Middle Eastern,Rest Middle Eastern,Asian,14.0100,60.0000,1.6500,0.1500,Middle Eastern
60862,Middle Eastern,Rest Middle Eastern,Asian,43.6648,306.4529,10.7454,13.8637,Middle Eastern
60863,Middle Eastern,Rest Middle Eastern,Asian,146.8602,776.4550,28.9207,9.5874,Middle Eastern
60864,Middle Eastern,Rest Middle Eastern,Asian,194.4389,2795.8300,109.4614,189.8848,Middle Eastern
60865,Middle Eastern,Rest Middle Eastern,Asian,474.8299,3768.2166,180.1412,145.4106,Middle Eastern
60866,Middle Eastern,Rest Middle Eastern,Asian,2380.5440,32040.2383,2088.7467,1624.1168,Middle Eastern
60867,Middle Eastern,Rest Middle Eastern,Asian,15.1538,73.4890,2.5179,1.6134,Middle Eastern
60868,Middle Eastern,Rest Middle Eastern,Asian,0.4116,956.0008,0.0486,108.0132,Middle Eastern
60869,Middle Eastern,Rest Middle Eastern,Asian,11.4756,47.0558,2.0343,0.3512,Middle Eastern
60870,Middle Eastern,Rest Middle Eastern,Asian,41.9022,1283.2665,10.9401,124.1723,Middle Eastern
60871,Middle Eastern,Rest Middle Eastern,Asian,62.7376,816.2782,48.6286,41.1832,Middle Eastern
60872,Middle Eastern,Rest Middle Eastern,Asian,217.1541,1609.9330,59.7091,56.5438,Middle Eastern
60873,Middle Eastern,Rest Middle Eastern,Asian,35.8197,798.1184,27.8499,65.8523,Middle Eastern
60874,Middle Eastern,Rest Middle Eastern,Asian,28.2943,431.6048,9.8145,32.0767,Middle Eastern
60875,Middle Eastern,Rest Middle Eastern,Asian,273.0165,3514.1899,41.1392,255.7675,Middle Eastern
60876,Middle Eastern,Rest Middle Eastern,Asian,6.0671,1468.1470,175.0505,84.6560,Middle Eastern
60877,Middle Eastern,Rest Middle Eastern,Asian,6.1328,704.6599,59.0996,49.1691,Middle Eastern
60878,Middle Eastern,Rest Middle Eastern,Asian,8.2555,450.9615,16.5775,39.7379,Middle Eastern
60879,Middle Eastern,Rest Middle Eastern,Asian,270.6103,3622.1960,93.9245,260.2215,Middle Eastern
60880,Middle Eastern,Rest Middle Eastern,Asian,236.9275,15016.0604,1397.0962,1015.3985,Middle Eastern
60881,Middle Eastern,Rest Middle Eastern,Asian,0.0000,234.4640,0.0000,27.2000,Middle Eastern
60882,Middle Eastern,Rest Middle Eastern,Asian,41.5038,213.6610,8.3015,5.7339,Middle Eastern
60883,Middle Eastern,Rest Middle Eastern,Asian,182.7703,485388.4150,30681.8907,39177.3225,Middle Eastern
60884,Middle Eastern,Rest Middle Eastern,Asian,450.8928,2729.5740,70.3179,72.3391,Middle Eastern
60885,Middle Eastern,Rest Middle Eastern,Asian,106.8761,1958.4290,52.8339,153.3436,Middle Eastern
60886,Middle Eastern,Rest Middle Eastern,Asian,4.4052,23.2240,0.8655,0.7298,Middle Eastern
60887,Middle Eastern,Rest Middle Eastern,Asian,25.7842,556.3500,17.7928,46.5679,Middle Eastern
60888,Middle Eastern,Rest Middle Eastern,Asian,20.9227,497.1090,13.2479,42.9163,Middle Eastern
60889,Middle Eastern,Rest Middle Eastern,Asian,240.6364,3941.6300,113.9282,302.5830,Middle Eastern
60890,Middle Eastern,Rest Middle Eastern,Asian,1207.9393,6122.9120,117.4727,90.5908,Middle Eastern
60891,Middle Eastern,Rest Middle Eastern,Asian,196.8486,992.0880,9.0020,23.6350,Middle Eastern
60892,Middle Eastern,Rest Middle Eastern,Asian,21.6003,91.3550,2.4734,0.2566,Middle Eastern
60893,Middle Eastern,Rest Middle Eastern,Asian,109.7316,1384.0850,6.2231,109.9124,Middle Eastern
60894,Middle Eastern,Rest Middle Eastern,Asian,102.3085,8424.1875,203.2530,815.8438,Middle Eastern
60895,Middle Eastern,Rest Middle Eastern,Asian,27.9503,210.5218,5.6092,11.0913,Middle Eastern
60896,Middle Eastern,Rest Middle Eastern,Asian,198.9068,1219.7828,62.8637,23.4092,Middle Eastern
60897,Middle Eastern,Rest Middle Eastern,Asian,143.7433,1260.7673,21.3503,67.1330,Middle Eastern
60898,Middle Eastern,Rest Middle Eastern,Asian,18.0515,1214.3010,82.5925,88.6149,Middle Eastern
60899,Middle Eastern,Rest Middle Eastern,Asian,355.0223,313836.0325,37903.1302,16826.0891,Middle Eastern
60900,Middle Eastern,Rest Middle Eastern,Asian,32.2734,140.1890,7.1763,1.9591,Middle Eastern
60901,Middle Eastern,Rest Middle Eastern,Asian,156.4428,982.6270,15.7147,33.2351,Middle Eastern
60902,Middle Eastern,Rest Middle Eastern,Asian,45.0825,1735.1080,120.4160,125.4456,Middle Eastern
60903,Middle Eastern,Rest Middle Eastern,Asian,420.0972,2456.3283,128.4685,37.7052,Middle Eastern
60904,Middle Eastern,Rest Middle Eastern,Asian,8.9370,385.5000,24.1830,28.6650,Middle Eastern
60905,Middle Eastern,Rest Middle Eastern,Asian,209.0166,1493.6078,72.5905,47.2685,Middle Eastern
60906,Middle Eastern,Rest Middle Eastern,Asian,83.2808,514.7484,29.0798,15.8677,Middle Eastern
60907,Middle Eastern,Rest Middle Eastern,Asian,440.9089,2983.8406,142.9427,85.5941,Middle Eastern
60908,Middle Eastern,Rest Middle Eastern,Asian,134.0129,1017.0469,25.8705,47.0379,Middle Eastern
60909,Middle Eastern,Rest Middle Eastern,Asian,42.6624,718691.0000,45130.8308,58378.9979,Middle Eastern
60910,Middle Eastern,Rest Middle Eastern,Asian,189.1233,1134.8765,61.4390,18.1296,Middle Eastern
60911,Middle Eastern,Rest Middle Eastern,Asian,34.3452,978.5400,60.1945,66.4036,Middle Eastern
60912,Middle Eastern,Rest Middle Eastern,Asian,213.8956,942.8320,1.1942,2.1840,Middle Eastern
60913,Middle Eastern,Rest Middle Eastern,Asian,660.6168,3056.4001,41.5089,38.2103,Middle Eastern
60914,Middle Eastern,Rest Middle Eastern,Asian,281.0549,9426.4714,305.1453,783.9338,Middle Eastern
60915,Middle Eastern,Rest Middle Eastern,Asian,187.6629,894.6860,36.7709,2.6136,Middle Eastern
60916,Middle Eastern,Rest Middle Eastern,Asian,16343.4756,69757.8400,429.2556,282.5467,Middle Eastern
60917,Middle Eastern,Rest Middle Eastern,Asian,317.3009,2313.6558,41.7189,96.0416,Middle Eastern
60918,Middle Eastern,Rest Middle Eastern,Asian,100452.3420,495411.1227,15795.6740,2288.4601,Middle Eastern
60919,Middle Eastern,Rest Middle Eastern,Asian,245.2555,984.6633,2.8255,0.9718,Middle Eastern
60920,Middle Eastern,Rest Middle Eastern,Asian,0.1839,955.4416,0.0299,108.0094,Middle Eastern
60921,Middle Eastern,Rest Middle Eastern,Asian,106.8571,865.0932,53.0824,30.7197,Middle Eastern
60922,Middle Eastern,Rest Middle Eastern,Asian,6.8816,928.9345,1.9062,102.2369,Middle Eastern
60923,Middle Eastern,Rest Middle Eastern,Asian,51.0585,749.8233,33.6363,51.0570,Middle Eastern
60924,Middle Eastern,Rest Middle Eastern,Asian,178.7135,2313.8950,47.6686,167.6465,Middle Eastern
60925,Middle Eastern,Rest Middle Eastern,Asian,127.9778,694.9000,22.4676,16.1060,Middle Eastern
60926,Middle Eastern,Rest Middle Eastern,Asian,96.4689,739.1561,28.3437,30.5221,Middle Eastern
60927,Middle Eastern,Rest Middle Eastern,Asian,20.9674,100.7345,4.0749,1.9244,Middle Eastern
60928,Middle Eastern,Rest Middle Eastern,Asian,31.4280,684.0000,21.3720,57.6000,Middle Eastern
60929,Middle Eastern,Rest Middle Eastern,Asian,63.7633,290.7860,8.6078,4.0494,Middle Eastern
60930,Middle Eastern,Rest Middle Eastern,Asian,219.7514,3826.3527,223.4683,229.1504,Middle Eastern
60931,Middle Eastern,Rest Middle Eastern,Asian,336.4709,2013.5315,99.2302,39.9872,Middle Eastern
60932,Middle Eastern,Rest Middle Eastern,Asian,157.5035,925.7510,45.7803,16.2434,Middle Eastern
60933,Middle Eastern,Rest Middle Eastern,Asian,205.0526,1586.6680,3.2596,88.7498,Middle Eastern
60934,Middle Eastern,Rest Middle Eastern,Asian,283.4397,1470.3150,54.7428,23.3715,Middle Eastern
60935,Middle Eastern,Rest Middle Eastern,Asian,28.6863,2890.1345,165.0978,233.5744,Middle Eastern
60936,Middle Eastern,Rest Middle Eastern,Asian,8.6741,216.9288,1.4865,21.0098,Middle Eastern
60937,Middle Eastern,Rest Middle Eastern,Asian,18.0336,182.9900,10.1286,8.9671,Middle Eastern
60938,Middle Eastern,Rest Middle Eastern,Asian,234.6548,1467.1553,52.4834,35.2896,Middle Eastern
60939,Middle Eastern,Rest Middle Eastern,Asian,390.7398,5009.0100,146.7756,344.1399,Middle Eastern
60940,Middle Eastern,Rest Middle Eastern,Asian,523.9258,2313.0019,29.3949,7.2640,Middle Eastern
60941,Middle Eastern,Rest Middle Eastern,Asian,27.0606,528.6550,16.3522,43.4878,Middle Eastern
60942,Middle Eastern,Rest Middle Eastern,Asian,88.7512,1152.7305,30.2197,80.7148,Middle Eastern
60943,Middle Eastern,Rest Middle Eastern,Asian,30.5390,134.0000,3.4990,0.5330,Middle Eastern
60944,Middle Eastern,Rest Middle Eastern,Asian,86.3640,876.9280,15.8520,57.4000,Middle Eastern
60945,Middle Eastern,Rest Middle Eastern,Asian,31212.5791,165544.8000,5038.6848,2555.9756,Middle Eastern
60946,Middle Eastern,Rest Middle Eastern,Asian,2.9828,13.4667,0.8099,0.2051,Middle Eastern
60947,Middle Eastern,Rest Middle Eastern,Asian,8.9821,282.3750,1.6713,28.1051,Middle Eastern
60948,Middle Eastern,Rest Middle Eastern,Asian,557.3369,2413.0541,35.7862,4.4396,Middle Eastern
60949,Middle Eastern,Rest Middle Eastern,Asian,16.4340,485.0000,23.2460,38.3100,Middle Eastern
60950,Middle Eastern,Rest Middle Eastern,Asian,62.4831,1273.7688,45.3553,95.4768,Middle Eastern
60951,Middle Eastern,Rest Middle Eastern,Asian,68.8930,311.9919,3.7331,5.5500,Middle Eastern
60952,Middle Eastern,Rest Middle Eastern,Asian,248.8503,942.3930,6.3964,2.9974,Middle Eastern
60953,Middle Eastern,Rest Middle Eastern,Asian,47.7052,2420.5051,178.4549,166.8474,Middle Eastern
60954,Middle Eastern,Rest Middle Eastern,Asian,293.0152,4601.7555,86.2748,372.3166,Middle Eastern
60955,Middle Eastern,Rest Middle Eastern,Asian,18.5640,83.7200,4.3680,0.7280,Middle Eastern
60956,Middle Eastern,Rest Middle Eastern,Asian,10713.1600,83759.9000,3084.3000,3191.7700,Middle Eastern
60957,Middle Eastern,Rest Middle Eastern,Asian,319.9166,2817.0885,27.3210,163.8636,Middle Eastern
60958,Middle Eastern,Rest Middle Eastern,Asian,886.2620,5012.9568,77.9204,140.7133,Middle Eastern
60959,Middle Eastern,Rest Middle Eastern,Asian,14.5873,1160.7800,5.6812,123.4923,Middle Eastern
60960,Middle Eastern,Rest Middle Eastern,Asian,324.8835,2020.4405,106.2591,40.1436,Middle Eastern
60961,Middle Eastern,Rest Middle Eastern,Asian,220.1292,1621.4742,39.0764,77.1540,Middle Eastern
60962,Middle Eastern,Rest Middle Eastern,Asian,400.0591,3359.5953,125.4252,144.6423,Middle Eastern
60963,Middle Eastern,Rest Middle Eastern,Asian,737.5570,6142.2610,79.4274,324.8296,Middle Eastern
60964,Middle Eastern,Rest Middle Eastern,Asian,126.9598,1991.6836,8.2890,168.7697,Middle Eastern
60965,Middle Eastern,Rest Middle Eastern,Asian,131.8268,1010.7341,58.9860,30.6884,Middle Eastern
60966,Middle Eastern,Rest Middle Eastern,Asian,214.8600,1492.8748,64.6132,45.6732,Middle Eastern
60967,Middle Eastern,Rest Middle Eastern,Asian,72.6281,758.1904,17.5808,44.5254,Middle Eastern
60968,Middle Eastern,Rest Middle Eastern,Asian,4.6683,460.1555,71.7228,15.3290,Middle Eastern
60969,Middle Eastern,Rest Middle Eastern,Asian,386.0758,2394.7586,129.2323,44.5368,Middle Eastern
60970,Middle Eastern,Rest Middle Eastern,Asian,412.2288,2964.8566,144.7228,94.1160,Middle Eastern
60971,Middle Eastern,Rest Middle Eastern,Asian,254.5737,3507.8965,105.3197,246.0227,Middle Eastern
60972,Middle Eastern,Rest Middle Eastern,Asian,60.4902,36072.0842,10.5533,4051.1542,Middle Eastern
60973,Middle Eastern,Rest Middle Eastern,Asian,4.6263,3853.3591,378.7292,248.9920,Middle Eastern
60974,Middle Eastern,Rest Middle Eastern,Asian,695.0918,3234.2200,28.5602,71.4977,Middle Eastern
60975,Middle Eastern,Rest Middle Eastern,Asian,0.0000,3633.3360,229.7030,293.7967,Middle Eastern
60976,Middle Eastern,Rest Middle Eastern,Asian,33.6929,436.8369,32.6116,19.5357,Middle Eastern
60977,Middle Eastern,Rest Middle Eastern,Asian,6.8480,30.4000,1.1440,0.2000,Middle Eastern
60978,Middle Eastern,Rest Middle Eastern,Asian,447.6345,2030.1720,25.4385,13.4596,Middle Eastern
60979,Middle Eastern,Rest Middle Eastern,Asian,13.7079,210.6032,35.4780,1.0735,Middle Eastern
60980,Middle Eastern,Rest Middle Eastern,Asian,22.9184,319.3470,10.7197,24.9481,Middle Eastern
60981,Middle Eastern,Rest Middle Eastern,Asian,58.1659,677.2065,17.1008,45.5878,Middle Eastern
60982,Middle Eastern,Rest Middle Eastern,Asian,132.6022,1117.1940,20.8846,54.5830,Middle Eastern
60983,Middle Eastern,Rest Middle Eastern,Asian,0.7200,143.0000,12.5600,9.5100,Middle Eastern
60984,Middle Eastern,Rest Middle Eastern,Asian,9.6084,530.3180,28.4205,42.2492,Middle Eastern
60985,Middle Eastern,Rest Middle Eastern,Asian,6.1906,1817.1125,18.9420,195.9815,Middle Eastern
60986,Middle Eastern,Rest Middle Eastern,Asian,25.6866,749.3000,5.0783,73.2534,Middle Eastern
60987,Middle Eastern,Rest Middle Eastern,Asian,79.7996,993.0953,53.2424,56.3726,Middle Eastern
60988,Middle Eastern,Rest Middle Eastern,Asian,1148.0605,13636.0663,546.8826,985.0224,Middle Eastern
60989,Middle Eastern,Rest Middle Eastern,Asian,23.6348,2137.8262,150.8947,162.9853,Middle Eastern
60990,Middle Eastern,Rest Middle Eastern,Asian,377.3251,4157.9553,139.9082,251.8338,Middle Eastern
60991,Middle Eastern,Rest Middle Eastern,Asian,2.4681,12.5400,1.2540,0.0741,Middle Eastern
60992,Middle Eastern,Rest Middle Eastern,Asian,54.3402,764.1146,35.2437,48.1547,Middle Eastern
60993,Middle Eastern,Rest Middle Eastern,Asian,20.9652,146.1900,3.2876,0.3532,Middle Eastern
60994,Middle Eastern,Rest Middle Eastern,Asian,98.1615,770.7380,9.8184,41.5829,Middle Eastern
60995,Middle Eastern,Rest Middle Eastern,Asian,2.6876,16.5780,0.8726,0.7081,Middle Eastern
60996,Middle Eastern,Rest Middle Eastern,Asian,372.2573,5720.8656,155.0643,426.8110,Middle Eastern
60997,Middle Eastern,Rest Middle Eastern,Asian,71.4989,1362.7199,87.0457,80.2094,Middle Eastern
60998,Middle Eastern,Rest Middle Eastern,Asian,14.9940,451.0000,38.3700,27.5200,Middle Eastern
60999,Middle Eastern,Rest Middle Eastern,Asian,31.4280,684.0000,21.3720,57.6000,Middle Eastern
61000,Middle Eastern,Rest Middle Eastern,Asian,108.7461,1333.3300,210.4327,8.8533,Middle Eastern
61001,Middle Eastern,Rest Middle Eastern,Asian,12.5384,174.3261,2.7519,14.8402,Middle Eastern
61002,Middle Eastern,Rest Middle Eastern,Asian,34.2402,401.1840,7.0873,29.5575,Middle Eastern
61003,Middle Eastern,Rest Middle Eastern,Asian,72.2881,813.6190,58.8776,45.2256,Middle Eastern
61004,Middle Eastern,Rest Middle Eastern,Asian,238.7723,3282.3260,102.7875,232.0000,Middle Eastern
61005,Middle Eastern,Rest Middle Eastern,Asian,39.5264,3009.2552,297.0348,180.5029,Middle Eastern
61006,Middle Eastern,Rest Middle Eastern,Asian,99.0114,1465.2250,82.9497,88.6083,Middle Eastern
61007,Middle Eastern,Rest Middle Eastern,Asian,366.0708,3401.1520,135.8463,155.0202,Middle Eastern
61008,Middle Eastern,Rest Middle Eastern,Asian,154.1976,1920.9250,16.6661,144.1579,Middle Eastern
61009,Middle Eastern,Rest Middle Eastern,Asian,105.9562,48456.0508,28.4009,5429.6555,Middle Eastern
61010,Middle Eastern,Rest Middle Eastern,Asian,139.4400,1222.5000,51.4100,55.1750,Middle Eastern
61011,Middle Eastern,Rest Middle Eastern,Asian,1062.5695,8073.2912,262.9993,328.7298,Middle Eastern
61012,Middle Eastern,Rest Middle Eastern,Asian,39.7143,967.2880,38.7758,81.6040,Middle Eastern
61013,Middle Eastern,Rest Middle Eastern,Asian,17.5982,1493.1569,140.7033,91.5561,Middle Eastern
61014,Middle Eastern,Rest Middle Eastern,Asian,10.5936,51.1457,1.7355,0.9441,Middle Eastern
61015,Middle Eastern,Rest Middle Eastern,Asian,33621.7388,134487.0850,3886.6700,328.8905,Middle Eastern
61016,Middle Eastern,Rest Middle Eastern,Asian,0.0000,1927.1200,0.0000,218.0000,Middle Eastern
61017,Middle Eastern,Rest Middle Eastern,Asian,63.0596,269.9200,6.4116,1.3788,Middle Eastern
61018,Middle Eastern,Rest Middle Eastern,Asian,21.9164,1057.8245,5.8994,109.4155,Middle Eastern
61019,Middle Eastern,Rest Middle Eastern,Asian,0.3600,71.5000,6.2800,4.7550,Middle Eastern
61020,Middle Eastern,Rest Middle Eastern,Asian,77632.5117,544455.3993,25674.2131,16145.3848,Middle Eastern
61021,Middle Eastern,Rest Middle Eastern,Asian,87.6205,832.3607,36.5047,47.7930,Middle Eastern
61022,Middle Eastern,Rest Middle Eastern,Asian,541.0896,3639.7125,41.7340,150.3738,Middle Eastern
61023,Middle Eastern,Rest Middle Eastern,Asian,29.5005,625.8147,28.3854,48.4643,Middle Eastern
61024,Middle Eastern,Rest Middle Eastern,Asian,1254.5237,79648.4955,4272.4602,6417.6472,Middle Eastern
61025,Middle Eastern,Rest Middle Eastern,Asian,128.9890,576.7719,23.2679,4.1840,Middle Eastern
61026,Middle Eastern,Rest Middle Eastern,Asian,201.5713,1907.4700,139.7389,71.2707,Middle Eastern
61027,Middle Eastern,Rest Middle Eastern,Asian,1.1386,482.7500,0.2760,54.0358,Middle Eastern
61028,Middle Eastern,Rest Middle Eastern,Asian,659.0394,5080.5559,119.3366,230.8098,Middle Eastern
61029,Middle Eastern,Rest Middle Eastern,Asian,191.6268,3119.1620,147.0032,221.8231,Middle Eastern
61030,Middle Eastern,Rest Middle Eastern,Asian,233.4134,1330.4324,68.1808,19.4241,Middle Eastern
61031,Middle Eastern,Rest Middle Eastern,Asian,10.1167,2379.2200,44.1674,240.9319,Middle Eastern
61032,Middle Eastern,Rest Middle Eastern,Asian,874.5969,12423.9576,507.1265,825.5104,Middle Eastern
61033,Middle Eastern,Rest Middle Eastern,Asian,5.4700,1805.5800,32.3150,185.8700,Middle Eastern
61034,Middle Eastern,Rest Middle Eastern,Asian,51.5104,1064.1100,0.8584,92.8000,Middle Eastern
61035,Middle Eastern,Rest Middle Eastern,Asian,2.9183,21.7075,0.5307,1.1666,Middle Eastern
61036,Middle Eastern,Rest Middle Eastern,Asian,60.4105,671.1700,24.7170,37.4162,Middle Eastern
61037,Middle Eastern,Rest Middle Eastern,Asian,21.4751,837.4800,24.2684,74.9147,Middle Eastern
61038,Middle Eastern,Rest Middle Eastern,Asian,2355.5518,9414.9050,10.8373,3.1496,Middle Eastern
61039,Middle Eastern,Rest Middle Eastern,Asian,65.0976,440.4423,16.4288,16.5735,Middle Eastern
61040,Middle Eastern,Rest Middle Eastern,Asian,73.2104,1169.4383,30.1406,87.8620,Middle Eastern
61041,Middle Eastern,Rest Middle Eastern,Asian,125.9542,544.6150,7.6896,4.3576,Middle Eastern
61042,Middle Eastern,Rest Middle Eastern,Asian,165.1833,1356.5500,32.0517,66.0231,Middle Eastern
61043,Middle Eastern,Rest Middle Eastern,Asian,23.8736,310.1448,15.3780,15.9950,Middle Eastern
61044,Middle Eastern,Rest Middle Eastern,Asian,2.1600,787.0200,37.6800,69.0300,Middle Eastern
61045,Middle Eastern,Rest Middle Eastern,Asian,48.0362,935.4750,29.2285,76.9548,Middle Eastern
61046,Middle Eastern,Rest Middle Eastern,Asian,1.3551,8.8307,0.4047,0.4012,Middle Eastern
61047,Middle Eastern,Rest Middle Eastern,Asian,139.1975,5427.7968,219.9989,443.6318,Middle Eastern
61048,Middle Eastern,Rest Middle Eastern,Asian,233.5618,3630.2763,451.5837,89.9274,Middle Eastern
61049,Middle Eastern,Rest Middle Eastern,Asian,12.5761,691.1582,3.0656,72.7335,Middle Eastern
61050,Middle Eastern,Rest Middle Eastern,Asian,42.1756,243.0290,9.4071,9.3119,Middle Eastern
61051,Middle Eastern,Rest Middle Eastern,Asian,228.2483,1510.7500,46.9735,45.0052,Middle Eastern
61052,Middle Eastern,Rest Middle Eastern,Asian,84.1675,721.8459,16.2045,43.2701,Middle Eastern
61053,Middle Eastern,Rest Middle Eastern,Asian,392.9728,1775.0650,25.9600,12.0405,Middle Eastern
61054,Middle Eastern,Rest Middle Eastern,Asian,191.4072,1223.8983,63.9635,26.4500,Middle Eastern
61055,Middle Eastern,Rest Middle Eastern,Asian,160.9876,1004.1807,11.1144,39.9728,Middle Eastern
61056,Middle Eastern,Rest Middle Eastern,Asian,585.2426,2723.3070,45.5616,40.6186,Middle Eastern
61057,Middle Eastern,Rest Middle Eastern,Asian,127.6356,571.3496,21.7958,2.8594,Middle Eastern
61058,Middle Eastern,Rest Middle Eastern,Asian,21.9605,3294.9141,266.2426,230.2071,Middle Eastern
61059,Middle Eastern,Rest Middle Eastern,Asian,261.5166,993.8900,10.8160,1.6728,Middle Eastern
61060,Middle Eastern,Rest Middle Eastern,Asian,154.3481,2003.8810,70.3615,132.2210,Middle Eastern
61061,Middle Eastern,Rest Middle Eastern,Asian,6.8618,2824.8468,185.6196,224.1591,Middle Eastern
61062,Middle Eastern,Rest Middle Eastern,Asian,72.4991,421.5395,16.3100,8.2494,Middle Eastern
61063,Middle Eastern,Rest Middle Eastern,Asian,0.1817,239.4930,0.0380,27.0211,Middle Eastern
61064,Middle Eastern,Rest Middle Eastern,Asian,35.8036,402.4925,7.0110,28.6515,Middle Eastern
61065,Middle Eastern,Rest Middle Eastern,Asian,16.4832,268.3402,46.2595,1.7725,Middle Eastern
61066,Middle Eastern,Rest Middle Eastern,Asian,37.2283,708.6703,22.2959,58.1960,Middle Eastern
61067,Middle Eastern,Rest Middle Eastern,Asian,4.1163,12.8083,0.4858,0.1325,Middle Eastern
61068,Middle Eastern,Rest Middle Eastern,Asian,45.7838,216.1408,11.8086,4.7131,Middle Eastern
61069,Middle Eastern,Rest Middle Eastern,Asian,54.0924,585.8820,6.0000,40.7400,Middle Eastern
61070,Middle Eastern,Rest Middle Eastern,Asian,222.2619,1766.5630,134.8914,41.6285,Middle Eastern
61071,Middle Eastern,Rest Middle Eastern,Asian,14.1497,61.2077,2.1278,0.2653,Middle Eastern
61072,Middle Eastern,Rest Middle Eastern,Asian,524.5831,2110.2045,4.0823,0.9072,Middle Eastern
61073,Middle Eastern,Rest Middle Eastern,Asian,22.2487,133.6845,7.1361,1.8585,Middle Eastern
61074,Middle Eastern,Rest Middle Eastern,Asian,47.1555,687.4721,10.5390,55.8811,Middle Eastern
61075,Middle Eastern,Rest Middle Eastern,Asian,209.4691,1070.1558,37.1713,9.6072,Middle Eastern
61076,Middle Eastern,Rest Middle Eastern,Asian,4.4623,21.6719,0.5905,0.6146,Middle Eastern
61077,Middle Eastern,Rest Middle Eastern,Asian,364.4132,3241.8760,76.5312,169.3655,Middle Eastern
61078,Middle Eastern,Rest Middle Eastern,Asian,275.9254,1665.5550,57.3895,37.8720,Middle Eastern
61079,Middle Eastern,Rest Middle Eastern,Asian,4.4311,403.5068,1.6401,43.0429,Middle Eastern
61080,Middle Eastern,Rest Middle Eastern,Asian,477.6264,2300.4388,21.0163,59.8509,Middle Eastern
61081,Middle Eastern,Rest Middle Eastern,Asian,28.5928,323.4400,18.0606,16.0694,Middle Eastern
61082,Middle Eastern,Rest Middle Eastern,Asian,27408.3057,137011.0177,4794.6997,559.7600,Middle Eastern
61083,Middle Eastern,Rest Middle Eastern,Asian,170.5859,3278.3500,48.8476,280.3927,Middle Eastern
61084,Middle Eastern,Rest Middle Eastern,Asian,203.7284,815.5800,0.2184,0.0900,Middle Eastern
61085,Middle Eastern,Rest Middle Eastern,Asian,108.5643,1414.1244,56.4880,87.5649,Middle Eastern
61086,Middle Eastern,Rest Middle Eastern,Asian,26.6233,712.9617,20.9772,63.6385,Middle Eastern
61087,Middle Eastern,Rest Middle Eastern,Asian,363.1701,2977.2896,120.2473,125.0638,Middle Eastern
61088,Middle Eastern,Rest Middle Eastern,Asian,413.1041,2812.7999,141.1516,78.3780,Middle Eastern
61089,Middle Eastern,Rest Middle Eastern,Asian,795.7778,4561.8112,84.9594,118.3411,Middle Eastern
61090,Middle Eastern,Rest Middle Eastern,Asian,10.4989,90.1800,2.0148,5.0620,Middle Eastern
61091,Middle Eastern,Rest Middle Eastern,Asian,203.1536,1330.2016,67.3810,33.1738,Middle Eastern
61092,Middle Eastern,Rest Middle Eastern,Asian,16.4801,978.3879,54.4544,76.4037,Middle Eastern
61093,Middle Eastern,Rest Middle Eastern,Asian,70.2762,296.5400,2.9424,2.0258,Middle Eastern
61094,Middle Eastern,Rest Middle Eastern,Asian,31.4280,684.0000,21.3720,57.6000,Middle Eastern
61095,Middle Eastern,Rest Middle Eastern,Asian,27.6000,258.2000,16.5600,9.6700,Middle Eastern
61096,Middle Eastern,Rest Middle Eastern,Asian,31.6593,546.1250,17.3567,43.5766,Middle Eastern
61097,Middle Eastern,Rest Middle Eastern,Asian,31.3280,1377.5600,28.6400,128.3400,Middle Eastern
61098,Middle Eastern,Rest Middle Eastern,Asian,12.5322,1545.8857,107.5787,116.0516,Middle Eastern
61099,Middle Eastern,Rest Middle Eastern,Asian,390.8721,2027.7649,60.9211,23.4643,Middle Eastern
61100,Middle Eastern,Rest Middle Eastern,Asian,42.4646,545.8200,7.0664,41.1727,Middle Eastern
61101,Middle Eastern,Rest Middle Eastern,Asian,9.8959,1705.7413,140.0639,119.3905,Middle Eastern
61102,Middle Eastern,Rest Middle Eastern,Asian,429.5072,3043.7275,143.7100,95.6690,Middle Eastern
61103,Middle Eastern,Rest Middle Eastern,Asian,,,,,Middle Eastern
61104,Middle Eastern,Rest Middle Eastern,Asian,217.3670,2514.1102,142.6502,121.7024,Middle Eastern
61105,Middle Eastern,Rest Middle Eastern,Asian,22.0575,107.6637,6.7589,1.3189,Middle Eastern
61106,Middle Eastern,Rest Middle Eastern,Asian,462.5561,29775.9930,1604.9675,2398.7689,Middle Eastern
61107,Middle Eastern,Rest Middle Eastern,Asian,56.4170,2196.1643,20.1268,220.6449,Middle Eastern
61108,Middle Eastern,Rest Middle Eastern,Asian,95.6841,859.6852,77.0171,18.8508,Middle Eastern
61109,Middle Eastern,Rest Middle Eastern,Asian,2.3914,7.8571,0.1067,0.0732,Middle Eastern
61110,Middle Eastern,Rest Middle Eastern,Asian,292.7438,1683.5583,123.4912,6.2795,Middle Eastern
61111,Middle Eastern,Rest Middle Eastern,Asian,7127.9156,54362.7268,2514.1725,1668.2944,Middle Eastern
61112,Middle Eastern,Rest Middle Eastern,Asian,481.8068,2695.3227,34.1505,82.1217,Middle Eastern
61113,Middle Eastern,Rest Middle Eastern,Asian,378.1103,2872.3200,44.1401,143.1396,Middle Eastern
61114,Middle Eastern,Rest Middle Eastern,Asian,6.9468,460.1958,96.2013,2.6849,Middle Eastern
61115,Middle Eastern,Rest Middle Eastern,Asian,1.3784,742.0142,57.7119,55.4775,Middle Eastern
61116,Middle Eastern,Rest Middle Eastern,Asian,2550.5407,14724.0043,1386.6381,231.4355,Middle Eastern
61117,Middle Eastern,Rest Middle Eastern,Asian,22.5198,166.6920,5.7645,5.9841,Middle Eastern
61118,Middle Eastern,Rest Middle Eastern,Asian,1218.5650,24507.8817,681.4667,2041.0970,Middle Eastern
61119,Middle Eastern,Rest Middle Eastern,Asian,,,,,Middle Eastern
61120,Middle Eastern,Rest Middle Eastern,Asian,11.9853,57.2031,1.9219,1.0971,Middle Eastern
61121,Middle Eastern,Rest Middle Eastern,Asian,,,,,Middle Eastern
61122,Middle Eastern,Rest Middle Eastern,Asian,207.4567,1529.3844,72.7095,51.7601,Middle Eastern
61123,Middle Eastern,Rest Middle Eastern,Asian,12.3724,330.1265,27.7393,19.6791,Middle Eastern
61124,Middle Eastern,Rest Middle Eastern,Asian,83.9953,591.0323,21.4730,22.6040,Middle Eastern
61125,Middle Eastern,Rest Middle Eastern,Asian,40.2137,712.2832,21.8587,57.9115,Middle Eastern
61126,Middle Eastern,Rest Middle Eastern,Asian,2.8771,136.1561,0.9434,14.1612,Middle Eastern
61127,Middle Eastern,Rest Middle Eastern,Asian,252.4519,2012.1900,7.3364,117.0703,Middle Eastern
61128,Middle Eastern,Rest Middle Eastern,Asian,16.6394,774.1569,147.9544,10.3718,Middle Eastern
61129,Middle Eastern,Rest Middle Eastern,Asian,209.3503,1243.3330,43.8264,30.9937,Middle Eastern
61130,Middle Eastern,Rest Middle Eastern,Asian,597.8018,4244.1871,85.9999,175.6189,Middle Eastern
61131,Middle Eastern,Rest Middle Eastern,Asian,9.6197,46.0347,1.5811,1.0061,Middle Eastern
61132,Middle Eastern,Rest Middle Eastern,Asian,28.0009,979.6370,64.6070,69.1700,Middle Eastern
61133,Middle Eastern,Rest Middle Eastern,Asian,120.7102,2417.0028,78.6360,179.3816,Middle Eastern
61134,Middle Eastern,Rest Middle Eastern,Asian,39.9357,1799.0766,6.9621,185.4127,Middle Eastern
61135,Middle Eastern,Rest Middle Eastern,Asian,557.4717,2766.0900,39.7064,42.5119,Middle Eastern
61136,Middle Eastern,Rest Middle Eastern,Asian,8.4180,26.8400,0.4270,0.2928,Middle Eastern
61137,Middle Eastern,Rest Middle Eastern,Asian,13.9142,898.1280,48.3424,72.3946,Middle Eastern
61138,Middle Eastern,Rest Middle Eastern,Asian,470.0214,3649.3530,92.8744,155.0911,Middle Eastern
61139,Middle Eastern,Rest Middle Eastern,Asian,67.9711,1509.6785,81.8580,101.9590,Middle Eastern
61140,Middle Eastern,Rest Middle Eastern,Asian,299.1463,1822.6600,29.4558,77.4031,Middle Eastern
61141,Middle Eastern,Rest Middle Eastern,Asian,271.8463,2361.6317,94.0628,108.4884,Middle Eastern
61142,Middle Eastern,Rest Middle Eastern,Asian,97.6146,925.5906,26.7637,49.9517,Middle Eastern
61143,Middle Eastern,Rest Middle Eastern,Asian,52.9414,226.7517,11.2575,1.4181,Middle Eastern
61144,Middle Eastern,Rest Middle Eastern,Asian,132226.5313,1087012.0410,21372.0025,57601.1275,Middle Eastern
61145,Middle Eastern,Rest Middle Eastern,Asian,51.5728,397.4390,8.0349,18.9145,Middle Eastern
61146,Middle Eastern,Rest Middle Eastern,Asian,4.3042,735.3533,45.0935,55.2797,Middle Eastern
61147,Middle Eastern,Rest Middle Eastern,Asian,0.4135,3.9200,0.1807,0.2527,Middle Eastern
61148,Middle Eastern,Rest Middle Eastern,Asian,106.4091,1100.1238,14.8931,73.7463,Middle Eastern
61149,Middle Eastern,Rest Middle Eastern,Asian,30.3217,563.1150,37.2032,34.8581,Middle Eastern
61150,Middle Eastern,Rest Middle Eastern,Asian,74.6036,969.8248,10.7332,73.5563,Middle Eastern
61151,Middle Eastern,Rest Middle Eastern,Asian,232.9475,1373.5623,77.5414,26.4226,Middle Eastern
61152,Middle Eastern,Rest Middle Eastern,Asian,378.3566,2749.3880,122.9547,90.4690,Middle Eastern
61153,Middle Eastern,Rest Middle Eastern,Asian,20.8659,692.0208,3.6251,68.5495,Middle Eastern
61154,Middle Eastern,Rest Middle Eastern,Asian,572.5116,4056.9200,112.6930,148.9304,Middle Eastern
61155,Middle Eastern,Rest Middle Eastern,Asian,163.2259,917.6985,46.9420,13.2296,Middle Eastern
61156,Middle Eastern,Rest Middle Eastern,Asian,252.4377,2859.5803,91.5926,167.8849,Middle Eastern
61157,Middle Eastern,Rest Middle Eastern,Asian,21.5531,1096.0434,14.5110,110.5092,Middle Eastern
61158,Middle Eastern,Rest Middle Eastern,Asian,298.0521,1648.8400,48.0593,30.4360,Middle Eastern
61159,Middle Eastern,Rest Middle Eastern,Asian,311.7213,2131.9653,99.0822,62.0109,Middle Eastern
61160,Middle Eastern,Rest Middle Eastern,Asian,38.3180,1871.2590,32.6914,185.7019,Middle Eastern
61161,Middle Eastern,Rest Middle Eastern,Asian,215.1263,1854.8709,70.4618,86.8029,Middle Eastern
61162,Middle Eastern,Rest Middle Eastern,Asian,222.1624,1991.4860,102.2213,110.7166,Middle Eastern
61163,Middle Eastern,Rest Middle Eastern,Asian,132.1300,2834.2790,96.4854,216.7816,Middle Eastern
61164,Middle Eastern,Rest Middle Eastern,Asian,107.5858,576.3037,7.5278,17.0621,Middle Eastern
61165,Middle Eastern,Rest Middle Eastern,Asian,623.6199,3630.8704,53.8991,107.6858,Middle Eastern
61166,Middle Eastern,Rest Middle Eastern,Asian,173.8980,1767.9063,13.0615,124.7856,Middle Eastern
61167,Middle Eastern,Rest Middle Eastern,Asian,261.5983,1529.2420,25.1900,40.4747,Middle Eastern
61168,Middle Eastern,Rest Middle Eastern,Asian,130.3899,892.4840,21.6854,33.6235,Middle Eastern
61169,Middle Eastern,Rest Middle Eastern,Asian,40.3633,401.1194,11.3631,25.0979,Middle Eastern
61170,Middle Eastern,Rest Middle Eastern,Asian,174.2595,829.8750,33.4950,6.0675,Middle Eastern
61171,Middle Eastern,Rest Middle Eastern,Asian,9.5907,55.9700,1.8700,1.2874,Middle Eastern
61172,Middle Eastern,Rest Middle Eastern,Asian,196.6392,1644.0741,62.3079,72.2041,Middle Eastern
61173,Middle Eastern,Rest Middle Eastern,Asian,1.0034,6.0045,0.3951,0.1948,Middle Eastern
61174,Middle Eastern,Rest Middle Eastern,Asian,282.9496,2169.6792,108.0133,79.0061,Middle Eastern
61175,Middle Eastern,Rest Middle Eastern,Asian,300.6506,1945.4190,36.4485,67.3232,Middle Eastern
61176,Middle Eastern,Rest Middle Eastern,Asian,389.0447,2388.8243,131.1660,41.3465,Middle Eastern
61177,Middle Eastern,Rest Middle Eastern,Asian,16.6119,190.2292,2.7048,13.9710,Middle Eastern
61178,Middle Eastern,Rest Middle Eastern,Asian,388.4607,2836.9700,67.0305,116.4673,Middle Eastern
61179,Middle Eastern,Rest Middle Eastern,Asian,0.3600,759.2520,6.2800,82.5550,Middle Eastern
61180,Middle Eastern,Rest Middle Eastern,Asian,15.1712,164.1761,8.8988,8.0858,Middle Eastern
61181,Middle Eastern,Rest Middle Eastern,Asian,55.5858,1180.4716,58.6604,82.9070,Middle Eastern
61182,Middle Eastern,Rest Middle Eastern,Asian,11.0382,420.9559,2.6009,42.9298,Middle Eastern
61183,Middle Eastern,Rest Middle Eastern,Asian,36.8595,217.4970,9.1413,8.7783,Middle Eastern
61184,Middle Eastern,Rest Middle Eastern,Asian,0.0341,407.2560,0.4828,46.0705,Middle Eastern
61185,Middle Eastern,Rest Middle Eastern,Asian,0.0000,0.0000,0.0000,0.0000,Middle Eastern
61186,Middle Eastern,Rest Middle Eastern,Asian,613.6914,3190.6800,110.0046,25.6134,Middle Eastern
61187,Middle Eastern,Rest Middle Eastern,Asian,12.0326,1386.6627,204.0671,53.4131,Middle Eastern
61188,Middle Eastern,Rest Middle Eastern,Asian,188.7344,1554.9715,37.2769,77.5449,Middle Eastern
61189,Middle Eastern,Rest Middle Eastern,Asian,5.2796,715.3081,10.9929,73.8431,Middle Eastern
61190,Middle Eastern,Rest Middle Eastern,Asian,20.7099,580.5833,7.7143,55.1936,Middle Eastern
61191,Middle Eastern,Rest Middle Eastern,Asian,0.7354,809.8217,179.6399,4.5708,Middle Eastern
61192,Middle Eastern,Rest Middle Eastern,Asian,396.1373,3255.9333,150.2828,126.6456,Middle Eastern
61193,Middle Eastern,Rest Middle Eastern,Asian,233.0648,1369.7005,68.6189,24.3360,Middle Eastern
61194,Middle Eastern,Rest Middle Eastern,Asian,111.7990,1089.7167,68.9240,37.8581,Middle Eastern
61195,Middle Eastern,Rest Middle Eastern,Asian,66.3555,944.0308,10.1321,76.2937,Middle Eastern
61196,Middle Eastern,Rest Middle Eastern,Asian,223.2669,1212.6481,58.2227,15.6415,Middle Eastern
61197,Middle Eastern,Rest Middle Eastern,Asian,266.0629,978.4500,0.2135,0.8284,Middle Eastern
61198,Middle Eastern,Rest Middle Eastern,Asian,73.8532,305.4370,5.6749,2.1108,Middle Eastern
61199,Middle Eastern,Rest Middle Eastern,Asian,72.3915,789.0804,63.1591,33.4655,Middle Eastern
61200,Middle Eastern,Rest Middle Eastern,Asian,498.3961,2283.5031,40.9719,10.3134,Middle Eastern
61201,Middle Eastern,Rest Middle Eastern,Asian,155.3818,1338.5505,29.4515,76.7552,Middle Eastern
61202,Middle Eastern,Rest Middle Eastern,Asian,3.2214,13.3945,0.1779,0.1035,Middle Eastern
61203,Middle Eastern,Rest Middle Eastern,Asian,1.0500,88.5000,2.1300,8.5800,Middle Eastern
61204,Middle Eastern,Rest Middle Eastern,Asian,117.7019,850.4237,25.7131,33.2309,Middle Eastern
61205,Middle Eastern,Rest Middle Eastern,Asian,294.5164,4129.2085,182.7717,255.8874,Middle Eastern
61206,Middle Eastern,Rest Middle Eastern,Asian,64.0462,260.9670,1.3963,0.9941,Middle Eastern
61207,Middle Eastern,Rest Middle Eastern,Asian,312.1399,1938.9750,31.5449,64.3105,Middle Eastern
61208,Middle Eastern,Rest Middle Eastern,Asian,25.2540,80.5200,1.2810,0.8784,Middle Eastern
61209,Middle Eastern,Rest Middle Eastern,Asian,304.3480,2313.0720,109.0215,83.9034,Middle Eastern
61210,Middle Eastern,Rest Middle Eastern,Asian,131.7795,1579.5245,22.3903,113.0320,Middle Eastern
61211,Middle Eastern,Rest Middle Eastern,Asian,50.3024,1196.0437,9.0750,110.6194,Middle Eastern
61212,Middle Eastern,Rest Middle Eastern,Asian,183.4608,975.8740,26.5731,22.1751,Middle Eastern
61213,Middle Eastern,Rest Middle Eastern,Asian,86.5992,3162.3363,193.8344,226.7429,Middle Eastern
61214,Middle Eastern,Rest Middle Eastern,Asian,63319.6961,289725.5600,4710.0628,1176.1600,Middle Eastern
61215,Middle Eastern,Rest Middle Eastern,Asian,319.3396,2085.0177,83.2745,63.0653,Middle Eastern
61216,Middle Eastern,Rest Middle Eastern,Asian,9.9019,4906.7101,99.6480,503.2889,Middle Eastern
61217,Middle Eastern,Rest Middle Eastern,Asian,7.1941,33.4447,0.8193,0.7475,Middle Eastern
61218,Middle Eastern,Rest Middle Eastern,Asian,568.9572,4940.0658,227.1061,218.7168,Middle Eastern
61219,Middle Eastern,Rest Middle Eastern,Asian,63.3868,1027.8092,32.3978,75.1119,Middle Eastern
61220,Middle Eastern,Rest Middle Eastern,Asian,26.8749,576.8152,31.0654,39.7922,Middle Eastern
61221,Middle Eastern,Rest Middle Eastern,Asian,39.1846,1362.1019,29.0709,126.3257,Middle Eastern
61222,Middle Eastern,Rest Middle Eastern,Asian,2.1915,287.7615,25.1400,19.0302,Middle Eastern
61223,Middle Eastern,Rest Middle Eastern,Asian,21.7042,1259.9643,176.3084,55.6799,Middle Eastern
61224,Middle Eastern,Rest Middle Eastern,Asian,50.8612,1028.1682,188.3885,6.1966,Middle Eastern
61225,Middle Eastern,Rest Middle Eastern,Asian,1.5530,30.1999,0.9643,2.4974,Middle Eastern
61226,Middle Eastern,Rest Middle Eastern,Asian,698.0236,6737.2240,249.7239,330.8458,Middle Eastern
61227,Middle Eastern,Rest Middle Eastern,Asian,235.9059,2247.0899,86.2081,116.9274,Middle Eastern
61228,Middle Eastern,Rest Middle Eastern,Asian,242.2278,2251.6183,40.0578,128.9802,Middle Eastern
61229,Middle Eastern,Rest Middle Eastern,Asian,28.2368,1096.2550,18.5036,105.5443,Middle Eastern
61230,Middle Eastern,Rest Middle Eastern,Asian,239.8893,2138.0175,36.4984,131.8648,Middle Eastern
61231,Middle Eastern,Rest Middle Eastern,Asian,26.6548,1987.9452,100.1689,163.6587,Middle Eastern
61232,Middle Eastern,Rest Middle Eastern,Asian,24.3743,1063.9863,4.4213,109.0433,Middle Eastern
61233,Middle Eastern,Rest Middle Eastern,Asian,247.7983,2180.4281,180.4844,52.9873,Middle Eastern
61234,Middle Eastern,Rest Middle Eastern,Asian,2737.3298,113188.2688,1285.8816,11631.2432,Middle Eastern
61235,Middle Eastern,Rest Middle Eastern,Asian,0.6368,240.5706,0.0318,27.0053,Middle Eastern
61236,Middle Eastern,Rest Middle Eastern,Asian,47.4579,223.1655,10.1863,1.4702,Middle Eastern
61237,Middle Eastern,Rest Middle Eastern,Asian,224.4268,1091.0986,34.2620,10.4535,Middle Eastern
61238,Middle Eastern,Rest Middle Eastern,Asian,343.7738,5298.6368,183.2099,390.0769,Middle Eastern
61239,Middle Eastern,Rest Middle Eastern,Asian,18.8437,4247.4190,325.7293,309.9796,Middle Eastern
61240,Middle Eastern,Rest Middle Eastern,Asian,20.6336,433.1517,17.7122,33.8277,Middle Eastern
61241,Middle Eastern,Rest Middle Eastern,Asian,18.9151,4094.6235,298.9072,305.5138,Middle Eastern
61242,Middle Eastern,Rest Middle Eastern,Asian,355.9967,3062.1528,113.6270,133.1319,Middle Eastern
61243,Middle Eastern,Rest Middle Eastern,Asian,751.9872,3804.9588,32.1643,86.4433,Middle Eastern
61244,Middle Eastern,Rest Middle Eastern,Asian,190.7904,1266.3400,25.2262,48.1088,Middle Eastern
61245,Middle Eastern,Rest Middle Eastern,Asian,5.9013,1169.5288,95.8884,83.3387,Middle Eastern
61246,Middle Eastern,Rest Middle Eastern,Asian,18.6532,1217.8700,86.6687,94.1275,Middle Eastern
61247,Middle Eastern,Rest Middle Eastern,Asian,22.6832,1328.2367,202.9810,44.1165,Middle Eastern
61248,Middle Eastern,Rest Middle Eastern,Asian,123.6463,1011.5232,25.8591,50.8664,Middle Eastern
61249,Middle Eastern,Rest Middle Eastern,Asian,47.1524,903.3965,97.9678,33.8208,Middle Eastern
61250,Middle Eastern,Rest Middle Eastern,Asian,17.0702,755.0610,8.6271,76.2277,Middle Eastern
61251,Middle Eastern,Rest Middle Eastern,Asian,65.0607,1628.3398,136.8210,89.9303,Middle Eastern
61252,Middle Eastern,Rest Middle Eastern,Asian,0.2771,364.2780,0.0000,40.5000,Middle Eastern
61253,Middle Eastern,Rest Middle Eastern,Asian,35.7672,411.2320,10.8079,26.4564,Middle Eastern
61254,Middle Eastern,Rest Middle Eastern,Asian,282.1890,1694.5350,28.0159,50.0436,Middle Eastern
61255,Middle Eastern,Rest Middle Eastern,Asian,208.0601,1852.4233,75.4060,87.5921,Middle Eastern
61256,Middle Eastern,Rest Middle Eastern,Asian,61.6920,514.8659,14.0392,29.4251,Middle Eastern
61257,Middle Eastern,Rest Middle Eastern,Asian,27.2992,1416.2090,87.7653,103.6963,Middle Eastern
61258,Middle Eastern,Rest Middle Eastern,Asian,1275.9584,9112.1030,156.2159,426.5729,Middle Eastern
61259,Middle Eastern,Rest Middle Eastern,Asian,100.3916,2430.4204,189.1968,138.4279,Middle Eastern
61260,Middle Eastern,Rest Middle Eastern,Asian,16.0394,1349.4985,84.7272,102.8847,Middle Eastern
61261,Middle Eastern,Rest Middle Eastern,Asian,26.4415,1703.5140,84.3550,140.0253,Middle Eastern
61262,Middle Eastern,Rest Middle Eastern,Asian,650.9345,5318.4358,66.0550,279.9513,Middle Eastern
61263,Middle Eastern,Rest Middle Eastern,Asian,8.2553,151.0900,1.0138,13.7163,Middle Eastern
61264,Middle Eastern,Rest Middle Eastern,Asian,473.2355,14678.7269,547.4306,1173.7532,Middle Eastern
61265,Middle Eastern,Rest Middle Eastern,Asian,10.2740,1402.1876,90.9702,110.3767,Middle Eastern
61266,Middle Eastern,Rest Middle Eastern,Asian,190.5284,1181.1750,61.9220,22.7559,Middle Eastern
61267,Middle Eastern,Rest Middle Eastern,Asian,67.7677,1933.5612,186.3300,106.5063,Middle Eastern
61268,Middle Eastern,Rest Middle Eastern,Asian,32.6208,621.2102,6.1190,54.5457,Middle Eastern
61269,Middle Eastern,Rest Middle Eastern,Asian,231.7964,1340.9051,69.1118,21.3117,Middle Eastern
61270,Middle Eastern,Rest Middle Eastern,Asian,62.2301,1510.6635,143.5439,81.5292,Middle Eastern
61271,Middle Eastern,Rest Middle Eastern,Asian,9.2170,137.1646,23.1639,0.9211,Middle Eastern
61272,Middle Eastern,Rest Middle Eastern,Asian,30.0342,1692.1680,80.1581,139.1297,Middle Eastern
61273,Middle Eastern,Rest Middle Eastern,Asian,9.8152,2158.3275,166.5263,156.8472,Middle Eastern
61274,Middle Eastern,Rest Middle Eastern,Asian,48.2547,1547.7998,80.6593,115.5324,Middle Eastern
61275,Middle Eastern,Rest Middle Eastern,Asian,275.1514,2595.0820,109.9802,115.6141,Middle Eastern
61276,Middle Eastern,Rest Middle Eastern,Asian,20.7552,3452.9505,156.4128,303.5850,Middle Eastern
61277,Middle Eastern,Rest Middle Eastern,Asian,15.9812,1652.7642,141.3650,112.1883,Middle Eastern
61278,Middle Eastern,Rest Middle Eastern,Asian,202.4864,1669.6933,63.2300,72.3476,Middle Eastern
61279,Middle Eastern,Rest Middle Eastern,Asian,55.2796,876.1200,76.1908,44.2120,Middle Eastern
61280,Middle Eastern,Rest Middle Eastern,Asian,51.9441,2883.0800,14.8071,298.4746,Middle Eastern
61281,Middle Eastern,Rest Middle Eastern,Asian,601.8029,6548.9894,293.4524,322.0463,Middle Eastern
61282,Middle Eastern,Rest Middle Eastern,Asian,0.0000,963.5600,0.0000,109.0000,Middle Eastern
61283,Middle Eastern,Rest Middle Eastern,Asian,292.4021,2218.1632,103.2166,83.9238,Middle Eastern
61284,Middle Eastern,Rest Middle Eastern,Asian,,,,,Middle Eastern
61285,Middle Eastern,Rest Middle Eastern,Asian,156.8909,1021.4925,24.6550,34.7302,Middle Eastern
61286,Middle Eastern,Rest Middle Eastern,Asian,51.7484,1122.9487,49.3666,85.1926,Middle Eastern
61287,Middle Eastern,Rest Middle Eastern,Asian,288.8928,2651.6062,129.5098,113.6796,Middle Eastern
61288,Middle Eastern,Rest Middle Eastern,Asian,47.3764,2539.2197,287.6151,126.6537,Middle Eastern
61289,Middle Eastern,Rest Middle Eastern,Asian,40948.3048,234550.2244,6814.4260,5055.8563,Middle Eastern
61290,Middle Eastern,Rest Middle Eastern,Asian,431.5146,3235.6366,170.7509,102.3891,Middle Eastern
61291,Middle Eastern,Rest Middle Eastern,Asian,212.9682,1651.0525,155.3642,21.8671,Middle Eastern
61292,Middle Eastern,Rest Middle Eastern,Asian,54.7082,639.3139,23.4515,38.0004,Middle Eastern
61293,Middle Eastern,Rest Middle Eastern,Asian,2921.1690,39214.8608,2252.1947,2108.8883,Middle Eastern
61294,Middle Eastern,Rest Middle Eastern,Asian,26.8733,648.7705,9.0678,59.1213,Middle Eastern
61295,Middle Eastern,Rest Middle Eastern,Asian,490.8681,4126.6796,29.2604,249.3548,Middle Eastern
61296,Middle Eastern,Rest Middle Eastern,Asian,420.0419,1784.3257,3.1325,11.1946,Middle Eastern
61297,Middle Eastern,Rest Middle Eastern,Asian,0.8233,1912.0017,0.0972,216.0265,Middle Eastern
61298,Middle Eastern,Rest Middle Eastern,Asian,11.7649,66.5850,2.0922,1.3707,Middle Eastern
61299,Middle Eastern,Rest Middle Eastern,Asian,308.0915,3096.3960,94.0918,172.1154,Middle Eastern
61300,Middle Eastern,Rest Middle Eastern,Asian,1.0400,4.5100,0.2376,0.0258,Middle Eastern
61301,Middle Eastern,Rest Middle Eastern,Asian,11.6810,522.7800,1.0935,54.2264,Middle Eastern
61302,Middle Eastern,Rest Middle Eastern,Asian,14.1418,964.1123,90.4339,58.6098,Middle Eastern
61303,Middle Eastern,Rest Middle Eastern,Asian,2604.5090,11742.0388,327.6941,147.5849,Middle Eastern
61304,Middle Eastern,Rest Middle Eastern,Asian,208.0607,1464.6333,65.5430,46.5465,Middle Eastern
61305,Middle Eastern,Rest Middle Eastern,Asian,38.1316,789.3912,115.4285,21.0962,Middle Eastern
61306,Middle Eastern,Rest Middle Eastern,Asian,677.1968,4364.4951,401.6232,17.4322,Middle Eastern
61307,Middle Eastern,Rest Middle Eastern,Asian,13.6785,840.8869,92.5648,45.7994,Middle Eastern
61308,Middle Eastern,Rest Middle Eastern,Asian,11.3806,1018.9360,32.3350,95.7862,Middle Eastern
61309,Middle Eastern,Rest Middle Eastern,Asian,900.4474,5567.7129,181.5198,147.8270,Middle Eastern
61310,Middle Eastern,Rest Middle Eastern,Asian,50.1879,1172.8282,7.8363,109.3341,Middle Eastern
61311,Middle Eastern,Rest Middle Eastern,Asian,145.5650,1697.1335,179.8058,47.2835,Middle Eastern
61312,Middle Eastern,Rest Middle Eastern,Asian,154.3472,687.5500,7.2521,3.4990,Middle Eastern
61313,Middle Eastern,Rest Middle Eastern,Asian,18.9055,192.9118,1.0693,13.7174,Middle Eastern
61314,Middle Eastern,Rest Middle Eastern,Asian,70.6283,792.0946,48.4206,40.9325,Middle Eastern
61315,Middle Eastern,Rest Middle Eastern,Asian,153.2036,2536.6203,96.2732,171.7589,Middle Eastern
61316,Middle Eastern,Rest Middle Eastern,Asian,16.9176,99924.6473,166.8818,11214.4944,Middle Eastern
61317,Middle Eastern,Rest Middle Eastern,Asian,25.2575,1309.2032,17.5078,129.1825,Middle Eastern
61318,Middle Eastern,Rest Middle Eastern,Asian,36.4974,12318.9520,290.1272,1222.8214,Middle Eastern
61319,Middle Eastern,Rest Middle Eastern,Asian,34.5994,1843.6270,81.6521,152.8801,Middle Eastern
61320,Middle Eastern,Rest Middle Eastern,Asian,749.3807,4826.9612,111.9937,152.6796,Middle Eastern
61321,Middle Eastern,Rest Middle Eastern,Asian,32.8247,1119.2895,100.8050,64.1237,Middle Eastern
61322,Middle Eastern,Rest Middle Eastern,Asian,2088.0166,10774.0807,478.5898,191.5464,Middle Eastern
61323,Middle Eastern,Rest Middle Eastern,Asian,282.0478,1660.5102,88.2687,27.5218,Middle Eastern
61324,Middle Eastern,Rest Middle Eastern,Asian,151020.1616,917045.2842,51362.1841,14556.0702,Middle Eastern
61325,Middle Eastern,Rest Middle Eastern,Asian,74.1995,2496.3019,254.4830,141.2214,Middle Eastern
61326,Middle Eastern,Rest Middle Eastern,Asian,477.7932,6644.4908,231.4221,427.4995,Middle Eastern
61327,Middle Eastern,Rest Middle Eastern,Asian,27.8905,271.6853,11.5172,15.1116,Middle Eastern
61328,Middle Eastern,Rest Middle Eastern,Asian,26.2043,641.8757,69.7708,28.1110,Middle Eastern
61329,Middle Eastern,Rest Middle Eastern,Asian,53.3528,950.9035,29.0425,77.1303,Middle Eastern
61330,Middle Eastern,Rest Middle Eastern,Asian,138.2248,1379.9083,24.8001,81.0074,Middle Eastern
61331,Middle Eastern,Rest Middle Eastern,Asian,204.4491,1514.6105,70.0556,51.1474,Middle Eastern
61332,Middle Eastern,Rest Middle Eastern,Asian,41.4746,791.6855,15.1316,69.8911,Middle Eastern
61333,Middle Eastern,Rest Middle Eastern,Asian,78.3260,674.9145,36.9462,27.9420,Middle Eastern
61334,Middle Eastern,Rest Middle Eastern,Asian,293.4063,2569.0455,104.3430,122.2455,Middle Eastern
61335,Middle Eastern,Rest Middle Eastern,Asian,119.7331,953.9915,36.6002,47.2440,Middle Eastern
61336,Middle Eastern,Rest Middle Eastern,Asian,10.9544,503.6457,1.1571,51.0863,Middle Eastern
61337,Middle Eastern,Rest Middle Eastern,Asian,16.0212,878.0875,12.7881,88.1603,Middle Eastern
61338,Middle Eastern,Rest Middle Eastern,Asian,69.9939,677.9133,60.4847,16.7920,Middle Eastern
61339,Middle Eastern,Rest Middle Eastern,Asian,99.5017,926.6245,11.6904,61.7372,Middle Eastern
61340,Middle Eastern,Rest Middle Eastern,Asian,34.8935,1644.9073,67.1523,141.1316,Middle Eastern
61341,Middle Eastern,Rest Middle Eastern,Asian,191.7447,1426.1945,6.3875,79.2918,Middle Eastern
61342,Middle Eastern,Rest Middle Eastern,Asian,61.0085,1960.7124,88.5819,153.5534,Middle Eastern
61343,Middle Eastern,Rest Middle Eastern,Asian,159.2169,999.1630,16.9184,33.6385,Middle Eastern
61344,Middle Eastern,Rest Middle Eastern,Asian,20.5219,330.3720,2.8812,27.9379,Middle Eastern
61345,Middle Eastern,Rest Middle Eastern,Asian,100.7980,402.9900,0.0000,0.0000,Middle Eastern
61346,Middle Eastern,Rest Middle Eastern,Asian,682.3526,8004.2600,253.2511,474.3323,Middle Eastern
61347,Middle Eastern,Rest Middle Eastern,Asian,48.7826,597.1732,93.7521,2.8814,Middle Eastern
61348,Middle Eastern,Rest Middle Eastern,Asian,38.0565,2106.9558,135.8042,159.8253,Middle Eastern
61349,Middle Eastern,Rest Middle Eastern,Asian,83.3442,1687.7798,83.5827,115.5397,Middle Eastern
61350,Middle Eastern,Rest Middle Eastern,Asian,225.4043,1889.1891,160.0964,42.7647,Middle Eastern
61351,Middle Eastern,Rest Middle Eastern,Asian,11.0822,1017.4650,3.7254,109.9409,Middle Eastern
61352,Middle Eastern,Rest Middle Eastern,Asian,151016.3213,917139.3219,51349.9199,14575.0765,Middle Eastern
61353,Middle Eastern,Rest Middle Eastern,Asian,37.4731,338.9929,4.0894,21.6933,Middle Eastern
61354,Middle Eastern,Rest Middle Eastern,Asian,69.0329,1042.9026,63.6410,62.5184,Middle Eastern
61355,Middle Eastern,Rest Middle Eastern,Asian,66.6881,634.6417,15.6344,35.3951,Middle Eastern
61356,Middle Eastern,Rest Middle Eastern,Asian,453.3337,4152.1206,126.2881,209.0150,Middle Eastern
61357,Middle Eastern,Rest Middle Eastern,Asian,1.4729,981.8749,84.7367,68.3472,Middle Eastern
61358,Middle Eastern,Rest Middle Eastern,Asian,214.9223,1205.9915,14.5266,45.2516,Middle Eastern
61359,Middle Eastern,Rest Middle Eastern,Asian,138.7553,915.5536,28.5576,26.5911,Middle Eastern
61360,Middle Eastern,Rest Middle Eastern,Asian,196.7350,1336.1400,44.6289,42.1389,Middle Eastern
61361,Middle Eastern,Rest Middle Eastern,Asian,272.5947,2907.2569,145.0025,143.0792,Middle Eastern
61362,Middle Eastern,Rest Middle Eastern,Asian,278.8452,1975.2078,100.5031,58.5563,Middle Eastern
61363,Middle Eastern,Rest Middle Eastern,Asian,48.6066,3854.7490,238.2562,295.3097,Middle Eastern
61364,Middle Eastern,Rest Middle Eastern,Asian,109.1723,4493.0761,250.6228,338.9598,Middle Eastern
61365,Middle Eastern,Rest Middle Eastern,Asian,54.2367,853.1106,25.9242,67.1180,Middle Eastern
61366,Middle Eastern,Rest Middle Eastern,Asian,707.2779,9148.8531,75.0589,687.4918,Middle Eastern
61367,Middle Eastern,Rest Middle Eastern,Asian,36.3134,957.1343,42.2477,76.3134,Middle Eastern
61368,Middle Eastern,Rest Middle Eastern,Asian,0.9594,1823.2875,115.1498,147.2921,Middle Eastern
61369,Middle Eastern,Rest Middle Eastern,Asian,267.7780,1143.9267,33.5351,2.5980,Middle Eastern
61370,Middle Eastern,Rest Middle Eastern,Asian,120.0880,733.1816,31.5518,24.5756,Middle Eastern
61371,Middle Eastern,Rest Middle Eastern,Asian,48.7978,2454.8268,22.0552,238.8136,Middle Eastern
61372,Middle Eastern,Rest Middle Eastern,Asian,50.4664,335.2732,7.9071,10.6091,Middle Eastern
61373,Middle Eastern,Rest Middle Eastern,Asian,214.3783,13271.2611,85.1987,1369.6630,Middle Eastern
61374,Middle Eastern,Rest Middle Eastern,Asian,20.8418,373.6170,11.8360,29.0559,Middle Eastern
61375,Middle Eastern,Rest Middle Eastern,Asian,238.8355,1769.1220,55.6863,66.3417,Middle Eastern
61376,Middle Eastern,Rest Middle Eastern,Asian,2.0843,486.6512,0.4069,54.1339,Middle Eastern
61377,Middle Eastern,Rest Middle Eastern,Asian,63.2393,276.2519,4.4798,0.4480,Middle Eastern
61378,Middle Eastern,Rest Middle Eastern,Asian,42.1826,457.1129,15.7762,30.1386,Middle Eastern
61379,Middle Eastern,Rest Middle Eastern,Asian,323.6248,4427.7842,388.3365,170.8499,Middle Eastern
61380,Middle Eastern,Rest Middle Eastern,Asian,12.7052,292.4608,1.7322,27.2408,Middle Eastern
61381,Middle Eastern,Rest Middle Eastern,Asian,18.3369,191.7947,26.5509,1.7597,Middle Eastern
61382,Middle Eastern,Rest Middle Eastern,Asian,28.8472,323.2104,12.0518,21.5274,Middle Eastern
61383,Middle Eastern,Rest Middle Eastern,Asian,80.4902,1288.4380,115.4990,60.6364,Middle Eastern
61384,Middle Eastern,Rest Middle Eastern,Asian,,,,,Middle Eastern
61385,Middle Eastern,Rest Middle Eastern,Asian,8.9796,55.0740,2.3073,3.2085,Middle Eastern
61386,Middle Eastern,Rest Middle Eastern,Asian,72.1886,2558.4493,174.3803,181.6267,Middle Eastern
61387,Middle Eastern,Rest Middle Eastern,Asian,155.3916,3358.1305,123.0142,257.1232,Middle Eastern
61388,Middle Eastern,Rest Middle Eastern,Asian,88.3021,1460.2695,146.0372,58.0271,Middle Eastern
61389,Middle Eastern,Rest Middle Eastern,Asian,16.0839,1205.0148,150.7195,56.5784,Middle Eastern
61390,Middle Eastern,Rest Middle Eastern,Asian,24.9652,764.3058,27.3249,66.0595,Middle Eastern
61391,Middle Eastern,Rest Middle Eastern,Asian,278.0941,1785.9787,92.5171,40.1058,Middle Eastern
61392,Middle Eastern,Rest Middle Eastern,Asian,114.7765,725.2000,43.6450,19.8984,Middle Eastern
61393,Middle Eastern,Rest Middle Eastern,Asian,285.6277,4793.8800,221.6526,313.4218,Middle Eastern
61394,Middle Eastern,Rest Middle Eastern,Asian,244.6409,2511.5862,218.6738,91.0635,Middle Eastern
61395,Middle Eastern,Rest Middle Eastern,Asian,60.8747,258824.4126,50769.8134,4606.8324,Middle Eastern
61396,Middle Eastern,Rest Middle Eastern,Asian,307.5988,2586.5359,100.6388,114.8158,Middle Eastern
61397,Middle Eastern,Rest Middle Eastern,Asian,222.5447,4204.2720,389.8833,193.5148,Middle Eastern
61398,Middle Eastern,Rest Middle Eastern,Asian,166.8337,2000.4100,29.6542,135.7145,Middle Eastern
61399,Middle Eastern,Rest Middle Eastern,Asian,13.2895,6329.1510,490.1790,466.4017,Middle Eastern
61400,Middle Eastern,Rest Middle Eastern,Asian,7.4061,580.6649,49.1221,39.2684,Middle Eastern
61401,Middle Eastern,Rest Middle Eastern,Asian,102.8529,1347.4476,26.2063,104.0309,Middle Eastern
61402,Middle Eastern,Rest Middle Eastern,Asian,103.3836,1663.0523,51.7318,118.1581,Middle Eastern
61403,Middle Eastern,Rest Middle Eastern,Asian,379.5561,3063.6704,85.0772,141.7691,Middle Eastern
61404,Middle Eastern,Rest Middle Eastern,Asian,0.0000,0.0000,0.0000,0.0000,Middle Eastern
61405,Middle Eastern,Rest Middle Eastern,Asian,248.2361,1559.1600,53.3481,43.1099,Middle Eastern
61406,Middle Eastern,Rest Middle Eastern,Asian,,,,,Middle Eastern
61407,Middle Eastern,Rest Middle Eastern,Asian,18.3520,742.9416,41.4290,56.5300,Middle Eastern
61408,Middle Eastern,Rest Middle Eastern,Asian,172.9810,2844.8724,144.2780,174.0656,Middle Eastern
61409,Middle Eastern,Rest Middle Eastern,Asian,109.6647,2276.8247,272.7662,92.0091,Middle Eastern
61410,Middle Eastern,Rest Middle Eastern,Asian,52.5118,1518.1695,260.5631,23.7960,Middle Eastern
61411,Middle Eastern,Rest Middle Eastern,Asian,119.4184,2572.5161,333.6549,82.9296,Middle Eastern
61412,Middle Eastern,Rest Middle Eastern,Asian,37.3194,1146.3476,12.4715,109.6251,Middle Eastern
61413,Middle Eastern,Rest Middle Eastern,Asian,49.6175,763.1384,81.5557,28.1886,Middle Eastern
61414,Middle Eastern,Rest Middle Eastern,Asian,886.6122,34168.0500,29.2000,3493.4314,Middle Eastern
61415,Middle Eastern,Rest Middle Eastern,Asian,12.1908,1092.4332,32.7455,102.9517,Middle Eastern
61416,Middle Eastern,Rest Middle Eastern,Asian,5.5325,747.2335,25.6395,70.0523,Middle Eastern
61417,Middle Eastern,Rest Middle Eastern,Asian,20.3585,843.8220,96.2554,40.5303,Middle Eastern
61418,Middle Eastern,Rest Middle Eastern,Asian,128.6341,1794.3390,50.8557,133.9738,Middle Eastern
61419,Middle Eastern,Rest Middle Eastern,Asian,283.5772,1840.1050,140.5781,19.9620,Middle Eastern
61420,Middle Eastern,Rest Middle Eastern,Asian,46.9098,4494.2480,262.0205,359.9764,Middle Eastern
61421,Middle Eastern,Rest Middle Eastern,Asian,1.2798,8.9933,0.3918,0.4799,Middle Eastern
61422,Middle Eastern,Rest Middle Eastern,Asian,0.0000,466.3200,0.1110,52.5000,Middle Eastern
61423,Middle Eastern,Rest Middle Eastern,Asian,152.4538,1094.7265,9.1747,59.9491,Middle Eastern
61424,Middle Eastern,Rest Middle Eastern,Asian,2673.0088,151537.0107,9801.4718,11297.4084,Middle Eastern
61425,Middle Eastern,Rest Middle Eastern,Asian,36.3324,389.4610,18.7560,20.4119,Middle Eastern
61426,Middle Eastern,Rest Middle Eastern,Asian,19.3814,144889.2268,5.4845,16379.1760,Middle Eastern
61427,Middle Eastern,Rest Middle Eastern,Asian,53.2501,1820.4580,113.0128,133.3919,Middle Eastern
61428,Middle Eastern,Rest Middle Eastern,Asian,21.3338,1621.9781,127.6177,112.8414,Middle Eastern
61429,Middle Eastern,Rest Middle Eastern,Asian,85.7616,707.4377,5.6997,41.4278,Middle Eastern
61430,Middle Eastern,Rest Middle Eastern,Asian,242.9879,1217.0407,26.7217,12.9849,Middle Eastern
61431,Middle Eastern,Rest Middle Eastern,Asian,54.7644,1206.0100,6.6750,111.3439,Middle Eastern
61432,Middle Eastern,Rest Middle Eastern,Asian,300.2058,2464.2703,104.4318,90.1695,Middle Eastern
61433,Middle Eastern,Rest Middle Eastern,Asian,409.8848,3196.2201,144.5433,121.1157,Middle Eastern
61434,Middle Eastern,Rest Middle Eastern,Asian,194.9372,2091.0583,81.3377,114.2445,Middle Eastern
61435,Middle Eastern,Rest Middle Eastern,Asian,2.2063,1569.0191,189.5067,84.0272,Middle Eastern
61436,Middle Eastern,Rest Middle Eastern,Asian,65442.9417,792365.7728,56242.5895,34846.7802,Middle Eastern
61437,Middle Eastern,Rest Middle Eastern,Asian,31.5975,477.2458,5.7259,39.0025,Middle Eastern
61438,Middle Eastern,Rest Middle Eastern,Asian,582.3975,2968.8870,109.0566,19.5564,Middle Eastern
61439,Middle Eastern,Rest Middle Eastern,Asian,31.8936,1309.5550,43.2010,115.0260,Middle Eastern
61440,Middle Eastern,Rest Middle Eastern,Asian,212.0567,1685.2613,65.9104,69.7067,Middle Eastern
61441,Middle Eastern,Rest Middle Eastern,Asian,247.7711,2357.8945,113.5017,98.3261,Middle Eastern
61442,Middle Eastern,Rest Middle Eastern,Asian,144.0951,978.8940,56.4150,22.4447,Middle Eastern
61443,Middle Eastern,Rest Middle Eastern,Asian,331.8420,3409.4400,28.4190,218.5020,Middle Eastern
61444,Middle Eastern,Rest Middle Eastern,Asian,0.0000,0.0000,0.0000,0.0000,Middle Eastern
61445,Middle Eastern,Rest Middle Eastern,Asian,14.4742,954.4795,171.1582,24.1615,Middle Eastern
61446,Middle Eastern,Rest Middle Eastern,Asian,21.8088,1250.0045,109.3245,79.6611,Middle Eastern
61447,Middle Eastern,Rest Middle Eastern,Asian,110.9609,1260.3980,118.5033,41.9911,Middle Eastern
61448,Middle Eastern,Rest Middle Eastern,Asian,454.7261,2568.6083,69.6865,52.2575,Middle Eastern
61449,Middle Eastern,Rest Middle Eastern,Asian,196.5767,1595.1301,58.5061,73.2987,Middle Eastern
61450,Middle Eastern,Rest Middle Eastern,Asian,14.2073,1648.0347,181.2153,94.2178,Middle Eastern
61451,Middle Eastern,Rest Middle Eastern,Asian,87957.3248,597745.7833,31309.2385,16359.2047,Middle Eastern
61452,Middle Eastern,Rest Middle Eastern,Asian,166.0308,1788.7738,67.8274,99.8498,Middle Eastern
61453,Middle Eastern,Rest Middle Eastern,Asian,20.8148,5754.1069,152.4358,569.2265,Middle Eastern
61454,Middle Eastern,Rest Middle Eastern,Asian,64.9499,2209.8747,134.3749,158.2285,Middle Eastern
61455,Middle Eastern,Rest Middle Eastern,Asian,133.1630,1069.9275,28.8372,56.6218,Middle Eastern
61456,Middle Eastern,Rest Middle Eastern,Asian,15.1557,1217.1570,8.5258,128.0253,Middle Eastern
61457,Middle Eastern,Rest Middle Eastern,Asian,65.5966,2374.2335,50.7616,232.3998,Middle Eastern
61458,Middle Eastern,Rest Middle Eastern,Asian,7.8828,73.3888,0.9453,4.6014,Middle Eastern
61459,Middle Eastern,Rest Middle Eastern,Asian,18.5325,3118.1491,161.4529,262.2844,Middle Eastern
61460,Middle Eastern,Rest Middle Eastern,Asian,44.0080,1658.4933,78.2739,133.0534,Middle Eastern
61461,Middle Eastern,Rest Middle Eastern,Asian,167.1713,1448.1321,118.7414,32.6467,Middle Eastern
61462,Middle Eastern,Rest Middle Eastern,Asian,17.5076,912.4640,70.2928,62.2292,Middle Eastern
61463,Middle Eastern,Rest Middle Eastern,Asian,19.8670,1525.4852,195.9120,69.2010,Middle Eastern
61464,Middle Eastern,Rest Middle Eastern,Asian,68.4031,516.6307,15.0746,25.4330,Middle Eastern
61465,Middle Eastern,Rest Middle Eastern,Asian,256.0332,1311.4260,45.4627,9.3722,Middle Eastern
61466,Middle Eastern,Rest Middle Eastern,Asian,431.1402,3828.2154,155.9155,181.3781,Middle Eastern
61467,Middle Eastern,Rest Middle Eastern,Asian,13356.0418,494847.1420,79647.6744,14552.2421,Middle Eastern
61468,Middle Eastern,Rest Middle Eastern,Asian,41.6683,3055.8220,230.7853,214.0409,Middle Eastern
61469,Middle Eastern,Rest Middle Eastern,Asian,210.5021,1236.7254,65.8302,19.7234,Middle Eastern
61470,Middle Eastern,Rest Middle Eastern,Asian,182.0995,202893.8169,44915.7218,1166.4283,Middle Eastern
61471,Middle Eastern,Rest Middle Eastern,Asian,54.1980,3479.6121,122.2082,319.6748,Middle Eastern
61472,Middle Eastern,Rest Middle Eastern,Asian,231.3098,1379.1031,80.9350,19.0392,Middle Eastern
61473,Middle Eastern,Rest Middle Eastern,Asian,15.7069,294.2300,10.1182,23.4105,Middle Eastern
61474,Middle Eastern,Rest Middle Eastern,Asian,7.6792,332.9600,14.3468,27.6472,Middle Eastern
61475,Middle Eastern,Rest Middle Eastern,Asian,426.1932,3095.7466,147.0598,101.0071,Middle Eastern
61476,Middle Eastern,Rest Middle Eastern,Asian,32.7807,1087.9132,33.9173,93.3482,Middle Eastern
61477,Middle Eastern,Rest Middle Eastern,Asian,192.0272,916693.7043,57992.2774,74038.2993,Middle Eastern
61478,Middle Eastern,Rest Middle Eastern,Asian,24.2139,686.9675,72.6311,32.8745,Middle Eastern
61479,Middle Eastern,Rest Middle Eastern,Asian,10.8992,1616.6796,189.4618,83.9147,Middle Eastern
61480,Middle Eastern,Rest Middle Eastern,Asian,19.6035,680.3406,2.2768,67.7629,Middle Eastern
61481,Middle Eastern,Rest Middle Eastern,Asian,58.8179,383.7444,7.0668,16.8449,Middle Eastern
61482,Middle Eastern,Rest Middle Eastern,Asian,5.8391,2122.6560,131.4917,171.1616,Middle Eastern
61483,Middle Eastern,Rest Middle Eastern,Asian,34.9614,2033.7100,90.2422,171.5040,Middle Eastern
61484,Middle Eastern,Rest Middle Eastern,Asian,428.3287,3851.8122,155.4944,185.1760,Middle Eastern
61485,Middle Eastern,Rest Middle Eastern,Asian,24.8339,2049.2970,2.4579,216.5998,Middle Eastern
61486,Middle Eastern,Rest Middle Eastern,Asian,30.4174,923.9437,100.4064,44.1875,Middle Eastern
61487,Middle Eastern,Rest Middle Eastern,Asian,156.2873,1174.2397,40.3915,44.8172,Middle Eastern
61488,Middle Eastern,Rest Middle Eastern,Asian,343.1728,3310.4100,72.5276,189.4268,Middle Eastern
61489,Middle Eastern,Rest Middle Eastern,Asian,285.8210,2217.3200,91.0404,93.1442,Middle Eastern
61490,Middle Eastern,Rest Middle Eastern,Asian,13.1665,287.5240,2.1696,26.5285,Middle Eastern
61491,Middle Eastern,Rest Middle Eastern,Asian,3.8061,190.5983,0.6143,20.6373,Middle Eastern
61492,Middle Eastern,Rest Middle Eastern,Asian,16.3982,294.6323,35.8787,8.1650,Middle Eastern
61493,Middle Eastern,Rest Middle Eastern,Asian,5.8397,273.0520,1.1083,28.1882,Middle Eastern
61494,Middle Eastern,Rest Middle Eastern,Asian,327.0870,4292.8898,251.6731,221.1847,Middle Eastern
61495,Middle Eastern,Rest Middle Eastern,Asian,533.6657,3826.8250,192.2279,115.6743,Middle Eastern
61496,Middle Eastern,Rest Middle Eastern,Asian,237.4298,2423.9333,77.1193,130.1888,Middle Eastern
61497,Middle Eastern,Rest Middle Eastern,Asian,67.6421,1638.1693,88.9521,112.9748,Middle Eastern
61498,Middle Eastern,Rest Middle Eastern,Asian,50.0333,2012.8263,153.3540,131.0702,Middle Eastern
61499,Middle Eastern,Rest Middle Eastern,Asian,221.4927,1993.8232,143.0345,62.0936,Middle Eastern
61500,Middle Eastern,Rest Middle Eastern,Asian,149.1347,884.8000,26.1548,19.5232,Middle Eastern
61501,Middle Eastern,Rest Middle Eastern,Asian,57.0371,917.0029,44.6401,56.9002,Middle Eastern
61502,Middle Eastern,Rest Middle Eastern,Asian,15.0878,557.5705,11.2761,54.1594,Middle Eastern
61503,Middle Eastern,Rest Middle Eastern,Asian,208.4879,1721.2067,137.5132,40.6742,Middle Eastern
61504,Middle Eastern,Rest Middle Eastern,Asian,315.8909,2883.8425,124.7698,139.3997,Middle Eastern
61505,Middle Eastern,Rest Middle Eastern,Asian,99.7601,3915.1399,173.2904,313.3095,Middle Eastern
61506,Middle Eastern,Rest Middle Eastern,Asian,1.2394,6.6488,0.2387,0.1657,Middle Eastern
61507,Middle Eastern,Rest Middle Eastern,Asian,198.4672,7366.6708,352.0849,578.9048,Middle Eastern
61508,Middle Eastern,Rest Middle Eastern,Asian,13.9934,62.9500,2.3804,0.2462,Middle Eastern
61509,Middle Eastern,Rest Middle Eastern,Asian,144.9149,579.7632,0.0657,0.0851,Middle Eastern
61510,Middle Eastern,Rest Middle Eastern,Asian,260.3889,2831.1586,91.2493,168.4208,Middle Eastern
61511,Middle Eastern,Rest Middle Eastern,Asian,0.0000,3854.2400,0.0000,436.0000,Middle Eastern
61512,Middle Eastern,Rest Middle Eastern,Asian,74.9272,1732.8816,110.2044,119.3418,Middle Eastern
61513,Middle Eastern,Rest Middle Eastern,Asian,32.5146,1396.3965,203.8753,47.5854,Middle Eastern
61514,Middle Eastern,Rest Middle Eastern,Asian,248.2187,4860.1733,112.0940,394.5656,Middle Eastern
61515,Middle Eastern,Rest Middle Eastern,Asian,9.0610,289.8040,1.5598,27.0979,Middle Eastern
61516,Middle Eastern,Rest Middle Eastern,Asian,169.2693,835.1940,17.8505,15.5024,Middle Eastern
61517,Middle Eastern,Rest Middle Eastern,Asian,8.0475,1163.9202,82.3718,86.8754,Middle Eastern
61518,Middle Eastern,Rest Middle Eastern,Asian,226.1475,2946.8905,187.5594,143.7165,Middle Eastern
61519,Middle Eastern,Rest Middle Eastern,Asian,1145.1812,9247.5187,217.8604,475.0899,Middle Eastern
61520,Middle Eastern,Rest Middle Eastern,Asian,142.4774,624.0819,26.4659,2.9108,Middle Eastern
61521,Middle Eastern,Rest Middle Eastern,Asian,152522.3364,915482.8891,49938.1311,14631.2060,Middle Eastern
61522,Middle Eastern,Rest Middle Eastern,Asian,36.5582,676.0757,20.1596,52.1236,Middle Eastern
61523,Middle Eastern,Rest Middle Eastern,Asian,337.6904,3243.2911,210.6255,123.8455,Middle Eastern
61524,Middle Eastern,Rest Middle Eastern,Asian,53.8850,637.3356,61.2240,22.1928,Middle Eastern
61525,Middle Eastern,Rest Middle Eastern,Asian,31.3536,491.7800,15.0566,38.7228,Middle Eastern
61526,Middle Eastern,Rest Middle Eastern,Asian,170.0896,919.7839,56.3928,6.9810,Middle Eastern
61527,Middle Eastern,Rest Middle Eastern,Asian,9.3026,1248.9092,79.3591,98.3337,Middle Eastern
61528,Middle Eastern,Rest Middle Eastern,Asian,697.3440,6286.1566,318.2684,236.2042,Middle Eastern
61529,Middle Eastern,Rest Middle Eastern,Asian,107.4830,941.9095,42.5141,37.1649,Middle Eastern
61530,Middle Eastern,Rest Middle Eastern,Asian,1.9483,530.8957,90.0609,15.8072,Middle Eastern
61531,Middle Eastern,Rest Middle Eastern,Asian,30.0342,1104.0289,87.9106,68.6697,Middle Eastern
61532,Middle Eastern,Rest Middle Eastern,Asian,53.1984,1296.4800,75.1248,87.1008,Middle Eastern
61533,Middle Eastern,Rest Middle Eastern,Asian,513.2199,3827.7070,259.7375,77.7805,Middle Eastern
61534,Middle Eastern,Rest Middle Eastern,Asian,130.1181,777.1793,29.2196,22.2302,Middle Eastern
61535,Middle Eastern,Rest Middle Eastern,Asian,780.4744,19713.3986,437.8073,1653.8986,Middle Eastern
61536,Middle Eastern,Rest Middle Eastern,Asian,21.8085,2353.7258,187.2920,166.1467,Middle Eastern
61537,Middle Eastern,Rest Middle Eastern,Asian,169.3084,11899.3600,1735.6514,427.1560,Middle Eastern
61538,Middle Eastern,Rest Middle Eastern,Asian,49.2270,572.8000,45.5310,21.5770,Middle Eastern
61539,Middle Eastern,Rest Middle Eastern,Asian,4.3343,668.8801,98.9737,26.4457,Middle Eastern
61540,Middle Eastern,Rest Middle Eastern,Asian,27.2146,5668.0909,149.0929,554.8954,Middle Eastern
61541,Middle Eastern,Rest Middle Eastern,Asian,140.3926,1235.8147,124.8815,18.5566,Middle Eastern
61542,Middle Eastern,Rest Middle Eastern,Asian,202.7001,1266.1851,65.7346,25.7858,Middle Eastern
61543,Middle Eastern,Rest Middle Eastern,Asian,44.8004,1394.4040,79.3031,99.6402,Middle Eastern
61544,Middle Eastern,Rest Middle Eastern,Asian,52.2714,222.3860,7.9796,2.8223,Middle Eastern
61545,Middle Eastern,Rest Middle Eastern,Asian,192.4423,1150.8765,62.1596,18.7555,Middle Eastern
61546,Middle Eastern,Rest Middle Eastern,Asian,49.4533,577.3370,11.3713,42.0962,Middle Eastern
61547,Middle Eastern,Rest Middle Eastern,Asian,134.0334,1937.7036,149.8543,85.7488,Middle Eastern
61548,Middle Eastern,Rest Middle Eastern,Asian,546.8043,3566.3070,187.7572,80.3952,Middle Eastern
61549,Middle Eastern,Rest Middle Eastern,Asian,265.3331,5612.0225,76.8069,488.3636,Middle Eastern
61550,Middle Eastern,Rest Middle Eastern,Asian,395.0262,1964.0531,28.7173,32.5190,Middle Eastern
61551,Middle Eastern,Rest Middle Eastern,Asian,6.2866,35.5538,1.1938,0.8106,Middle Eastern
61552,Middle Eastern,Rest Middle Eastern,Asian,35.4188,2575.4888,265.7632,153.5049,Middle Eastern
61553,Middle Eastern,Rest Middle Eastern,Asian,59.5373,244.8340,3.6267,0.3932,Middle Eastern
61554,Middle Eastern,Rest Middle Eastern,Asian,80.0977,628.8432,37.0742,21.4779,Middle Eastern
61555,Middle Eastern,Rest Middle Eastern,Asian,7.9380,669.0600,16.1028,64.8648,Middle Eastern
61556,Middle Eastern,Rest Middle Eastern,Asian,391.9840,2150.0354,55.7524,42.3486,Middle Eastern
61557,Middle Eastern,Rest Middle Eastern,Asian,0.9450,1686.6897,147.4304,118.2464,Middle Eastern
61558,Middle Eastern,Rest Middle Eastern,Asian,411.1272,2693.0160,95.4881,73.5332,Middle Eastern
61559,Middle Eastern,Rest Middle Eastern,Asian,27581.3820,103806.0000,905.7180,157.7250,Middle Eastern
61560,Middle Eastern,Rest Middle Eastern,Asian,24.0208,342.0400,3.8336,27.3856,Middle Eastern
61561,Middle Eastern,Rest Middle Eastern,Asian,12.4726,172.6068,2.5280,15.0152,Middle Eastern
61562,Middle Eastern,Rest Middle Eastern,Asian,286.4119,3361.0443,117.8459,212.4474,Middle Eastern
61563,Middle Eastern,Rest Middle Eastern,Asian,187.3327,1076.3790,47.6465,23.6289,Middle Eastern
61564,Middle Eastern,Rest Middle Eastern,Asian,106.2233,1968.8554,111.2692,122.1256,Middle Eastern
61565,Middle Eastern,Rest Middle Eastern,Asian,86.3613,1149.2940,99.2385,45.6635,Middle Eastern
61566,Middle Eastern,Rest Middle Eastern,Asian,122.6039,1584.2097,78.7831,96.1329,Middle Eastern
61567,Middle Eastern,Rest Middle Eastern,Asian,10.5493,403.2700,1.2684,40.6238,Middle Eastern
61568,Middle Eastern,Rest Middle Eastern,Asian,25.7794,1881.4146,104.1757,151.7144,Middle Eastern
61569,Middle Eastern,Rest Middle Eastern,Asian,4.1507,1948.9408,0.9632,218.5234,Middle Eastern
61570,Middle Eastern,Rest Middle Eastern,Asian,81.0376,861.2428,8.9658,60.1833,Middle Eastern
61571,Middle Eastern,Rest Middle Eastern,Asian,156.6639,1254.4175,26.8312,57.1283,Middle Eastern
61572,Middle Eastern,Rest Middle Eastern,Asian,92.5132,832.6260,31.6523,38.8986,Middle Eastern
61573,Middle Eastern,Rest Middle Eastern,Asian,366.7877,2170.6028,125.5934,29.4879,Middle Eastern
61574,Middle Eastern,Rest Middle Eastern,Asian,475.5809,3166.0094,50.5750,121.1304,Middle Eastern
61575,Middle Eastern,Rest Middle Eastern,Asian,30.7794,757.5624,14.9097,67.6621,Middle Eastern
61576,Middle Eastern,Rest Middle Eastern,Asian,18.4256,215.2162,8.7128,13.6295,Middle Eastern
61577,Middle Eastern,Rest Middle Eastern,Asian,284.9502,2092.3052,52.6264,82.2376,Middle Eastern
61578,Middle Eastern,Rest Middle Eastern,Asian,5199.7093,70035.7097,3992.6239,3789.4329,Middle Eastern
61579,Middle Eastern,Rest Middle Eastern,Asian,20.8847,1040.9305,3.0898,108.4530,Middle Eastern
61580,Middle Eastern,Rest Middle Eastern,Asian,238.5572,1619.8960,121.2292,24.0631,Middle Eastern
61581,Middle Eastern,Rest Middle Eastern,Asian,424.5557,4789.2372,287.5162,218.6906,Middle Eastern
61582,Middle Eastern,Rest Middle Eastern,Asian,194.9931,1893.2521,117.9261,73.6733,Middle Eastern
61583,Middle Eastern,Rest Middle Eastern,Asian,29.4369,1265.8225,206.8914,38.7873,Middle Eastern
61584,Middle Eastern,Rest Middle Eastern,Asian,13.0396,595.5462,107.0816,13.9107,Middle Eastern
61585,Middle Eastern,Rest Middle Eastern,Asian,0.3426,1.2492,0.0289,0.0413,Middle Eastern
61586,Middle Eastern,Rest Middle Eastern,Asian,745.6856,4018.4338,84.0216,78.6128,Middle Eastern
61587,Middle Eastern,Rest Middle Eastern,Asian,46.6185,475.2422,62.4601,7.9219,Middle Eastern
61588,Middle Eastern,Rest Middle Eastern,Asian,34.3562,408.5750,9.7631,28.4624,Middle Eastern
61589,Middle Eastern,Rest Middle Eastern,Asian,20.9124,1331.1932,41.0872,122.4803,Middle Eastern
61590,Middle Eastern,Rest Middle Eastern,Asian,11.2205,108.6034,2.8803,3.3887,Middle Eastern
61591,Middle Eastern,Rest Middle Eastern,Asian,35.3324,864.4050,22.3184,76.1127,Middle Eastern
61592,Middle Eastern,Rest Middle Eastern,Asian,139.9531,637.8210,34.7473,13.5311,Middle Eastern
61593,Middle Eastern,Rest Middle Eastern,Asian,77.1733,437.7613,10.1515,11.9787,Middle Eastern
61594,Middle Eastern,Rest Middle Eastern,Asian,30.0797,537.4717,67.5286,15.2726,Middle Eastern
61595,Middle Eastern,Rest Middle Eastern,Asian,513.5491,3437.7570,74.9925,126.2900,Middle Eastern
61596,Middle Eastern,Rest Middle Eastern,Asian,213.1343,1249.6297,66.0991,19.6574,Middle Eastern
61597,Middle Eastern,Rest Middle Eastern,Asian,22.8272,468.9992,10.8362,38.1196,Middle Eastern
61598,Middle Eastern,Rest Middle Eastern,Asian,10.4184,2444.0452,166.2518,188.4722,Middle Eastern
61599,Middle Eastern,Rest Middle Eastern,Asian,336.0332,1658.5460,53.5369,7.4379,Middle Eastern
61600,Middle Eastern,Rest Middle Eastern,Asian,408.1801,2841.7520,24.9743,143.3250,Middle Eastern
61601,Middle Eastern,Rest Middle Eastern,Asian,207.6373,1607.7210,8.5867,89.5973,Middle Eastern
61602,Middle Eastern,Rest Middle Eastern,Asian,81.6768,727026.2890,45948.5605,58763.4620,Middle Eastern
61603,Middle Eastern,Rest Middle Eastern,Asian,18.1757,981.1572,91.5794,58.3851,Middle Eastern
61604,Middle Eastern,Rest Middle Eastern,Asian,127.9733,3012.2368,82.3302,248.5050,Middle Eastern
61605,Middle Eastern,Rest Middle Eastern,Asian,47.5216,578.8240,16.4885,41.4377,Middle Eastern
61606,Middle Eastern,Rest Middle Eastern,Asian,6.5087,150.4258,1.4852,13.9195,Middle Eastern
61607,Middle Eastern,Rest Middle Eastern,Asian,23.8012,216.3978,4.2650,13.4286,Middle Eastern
61608,Middle Eastern,Rest Middle Eastern,Asian,27.5262,124.1379,6.4768,1.0795,Middle Eastern
61609,Middle Eastern,Rest Middle Eastern,Asian,39.3236,574.8115,2.9739,47.0284,Middle Eastern
61610,Middle Eastern,Rest Middle Eastern,Asian,188.6214,1207.8452,20.0176,52.9596,Middle Eastern
61611,Middle Eastern,Rest Middle Eastern,Asian,49777.8474,854883.1648,46551.0286,50274.6982,Middle Eastern
61612,Middle Eastern,Rest Middle Eastern,Asian,449.1755,2422.8500,53.7430,46.6700,Middle Eastern
61613,Middle Eastern,Rest Middle Eastern,Asian,762.5754,6072.1630,170.6669,276.6866,Middle Eastern
61614,Middle Eastern,Rest Middle Eastern,Asian,344.1169,2297.9756,150.9632,37.8833,Middle Eastern
61615,Middle Eastern,Rest Middle Eastern,Asian,288.6442,2872.9259,50.6353,182.8220,Middle Eastern
61616,Middle Eastern,Rest Middle Eastern,Asian,142.0942,899.4609,28.4307,23.3284,Middle Eastern
61617,Middle Eastern,Rest Middle Eastern,Asian,414.6835,4150.2195,245.7031,174.1680,Middle Eastern
61618,Middle Eastern,Rest Middle Eastern,Asian,165.5627,790.6148,25.6938,5.4807,Middle Eastern
61619,Middle Eastern,Rest Middle Eastern,Asian,368.9715,2005.5742,66.2986,28.0255,Middle Eastern
61620,Middle Eastern,Rest Middle Eastern,Asian,39.6945,174.0668,5.8741,0.9281,Middle Eastern
61621,Middle Eastern,Rest Middle Eastern,Asian,39.4345,1508.3762,84.5415,113.8884,Middle Eastern
61622,Middle Eastern,Rest Middle Eastern,Asian,511.5222,4736.1653,584.8429,18.2166,Middle Eastern
61623,Middle Eastern,Rest Middle Eastern,Asian,58.2733,799.7123,105.0486,17.0266,Middle Eastern
61624,Middle Eastern,Rest Middle Eastern,Asian,18.8344,101.7525,4.0546,1.4406,Middle Eastern
61625,Middle Eastern,Rest Middle Eastern,Asian,15.3965,1881.4010,116.3250,147.1664,Middle Eastern
61626,Middle Eastern,Rest Middle Eastern,Asian,12.0251,199.3676,11.9737,12.7577,Middle Eastern
61627,Middle Eastern,Rest Middle Eastern,Asian,111.9552,808.9268,14.4782,36.1551,Middle Eastern
61628,Middle Eastern,Rest Middle Eastern,Asian,90.0716,859.8629,18.3925,56.1131,Middle Eastern
61629,Middle Eastern,Rest Middle Eastern,Asian,278.0624,17122.9583,399.4623,1609.2181,Middle Eastern
61630,Middle Eastern,Rest Middle Eastern,Asian,25.2562,254.6082,13.5443,13.3276,Middle Eastern
61631,Middle Eastern,Rest Middle Eastern,Asian,336.0189,2207.4335,40.2974,83.5887,Middle Eastern
61632,Middle Eastern,Rest Middle Eastern,Asian,95.2396,1415.2500,14.0104,113.8895,Middle Eastern
61633,Middle Eastern,Rest Middle Eastern,Asian,3.8777,953.7178,165.4618,30.5766,Middle Eastern
61634,Middle Eastern,Rest Middle Eastern,Asian,56.0012,387.4696,11.6628,16.3614,Middle Eastern
61635,Middle Eastern,Rest Middle Eastern,Asian,18.5740,605643.0980,38286.6029,48967.4789,Middle Eastern
61636,Middle Eastern,Rest Middle Eastern,Asian,222.0486,1761.4534,80.5023,66.7916,Middle Eastern
61637,Middle Eastern,Rest Middle Eastern,Asian,71.0092,382.9533,17.7894,8.7105,Middle Eastern
61638,Middle Eastern,Rest Middle Eastern,Asian,115.3808,1583.7725,108.3964,79.6326,Middle Eastern
61639,Middle Eastern,Rest Middle Eastern,Asian,29.9731,266.8655,7.2064,1.1963,Middle Eastern
61640,Middle Eastern,Rest Middle Eastern,Asian,15.2124,1238.9620,25.4070,120.9870,Middle Eastern
61641,Middle Eastern,Rest Middle Eastern,Asian,258.5674,1071.7389,13.1879,1.9762,Middle Eastern
61642,Middle Eastern,Rest Middle Eastern,Asian,8.2496,500.0917,6.3122,50.8152,Middle Eastern
61643,Middle Eastern,Rest Middle Eastern,Asian,24.6306,8268.0488,176.0076,830.2655,Middle Eastern
61644,Middle Eastern,Rest Middle Eastern,Asian,8.2730,390.2020,0.8514,41.0917,Middle Eastern
61645,Middle Eastern,Rest Middle Eastern,Asian,175.1484,2648.0299,151.3337,147.5453,Middle Eastern
61646,Middle Eastern,Rest Middle Eastern,Asian,160.5430,1532.4210,53.3172,82.5939,Middle Eastern
61647,Middle Eastern,Rest Middle Eastern,Asian,2138.0431,161373.9519,30853.6824,2304.0658,Middle Eastern
61648,Middle Eastern,Rest Middle Eastern,Asian,34.1411,367.2436,8.4097,24.1299,Middle Eastern
61649,Middle Eastern,Rest Middle Eastern,Asian,19.5303,1853.8156,203.0911,106.8102,Middle Eastern
61650,Middle Eastern,Rest Middle Eastern,Asian,5356.8718,223410.9780,2508.6587,23015.8033,Middle Eastern
61651,Middle Eastern,Rest Middle Eastern,Asian,26.2679,1588.7420,49.2775,143.0780,Middle Eastern
61652,Middle Eastern,Rest Middle Eastern,Asian,23.5518,8015.2520,175.7458,801.8990,Middle Eastern
61653,Middle Eastern,Rest Middle Eastern,Asian,48.8363,3453.1763,376.2457,188.7371,Middle Eastern
61654,Middle Eastern,Rest Middle Eastern,Asian,57.3720,3154.2933,120.4928,285.0371,Middle Eastern
61655,Middle Eastern,Rest Middle Eastern,Asian,14.7300,1101.1140,102.2977,67.4024,Middle Eastern
61656,Middle Eastern,Rest Middle Eastern,Asian,59.9657,1594.4395,92.1324,108.8678,Middle Eastern
61657,Middle Eastern,Rest Middle Eastern,Asian,28.4525,139.1247,7.0149,2.7022,Middle Eastern
61658,Middle Eastern,Rest Middle Eastern,Asian,24.8636,5306.7770,315.3999,430.3148,Middle Eastern
61659,Middle Eastern,Rest Middle Eastern,Asian,161.4435,398471.7172,78448.4516,9147.0011,Middle Eastern
61660,Middle Eastern,Rest Middle Eastern,Asian,143.1219,1355.8380,52.4160,69.0788,Middle Eastern
61661,Middle Eastern,Rest Middle Eastern,Asian,19.6198,188.4053,18.6383,5.1165,Middle Eastern
61662,Middle Eastern,Rest Middle Eastern,Asian,329.6950,6697.7895,241.0335,530.2311,Middle Eastern
61663,Middle Eastern,Rest Middle Eastern,Asian,86.1531,2414.8649,209.6504,130.8226,Middle Eastern
61664,Middle Eastern,Rest Middle Eastern,Asian,72.4733,559.5550,11.1644,28.5889,Middle Eastern
61665,Middle Eastern,Rest Middle Eastern,Asian,179.8923,1785.4877,71.6708,95.3385,Middle Eastern
61666,Middle Eastern,Rest Middle Eastern,Asian,22.8908,284.3824,7.0199,18.9987,Middle Eastern
61667,Middle Eastern,Rest Middle Eastern,Asian,1368.0034,7331.4710,324.2091,67.4715,Middle Eastern
61668,Middle Eastern,Rest Middle Eastern,Asian,297.9194,1803.8273,139.2924,47.9983,Middle Eastern
61669,Middle Eastern,Rest Middle Eastern,Asian,25.8401,1939.3011,410.4058,11.9242,Middle Eastern
61670,Middle Eastern,Rest Middle Eastern,Asian,28.3924,1083.9650,37.2251,93.1233,Middle Eastern
61671,Middle Eastern,Rest Middle Eastern,Asian,28.0533,1275.7540,14.0856,129.8809,Middle Eastern
61672,Middle Eastern,Rest Middle Eastern,Asian,15.3470,1324.5598,98.3996,96.7677,Middle Eastern
61673,Middle Eastern,Rest Middle Eastern,Asian,6298.1900,316499.0000,692.6200,32852.5200,Middle Eastern
61674,Middle Eastern,Rest Middle Eastern,Asian,251.6677,1880.8083,70.5585,73.2519,Middle Eastern
61675,Middle Eastern,Rest Middle Eastern,Asian,11.1597,466.7290,30.9508,33.8647,Middle Eastern
61676,Middle Eastern,Rest Middle Eastern,Asian,409.2448,2699.5071,117.3973,74.5382,Middle Eastern
61677,Middle Eastern,Rest Middle Eastern,Asian,47.4812,722.8189,21.3540,52.2736,Middle Eastern
61678,Middle Eastern,Rest Middle Eastern,Asian,58.2217,2823.1444,99.8677,247.5395,Middle Eastern
61679,Middle Eastern,Rest Middle Eastern,Asian,45.2027,746.1982,59.4015,37.8619,Middle Eastern
61680,Middle Eastern,Rest Middle Eastern,Asian,75.1777,851.1664,28.0462,52.7418,Middle Eastern
61681,Middle Eastern,Rest Middle Eastern,Asian,126077.2528,625346.0487,23603.3020,2592.7247,Middle Eastern
61682,Middle Eastern,Rest Middle Eastern,Asian,60.2292,20028.2000,436.3414,2004.1593,Middle Eastern
61683,Middle Eastern,Rest Middle Eastern,Asian,422.8873,2699.1132,152.2155,54.1439,Middle Eastern
61684,Middle Eastern,Rest Middle Eastern,Asian,21.5880,92.5100,2.6576,0.2458,Middle Eastern
61685,Middle Eastern,Rest Middle Eastern,Asian,641.7981,5094.6219,22.1658,285.1897,Middle Eastern
61686,Middle Eastern,Rest Middle Eastern,Asian,175.7365,4792.3555,178.9171,385.7303,Middle Eastern
61687,Middle Eastern,Rest Middle Eastern,Asian,263.7598,4294.5900,60.1063,349.6432,Middle Eastern
61688,Middle Eastern,Rest Middle Eastern,Asian,38.6426,10409.8295,381.7953,955.8065,Middle Eastern
61689,Middle Eastern,Rest Middle Eastern,Asian,29.6910,2757.2353,127.4938,245.6825,Middle Eastern
61690,Middle Eastern,Rest Middle Eastern,Asian,230.5106,1343.3315,24.7550,36.3978,Middle Eastern
61691,Middle Eastern,Rest Middle Eastern,Asian,6.6185,2318.8020,0.7819,258.5700,Middle Eastern
61692,Middle Eastern,Rest Middle Eastern,Asian,284.0223,3072.2600,110.8479,165.3907,Middle Eastern
61693,Middle Eastern,Rest Middle Eastern,Asian,306.9344,2123.6700,48.9368,80.9292,Middle Eastern
61694,Middle Eastern,Rest Middle Eastern,Asian,55.6718,1198.8600,13.3251,110.0168,Middle Eastern
61695,Middle Eastern,Rest Middle Eastern,Asian,31.3812,132.1565,0.6985,0.4674,Middle Eastern
61696,Middle Eastern,Rest Middle Eastern,Asian,12.5567,3924.4120,298.9245,289.7145,Middle Eastern
61697,Middle Eastern,Rest Middle Eastern,Asian,39.1950,976.4352,185.7154,5.1183,Middle Eastern
61698,Middle Eastern,Rest Middle Eastern,Asian,25.1402,658.7457,68.6343,31.3867,Middle Eastern
61699,Middle Eastern,Rest Middle Eastern,Asian,127.7228,716.5760,24.6274,17.0943,Middle Eastern
61700,Middle Eastern,Rest Middle Eastern,Asian,225.9881,2709.2018,138.5308,143.8280,Middle Eastern
61701,Middle Eastern,Rest Middle Eastern,Asian,158.2085,2558.2140,159.6302,145.2603,Middle Eastern
61702,Middle Eastern,Rest Middle Eastern,Asian,118.6285,1193.7133,96.1808,34.4430,Middle Eastern
61703,Middle Eastern,Rest Middle Eastern,Asian,49.6862,2231.3195,35.6414,216.3375,Middle Eastern
61704,Middle Eastern,Rest Middle Eastern,Asian,342.3595,2231.7130,50.8498,76.7448,Middle Eastern
61705,Middle Eastern,Rest Middle Eastern,Asian,192.9145,1281.2254,5.6864,59.0372,Middle Eastern
61706,Middle Eastern,Rest Middle Eastern,Asian,16.0546,72.6591,2.6753,0.7878,Middle Eastern
61707,Middle Eastern,Rest Middle Eastern,Asian,146.5825,2933.7793,149.8381,198.6787,Middle Eastern
61708,Middle Eastern,Rest Middle Eastern,Asian,144.9222,2654.9152,261.3653,120.4118,Middle Eastern
61709,Middle Eastern,Rest Middle Eastern,Asian,226.3451,3279.2500,83.7435,238.8017,Middle Eastern
61710,Middle Eastern,Rest Middle Eastern,Asian,283.3083,5537.6699,332.9955,334.1352,Middle Eastern
61711,Middle Eastern,Rest Middle Eastern,Asian,357.3137,10823.1431,104.6751,1045.2374,Middle Eastern
61712,Middle Eastern,Rest Middle Eastern,Asian,107.1235,1295.0941,31.5652,87.4757,Middle Eastern
61713,Middle Eastern,Rest Middle Eastern,Asian,291.4428,1742.4067,94.0408,28.4155,Middle Eastern
61714,Middle Eastern,Rest Middle Eastern,Asian,4.7862,1191.6729,142.6871,63.5920,Middle Eastern
61715,Middle Eastern,Rest Middle Eastern,Asian,5.2028,207.4706,11.0539,15.9963,Middle Eastern
61716,Middle Eastern,Rest Middle Eastern,Asian,63.9973,532.2000,15.4693,29.2931,Middle Eastern
61717,Middle Eastern,Rest Middle Eastern,Asian,192.6781,1508.7165,74.7726,51.7584,Middle Eastern
61718,Middle Eastern,Rest Middle Eastern,Asian,66.7341,318.5299,15.1682,7.9239,Middle Eastern
61719,Middle Eastern,Rest Middle Eastern,Asian,214.7292,1489.1598,64.0769,45.7028,Middle Eastern
61720,Middle Eastern,Rest Middle Eastern,Asian,14.8455,1994.1907,2.9148,218.3515,Middle Eastern
61721,Middle Eastern,Rest Middle Eastern,Asian,101945.6947,612317.0824,33155.8832,9797.9034,Middle Eastern
61722,Middle Eastern,Rest Middle Eastern,Asian,45.2170,266036.3738,52303.3027,6166.2293,Middle Eastern
61723,Middle Eastern,Rest Middle Eastern,Asian,23.1024,337.0513,3.2317,27.4707,Middle Eastern
61724,Middle Eastern,Rest Middle Eastern,Asian,214.9901,1264.0555,61.8513,26.9425,Middle Eastern
61725,Middle Eastern,Rest Middle Eastern,Asian,0.7892,1214.5602,76.7183,97.9943,Middle Eastern
61726,Middle Eastern,Rest Middle Eastern,Asian,38.1603,899.4244,112.6389,33.4302,Middle Eastern
61727,Middle Eastern,Rest Middle Eastern,Asian,204.8817,1409.3043,69.9819,40.3661,Middle Eastern
61728,Middle Eastern,Rest Middle Eastern,Asian,117.6100,4826.7982,212.1201,399.8788,Middle Eastern
61729,Middle Eastern,Rest Middle Eastern,Asian,30.0443,5518.9640,113.7465,552.2443,Middle Eastern
61730,Middle Eastern,Rest Middle Eastern,Asian,118.6087,1040.3040,37.3404,50.0029,Middle Eastern
61731,Middle Eastern,Rest Middle Eastern,Asian,305.2629,1701.0225,32.1812,37.0682,Middle Eastern
61732,Middle Eastern,Rest Middle Eastern,Asian,168.6356,4300.5443,236.6452,320.1262,Middle Eastern
61733,Middle Eastern,Rest Middle Eastern,Asian,75.0061,465.7820,13.7732,16.6780,Middle Eastern
61734,Middle Eastern,Rest Middle Eastern,Asian,39.3263,2747.0286,6.7315,292.8809,Middle Eastern
61735,Middle Eastern,Rest Middle Eastern,Asian,15.6640,676.7900,14.3200,64.1700,Middle Eastern
61736,Middle Eastern,Rest Middle Eastern,Asian,198.4388,808.3473,5.7243,1.5670,Middle Eastern
61737,Middle Eastern,Rest Middle Eastern,Asian,210.7619,1510.7343,73.5197,48.4169,Middle Eastern
61738,Middle Eastern,Rest Middle Eastern,Asian,593.8008,2284.3020,25.2040,2.9812,Middle Eastern
61739,Middle Eastern,Rest Middle Eastern,Asian,21.9333,337.9301,4.0297,28.6656,Middle Eastern
61740,Middle Eastern,Rest Middle Eastern,Asian,128.6082,1156.4121,9.4458,74.0129,Middle Eastern
61741,Middle Eastern,Rest Middle Eastern,Asian,120.6000,1331.8000,97.7730,61.8060,Middle Eastern
61742,Middle Eastern,Rest Middle Eastern,Asian,83.1169,1681.7179,68.1466,130.4029,Middle Eastern
61743,Middle Eastern,Rest Middle Eastern,Asian,281.4432,2901.9720,46.4754,177.3005,Middle Eastern
61744,Middle Eastern,Rest Middle Eastern,Asian,87.9434,865.8326,20.6129,56.6299,Middle Eastern
61745,Middle Eastern,Rest Middle Eastern,Asian,43.4416,1434.9217,72.3094,110.4841,Middle Eastern
61746,Middle Eastern,Rest Middle Eastern,Asian,54808.7465,704793.6828,43399.4789,36086.5293,Middle Eastern
61747,Middle Eastern,Rest Middle Eastern,Asian,256.7690,1979.8183,11.6573,111.5632,Middle Eastern
61748,Middle Eastern,Rest Middle Eastern,Asian,385.6246,2659.5916,123.9185,77.3810,Middle Eastern
61749,Middle Eastern,Rest Middle Eastern,Asian,34.9126,1606.4454,82.7551,126.0998,Middle Eastern
61750,Middle Eastern,Rest Middle Eastern,Asian,56.7464,1974.3012,130.9941,145.7862,Middle Eastern
61751,Middle Eastern,Rest Middle Eastern,Asian,,,,,Middle Eastern
61752,Middle Eastern,Rest Middle Eastern,Asian,14.0071,614.3007,43.4069,43.0552,Middle Eastern
61753,Middle Eastern,Rest Middle Eastern,Asian,46.1630,311.2442,12.5958,8.1467,Middle Eastern
61754,Middle Eastern,Rest Middle Eastern,Asian,28.9510,626.9600,0.8330,54.0000,Middle Eastern
61755,Middle Eastern,Rest Middle Eastern,Asian,138.2356,811.9462,23.5692,17.2041,Middle Eastern
61756,Middle Eastern,Rest Middle Eastern,Asian,198.4306,1399.8333,69.2093,41.9654,Middle Eastern
61757,Middle Eastern,Rest Middle Eastern,Asian,3.1250,561.2500,0.0000,62.6250,Middle Eastern
61758,Middle Eastern,Rest Middle Eastern,Asian,45.3266,442.9300,9.4866,29.1775,Middle Eastern
61759,Middle Eastern,Rest Middle Eastern,Asian,123.9516,545.9913,11.2200,0.2833,Middle Eastern
61760,Middle Eastern,Rest Middle Eastern,Asian,140.9654,652.6280,14.0322,10.5259,Middle Eastern
61761,Middle Eastern,Rest Middle Eastern,Asian,113.5048,1493.8094,165.1677,39.7081,Middle Eastern
61762,Middle Eastern,Rest Middle Eastern,Asian,,,,,Middle Eastern
61763,Middle Eastern,Rest Middle Eastern,Asian,40.6620,3203.2853,160.2754,264.5329,Middle Eastern
61764,Middle Eastern,Rest Middle Eastern,Asian,396.7504,1757.9050,17.2285,30.3536,Middle Eastern
61765,Middle Eastern,Rest Middle Eastern,Asian,208.2458,4103.1732,414.9994,171.8780,Middle Eastern
61766,Middle Eastern,Rest Middle Eastern,Asian,30.6353,438.0760,20.7447,27.3038,Middle Eastern
61767,Middle Eastern,Rest Middle Eastern,Asian,221.9563,1407.6991,72.6989,28.8611,Middle Eastern
61768,Middle Eastern,Rest Middle Eastern,Asian,29.9290,772.4881,94.9455,30.1140,Middle Eastern
61769,Middle Eastern,Rest Middle Eastern,Asian,,,,,Middle Eastern
61770,Middle Eastern,Rest Middle Eastern,Asian,,,,,Middle Eastern
61771,Middle Eastern,Rest Middle Eastern,Asian,399.9916,2498.1679,130.0369,51.7336,Middle Eastern
61772,Middle Eastern,Rest Middle Eastern,Asian,182.7504,10771.6226,92.9197,1111.4152,Middle Eastern
61773,Middle Eastern,Rest Middle Eastern,Asian,21.2801,290.7900,7.0915,22.0284,Middle Eastern
61774,Middle Eastern,Rest Middle Eastern,Asian,31.4440,3015.3933,30.1250,312.1827,Middle Eastern
61775,Middle Eastern,Rest Middle Eastern,Asian,213.4653,1546.5050,15.4829,70.4789,Middle Eastern
61776,Middle Eastern,Rest Middle Eastern,Asian,16.2958,1262.6125,118.3405,77.1080,Middle Eastern
61777,Middle Eastern,Rest Middle Eastern,Asian,179.4794,800.6297,44.1475,5.8903,Middle Eastern
61778,Middle Eastern,Rest Middle Eastern,Asian,228.8653,3329.3415,65.8180,255.5991,Middle Eastern
61779,Middle Eastern,Rest Middle Eastern,Asian,14.0100,6738.9290,45.8373,733.9550,Middle Eastern
61780,Middle Eastern,Rest Middle Eastern,Asian,1.9033,217.0617,18.9372,14.2915,Middle Eastern
61781,Middle Eastern,Rest Middle Eastern,Asian,40.5371,897.0006,127.2220,23.1933,Middle Eastern
61782,Middle Eastern,Rest Middle Eastern,Asian,2.6204,4610.9129,358.6198,341.4414,Middle Eastern
61783,Middle Eastern,Rest Middle Eastern,Asian,68.2959,2862.7000,170.3439,211.9305,Middle Eastern
61784,Middle Eastern,Rest Middle Eastern,Asian,53.2472,672.4820,4.9323,52.6675,Middle Eastern
61785,Middle Eastern,Rest Middle Eastern,Asian,0.7354,1365.0905,79.5449,113.6470,Middle Eastern
61786,Middle Eastern,Rest Middle Eastern,Asian,25.1337,2168.8162,47.2089,210.4755,Middle Eastern
61787,Middle Eastern,Rest Middle Eastern,Asian,298.0458,2035.7563,78.9463,56.7555,Middle Eastern
61788,Middle Eastern,Rest Middle Eastern,Asian,42.3303,211.6020,7.1965,0.1147,Middle Eastern
61789,Middle Eastern,Rest Middle Eastern,Asian,180.6681,925.0013,33.7433,10.4232,Middle Eastern
61790,Middle Eastern,Rest Middle Eastern,Asian,0.0000,509.4290,47.2870,34.4786,Middle Eastern
61791,Middle Eastern,Rest Middle Eastern,Asian,3817.1136,17673.4645,964.7917,182.5540,Middle Eastern
61792,Middle Eastern,Rest Middle Eastern,Asian,0.0000,0.0000,0.0000,0.0000,Middle Eastern
61793,Middle Eastern,Rest Middle Eastern,Asian,19.2752,273.4385,9.1466,18.6622,Middle Eastern
61794,Middle Eastern,Rest Middle Eastern,Asian,11.8547,680.8837,1.2179,72.7235,Middle Eastern
61795,Middle Eastern,Rest Middle Eastern,Asian,15.4510,150.1200,1.6105,9.6256,Middle Eastern
61796,Middle Eastern,Rest Middle Eastern,Asian,563.1451,2234.4658,43.3382,8.7721,Middle Eastern
61797,Middle Eastern,Rest Middle Eastern,Asian,856.4842,4495.7450,14.4789,112.6982,Middle Eastern
61798,Middle Eastern,Rest Middle Eastern,Asian,4.9678,3146.8707,379.2420,168.5084,Middle Eastern
61799,Middle Eastern,Rest Middle Eastern,Asian,68.4318,1354.3400,72.6700,90.8320,Middle Eastern
61800,Middle Eastern,Rest Middle Eastern,Asian,9.1890,2452.8950,15.5207,268.9048,Middle Eastern
61801,Middle Eastern,Rest Middle Eastern,Asian,4.1149,485.7212,42.1769,33.2902,Middle Eastern
61802,Middle Eastern,Rest Middle Eastern,Asian,44.6458,1340.0862,157.3184,55.2108,Middle Eastern
61803,Middle Eastern,Rest Middle Eastern,Asian,50.6961,4339.3650,14.4601,465.1624,Middle Eastern
61804,Middle Eastern,Rest Middle Eastern,Asian,28.7223,364.9850,22.2745,18.6908,Middle Eastern
61805,Middle Eastern,Rest Middle Eastern,Asian,22.0832,1898.0295,134.5117,141.7239,Middle Eastern
61806,Middle Eastern,Rest Middle Eastern,Asian,178.9240,1095.0133,14.0081,42.7459,Middle Eastern
61807,Middle Eastern,Rest Middle Eastern,Asian,64.0743,361.9208,11.0291,5.8900,Middle Eastern
61808,Middle Eastern,Rest Middle Eastern,Asian,96.2389,1733.8953,117.2898,99.8820,Middle Eastern
61809,Middle Eastern,Rest Middle Eastern,Asian,2.3998,1534.2880,81.8528,131.9722,Middle Eastern
61810,Middle Eastern,Rest Middle Eastern,Asian,15.7740,1593.3319,290.6284,34.3670,Middle Eastern
61811,Middle Eastern,Rest Middle Eastern,Asian,15.0065,701.7213,12.6030,70.2402,Middle Eastern
61812,Middle Eastern,Rest Middle Eastern,Asian,48.2475,1191.3550,16.6327,111.9467,Middle Eastern
61813,Middle Eastern,Rest Middle Eastern,Asian,53.5312,1860.4086,37.0182,169.3478,Middle Eastern
61814,Middle Eastern,Rest Middle Eastern,Asian,28.0813,1167.9540,81.3077,82.4851,Middle Eastern
61815,Middle Eastern,Rest Middle Eastern,Asian,102.5844,2049.3478,56.3347,159.6949,Middle Eastern
61816,Middle Eastern,Rest Middle Eastern,Asian,494.0527,2990.8408,136.1176,66.4769,Middle Eastern
61817,Middle Eastern,Rest Middle Eastern,Asian,190.3750,1469.9950,34.1130,62.8190,Middle Eastern
61818,Middle Eastern,Rest Middle Eastern,Asian,17.7962,1427.9285,91.3691,107.6478,Middle Eastern
61819,Middle Eastern,Rest Middle Eastern,Asian,58.8139,583.9620,15.5021,30.4545,Middle Eastern
61820,Middle Eastern,Rest Middle Eastern,Asian,169.4052,680.0683,8.8453,2.0412,Middle Eastern
61821,Middle Eastern,Rest Middle Eastern,Asian,579.0088,3711.4120,198.6654,79.1620,Middle Eastern
61822,Middle Eastern,Rest Middle Eastern,Asian,27.9906,660.5706,62.3657,33.9205,Middle Eastern
61823,Middle Eastern,Rest Middle Eastern,Asian,13.2960,552.0000,5.4960,57.2160,Middle Eastern
61824,Middle Eastern,Rest Middle Eastern,Asian,102.2157,570.7170,13.7408,17.6138,Middle Eastern
61825,Middle Eastern,Rest Middle Eastern,Asian,375.9212,2733.3639,135.2539,75.5579,Middle Eastern
61826,Middle Eastern,Rest Middle Eastern,Asian,92.8098,1113.8893,8.5613,86.8036,Middle Eastern
61827,Middle Eastern,Rest Middle Eastern,Asian,333.9496,3689.1350,23.3761,254.5994,Middle Eastern
61828,Middle Eastern,Rest Middle Eastern,Asian,277.7583,2340.9267,88.7216,105.6279,Middle Eastern
61829,Middle Eastern,Rest Middle Eastern,Asian,169.0952,2087.2300,29.5312,146.9713,Middle Eastern
61830,Middle Eastern,Rest Middle Eastern,Asian,10.3033,519.7468,34.0261,38.3321,Middle Eastern
61831,Middle Eastern,Rest Middle Eastern,Asian,126.9996,1821.3539,105.1075,120.5584,Middle Eastern
61832,Middle Eastern,Rest Middle Eastern,Asian,71.8695,584.6557,19.6629,27.3148,Middle Eastern
61833,Middle Eastern,Rest Middle Eastern,Asian,53.6228,1750.3544,154.9979,98.7567,Middle Eastern
61834,Middle Eastern,Rest Middle Eastern,Asian,50.0811,987.2450,25.1903,80.7584,Middle Eastern
61835,Middle Eastern,Rest Middle Eastern,Asian,18.9997,1544.7605,79.2746,127.2501,Middle Eastern
61836,Middle Eastern,Rest Middle Eastern,Asian,15.8479,1262.3346,96.6776,87.5167,Middle Eastern
61837,Middle Eastern,Rest Middle Eastern,Asian,97.1582,24139.4780,520.9477,2404.3728,Middle Eastern
61838,Middle Eastern,Rest Middle Eastern,Asian,8.5614,640.7275,1.6369,68.4578,Middle Eastern
61839,Middle Eastern,Rest Middle Eastern,Asian,51.5071,3333.0421,214.5082,254.9568,Middle Eastern
61840,Middle Eastern,Rest Middle Eastern,Asian,3.4791,553.0848,10.7061,56.6732,Middle Eastern
61841,Middle Eastern,Rest Middle Eastern,Asian,27.6446,2370.3314,180.2942,167.6799,Middle Eastern
61842,Middle Eastern,Rest Middle Eastern,Asian,494.7353,4683.3700,61.1064,289.7081,Middle Eastern
61843,Middle Eastern,Rest Middle Eastern,Asian,67.4298,892.8469,100.6765,23.3336,Middle Eastern
61844,Middle Eastern,Rest Middle Eastern,Asian,108.1206,1116.6054,16.4087,73.1138,Middle Eastern
61845,Middle Eastern,Rest Middle Eastern,Asian,370.8394,4102.2262,155.5740,243.0756,Middle Eastern
61846,Middle Eastern,Rest Middle Eastern,Asian,17.3489,182.0000,0.4647,13.1018,Middle Eastern
61847,Middle Eastern,Rest Middle Eastern,Asian,20.6698,985.1792,30.4938,87.8202,Middle Eastern
61848,Middle Eastern,Rest Middle Eastern,Asian,9.5423,1325.5180,84.4810,103.3069,Middle Eastern
61849,Middle Eastern,Rest Middle Eastern,Asian,190.5316,1424.9880,11.7801,78.4984,Middle Eastern
61850,Middle Eastern,Rest Middle Eastern,Asian,174.1581,901.7620,15.0264,15.2107,Middle Eastern
61851,Middle Eastern,Rest Middle Eastern,Asian,502.3646,4030.8785,123.9060,164.1602,Middle Eastern
61852,Middle Eastern,Rest Middle Eastern,Asian,346.5263,2397.5923,151.3042,45.1923,Middle Eastern
61853,Middle Eastern,Rest Middle Eastern,Asian,9163.6370,213585.0400,5248.5730,17675.7000,Middle Eastern
61854,Middle Eastern,Rest Middle Eastern,Asian,100.0278,567.5499,24.4358,16.7168,Middle Eastern
61855,Middle Eastern,Rest Middle Eastern,Asian,15.0524,74.3460,3.4936,3.1013,Middle Eastern
61856,Middle Eastern,Rest Middle Eastern,Asian,12.0105,4875.3369,574.1062,267.1960,Middle Eastern
61857,Middle Eastern,Rest Middle Eastern,Asian,289.4725,1806.7968,97.3055,34.8640,Middle Eastern
61858,Middle Eastern,Rest Middle Eastern,Asian,76.6516,387.3475,5.6116,7.8456,Middle Eastern
61859,Middle Eastern,Rest Middle Eastern,Asian,454.4369,2363.1391,100.5964,21.2245,Middle Eastern
61860,Middle Eastern,Rest Middle Eastern,Asian,195.5286,1643.3048,62.4436,72.4710,Middle Eastern
61861,Middle Eastern,Rest Middle Eastern,Asian,192.3700,1228.9796,27.3210,41.9406,Middle Eastern
61862,Middle Eastern,Rest Middle Eastern,Asian,37.5706,1611.9700,46.5332,146.0124,Middle Eastern
61863,Middle Eastern,Rest Middle Eastern,Asian,33.6465,146.5850,4.3308,0.5080,Middle Eastern
61864,Middle Eastern,Rest Middle Eastern,Asian,255.8392,1752.2012,154.6476,16.7250,Middle Eastern
61865,Middle Eastern,Rest Middle Eastern,Asian,131.6455,2080.4595,33.6769,161.8065,Middle Eastern
61866,Middle Eastern,Rest Middle Eastern,Asian,90.1152,1136.8070,57.4146,62.9060,Middle Eastern
61867,Middle Eastern,Rest Middle Eastern,Asian,5.9293,1251.3900,78.3930,100.1020,Middle Eastern
61868,Middle Eastern,Rest Middle Eastern,Asian,31.9035,866.9835,109.2522,32.1441,Middle Eastern
61869,Middle Eastern,Rest Middle Eastern,Asian,6.0281,28.2240,1.6426,0.3048,Middle Eastern
61870,Middle Eastern,Rest Middle Eastern,Asian,55.6960,330.0397,30.1983,3.0811,Middle Eastern
61871,Middle Eastern,Rest Middle Eastern,Asian,238.3624,1702.6930,68.5002,58.0894,Middle Eastern
61872,Middle Eastern,Rest Middle Eastern,Asian,73.1667,1684.4720,94.9873,108.7406,Middle Eastern
61873,Middle Eastern,Rest Middle Eastern,Asian,36.6183,4251.7885,347.7213,295.2164,Middle Eastern
61874,Middle Eastern,Rest Middle Eastern,Asian,167.4366,2893.2560,40.2145,235.3675,Middle Eastern
61875,Middle Eastern,Rest Middle Eastern,Asian,4.4912,1933.5050,108.9447,162.3406,Middle Eastern
61876,Middle Eastern,Rest Middle Eastern,Asian,0.0000,2165.8000,0.0000,245.0000,Middle Eastern
61877,Middle Eastern,Rest Middle Eastern,Asian,0.0000,0.0000,0.0000,0.0000,Middle Eastern
61878,Middle Eastern,Rest Middle Eastern,Asian,15.7448,139.6425,7.7476,4.9752,Middle Eastern
61879,Middle Eastern,Rest Middle Eastern,Asian,232.9724,1719.3213,72.3484,62.0234,Middle Eastern
61880,Middle Eastern,Rest Middle Eastern,Asian,33.1626,1108.4307,84.8568,68.3685,Middle Eastern
61881,Middle Eastern,Rest Middle Eastern,Asian,112.4082,3881.4972,328.2362,237.8818,Middle Eastern
61882,Middle Eastern,Rest Middle Eastern,Asian,142.8166,711.6532,23.9539,3.5979,Middle Eastern
61883,Middle Eastern,Rest Middle Eastern,Asian,142.3364,692.3080,17.0132,5.9084,Middle Eastern
61884,Middle Eastern,Rest Middle Eastern,Asian,80.3741,1991.5385,149.2805,121.6816,Middle Eastern
61885,Middle Eastern,Rest Middle Eastern,Asian,258.0702,2528.4299,95.8106,129.3180,Middle Eastern
61886,Middle Eastern,Rest Middle Eastern,Asian,74.9787,1245.7281,216.3847,6.2340,Middle Eastern
61887,Middle Eastern,Rest Middle Eastern,Asian,18.2132,79.3000,2.3352,0.3972,Middle Eastern
61888,Middle Eastern,Rest Middle Eastern,Asian,44.8320,192.0000,5.2800,0.4800,Middle Eastern
61889,Middle Eastern,Rest Middle Eastern,Asian,25407.7420,746935.1289,48700.5429,49299.5254,Middle Eastern
61890,Middle Eastern,Rest Middle Eastern,Asian,430.8186,2393.3355,51.3932,56.9636,Middle Eastern
61891,Middle Eastern,Rest Middle Eastern,Asian,35.8149,154.0450,6.4609,1.3234,Middle Eastern
61892,Middle Eastern,Rest Middle Eastern,Asian,0.0000,477.3600,0.0000,54.0000,Middle Eastern
61893,Middle Eastern,Rest Middle Eastern,Asian,7.4868,1305.8800,1.9152,144.2108,Middle Eastern
61894,Middle Eastern,Rest Middle Eastern,Asian,55.7614,2351.9809,147.9796,168.8987,Middle Eastern
61895,Middle Eastern,Rest Middle Eastern,Asian,9.1104,4582.5300,346.8464,341.6831,Middle Eastern
61896,Middle Eastern,Rest Middle Eastern,Asian,81.8233,736.8074,25.6517,42.9310,Middle Eastern
61897,Middle Eastern,Rest Middle Eastern,Asian,36.2182,4091.3190,485.0415,209.8166,Middle Eastern
61898,Middle Eastern,Rest Middle Eastern,Asian,3.2057,2089.0974,127.7918,170.0984,Middle Eastern
61899,Middle Eastern,Rest Middle Eastern,Asian,9.8888,4108.0522,378.9625,276.1972,Middle Eastern
61900,Middle Eastern,Rest Middle Eastern,Asian,338.5687,2443.4904,154.0488,55.8757,Middle Eastern
61901,Middle Eastern,Rest Middle Eastern,Asian,133.5927,1001.1052,47.7134,29.3868,Middle Eastern
61902,Middle Eastern,Rest Middle Eastern,Asian,504.5017,2813.5126,119.2647,39.5335,Middle Eastern
61903,Middle Eastern,Rest Middle Eastern,Asian,28.5164,1987.9389,91.9483,169.7241,Middle Eastern
61904,Middle Eastern,Rest Middle Eastern,Asian,557.2832,3642.0125,186.0587,87.5445,Middle Eastern
61905,Middle Eastern,Rest Middle Eastern,Asian,130.2410,1651.5800,44.5914,111.7854,Middle Eastern
61906,Middle Eastern,Rest Middle Eastern,Asian,12.5989,1238.0900,93.2887,88.1803,Middle Eastern
61907,Middle Eastern,Rest Middle Eastern,Asian,19.8598,454.6057,3.4884,42.1475,Middle Eastern
61908,Middle Eastern,Rest Middle Eastern,Asian,154.3030,1175.0961,16.7460,58.2683,Middle Eastern
61909,Middle Eastern,Rest Middle Eastern,Asian,51.6233,3096.2492,0.0691,327.0707,Middle Eastern
61910,Middle Eastern,Rest Middle Eastern,Asian,69.2451,792.5798,15.3931,56.4955,Middle Eastern
61911,Middle Eastern,Rest Middle Eastern,Asian,157.8681,3484.3052,294.5292,182.4396,Middle Eastern
61912,Middle Eastern,Rest Middle Eastern,Asian,73.3857,1456.4762,107.6724,79.7292,Middle Eastern
61913,Middle Eastern,Rest Middle Eastern,Asian,95.2247,1145.1307,95.0383,46.9251,Middle Eastern
61914,Middle Eastern,Rest Middle Eastern,Asian,33239.5395,184005.3340,4321.8605,3565.1625,Middle Eastern
61915,Middle Eastern,Rest Middle Eastern,Asian,96.1654,2694.5750,37.3102,245.6115,Middle Eastern
61916,Middle Eastern,Rest Middle Eastern,Asian,144.4151,1977.7850,96.7289,111.7928,Middle Eastern
61917,Middle Eastern,Rest Middle Eastern,Asian,43.7512,422.1000,13.7696,24.3200,Middle Eastern
61918,Middle Eastern,Rest Middle Eastern,Asian,28.2392,269.3842,11.8419,12.1869,Middle Eastern
61919,Middle Eastern,Rest Middle Eastern,Asian,89.3774,1684.3091,52.4844,125.2828,Middle Eastern
61920,Middle Eastern,Rest Middle Eastern,Asian,80.2140,913.9530,43.1692,49.5405,Middle Eastern
61921,Middle Eastern,Rest Middle Eastern,Asian,37.2559,2944.9897,159.1151,238.9318,Middle Eastern
61922,Middle Eastern,Rest Middle Eastern,Asian,14.7895,131.3400,3.9390,7.3293,Middle Eastern
61923,Middle Eastern,Rest Middle Eastern,Asian,23.8991,227.9762,4.5068,14.7567,Middle Eastern
61924,Middle Eastern,Rest Middle Eastern,Asian,34.4093,513.9218,5.4878,42.1924,Middle Eastern
61925,Middle Eastern,Rest Middle Eastern,Asian,16.0926,1879.9562,189.3572,115.1191,Middle Eastern
61926,Middle Eastern,Rest Middle Eastern,Asian,153.8508,3601.0016,248.8751,240.3535,Middle Eastern
61927,Middle Eastern,Rest Middle Eastern,Asian,94160.2212,462183.0140,15661.5337,1321.1682,Middle Eastern
61928,Middle Eastern,Rest Middle Eastern,Asian,60.0080,319.8000,10.0100,4.9920,Middle Eastern
61929,Middle Eastern,Rest Middle Eastern,Asian,4.4982,241.3625,3.8294,23.6386,Middle Eastern
61930,Middle Eastern,Rest Middle Eastern,Asian,114.1584,720.3417,45.8608,15.1614,Middle Eastern
61931,Middle Eastern,Rest Middle Eastern,Asian,127.6710,4891.8853,36.4645,477.9247,Middle Eastern
61932,Middle Eastern,Rest Middle Eastern,Asian,339.4230,2904.6000,45.1850,158.2432,Middle Eastern
61933,Middle Eastern,Rest Middle Eastern,Asian,79.7249,1246.8640,94.1861,60.8302,Middle Eastern
61934,Middle Eastern,Rest Middle Eastern,Asian,190.2835,1222.5293,61.6715,27.1334,Middle Eastern
61935,Middle Eastern,Rest Middle Eastern,Asian,164.0061,627.9200,7.5235,1.6533,Middle Eastern
61936,Middle Eastern,Rest Middle Eastern,Asian,32.0727,1838.2096,205.4534,93.8345,Middle Eastern
61937,Middle Eastern,Rest Middle Eastern,Asian,47.8742,591.5600,37.9458,28.4504,Middle Eastern
61938,Middle Eastern,Rest Middle Eastern,Asian,408.9447,4065.6987,195.7492,186.7173,Middle Eastern
61939,Middle Eastern,Rest Middle Eastern,Asian,431.4258,2846.8710,146.9900,71.0263,Middle Eastern
61940,Middle Eastern,Rest Middle Eastern,Asian,28.5764,1483.2488,50.8024,129.2740,Middle Eastern
61941,Middle Eastern,Rest Middle Eastern,Asian,455.0579,373119.2150,23281.5476,30191.7014,Middle Eastern
61942,Middle Eastern,Rest Middle Eastern,Asian,56.5405,1150.7667,100.1839,59.6668,Middle Eastern
61943,Middle Eastern,Rest Middle Eastern,Asian,280.1686,1910.1395,57.7978,60.0586,Middle Eastern
61944,Middle Eastern,Rest Middle Eastern,Asian,305.7369,5342.8987,326.9563,311.0289,Middle Eastern
61945,Middle Eastern,Rest Middle Eastern,Asian,,,,,Middle Eastern
61946,Middle Eastern,Rest Middle Eastern,Asian,180.1063,2399.3061,118.4926,137.3481,Middle Eastern
61947,Middle Eastern,Rest Middle Eastern,Asian,189.0276,784.3980,5.8116,4.0716,Middle Eastern
61948,Middle Eastern,Rest Middle Eastern,Asian,71.2242,2077.4979,70.4788,176.5195,Middle Eastern
61949,Middle Eastern,Rest Middle Eastern,Asian,230.7494,2019.5333,42.7440,115.4247,Middle Eastern
61950,Middle Eastern,Rest Middle Eastern,Asian,184.3740,437116.6965,27634.5043,35270.9422,Middle Eastern
61951,Middle Eastern,Rest Middle Eastern,Asian,14.0100,284.2560,1.7217,25.6169,Middle Eastern
61952,Middle Eastern,Rest Middle Eastern,Asian,40.5352,310.3774,7.7831,16.5042,Middle Eastern
61953,Middle Eastern,Rest Middle Eastern,Asian,36.9094,3657.1214,73.8764,358.7120,Middle Eastern
61954,Middle Eastern,Rest Middle Eastern,Asian,169.2755,1073.7763,57.2637,23.3409,Middle Eastern
61955,Middle Eastern,Rest Middle Eastern,Asian,12.3291,2388.8448,222.3345,154.6180,Middle Eastern
61956,Middle Eastern,Rest Middle Eastern,Asian,36.0645,5407.2891,337.2891,432.4940,Middle Eastern
61957,Middle Eastern,Rest Middle Eastern,Asian,8.9674,40.5600,1.9396,0.4212,Middle Eastern
61958,Middle Eastern,Rest Middle Eastern,Asian,40.8490,2113.3312,366.4641,46.9812,Middle Eastern
61959,Middle Eastern,Rest Middle Eastern,Asian,31.2327,494.0100,15.3314,38.6796,Middle Eastern
61960,Middle Eastern,Rest Middle Eastern,Asian,818.3051,4602.4775,264.9590,44.7961,Middle Eastern
61961,Middle Eastern,Rest Middle Eastern,Asian,8.1085,493.9100,25.9881,39.3619,Middle Eastern
61962,Middle Eastern,Rest Middle Eastern,Asian,42.5580,3834.0905,236.1531,298.9396,Middle Eastern
61963,Middle Eastern,Rest Middle Eastern,Asian,409.2211,2908.3367,96.5697,110.3081,Middle Eastern
61964,Middle Eastern,Rest Middle Eastern,Asian,162.5467,4062.5355,413.2171,184.6758,Middle Eastern
61965,Middle Eastern,Rest Middle Eastern,Asian,32.5877,1087.4383,56.1035,82.7499,Middle Eastern
61966,Middle Eastern,Rest Middle Eastern,Asian,24.8733,1925.0545,80.7452,166.4676,Middle Eastern
61967,Middle Eastern,Rest Middle Eastern,Asian,405.0943,3253.8215,143.2982,129.5368,Middle Eastern
61968,Middle Eastern,Rest Middle Eastern,Asian,39.5470,182.3318,4.2026,1.2941,Middle Eastern
61969,Middle Eastern,Rest Middle Eastern,Asian,50.7972,1654.4007,88.8505,119.4986,Middle Eastern
61970,Middle Eastern,Rest Middle Eastern,Asian,13.1749,2155.1480,116.5502,174.2584,Middle Eastern
61971,Middle Eastern,Rest Middle Eastern,Asian,196.0967,3077.5516,177.9025,180.7190,Middle Eastern
61972,Middle Eastern,Rest Middle Eastern,Asian,15.3556,2359.3088,116.6601,201.0716,Middle Eastern
61973,Middle Eastern,Rest Middle Eastern,Asian,1.3272,130.5900,0.5343,14.1681,Middle Eastern
61974,Middle Eastern,Rest Middle Eastern,Asian,45.3004,498.6100,10.6000,33.9102,Middle Eastern
61975,Middle Eastern,Rest Middle Eastern,Asian,53.8246,1094.0894,34.1514,91.6760,Middle Eastern
61976,Middle Eastern,Rest Middle Eastern,Asian,6.9500,925.1798,1.3249,102.4661,Middle Eastern
61977,Middle Eastern,Rest Middle Eastern,Asian,43.1604,1212.0175,23.2832,112.4270,Middle Eastern
61978,Middle Eastern,Rest Middle Eastern,Asian,15.0236,392.9725,3.0328,37.3597,Middle Eastern
61979,Middle Eastern,Rest Middle Eastern,Asian,247.7431,1795.4475,156.0226,23.3658,Middle Eastern
61980,Middle Eastern,Rest Middle Eastern,Asian,229.0321,1644.9883,77.7348,54.5136,Middle Eastern
61981,Middle Eastern,Rest Middle Eastern,Asian,56.9180,867.2270,52.3055,51.7186,Middle Eastern
61982,Middle Eastern,Rest Middle Eastern,Asian,20.8699,755.7211,15.4956,70.2889,Middle Eastern
61983,Middle Eastern,Rest Middle Eastern,Asian,324.6979,9594.1547,170.9315,874.8203,Middle Eastern
61984,Middle Eastern,Rest Middle Eastern,Asian,188.0816,1269.4135,46.8019,38.2811,Middle Eastern
61985,Middle Eastern,Rest Middle Eastern,Asian,534.9872,3133.2678,153.4790,52.7382,Middle Eastern
61986,Middle Eastern,Rest Middle Eastern,Asian,478.3626,2413.9200,42.5178,31.3509,Middle Eastern
61987,Middle Eastern,Rest Middle Eastern,Asian,247.4555,2125.0710,26.2736,119.3079,Middle Eastern
61988,Middle Eastern,Rest Middle Eastern,Asian,19.0808,325.9927,2.6317,28.0534,Middle Eastern
61989,Middle Eastern,Rest Middle Eastern,Asian,32.6899,2211.2854,186.6881,147.1934,Middle Eastern
61990,Middle Eastern,Rest Middle Eastern,Asian,43.7564,1425.1482,8.6640,138.3522,Middle Eastern
61991,Middle Eastern,Rest Middle Eastern,Asian,1.9336,643.4185,0.2048,72.1329,Middle Eastern
61992,Middle Eastern,Rest Middle Eastern,Asian,57.6923,1267.0548,101.5028,72.6743,Middle Eastern
61993,Middle Eastern,Rest Middle Eastern,Asian,12.0874,400.1670,28.4217,27.0723,Middle Eastern
61994,Middle Eastern,Rest Middle Eastern,Asian,31.1749,3018.5800,164.5183,248.1016,Middle Eastern
61995,Middle Eastern,Rest Middle Eastern,Asian,445.2178,2307.6568,109.9179,15.9767,Middle Eastern
61996,Middle Eastern,Rest Middle Eastern,Asian,101.8124,822.5500,65.5522,27.2915,Middle Eastern
61997,Middle Eastern,Rest Middle Eastern,Asian,606.7716,2917.3800,0.3816,54.5300,Middle Eastern
61998,Middle Eastern,Rest Middle Eastern,Asian,317.9988,4975.5548,132.1566,368.2942,Middle Eastern
61999,Middle Eastern,Rest Middle Eastern,Asian,276.3111,2940.6637,213.1381,117.3171,Middle Eastern
62000,Middle Eastern,Rest Middle Eastern,Asian,402.4248,2985.0102,134.8340,103.3720,Middle Eastern
62001,Middle Eastern,Rest Middle Eastern,Asian,176.6473,1978.3767,10.0464,147.2227,Middle Eastern
62002,Middle Eastern,Rest Middle Eastern,Asian,14.4148,486.6456,39.7511,29.5337,Middle Eastern
62003,Middle Eastern,Rest Middle Eastern,Asian,11.7464,826.4329,158.2515,12.8400,Middle Eastern
62004,Middle Eastern,Rest Middle Eastern,Asian,148.3648,3192.4083,19.2438,291.6890,Middle Eastern
62005,Middle Eastern,Rest Middle Eastern,Asian,136.8656,887.7114,28.3790,30.4409,Middle Eastern
62006,Middle Eastern,Rest Middle Eastern,Asian,22.8589,143.1925,7.3506,5.9720,Middle Eastern
62007,Middle Eastern,Rest Middle Eastern,Asian,48.1947,1736.3298,189.4582,86.9597,Middle Eastern
62008,Middle Eastern,Rest Middle Eastern,Asian,61.1439,1606.5680,99.3145,109.7176,Middle Eastern
62009,Middle Eastern,Rest Middle Eastern,Asian,6.5380,926.1140,88.8577,57.8124,Middle Eastern
62010,Middle Eastern,Rest Middle Eastern,Asian,3.3835,1967.8435,169.2561,137.3317,Middle Eastern
62011,Middle Eastern,Rest Middle Eastern,Asian,41.0682,921.2307,52.7450,65.6814,Middle Eastern
62012,Middle Eastern,Rest Middle Eastern,Asian,163.6062,1032.9136,58.5640,21.7708,Middle Eastern
62013,Middle Eastern,Rest Middle Eastern,Asian,3.7212,21.0215,1.3358,0.7071,Middle Eastern
62014,Middle Eastern,Rest Middle Eastern,Asian,17.9144,2367.7430,117.4479,202.0611,Middle Eastern
62015,Middle Eastern,Rest Middle Eastern,Asian,39.3459,374.7059,13.7375,20.0930,Middle Eastern
62016,Middle Eastern,Rest Middle Eastern,Asian,141.9948,902.0944,29.0672,23.4445,Middle Eastern
62017,Middle Eastern,Rest Middle Eastern,Asian,20.7689,813.4547,16.2079,75.7046,Middle Eastern
62018,Middle Eastern,Rest Middle Eastern,Asian,61.9794,265.5874,14.3324,2.0637,Middle Eastern
62019,Middle Eastern,Rest Middle Eastern,Asian,46.0873,1173.7855,98.3912,63.3399,Middle Eastern
62020,Middle Eastern,Rest Middle Eastern,Asian,18.1240,1538.5256,109.1667,116.7973,Middle Eastern
62021,Middle Eastern,Rest Middle Eastern,Asian,29.6661,174.8749,13.6025,2.2882,Middle Eastern
62022,Middle Eastern,Rest Middle Eastern,Asian,122.7792,728.9559,40.3158,12.6998,Middle Eastern
62023,Middle Eastern,Rest Middle Eastern,Asian,13.8323,85.3185,5.9886,1.4199,Middle Eastern
62024,Middle Eastern,Rest Middle Eastern,Asian,412.8238,6214.6752,63.1419,483.7218,Middle Eastern
62025,Middle Eastern,Rest Middle Eastern,Asian,403.6036,1613.2408,0.0486,0.0132,Middle Eastern
62026,Middle Eastern,Rest Middle Eastern,Asian,446.9635,6388.6141,366.1381,352.0216,Middle Eastern
62027,Middle Eastern,Rest Middle Eastern,Asian,30.3801,4342.3195,1.9894,477.1184,Middle Eastern
62028,Middle Eastern,Rest Middle Eastern,Asian,455.2361,2876.9868,142.6642,63.7215,Middle Eastern
62029,Middle Eastern,Rest Middle Eastern,Asian,412.4871,2660.7874,129.0593,65.1726,Middle Eastern
62030,Middle Eastern,Rest Middle Eastern,Asian,42.1169,1367.4272,59.7279,107.2628,Middle Eastern
62031,Middle Eastern,Rest Middle Eastern,Asian,12.6476,1635.4080,82.4489,138.9998,Middle Eastern
62032,Middle Eastern,Rest Middle Eastern,Asian,1.9749,6.8690,0.2046,0.0795,Middle Eastern
62033,Middle Eastern,Rest Middle Eastern,Asian,356.1545,4813.2993,265.9664,264.4649,Middle Eastern
62763,Middle Eastern,Palestinian,Asian,32.6634,672.5132,110.4827,12.9791,Middle Eastern
62764,Middle Eastern,Palestinian,Asian,30.1005,137.3298,6.8149,1.3594,Middle Eastern
62765,Middle Eastern,Palestinian,Asian,732.7896,8493.3263,78.6848,588.1656,Middle Eastern
62766,Middle Eastern,Palestinian,Asian,90.4043,904.6779,42.1177,45.0465,Middle Eastern
62767,Middle Eastern,Palestinian,Asian,212.6858,1688.3737,74.6145,67.8622,Middle Eastern
62768,Middle Eastern,Palestinian,Asian,74.1995,1435.4995,45.3145,116.8320,Middle Eastern
62769,Middle Eastern,Palestinian,Asian,93.3268,888.7028,21.8100,56.4369,Middle Eastern
62770,Middle Eastern,Palestinian,Asian,30.8220,768.4800,3.6300,72.3300,Middle Eastern
62771,Middle Eastern,Palestinian,Asian,45.8615,2256.2788,144.4129,166.3103,Middle Eastern
62772,Middle Eastern,Palestinian,Asian,38.4900,478.0960,14.2475,29.9203,Middle Eastern
62773,Middle Eastern,Palestinian,Asian,1790.4393,33863.2770,683.7104,2694.9897,Middle Eastern
62774,Middle Eastern,Palestinian,Asian,19.6517,1390.6427,196.7516,59.1717,Middle Eastern
62775,Middle Eastern,Palestinian,Asian,21.7154,574.3417,4.1144,54.8345,Middle Eastern
62776,Middle Eastern,Palestinian,Asian,131.7391,769.5154,58.9021,3.4840,Middle Eastern
62777,Middle Eastern,Palestinian,Asian,49.5914,275.0638,9.0114,5.5962,Middle Eastern
62778,Middle Eastern,Palestinian,Asian,30.2526,2153.5046,145.9794,156.1642,Middle Eastern
62779,Middle Eastern,Palestinian,Asian,530.8407,3458.1233,21.3299,142.0720,Middle Eastern
62780,Middle Eastern,Palestinian,Asian,7716.4568,80747.2898,4109.3700,4350.1035,Middle Eastern
62781,Middle Eastern,Palestinian,Asian,190.2576,1070.9983,70.1906,6.7254,Middle Eastern
62782,Middle Eastern,Palestinian,Asian,504.3408,2016.0683,0.0178,0.0122,Middle Eastern
62783,Middle Eastern,Palestinian,Asian,9.6230,1065.4572,192.9796,23.0266,Middle Eastern
62784,Middle Eastern,Palestinian,Asian,282.3462,3421.7915,98.4898,222.0877,Middle Eastern
62785,Middle Eastern,Palestinian,Asian,5738.8758,74856.4457,4257.2622,3982.1598,Middle Eastern
62786,Middle Eastern,Palestinian,Asian,29.7907,1071.5470,5.1393,109.9661,Middle Eastern
62787,Middle Eastern,Palestinian,Asian,683.6102,8016.3413,376.0038,409.7292,Middle Eastern
62788,Middle Eastern,Palestinian,Asian,76.6301,446.4745,27.9254,8.0904,Middle Eastern
62789,Middle Eastern,Palestinian,Asian,565.3344,4401.9424,95.6091,200.6671,Middle Eastern
62790,Middle Eastern,Palestinian,Asian,252.4006,1417.6469,74.8615,20.2076,Middle Eastern
62791,Middle Eastern,Palestinian,Asian,47.4314,452.9920,40.8070,11.9501,Middle Eastern
62792,Middle Eastern,Palestinian,Asian,10.3574,42.0457,1.4939,0.3049,Middle Eastern
62793,Middle Eastern,Palestinian,Asian,3.6359,1997.6495,195.0323,127.6443,Middle Eastern
62794,Middle Eastern,Palestinian,Asian,79.0321,410.5300,23.9505,14.5895,Middle Eastern
62795,Middle Eastern,Palestinian,Asian,395.5499,2686.3345,104.7627,82.2909,Middle Eastern
62796,Middle Eastern,Palestinian,Asian,27.5758,246.7000,5.9906,14.7910,Middle Eastern
62797,Middle Eastern,Palestinian,Asian,48.5893,390290.7712,119.2153,44077.6323,Middle Eastern
62798,Middle Eastern,Palestinian,Asian,136.1297,801.5090,42.4623,12.6981,Middle Eastern
62799,Middle Eastern,Palestinian,Asian,149.0906,2235.6944,249.2542,70.9755,Middle Eastern
62800,Middle Eastern,Palestinian,Asian,318.2049,2354.4514,172.0289,41.4526,Middle Eastern
62801,Middle Eastern,Palestinian,Asian,153.9421,1235.2905,118.9588,14.5141,Middle Eastern
62802,Middle Eastern,Palestinian,Asian,1284.9094,5991.5910,151.2017,32.4366,Middle Eastern
62803,Middle Eastern,Palestinian,Asian,9.2068,400.0880,2.2658,41.0946,Middle Eastern
62804,Middle Eastern,Palestinian,Asian,19.0451,310.7120,4.6654,26.2549,Middle Eastern
62805,Middle Eastern,Palestinian,Asian,819.3554,4838.9585,108.7090,139.6541,Middle Eastern
62806,Middle Eastern,Palestinian,Asian,220.8057,1183.1220,10.6527,39.0117,Middle Eastern
62807,Middle Eastern,Palestinian,Asian,142.3817,975.0150,14.1392,46.7930,Middle Eastern
62808,Middle Eastern,Palestinian,Asian,302.4338,5096.0282,151.2680,375.4902,Middle Eastern
62809,Middle Eastern,Palestinian,Asian,100.4473,520.8262,26.0439,6.0395,Middle Eastern
62810,Middle Eastern,Palestinian,Asian,87.8939,3566.2452,76.5933,351.9615,Middle Eastern
62811,Middle Eastern,Palestinian,Asian,2.2658,266.2825,2.7492,28.0571,Middle Eastern
62812,Middle Eastern,Palestinian,Asian,105.5969,851.2960,30.9129,31.9497,Middle Eastern
62813,Middle Eastern,Palestinian,Asian,340.3531,3580.4700,131.0473,204.0442,Middle Eastern
62814,Middle Eastern,Palestinian,Asian,200.5927,546337.4333,34517.6755,44106.1097,Middle Eastern
62815,Middle Eastern,Palestinian,Asian,8.2686,649.6408,5.3916,68.4132,Middle Eastern
62816,Middle Eastern,Palestinian,Asian,18.9208,325.0550,4.3208,28.1636,Middle Eastern
62817,Middle Eastern,Palestinian,Asian,22.7032,348.7375,7.8054,28.2713,Middle Eastern
62818,Middle Eastern,Palestinian,Asian,14.0301,1253.9112,129.7977,72.9813,Middle Eastern
62819,Middle Eastern,Palestinian,Asian,12.4878,61.8099,3.7478,0.9208,Middle Eastern
62820,Middle Eastern,Palestinian,Asian,34.0730,937.1335,22.1175,85.1674,Middle Eastern
62821,Middle Eastern,Palestinian,Asian,194.3982,1153.6613,62.0425,18.3321,Middle Eastern
62822,Middle Eastern,Palestinian,Asian,35.1687,820.8955,22.2424,71.3313,Middle Eastern
62823,Middle Eastern,Palestinian,Asian,21.1578,456.6404,14.2723,38.4066,Middle Eastern
62824,Middle Eastern,Palestinian,Asian,35.0911,698.6425,22.1220,57.8147,Middle Eastern
62825,Middle Eastern,Palestinian,Asian,9.0076,315.9636,18.0027,23.9276,Middle Eastern
62826,Middle Eastern,Palestinian,Asian,192.8899,1219.5737,64.0751,25.3175,Middle Eastern
62827,Middle Eastern,Palestinian,Asian,192.3197,2456.1650,127.2268,131.6420,Middle Eastern
62828,Middle Eastern,Palestinian,Asian,20.5070,482.2505,11.6098,42.5679,Middle Eastern
62829,Middle Eastern,Palestinian,Asian,38.5248,1132.2150,9.6932,109.1112,Middle Eastern
62830,Middle Eastern,Palestinian,Asian,29.3066,2812.5655,171.3527,224.3507,Middle Eastern
62831,Middle Eastern,Palestinian,Asian,54.2922,1002.2215,55.2463,65.7119,Middle Eastern
62832,Middle Eastern,Palestinian,Asian,939.5682,5164.7201,167.5361,73.4604,Middle Eastern
62833,Middle Eastern,Palestinian,Asian,127.4715,1071.8320,17.8931,56.7198,Middle Eastern
62834,Middle Eastern,Lebanese,Asian,249.6309,1880.0328,72.9342,73.9266,Middle Eastern
62835,Middle Eastern,Lebanese,Asian,181.4245,1189.2882,42.2767,38.2268,Middle Eastern
62836,Middle Eastern,Lebanese,Asian,303.3719,2239.6260,63.7575,87.2568,Middle Eastern
62837,Middle Eastern,Lebanese,Asian,36.1546,699.8295,26.5394,52.4759,Middle Eastern
62838,Middle Eastern,Lebanese,Asian,0.4116,14221.1001,1271.5602,973.1002,Middle Eastern
62839,Middle Eastern,Lebanese,Asian,307.6055,1559.1817,35.6217,23.7448,Middle Eastern
62840,Middle Eastern,Lebanese,Asian,167.6917,1987.3239,80.9748,117.4074,Middle Eastern
62841,Middle Eastern,Lebanese,Asian,377.4179,2016.5152,117.7538,12.1137,Middle Eastern
62842,Middle Eastern,Lebanese,Asian,33.4834,1143.1105,53.8559,90.7455,Middle Eastern
62843,Middle Eastern,Lebanese,Asian,18.3658,551.7000,1.9487,54.3172,Middle Eastern
62844,Middle Eastern,Lebanese,Asian,286.5105,1792.4292,72.4014,47.3694,Middle Eastern
62845,Middle Eastern,Lebanese,Asian,18.3989,86.1438,4.1478,1.2045,Middle Eastern
62846,Middle Eastern,Lebanese,Asian,29.5818,1340.7604,80.9848,98.6672,Middle Eastern
62847,Middle Eastern,Lebanese,Asian,158.1103,939.5800,20.8482,26.5935,Middle Eastern
62848,Middle Eastern,Lebanese,Asian,73.1929,969330.7405,61270.1722,78361.3855,Middle Eastern
62849,Middle Eastern,Lebanese,Asian,496.8760,3101.4931,74.6390,127.6747,Middle Eastern
62850,Middle Eastern,Lebanese,Asian,149.5338,1337.5699,44.6658,66.6868,Middle Eastern
62851,Middle Eastern,Lebanese,Asian,521.1245,3105.3368,167.7148,49.2546,Middle Eastern
62852,Middle Eastern,Lebanese,Asian,205.2586,1449.9683,73.0850,41.8311,Middle Eastern
62853,Middle Eastern,Lebanese,Asian,1.9571,497.7565,0.6331,54.1717,Middle Eastern
62854,Middle Eastern,Lebanese,Asian,635.8548,3637.1540,268.9629,16.8888,Middle Eastern
62855,Middle Eastern,Lebanese,Asian,67.5397,2134.7869,48.5868,193.9227,Middle Eastern
62856,Middle Eastern,Lebanese,Asian,26.0963,96.0320,2.6398,0.9180,Middle Eastern
62857,Middle Eastern,Lebanese,Asian,71.2584,1134.2712,134.3493,34.3932,Middle Eastern
62858,Middle Eastern,Lebanese,Asian,23906.9625,108252.3600,3875.0625,473.9375,Middle Eastern
62859,Middle Eastern,Lebanese,Asian,249.4138,1958.8355,114.4874,64.2495,Middle Eastern
62860,Middle Eastern,Lebanese,Asian,116.6275,2465.5072,34.5520,220.5832,Middle Eastern
62861,Middle Eastern,Lebanese,Asian,47.7881,878.6059,10.3833,75.7511,Middle Eastern
62862,Middle Eastern,Lebanese,Asian,121.6261,601.2000,21.1756,1.7535,Middle Eastern
62863,Middle Eastern,Lebanese,Asian,923.9434,46953.6258,1007.1460,4729.8090,Middle Eastern
62864,Middle Eastern,Lebanese,Asian,29.4820,132.8998,6.6964,1.1944,Middle Eastern
62865,Middle Eastern,Lebanese,Asian,82.5353,2786.6453,172.5751,197.7812,Middle Eastern
62866,Middle Eastern,Lebanese,Asian,320.9298,2330.9991,77.4871,80.8654,Middle Eastern
62867,Middle Eastern,Lebanese,Asian,32.7927,622.9839,5.1263,54.8007,Middle Eastern
62868,Middle Eastern,Lebanese,Asian,9.5410,363442.8500,22974.0067,29387.0032,Middle Eastern
62869,Middle Eastern,Lebanese,Asian,27.3152,935.8218,68.1302,66.7871,Middle Eastern
62870,Middle Eastern,Lebanese,Asian,156.0065,742.9500,15.7090,6.0800,Middle Eastern
62871,Middle Eastern,Lebanese,Asian,100.0177,1724.9815,141.6588,85.9451,Middle Eastern
62872,Middle Eastern,Lebanese,Asian,10.7864,992.5485,0.9607,108.6537,Middle Eastern
62873,Middle Eastern,Lebanese,Asian,3.2673,692.4150,1.1557,77.3605,Middle Eastern
62874,Middle Eastern,Lebanese,Asian,,,,,Middle Eastern
62875,Middle Eastern,Lebanese,Asian,460.0793,4256.2471,159.2654,215.4727,Middle Eastern
62876,Middle Eastern,Lebanese,Asian,277.7788,2681.2075,115.2783,119.7877,Middle Eastern
62877,Middle Eastern,Lebanese,Asian,13.7564,1495.9690,2.3716,162.4340,Middle Eastern
62878,Middle Eastern,Lebanese,Asian,6.3616,2159.7586,169.1826,156.3922,Middle Eastern
62879,Middle Eastern,Lebanese,Asian,10.2238,35.8072,1.0493,0.4363,Middle Eastern
62880,Middle Eastern,Lebanese,Asian,18.3372,427.4760,2.0154,41.4714,Middle Eastern
62881,Middle Eastern,Lebanese,Asian,30.1833,281.8617,41.0772,1.6365,Middle Eastern
62882,Middle Eastern,Lebanese,Asian,212.0190,1374.2083,70.0229,33.2855,Middle Eastern
62883,Middle Eastern,Lebanese,Asian,26.7820,1673.2771,193.0887,86.3119,Middle Eastern
62884,Middle Eastern,Lebanese,Asian,309.6661,3589.5748,128.8852,208.8459,Middle Eastern
62885,Middle Eastern,Lebanese,Asian,22.9565,369.3222,11.4953,29.0206,Middle Eastern
62886,Middle Eastern,Lebanese,Asian,116.4036,506.4198,20.2656,3.7466,Middle Eastern
62887,Middle Eastern,Lebanese,Asian,26.7366,590.0554,84.0287,15.9773,Middle Eastern
62888,Middle Eastern,Lebanese,Asian,28.3684,4034.3552,306.0695,300.6025,Middle Eastern
62889,Middle Eastern,Lebanese,Asian,304.1035,2700.7150,94.2027,125.1918,Middle Eastern
62890,Middle Eastern,Lebanese,Asian,63.2829,275.3900,12.8090,1.1231,Middle Eastern
62891,Middle Eastern,Lebanese,Asian,122.4052,847.1200,36.8417,23.8357,Middle Eastern
62892,Middle Eastern,Lebanese,Asian,49.2871,2870.1015,170.9488,216.7112,Middle Eastern
62893,Middle Eastern,Lebanese,Asian,99.2227,919.1531,21.6593,57.3553,Middle Eastern
62894,Middle Eastern,Lebanese,Asian,4.4870,1079.3432,209.7951,25.0353,Middle Eastern
62895,Middle Eastern,Lebanese,Asian,79.0189,2097.5562,90.3545,162.4774,Middle Eastern
62896,Middle Eastern,Lebanese,Asian,31667.5817,156625.1503,2354.3242,1916.1599,Middle Eastern
62897,Middle Eastern,Lebanese,Asian,11.8203,113.0533,5.8812,5.4547,Middle Eastern
62898,Middle Eastern,Lebanese,Asian,243.2487,3042.9115,334.0645,77.3827,Middle Eastern
62899,Middle Eastern,Lebanese,Asian,94.1363,1820.0815,96.9625,123.0134,Middle Eastern
62900,Middle Eastern,Lebanese,Asian,369.0744,9683.6476,1504.9947,199.6579,Middle Eastern
62901,Middle Eastern,Lebanese,Asian,16.0756,208.2808,14.3686,9.6832,Middle Eastern
62902,Middle Eastern,Lebanese,Asian,91.8179,1921.8869,270.2739,52.3085,Middle Eastern
62903,Middle Eastern,Lebanese,Asian,157.9194,2928.3986,131.7081,193.9287,Middle Eastern
62904,Middle Eastern,Lebanese,Asian,469.5451,23563.9825,513.5982,2367.0485,Middle Eastern
62905,Middle Eastern,Lebanese,Asian,319.5950,1868.5000,86.8900,25.2440,Middle Eastern
62906,Middle Eastern,Lebanese,Asian,43.7340,2884.2240,167.1214,224.9645,Middle Eastern
62907,Middle Eastern,Lebanese,Asian,0.0000,0.0000,0.0000,0.0000,Middle Eastern
62908,Middle Eastern,Lebanese,Asian,3.2781,939.0248,92.4720,58.1765,Middle Eastern
62909,Middle Eastern,Lebanese,Asian,31.0522,380.1400,41.8264,9.6988,Middle Eastern
62910,Middle Eastern,Lebanese,Asian,7.9881,106.4823,3.5952,7.7484,Middle Eastern
62911,Middle Eastern,Lebanese,Asian,43.0381,1255.7694,217.4032,26.7599,Middle Eastern
62912,Middle Eastern,Lebanese,Asian,37.8419,613.6304,50.7697,29.9814,Middle Eastern
62913,Middle Eastern,Lebanese,Asian,11.8606,60.7340,4.4010,0.7172,Middle Eastern
62914,Middle Eastern,Lebanese,Asian,7.8598,2058.7095,190.0424,138.7324,Middle Eastern
62915,Middle Eastern,Lebanese,Asian,140.7701,1017.1826,39.0447,35.2369,Middle Eastern
62916,Middle Eastern,Lebanese,Asian,196.0480,1187.3733,63.8981,20.8133,Middle Eastern
62917,Middle Eastern,Lebanese,Asian,6.0360,53.1000,1.4580,2.5770,Middle Eastern
62918,Middle Eastern,Lebanese,Asian,5879.3656,75749.5904,4047.8026,4015.8993,Middle Eastern
62919,Middle Eastern,Lebanese,Asian,33.1548,278.4202,10.6900,15.0106,Middle Eastern
62920,Middle Eastern,Lebanese,Asian,183.8397,2771.1080,18.9871,222.3868,Middle Eastern
62921,Middle Eastern,Lebanese,Asian,29.8880,1082.7200,3.5200,108.3200,Middle Eastern
62922,Middle Eastern,Lebanese,Asian,27.0660,2491.3405,124.2447,212.5892,Middle Eastern
62923,Middle Eastern,Lebanese,Asian,72.3726,1263.7326,62.7203,86.7124,Middle Eastern
62924,Middle Eastern,Lebanese,Asian,14.3125,179.6790,1.8190,13.3141,Middle Eastern
62925,Middle Eastern,Lebanese,Asian,226.8407,3116.6908,83.5334,220.1211,Middle Eastern
62926,Middle Eastern,Lebanese,Asian,158.6500,2291.9693,99.0543,139.2682,Middle Eastern
62927,Middle Eastern,Lebanese,Asian,36.4833,651.3777,40.9433,39.4341,Middle Eastern
62928,Middle Eastern,Lebanese,Asian,30.8796,259.7475,12.3312,9.2836,Middle Eastern
62929,Middle Eastern,Lebanese,Asian,256.4332,1437.8158,73.1512,19.9425,Middle Eastern
62930,Middle Eastern,Lebanese,Asian,181.8102,1117.4400,38.4798,33.9540,Middle Eastern
62931,Middle Eastern,Lebanese,Asian,9.0837,1722.9230,362.8156,16.9606,Middle Eastern
62932,Middle Eastern,Lebanese,Asian,97.3524,1187.3027,155.4110,22.3183,Middle Eastern
62933,Middle Eastern,Lebanese,Asian,151.3365,961.6300,15.1590,33.0300,Middle Eastern
62934,Middle Eastern,Lebanese,Asian,18.5022,1208.8892,217.8715,29.5582,Middle Eastern
62935,Middle Eastern,Lebanese,Asian,71.3144,334.6572,16.7290,3.4987,Middle Eastern
62936,Middle Eastern,Lebanese,Asian,59.9653,721.3200,47.3006,33.0480,Middle Eastern
62937,Middle Eastern,Lebanese,Asian,287.4019,2306.6400,126.0465,83.6879,Middle Eastern
62938,Middle Eastern,Lebanese,Asian,346.0855,2185.4994,151.2678,29.2197,Middle Eastern
62939,Middle Eastern,Lebanese,Asian,626.2229,2727.6966,14.8383,46.6683,Middle Eastern
62940,Middle Eastern,Lebanese,Asian,38.1199,633.1050,3.4528,54.9894,Middle Eastern
62941,Middle Eastern,Lebanese,Asian,17.9177,81.2960,4.4808,0.9356,Middle Eastern
62942,Middle Eastern,Lebanese,Asian,398.3010,1580.8388,3.9790,1.5730,Middle Eastern
62943,Middle Eastern,Lebanese,Asian,79.7907,6958.0218,579.5272,473.8506,Middle Eastern
62944,Middle Eastern,Lebanese,Asian,257.4120,1529.8933,82.1647,24.3552,Middle Eastern
62945,Middle Eastern,Lebanese,Asian,115.0283,1718.6372,103.7492,101.3933,Middle Eastern
62946,Middle Eastern,Lebanese,Asian,15.9731,545.4785,3.3224,54.8260,Middle Eastern
62947,Middle Eastern,Lebanese,Asian,15.3048,963.0195,90.0437,58.1451,Middle Eastern
62948,Middle Eastern,Lebanese,Asian,15.3842,167.3300,9.2647,8.0225,Middle Eastern
62949,Middle Eastern,Lebanese,Asian,29.0341,600.2100,6.9072,55.6180,Middle Eastern
62950,Middle Eastern,Lebanese,Asian,13.2480,287.0020,1.3367,27.4292,Middle Eastern
62951,Middle Eastern,Lebanese,Asian,128.4117,973.4720,64.0154,26.2411,Middle Eastern
62952,Middle Eastern,Lebanese,Asian,3.0347,1542.5325,122.3569,113.2627,Middle Eastern
62953,Middle Eastern,Lebanese,Asian,,,,,Middle Eastern
62954,Middle Eastern,Lebanese,Asian,157.4247,1794.5492,60.5205,103.6512,Middle Eastern
62955,Middle Eastern,Lebanese,Asian,455.6151,2961.1259,96.0839,84.0702,Middle Eastern
62956,Middle Eastern,Lebanese,Asian,20.7664,951.9030,50.3259,79.6919,Middle Eastern
62957,Middle Eastern,Lebanese,Asian,151.2001,1779.8600,15.5939,125.0003,Middle Eastern
62958,Middle Eastern,Lebanese,Asian,15.8309,1982.1001,167.5417,134.9526,Middle Eastern
62959,Middle Eastern,Lebanese,Asian,159.0375,1766.7460,26.5428,117.0986,Middle Eastern
62960,Middle Eastern,Lebanese,Asian,13.3578,2288.3508,177.1542,165.3833,Middle Eastern
62961,Middle Eastern,Lebanese,Asian,149.2520,1763.1041,29.2841,128.0831,Middle Eastern
62962,Middle Eastern,Lebanese,Asian,163.4023,722.6506,34.8350,4.6347,Middle Eastern
62963,Middle Eastern,Lebanese,Asian,78.6189,825.6800,14.7483,57.2509,Middle Eastern
62964,Middle Eastern,Lebanese,Asian,431.8555,2618.3813,106.5521,67.3285,Middle Eastern
62965,Middle Eastern,Lebanese,Asian,0.0000,0.0000,0.0000,0.0000,Middle Eastern
62966,Middle Eastern,Lebanese,Asian,34.9041,174.7807,8.7543,0.8618,Middle Eastern
62967,Middle Eastern,Lebanese,Asian,9.7080,746.6120,1.4505,83.5234,Middle Eastern
62968,Middle Eastern,Lebanese,Asian,220.8543,2193.8789,166.8693,93.1234,Middle Eastern
62969,Middle Eastern,Lebanese,Asian,1043.9697,9035.9197,147.2197,488.5575,Middle Eastern
62970,Middle Eastern,Lebanese,Asian,3.4680,20.3875,0.6795,0.4709,Middle Eastern
62971,Middle Eastern,Lebanese,Asian,7.5042,505.9297,0.8889,54.3956,Middle Eastern
62972,Middle Eastern,Lebanese,Asian,2487.6041,12859.1914,646.3126,237.3329,Middle Eastern
62973,Middle Eastern,Lebanese,Asian,257.4416,1436.5400,73.9516,19.9100,Middle Eastern
62974,Middle Eastern,Lebanese,Asian,0.0000,0.0000,0.0000,0.0000,Middle Eastern
62975,Middle Eastern,Lebanese,Asian,41.1736,2635.2560,106.2168,236.7163,Middle Eastern
62976,Middle Eastern,Lebanese,Asian,12.8493,74.7290,3.3204,3.3121,Middle Eastern
62977,Middle Eastern,Lebanese,Asian,4204.9639,37550.1734,595.2491,2208.0565,Middle Eastern
62978,Middle Eastern,Lebanese,Asian,152.7708,1413.6206,78.6048,52.1301,Middle Eastern
62979,Middle Eastern,Lebanese,Asian,32.3539,1353.1360,80.9882,98.6815,Middle Eastern
62980,Middle Eastern,Lebanese,Asian,16.9159,643.8269,49.8474,42.1504,Middle Eastern
62981,Middle Eastern,Lebanese,Asian,14108.5076,68254.7925,1464.4192,600.1680,Middle Eastern
62982,Middle Eastern,Lebanese,Asian,18.3096,5978.4700,8.2388,654.7128,Middle Eastern
62983,Middle Eastern,Lebanese,Asian,1.5463,7.9900,0.5781,0.1410,Middle Eastern
62984,Middle Eastern,Lebanese,Asian,3.4548,15.9180,0.7599,0.0866,Middle Eastern
62985,Middle Eastern,Lebanese,Asian,0.0000,0.0000,0.0000,0.0000,Middle Eastern
62986,Middle Eastern,Lebanese,Asian,53.9685,242.1599,7.2160,1.0800,Middle Eastern
62987,Middle Eastern,Lebanese,Asian,0.2740,9.8500,0.5165,0.7460,Middle Eastern
62988,Middle Eastern,Lebanese,Asian,408.9392,2950.8666,144.1306,93.8219,Middle Eastern
62989,Middle Eastern,Lebanese,Asian,0.4921,484.3028,0.0605,54.0132,Middle Eastern
62990,Middle Eastern,Lebanese,Asian,120.2069,2958.4726,179.1213,199.8265,Middle Eastern
62991,Middle Eastern,Lebanese,Asian,0.8233,1085.6217,81.3370,81.9560,Middle Eastern
62992,Middle Eastern,Lebanese,Asian,69.1070,2470.3176,141.0194,180.7222,Middle Eastern
62993,Middle Eastern,Lebanese,Asian,9.0808,1324.3552,181.7080,58.7809,Middle Eastern
62994,Middle Eastern,Lebanese,Asian,13.1381,1406.0943,134.3752,87.0983,Middle Eastern
62995,Middle Eastern,Lebanese,Asian,14.9124,1124.4962,210.9687,24.6209,Middle Eastern
62996,Middle Eastern,Lebanese,Asian,19.3984,1437.1049,135.9983,87.7401,Middle Eastern
62997,Middle Eastern,Lebanese,Asian,24.5638,112.7308,4.1681,1.7961,Middle Eastern
62998,Middle Eastern,Lebanese,Asian,293.3648,1786.6300,51.6431,44.1946,Middle Eastern
62999,Middle Eastern,Lebanese,Asian,888.4188,597722.6400,566.4104,67061.0680,Middle Eastern
63000,Middle Eastern,Lebanese,Asian,12.0329,691.5071,104.1136,23.2186,Middle Eastern
63001,Middle Eastern,Lebanese,Asian,30.3691,4007.9720,145.7112,362.8044,Middle Eastern
63002,Middle Eastern,Lebanese,Asian,257.4335,2256.8877,93.6844,92.3640,Middle Eastern
63003,Middle Eastern,Lebanese,Asian,517.3623,3564.2213,165.8556,103.6391,Middle Eastern
63004,Middle Eastern,Lebanese,Asian,121.5113,1724.1245,111.7503,87.7645,Middle Eastern
63005,Middle Eastern,Lebanese,Asian,331.4173,3376.6775,157.3411,154.8106,Middle Eastern
63006,Middle Eastern,Lebanese,Asian,84.1024,2574.0936,217.0012,156.1106,Middle Eastern
63007,Middle Eastern,Lebanese,Asian,139.9410,1219.8232,30.8494,66.4328,Middle Eastern
63008,Middle Eastern,Lebanese,Asian,24.2720,1600.0321,101.6928,120.8331,Middle Eastern
63009,Middle Eastern,Lebanese,Asian,4.2959,1301.2660,83.8333,102.8338,Middle Eastern
63010,Middle Eastern,Lebanese,Asian,291.4704,3406.1358,136.9117,207.4149,Middle Eastern
63011,Middle Eastern,Lebanese,Asian,9.0449,193.0154,6.0352,16.2066,Middle Eastern
63012,Middle Eastern,Lebanese,Asian,41.4675,306.7033,10.2188,15.1611,Middle Eastern
63013,Middle Eastern,Lebanese,Asian,108.6432,2284.9899,399.3464,21.2846,Middle Eastern
63014,Middle Eastern,Lebanese,Asian,49.5504,218.6017,10.1772,1.4493,Middle Eastern
63015,Middle Eastern,Lebanese,Asian,16.3387,1029.9475,1.5584,108.8682,Middle Eastern
63016,Middle Eastern,Lebanese,Asian,474.7702,2621.6000,35.2537,59.6635,Middle Eastern
63017,Middle Eastern,Lebanese,Asian,64.9593,1326.5367,8.9712,117.3233,Middle Eastern
63018,Middle Eastern,Lebanese,Asian,249.4758,2187.8892,41.1765,124.0052,Middle Eastern
63019,Middle Eastern,Lebanese,Asian,832.0719,134963.0906,19187.4169,5477.3144,Middle Eastern
63020,Middle Eastern,Lebanese,Asian,4.4642,1277.6016,95.3402,96.6221,Middle Eastern
63021,Middle Eastern,Lebanese,Asian,153.3681,921.9852,30.9056,28.8916,Middle Eastern
63022,Middle Eastern,Lebanese,Asian,1.0009,1921.6030,83.1448,175.2427,Middle Eastern
63023,Middle Eastern,Lebanese,Asian,15.6009,1532.8773,79.6765,126.9631,Middle Eastern
63024,Middle Eastern,Lebanese,Asian,34.1207,1412.2030,84.6212,102.9602,Middle Eastern
63025,Middle Eastern,Lebanese,Asian,95.8604,1288.3471,118.1850,54.5331,Middle Eastern
63026,Middle Eastern,Lebanese,Asian,132.9847,518.8835,1.1892,0.4461,Middle Eastern
63027,Middle Eastern,Lebanese,Asian,18.0076,95.7690,4.7099,1.9492,Middle Eastern
63028,Middle Eastern,Lebanese,Asian,1227.0000,79200.0000,4263.0000,6384.0000,Middle Eastern
63029,Middle Eastern,Lebanese,Asian,9.4145,317.3600,26.2006,19.4858,Middle Eastern
63030,Middle Eastern,Lebanese,Asian,55.5998,1301.5020,33.2942,114.2120,Middle Eastern
63031,Middle Eastern,Lebanese,Asian,314.9725,2686.3291,111.8736,119.1805,Middle Eastern
63032,Middle Eastern,Lebanese,Asian,172.0185,1474.9970,30.5468,80.2667,Middle Eastern
63033,Middle Eastern,Lebanese,Asian,15.9198,1063.1004,10.7103,110.3066,Middle Eastern
63034,Middle Eastern,Lebanese,Asian,85.0413,1658.3400,10.3031,146.0818,Middle Eastern
63035,Middle Eastern,Lebanese,Asian,120.9634,1178.1665,18.9755,74.0495,Middle Eastern
63036,Middle Eastern,Lebanese,Asian,1579.1468,13968.3648,205.8782,801.5576,Middle Eastern
63037,Middle Eastern,Lebanese,Asian,13.8900,263.2100,8.1212,21.6732,Middle Eastern
63038,Middle Eastern,Lebanese,Asian,0.4116,1.2808,0.0486,0.0132,Middle Eastern
63039,Middle Eastern,Lebanese,Asian,405.2965,1618.6700,0.1067,0.0732,Middle Eastern
63040,Middle Eastern,Lebanese,Asian,16.6569,73.8502,2.9995,0.6021,Middle Eastern
63041,Middle Eastern,Lebanese,Asian,1.0890,6.9000,0.8580,0.1170,Middle Eastern
63042,Middle Eastern,Lebanese,Asian,243.0572,1109.1142,41.9549,4.5985,Middle Eastern
63043,Middle Eastern,Lebanese,Asian,,,,,Middle Eastern
63044,Middle Eastern,Lebanese,Asian,19.4375,92.6458,7.4240,0.5071,Middle Eastern
63045,Middle Eastern,Lebanese,Asian,44.7286,1279.5093,39.7413,111.0047,Middle Eastern
63046,Middle Eastern,Lebanese,Asian,13.0838,1022.5890,2.1020,109.6557,Middle Eastern
63047,Middle Eastern,Lebanese,Asian,276.8468,1648.3613,88.2706,26.0998,Middle Eastern
63048,Middle Eastern,Lebanese,Asian,6287.5977,446777.4341,4354.3788,46545.5424,Middle Eastern
63049,Middle Eastern,Lebanese,Asian,4.8866,40.6950,0.6760,0.1144,Middle Eastern
63050,Middle Eastern,Lebanese,Asian,0.6609,2.6438,0.0529,0.0067,Middle Eastern
63051,Middle Eastern,Lebanese,Asian,30.1014,557.4748,15.2889,44.0086,Middle Eastern
63052,Middle Eastern,Lebanese,Asian,700.7362,4146.9723,41.6096,150.3986,Middle Eastern
63053,Middle Eastern,Lebanese,Asian,120.5512,656.9005,8.6646,21.8439,Middle Eastern
63054,Middle Eastern,Lebanese,Asian,45.6136,203.6696,9.5642,2.0735,Middle Eastern
63055,Middle Eastern,Lebanese,Asian,148.5296,936.3531,42.7782,20.3455,Middle Eastern
63056,Middle Eastern,Lebanese,Asian,48.1533,1347.1433,34.8377,118.5019,Middle Eastern
63057,Middle Eastern,Lebanese,Asian,198.4338,1653.5343,62.4397,72.3576,Middle Eastern
63058,Middle Eastern,Lebanese,Asian,53.1392,642.5833,12.6431,45.6226,Middle Eastern
63059,Middle Eastern,Lebanese,Asian,42.9417,426.6488,9.5642,28.1445,Middle Eastern
63060,Middle Eastern,Lebanese,Asian,58.9355,4724.6584,112.6479,449.4086,Middle Eastern
63061,Middle Eastern,Lebanese,Asian,41.4663,545.9120,9.4803,42.4578,Middle Eastern
63062,Middle Eastern,Lebanese,Asian,135.5098,1022.8116,59.4947,30.7086,Middle Eastern
63063,Middle Eastern,Lebanese,Asian,171.0528,946.5325,57.3874,7.6895,Middle Eastern
63064,Middle Eastern,Lebanese,Asian,108.6991,4303.6313,444.8249,221.3102,Middle Eastern
63065,Middle Eastern,Lebanese,Asian,184.0000,19617.5000,236.0000,2017.5000,Middle Eastern
63066,Middle Eastern,Lebanese,Asian,1.5587,113.7482,0.3277,12.0640,Middle Eastern
63067,Middle Eastern,Lebanese,Asian,65.9902,1395.3339,67.5603,99.2868,Middle Eastern
63068,Middle Eastern,Lebanese,Asian,82.0883,771.9407,29.6494,45.3151,Middle Eastern
63069,Middle Eastern,Lebanese,Asian,556.6792,3155.7329,42.3070,91.9531,Middle Eastern
63070,Middle Eastern,Lebanese,Asian,5.3076,138.1445,1.0768,13.3756,Middle Eastern
63071,Middle Eastern,Lebanese,Asian,32525.5860,133932.2000,753.2540,699.1860,Middle Eastern
63072,Middle Eastern,Lebanese,Asian,192.7573,986.7733,22.5172,12.7204,Middle Eastern
63073,Middle Eastern,Lebanese,Asian,59.6898,1683.7355,39.2816,149.6062,Middle Eastern
63074,Middle Eastern,Lebanese,Asian,617.7231,2787.2980,9.2354,34.4124,Middle Eastern
63075,Middle Eastern,Lebanese,Asian,258.1877,1597.5150,91.5343,26.0857,Middle Eastern
63076,Middle Eastern,Lebanese,Asian,23.2240,918.4756,67.6458,66.7171,Middle Eastern
63077,Middle Eastern,Lebanese,Asian,19.8205,648.6940,46.3463,42.8527,Middle Eastern
63078,Middle Eastern,Lebanese,Asian,194.7968,2078.2673,63.0282,121.7038,Middle Eastern
63079,Middle Eastern,Lebanese,Asian,63.5246,2710.5598,137.2159,215.2179,Middle Eastern
63080,Middle Eastern,Lebanese,Asian,193.7000,1627.0998,61.7123,72.2948,Middle Eastern
63081,Middle Eastern,Lebanese,Asian,1.8152,9.3802,0.0558,0.0009,Middle Eastern
63082,Middle Eastern,Lebanese,Asian,,,,,Middle Eastern
63083,Middle Eastern,Lebanese,Asian,19.4858,526.4904,14.0996,45.0572,Middle Eastern
63084,Middle Eastern,Lebanese,Asian,125.6640,568.9398,21.4868,2.9248,Middle Eastern
63085,Middle Eastern,Lebanese,Asian,9.9247,1472.4035,0.7918,162.3296,Middle Eastern
63086,Middle Eastern,Lebanese,Asian,20.6082,1063.6262,3.4083,110.5429,Middle Eastern
63087,Middle Eastern,Lebanese,Asian,0.0000,0.0000,0.0000,0.0000,Middle Eastern
63088,Middle Eastern,Lebanese,Asian,514.7863,4616.5146,73.0563,263.9614,Middle Eastern
63089,Middle Eastern,Lebanese,Asian,9.6628,292.9010,13.7148,22.3984,Middle Eastern
63090,Middle Eastern,Lebanese,Asian,20.4737,415.7500,49.5700,15.5577,Middle Eastern
63091,Middle Eastern,Lebanese,Asian,17.9455,1500.5400,97.8128,112.7186,Middle Eastern
63092,Middle Eastern,Lebanese,Asian,31.7869,142.1408,7.7997,1.1772,Middle Eastern
63093,Middle Eastern,Lebanese,Asian,579.9269,3778.4850,107.9832,119.5323,Middle Eastern
63094,Middle Eastern,Lebanese,Asian,76.5015,457.1600,47.4979,7.6365,Middle Eastern
63095,Middle Eastern,Lebanese,Asian,8.6937,288.6870,1.7048,29.1506,Middle Eastern
63096,Middle Eastern,Lebanese,Asian,1.8852,118.7700,6.6391,9.9733,Middle Eastern
63097,Middle Eastern,Lebanese,Asian,22.5601,106.6341,5.6099,1.2840,Middle Eastern
63098,Middle Eastern,Lebanese,Asian,8.8652,40.7691,1.9747,0.4529,Middle Eastern
63099,Middle Eastern,Lebanese,Asian,315.0370,2396.2700,20.1378,117.0872,Middle Eastern
63100,Middle Eastern,Lebanese,Asian,31.9200,138.7549,5.1523,0.9193,Middle Eastern
63101,Middle Eastern,Lebanese,Asian,3.8671,1031.6172,94.8228,69.1271,Middle Eastern
63102,Middle Eastern,Lebanese,Asian,2.7714,966.9328,0.4645,108.2026,Middle Eastern
63103,Middle Eastern,Lebanese,Asian,42.6354,1557.7356,120.2951,100.1118,Middle Eastern
63104,Middle Eastern,Lebanese,Asian,37.1214,326.5650,8.9667,15.8486,Middle Eastern
63105,Middle Eastern,Lebanese,Asian,10.0270,214.3904,6.7031,18.0066,Middle Eastern
63106,Middle Eastern,Lebanese,Asian,0.0000,119.3400,0.0000,13.5000,Middle Eastern
63107,Middle Eastern,Lebanese,Asian,385.9292,2293.7066,123.1856,36.5147,Middle Eastern
63108,Middle Eastern,Lebanese,Asian,51609.0277,284546.8383,3759.5105,8447.6862,Middle Eastern
63109,Middle Eastern,Lebanese,Asian,85.1202,1459.5808,46.7056,115.8754,Middle Eastern
63110,Middle Eastern,Lebanese,Asian,23.9925,128.3120,4.5413,4.8895,Middle Eastern
63111,Middle Eastern,Lebanese,Asian,346.7494,2632.8918,69.2543,112.7965,Middle Eastern
63112,Middle Eastern,Lebanese,Asian,171.5752,6300.9797,160.0067,563.1172,Middle Eastern
63113,Middle Eastern,Lebanese,Asian,107.7735,478.9294,19.9062,2.8973,Middle Eastern
63114,Middle Eastern,Lebanese,Asian,2.1119,181.1680,0.8864,18.2181,Middle Eastern
63115,Middle Eastern,Lebanese,Asian,34.7592,579.5996,8.2925,48.1871,Middle Eastern
63116,Middle Eastern,Lebanese,Asian,29.0559,259.3647,7.7527,15.1312,Middle Eastern
63117,Middle Eastern,Lebanese,Asian,42.1666,606169.0427,38294.7815,49015.4966,Middle Eastern
63118,Middle Eastern,Lebanese,Asian,282.0320,1214.0300,9.4580,4.3650,Middle Eastern
63119,Middle Eastern,Lebanese,Asian,224.9224,1103.6600,15.3720,15.9576,Middle Eastern
63120,Middle Eastern,Lebanese,Asian,26.8084,490.1640,8.2801,42.7765,Middle Eastern
63121,Middle Eastern,Lebanese,Asian,,,,,Middle Eastern
63122,Middle Eastern,Lebanese,Asian,383.4918,2440.9080,32.7164,83.2934,Middle Eastern
63123,Middle Eastern,Lebanese,Asian,400.1258,1548.6404,0.0243,0.0066,Middle Eastern
63124,Middle Eastern,Lebanese,Asian,2.5449,485.9900,0.2165,54.0846,Middle Eastern
63125,Middle Eastern,Lebanese,Asian,85.1568,389.5000,8.1792,1.1882,Middle Eastern
63126,Middle Eastern,Lebanese,Asian,212.9816,1743.5642,77.4535,74.2099,Middle Eastern
63127,Middle Eastern,Lebanese,Asian,20.6082,1063.6262,3.4083,110.5429,Middle Eastern
63128,Middle Eastern,Lebanese,Asian,9.1680,1152.9400,1.3340,126.2214,Middle Eastern
63129,Middle Eastern,Lebanese,Asian,103.7848,487.8905,20.7474,7.8109,Middle Eastern
63130,Middle Eastern,Lebanese,Asian,20.8065,1027.4360,12.4779,102.8311,Middle Eastern
63131,Middle Eastern,Lebanese,Asian,579.9504,4813.5465,123.1549,227.2523,Middle Eastern
63132,Middle Eastern,Lebanese,Asian,4.5908,3911.6713,0.0000,440.5333,Middle Eastern
63133,Middle Eastern,Lebanese,Asian,764.2232,3712.2900,56.4777,38.9285,Middle Eastern
63134,Middle Eastern,Lebanese,Asian,419.1843,2274.9650,129.9815,16.3111,Middle Eastern
63135,Middle Eastern,Lebanese,Asian,142.5233,1732.6417,48.4244,112.4129,Middle Eastern
63136,Middle Eastern,Lebanese,Asian,193.7620,2356.2926,75.0024,150.4870,Middle Eastern
63137,Middle Eastern,Lebanese,Asian,1779.7790,9996.7067,156.0663,265.7460,Middle Eastern
63138,Middle Eastern,Lebanese,Asian,6.6038,985.9233,0.4755,109.2102,Middle Eastern
63139,Middle Eastern,Lebanese,Asian,309.6016,1557.3000,23.2660,23.9764,Middle Eastern
63140,Middle Eastern,Lebanese,Asian,88.7638,1303.4855,35.0332,92.3303,Middle Eastern
63141,Middle Eastern,Lebanese,Asian,231.6439,2048.3514,69.5797,101.2232,Middle Eastern
63142,Middle Eastern,Lebanese,Asian,882.1045,5850.8537,144.9491,194.7308,Middle Eastern
63143,Middle Eastern,Lebanese,Asian,114.2097,1709.3546,96.5148,97.3055,Middle Eastern
63144,Middle Eastern,Lebanese,Asian,56640.5767,340293.1950,18421.9143,5454.9566,Middle Eastern
63145,Middle Eastern,Lebanese,Asian,4.9780,1947.4204,166.7169,134.9634,Middle Eastern
63146,Middle Eastern,Lebanese,Asian,300.8739,1785.8312,95.0348,28.2151,Middle Eastern
63147,Middle Eastern,Lebanese,Asian,155.2832,1125.8558,76.9027,25.3540,Middle Eastern
63148,Middle Eastern,Lebanese,Asian,193.3464,1151.7873,61.3793,18.1109,Middle Eastern
63149,Middle Eastern,Lebanese,Asian,2.1915,10.8320,0.4321,0.3743,Middle Eastern
63150,Middle Eastern,Lebanese,Asian,93.5176,701.6430,37.9792,24.2835,Middle Eastern
63151,Middle Eastern,Lebanese,Asian,91.8448,390.1240,9.0000,1.0000,Middle Eastern
63152,Middle Eastern,Lebanese,Asian,418.0816,2975.1812,233.9557,38.4499,Middle Eastern
63153,Middle Eastern,Lebanese,Asian,120.3323,1283.3408,99.3444,48.7843,Middle Eastern
63154,Middle Eastern,Lebanese,Asian,999.4854,5602.2784,89.8493,145.9802,Middle Eastern
63155,Middle Eastern,Lebanese,Asian,26.2083,1640.6729,146.2176,104.4091,Middle Eastern
63156,Middle Eastern,Lebanese,Asian,110.7037,2109.9175,18.8511,188.8967,Middle Eastern
63157,Middle Eastern,Lebanese,Asian,32.3880,619.6177,6.6825,55.4309,Middle Eastern
63158,Middle Eastern,Lebanese,Asian,0.8233,2.5617,0.0972,0.0265,Middle Eastern
63159,Middle Eastern,Lebanese,Asian,5.0909,21.3694,0.9478,0.1339,Middle Eastern
63160,Middle Eastern,Lebanese,Asian,28.6445,968.2200,15.1915,93.1623,Middle Eastern
63161,Middle Eastern,Lebanese,Asian,11.0756,470.7844,5.2771,48.6807,Middle Eastern
63162,Middle Eastern,Lebanese,Asian,154.0981,1286.5577,27.0800,71.8678,Middle Eastern
63163,Middle Eastern,Lebanese,Asian,168.3178,1496.1306,125.5176,32.5544,Middle Eastern
63164,Middle Eastern,Lebanese,Asian,79.8120,1547.6937,165.7359,64.3443,Middle Eastern
63165,Middle Eastern,Lebanese,Asian,28.8668,1086.9308,5.9646,109.1368,Middle Eastern
63166,Middle Eastern,Lebanese,Asian,11.6632,148.8400,7.6860,7.9788,Middle Eastern
63167,Middle Eastern,Lebanese,Asian,33.0308,364.3400,1.4384,27.2103,Middle Eastern
63168,Middle Eastern,Lebanese,Asian,,,,,Middle Eastern
63169,Middle Eastern,Lebanese,Asian,90.2143,904.7596,36.8790,49.5161,Middle Eastern
63170,Middle Eastern,Lebanese,Asian,337.1157,1702.2425,59.6542,8.8711,Middle Eastern
63171,Middle Eastern,Lebanese,Asian,6.4261,551.0878,91.3152,16.0761,Middle Eastern
63172,Middle Eastern,Lebanese,Asian,0.7103,122.3393,0.1584,13.5434,Middle Eastern
63173,Middle Eastern,Lebanese,Asian,70.4480,435.0473,12.7827,15.3502,Middle Eastern
63174,Middle Eastern,Lebanese,Asian,1.2502,12.9667,1.6110,0.1394,Middle Eastern
63175,Middle Eastern,Lebanese,Asian,157.9126,679.1627,1.4398,5.9639,Middle Eastern
63176,Middle Eastern,Lebanese,Asian,4060.3820,34505.2240,354.5731,2089.9744,Middle Eastern
63177,Middle Eastern,Lebanese,Asian,1.1838,1936.4260,0.4280,218.5454,Middle Eastern
63178,Middle Eastern,Lebanese,Asian,211.8923,1613.0177,118.9209,31.8933,Middle Eastern
63179,Middle Eastern,Lebanese,Asian,0.2936,643.9876,89.9306,29.3083,Middle Eastern
63180,Middle Eastern,Lebanese,Asian,71.0393,395.4389,15.7661,11.6633,Middle Eastern
63181,Middle Eastern,Lebanese,Asian,,,,,Middle Eastern
63182,Middle Eastern,Lebanese,Asian,27.5013,1492.8688,168.6326,83.2312,Middle Eastern
63183,Middle Eastern,Lebanese,Asian,50.5886,798.2128,17.3335,63.8012,Middle Eastern
63184,Middle Eastern,Lebanese,Asian,848.0402,5529.7800,42.3512,219.5070,Middle Eastern
63185,Middle Eastern,Lebanese,Asian,0.4116,478.6408,0.0486,54.0132,Middle Eastern
63186,Middle Eastern,Lebanese,Asian,251.5440,997.2000,3.4720,0.9920,Middle Eastern
63187,Middle Eastern,Lebanese,Asian,34.2104,875.0492,10.0707,82.3188,Middle Eastern
63188,Middle Eastern,Lebanese,Asian,0.7354,2.8865,0.1195,0.0375,Middle Eastern
63189,Middle Eastern,Lebanese,Asian,382.9071,2477.7084,125.6799,56.9534,Middle Eastern
63190,Middle Eastern,Lebanese,Asian,477.7348,2926.6475,87.7320,77.7660,Middle Eastern
63191,Middle Eastern,Lebanese,Asian,640.3110,7391.7192,71.1968,508.5053,Middle Eastern
63192,Middle Eastern,Lebanese,Asian,517.2139,2868.3590,92.5964,45.2884,Middle Eastern
63193,Middle Eastern,Lebanese,Asian,2.8542,37.3625,2.1254,1.9906,Middle Eastern
63194,Middle Eastern,Lebanese,Asian,50.3575,3106.1435,159.5251,251.1997,Middle Eastern
63195,Middle Eastern,Lebanese,Asian,112.5529,543.0124,25.4317,3.5627,Middle Eastern
63196,Middle Eastern,Lebanese,Asian,288.5279,3845.0245,105.4833,260.0195,Middle Eastern
63197,Middle Eastern,Lebanese,Asian,23.5796,1518.0860,84.0067,121.3782,Middle Eastern
63198,Middle Eastern,Lebanese,Asian,38.7383,8194.3685,176.7126,817.6781,Middle Eastern
63199,Middle Eastern,Lebanese,Asian,416.1382,2977.4341,144.9767,94.0284,Middle Eastern
63200,Middle Eastern,Lebanese,Asian,20.8494,784.4100,48.9384,57.3750,Middle Eastern
63201,Middle Eastern,Lebanese,Asian,48.4094,1011.8650,16.0265,85.8975,Middle Eastern
63202,Middle Eastern,Lebanese,Asian,6.5725,45.1335,1.3577,2.5079,Middle Eastern
63203,Middle Eastern,Lebanese,Asian,203.4476,1317.5168,25.2403,44.5001,Middle Eastern
63204,Middle Eastern,Lebanese,Asian,5.1086,37.4800,3.6109,0.0588,Middle Eastern
63205,Middle Eastern,Lebanese,Asian,7.1908,506.6235,1.2871,54.4701,Middle Eastern
63206,Middle Eastern,Lebanese,Asian,101.5129,1604.4463,21.4805,130.2977,Middle Eastern
63207,Middle Eastern,Lebanese,Asian,192.0474,1293.3493,32.7575,42.6553,Middle Eastern
63208,Middle Eastern,Lebanese,Asian,11.3936,556.7975,5.2668,57.4006,Middle Eastern
63209,Middle Eastern,Lebanese,Asian,239.7219,2207.9700,91.2948,109.9758,Middle Eastern
63210,Middle Eastern,Lebanese,Asian,12.8292,298.3109,2.6649,27.7838,Middle Eastern
63211,Middle Eastern,Lebanese,Asian,2.6190,534.3600,1.7810,58.8000,Middle Eastern
63212,Middle Eastern,Lebanese,Asian,34.4553,521.8040,25.8021,32.8068,Middle Eastern
63213,Middle Eastern,Lebanese,Asian,23.2467,341.5405,5.6542,28.3022,Middle Eastern
63214,Middle Eastern,Lebanese,Asian,1.4316,364.6622,0.3591,40.5574,Middle Eastern
63215,Middle Eastern,Lebanese,Asian,175.7585,837.7886,11.3541,18.6890,Middle Eastern
63216,Middle Eastern,Lebanese,Asian,33.4978,730.1686,21.4953,62.1252,Middle Eastern
63217,Middle Eastern,Lebanese,Asian,13.6954,1444.1865,79.4264,117.9441,Middle Eastern
63218,Middle Eastern,Lebanese,Asian,0.0000,238.6800,0.0000,27.0000,Middle Eastern
63219,Middle Eastern,Lebanese,Asian,24.7216,306.7000,17.3410,15.9822,Middle Eastern
63220,Middle Eastern,Lebanese,Asian,0.0000,469.7900,0.0000,54.5000,Middle Eastern
63221,Middle Eastern,Lebanese,Asian,450.5658,2575.5999,111.4442,34.5992,Middle Eastern
63222,Middle Eastern,Lebanese,Asian,218.8555,1271.1023,64.8183,18.9563,Middle Eastern
63223,Middle Eastern,Lebanese,Asian,24.8356,232.0000,24.6512,3.4476,Middle Eastern
63224,Middle Eastern,Lebanese,Asian,1.2502,967.6867,1.6110,108.1394,Middle Eastern
63225,Middle Eastern,Lebanese,Asian,386.7922,2860.2670,62.3250,126.9882,Middle Eastern
63226,Middle Eastern,Lebanese,Asian,303.9074,4101.0240,75.9157,303.4393,Middle Eastern
63227,Middle Eastern,Lebanese,Asian,393.5057,3014.1466,130.9866,111.9683,Middle Eastern
63228,Middle Eastern,Lebanese,Asian,0.0000,201.1280,19.8358,13.2334,Middle Eastern
63229,Middle Eastern,Lebanese,Asian,12.8123,191.3525,6.2698,14.6607,Middle Eastern
63230,Middle Eastern,Lebanese,Asian,65.7376,1248.9700,14.7725,110.3062,Middle Eastern
63231,Middle Eastern,Lebanese,Asian,167.6383,896.3258,18.6596,17.4509,Middle Eastern
63232,Middle Eastern,Lebanese,Asian,392.7623,5030.7094,105.2943,362.2969,Middle Eastern
63233,Middle Eastern,Lebanese,Asian,4.4670,30.2939,1.6024,1.4216,Middle Eastern
63234,Middle Eastern,Lebanese,Asian,19.0290,710.9850,10.9204,69.4296,Middle Eastern
63235,Middle Eastern,Lebanese,Asian,152.1133,1228.7750,55.4549,50.6630,Middle Eastern
63236,Middle Eastern,Lebanese,Asian,28.3234,251.0910,4.7528,14.3589,Middle Eastern
63237,Middle Eastern,Lebanese,Asian,314.7500,1890.0000,102.3500,30.2000,Middle Eastern
63238,Middle Eastern,Lebanese,Asian,256.2269,1823.1493,24.0156,98.4492,Middle Eastern
63239,Middle Eastern,Lebanese,Asian,38.1534,168.6138,9.0708,1.0679,Middle Eastern
63240,Middle Eastern,Lebanese,Asian,15.2869,70.6505,3.4597,0.7393,Middle Eastern
63241,Middle Eastern,Lebanese,Asian,753.9119,4240.3400,103.3018,83.7218,Middle Eastern
63242,Middle Eastern,Lebanese,Asian,149.0486,932.4233,49.9917,19.4328,Middle Eastern
63243,Middle Eastern,Lebanese,Asian,25.2175,518.1233,16.2233,43.2530,Middle Eastern
63244,Middle Eastern,Lebanese,Asian,117.0400,2237.9250,25.4082,187.9973,Middle Eastern
63245,Middle Eastern,Lebanese,Asian,18.5581,2006.9732,3.8484,219.3562,Middle Eastern
63246,Middle Eastern,Lebanese,Asian,19.1697,84.9625,4.0250,0.8821,Middle Eastern
63247,Middle Eastern,Lebanese,Asian,47204.1662,284111.8395,15353.8642,4604.1868,Middle Eastern
63248,Middle Eastern,Lebanese,Asian,18.4790,199.1559,1.9164,14.0809,Middle Eastern
63249,Middle Eastern,Saudi Arabian,Asian,545.0196,2660.2956,46.8950,33.1676,Middle Eastern
63250,Middle Eastern,Saudi Arabian,Asian,14.0100,3693.3360,231.3530,293.9467,Middle Eastern
63251,Middle Eastern,Saudi Arabian,Asian,22.6832,1328.2367,202.9810,44.1165,Middle Eastern
63252,Middle Eastern,Saudi Arabian,Asian,0.0000,0.0000,0.0000,0.0000,Middle Eastern
63253,Middle Eastern,Saudi Arabian,Asian,498.7251,4362.0875,184.0047,185.8968,Middle Eastern
63254,Middle Eastern,Saudi Arabian,Asian,28.9760,168.6980,5.6299,3.8878,Middle Eastern
63255,Middle Eastern,Saudi Arabian,Asian,199.6258,1375.0450,32.0460,50.4612,Middle Eastern
63256,Middle Eastern,Saudi Arabian,Asian,20.2455,86.8760,1.4842,0.4509,Middle Eastern
63257,Middle Eastern,Saudi Arabian,Asian,32.1072,362.1360,5.3271,26.6783,Middle Eastern
63258,Middle Eastern,Saudi Arabian,Asian,521.1245,3105.3368,167.7148,49.2546,Middle Eastern
63259,Middle Eastern,Saudi Arabian,Asian,55.1745,219.5233,0.1943,0.0530,Middle Eastern
63260,Middle Eastern,Saudi Arabian,Asian,8.8362,112.0300,5.7736,5.9879,Middle Eastern
63261,Middle Eastern,Saudi Arabian,Asian,48825.3296,269359.0893,4716.9010,6287.0778,Middle Eastern
63262,Middle Eastern,Saudi Arabian,Asian,138.2248,1379.9083,24.8001,81.0074,Middle Eastern
63263,Middle Eastern,Saudi Arabian,Asian,144.6916,2015.7513,23.5821,166.5772,Middle Eastern
63264,Middle Eastern,Saudi Arabian,Asian,13.7581,178.1791,9.7454,9.5176,Middle Eastern
63265,Middle Eastern,Saudi Arabian,Asian,245.2555,984.6633,2.8255,0.9718,Middle Eastern
63266,Middle Eastern,Saudi Arabian,Asian,48.5934,757.4100,24.9444,57.9450,Middle Eastern
63267,Middle Eastern,Saudi Arabian,Asian,100.0453,1080.8055,24.8207,65.1571,Middle Eastern
63268,Middle Eastern,Saudi Arabian,Asian,63.2393,276.2519,4.4798,0.4480,Middle Eastern
63269,Middle Eastern,Saudi Arabian,Asian,1790.4393,33863.2770,683.7104,2694.9897,Middle Eastern
63270,Middle Eastern,Saudi Arabian,Asian,47.9794,474.8065,15.9005,31.1283,Middle Eastern
63271,Middle Eastern,Saudi Arabian,Asian,42.4381,926.6931,42.3651,70.2983,Middle Eastern
63272,Middle Eastern,Saudi Arabian,Asian,572.6010,3430.9776,185.1605,55.4939,Middle Eastern
63273,Middle Eastern,Saudi Arabian,Asian,27.4035,2552.2430,96.4492,229.7414,Middle Eastern
63274,Middle Eastern,Saudi Arabian,Asian,,,,,Middle Eastern
63275,Middle Eastern,Saudi Arabian,Asian,275.3603,1931.8483,122.3826,43.0815,Middle Eastern
63276,Middle Eastern,Saudi Arabian,Asian,8.8652,40.7691,1.9747,0.4529,Middle Eastern
63277,Middle Eastern,Saudi Arabian,Asian,243.2487,3042.9115,334.0645,77.3827,Middle Eastern
63278,Middle Eastern,Saudi Arabian,Asian,28.3428,1694.0195,92.7045,134.8323,Middle Eastern
63279,Middle Eastern,Saudi Arabian,Asian,198.4672,7366.6708,352.0849,578.9048,Middle Eastern
63280,Middle Eastern,Saudi Arabian,Asian,43.3762,865.7018,22.6988,71.5477,Middle Eastern
63281,Middle Eastern,Saudi Arabian,Asian,40.8637,233.1500,9.1041,11.0891,Middle Eastern
63282,Middle Eastern,Saudi Arabian,Asian,1.9483,530.8957,90.0609,15.8072,Middle Eastern
63283,Middle Eastern,Saudi Arabian,Asian,56.0690,348.8880,15.8582,14.3934,Middle Eastern
63284,Middle Eastern,Saudi Arabian,Asian,52.6269,711.3600,13.7772,55.5262,Middle Eastern
63285,Middle Eastern,Saudi Arabian,Asian,7.9881,106.4823,3.5952,7.7484,Middle Eastern
63286,Middle Eastern,Saudi Arabian,Asian,262.3328,1700.3980,89.3308,38.7628,Middle Eastern
63287,Middle Eastern,Saudi Arabian,Asian,6.2866,35.5538,1.1938,0.8106,Middle Eastern
63288,Middle Eastern,Saudi Arabian,Asian,82.7060,911.1629,12.7446,65.6068,Middle Eastern
63289,Middle Eastern,Saudi Arabian,Asian,,,,,Middle Eastern
63290,Middle Eastern,Saudi Arabian,Asian,491.1767,17662.4856,844.7688,1509.3685,Middle Eastern
63291,Middle Eastern,Saudi Arabian,Asian,9.9763,287.7680,3.0708,28.8090,Middle Eastern
63292,Middle Eastern,Saudi Arabian,Asian,54.2061,218.0232,2.9033,0.9739,Middle Eastern
63293,Middle Eastern,Saudi Arabian,Asian,413.5512,2588.1928,138.6665,38.9522,Middle Eastern
63294,Middle Eastern,Saudi Arabian,Asian,,,,,Middle Eastern
63295,Middle Eastern,Saudi Arabian,Asian,12.6851,52.7132,2.2785,0.3769,Middle Eastern
63296,Middle Eastern,Saudi Arabian,Asian,75.1777,851.1664,28.0462,52.7418,Middle Eastern
63297,Middle Eastern,Saudi Arabian,Asian,31.3812,132.1565,0.6985,0.4674,Middle Eastern
63298,Middle Eastern,Saudi Arabian,Asian,230.5544,1519.8630,85.6838,36.1595,Middle Eastern
63299,Middle Eastern,Saudi Arabian,Asian,41.3206,560.1448,10.7346,42.3132,Middle Eastern
63300,Middle Eastern,Saudi Arabian,Asian,,,,,Middle Eastern
63301,Middle Eastern,Saudi Arabian,Asian,4060.3820,34505.2240,354.5731,2089.9744,Middle Eastern
63302,Middle Eastern,Saudi Arabian,Asian,140.7947,1465.3127,194.1623,9.7220,Middle Eastern
63303,Middle Eastern,Saudi Arabian,Asian,6.6338,77.2013,3.7421,5.0103,Middle Eastern
63304,Middle Eastern,Saudi Arabian,Asian,13.0669,261.3925,8.1603,21.6397,Middle Eastern
63305,Middle Eastern,Saudi Arabian,Asian,104.9669,914.6225,6.7341,58.3071,Middle Eastern
63306,Middle Eastern,Saudi Arabian,Asian,221.9563,1407.6991,72.6989,28.8611,Middle Eastern
63307,Middle Eastern,Saudi Arabian,Asian,15.1538,73.4890,2.5179,1.6134,Middle Eastern
63308,Middle Eastern,Saudi Arabian,Asian,50.3575,3106.1435,159.5251,251.1997,Middle Eastern
63309,Middle Eastern,Saudi Arabian,Asian,4.4052,23.2240,0.8655,0.7298,Middle Eastern
63310,Middle Eastern,Saudi Arabian,Asian,82.3673,600.0000,10.6860,28.8000,Middle Eastern
63311,Middle Eastern,Saudi Arabian,Asian,8.5614,640.7275,1.6369,68.4578,Middle Eastern
63312,Middle Eastern,Saudi Arabian,Asian,523.9258,2313.0019,29.3949,7.2640,Middle Eastern
63313,Middle Eastern,Saudi Arabian,Asian,12.8493,74.7290,3.3204,3.3121,Middle Eastern
63314,Middle Eastern,Saudi Arabian,Asian,239.7219,2207.9700,91.2948,109.9758,Middle Eastern
63315,Middle Eastern,Saudi Arabian,Asian,541.3528,3546.8375,177.0099,85.6209,Middle Eastern
63316,Middle Eastern,Saudi Arabian,Asian,34.2402,401.1840,7.0873,29.5575,Middle Eastern
63317,Middle Eastern,Saudi Arabian,Asian,80.3741,1991.5385,149.2805,121.6816,Middle Eastern
63318,Middle Eastern,Saudi Arabian,Asian,366.0708,3401.1520,135.8463,155.0202,Middle Eastern
63319,Middle Eastern,Saudi Arabian,Asian,,,,,Middle Eastern
63320,Middle Eastern,Saudi Arabian,Asian,130.2410,1651.5800,44.5914,111.7854,Middle Eastern
63321,Middle Eastern,Saudi Arabian,Asian,192.3197,2456.1650,127.2268,131.6420,Middle Eastern
63322,Middle Eastern,Saudi Arabian,Asian,164.0061,627.9200,7.5235,1.6533,Middle Eastern
63323,Middle Eastern,Saudi Arabian,Asian,14.2898,165.4100,9.2862,8.1753,Middle Eastern
63324,Middle Eastern,Saudi Arabian,Asian,505.5369,3184.4800,16.5919,138.7270,Middle Eastern
63325,Middle Eastern,Saudi Arabian,Asian,96.7502,1098.3560,19.3028,75.7884,Middle Eastern
63326,Middle Eastern,Saudi Arabian,Asian,10.5009,54.5450,1.0052,2.9032,Middle Eastern
63327,Middle Eastern,Saudi Arabian,Asian,229.0321,1644.9883,77.7348,54.5136,Middle Eastern
63328,Middle Eastern,Saudi Arabian,Asian,1218.5650,24507.8817,681.4667,2041.0970,Middle Eastern
63329,Middle Eastern,Saudi Arabian,Asian,19.0808,325.9927,2.6317,28.0534,Middle Eastern
63330,Middle Eastern,Saudi Arabian,Asian,9.6197,46.0347,1.5811,1.0061,Middle Eastern
63331,Middle Eastern,Saudi Arabian,Asian,52.9414,226.7517,11.2575,1.4181,Middle Eastern
63332,Middle Eastern,Saudi Arabian,Asian,163.2259,917.6985,46.9420,13.2296,Middle Eastern
63333,Middle Eastern,Saudi Arabian,Asian,789.7370,3286.5300,37.2322,36.4131,Middle Eastern
63334,Middle Eastern,Saudi Arabian,Asian,77.3960,461.2800,18.4797,24.9076,Middle Eastern
63335,Middle Eastern,Saudi Arabian,Asian,183.4608,975.8740,26.5731,22.1751,Middle Eastern
63336,Middle Eastern,Saudi Arabian,Asian,7.1941,33.4447,0.8193,0.7475,Middle Eastern
63337,Middle Eastern,Saudi Arabian,Asian,39.9554,1443.5505,98.1444,100.9395,Middle Eastern
63338,Middle Eastern,Saudi Arabian,Asian,0.0286,0.1356,0.0050,0.0026,Middle Eastern
63339,Middle Eastern,Saudi Arabian,Asian,49.4736,620.5056,99.2410,3.9421,Middle Eastern
63340,Middle Eastern,Saudi Arabian,Asian,33.5563,489.7475,21.8197,31.1413,Middle Eastern
63341,Middle Eastern,Saudi Arabian,Asian,7.1106,382.5248,0.4886,40.9597,Middle Eastern
63342,Middle Eastern,Saudi Arabian,Asian,91.0932,1669.4630,115.5688,98.7155,Middle Eastern
63343,Middle Eastern,Saudi Arabian,Asian,14.0100,60.0000,1.6500,0.1500,Middle Eastern
63344,Middle Eastern,Saudi Arabian,Asian,100.9124,403.5325,0.0200,0.0102,Middle Eastern
63345,Middle Eastern,Saudi Arabian,Asian,173.3444,1439.4033,72.8539,56.5663,Middle Eastern
63346,Middle Eastern,Saudi Arabian,Asian,73.7496,3698.8141,212.7033,284.4790,Middle Eastern
63347,Middle Eastern,Saudi Arabian,Asian,81.2480,437.7610,16.1424,5.0616,Middle Eastern
63348,Middle Eastern,Saudi Arabian,Asian,13.7817,4484.9257,44.1809,490.1891,Middle Eastern
63349,Middle Eastern,Saudi Arabian,Asian,79.6704,2554.4090,20.1532,249.8194,Middle Eastern
63350,Middle Eastern,Saudi Arabian,Asian,32.6257,1332.7101,84.1596,96.4247,Middle Eastern
63351,Middle Eastern,Saudi Arabian,Asian,33.8555,388.4370,5.5751,28.4862,Middle Eastern
63352,Middle Eastern,Saudi Arabian,Asian,116.1279,1243.6572,22.8313,85.8549,Middle Eastern
63353,Middle Eastern,Saudi Arabian,Asian,11297.3544,47993.4922,944.2008,422.9390,Middle Eastern
63354,Middle Eastern,Saudi Arabian,Asian,39.4276,2764.2964,292.9045,154.8683,Middle Eastern
63355,Middle Eastern,Saudi Arabian,Asian,25.0520,1136.6403,85.0037,78.2075,Middle Eastern
63356,Middle Eastern,Saudi Arabian,Asian,19.3632,1397.6205,99.5785,99.5665,Middle Eastern
63357,Middle Eastern,Saudi Arabian,Asian,238.7068,10772.2080,415.0314,916.3165,Middle Eastern
63358,Middle Eastern,Saudi Arabian,Asian,104.4958,697.1787,36.3838,17.4104,Middle Eastern
63359,Middle Eastern,Saudi Arabian,Asian,44.9227,360.9842,18.0148,14.0544,Middle Eastern
63360,Middle Eastern,Saudi Arabian,Asian,2.0134,370.2300,1.0587,40.7618,Middle Eastern
63361,Middle Eastern,Saudi Arabian,Asian,23.3264,297.6800,15.3720,15.9576,Middle Eastern
63362,Middle Eastern,Saudi Arabian,Asian,87.0427,919.8537,19.5982,61.7878,Middle Eastern
63363,Middle Eastern,Saudi Arabian,Asian,4857.4168,28909.5556,871.7559,892.6692,Middle Eastern
69804,Middle Eastern,Turkish,Asian,98.9039,1021.2088,8.5766,69.7235,Middle Eastern
69805,Middle Eastern,Turkish,Asian,64.2940,278.8000,14.6880,1.5980,Middle Eastern
69806,Middle Eastern,Turkish,Asian,26.4930,120457.1514,21770.8441,3711.9128,Middle Eastern
69807,Middle Eastern,Turkish,Asian,0.0000,2008.8716,189.2916,134.8485,Middle Eastern
69808,Middle Eastern,Turkish,Asian,289.6178,2175.1917,141.2361,55.8642,Middle Eastern
69809,Middle Eastern,Turkish,Asian,454.8437,2526.7508,59.6508,51.2897,Middle Eastern
69810,Middle Eastern,Turkish,Asian,9.0815,2930.6092,1.2649,327.3952,Middle Eastern
69811,Middle Eastern,Turkish,Asian,49.1483,1143.2925,28.2840,99.9205,Middle Eastern
69812,Middle Eastern,Turkish,Asian,37.2131,7266.6992,82.7154,766.0263,Middle Eastern
69813,Middle Eastern,Turkish,Asian,42.4179,256.2879,10.4483,8.4323,Middle Eastern
69814,Middle Eastern,Turkish,Asian,1368.0008,7469.9843,467.4926,129.7765,Middle Eastern
69815,Middle Eastern,Turkish,Asian,1300.1893,79685.6183,4291.1149,6401.5968,Middle Eastern
69816,Middle Eastern,Turkish,Asian,6.0277,277.9290,1.7742,28.8540,Middle Eastern
69817,Middle Eastern,Turkish,Asian,23.3349,11968.9290,260.8722,1202.6161,Middle Eastern
69818,Middle Eastern,Turkish,Asian,7.5679,519.8208,1.9078,56.0264,Middle Eastern
69819,Middle Eastern,Turkish,Asian,12.0480,4733.1213,568.5723,252.1411,Middle Eastern
69820,Middle Eastern,Turkish,Asian,30.6145,1547.5487,147.2585,91.1950,Middle Eastern
69821,Middle Eastern,Turkish,Asian,209.5780,2080.6459,109.5565,91.5988,Middle Eastern
69822,Middle Eastern,Turkish,Asian,32.7317,15962.6950,347.7234,1603.0068,Middle Eastern
69823,Middle Eastern,Turkish,Asian,8.2574,103.2192,3.1609,7.3641,Middle Eastern
69824,Middle Eastern,Turkish,Asian,158.9158,793.5100,17.4636,8.7850,Middle Eastern
69825,Middle Eastern,Turkish,Asian,490.7878,55628.5002,2926.7604,4677.1545,Middle Eastern
69826,Middle Eastern,Turkish,Asian,183.1731,1181.3715,16.7853,40.9013,Middle Eastern
69827,Middle Eastern,Turkish,Asian,346.9201,1405.3000,4.2812,0.6754,Middle Eastern
69828,Middle Eastern,Turkish,Asian,26.6516,1874.5692,182.2860,112.7909,Middle Eastern
69829,Middle Eastern,Turkish,Asian,0.0000,0.0000,0.0000,0.0000,Middle Eastern
69830,Middle Eastern,Turkish,Asian,10.2740,2052.8716,190.5016,134.9585,Middle Eastern
69831,Middle Eastern,Turkish,Asian,71.3135,1034.3511,32.5385,71.7928,Middle Eastern
69832,Middle Eastern,Turkish,Asian,55.7539,240.6740,7.9521,1.0984,Middle Eastern
69833,Middle Eastern,Turkish,Asian,21.0266,599.8400,27.5058,48.5168,Middle Eastern
69834,Middle Eastern,Turkish,Asian,33.6988,7819.6165,44.0261,849.1693,Middle Eastern
69835,Middle Eastern,Turkish,Asian,50.6914,219.6588,6.9716,1.2236,Middle Eastern
69836,Middle Eastern,Turkish,Asian,856.2276,41308.8810,2329.1178,3231.9845,Middle Eastern
69837,Middle Eastern,Turkish,Asian,4.4145,465.8175,4.6204,50.0749,Middle Eastern
69838,Middle Eastern,Turkish,Asian,0.4892,1.6862,0.0689,0.0317,Middle Eastern
69839,Middle Eastern,Turkish,Asian,55.6284,240.6420,8.2020,1.2420,Middle Eastern
69840,Middle Eastern,Turkish,Asian,17.0180,1831.3789,39.0888,181.5140,Middle Eastern
69841,Middle Eastern,Turkish,Asian,32.7245,1098.3790,5.8804,108.7899,Middle Eastern
69842,Middle Eastern,Turkish,Asian,133.5901,985.6814,32.2982,40.7794,Middle Eastern
69843,Middle Eastern,Turkish,Asian,70.4977,779.7037,9.9152,55.2645,Middle Eastern
69844,Middle Eastern,Turkish,Asian,,,,,Middle Eastern
69845,Middle Eastern,Turkish,Asian,126.4208,720.8713,22.5665,26.7524,Middle Eastern
69846,Middle Eastern,Turkish,Asian,89.9453,846.0395,29.2540,44.7629,Middle Eastern
69847,Middle Eastern,Turkish,Asian,42.2138,922.2349,54.9518,61.3176,Middle Eastern
69848,Middle Eastern,Turkish,Asian,1389.9792,89361.2460,4817.1496,7198.4808,Middle Eastern
69849,Middle Eastern,Turkish,Asian,42.9498,643.5600,27.1986,45.5040,Middle Eastern
69850,Middle Eastern,Turkish,Asian,46.6528,595.3600,30.7440,31.9152,Middle Eastern
69851,Middle Eastern,Turkish,Asian,38.6333,527.1375,28.7684,32.7097,Middle Eastern
69852,Middle Eastern,Turkish,Asian,21.0843,168.1200,6.8025,8.6094,Middle Eastern
69853,Middle Eastern,Turkish,Asian,68.2368,302.8200,13.5222,2.1886,Middle Eastern
69854,Middle Eastern,Turkish,Asian,42.5690,712.7880,11.0197,57.7924,Middle Eastern
69855,Middle Eastern,Turkish,Asian,18.6469,1038.6671,4.3200,108.7200,Middle Eastern
69856,Middle Eastern,Turkish,Asian,182.8060,870.9900,9.4020,16.2810,Middle Eastern
69857,Middle Eastern,Turkish,Asian,300.6312,1861.4961,97.0726,38.0915,Middle Eastern
69858,Middle Eastern,Turkish,Asian,35.2961,162.2539,7.3466,2.3823,Middle Eastern
69859,Middle Eastern,Turkish,Asian,63.7215,279.5290,13.0978,2.4076,Middle Eastern
69860,Middle Eastern,Turkish,Asian,29.2994,123.7870,2.8772,0.7917,Middle Eastern
69861,Middle Eastern,Turkish,Asian,23.7228,468.8204,4.4683,41.0126,Middle Eastern
69862,Middle Eastern,Turkish,Asian,170.6147,955.5080,13.0200,30.8270,Middle Eastern
69863,Middle Eastern,Turkish,Asian,73.2397,881.9812,41.8786,51.1091,Middle Eastern
69864,Middle Eastern,Turkish,Asian,59.2459,739.1795,9.8865,55.6845,Middle Eastern
69865,Middle Eastern,Turkish,Asian,70.2104,638.0738,18.1239,33.7673,Middle Eastern
69866,Middle Eastern,Turkish,Asian,31.2488,1842.6246,11.1272,191.7108,Middle Eastern
69867,Middle Eastern,Turkish,Asian,41.9492,179.6900,4.7104,1.0106,Middle Eastern
69868,Middle Eastern,Turkish,Asian,65.5762,451.6368,21.1748,13.1367,Middle Eastern
69869,Middle Eastern,Turkish,Asian,,,,,Middle Eastern
69870,Middle Eastern,Turkish,Asian,8.8653,727.1633,4.4109,76.7577,Middle Eastern
69871,Middle Eastern,Turkish,Asian,116.3738,2009.8732,58.5734,157.2602,Middle Eastern
69872,Middle Eastern,Turkish,Asian,113.5590,708.2897,17.8483,24.1278,Middle Eastern
69873,Middle Eastern,Turkish,Asian,121.6190,620.9550,32.7556,3.5569,Middle Eastern
69874,Middle Eastern,Turkish,Asian,7.4471,98.3355,6.8023,4.9781,Middle Eastern
69875,Middle Eastern,Turkish,Asian,53.5280,2311.6992,187.4504,149.6161,Middle Eastern
69876,Middle Eastern,Turkish,Asian,54.3507,999.6880,21.4407,80.1577,Middle Eastern
69877,Middle Eastern,Turkish,Asian,106.4708,903.1869,29.2629,47.5233,Middle Eastern
69878,Middle Eastern,Turkish,Asian,183.8143,2464.6260,41.9438,179.7078,Middle Eastern
69879,Middle Eastern,Turkish,Asian,48.3806,699.1437,10.1381,55.9070,Middle Eastern
69880,Middle Eastern,Turkish,Asian,16.2078,436.0800,3.0011,41.3332,Middle Eastern
69881,Middle Eastern,Turkish,Asian,31.6255,451.6150,33.8164,26.5590,Middle Eastern
69882,Middle Eastern,Turkish,Asian,356.7059,1446.9404,5.2355,0.9220,Middle Eastern
69883,Middle Eastern,Turkish,Asian,76.0510,1771.3230,128.3087,105.4459,Middle Eastern
69884,Middle Eastern,Turkish,Asian,15.5533,2450.8466,234.5266,154.0424,Middle Eastern
69885,Middle Eastern,Turkish,Asian,2.4775,15.4855,0.4902,0.7082,Middle Eastern
69886,Middle Eastern,Turkish,Asian,31.5245,966.7505,40.5159,79.4786,Middle Eastern
69887,Middle Eastern,Turkish,Asian,3.9713,434.5000,30.9933,32.2020,Middle Eastern
69888,Middle Eastern,Turkish,Asian,29.4735,130.9792,5.0161,0.9041,Middle Eastern
69889,Middle Eastern,Turkish,Asian,38.2193,1090.3925,55.3700,83.2791,Middle Eastern
69890,Middle Eastern,Turkish,Asian,0.0000,119.3400,0.0000,13.5000,Middle Eastern
69891,Middle Eastern,Turkish,Asian,35.7556,178.0377,6.3377,2.5141,Middle Eastern
69892,Middle Eastern,Turkish,Asian,31.7793,139.6055,7.0602,1.1675,Middle Eastern
69893,Middle Eastern,Turkish,Asian,92910.3145,408508.5568,3628.0061,2096.1762,Middle Eastern
69894,Middle Eastern,Turkish,Asian,267.3859,6040.4825,42.9583,551.2445,Middle Eastern
69895,Middle Eastern,Turkish,Asian,0.0000,1134.7500,252.4500,6.3750,Middle Eastern
69896,Middle Eastern,Turkish,Asian,1.1976,2141.6104,0.4297,241.2216,Middle Eastern
69897,Middle Eastern,Turkish,Asian,306.4175,4471.9490,65.6190,340.6521,Middle Eastern
69898,Middle Eastern,Turkish,Asian,19.1787,754.1405,105.3556,27.3011,Middle Eastern
69899,Middle Eastern,Turkish,Asian,414.6199,1645.9545,1.1118,0.2773,Middle Eastern
69900,Middle Eastern,Turkish,Asian,0.0065,0.0399,0.0032,0.0010,Middle Eastern
69901,Middle Eastern,Turkish,Asian,75.3920,618.8200,24.8122,23.6530,Middle Eastern
69902,Middle Eastern,Turkish,Asian,49.1552,440.7478,29.8115,15.7064,Middle Eastern
69903,Middle Eastern,Turkish,Asian,4652.5556,60646.9645,3464.9562,3219.6642,Middle Eastern
69904,Middle Eastern,Turkish,Asian,206.9489,2058.5665,66.4500,113.8043,Middle Eastern
69905,Middle Eastern,Turkish,Asian,37.4408,318646.0616,62757.5063,7345.0106,Middle Eastern
69906,Middle Eastern,Turkish,Asian,177.4941,1254.2820,44.6145,46.6691,Middle Eastern
69907,Middle Eastern,Turkish,Asian,97.7270,578.2400,17.9200,16.7270,Middle Eastern
69908,Middle Eastern,Turkish,Asian,262.2990,1550.8897,95.3492,18.5039,Middle Eastern
69909,Middle Eastern,Turkish,Asian,0.0000,75.6500,16.8300,0.4250,Middle Eastern
69910,Middle Eastern,Turkish,Asian,46.0166,316.5270,5.6505,14.2983,Middle Eastern
69911,Middle Eastern,Turkish,Asian,26.7883,126.6333,6.4716,2.0007,Middle Eastern
69912,Middle Eastern,Turkish,Asian,928.0208,4877.6800,62.8180,145.4364,Middle Eastern
69913,Middle Eastern,Turkish,Asian,0.0000,0.0000,0.0000,0.0000,Middle Eastern
69914,Middle Eastern,Turkish,Asian,195.6096,1305.0383,70.2160,30.8880,Middle Eastern
69915,Middle Eastern,Turkish,Asian,0.6847,3.1100,0.1076,0.0670,Middle Eastern
69916,Middle Eastern,Turkish,Asian,364.6011,1715.0290,7.4145,29.5746,Middle Eastern
69917,Middle Eastern,Turkish,Asian,519.4342,3197.7600,50.5656,111.7552,Middle Eastern
69918,Middle Eastern,Turkish,Asian,30.0708,132.9740,6.7151,1.1802,Middle Eastern
69919,Middle Eastern,Turkish,Asian,17.3796,319.0998,3.9316,27.8936,Middle Eastern
69920,Middle Eastern,Turkish,Asian,139.3175,1083.4550,38.2669,42.3581,Middle Eastern
69921,Middle Eastern,Turkish,Asian,94.0954,650.2223,54.7177,1.8535,Middle Eastern
69922,Middle Eastern,Turkish,Asian,19.8333,574.4840,4.7962,55.6589,Middle Eastern
69923,Middle Eastern,Turkish,Asian,19.9048,210.3208,4.4015,14.5052,Middle Eastern
69924,Middle Eastern,Turkish,Asian,3.5206,20.2770,1.4328,0.0540,Middle Eastern
69925,Middle Eastern,Turkish,Asian,32.3431,756.8215,29.0514,57.8016,Middle Eastern
69926,Middle Eastern,Turkish,Asian,19.2897,920.2375,61.1032,66.9916,Middle Eastern
69927,Middle Eastern,Turkish,Asian,146.1335,805.7960,50.0540,5.1967,Middle Eastern
69928,Middle Eastern,Turkish,Asian,136.7828,1016.3900,30.5876,42.1580,Middle Eastern
69929,Middle Eastern,Turkish,Asian,147.2254,1449.5115,66.8328,68.1801,Middle Eastern
69930,Middle Eastern,Turkish,Asian,8.4121,2366.7911,28.1804,250.2598,Middle Eastern
69931,Middle Eastern,Turkish,Asian,2578.0391,11606.8000,188.3968,137.0936,Middle Eastern
69932,Middle Eastern,Turkish,Asian,5.1742,1426.8880,84.0064,116.8650,Middle Eastern
69933,Middle Eastern,Turkish,Asian,309.7162,2162.1816,101.9457,65.8622,Middle Eastern
69934,Middle Eastern,Turkish,Asian,19.3573,577.8100,19.1716,47.9974,Middle Eastern
69935,Middle Eastern,Turkish,Asian,141.6340,830.6500,10.6860,28.9685,Middle Eastern
69936,Middle Eastern,Turkish,Asian,3.9357,2069.3250,21.2312,218.2109,Middle Eastern
69937,Middle Eastern,Turkish,Asian,2.4459,496.9475,0.6144,55.2381,Middle Eastern
69938,Middle Eastern,Turkish,Asian,10456.8752,81442.8830,557.4355,4669.5383,Middle Eastern
69939,Middle Eastern,Turkish,Asian,18.3060,123.4870,4.2508,3.9812,Middle Eastern
69940,Middle Eastern,Turkish,Asian,43.5209,447.6527,16.0408,28.7320,Middle Eastern
69941,Middle Eastern,Turkish,Asian,609.3041,3443.0200,50.8591,90.4098,Middle Eastern
69942,Middle Eastern,Turkish,Asian,83.1157,606704.6317,38340.1698,49037.8368,Middle Eastern
69943,Middle Eastern,Turkish,Asian,3.6922,13.7077,0.3632,0.3074,Middle Eastern
69944,Middle Eastern,Turkish,Asian,23.8910,1240.7682,191.5500,37.1623,Middle Eastern
69945,Middle Eastern,Turkish,Asian,63309.1145,289254.5300,4707.3605,1128.9250,Middle Eastern
69946,Middle Eastern,Turkish,Asian,152.9035,690.8860,24.9324,3.2036,Middle Eastern
69947,Middle Eastern,Turkish,Asian,20642.1331,170628.6476,1893.3146,9309.7988,Middle Eastern
69948,Middle Eastern,Turkish,Asian,237.0960,1885.4210,33.9390,89.2683,Middle Eastern
69949,Middle Eastern,Turkish,Asian,954.9625,3843.4967,0.4516,0.1044,Middle Eastern
69950,Middle Eastern,Turkish,Asian,4.8789,88.3367,3.1352,6.9923,Middle Eastern
69951,Middle Eastern,Turkish,Asian,34.8857,295.1600,8.1021,15.2581,Middle Eastern
69952,Middle Eastern,Turkish,Asian,17.2868,311.1025,2.9517,27.5119,Middle Eastern
69953,Middle Eastern,Turkish,Asian,558.5015,2944.2293,123.8212,74.7863,Middle Eastern
69954,Middle Eastern,Turkish,Asian,0.8259,3.7500,0.1753,0.0412,Middle Eastern
69955,Middle Eastern,Turkish,Asian,127.5090,1054.8283,26.7127,57.0135,Middle Eastern
69956,Middle Eastern,Turkish,Asian,19.8518,833.5453,4.7013,84.8444,Middle Eastern
69957,Middle Eastern,Turkish,Asian,408.7793,4395.3861,39.7030,301.4989,Middle Eastern
69958,Middle Eastern,Turkish,Asian,2697.4279,19835.9865,478.8308,801.0631,Middle Eastern
69959,Middle Eastern,Turkish,Asian,66.6634,297.6300,7.9492,0.9369,Middle Eastern
69960,Middle Eastern,Turkish,Asian,162.3342,1124.3983,25.2816,43.9456,Middle Eastern
69961,Middle Eastern,Turkish,Asian,17.7680,105.5164,6.2263,0.9529,Middle Eastern
69962,Middle Eastern,Turkish,Asian,62.1643,616.6120,27.6208,32.1657,Middle Eastern
69963,Middle Eastern,Turkish,Asian,6.3311,2199.6152,164.2108,164.6634,Middle Eastern
69964,Middle Eastern,Turkish,Asian,0.0792,122.4102,0.0252,13.5062,Middle Eastern
69965,Middle Eastern,Turkish,Asian,41.1218,1535.7390,40.5386,136.6062,Middle Eastern
69966,Middle Eastern,Turkish,Asian,200.4159,3879.0118,195.9029,254.6404,Middle Eastern
69967,Middle Eastern,Turkish,Asian,3.9556,872.6490,159.7499,19.9308,Middle Eastern
69968,Middle Eastern,Turkish,Asian,251.1823,1579.8730,50.3713,40.8843,Middle Eastern
69969,Middle Eastern,Turkish,Asian,29.8557,129.5880,3.7808,0.7383,Middle Eastern
69970,Middle Eastern,Turkish,Asian,211.4270,6282.0700,136.0775,579.2480,Middle Eastern
69971,Middle Eastern,Turkish,Asian,70.5725,595.0975,20.9357,26.6521,Middle Eastern
69972,Middle Eastern,Turkish,Asian,302.2907,2418.2150,36.2716,116.9107,Middle Eastern
69973,Middle Eastern,Turkish,Asian,940.6755,5763.5500,138.9506,160.3342,Middle Eastern
69974,Middle Eastern,Turkish,Asian,28243.2572,136455.4508,2912.2486,1187.3742,Middle Eastern
69975,Middle Eastern,Turkish,Asian,32.7352,2055.1406,5.7402,217.0668,Middle Eastern
69976,Middle Eastern,Turkish,Asian,14323.7738,96634.6140,3497.9879,2778.5050,Middle Eastern
69977,Middle Eastern,Turkish,Asian,,,,,Middle Eastern
69978,Middle Eastern,Turkish,Asian,9.0122,963.7720,57.2277,78.3629,Middle Eastern
69979,Middle Eastern,Turkish,Asian,49696.8224,247459.4020,8206.3000,1150.6000,Middle Eastern
69980,Middle Eastern,Turkish,Asian,8.9340,291.4300,12.0955,24.1455,Middle Eastern
69981,Middle Eastern,Turkish,Asian,51156.1305,210660.1367,465.8456,480.1474,Middle Eastern
69982,Middle Eastern,Turkish,Asian,1391.1362,23166.5200,682.6118,1809.6615,Middle Eastern
69983,Middle Eastern,Turkish,Asian,30.0740,367.4240,3.7236,27.8748,Middle Eastern
69984,Middle Eastern,Turkish,Asian,81.8329,571.2640,21.4287,23.2292,Middle Eastern
69985,Middle Eastern,Turkish,Asian,17.0495,341.7479,56.9905,3.8378,Middle Eastern
69986,Middle Eastern,Turkish,Asian,0.2058,5793.7304,1262.2743,45.3816,Middle Eastern
69987,Middle Eastern,Turkish,Asian,63.8461,575.2876,24.8721,27.1024,Middle Eastern
69988,Middle Eastern,Turkish,Asian,16.5123,790.6943,2.8268,82.1449,Middle Eastern
69989,Middle Eastern,Turkish,Asian,2.8823,104.4761,5.4701,8.0216,Middle Eastern
69990,Middle Eastern,Turkish,Asian,7.1212,33.8408,1.2056,0.6521,Middle Eastern
69991,Middle Eastern,Turkish,Asian,52.0149,352.6277,37.2588,1.3594,Middle Eastern
69992,Middle Eastern,Turkish,Asian,12.8027,809.2371,48.2952,62.5503,Middle Eastern
69993,Middle Eastern,Turkish,Asian,37773.3113,239080.4992,12290.2559,5010.6286,Middle Eastern
69994,Middle Eastern,Turkish,Asian,374.7412,3833.7295,110.6353,212.8235,Middle Eastern
69995,Middle Eastern,Turkish,Asian,36.8250,140.9499,1.0912,1.4776,Middle Eastern
69996,Middle Eastern,Turkish,Asian,75.7752,1299.5304,77.8805,77.7579,Middle Eastern
69997,Middle Eastern,Turkish,Asian,133.2533,618.9380,5.7901,7.0756,Middle Eastern
69998,Middle Eastern,Turkish,Asian,116.6836,789.1700,13.5202,27.9116,Middle Eastern
69999,Middle Eastern,Turkish,Asian,135.4471,2370.6246,42.9063,193.0334,Middle Eastern
70000,Middle Eastern,Turkish,Asian,94.9151,471.8410,10.3896,8.4113,Middle Eastern
70001,Middle Eastern,Turkish,Asian,156.4076,624.7637,1.1388,0.2724,Middle Eastern
70002,Middle Eastern,Turkish,Asian,1844.2980,118821.6000,6396.2820,9576.4740,Middle Eastern
70003,Middle Eastern,Turkish,Asian,5118.2588,22624.7594,804.7349,153.4657,Middle Eastern
70004,Middle Eastern,Turkish,Asian,139.7776,12267.2885,532.8149,1074.6692,Middle Eastern
70005,Middle Eastern,Turkish,Asian,153.2484,758.1090,24.6189,3.4113,Middle Eastern
70006,Middle Eastern,Turkish,Asian,75.6236,926.3798,26.9227,65.0366,Middle Eastern
70007,Middle Eastern,Turkish,Asian,112.1486,1652.7214,169.9965,65.3752,Middle Eastern
70008,Middle Eastern,Turkish,Asian,128.1698,673.1233,20.1246,10.0057,Middle Eastern
70009,Middle Eastern,Turkish,Asian,3.9985,254.6815,0.5618,27.4160,Middle Eastern
70010,Middle Eastern,Turkish,Asian,674.5310,939154.6382,59055.6768,75855.4753,Middle Eastern
70011,Middle Eastern,Turkish,Asian,25.5162,1174.9882,231.2270,9.8905,Middle Eastern
70012,Middle Eastern,Turkish,Asian,54.4594,359.8674,12.2263,14.9903,Middle Eastern
70013,Middle Eastern,Turkish,Asian,26.4280,2011.1376,24.3003,205.7242,Middle Eastern
70014,Middle Eastern,Turkish,Asian,0.3877,223.6894,49.5195,1.2579,Middle Eastern
70015,Middle Eastern,Turkish,Asian,893.8448,4369.1400,62.2040,62.5632,Middle Eastern
70016,Middle Eastern,Turkish,Asian,7.9805,675.0500,108.6100,23.1600,Middle Eastern
70017,Middle Eastern,Turkish,Asian,0.0000,0.0000,0.0000,0.0000,Middle Eastern
70018,Middle Eastern,Turkish,Asian,404.4269,1615.8025,0.1458,0.0397,Middle Eastern
70019,Middle Eastern,Turkish,Asian,1716.2708,34692.6704,1246.2518,2794.1016,Middle Eastern
70020,Middle Eastern,Turkish,Asian,72.6174,480.7212,0.0729,24.0319,Middle Eastern
70021,Middle Eastern,Turkish,Asian,44.5478,226.5940,11.2143,7.2847,Middle Eastern
70022,Middle Eastern,Turkish,Asian,54.3098,1505.3440,87.4422,104.1824,Middle Eastern
70023,Middle Eastern,Turkish,Asian,110.6026,718.3040,0.5410,30.7812,Middle Eastern
70024,Middle Eastern,Turkish,Asian,6.6745,30.9090,0.4172,0.2916,Middle Eastern
70025,Middle Eastern,Turkish,Asian,9.2031,220.7050,1.4308,20.9540,Middle Eastern
70026,Middle Eastern,Turkish,Asian,215.1489,2061.0661,81.8367,107.1970,Middle Eastern
70027,Middle Eastern,Turkish,Asian,454.8068,5685.4600,19.3760,426.4212,Middle Eastern
70028,Middle Eastern,Turkish,Asian,89.8993,2942.9543,150.6011,217.5060,Middle Eastern
70029,Middle Eastern,Turkish,Asian,275.4000,1961.9617,37.7861,77.2105,Middle Eastern
70030,Middle Eastern,Turkish,Asian,24.9764,477.1300,4.3038,42.2462,Middle Eastern
70031,Middle Eastern,Turkish,Asian,40.2650,845.0000,29.0650,69.3200,Middle Eastern
70032,Middle Eastern,Turkish,Asian,253.7431,1342.3388,28.6353,25.6519,Middle Eastern
70033,Middle Eastern,Turkish,Asian,7.8445,984.5800,0.9457,108.2589,Middle Eastern
70034,Middle Eastern,Turkish,Asian,498.0402,2835.4210,53.5009,72.0253,Middle Eastern
70035,Middle Eastern,Turkish,Asian,303.9941,1586.5364,52.9412,26.5094,Middle Eastern
70036,Middle Eastern,Turkish,Asian,62.0562,1769.3929,143.2286,105.8477,Middle Eastern
70037,Middle Eastern,Turkish,Asian,14.8502,422.0432,27.2475,29.7045,Middle Eastern
70038,Middle Eastern,Turkish,Asian,11.3263,47.3550,1.2634,0.1466,Middle Eastern
70039,Middle Eastern,Turkish,Asian,38.5062,2992.0020,166.4269,242.3209,Middle Eastern
70040,Middle Eastern,Turkish,Asian,400.1738,1750.7580,0.2538,22.7010,Middle Eastern
70041,Middle Eastern,Turkish,Asian,9.0548,31.4400,0.6365,0.5373,Middle Eastern
70042,Middle Eastern,Turkish,Asian,380.3687,4174.9880,235.9347,184.2454,Middle Eastern
70043,Middle Eastern,Turkish,Asian,8.2885,520.7450,1.4066,55.1743,Middle Eastern
70044,Middle Eastern,Turkish,Asian,1243.0487,79840.1880,4283.8651,6439.2982,Middle Eastern
70045,Middle Eastern,Turkish,Asian,13.8840,279.8200,8.0435,24.0009,Middle Eastern
70046,Middle Eastern,Turkish,Asian,263.8489,2451.0160,40.9161,138.3687,Middle Eastern
70047,Middle Eastern,Turkish,Asian,26.0564,1877.3418,94.4148,154.8273,Middle Eastern
70048,Middle Eastern,Turkish,Asian,16.4783,1529.2423,79.7355,126.6529,Middle Eastern
70049,Middle Eastern,Turkish,Asian,2.7705,59.2148,4.3175,3.7524,Middle Eastern
70050,Middle Eastern,Turkish,Asian,29.0379,1119.1675,11.6064,115.1701,Middle Eastern
70051,Middle Eastern,Turkish,Asian,34.2510,448.3500,25.5045,23.8875,Middle Eastern
70052,Middle Eastern,Turkish,Asian,4.0881,15.6500,0.4883,0.1032,Middle Eastern
70053,Middle Eastern,Turkish,Asian,69.6590,1183.4580,52.6873,80.9390,Middle Eastern
70054,Middle Eastern,Turkish,Asian,431.4885,5888.2600,7.9995,470.7840,Middle Eastern
70055,Middle Eastern,Turkish,Asian,11.6443,201896.2157,44881.7713,1146.2757,Middle Eastern
70056,Middle Eastern,Turkish,Asian,27.7461,316.9744,10.9255,20.0838,Middle Eastern
70057,Middle Eastern,Turkish,Asian,14.6843,2022.6520,129.9419,156.8287,Middle Eastern
70058,Middle Eastern,Turkish,Asian,46.3908,626.5690,12.9587,47.2774,Middle Eastern
70059,Middle Eastern,Turkish,Asian,71.6549,1449.6979,26.5717,123.8887,Middle Eastern
70060,Middle Eastern,Turkish,Asian,20251.6278,84045.8399,28.6801,349.3669,Middle Eastern
70061,Middle Eastern,Turkish,Asian,276.8390,1905.1357,54.8241,68.5350,Middle Eastern
70062,Middle Eastern,Turkish,Asian,170.0046,1334.8040,77.4369,44.9822,Middle Eastern
70063,Middle Eastern,Turkish,Asian,15.8257,717.2558,2.4901,72.3434,Middle Eastern
70064,Middle Eastern,Turkish,Asian,171.4724,1397.4600,104.6705,37.7889,Middle Eastern
70065,Middle Eastern,Turkish,Asian,8.6348,37.3475,1.2367,0.3430,Middle Eastern
70066,Middle Eastern,Turkish,Asian,217.4019,1739.6293,115.6951,52.7425,Middle Eastern
70067,Middle Eastern,Turkish,Asian,146.2196,752.4808,21.8046,10.4932,Middle Eastern
70068,Middle Eastern,Turkish,Asian,10.0074,47.8547,0.9669,0.2755,Middle Eastern
70069,Middle Eastern,Turkish,Asian,633.0270,2891.4000,47.0050,11.2180,Middle Eastern
70070,Middle Eastern,Turkish,Asian,0.0000,806.9352,179.5204,4.5333,Middle Eastern
70071,Middle Eastern,Turkish,Asian,247.7570,2133.3650,76.2352,98.9048,Middle Eastern
70072,Middle Eastern,Turkish,Asian,18.5337,522.4338,48.1267,28.6201,Middle Eastern
70073,Middle Eastern,Turkish,Asian,25.5147,117.1909,5.4256,2.0123,Middle Eastern
70074,Middle Eastern,Turkish,Asian,539.2449,2523.8700,22.5748,32.8958,Middle Eastern
70075,Middle Eastern,Turkish,Asian,76.6336,1903.3313,50.8744,159.0115,Middle Eastern
70076,Middle Eastern,Turkish,Asian,34.9751,1341.1045,56.9196,111.1314,Middle Eastern
70077,Middle Eastern,Turkish,Asian,34.9362,836.0946,42.3614,62.4775,Middle Eastern
70078,Middle Eastern,Turkish,Asian,56.3362,1036.2964,86.6144,52.4350,Middle Eastern
70079,Middle Eastern,Turkish,Asian,403.1920,1611.9600,0.0000,0.0000,Middle Eastern
70080,Middle Eastern,Turkish,Asian,414.9405,3243.9729,65.0701,161.0626,Middle Eastern
70081,Middle Eastern,Turkish,Asian,58.8741,24011.8568,524.6861,2407.9749,Middle Eastern
70082,Middle Eastern,Turkish,Asian,21601.8608,83797.2188,29.5236,11.9432,Middle Eastern
70083,Middle Eastern,Turkish,Asian,69.1279,704.3945,7.7441,45.6772,Middle Eastern
70084,Middle Eastern,Turkish,Asian,159.7710,2761.0638,124.9112,185.1336,Middle Eastern
70085,Middle Eastern,Turkish,Asian,189.5084,1235.2275,56.9576,32.8337,Middle Eastern
70086,Middle Eastern,Turkish,Asian,317.2352,2537.8750,61.5485,119.6897,Middle Eastern
70087,Middle Eastern,Turkish,Asian,261.7528,1590.7760,39.3230,42.2965,Middle Eastern
70088,Middle Eastern,Turkish,Asian,14250.6104,451154.6643,33125.5083,28510.0405,Middle Eastern
70089,Middle Eastern,Turkish,Asian,0.4328,1.8418,0.0918,0.0291,Middle Eastern
70090,Middle Eastern,Turkish,Asian,5.0007,88.6617,3.1968,6.9944,Middle Eastern
70091,Middle Eastern,Turkish,Asian,13.5223,273.3270,14.6142,18.5527,Middle Eastern
70092,Middle Eastern,Turkish,Asian,25.7647,165.3650,6.6698,4.1081,Middle Eastern
70093,Middle Eastern,Turkish,Asian,700.7028,4668.1146,79.5065,179.2512,Middle Eastern
70094,Middle Eastern,Turkish,Asian,25.4716,310.9475,17.1989,15.9717,Middle Eastern
70095,Middle Eastern,Turkish,Asian,1.9836,8.9400,0.3816,0.0300,Middle Eastern
70096,Middle Eastern,Turkish,Asian,41.5568,518.0184,65.7707,11.8622,Middle Eastern
70097,Middle Eastern,Turkish,Asian,15.6298,299.2200,9.2125,24.9951,Middle Eastern
70098,Middle Eastern,Turkish,Asian,649.9382,11736.6230,355.5835,936.5175,Middle Eastern
70099,Middle Eastern,Turkish,Asian,5.1630,1379.4889,168.1856,72.4693,Middle Eastern
70100,Middle Eastern,Turkish,Asian,4019.6152,118718.0162,6159.9465,8767.0958,Middle Eastern
70101,Middle Eastern,Turkish,Asian,73.7799,2723.6005,145.9367,206.2186,Middle Eastern
70102,Middle Eastern,Turkish,Asian,74.3490,1693.3540,121.6253,99.7652,Middle Eastern
70103,Middle Eastern,Turkish,Asian,36.2341,424500.9677,26889.8185,34288.2507,Middle Eastern
70104,Middle Eastern,Turkish,Asian,14.0100,358.3500,1.6500,33.9000,Middle Eastern
70105,Middle Eastern,Turkish,Asian,4.4500,574.1800,20.4900,53.0350,Middle Eastern
70106,Middle Eastern,Turkish,Asian,614.7362,5188.0140,83.0641,271.3018,Middle Eastern
70107,Middle Eastern,Turkish,Asian,7.3788,152.0402,1.2529,13.7253,Middle Eastern
70108,Middle Eastern,Turkish,Asian,276.4846,2212.8992,84.6507,93.7229,Middle Eastern
70109,Middle Eastern,Turkish,Asian,134.4516,744.4800,47.8084,4.3516,Middle Eastern
70110,Middle Eastern,Turkish,Asian,388.9613,1899.8950,40.5094,20.0846,Middle Eastern
70111,Middle Eastern,Turkish,Asian,231.3616,1205.9611,21.1423,23.5849,Middle Eastern
70112,Middle Eastern,Turkish,Asian,71.3545,342.0367,7.0717,2.9865,Middle Eastern
70113,Middle Eastern,Turkish,Asian,2.6012,513.7870,34.7767,40.3930,Middle Eastern
70114,Middle Eastern,Turkish,Asian,32.3862,487058.7937,30631.4745,39452.9723,Middle Eastern
70115,Middle Eastern,Turkish,Asian,1.0800,214.5000,18.8400,14.2650,Middle Eastern
70116,Middle Eastern,Turkish,Asian,43.4060,1836.5619,98.6460,143.1954,Middle Eastern
70117,Middle Eastern,Turkish,Asian,0.6499,90.2110,7.2871,6.2632,Middle Eastern
70118,Middle Eastern,Turkish,Asian,281.7993,3924.4473,86.8153,279.1736,Middle Eastern
70119,Middle Eastern,Turkish,Asian,36.5286,861.3055,74.0680,49.5786,Middle Eastern
70120,Middle Eastern,Turkish,Asian,38.3890,246.9060,10.5821,13.1790,Middle Eastern
70121,Middle Eastern,Turkish,Asian,6.5380,28.0000,0.7700,0.0700,Middle Eastern
70122,Middle Eastern,Turkish,Asian,35.3776,157.5200,7.6332,1.1780,Middle Eastern
70123,Middle Eastern,Turkish,Asian,67.5440,2942.3200,12.1840,302.2240,Middle Eastern
70124,Middle Eastern,Turkish,Asian,106.7673,845.3040,25.5582,34.1372,Middle Eastern
70125,Middle Eastern,Turkish,Asian,31.7183,484.0900,2.9897,41.1354,Middle Eastern
70126,Middle Eastern,Turkish,Asian,38.5844,265781.8430,52306.9191,6140.5084,Middle Eastern
70127,Middle Eastern,Turkish,Asian,225.3100,975.3622,33.7567,4.9737,Middle Eastern
70128,Middle Eastern,Turkish,Asian,233.9243,1519.1265,97.7973,23.7520,Middle Eastern
70129,Middle Eastern,Turkish,Asian,227.5116,3929.8298,194.9123,242.0374,Middle Eastern
70130,Middle Eastern,Turkish,Asian,510.3617,5185.9342,84.0267,323.0247,Middle Eastern
70131,Middle Eastern,Turkish,Asian,250.5265,1112.8020,38.3142,4.7977,Middle Eastern
70132,Middle Eastern,Turkish,Asian,93.4372,423.9884,9.8857,4.5316,Middle Eastern
70133,Middle Eastern,Turkish,Asian,26.6764,259.9680,11.5290,11.9682,Middle Eastern
70134,Middle Eastern,Turkish,Asian,235.9054,3397.5800,26.8626,277.8194,Middle Eastern
70135,Middle Eastern,Turkish,Asian,2.8072,2180.7800,0.6027,245.5455,Middle Eastern
70136,Middle Eastern,Turkish,Asian,64.6860,792.0300,7.9485,62.4585,Middle Eastern
70137,Middle Eastern,Turkish,Asian,33.6575,2312.9817,137.2293,178.9145,Middle Eastern
70138,Middle Eastern,Turkish,Asian,399.9385,3139.2432,82.2662,135.5381,Middle Eastern
70139,Middle Eastern,Turkish,Asian,385.1982,2022.0520,43.5200,35.6222,Middle Eastern
70140,Middle Eastern,Turkish,Asian,425.5058,2801.1000,28.5660,121.7442,Middle Eastern
70141,Middle Eastern,Turkish,Asian,294.3081,1362.0440,5.0099,26.8660,Middle Eastern
70142,Middle Eastern,Turkish,Asian,10.9467,51.8892,3.2742,0.9417,Middle Eastern
70143,Middle Eastern,Turkish,Asian,47.0245,203.4060,7.4061,1.1513,Middle Eastern
70144,Middle Eastern,Turkish,Asian,303.4429,1718.3294,58.2017,34.5068,Middle Eastern
70145,Middle Eastern,Turkish,Asian,734.4879,15416.9280,13.0105,5.6578,Middle Eastern
70146,Middle Eastern,Turkish,Asian,41.9867,610.9120,21.7490,43.2979,Middle Eastern
70147,Middle Eastern,Turkish,Asian,286.1513,2234.0960,43.8665,115.5225,Middle Eastern
70148,Middle Eastern,Turkish,Asian,16.2531,77.2200,4.1382,0.9750,Middle Eastern
70149,Middle Eastern,Turkish,Asian,4.5908,2405.1540,0.0000,270.0000,Middle Eastern
70150,Middle Eastern,Turkish,Asian,1.9836,777.1700,118.1916,30.0050,Middle Eastern
70151,Middle Eastern,Turkish,Asian,250.2472,5120.3900,192.1510,409.7778,Middle Eastern
70152,Middle Eastern,Turkish,Asian,573.8296,4319.3685,193.7639,139.8042,Middle Eastern
70153,Middle Eastern,Turkish,Asian,55.8854,309.3000,9.6096,8.7814,Middle Eastern
70154,Middle Eastern,Turkish,Asian,113.2927,482.6400,4.7005,1.1218,Middle Eastern
70155,Middle Eastern,Turkish,Asian,337.1003,2889.2950,33.7081,168.8926,Middle Eastern
70156,Middle Eastern,Turkish,Asian,63.1404,1438.6600,61.3620,109.7796,Middle Eastern
70157,Middle Eastern,Turkish,Asian,380.1670,1855.2983,28.2208,20.2430,Middle Eastern
70158,Middle Eastern,Turkish,Asian,11.2086,1143.1800,18.6680,115.5972,Middle Eastern
70159,Middle Eastern,Turkish,Asian,18.0000,3408.1800,100.4500,330.2000,Middle Eastern
70160,Middle Eastern,Turkish,Asian,39.8880,1656.0000,16.4880,171.6480,Middle Eastern
70161,Middle Eastern,Turkish,Asian,223.4110,870.5960,5.3281,8.0684,Middle Eastern
70162,Middle Eastern,Turkish,Asian,179.7217,1108.1720,61.6607,20.5770,Middle Eastern
70163,Middle Eastern,Turkish,Asian,902.3611,4487.7685,217.8877,12.4046,Middle Eastern
70164,Middle Eastern,Turkish,Asian,39519.9126,274150.9150,8162.0948,8834.8177,Middle Eastern
70165,Middle Eastern,Turkish,Asian,140.2484,820.0546,35.4958,21.0091,Middle Eastern
70166,Middle Eastern,Turkish,Asian,319.8051,1757.3405,57.3141,29.0295,Middle Eastern
70167,Middle Eastern,Turkish,Asian,58.9300,1506.1698,101.9214,96.8820,Middle Eastern
70168,Middle Eastern,Turkish,Asian,498.4870,2802.4550,188.5794,18.0749,Middle Eastern
70169,Middle Eastern,Turkish,Asian,0.0000,0.0000,0.0000,0.0000,Middle Eastern
70170,Middle Eastern,Turkish,Asian,81.1911,381.5542,25.2944,3.4311,Middle Eastern
70171,Middle Eastern,Turkish,Asian,350.0768,2098.1920,57.4441,48.4597,Middle Eastern
70172,Middle Eastern,Turkish,Asian,4.4459,680.6600,10.8375,70.0456,Middle Eastern
70173,Middle Eastern,Turkish,Asian,931.1603,12873.6475,367.4195,932.8072,Middle Eastern
70174,Middle Eastern,Turkish,Asian,39.5862,1193.9579,21.5612,111.5593,Middle Eastern
70175,Middle Eastern,Turkish,Asian,2.8873,11.3550,0.5109,0.0841,Middle Eastern
70176,Middle Eastern,Turkish,Asian,55.9444,688.4908,33.2986,38.7734,Middle Eastern
70177,Middle Eastern,Turkish,Asian,56.5777,338.2512,12.2536,11.1666,Middle Eastern
70178,Middle Eastern,Turkish,Asian,0.0000,0.0000,0.0000,0.0000,Middle Eastern
70179,Middle Eastern,Turkish,Asian,41.3617,665.5725,5.5621,56.0883,Middle Eastern
70180,Middle Eastern,Turkish,Asian,37.8860,2706.4030,150.4780,221.7694,Middle Eastern
70181,Middle Eastern,Turkish,Asian,254.1399,2182.1378,214.2440,40.8780,Middle Eastern
70182,Middle Eastern,Turkish,Asian,307.2055,1721.2067,4.2956,54.1444,Middle Eastern
70183,Middle Eastern,Turkish,Asian,1.5382,8.7435,0.6552,0.2465,Middle Eastern
70184,Middle Eastern,Turkish,Asian,342.7616,2350.5030,138.6843,58.5583,Middle Eastern
70185,Middle Eastern,Turkish,Asian,45.8511,344.7262,11.0637,16.8850,Middle Eastern
70186,Middle Eastern,Turkish,Asian,45.7991,210.3683,9.8037,2.5694,Middle Eastern
70187,Middle Eastern,Turkish,Asian,31.4014,778.4077,5.5724,73.3219,Middle Eastern
70188,Middle Eastern,Turkish,Asian,517.8243,4421.7207,170.7563,177.4291,Middle Eastern
70189,Middle Eastern,Turkish,Asian,54.7322,1008.5964,106.7480,43.2631,Middle Eastern
70190,Middle Eastern,Turkish,Asian,31.2286,1569.2358,3.9426,162.8009,Middle Eastern
70191,Middle Eastern,Turkish,Asian,208.8395,4396.4808,225.6757,294.7494,Middle Eastern
70192,Middle Eastern,Turkish,Asian,262.5438,2432.4610,208.7764,64.1261,Middle Eastern
70193,Middle Eastern,Turkish,Asian,5.8620,998.7082,1.2430,108.5990,Middle Eastern
70194,Middle Eastern,Turkish,Asian,32.5309,1406.0303,97.9594,96.9131,Middle Eastern
70195,Middle Eastern,Turkish,Asian,48.7915,783.8880,57.9309,39.1247,Middle Eastern
72416,Middle Eastern,Iraqi,Asian,15.5196,1460.2587,78.3874,118.3609,Middle Eastern
72417,Middle Eastern,Iraqi,Asian,729.1581,5316.8620,168.2157,189.7675,Middle Eastern
72418,Middle Eastern,Iraqi,Asian,87.3607,2008.3938,100.0945,141.7357,Middle Eastern
72419,Middle Eastern,Iraqi,Asian,15.9896,1977.6783,361.1361,43.8564,Middle Eastern
72420,Middle Eastern,Iraqi,Asian,19.6990,2075.5072,155.8803,148.1628,Middle Eastern
72421,Middle Eastern,Iraqi,Asian,45.3087,605982.7640,38291.6818,48992.9688,Middle Eastern
72422,Middle Eastern,Iraqi,Asian,93.1307,3278.7013,550.0534,69.0518,Middle Eastern
72423,Middle Eastern,Iraqi,Asian,24.2407,1073.6817,4.4247,110.7210,Middle Eastern
72424,Middle Eastern,Iraqi,Asian,96.6777,6685.3539,455.2147,490.0540,Middle Eastern
72425,Middle Eastern,Iraqi,Asian,72.9193,4443.9828,269.2716,343.5329,Middle Eastern
72426,Middle Eastern,Iraqi,Asian,13.5194,293.5340,1.6508,28.0038,Middle Eastern
72427,Middle Eastern,Iraqi,Asian,41.1714,654.4948,5.8845,54.9527,Middle Eastern
72428,Middle Eastern,Iraqi,Asian,42.5837,11789.3434,898.6277,868.6819,Middle Eastern
72429,Middle Eastern,Iraqi,Asian,2686.2371,11810.5308,659.9124,67.1770,Middle Eastern
72430,Middle Eastern,Iraqi,Asian,69.8914,735.4907,46.2404,33.4000,Middle Eastern
72431,Middle Eastern,Iraqi,Asian,28.8660,364.9665,6.2053,27.6977,Middle Eastern
72432,Middle Eastern,Iraqi,Asian,155.3211,852.2045,16.3667,18.9213,Middle Eastern
72433,Middle Eastern,Iraqi,Asian,282.4890,1490.2000,73.9290,9.4725,Middle Eastern
72434,Middle Eastern,Iraqi,Asian,10.2740,288.8000,1.2100,27.3100,Middle Eastern
72435,Middle Eastern,Iraqi,Asian,51.2539,2017.7220,50.8906,182.4846,Middle Eastern
72436,Middle Eastern,Iraqi,Asian,187.4005,1068.5560,17.3087,27.5299,Middle Eastern
72437,Middle Eastern,Iraqi,Asian,0.0340,406.8975,0.4824,46.0299,Middle Eastern
72438,Middle Eastern,Iraqi,Asian,41.0512,216.7743,13.1074,4.9698,Middle Eastern
72439,Middle Eastern,Iraqi,Asian,29.8305,725.0175,22.7644,58.7149,Middle Eastern
72440,Middle Eastern,Iraqi,Asian,14.9440,1003.5800,1.7600,109.1600,Middle Eastern
72441,Middle Eastern,Iraqi,Asian,151.3365,722.9500,15.1590,6.0300,Middle Eastern
72442,Middle Eastern,Iraqi,Asian,79.7812,591.3770,10.8620,28.9916,Middle Eastern
72443,Middle Eastern,Iraqi,Asian,337.6588,1850.9562,38.8753,41.0774,Middle Eastern
72444,Middle Eastern,Iraqi,Asian,14.0100,3693.3360,231.3530,293.9467,Middle Eastern
72445,Middle Eastern,Iraqi,Asian,37.2464,824.8800,71.6601,43.5369,Middle Eastern
72446,Middle Eastern,Iraqi,Asian,94.2281,864.1697,60.1718,32.8216,Middle Eastern
72447,Middle Eastern,Iraqi,Asian,,,,,Middle Eastern
72448,Middle Eastern,Iraqi,Asian,11.2753,571.5398,91.9773,16.1726,Middle Eastern
72449,Middle Eastern,Iraqi,Asian,8.0678,206.9420,0.7311,0.9199,Middle Eastern
72450,Middle Eastern,Iraqi,Asian,118.1511,4439.7800,8.9445,450.9733,Middle Eastern
72451,Middle Eastern,Iraqi,Asian,195.2936,2059.5473,150.2370,75.9233,Middle Eastern
72452,Middle Eastern,Iraqi,Asian,315.3933,1259.4650,1.0228,0.2736,Middle Eastern
72453,Middle Eastern,Iraqi,Asian,180.0867,3158.6759,226.9498,173.0703,Middle Eastern
72454,Middle Eastern,Iraqi,Asian,539.4167,4706.5900,17.0628,276.4582,Middle Eastern
72455,Middle Eastern,Iraqi,Asian,81.0669,2359.5915,110.4023,176.7824,Middle Eastern
72456,Middle Eastern,Iraqi,Asian,357.6581,2612.2610,64.5594,107.1782,Middle Eastern
72457,Middle Eastern,Iraqi,Asian,12.3553,259.1300,8.0904,21.6277,Middle Eastern
72458,Middle Eastern,Iraqi,Asian,280.9179,3937.3595,197.6068,224.3983,Middle Eastern
72459,Middle Eastern,Iraqi,Asian,27.1511,594.0680,4.5944,55.0134,Middle Eastern
72460,Middle Eastern,Iraqi,Asian,7.8446,34.1600,1.0980,0.1220,Middle Eastern
72461,Middle Eastern,Iraqi,Asian,3.5095,2792.6420,88.5856,275.8074,Middle Eastern
72462,Middle Eastern,Iraqi,Asian,658.6362,2948.3946,39.1025,22.0153,Middle Eastern
72463,Middle Eastern,Iraqi,Asian,572.6010,3430.9776,185.1605,55.4939,Middle Eastern
72464,Middle Eastern,Iraqi,Asian,14.5326,1179.1700,183.2285,38.6185,Middle Eastern
72465,Middle Eastern,Iraqi,Asian,,,,,Middle Eastern
72466,Middle Eastern,Iraqi,Asian,6.8304,499.6480,0.9108,54.6250,Middle Eastern
72467,Middle Eastern,Iraqi,Asian,120.7516,1048.8136,125.3846,15.0689,Middle Eastern
72468,Middle Eastern,Iraqi,Asian,28.3428,1694.0195,92.7045,134.8323,Middle Eastern
72469,Middle Eastern,Iraqi,Asian,75.5566,1195.8110,204.7369,8.0433,Middle Eastern
72470,Middle Eastern,Iraqi,Asian,247.4222,1193.7500,15.3720,15.9576,Middle Eastern
72471,Middle Eastern,Iraqi,Asian,74.4227,904.4815,112.6447,17.8881,Middle Eastern
72472,Middle Eastern,Iraqi,Asian,160.2710,2162.0700,21.5160,166.2780,Middle Eastern
72473,Middle Eastern,Iraqi,Asian,698.6745,4081.5929,108.1264,134.1955,Middle Eastern
72474,Middle Eastern,Iraqi,Asian,24.0059,110.4122,6.5126,0.4925,Middle Eastern
72475,Middle Eastern,Iraqi,Asian,236.6740,1253.7633,65.2231,8.3451,Middle Eastern
72476,Middle Eastern,Iraqi,Asian,396.9802,3020.0285,37.8821,165.6629,Middle Eastern
72477,Middle Eastern,Iraqi,Asian,252.0569,1582.2700,30.4530,66.3272,Middle Eastern
72478,Middle Eastern,Iraqi,Asian,4.9808,88.8550,2.7249,7.2366,Middle Eastern
72479,Middle Eastern,Iraqi,Asian,6386.5567,28544.2012,614.6387,297.9120,Middle Eastern
72480,Middle Eastern,Iraqi,Asian,101.6717,499.1105,28.1143,5.1917,Middle Eastern
72481,Middle Eastern,Iraqi,Asian,248.6271,1664.8880,51.4805,56.6385,Middle Eastern
72482,Middle Eastern,Iraqi,Asian,0.1468,469.8480,0.0852,54.4208,Middle Eastern
72483,Middle Eastern,Iraqi,Asian,,,,,Middle Eastern
72484,Middle Eastern,Iraqi,Asian,14.3319,2287.0593,87.4323,211.8137,Middle Eastern
72485,Middle Eastern,Iraqi,Asian,92.1260,371.3310,4.0823,0.5378,Middle Eastern
72486,Middle Eastern,Iraqi,Asian,54.0317,2344.9505,84.4898,201.4103,Middle Eastern
72487,Middle Eastern,Iraqi,Asian,5.5002,354.4600,19.8762,27.8930,Middle Eastern
72488,Middle Eastern,Iraqi,Asian,706.9233,2817.8808,0.6986,0.4382,Middle Eastern
72489,Middle Eastern,Iraqi,Asian,36.1278,1064.3940,98.9005,59.0534,Middle Eastern
72490,Middle Eastern,Iraqi,Asian,1.6694,6.8865,0.2295,0.0475,Middle Eastern
72491,Middle Eastern,Iraqi,Asian,177.1847,2478.4566,136.0353,139.3220,Middle Eastern
72492,Middle Eastern,Iraqi,Asian,22.6142,2039.6329,192.5325,126.0824,Middle Eastern
72493,Middle Eastern,Iraqi,Asian,338.9964,2995.9410,37.1005,175.0378,Middle Eastern
72494,Middle Eastern,Iraqi,Asian,,,,,Middle Eastern
72495,Middle Eastern,Iraqi,Asian,304.9260,1592.9000,35.0010,26.4000,Middle Eastern
72496,Middle Eastern,Iraqi,Asian,80.3569,2127.2184,207.6083,110.2794,Middle Eastern
72497,Middle Eastern,Iraqi,Asian,160.4593,485774.9400,30677.4967,39230.7336,Middle Eastern
72498,Middle Eastern,Iraqi,Asian,28.7332,2212.3597,6.4425,234.1299,Middle Eastern
72499,Middle Eastern,Iraqi,Asian,46.1706,599.4405,34.0470,31.8689,Middle Eastern
72500,Middle Eastern,Iraqi,Asian,45.4400,1412.3860,85.1839,99.6944,Middle Eastern
72501,Middle Eastern,Iraqi,Asian,109.3990,753.0775,24.2173,29.2445,Middle Eastern
72502,Middle Eastern,Iraqi,Asian,54.1024,470.6350,8.0538,27.3535,Middle Eastern
72503,Middle Eastern,Iraqi,Asian,41.1582,1253.4240,75.5212,88.3701,Middle Eastern
72504,Middle Eastern,Iraqi,Asian,151.1768,1559.2278,24.3694,98.8267,Middle Eastern
72505,Middle Eastern,Iraqi,Asian,51.9981,912.5704,27.9408,71.9381,Middle Eastern
72506,Middle Eastern,Iraqi,Asian,200.7261,1083.6680,68.1292,3.8206,Middle Eastern
72507,Middle Eastern,Iraqi,Asian,26.6478,1400.2760,87.0852,103.5717,Middle Eastern
72508,Middle Eastern,Iraqi,Asian,2.3560,2391.4686,369.7553,88.5875,Middle Eastern
72509,Middle Eastern,Iraqi,Asian,108.1001,981.8575,25.3345,53.6115,Middle Eastern
72510,Middle Eastern,Iraqi,Asian,110.4436,1589.4808,44.8894,109.4732,Middle Eastern
72511,Middle Eastern,Iraqi,Asian,7.8570,171.0000,5.3430,14.4000,Middle Eastern
72512,Middle Eastern,Iraqi,Asian,437.3276,2402.5440,50.1037,51.5502,Middle Eastern
72513,Middle Eastern,Iraqi,Asian,169.8601,807.5000,8.8153,11.9888,Middle Eastern
72514,Middle Eastern,Iraqi,Asian,68.4986,627.4700,15.8296,34.5284,Middle Eastern
72515,Middle Eastern,Iraqi,Asian,314.2574,1859.2568,82.4564,37.9084,Middle Eastern
72516,Middle Eastern,Iraqi,Asian,325.8191,6421.4255,145.7120,516.0417,Middle Eastern
72517,Middle Eastern,Iraqi,Asian,117.6535,1218.9116,41.4195,66.6580,Middle Eastern
72518,Middle Eastern,Iraqi,Asian,14.3376,434.4828,2.2530,42.4144,Middle Eastern
72519,Middle Eastern,Iraqi,Asian,6.6859,538.2361,57.8908,29.7348,Middle Eastern
72520,Middle Eastern,Iraqi,Asian,26.5534,229.9084,6.0459,13.8209,Middle Eastern
72521,Middle Eastern,Iraqi,Asian,15.3040,1033.6140,96.1277,62.6574,Middle Eastern
72522,Middle Eastern,Iraqi,Asian,9.6483,43.7600,1.9041,0.3915,Middle Eastern
72523,Middle Eastern,Iraqi,Asian,77.3960,461.2800,18.4797,24.9076,Middle Eastern
72524,Middle Eastern,Iraqi,Asian,25.3734,318.2692,3.9400,0.8086,Middle Eastern
