Recipe_id,Region,Sub_region,Continent,"Carbohydrate, by difference (g)",Energy (kcal),Protein (g),Total lipid (fat) (g),cuisine
2656,Northern Africa,Moroccan,African,248.3609,17343.0723,401.1311,1638.6127,Northern Africa
2657,Northern Africa,Moroccan,African,362.4176,2173.7627,114.8770,37.4801,Northern Africa
2658,Northern Africa,Moroccan,African,511.5621,3402.8343,178.1407,82.5335,Northern Africa
2659,Northern Africa,Moroccan,African,35.3808,3068.2712,547.0434,71.1227,Northern Africa
2660,Northern Africa,Moroccan,African,31.0374,771.0929,93.4788,29.9546,Northern Africa
2661,Northern Africa,Moroccan,African,226.1946,10002.3667,249.3429,904.8643,Northern Africa
2662,Northern Africa,Moroccan,African,46.7739,444.8824,5.0543,28.5408,Northern Africa
2663,Northern Africa,Moroccan,African,36.3731,1205.6547,186.2531,35.0150,Northern Africa
2664,Northern Africa,Moroccan,African,560.1433,2356.3663,52.4855,14.3646,Northern Africa
2665,Northern Africa,Moroccan,African,455.6114,2731.7895,132.3587,52.3929,Northern Africa
2666,Northern Africa,Moroccan,African,270.9151,1667.1161,74.6200,38.1243,Northern Africa
2667,Northern Africa,Moroccan,African,230.4543,2124.5124,246.8351,23.9566,Northern Africa
2668,Northern Africa,Moroccan,African,25.6734,591.7440,29.7517,43.1250,Northern Africa
2669,Northern Africa,Moroccan,African,272.0988,2847.8478,171.7978,125.9894,Northern Africa
2670,Northern Africa,Moroccan,African,188.2295,1778.3118,144.4200,54.4294,Northern Africa
2671,Northern Africa,Moroccan,African,117.6028,2376.9656,211.6569,115.1166,Northern Africa
2672,Northern Africa,Moroccan,African,249.0967,1598.1153,82.9588,37.7312,Northern Africa
2673,Northern Africa,Moroccan,African,306.6238,1720.4536,81.9051,28.6066,Northern Africa
2674,Northern Africa,Moroccan,African,22.0179,339.3654,3.4666,27.8953,Northern Africa
2675,Northern Africa,Moroccan,African,347.4476,1884.5123,72.9775,34.9217,Northern Africa
2676,Northern Africa,Moroccan,African,7.8009,41.9728,1.3776,1.5273,Northern Africa
2677,Northern Africa,Moroccan,African,67.2041,659.6857,13.7937,43.3530,Northern Africa
2678,Northern Africa,Moroccan,African,721.1797,4393.2692,314.4983,45.8311,Northern Africa
2679,Northern Africa,Moroccan,African,33.0312,1119.3625,7.6728,109.7587,Northern Africa
2680,Northern Africa,Moroccan,African,131.5459,688.9797,16.6022,15.0921,Northern Africa
2681,Northern Africa,Moroccan,African,604.2438,3379.7953,160.6477,41.8972,Northern Africa
2682,Northern Africa,Moroccan,African,11.1161,854.1583,179.9562,5.1614,Northern Africa
2683,Northern Africa,Moroccan,African,53.6999,712.4955,7.5088,55.6230,Northern Africa
2684,Northern Africa,Moroccan,African,426.4403,3345.8200,73.2018,155.5352,Northern Africa
2685,Northern Africa,Moroccan,African,1.1741,3.6800,0.1150,0.0387,Northern Africa
2686,Northern Africa,Moroccan,African,81.8234,375.4180,16.0387,4.5599,Northern Africa
2687,Northern Africa,Moroccan,African,256.5888,3625.2749,525.9689,53.0862,Northern Africa
2688,Northern Africa,Moroccan,African,297.4812,2815.5077,77.4163,157.5042,Northern Africa
2689,Northern Africa,Moroccan,African,249.4921,1577.0273,74.2193,41.8171,Northern Africa
2690,Northern Africa,Moroccan,African,54.9350,689.1730,22.7954,47.2820,Northern Africa
2691,Northern Africa,Moroccan,African,115.4394,723.2761,21.2735,19.2679,Northern Africa
2692,Northern Africa,Moroccan,African,162.2283,1419.0430,57.4506,62.4423,Northern Africa
2693,Northern Africa,Moroccan,African,55.1483,1292.2072,188.3685,33.7163,Northern Africa
2694,Northern Africa,Moroccan,African,108.9607,3474.8740,175.5636,259.4929,Northern Africa
2695,Northern Africa,Moroccan,African,154.4954,3933.0673,205.2370,279.2862,Northern Africa
2696,Northern Africa,Moroccan,African,43.8970,624.5970,28.7706,38.6703,Northern Africa
2697,Northern Africa,Moroccan,African,97.5656,9400.5210,196.3138,921.3935,Northern Africa
2698,Northern Africa,Moroccan,African,5.1488,329.0847,53.5208,10.9519,Northern Africa
2699,Northern Africa,Moroccan,African,204.7708,2497.4469,128.2904,131.5967,Northern Africa
2700,Northern Africa,Moroccan,African,182.6570,4350.1718,159.2176,337.2171,Northern Africa
2701,Northern Africa,Moroccan,African,321.8718,1783.7265,55.8512,27.4660,Northern Africa
2702,Northern Africa,Moroccan,African,58.7352,5457.1480,337.0201,424.4539,Northern Africa
2703,Northern Africa,Moroccan,African,239.6624,1705.2031,75.9520,56.2835,Northern Africa
2704,Northern Africa,Moroccan,African,220.8215,2998.3516,176.8981,158.1575,Northern Africa
2705,Northern Africa,Moroccan,African,6.9810,153.5720,2.0440,13.8657,Northern Africa
49472,Northern Africa,Moroccan,African,1.6506,369.9990,0.7126,41.0578,Northern Africa
49473,Northern Africa,Moroccan,African,240.1915,2586.7428,38.2867,166.3016,Northern Africa
49474,Northern Africa,Moroccan,African,67134.0394,325838.1750,11044.0681,554.7325,Northern Africa
49475,Northern Africa,Moroccan,African,45.0115,208.1287,10.9086,2.4191,Northern Africa
49476,Northern Africa,Moroccan,African,15.3765,427.2495,1.7553,41.2385,Northern Africa
49477,Northern Africa,Moroccan,African,4.4621,309.9432,26.2483,20.3749,Northern Africa
49478,Northern Africa,Moroccan,African,111.7523,1182.8733,3.8258,86.8778,Northern Africa
49479,Northern Africa,Moroccan,African,283.0181,2649.5888,58.7487,144.4387,Northern Africa
49480,Northern Africa,Moroccan,African,23.0430,106.6303,5.3931,1.4549,Northern Africa
49481,Northern Africa,Moroccan,African,271.5898,1973.3527,28.5674,104.6747,Northern Africa
49482,Northern Africa,Moroccan,African,78.0967,374.5307,23.2795,4.3878,Northern Africa
49483,Northern Africa,Moroccan,African,87.2334,538.9059,26.6342,10.0370,Northern Africa
49484,Northern Africa,Moroccan,African,156.2188,829.5475,24.9079,11.1347,Northern Africa
49485,Northern Africa,Moroccan,African,25.9381,380.1713,9.6654,29.8620,Northern Africa
49486,Northern Africa,Moroccan,African,297.1199,1437.7722,49.9740,3.4536,Northern Africa
49487,Northern Africa,Moroccan,African,4.3869,620.7353,1.1210,68.5973,Northern Africa
49488,Northern Africa,Moroccan,African,882.3528,4068.1485,28.8120,89.6349,Northern Africa
49489,Northern Africa,Moroccan,African,30.7281,1222.6443,36.1485,108.1809,Northern Africa
49490,Northern Africa,Moroccan,African,21.4554,146.6903,5.2372,6.6929,Northern Africa
49491,Northern Africa,Moroccan,African,5.6071,1107.0600,0.7076,122.7052,Northern Africa
49492,Northern Africa,Moroccan,African,21.3610,6543.5667,1419.4930,45.7977,Northern Africa
49493,Northern Africa,Moroccan,African,22.7597,443.8432,14.0357,36.9072,Northern Africa
49494,Northern Africa,Moroccan,African,86.6348,848.5502,10.6402,56.8324,Northern Africa
49495,Northern Africa,Moroccan,African,23617.3644,141839.0229,7674.5420,2271.5946,Northern Africa
49496,Northern Africa,Moroccan,African,135.0668,760.5783,23.6818,16.1803,Northern Africa
49497,Northern Africa,Moroccan,African,21.6467,95.3498,4.1670,0.6329,Northern Africa
49498,Northern Africa,Moroccan,African,206.1465,1450.7052,64.4813,45.8067,Northern Africa
49499,Northern Africa,Moroccan,African,75578.8563,454211.6700,24590.2985,7291.8945,Northern Africa
49500,Northern Africa,Moroccan,African,263.0179,2875.5450,38.7159,194.1364,Northern Africa
49501,Northern Africa,Moroccan,African,4.9056,264.7292,1.4873,27.7449,Northern Africa
49502,Northern Africa,Moroccan,African,2.0167,152.3182,12.9937,9.9964,Northern Africa
49503,Northern Africa,Moroccan,African,47135.9927,229191.0271,7793.8171,420.7626,Northern Africa
49504,Northern Africa,Moroccan,African,287.5625,1751.6951,125.5900,48.7464,Northern Africa
49505,Northern Africa,Moroccan,African,30.1223,125.0353,1.5872,0.4096,Northern Africa
49506,Northern Africa,Moroccan,African,8589.1156,36767.7082,834.8240,216.2439,Northern Africa
49507,Northern Africa,Moroccan,African,2.6233,361.0520,31.5248,23.8004,Northern Africa
49508,Northern Africa,Moroccan,African,2.4972,31.4085,4.2527,0.6352,Northern Africa
49509,Northern Africa,Moroccan,African,228.1752,1211.7155,35.6858,16.4910,Northern Africa
49510,Northern Africa,Moroccan,African,17.9772,87.2618,3.8563,1.6414,Northern Africa
49511,Northern Africa,Moroccan,African,206.9096,1398.0032,58.4629,34.6875,Northern Africa
49512,Northern Africa,Moroccan,African,61.9229,522.3375,14.9656,27.1873,Northern Africa
49513,Northern Africa,Moroccan,African,387.5247,2967.9607,74.9096,126.3217,Northern Africa
49514,Northern Africa,Moroccan,African,58.9785,501.7392,11.7658,29.2264,Northern Africa
49515,Northern Africa,Moroccan,African,29.4781,367.4462,2.6357,27.9318,Northern Africa
49516,Northern Africa,Moroccan,African,9949.6865,106011.3626,1843.3551,7535.0055,Northern Africa
49517,Northern Africa,Moroccan,African,95.3947,750.2600,13.5634,39.6295,Northern Africa
49518,Northern Africa,Moroccan,African,104.6220,491.4150,11.1806,4.8892,Northern Africa
49519,Northern Africa,Moroccan,African,156.8111,847.4246,34.7080,7.0409,Northern Africa
49520,Northern Africa,Moroccan,African,12.6259,42.1875,1.4779,0.6325,Northern Africa
49521,Northern Africa,Moroccan,African,20.8085,488.4277,12.0769,43.4483,Northern Africa
49522,Northern Africa,Moroccan,African,43.8731,198.3498,9.8324,1.3406,Northern Africa
49523,Northern Africa,Moroccan,African,37.6527,450.4488,31.4965,20.5448,Northern Africa
49524,Northern Africa,Moroccan,African,108.1343,629.6540,11.8811,20.6083,Northern Africa
49525,Northern Africa,Moroccan,African,19.1350,283.2305,9.0473,22.1834,Northern Africa
49526,Northern Africa,Moroccan,African,34416.9927,208333.5036,6458.6977,4898.3787,Northern Africa
49527,Northern Africa,Moroccan,African,16.2799,305.8765,2.2262,27.1907,Northern Africa
49528,Northern Africa,Moroccan,African,480.8307,2995.6248,120.5527,78.9520,Northern Africa
49529,Northern Africa,Moroccan,African,2.3659,172.1182,0.5291,18.5296,Northern Africa
49530,Northern Africa,Moroccan,African,51.6458,434.4015,8.2446,25.5505,Northern Africa
49531,Northern Africa,Moroccan,African,0.0000,448.9500,0.1435,50.9835,Northern Africa
49532,Northern Africa,Moroccan,African,17.9750,243.6785,6.0340,17.0749,Northern Africa
49533,Northern Africa,Moroccan,African,68.7273,305.1027,8.0011,3.0603,Northern Africa
49534,Northern Africa,Moroccan,African,727.9633,3583.5482,179.1216,41.6906,Northern Africa
49535,Northern Africa,Moroccan,African,83.4632,1336.0739,17.7995,110.6721,Northern Africa
49536,Northern Africa,Moroccan,African,609.4640,4649.5893,133.7489,193.2952,Northern Africa
49537,Northern Africa,Moroccan,African,24.8775,114.4684,3.3069,1.3943,Northern Africa
49538,Northern Africa,Moroccan,African,420.6307,2935.8871,62.9071,115.7472,Northern Africa
49539,Northern Africa,Moroccan,African,11.5480,195.9790,14.3861,10.4373,Northern Africa
49540,Northern Africa,Moroccan,African,2997.7847,12845.9193,355.0327,32.8180,Northern Africa
49541,Northern Africa,Moroccan,African,1147.1875,7827.4105,233.6437,301.5335,Northern Africa
49542,Northern Africa,Moroccan,African,50.7493,1102.3632,32.8166,88.2007,Northern Africa
49543,Northern Africa,Moroccan,African,5.3935,20.5771,0.0995,0.0899,Northern Africa
49544,Northern Africa,Moroccan,African,188.3666,1333.4086,77.5374,33.2818,Northern Africa
49545,Northern Africa,Moroccan,African,1.8270,18.9165,0.5301,0.5303,Northern Africa
49546,Northern Africa,Moroccan,African,356.1283,1771.4302,49.6990,17.5971,Northern Africa
49547,Northern Africa,Moroccan,African,156.6801,803.5610,30.4993,5.2277,Northern Africa
49548,Northern Africa,Moroccan,African,36910.7041,180301.1139,6120.1303,416.8645,Northern Africa
49549,Northern Africa,Moroccan,African,144.7466,1227.8500,38.5804,61.8984,Northern Africa
49550,Northern Africa,Moroccan,African,199.5579,1460.9700,24.8716,64.9867,Northern Africa
49551,Northern Africa,Moroccan,African,406.8972,3018.2800,59.8695,130.7352,Northern Africa
49552,Northern Africa,Moroccan,African,20.3097,571.5960,4.2165,54.7994,Northern Africa
49553,Northern Africa,Moroccan,African,25.3137,233.2900,3.4492,14.8967,Northern Africa
49554,Northern Africa,Moroccan,African,206.1729,1235.6500,33.8309,28.8336,Northern Africa
49555,Northern Africa,Moroccan,African,220.9667,2264.0523,64.5540,128.3939,Northern Africa
49556,Northern Africa,Moroccan,African,330.8961,1786.8521,84.2133,24.2725,Northern Africa
49557,Northern Africa,Moroccan,African,13.3526,195.8101,4.8222,14.5619,Northern Africa
49558,Northern Africa,Moroccan,African,146.6580,1569.4784,52.8092,92.5247,Northern Africa
49559,Northern Africa,Moroccan,African,52.1111,566.6040,17.2371,36.3809,Northern Africa
49560,Northern Africa,Moroccan,African,3.9285,324.1800,2.6715,34.2000,Northern Africa
49561,Northern Africa,Moroccan,African,139.6413,933.7126,30.5417,30.7704,Northern Africa
49562,Northern Africa,Moroccan,African,102.2090,694.6202,22.7339,30.9844,Northern Africa
49563,Northern Africa,Moroccan,African,143.5363,969.7663,29.6054,31.5478,Northern Africa
49564,Northern Africa,Moroccan,African,140.1343,674.9282,22.5446,1.3336,Northern Africa
49565,Northern Africa,Moroccan,African,16731.5616,73486.2808,1789.2486,106.5132,Northern Africa
49566,Northern Africa,Moroccan,African,550.6467,10914.5073,195.6387,928.1947,Northern Africa
49567,Northern Africa,Moroccan,African,110.0808,483.7730,13.4540,0.7100,Northern Africa
49568,Northern Africa,Moroccan,African,35.4418,434.8566,30.2651,19.8794,Northern Africa
49569,Northern Africa,Moroccan,African,202.5289,1598.6660,66.1722,62.8947,Northern Africa
49570,Northern Africa,Moroccan,African,13.3598,296.5050,1.2434,27.3152,Northern Africa
49571,Northern Africa,Moroccan,African,177.2095,812.7888,9.3318,15.3444,Northern Africa
49572,Northern Africa,Moroccan,African,158.4543,875.1383,25.5440,15.4772,Northern Africa
49573,Northern Africa,Moroccan,African,304.8449,1587.7800,52.7473,14.9759,Northern Africa
49574,Northern Africa,Moroccan,African,161.7582,1339.5560,46.4831,55.3567,Northern Africa
49575,Northern Africa,Moroccan,African,145.4887,703.6062,23.8704,1.9829,Northern Africa
49576,Northern Africa,Moroccan,African,119.0459,875.2050,33.4933,32.6694,Northern Africa
49577,Northern Africa,Moroccan,African,351.1161,1793.0225,72.9211,15.6639,Northern Africa
49578,Northern Africa,Moroccan,African,392.6532,2332.5377,124.6502,36.5836,Northern Africa
49579,Northern Africa,Moroccan,African,28.8555,616.4770,6.9379,55.5597,Northern Africa
49580,Northern Africa,Moroccan,African,16.0803,1651.6363,79.7901,140.9903,Northern Africa
49581,Northern Africa,Moroccan,African,217.1165,1803.6688,44.2219,87.9572,Northern Africa
49582,Northern Africa,Moroccan,African,250.5015,3868.9589,80.8105,300.4108,Northern Africa
49583,Northern Africa,Moroccan,African,20.4641,207.4332,2.8271,14.7194,Northern Africa
49584,Northern Africa,Moroccan,African,13.6611,620.4367,8.1651,62.1631,Northern Africa
49585,Northern Africa,Moroccan,African,1228.2527,79205.2368,4263.4545,6384.1611,Northern Africa
49586,Northern Africa,Moroccan,African,11.1116,58.5252,2.8421,1.3878,Northern Africa
49587,Northern Africa,Moroccan,African,369.3538,2032.2410,66.4233,32.4897,Northern Africa
49588,Northern Africa,Moroccan,African,64.9679,1305.2925,28.7038,111.3940,Northern Africa
49589,Northern Africa,Moroccan,African,0.7927,63.9406,0.6239,6.5076,Northern Africa
49590,Northern Africa,Moroccan,African,298.8111,2329.8540,88.2641,94.3482,Northern Africa
49591,Northern Africa,Moroccan,African,3624.9615,17001.9490,829.9257,198.7568,Northern Africa
49592,Northern Africa,Moroccan,African,38.7428,282.4538,2.7136,14.3148,Northern Africa
49593,Northern Africa,Moroccan,African,39.5326,550.3395,9.5398,42.2525,Northern Africa
49594,Northern Africa,Moroccan,African,81.2290,826.7400,8.1982,56.1934,Northern Africa
49595,Northern Africa,Moroccan,African,0.4607,1.8296,0.0624,0.0192,Northern Africa
49596,Northern Africa,Moroccan,African,155.8712,979.8580,15.1223,33.1175,Northern Africa
49597,Northern Africa,Moroccan,African,2.9238,15.2596,0.7083,0.3896,Northern Africa
49598,Northern Africa,Moroccan,African,,,,,Northern Africa
49599,Northern Africa,Moroccan,African,43.3372,541.4283,3.3267,41.1861,Northern Africa
49600,Northern Africa,Moroccan,African,0.0000,119.3400,0.0000,13.5000,Northern Africa
49601,Northern Africa,Moroccan,African,22.0526,571.8465,3.3763,54.5521,Northern Africa
49602,Northern Africa,Moroccan,African,443.4940,2476.3476,119.9296,29.8425,Northern Africa
49603,Northern Africa,Moroccan,African,265.3276,1814.2476,71.0021,54.4996,Northern Africa
49604,Northern Africa,Moroccan,African,20.3875,478.6975,11.0865,42.6802,Northern Africa
49605,Northern Africa,Moroccan,African,330.0187,2734.7109,25.5144,167.5040,Northern Africa
49606,Northern Africa,Moroccan,African,54.3254,470.8603,4.9456,28.4250,Northern Africa
49607,Northern Africa,Moroccan,African,48.4123,901.5830,11.4539,80.5259,Northern Africa
49608,Northern Africa,Moroccan,African,347.3258,2030.1302,97.5549,35.5405,Northern Africa
49609,Northern Africa,Moroccan,African,1099.7532,9094.3130,100.8612,479.8184,Northern Africa
49610,Northern Africa,Moroccan,African,11.3319,58.9390,1.6512,2.2285,Northern Africa
49611,Northern Africa,Moroccan,African,37.8539,744.1860,20.9847,58.7193,Northern Africa
49612,Northern Africa,Moroccan,African,331.6620,1330.9200,0.0000,0.5962,Northern Africa
49613,Northern Africa,Moroccan,African,59.2961,2921.9661,251.6705,191.5556,Northern Africa
49614,Northern Africa,Moroccan,African,455.5053,2492.8983,104.7244,35.5233,Northern Africa
49615,Northern Africa,Moroccan,African,401.0837,3693.5703,248.8901,130.4451,Northern Africa
49616,Northern Africa,Moroccan,African,210.9884,1230.1539,64.9848,18.9108,Northern Africa
49617,Northern Africa,Moroccan,African,24.2405,496.9970,5.7997,45.6526,Northern Africa
49618,Northern Africa,Moroccan,African,46.5012,1432.2491,89.4947,99.2783,Northern Africa
49619,Northern Africa,Moroccan,African,286.1922,2041.7900,9.9998,110.5261,Northern Africa
49620,Northern Africa,Moroccan,African,300.2634,3747.9097,345.0485,123.8215,Northern Africa
49621,Northern Africa,Moroccan,African,47429.7239,282505.0732,15288.2844,4488.4626,Northern Africa
49622,Northern Africa,Moroccan,African,407.0451,22870.7170,1453.3620,1716.7611,Northern Africa
49623,Northern Africa,Moroccan,African,21125.6843,157501.9375,784.9956,8891.5123,Northern Africa
49624,Northern Africa,Moroccan,African,17.2256,1025.2800,1.5680,108.4592,Northern Africa
49625,Northern Africa,Moroccan,African,39.4685,723.9319,20.1644,55.9881,Northern Africa
49626,Northern Africa,Moroccan,African,201.2190,1329.6636,67.8600,33.4704,Northern Africa
49627,Northern Africa,Moroccan,African,361.2338,2193.1224,68.6440,50.7851,Northern Africa
49628,Northern Africa,Moroccan,African,9.4631,179.1480,5.6926,14.7512,Northern Africa
49629,Northern Africa,Moroccan,African,156.0380,907.2450,19.2102,30.8877,Northern Africa
49630,Northern Africa,Moroccan,African,10.9432,58.8307,2.4287,2.2140,Northern Africa
49631,Northern Africa,Moroccan,African,13.1313,111.9551,3.4331,7.0996,Northern Africa
49632,Northern Africa,Moroccan,African,31040.9089,192190.1279,5901.6342,4897.3489,Northern Africa
49633,Northern Africa,Moroccan,African,208.0729,1093.5097,41.6865,12.5308,Northern Africa
49634,Northern Africa,Moroccan,African,3.5509,31.2005,0.9813,0.9499,Northern Africa
49635,Northern Africa,Moroccan,African,202.3511,331018.3554,71856.1822,2645.3811,Northern Africa
49636,Northern Africa,Moroccan,African,59.4215,16148.7368,358.0138,1608.1655,Northern Africa
49637,Northern Africa,Moroccan,African,245.5083,2277.8346,74.5374,120.7043,Northern Africa
49638,Northern Africa,Moroccan,African,7.6839,264.2142,0.3290,27.4401,Northern Africa
49639,Northern Africa,Moroccan,African,18.5838,323.3205,2.7447,28.1077,Northern Africa
49640,Northern Africa,Moroccan,African,33.1243,162.5080,4.9770,8.2089,Northern Africa
49641,Northern Africa,Moroccan,African,24.1744,1735.7124,134.2650,120.6134,Northern Africa
49642,Northern Africa,Moroccan,African,698.8747,4061.6978,179.3823,69.0899,Northern Africa
49643,Northern Africa,Moroccan,African,139.4452,633.1875,17.5329,9.1393,Northern Africa
49644,Northern Africa,Moroccan,African,1390.1536,55480.5591,563.8455,5724.1945,Northern Africa
49645,Northern Africa,Moroccan,African,52.5585,459.6200,15.6190,25.7089,Northern Africa
49646,Northern Africa,Moroccan,African,4.0085,560.6854,38.4572,42.5389,Northern Africa
49647,Northern Africa,Moroccan,African,114.6531,1147.3000,62.5883,51.4720,Northern Africa
49648,Northern Africa,Moroccan,African,16.4116,1701.0554,243.3262,74.6551,Northern Africa
49650,Northern Africa,Moroccan,African,1347.4740,6513.1800,43.2180,170.3796,Northern Africa
49651,Northern Africa,Moroccan,African,120.1385,26802.9725,596.6761,2660.4481,Northern Africa
49652,Northern Africa,Moroccan,African,56.4529,1760.8585,25.6871,168.8482,Northern Africa
49653,Northern Africa,Moroccan,African,22.4171,93.3660,1.4733,0.7000,Northern Africa
49654,Northern Africa,Moroccan,African,616.5564,5506.1086,65.5955,315.4638,Northern Africa
49655,Northern Africa,Moroccan,African,163.8834,1113.0932,87.9543,17.0747,Northern Africa
49656,Northern Africa,Moroccan,African,12162.6100,60478.0200,2117.5600,215.8500,Northern Africa
49657,Northern Africa,Moroccan,African,379.7393,2308.4993,89.8724,53.4279,Northern Africa
49658,Northern Africa,Moroccan,African,291.3204,2003.6480,137.4751,36.0681,Northern Africa
49659,Northern Africa,Moroccan,African,2.6509,471.4183,37.7620,33.1092,Northern Africa
49660,Northern Africa,Moroccan,African,118.5816,6737.6832,450.2955,488.8055,Northern Africa
49661,Northern Africa,Moroccan,African,473.1377,5233.0090,449.5407,222.6592,Northern Africa
49662,Northern Africa,Moroccan,African,3.6511,375.1428,0.8608,40.8734,Northern Africa
49663,Northern Africa,Moroccan,African,260.3582,1564.4192,59.8309,41.1879,Northern Africa
49664,Northern Africa,Moroccan,African,310.6010,1823.6376,89.0499,32.3519,Northern Africa
49665,Northern Africa,Moroccan,African,27.9987,231.9585,2.6855,13.6480,Northern Africa
49666,Northern Africa,Moroccan,African,249.5681,1447.2115,41.8467,29.7849,Northern Africa
49667,Northern Africa,Moroccan,African,6.9431,135.3270,4.3768,11.1339,Northern Africa
49668,Northern Africa,Moroccan,African,5.9962,376.6057,24.2804,29.3019,Northern Africa
49669,Northern Africa,Moroccan,African,324.2261,3010.6386,92.9549,147.3932,Northern Africa
49670,Northern Africa,Moroccan,African,5.6120,17.8933,0.2847,0.1952,Northern Africa
49671,Northern Africa,Moroccan,African,274.4913,1866.7135,87.0917,53.1576,Northern Africa
49672,Northern Africa,Moroccan,African,0.7489,4.4756,0.1492,0.1034,Northern Africa
49673,Northern Africa,Moroccan,African,623.4097,4370.8282,211.7528,128.9321,Northern Africa
49674,Northern Africa,Moroccan,African,176.9828,1310.2263,80.1175,35.7316,Northern Africa
49675,Northern Africa,Moroccan,African,46.1840,6680.5712,483.4705,496.9226,Northern Africa
49676,Northern Africa,Moroccan,African,139.2452,17867.0898,362.3060,1767.8343,Northern Africa
49677,Northern Africa,Moroccan,African,2.0801,486.3800,0.4752,54.0517,Northern Africa
49678,Northern Africa,Moroccan,African,58.1603,284.9251,4.8648,5.7469,Northern Africa
49679,Northern Africa,Moroccan,African,25.1010,405.4088,30.6479,22.5604,Northern Africa
49680,Northern Africa,Moroccan,African,124.1939,2268.3539,109.1193,153.3664,Northern Africa
49681,Northern Africa,Moroccan,African,245.7368,1705.7300,61.6574,58.5732,Northern Africa
49682,Northern Africa,Moroccan,African,83.6688,352.8890,4.3969,0.9665,Northern Africa
49683,Northern Africa,Moroccan,African,7.9707,276.7850,1.2203,27.5479,Northern Africa
49684,Northern Africa,Moroccan,African,67.5111,776.4567,43.0020,41.2367,Northern Africa
49685,Northern Africa,Moroccan,African,1.9335,484.2400,0.1239,54.0456,Northern Africa
49686,Northern Africa,Moroccan,African,12.0780,304.1718,2.2727,29.4719,Northern Africa
49687,Northern Africa,Moroccan,African,100.7980,1033.4067,140.2500,3.5417,Northern Africa
49688,Northern Africa,Moroccan,African,557.5354,3551.8062,169.8236,80.0861,Northern Africa
49689,Northern Africa,Moroccan,African,208.9984,1573.8306,61.4309,64.0563,Northern Africa
49690,Northern Africa,Moroccan,African,184.0606,1216.1012,48.1240,33.4134,Northern Africa
49691,Northern Africa,Moroccan,African,31.0143,2022.0881,204.9294,115.6012,Northern Africa
49692,Northern Africa,Moroccan,African,60.9482,249.8834,3.3021,1.6789,Northern Africa
49693,Northern Africa,Moroccan,African,22.0153,2553.3576,47.3250,255.1368,Northern Africa
49694,Northern Africa,Moroccan,African,45.1836,193.7512,3.2630,2.1427,Northern Africa
49695,Northern Africa,Moroccan,African,103.1157,1030.0668,12.8910,68.8597,Northern Africa
49696,Northern Africa,Moroccan,African,14.9243,1107.9716,93.1604,75.2863,Northern Africa
49697,Northern Africa,Moroccan,African,79.0512,1597.2862,158.7334,67.5314,Northern Africa
49698,Northern Africa,Moroccan,African,,,,,Northern Africa
49699,Northern Africa,Moroccan,African,172.5507,1810.9275,70.8868,97.7748,Northern Africa
49700,Northern Africa,Moroccan,African,137.8077,792.7750,11.4446,28.8750,Northern Africa
49701,Northern Africa,Moroccan,African,14.5649,70.7705,3.3897,1.4969,Northern Africa
49702,Northern Africa,Moroccan,African,12.5438,881.8900,103.0912,46.0707,Northern Africa
49703,Northern Africa,Moroccan,African,17.0978,567.6718,4.8895,56.0219,Northern Africa
49704,Northern Africa,Moroccan,African,50.0551,927.3560,21.2778,75.3250,Northern Africa
49705,Northern Africa,Moroccan,African,11.5677,1165.0082,143.6305,56.8907,Northern Africa
49706,Northern Africa,Moroccan,African,274.9603,2381.0191,77.8923,115.0423,Northern Africa
49707,Northern Africa,Moroccan,African,288.0042,2091.7233,79.0982,66.9046,Northern Africa
49708,Northern Africa,Moroccan,African,394.1678,1971.1990,42.5310,20.8708,Northern Africa
49709,Northern Africa,Moroccan,African,0.0000,481.7800,0.0000,54.5000,Northern Africa
49710,Northern Africa,Moroccan,African,16.8014,567.4505,58.5224,29.4528,Northern Africa
49711,Northern Africa,Moroccan,African,73.1045,591.6164,11.8474,31.0331,Northern Africa
49712,Northern Africa,Moroccan,African,315.2804,134179.1025,26189.5550,3067.3116,Northern Africa
49713,Northern Africa,Moroccan,African,401.7146,43892.8421,6298.5646,1907.7784,Northern Africa
49714,Northern Africa,Moroccan,African,3.9618,971.7805,0.8329,108.4012,Northern Africa
49715,Northern Africa,Moroccan,African,410.1771,2387.7453,116.8616,37.0516,Northern Africa
49716,Northern Africa,Moroccan,African,254.2764,1684.7539,79.5722,47.5219,Northern Africa
49717,Northern Africa,Moroccan,African,2.3968,12.5400,0.9376,0.2080,Northern Africa
49718,Northern Africa,Moroccan,African,8953.8223,444499.5546,4976.0842,46669.3755,Northern Africa
49719,Northern Africa,Moroccan,African,23.5096,2679.4405,363.8178,120.0372,Northern Africa
49720,Northern Africa,Moroccan,African,295.2056,1868.3809,96.1592,41.4489,Northern Africa
49721,Northern Africa,Moroccan,African,34.2527,606225.5314,38291.7347,49024.3168,Northern Africa
49722,Northern Africa,Moroccan,African,267.4848,1015.8071,3.5638,2.2832,Northern Africa
49723,Northern Africa,Moroccan,African,4.7889,24.7290,0.9580,1.0238,Northern Africa
49724,Northern Africa,Moroccan,African,146.3921,1064.0297,38.9943,39.5448,Northern Africa
49725,Northern Africa,Moroccan,African,44.1582,478.8400,33.2644,20.6460,Northern Africa
49726,Northern Africa,Moroccan,African,536.7969,2950.2694,36.2486,72.9878,Northern Africa
49727,Northern Africa,Moroccan,African,54.3583,2395.7784,184.0947,156.7046,Northern Africa
49728,Northern Africa,Moroccan,African,81.7926,1137.2634,91.2380,53.2110,Northern Africa
49729,Northern Africa,Moroccan,African,79.6260,717.8898,13.2641,42.2739,Northern Africa
49730,Northern Africa,Moroccan,African,39.6824,412.8339,3.7862,27.8859,Northern Africa
49731,Northern Africa,Moroccan,African,312.7607,2105.4296,102.6729,44.7238,Northern Africa
49732,Northern Africa,Moroccan,African,2.0582,6.4042,0.2429,0.0662,Northern Africa
49733,Northern Africa,Moroccan,African,11.5049,60.1920,4.5007,0.9986,Northern Africa
49734,Northern Africa,Moroccan,African,143.5628,689.3257,23.1590,1.4124,Northern Africa
49735,Northern Africa,Moroccan,African,505.3900,2364.2260,50.5925,34.9806,Northern Africa
49736,Northern Africa,Moroccan,African,222.0319,5410.0035,257.5925,389.2288,Northern Africa
49737,Northern Africa,Moroccan,African,744.1759,7715.9374,215.5491,423.5877,Northern Africa
49738,Northern Africa,Moroccan,African,78.1904,307.6170,4.2866,1.3420,Northern Africa
49739,Northern Africa,Moroccan,African,33569.3371,179130.6607,5882.8103,1913.5099,Northern Africa
49740,Northern Africa,Moroccan,African,15.3195,66.7100,2.9117,0.7332,Northern Africa
49741,Northern Africa,Moroccan,African,40.1668,244.4999,7.8858,8.1580,Northern Africa
49742,Northern Africa,Moroccan,African,711.1410,4066.5319,229.7660,46.2008,Northern Africa
49743,Northern Africa,Moroccan,African,82.1723,4417.9985,93.2481,417.1069,Northern Africa
49744,Northern Africa,Moroccan,African,158.7502,1006.0495,43.2072,26.1786,Northern Africa
49745,Northern Africa,Moroccan,African,660.0596,3166.7374,69.6237,22.1199,Northern Africa
49746,Northern Africa,Moroccan,African,44.9798,4549.7023,406.3824,298.5810,Northern Africa
49747,Northern Africa,Moroccan,African,138.1015,906.4408,22.5634,28.1604,Northern Africa
49748,Northern Africa,Moroccan,African,6.0553,201.3992,0.4193,20.3990,Northern Africa
49749,Northern Africa,Moroccan,African,127.3934,4476.3038,108.7137,397.2426,Northern Africa
49750,Northern Africa,Moroccan,African,562.1233,3695.5827,189.1711,90.4775,Northern Africa
49751,Northern Africa,Moroccan,African,347.1046,1883.7954,86.0433,19.7649,Northern Africa
49752,Northern Africa,Moroccan,African,221.9350,1517.2815,53.7816,63.0983,Northern Africa
49753,Northern Africa,Moroccan,African,15.0907,1153.5023,138.4633,58.4014,Northern Africa
49754,Northern Africa,Moroccan,African,233.8318,1477.5636,42.3052,46.6787,Northern Africa
49755,Northern Africa,Moroccan,African,29.3638,1689.0011,86.2788,138.2471,Northern Africa
49756,Northern Africa,Moroccan,African,9.5123,92.9295,12.4373,0.5915,Northern Africa
49757,Northern Africa,Moroccan,African,67.0680,254.2810,2.9126,0.4288,Northern Africa
49758,Northern Africa,Moroccan,African,60.7289,808.5796,76.6197,30.2411,Northern Africa
49759,Northern Africa,Moroccan,African,48.0792,2547.5765,48.1338,242.0727,Northern Africa
49760,Northern Africa,Moroccan,African,0.7120,482.6385,0.2427,54.3138,Northern Africa
49761,Northern Africa,Moroccan,African,26372.6470,243610.9415,18264.0582,9130.4933,Northern Africa
49762,Northern Africa,Moroccan,African,28.1217,1074.2393,2.1239,108.4566,Northern Africa
49763,Northern Africa,Moroccan,African,436.3297,4259.7502,491.3400,61.4033,Northern Africa
49764,Northern Africa,Moroccan,African,4.9856,143.9140,1.2192,14.1955,Northern Africa
49765,Northern Africa,Moroccan,African,43.0405,3069.1900,157.4360,250.9129,Northern Africa
49766,Northern Africa,Moroccan,African,318.0465,1693.9224,81.6964,21.6315,Northern Africa
49767,Northern Africa,Moroccan,African,1.5168,7.2925,0.2404,0.2704,Northern Africa
49768,Northern Africa,Moroccan,African,447.7855,18184.0117,458.6603,1631.8739,Northern Africa
49769,Northern Africa,Moroccan,African,21.6180,1434.2565,100.9003,105.3885,Northern Africa
49770,Northern Africa,Moroccan,African,42.8061,872.3489,15.1510,76.8437,Northern Africa
49771,Northern Africa,Moroccan,African,43.7164,336.5673,8.6451,15.8599,Northern Africa
49772,Northern Africa,Moroccan,African,109.3211,662.8233,40.4015,12.0585,Northern Africa
49773,Northern Africa,Moroccan,African,17.5439,1278.4422,79.5434,97.3505,Northern Africa
49774,Northern Africa,Moroccan,African,4.4212,23.2858,0.8982,1.0050,Northern Africa
49775,Northern Africa,Moroccan,African,83.8008,652.5240,17.7445,29.3845,Northern Africa
49776,Northern Africa,Moroccan,African,244.5772,3980.6468,451.5319,131.7949,Northern Africa
49777,Northern Africa,Moroccan,African,0.8233,2.5617,0.0972,0.0265,Northern Africa
49778,Northern Africa,Moroccan,African,,,,,Northern Africa
49779,Northern Africa,Moroccan,African,16.4422,1044.4722,4.2228,111.0301,Northern Africa
49780,Northern Africa,Moroccan,African,0.5319,4.0067,0.0569,0.2376,Northern Africa
49781,Northern Africa,Moroccan,African,12.4653,441.6765,5.4635,43.5480,Northern Africa
49782,Northern Africa,Moroccan,African,546.0549,2839.9568,119.9937,23.0019,Northern Africa
49783,Northern Africa,Moroccan,African,11.8484,302962.1507,19150.2146,24495.0639,Northern Africa
49784,Northern Africa,Moroccan,African,34.5309,1100.4350,3.1106,108.8574,Northern Africa
49785,Northern Africa,Moroccan,African,1.2361,3110.5082,10.5349,346.1474,Northern Africa
49786,Northern Africa,Moroccan,African,9.4644,1348.6680,50.4211,124.2358,Northern Africa
49787,Northern Africa,Moroccan,African,29.4733,1194.5481,143.4351,53.3886,Northern Africa
49788,Northern Africa,Moroccan,African,9.6658,50.7465,1.6816,1.7970,Northern Africa
49789,Northern Africa,Moroccan,African,132.3221,2216.6195,72.2212,155.8037,Northern Africa
49790,Northern Africa,Moroccan,African,6.8566,39.1625,1.6283,1.4155,Northern Africa
49791,Northern Africa,Moroccan,African,43.9479,2619.5892,161.9968,197.5392,Northern Africa
49792,Northern Africa,Moroccan,African,277.5448,5416.2739,50.2473,476.5208,Northern Africa
49793,Northern Africa,Moroccan,African,14.6527,47.8445,1.3853,0.2723,Northern Africa
49794,Northern Africa,Moroccan,African,171510.6394,901004.4597,30887.3685,8935.5892,Northern Africa
49795,Northern Africa,Moroccan,African,123.9832,714.6040,16.7760,16.9976,Northern Africa
49796,Northern Africa,Moroccan,African,69.5489,24804.0050,537.2785,2488.5837,Northern Africa
49797,Northern Africa,Moroccan,African,30.7102,536.2300,16.0290,43.2000,Northern Africa
49798,Northern Africa,Moroccan,African,26.8621,124.3060,6.4053,1.7425,Northern Africa
49799,Northern Africa,Moroccan,African,53.7644,874.1687,6.6626,74.3178,Northern Africa
49800,Northern Africa,Moroccan,African,7.5652,649.4587,5.8308,67.9462,Northern Africa
49801,Northern Africa,Moroccan,African,234.0954,5592.1672,164.9291,449.6349,Northern Africa
49802,Northern Africa,Moroccan,African,56.6047,716.9085,5.5385,55.8864,Northern Africa
49803,Northern Africa,Moroccan,African,12.9816,907.0798,95.6703,52.5215,Northern Africa
49804,Northern Africa,Moroccan,African,222.1890,1429.2986,69.0058,35.5708,Northern Africa
49805,Northern Africa,Moroccan,African,76.3516,805.8820,5.3072,55.9176,Northern Africa
49806,Northern Africa,Moroccan,African,129.4663,896.9615,47.4773,33.6023,Northern Africa
49807,Northern Africa,Moroccan,African,887.5478,5459.2786,233.2928,154.2528,Northern Africa
49808,Northern Africa,Moroccan,African,459.6214,2903.4277,186.9604,48.9541,Northern Africa
49809,Northern Africa,Moroccan,African,21.6655,2135.3282,28.9384,221.5161,Northern Africa
49810,Northern Africa,Moroccan,African,87.1678,744.5975,48.9661,24.2287,Northern Africa
49811,Northern Africa,Moroccan,African,248.6956,2461.6200,75.3360,143.7808,Northern Africa
49812,Northern Africa,Moroccan,African,35.6371,3646.7550,461.9921,175.8484,Northern Africa
49813,Northern Africa,Moroccan,African,40.4319,370.9725,7.7287,22.0535,Northern Africa
49814,Northern Africa,Moroccan,African,3400.9945,12892.7149,132.5290,23.8857,Northern Africa
49815,Northern Africa,Moroccan,African,78626.0203,472281.6999,25515.4218,7581.8220,Northern Africa
49816,Northern Africa,Moroccan,African,95.7921,851.7521,3.1565,54.8006,Northern Africa
49817,Northern Africa,Moroccan,African,6.6366,37.2400,0.8985,1.0798,Northern Africa
49818,Northern Africa,Moroccan,African,20.6623,117.3300,5.2114,4.8696,Northern Africa
49819,Northern Africa,Moroccan,African,26.2597,117.7174,5.5604,1.4594,Northern Africa
49820,Northern Africa,Moroccan,African,19.4455,146.3840,12.0856,2.9667,Northern Africa
49821,Northern Africa,Moroccan,African,153.6867,994.5650,45.4076,26.3800,Northern Africa
49822,Northern Africa,Moroccan,African,16.8360,53.6800,0.8540,0.5856,Northern Africa
49823,Northern Africa,Moroccan,African,9.6509,254.0270,19.0834,15.4751,Northern Africa
49824,Northern Africa,Moroccan,African,89.5646,368.8200,8.4089,1.9395,Northern Africa
49825,Northern Africa,Moroccan,African,143.7046,1392.2150,61.4880,63.8304,Northern Africa
49826,Northern Africa,Moroccan,African,41.9142,144.4267,3.2100,2.8765,Northern Africa
49827,Northern Africa,Moroccan,African,75.4351,4303.2815,276.3479,325.5019,Northern Africa
49828,Northern Africa,Moroccan,African,184.6585,2695.4150,97.1140,193.5570,Northern Africa
49829,Northern Africa,Moroccan,African,0.4404,2.7600,0.2556,0.0624,Northern Africa
49830,Northern Africa,Moroccan,African,1.9492,250.6635,0.5210,27.7136,Northern Africa
49831,Northern Africa,Moroccan,African,274.8502,1920.4900,95.8459,56.2737,Northern Africa
49832,Northern Africa,Moroccan,African,11.4256,1108.1027,79.9573,80.9260,Northern Africa
49833,Northern Africa,Moroccan,African,401.9342,2153.7000,73.2970,26.2718,Northern Africa
49834,Northern Africa,Moroccan,African,270.7182,1822.3914,119.4247,35.2248,Northern Africa
49835,Northern Africa,Moroccan,African,68.4350,727.5361,24.9341,48.4440,Northern Africa
49836,Northern Africa,Moroccan,African,4.2841,21.1367,0.8647,0.9442,Northern Africa
49837,Northern Africa,Moroccan,African,421.3704,2445.8580,139.8993,29.5046,Northern Africa
49838,Northern Africa,Moroccan,African,75.5804,550.1250,22.8302,18.1157,Northern Africa
49839,Northern Africa,Moroccan,African,100.8506,600.5175,32.2995,9.8307,Northern Africa
49840,Northern Africa,Moroccan,African,139.5103,1303.6765,46.6015,67.2131,Northern Africa
49841,Northern Africa,Moroccan,African,40614.6163,214507.2455,7080.0203,2241.0251,Northern Africa
49842,Northern Africa,Moroccan,African,207.2971,833.2100,1.5475,2.4591,Northern Africa
49843,Northern Africa,Moroccan,African,15.0092,394.8326,13.1760,33.7672,Northern Africa
49844,Northern Africa,Moroccan,African,77.8014,572.1550,10.3764,28.2632,Northern Africa
49845,Northern Africa,Moroccan,African,9198.7972,39733.7530,893.5504,271.5935,Northern Africa
49846,Northern Africa,Moroccan,African,14.6525,408.5845,12.5355,36.0909,Northern Africa
49847,Northern Africa,Moroccan,African,13.3527,708.1875,1.5883,72.7749,Northern Africa
49848,Northern Africa,Moroccan,African,24.8310,481.1940,25.5890,31.8888,Northern Africa
49849,Northern Africa,Moroccan,African,56513.7790,312348.7976,14611.5173,3364.3739,Northern Africa
49850,Northern Africa,Moroccan,African,5835.5578,74444.2132,3843.8724,3990.0899,Northern Africa
49851,Northern Africa,Moroccan,African,24.1635,8706.5380,176.3985,879.6177,Northern Africa
49852,Northern Africa,Moroccan,African,23.7964,947.5076,183.1673,9.4660,Northern Africa
49853,Northern Africa,Moroccan,African,183.2805,2346.9833,190.6469,101.3028,Northern Africa
49854,Northern Africa,Moroccan,African,62.9317,2307.6124,143.4589,163.3134,Northern Africa
49855,Northern Africa,Moroccan,African,11.6100,1017.3400,61.8500,79.7600,Northern Africa
49856,Northern Africa,Moroccan,African,8.1593,281.2325,0.9580,27.4197,Northern Africa
49857,Northern Africa,Moroccan,African,334.2641,1517.7615,31.1654,3.4749,Northern Africa
49858,Northern Africa,Moroccan,African,72.6193,1106.2030,30.1886,85.5450,Northern Africa
49859,Northern Africa,Moroccan,African,284.3989,4601.6333,107.8490,352.2225,Northern Africa
49860,Northern Africa,Moroccan,African,49.7704,246.2808,11.5358,4.8856,Northern Africa
49861,Northern Africa,Moroccan,African,3.3703,413.5918,89.9844,2.3144,Northern Africa
49862,Northern Africa,Moroccan,African,8.7973,268.1250,15.6118,19.8250,Northern Africa
49863,Northern Africa,Moroccan,African,7.1900,290.2940,2.3709,29.2959,Northern Africa
49864,Northern Africa,Moroccan,African,1.6465,5.1233,0.1943,0.0530,Northern Africa
49865,Northern Africa,Moroccan,African,253.7066,2066.3175,44.9941,97.3923,Northern Africa
49866,Northern Africa,Moroccan,African,12.8737,57.3375,1.4626,0.5618,Northern Africa
49867,Northern Africa,Moroccan,African,7.8009,41.9728,1.3776,1.5273,Northern Africa
49868,Northern Africa,Moroccan,African,75782.3479,454740.9133,24600.6169,7247.8466,Northern Africa
49869,Northern Africa,Moroccan,African,7.2082,1304.6012,4.2235,141.2727,Northern Africa
49870,Northern Africa,Moroccan,African,8.0790,76.0070,1.9734,4.8706,Northern Africa
49871,Northern Africa,Moroccan,African,884.9966,3808.6750,29.0235,59.1134,Northern Africa
49872,Northern Africa,Moroccan,African,56643.7242,340663.9945,18515.2083,5449.2687,Northern Africa
49873,Northern Africa,Moroccan,African,417.6702,3668.3348,402.0742,44.9875,Northern Africa
49874,Northern Africa,Moroccan,African,17.4042,200.4563,2.9767,14.0864,Northern Africa
49875,Northern Africa,Moroccan,African,4.5153,87.9240,2.8049,7.2403,Northern Africa
49876,Northern Africa,Moroccan,African,217.1192,1859.9326,66.0362,87.2400,Northern Africa
49877,Northern Africa,Moroccan,African,1.9188,251.9190,0.5967,27.7876,Northern Africa
49878,Northern Africa,Moroccan,African,0.2058,0.6404,0.0243,0.0066,Northern Africa
49879,Northern Africa,Moroccan,African,112.3714,1066.6908,41.7529,53.9061,Northern Africa
49880,Northern Africa,Moroccan,African,134.7617,958.6230,21.6208,44.6045,Northern Africa
49881,Northern Africa,Moroccan,African,346.1189,3071.4414,183.3478,112.5482,Northern Africa
49882,Northern Africa,Moroccan,African,402.9822,1531.8685,4.9076,1.9992,Northern Africa
49883,Northern Africa,Moroccan,African,102.3493,409.4900,0.0000,0.0390,Northern Africa
49884,Northern Africa,Moroccan,African,14.9909,79.2915,3.0377,2.2143,Northern Africa
49885,Northern Africa,Moroccan,African,5.2649,2788.1357,562.1031,42.0675,Northern Africa
49886,Northern Africa,Moroccan,African,3.9985,3751.8077,271.7963,286.4563,Northern Africa
49887,Northern Africa,Moroccan,African,2.9464,422.1450,2.0036,45.9000,Northern Africa
49888,Northern Africa,Moroccan,African,27.2126,322.7802,18.7203,17.2537,Northern Africa
49889,Northern Africa,Moroccan,African,9804.6670,37488.7295,313.4750,119.3105,Northern Africa
49890,Northern Africa,Moroccan,African,54.6395,1060.6298,45.0073,82.1770,Northern Africa
49891,Northern Africa,Moroccan,African,224.5771,2187.3428,36.3095,127.8758,Northern Africa
49892,Northern Africa,Moroccan,African,185.2897,1339.8151,68.4976,38.4362,Northern Africa
49893,Northern Africa,Moroccan,African,586.2967,10497.3634,214.6030,833.5792,Northern Africa
49894,Northern Africa,Moroccan,African,153.0885,1418.5980,22.0764,82.0500,Northern Africa
49895,Northern Africa,Moroccan,African,87.2119,979.6855,24.1718,58.6465,Northern Africa
49896,Northern Africa,Moroccan,African,10.3040,1846.0134,178.1150,116.4067,Northern Africa
49897,Northern Africa,Moroccan,African,10.0454,1001.3180,2.0656,108.5721,Northern Africa
49898,Northern Africa,Moroccan,African,186.1923,1026.9169,33.1500,16.4739,Northern Africa
49899,Northern Africa,Moroccan,African,672.9899,4232.9456,211.5049,93.1760,Northern Africa
49900,Northern Africa,Moroccan,African,83.9425,503.2918,12.8224,14.3988,Northern Africa
49901,Northern Africa,Moroccan,African,47.4414,4021.8238,97.9217,388.1226,Northern Africa
49902,Northern Africa,Moroccan,African,279.0149,1738.8138,121.0869,22.0782,Northern Africa
49903,Northern Africa,Moroccan,African,480.2319,3873.2164,147.4984,165.0085,Northern Africa
49904,Northern Africa,Moroccan,African,1.5628,9.4162,0.3129,0.2187,Northern Africa
49905,Northern Africa,Moroccan,African,56.3462,1469.5095,55.5603,116.4337,Northern Africa
49906,Northern Africa,Moroccan,African,0.2986,240.2269,0.1257,27.0310,Northern Africa
49907,Northern Africa,Moroccan,African,98.8994,1398.9510,22.6010,112.0324,Northern Africa
49908,Northern Africa,Moroccan,African,191.0649,1266.6567,62.0005,32.1252,Northern Africa
49909,Northern Africa,Moroccan,African,43.9817,1638.6688,10.3767,162.7453,Northern Africa
49910,Northern Africa,Moroccan,African,152.1748,924.8586,36.8547,21.3246,Northern Africa
49911,Northern Africa,Moroccan,African,3.1536,134.9953,0.4615,13.8951,Northern Africa
49912,Northern Africa,Moroccan,African,0.0000,5967.0000,0.0000,675.0000,Northern Africa
49913,Northern Africa,Moroccan,African,53.6622,473.5020,25.5111,19.8256,Northern Africa
49914,Northern Africa,Moroccan,African,92.2750,943.1015,18.1302,60.5693,Northern Africa
49915,Northern Africa,Moroccan,African,8289.3470,38146.3461,1972.6682,399.3474,Northern Africa
49916,Northern Africa,Moroccan,African,83.7401,834.9502,8.3442,56.3112,Northern Africa
49917,Northern Africa,Moroccan,African,50.4093,669.3100,107.2058,4.5394,Northern Africa
49918,Northern Africa,Moroccan,African,12.7077,56.2671,1.3397,0.5318,Northern Africa
49919,Northern Africa,Moroccan,African,13.8946,562.3250,9.9676,53.5259,Northern Africa
49920,Northern Africa,Moroccan,African,396.4335,2379.0408,103.2230,49.9812,Northern Africa
49921,Northern Africa,Moroccan,African,9.9226,786.1504,125.3403,26.8458,Northern Africa
49922,Northern Africa,Moroccan,African,13.1024,3255.8924,182.2184,275.0925,Northern Africa
49923,Northern Africa,Moroccan,African,676.8930,4116.7608,231.2586,81.4592,Northern Africa
49924,Northern Africa,Moroccan,African,14.3708,62.0520,1.8193,0.1950,Northern Africa
49925,Northern Africa,Moroccan,African,21.9879,912.8537,9.0888,94.6193,Northern Africa
49926,Northern Africa,Moroccan,African,144.3520,733.0300,30.3519,2.2220,Northern Africa
49927,Northern Africa,Moroccan,African,286.2727,2047.4520,10.0117,110.5261,Northern Africa
49928,Northern Africa,Moroccan,African,0.0000,477.3600,0.0000,54.0000,Northern Africa
49929,Northern Africa,Moroccan,African,400.2471,2031.6210,73.3944,19.5925,Northern Africa
49930,Northern Africa,Moroccan,African,7.5010,39.9750,1.2512,0.6240,Northern Africa
49931,Northern Africa,Moroccan,African,0.0000,2210.0000,0.0000,250.0000,Northern Africa
49932,Northern Africa,Moroccan,African,13.6382,1331.2022,89.9324,99.8613,Northern Africa
49933,Northern Africa,Moroccan,African,11.6173,1148.6300,6.4302,122.9659,Northern Africa
49934,Northern Africa,Moroccan,African,21.7196,1636.6982,150.2492,102.9519,Northern Africa
49935,Northern Africa,Moroccan,African,254.9024,1578.0203,77.9715,34.2013,Northern Africa
49936,Northern Africa,Moroccan,African,416.1882,2254.6237,86.6782,31.3077,Northern Africa
49937,Northern Africa,Moroccan,African,0.8383,243.5738,0.2528,27.1400,Northern Africa
49938,Northern Africa,Moroccan,African,139.5779,1097.4649,22.7643,57.9840,Northern Africa
49939,Northern Africa,Moroccan,African,6.3459,980.9455,0.9821,108.1929,Northern Africa
49940,Northern Africa,Moroccan,African,18.5061,1274.1718,5.9397,134.7002,Northern Africa
49941,Northern Africa,Moroccan,African,9.7317,947.5725,96.9879,56.7184,Northern Africa
49942,Northern Africa,Moroccan,African,64.2573,572.1979,38.3122,22.1734,Northern Africa
49943,Northern Africa,Moroccan,African,318.5458,2056.4620,63.7232,61.1070,Northern Africa
49944,Northern Africa,Moroccan,African,50.9667,214.5348,1.0119,1.0940,Northern Africa
49945,Northern Africa,Moroccan,African,3.4870,495.5333,0.8629,54.7435,Northern Africa
49946,Northern Africa,Moroccan,African,12.8000,279.0680,1.6452,26.9479,Northern Africa
49947,Northern Africa,Moroccan,African,581.0404,4904.8822,123.3059,234.5179,Northern Africa
49948,Northern Africa,Moroccan,African,177.4865,814.5388,9.6288,15.3469,Northern Africa
49949,Northern Africa,Moroccan,African,277.5135,2232.0770,179.1753,52.0806,Northern Africa
49950,Northern Africa,Moroccan,African,287.4357,1653.2148,70.3079,33.4366,Northern Africa
49951,Northern Africa,Moroccan,African,12.6144,171.4744,2.2227,13.6209,Northern Africa
49952,Northern Africa,Moroccan,African,159.6346,1208.2397,79.1125,39.5978,Northern Africa
49953,Northern Africa,Moroccan,African,11.7121,149.0420,7.6971,7.9822,Northern Africa
49954,Northern Africa,Moroccan,African,16.1193,2733.2591,155.9248,223.7202,Northern Africa
49955,Northern Africa,Moroccan,African,13.0276,2494.6285,156.6700,199.1248,Northern Africa
49956,Northern Africa,Moroccan,African,0.0000,0.0000,0.0000,0.0000,Northern Africa
49957,Northern Africa,Moroccan,African,4.0999,648.5232,92.2709,30.5355,Northern Africa
49958,Northern Africa,Moroccan,African,5.8612,29.4408,0.2054,0.0132,Northern Africa
49959,Northern Africa,Moroccan,African,3.5785,201831.5060,44880.8331,1143.0093,Northern Africa
49960,Northern Africa,Moroccan,African,12.5024,75.3300,2.5029,1.7496,Northern Africa
49961,Northern Africa,Moroccan,African,53.2572,1082.0189,125.8707,38.5100,Northern Africa
49962,Northern Africa,Moroccan,African,6026.6318,65492.8638,3122.5662,3599.5564,Northern Africa
49963,Northern Africa,Moroccan,African,6.1546,1970.0832,116.5422,161.8541,Northern Africa
49964,Northern Africa,Moroccan,African,2.1008,14.1540,0.7392,0.6678,Northern Africa
49965,Northern Africa,Moroccan,African,50.3990,201.4950,0.0000,0.0000,Northern Africa
49966,Northern Africa,Moroccan,African,173.5140,1768.8000,34.8060,115.0080,Northern Africa
49967,Northern Africa,Moroccan,African,1854.6880,10387.1330,693.4921,54.6303,Northern Africa
49968,Northern Africa,Moroccan,African,50.4612,726992.5397,45953.9169,58769.0118,Northern Africa
49969,Northern Africa,Moroccan,African,5.9831,30.8305,0.9396,1.0346,Northern Africa
49970,Northern Africa,Moroccan,African,3111.4145,17670.8100,133.6715,680.5047,Northern Africa
49971,Northern Africa,Moroccan,African,180.3975,998.4777,73.7673,1.4561,Northern Africa
49972,Northern Africa,Moroccan,African,256.8030,5507.9705,172.8403,462.6351,Northern Africa
49973,Northern Africa,Moroccan,African,50.3990,201.4950,0.0000,0.0000,Northern Africa
49974,Northern Africa,Moroccan,African,1.8378,16.6500,2.1492,0.0810,Northern Africa
49975,Northern Africa,Moroccan,African,75515.3666,453565.3508,24557.8084,7259.2412,Northern Africa
49976,Northern Africa,Moroccan,African,3.5582,19.9405,0.9278,0.9194,Northern Africa
49977,Northern Africa,Moroccan,African,28.1720,242563.0250,15323.4519,19611.1503,Northern Africa
49978,Northern Africa,Moroccan,African,15.1499,219.1992,7.6880,15.0692,Northern Africa
49979,Northern Africa,Moroccan,African,8.9721,287.3942,2.2551,28.8570,Northern Africa
49980,Northern Africa,Moroccan,African,93.3312,427.2333,9.3569,3.8368,Northern Africa
49981,Northern Africa,Moroccan,African,465.9296,3173.7319,239.9108,42.1065,Northern Africa
49982,Northern Africa,Moroccan,African,1495.6581,22286.0735,427.0111,1683.1949,Northern Africa
49983,Northern Africa,Moroccan,African,1.3534,84.9400,7.9146,5.7384,Northern Africa
49984,Northern Africa,Moroccan,African,2.1908,148.7730,12.7990,9.5850,Northern Africa
49985,Northern Africa,Moroccan,African,447.4155,3299.8413,67.1497,140.8494,Northern Africa
49986,Northern Africa,Moroccan,African,2827.4438,12843.1225,434.4031,98.2169,Northern Africa
49987,Northern Africa,Moroccan,African,147.2171,915.6358,30.4251,22.9907,Northern Africa
49988,Northern Africa,Moroccan,African,382.8767,1985.7560,28.2030,33.7308,Northern Africa
49989,Northern Africa,Moroccan,African,118.7981,2585.5259,80.7863,217.7285,Northern Africa
49990,Northern Africa,Moroccan,African,83.6768,710.5524,8.1693,42.3217,Northern Africa
49991,Northern Africa,Moroccan,African,255.2592,1840.2574,45.8794,75.2685,Northern Africa
49992,Northern Africa,Moroccan,African,75840.5929,455860.3118,24615.6173,7345.3419,Northern Africa
49993,Northern Africa,Moroccan,African,16.0050,70.2984,2.0688,0.5644,Northern Africa
49994,Northern Africa,Moroccan,African,0.7200,182.7800,12.5600,14.0100,Northern Africa
49995,Northern Africa,Moroccan,African,391.6668,426088.3488,83684.0757,9776.7914,Northern Africa
49996,Northern Africa,Moroccan,African,15.0506,423.2759,2.9742,41.1944,Northern Africa
49997,Northern Africa,Moroccan,African,0.0000,119.3400,0.0000,13.5000,Northern Africa
49998,Northern Africa,Moroccan,African,3.5115,712.5850,132.4074,15.0264,Northern Africa
49999,Northern Africa,Moroccan,African,41.4647,209.2808,16.1824,2.6316,Northern Africa
50000,Northern Africa,Moroccan,African,18.0884,1898.6155,117.6863,147.7135,Northern Africa
50001,Northern Africa,Moroccan,African,56917.2322,264301.5195,540.9843,3939.1737,Northern Africa
50002,Northern Africa,Moroccan,African,7.0532,26.7812,0.8418,0.1883,Northern Africa
50003,Northern Africa,Moroccan,African,3.4070,22.6688,1.3381,0.9969,Northern Africa
50004,Northern Africa,Moroccan,African,34.6529,266.9978,6.6948,14.0647,Northern Africa
50005,Northern Africa,Moroccan,African,15.7939,66.6960,1.5532,0.6455,Northern Africa
50006,Northern Africa,Moroccan,African,320.2864,1312.4545,3.3448,4.5673,Northern Africa
50007,Northern Africa,Moroccan,African,47.3140,222.7205,10.1603,2.8921,Northern Africa
50008,Northern Africa,Moroccan,African,76.9767,2847.3792,158.3190,210.5178,Northern Africa
50009,Northern Africa,Moroccan,African,4.2822,654.4407,0.5926,72.4829,Northern Africa
50010,Northern Africa,Moroccan,African,1089.1483,5149.6350,287.1454,64.6766,Northern Africa
50011,Northern Africa,Moroccan,African,36.1500,146.5090,3.6002,1.2879,Northern Africa
50012,Northern Africa,Moroccan,African,389.0135,2335.9872,126.7106,38.6702,Northern Africa
50013,Northern Africa,Moroccan,African,221.0183,1764.1483,67.9353,73.4730,Northern Africa
50014,Northern Africa,Moroccan,African,281.0560,2368.7549,134.6287,85.3889,Northern Africa
50015,Northern Africa,Moroccan,African,123.2217,925.7390,25.6413,44.5368,Northern Africa
50016,Northern Africa,Moroccan,African,80.3647,479.9526,9.3378,15.8432,Northern Africa
50017,Northern Africa,Moroccan,African,99.5056,672.7305,9.9976,29.8696,Northern Africa
50018,Northern Africa,Moroccan,African,44.1616,258.8770,2.0573,9.6435,Northern Africa
50019,Northern Africa,Moroccan,African,37.4901,285.1773,6.2537,14.6727,Northern Africa
50020,Northern Africa,Moroccan,African,31.6200,311.4204,5.7323,19.3318,Northern Africa
50021,Northern Africa,Moroccan,African,1.9188,13.2390,0.5967,0.7876,Northern Africa
50022,Northern Africa,Moroccan,African,12.2814,2194.4533,81.3800,200.5259,Northern Africa
50023,Northern Africa,Moroccan,African,72.1830,1709.2280,94.6501,112.3884,Northern Africa
50024,Northern Africa,Moroccan,African,325.7460,1779.1444,75.4390,30.1499,Northern Africa
50025,Northern Africa,Moroccan,African,27.8286,356.7280,1.9772,27.4268,Northern Africa
50026,Northern Africa,Moroccan,African,3543.8491,16621.5957,805.4710,206.3976,Northern Africa
50027,Northern Africa,Moroccan,African,210.7856,859.1180,8.6791,3.4883,Northern Africa
50028,Northern Africa,Moroccan,African,311.5909,1959.4587,99.5301,42.1697,Northern Africa
50029,Northern Africa,Moroccan,African,117.8605,598.6275,14.8398,15.4393,Northern Africa
50030,Northern Africa,Moroccan,African,886.7080,19496.7700,43.7855,1824.3380,Northern Africa
50031,Northern Africa,Moroccan,African,23.7892,137.1310,4.8442,5.3466,Northern Africa
50032,Northern Africa,Moroccan,African,104.6590,674.5896,24.6625,21.3786,Northern Africa
50033,Northern Africa,Moroccan,African,274.6093,2028.4985,88.8595,76.9630,Northern Africa
50034,Northern Africa,Moroccan,African,67143.5352,992219.4964,91534.1395,36547.7082,Northern Africa
50035,Northern Africa,Moroccan,African,13.4770,1862.1071,118.6078,146.3728,Northern Africa
50036,Northern Africa,Moroccan,African,53.2040,289.1386,19.1724,2.0610,Northern Africa
50037,Northern Africa,Moroccan,African,307.1753,1659.4356,80.0735,20.0962,Northern Africa
50038,Northern Africa,Moroccan,African,18.5274,980.3630,90.6251,58.5388,Northern Africa
50039,Northern Africa,Moroccan,African,260.6964,1689.6643,72.8178,48.5399,Northern Africa
50040,Northern Africa,Moroccan,African,20.2898,93.1257,4.7836,1.0028,Northern Africa
50041,Northern Africa,Moroccan,African,14.4979,970.7605,138.7127,37.7548,Northern Africa
50042,Northern Africa,Moroccan,African,4.5908,18.3540,0.0000,0.0000,Northern Africa
50043,Northern Africa,Moroccan,African,10.4440,288.7650,2.3568,29.1275,Northern Africa
50044,Northern Africa,Moroccan,African,76.4311,2065.3266,138.4978,137.1513,Northern Africa
50045,Northern Africa,Moroccan,African,17.1540,3344.3752,215.3264,268.3533,Northern Africa
50046,Northern Africa,Moroccan,African,10.0336,284.2690,1.0468,28.1648,Northern Africa
50047,Northern Africa,Moroccan,African,63.6836,1498.0315,194.6012,46.7275,Northern Africa
50048,Northern Africa,Moroccan,African,161.5176,1980.8663,98.2969,107.0179,Northern Africa
50049,Northern Africa,Moroccan,African,,,,,Northern Africa
50050,Northern Africa,Moroccan,African,45.6966,16024.4104,349.9506,1603.9203,Northern Africa
50051,Northern Africa,Moroccan,African,17.3462,83.8300,4.3946,0.2016,Northern Africa
50052,Northern Africa,Moroccan,African,763.5944,393297.5069,16325.9265,35541.6985,Northern Africa
50053,Northern Africa,Moroccan,African,60.5053,19406.2462,1188.0900,1604.7181,Northern Africa
50054,Northern Africa,Moroccan,African,189.6529,1705.3900,8.9525,111.6704,Northern Africa
50055,Northern Africa,Moroccan,African,47.3171,8449.8353,210.5670,824.3459,Northern Africa
50056,Northern Africa,Moroccan,African,1790.8244,7737.6322,82.8998,111.5572,Northern Africa
50057,Northern Africa,Moroccan,African,2.3659,92.5582,0.5291,9.5296,Northern Africa
50058,Northern Africa,Moroccan,African,667.8516,3109.6030,50.8557,19.4833,Northern Africa
50059,Northern Africa,Moroccan,African,317.1432,5218.2682,447.0085,238.1644,Northern Africa
50060,Northern Africa,Moroccan,African,47.8676,295.4629,10.0140,7.3049,Northern Africa
50061,Northern Africa,Moroccan,African,12.2203,775.7025,2.1052,82.0550,Northern Africa
50062,Northern Africa,Moroccan,African,69.2395,792.1125,17.2473,56.2178,Northern Africa
50063,Northern Africa,Moroccan,African,4.7815,862.0738,95.4848,49.2256,Northern Africa
50064,Northern Africa,Moroccan,African,45.9395,5984.5867,53.2454,633.9498,Northern Africa
50065,Northern Africa,Moroccan,African,6.3139,271.5232,1.2960,28.0572,Northern Africa
50066,Northern Africa,Moroccan,African,87.8073,668.5628,31.5429,31.1741,Northern Africa
50067,Northern Africa,Moroccan,African,26.8128,364.5600,31.7604,17.3460,Northern Africa
50068,Northern Africa,Moroccan,African,151049.3914,907120.2430,49117.1531,14507.8249,Northern Africa
50069,Northern Africa,Moroccan,African,467.9836,3581.8136,93.5054,157.5112,Northern Africa
50070,Northern Africa,Moroccan,African,53.4800,216.4020,0.7501,0.1956,Northern Africa
50071,Northern Africa,Moroccan,African,39.4325,451.4725,17.0598,25.8211,Northern Africa
50072,Northern Africa,Moroccan,African,33.9118,1695.7865,88.8030,133.9454,Northern Africa
50073,Northern Africa,Moroccan,African,100.2868,409.7847,10.8407,2.7498,Northern Africa
50074,Northern Africa,Moroccan,African,297.5714,1781.4973,94.3953,32.9405,Northern Africa
50075,Northern Africa,Moroccan,African,192.3030,1030.4782,38.3355,17.1656,Northern Africa
50076,Northern Africa,Moroccan,African,11576.9290,53745.0270,2863.9501,522.2072,Northern Africa
50077,Northern Africa,Moroccan,African,13.7531,1664.6426,140.3328,114.4124,Northern Africa
50078,Northern Africa,Moroccan,African,48.2993,2877.8710,53.2398,280.1159,Northern Africa
50079,Northern Africa,Moroccan,African,96.5392,859.7914,7.7058,55.1056,Northern Africa
50080,Northern Africa,Moroccan,African,5.6786,30.8395,1.1765,1.0940,Northern Africa
50081,Northern Africa,Moroccan,African,225.1995,2628.2663,89.0622,160.3963,Northern Africa
50082,Northern Africa,Moroccan,African,12.0848,56.1290,1.1480,0.5377,Northern Africa
50083,Northern Africa,Moroccan,African,388.9051,2157.8345,95.1923,36.0651,Northern Africa
50084,Northern Africa,Moroccan,African,1.3406,247.8358,0.4226,27.4809,Northern Africa
50085,Northern Africa,Moroccan,African,3.9544,264.1830,1.1353,28.4048,Northern Africa
50086,Northern Africa,Moroccan,African,,,,,Northern Africa
50087,Northern Africa,Moroccan,African,119.8138,1564.8173,161.6043,55.8445,Northern Africa
50088,Northern Africa,Moroccan,African,75784.5395,302897.7280,10.3407,5.6232,Northern Africa
50089,Northern Africa,Moroccan,African,115.0257,621.6113,21.8605,10.8409,Northern Africa
50090,Northern Africa,Moroccan,African,87.1195,971.9520,13.3606,70.1247,Northern Africa
50091,Northern Africa,Moroccan,African,4.7046,109.4880,1.3015,10.6253,Northern Africa
50092,Northern Africa,Moroccan,African,10.6861,1503.7842,92.2279,119.5436,Northern Africa
50093,Northern Africa,Moroccan,African,32.7208,504.3770,5.4239,42.2131,Northern Africa
50094,Northern Africa,Moroccan,African,112.6985,948.3250,41.1761,40.1313,Northern Africa
50095,Northern Africa,Moroccan,African,16.3222,74.6803,2.2070,1.1139,Northern Africa
50096,Northern Africa,Moroccan,African,4.1245,378.6125,0.8593,41.0879,Northern Africa
50097,Northern Africa,Moroccan,African,313.0751,1719.2124,72.3052,29.4630,Northern Africa
50098,Northern Africa,Moroccan,African,21.4601,123.0470,4.3610,5.3514,Northern Africa
50099,Northern Africa,Moroccan,African,3.0518,17.0435,0.7150,0.8056,Northern Africa
50100,Northern Africa,Moroccan,African,54.9752,2660.5995,6.9036,272.6663,Northern Africa
50101,Northern Africa,Moroccan,African,1.9057,289.7888,0.1361,32.1913,Northern Africa
50102,Northern Africa,Moroccan,African,351.8315,2510.1702,86.8236,87.8584,Northern Africa
50103,Northern Africa,Moroccan,African,101943.7549,612163.5953,33147.5724,9785.3851,Northern Africa
50104,Northern Africa,Moroccan,African,339.8418,2201.9765,94.8260,61.3276,Northern Africa
50105,Northern Africa,Moroccan,African,30.7822,496.2393,3.5289,42.2777,Northern Africa
50106,Northern Africa,Moroccan,African,188.6102,2979.4557,92.2439,207.8852,Northern Africa
50107,Northern Africa,Moroccan,African,411.9848,3404.9729,156.4427,134.8866,Northern Africa
50108,Northern Africa,Moroccan,African,46.2999,1152.3352,6.0904,109.3421,Northern Africa
50109,Northern Africa,Moroccan,African,469.1731,2738.1580,108.5240,49.5285,Northern Africa
50110,Northern Africa,Moroccan,African,31.9593,696.0960,21.3745,57.6025,Northern Africa
50111,Northern Africa,Moroccan,African,558.4538,3082.3008,62.4095,65.5836,Northern Africa
50112,Northern Africa,Moroccan,African,499.1573,3711.7894,131.2403,146.3619,Northern Africa
50113,Northern Africa,Moroccan,African,28.8887,349.2610,1.2682,27.4502,Northern Africa
50114,Northern Africa,Moroccan,African,27.7141,387.7848,18.4475,24.2431,Northern Africa
50115,Northern Africa,Moroccan,African,11.9548,416.2908,2.0729,41.3217,Northern Africa
50116,Northern Africa,Moroccan,African,25.6877,112.3570,5.6379,1.1263,Northern Africa
50117,Northern Africa,Moroccan,African,338.6667,2728.3022,173.3321,81.1870,Northern Africa
50118,Northern Africa,Moroccan,African,8.7106,624.3237,102.7518,17.8894,Northern Africa
50119,Northern Africa,Moroccan,African,369.6163,2196.5551,73.4033,60.2527,Northern Africa
50120,Northern Africa,Moroccan,African,43.1221,7353.1160,2.5527,817.5576,Northern Africa
50121,Northern Africa,Moroccan,African,176.5521,2763.6440,97.9326,194.8329,Northern Africa
50122,Northern Africa,Moroccan,African,11.4684,170.6704,1.7540,14.4520,Northern Africa
50123,Northern Africa,Moroccan,African,9.1069,676.7220,35.6878,57.0219,Northern Africa
50124,Northern Africa,Moroccan,African,165.4583,1812.5835,94.8661,91.6613,Northern Africa
50125,Northern Africa,Moroccan,African,207.1776,964.6800,31.1332,11.0226,Northern Africa
50126,Northern Africa,Moroccan,African,1171.5755,7287.2511,313.3447,149.8247,Northern Africa
50127,Northern Africa,Moroccan,African,63.1108,1263.5321,206.8864,19.2366,Northern Africa
50128,Northern Africa,Moroccan,African,243.6412,2719.0843,300.7657,64.0754,Northern Africa
50129,Northern Africa,Moroccan,African,18.0267,4309.3054,326.6533,317.0956,Northern Africa
50130,Northern Africa,Moroccan,African,107.7144,976.5515,19.0184,60.7782,Northern Africa
50131,Northern Africa,Moroccan,African,21.7687,1437.3290,95.6807,104.7504,Northern Africa
50132,Northern Africa,Moroccan,African,289.8664,9415.9527,231.0569,819.5041,Northern Africa
50133,Northern Africa,Moroccan,African,109.8638,9655.9390,234.4703,929.3592,Northern Africa
50134,Northern Africa,Moroccan,African,312.8002,3017.5769,177.6927,117.7716,Northern Africa
50135,Northern Africa,Moroccan,African,9.2217,1621.8579,69.2954,147.4819,Northern Africa
50136,Northern Africa,Moroccan,African,362.4176,2173.7627,114.8770,37.4801,Northern Africa
50137,Northern Africa,Moroccan,African,350.5318,2166.3815,139.1758,30.5431,Northern Africa
50138,Northern Africa,Moroccan,African,85.6019,875.3352,8.1913,60.6710,Northern Africa
50139,Northern Africa,Moroccan,African,101.6300,883.6490,59.6897,31.1660,Northern Africa
50140,Northern Africa,Moroccan,African,23.4092,1320.0730,80.2538,101.4851,Northern Africa
50141,Northern Africa,Moroccan,African,720.6325,4410.1231,226.2215,96.1631,Northern Africa
50142,Northern Africa,Moroccan,African,9.0859,1006.0100,0.5527,108.3795,Northern Africa
50143,Northern Africa,Moroccan,African,34.6074,878.8030,4.1284,83.0154,Northern Africa
50144,Northern Africa,Moroccan,African,29.0367,606.1757,4.8314,54.9546,Northern Africa
50145,Northern Africa,Moroccan,African,100.9242,403.6500,0.0494,0.0110,Northern Africa
50146,Northern Africa,Moroccan,African,34.6351,4854.2624,575.1395,254.1659,Northern Africa
50147,Northern Africa,Moroccan,African,153.8219,1110.6635,24.5568,43.8453,Northern Africa
50148,Northern Africa,Moroccan,African,99.9322,3710.4667,85.5455,336.1038,Northern Africa
50149,Northern Africa,Moroccan,African,4.1898,16.3467,0.5958,0.0981,Northern Africa
50150,Northern Africa,Moroccan,African,95.3825,600.2806,11.7945,23.4473,Northern Africa
50151,Northern Africa,Moroccan,African,38.6657,2116.1846,92.6179,176.8383,Northern Africa
50152,Northern Africa,Moroccan,African,10.3519,398.5385,0.6899,40.7677,Northern Africa
50153,Northern Africa,Moroccan,African,11.0693,1536.6285,81.7529,129.2128,Northern Africa
50154,Northern Africa,Moroccan,African,383.9994,7628.8107,248.9451,578.8316,Northern Africa
50155,Northern Africa,Moroccan,African,129.1667,1691.1507,47.3180,112.4583,Northern Africa
50156,Northern Africa,Moroccan,African,54.1459,454.2262,5.5491,28.2698,Northern Africa
50157,Northern Africa,Moroccan,African,33.9421,1139.6442,48.9001,92.1872,Northern Africa
50158,Northern Africa,Moroccan,African,26.9950,639.5100,19.0441,53.5021,Northern Africa
50159,Northern Africa,Moroccan,African,115.4797,982.1346,47.0865,41.6099,Northern Africa
50160,Northern Africa,Moroccan,African,86215.9170,628013.7433,31896.9521,19385.1731,Northern Africa
50161,Northern Africa,Moroccan,African,28.7015,1859.6083,361.6723,24.7895,Northern Africa
50162,Northern Africa,Moroccan,African,54.3380,701.9200,5.5890,55.3453,Northern Africa
50163,Northern Africa,Moroccan,African,802.6452,6206.3724,196.4393,277.5649,Northern Africa
50164,Northern Africa,Moroccan,African,1592.3956,705779.8828,43625.2004,57057.2793,Northern Africa
50165,Northern Africa,Moroccan,African,14.3415,308.4644,2.5848,28.2070,Northern Africa
50166,Northern Africa,Moroccan,African,489.4879,2988.6643,150.0543,56.4145,Northern Africa
50167,Northern Africa,Moroccan,African,493.7534,6493.8080,202.2606,449.7314,Northern Africa
50168,Northern Africa,Moroccan,African,37.9318,306.0922,26.6393,6.1801,Northern Africa
50169,Northern Africa,Moroccan,African,102.1707,17946.8065,358.4278,1795.3558,Northern Africa
50170,Northern Africa,Moroccan,African,306.7540,1862.1955,80.5654,40.7181,Northern Africa
50171,Northern Africa,Moroccan,African,42.6763,853811.9513,31560.4285,79635.1537,Northern Africa
50172,Northern Africa,Moroccan,African,58.4731,1801.7208,125.5374,120.2196,Northern Africa
50173,Northern Africa,Moroccan,African,27.3368,1887.8622,113.3828,145.6979,Northern Africa
50174,Northern Africa,Moroccan,African,201.8140,1684.6960,175.5694,19.9147,Northern Africa
50175,Northern Africa,Moroccan,African,75511.0657,453726.5003,24559.3708,7277.1904,Northern Africa
50176,Northern Africa,Moroccan,African,466.2611,2777.0438,138.3845,52.2150,Northern Africa
50177,Northern Africa,Moroccan,African,11.3524,612.1497,1.6659,63.6720,Northern Africa
50178,Northern Africa,Moroccan,African,34.4267,499.4537,29.7292,30.1440,Northern Africa
50179,Northern Africa,Moroccan,African,147.3546,2957.9243,222.3620,160.3244,Northern Africa
50180,Northern Africa,Moroccan,African,67.4347,1099.2455,42.3681,76.9641,Northern Africa
50181,Northern Africa,Moroccan,African,1550.2416,6161.9390,72.2353,38.4906,Northern Africa
50182,Northern Africa,Moroccan,African,172.4290,3049.0676,108.4108,222.7865,Northern Africa
50183,Northern Africa,Moroccan,African,22.9068,178.7990,3.2474,10.9930,Northern Africa
50184,Northern Africa,Moroccan,African,226.2602,17421.0105,413.2259,1658.9459,Northern Africa
50185,Northern Africa,Moroccan,African,32.7720,1812.3594,102.6384,140.5101,Northern Africa
50186,Northern Africa,Moroccan,African,30.1973,256.3280,6.1818,15.0730,Northern Africa
50187,Northern Africa,Moroccan,African,349.2466,2292.8454,145.0127,36.8302,Northern Africa
50188,Northern Africa,Moroccan,African,6.2689,1324.8177,143.5815,77.6913,Northern Africa
50189,Northern Africa,Moroccan,African,538.8006,3260.6745,88.5045,106.0494,Northern Africa
50190,Northern Africa,Moroccan,African,87.2119,1297.4722,18.5505,97.3502,Northern Africa
50191,Northern Africa,Moroccan,African,190.9702,1260.1733,61.5499,31.6997,Northern Africa
50192,Northern Africa,Moroccan,African,0.2792,359.1204,0.0669,40.5170,Northern Africa
50193,Northern Africa,Moroccan,African,685.8623,6295.7406,276.2163,274.0167,Northern Africa
50194,Northern Africa,Moroccan,African,20104.5047,90842.4593,1711.6930,1439.0534,Northern Africa
50195,Northern Africa,Moroccan,African,10.2535,46.7395,2.1465,0.5765,Northern Africa
50196,Northern Africa,Moroccan,African,72.9212,457.0292,13.0877,12.6683,Northern Africa
50197,Northern Africa,Moroccan,African,270.3131,1369.8488,75.5201,12.3893,Northern Africa
50198,Northern Africa,Moroccan,African,87.3740,1419.8633,31.7706,108.6821,Northern Africa
50199,Northern Africa,Moroccan,African,389.5486,3490.1778,377.2619,46.5183,Northern Africa
50200,Northern Africa,Moroccan,African,33.4220,5197.7305,128.1499,506.0204,Northern Africa
50201,Northern Africa,Moroccan,African,111.0660,2769.6552,206.0344,172.7633,Northern Africa
50202,Northern Africa,Moroccan,African,93.9837,4509.8892,192.6290,375.7605,Northern Africa
50203,Northern Africa,Moroccan,African,189.9567,917.9227,31.4693,1.6432,Northern Africa
50204,Northern Africa,Moroccan,African,668.3497,3342.5952,108.0719,26.4815,Northern Africa
50205,Northern Africa,Moroccan,African,134.8508,639.2766,18.1194,3.3369,Northern Africa
50206,Northern Africa,Moroccan,African,40.2874,655.1457,7.6239,55.1216,Northern Africa
50207,Northern Africa,Moroccan,African,10.9463,1111.9635,24.7322,110.9390,Northern Africa
50208,Northern Africa,Moroccan,African,162.8252,2506.3803,116.7263,160.6763,Northern Africa
50209,Northern Africa,Moroccan,African,291.9407,3143.5558,184.4362,141.1143,Northern Africa
50210,Northern Africa,Moroccan,African,65.0103,841.4170,34.3142,54.5123,Northern Africa
50211,Northern Africa,Moroccan,African,43.1262,1789.3363,361.8824,10.1724,Northern Africa
50212,Northern Africa,Moroccan,African,1021.5298,7479.7896,547.9951,143.3431,Northern Africa
50213,Northern Africa,Moroccan,African,66.9932,294.8750,6.1253,0.1062,Northern Africa
50214,Northern Africa,Moroccan,African,7.6781,1248.0775,77.7871,98.4955,Northern Africa
50215,Northern Africa,Moroccan,African,5.3254,628.7879,135.8398,3.6175,Northern Africa
50216,Northern Africa,Moroccan,African,512.4521,3098.6319,187.3597,46.2332,Northern Africa
50217,Northern Africa,Moroccan,African,6.5158,3732.1534,719.0346,72.8444,Northern Africa
50218,Northern Africa,Moroccan,African,394.2157,2700.9221,119.8542,77.7491,Northern Africa
50219,Northern Africa,Moroccan,African,12.2803,447.5977,3.4379,44.7122,Northern Africa
50220,Northern Africa,Moroccan,African,30.5034,6304.5406,133.0004,628.9838,Northern Africa
50221,Northern Africa,Moroccan,African,2461.1519,45006.0947,2871.0819,2601.8842,Northern Africa
50222,Northern Africa,Moroccan,African,12.7149,2713.3120,252.8129,177.2725,Northern Africa
50223,Northern Africa,Moroccan,African,841.3312,4401.0207,163.9561,39.9502,Northern Africa
50224,Northern Africa,Moroccan,African,16.3210,1396.5039,144.8042,80.3618,Northern Africa
50225,Northern Africa,Moroccan,African,333.4131,1787.6227,64.2933,21.8370,Northern Africa
50226,Northern Africa,Moroccan,African,63.5208,4214.3910,226.5092,340.6567,Northern Africa
50227,Northern Africa,Moroccan,African,13.6747,868.8455,34.3681,76.6441,Northern Africa
50228,Northern Africa,Moroccan,African,79.3875,1046.4342,101.7691,37.2487,Northern Africa
50229,Northern Africa,Moroccan,African,24.4981,374.6677,25.7699,20.7449,Northern Africa
50230,Northern Africa,Moroccan,African,316.3280,1902.1222,77.0428,48.3967,Northern Africa
50231,Northern Africa,Moroccan,African,404.5397,10282.4065,264.0033,849.1664,Northern Africa
50232,Northern Africa,Moroccan,African,397.5780,2202.0480,91.4969,39.9236,Northern Africa
50233,Northern Africa,Moroccan,African,102.7443,603.8259,21.9914,18.9928,Northern Africa
50234,Northern Africa,Moroccan,African,40.4229,1360.6993,206.7282,42.7038,Northern Africa
50235,Northern Africa,Moroccan,African,242.8404,2572.1075,164.3908,108.2443,Northern Africa
50236,Northern Africa,Moroccan,African,1094.4525,4427.6140,69.9508,23.8939,Northern Africa
50237,Northern Africa,Moroccan,African,268.2775,5705.4699,379.6832,342.9191,Northern Africa
50238,Northern Africa,Moroccan,African,210.1521,2088.8550,162.8540,69.4309,Northern Africa
50239,Northern Africa,Moroccan,African,29.8650,6065.7655,132.6518,601.8761,Northern Africa
50240,Northern Africa,Moroccan,African,325.1421,2005.2036,88.8863,41.3794,Northern Africa
50241,Northern Africa,Moroccan,African,17.7986,319.9394,2.2868,27.7950,Northern Africa
50242,Northern Africa,Moroccan,African,27.5262,2096.0282,365.5176,50.6462,Northern Africa
50243,Northern Africa,Moroccan,African,45.1611,1184.4747,10.7881,110.6930,Northern Africa
50244,Northern Africa,Moroccan,African,281.9960,1367.9851,47.7617,3.7873,Northern Africa
50245,Northern Africa,Moroccan,African,103.8635,2876.4065,182.2915,192.6178,Northern Africa
50246,Northern Africa,Moroccan,African,14.4636,420.5104,1.7465,41.0294,Northern Africa
50247,Northern Africa,Moroccan,African,65.3526,909228.3740,57431.2541,73521.6033,Northern Africa
50248,Northern Africa,Moroccan,African,34.4208,437.5444,19.4601,30.0155,Northern Africa
50249,Northern Africa,Moroccan,African,5.4027,1408.6856,86.3098,113.8045,Northern Africa
50250,Northern Africa,Moroccan,African,135.4877,1226.8400,27.4036,63.0872,Northern Africa
50251,Northern Africa,Moroccan,African,1.1348,366.5354,0.3983,40.9743,Northern Africa
50252,Northern Africa,Moroccan,African,155.1254,3491.3193,232.3522,220.5531,Northern Africa
50253,Northern Africa,Moroccan,African,285.8244,17747.3544,431.9604,1657.1618,Northern Africa
50254,Northern Africa,Moroccan,African,45.7850,340.9493,13.8703,13.0100,Northern Africa
50255,Northern Africa,Moroccan,African,196.8334,1251.6882,63.3593,27.7977,Northern Africa
50256,Northern Africa,Moroccan,African,79.8859,2244.3808,9.6099,217.6923,Northern Africa
50257,Northern Africa,Moroccan,African,245.8695,2372.2660,246.4682,51.2861,Northern Africa
50258,Northern Africa,Moroccan,African,202.9604,3240.6102,107.6582,226.3567,Northern Africa
50259,Northern Africa,Moroccan,African,14.5780,1795.2435,103.7041,144.9261,Northern Africa
50260,Northern Africa,Moroccan,African,3584.9869,16797.0330,798.9479,208.9867,Northern Africa
50261,Northern Africa,Moroccan,African,7.7351,530.4423,91.9927,13.6172,Northern Africa
50262,Northern Africa,Moroccan,African,136.1353,545.0387,0.2505,0.2444,Northern Africa
50263,Northern Africa,Moroccan,African,17.1368,154.4940,2.9520,9.4920,Northern Africa
50264,Northern Africa,Moroccan,African,201.5960,805.9800,0.0000,0.0000,Northern Africa
50265,Northern Africa,Moroccan,African,13.4241,3929.7571,299.4380,289.9188,Northern Africa
50266,Northern Africa,Moroccan,African,17.2129,1873.6331,178.8265,116.0728,Northern Africa
50267,Northern Africa,Moroccan,African,14.8159,2099.2715,367.0680,55.7131,Northern Africa
50268,Northern Africa,Moroccan,African,518.5074,2918.5591,138.2524,39.3080,Northern Africa
50269,Northern Africa,Moroccan,African,137.1171,1293.9955,43.1539,67.8199,Northern Africa
50270,Northern Africa,Moroccan,African,31.8180,954.9692,166.7202,19.8204,Northern Africa
50271,Northern Africa,Moroccan,African,478.1905,2483.6345,89.6736,22.3352,Northern Africa
50272,Northern Africa,Moroccan,African,52.6829,2053.5574,119.3499,151.7898,Northern Africa
50273,Northern Africa,Moroccan,African,10.5931,3341.6144,285.2730,234.6592,Northern Africa
50274,Northern Africa,Moroccan,African,38.5002,462.5400,15.5714,30.4172,Northern Africa
50275,Northern Africa,Moroccan,African,34.0439,5317.1104,727.9500,241.7134,Northern Africa
50276,Northern Africa,Moroccan,African,78.5696,1413.3526,61.6902,104.5961,Northern Africa
50277,Northern Africa,Moroccan,African,21.1228,9043.8742,1966.9063,63.9336,Northern Africa
50278,Northern Africa,Moroccan,African,10.4577,168.8350,1.6708,14.1165,Northern Africa
50279,Northern Africa,Moroccan,African,8.9128,37.8325,0.7113,0.1347,Northern Africa
50280,Northern Africa,Moroccan,African,238.8627,1815.7025,84.7487,63.6709,Northern Africa
50281,Northern Africa,Moroccan,African,211.9938,3359.0048,203.3820,184.3228,Northern Africa
50282,Northern Africa,Moroccan,African,5.4852,799.4448,183.4107,5.8418,Northern Africa
50283,Northern Africa,Moroccan,African,8.5193,183.7058,14.5991,10.4698,Northern Africa
50284,Northern Africa,Moroccan,African,3491.9183,16393.1790,788.6171,206.0212,Northern Africa
50285,Northern Africa,Moroccan,African,220.0987,1184.0108,35.2353,16.3779,Northern Africa
50286,Northern Africa,Moroccan,African,112.8154,482.8865,13.3195,1.2375,Northern Africa
50287,Northern Africa,Moroccan,African,3405.1505,14737.4919,416.6642,45.4432,Northern Africa
50288,Northern Africa,Moroccan,African,9.0678,18992.9290,83.4583,2104.4447,Northern Africa
50289,Northern Africa,Moroccan,African,135.5795,2117.6442,226.5781,75.7376,Northern Africa
50290,Northern Africa,Moroccan,African,246.5852,9520.9465,274.0373,829.7434,Northern Africa
50291,Northern Africa,Moroccan,African,172.3510,5490.7401,599.1615,254.2357,Northern Africa
50292,Northern Africa,Moroccan,African,349.2331,2635.7289,105.1569,97.9365,Northern Africa
50293,Northern Africa,Moroccan,African,231.4033,967.6396,19.0488,6.1098,Northern Africa
50294,Northern Africa,Moroccan,African,67.8650,5139.3730,315.1030,393.7336,Northern Africa
50295,Northern Africa,Moroccan,African,47.2150,4258.6320,101.4456,408.1840,Northern Africa
50296,Northern Africa,Moroccan,African,84.3947,1782.4323,197.9029,70.3841,Northern Africa
50297,Northern Africa,Moroccan,African,28145.7764,177814.5079,5366.7796,4890.8372,Northern Africa
50298,Northern Africa,Moroccan,African,3.9558,283.4741,1.3254,30.0443,Northern Africa
50299,Northern Africa,Moroccan,African,20.0478,324.1300,3.2262,27.8759,Northern Africa
50300,Northern Africa,Moroccan,African,231.5355,1600.3063,131.1321,21.8844,Northern Africa
50301,Northern Africa,Moroccan,African,56.9689,1516.6200,62.4648,127.6340,Northern Africa
50302,Northern Africa,Moroccan,African,19.5637,550.5024,26.4006,42.2771,Northern Africa
50303,Northern Africa,Moroccan,African,0.9636,68.6400,14.3880,0.2244,Northern Africa
50304,Northern Africa,Moroccan,African,25.6734,591.7440,29.7517,43.1250,Northern Africa
50305,Northern Africa,Moroccan,African,70.5200,371.0125,14.5836,7.0823,Northern Africa
50306,Northern Africa,Moroccan,African,300.1254,1806.8640,54.3325,45.7839,Northern Africa
50307,Northern Africa,Moroccan,African,162.3042,2207.2054,325.4843,33.7899,Northern Africa
50308,Northern Africa,Moroccan,African,6.9803,672.8040,108.1836,25.1487,Northern Africa
50309,Northern Africa,Moroccan,African,48.4623,759.4925,13.4686,59.1456,Northern Africa
50310,Northern Africa,Moroccan,African,72.3755,516.7780,4.0786,27.6275,Northern Africa
50311,Northern Africa,Moroccan,African,19.6375,2254.2259,150.4617,172.1171,Northern Africa
50312,Northern Africa,Moroccan,African,50.0841,219.8397,5.9985,1.2482,Northern Africa
50313,Northern Africa,Moroccan,African,211.8271,1307.1391,44.4862,44.7040,Northern Africa
50314,Northern Africa,Moroccan,African,116.3721,1299.4278,51.7536,73.8579,Northern Africa
50315,Northern Africa,Moroccan,African,141.1555,1734.0998,130.0633,73.9463,Northern Africa
50316,Northern Africa,Moroccan,African,14.9117,69.8360,3.1239,1.0465,Northern Africa
50317,Northern Africa,Moroccan,African,155.4824,1582.6358,21.2493,104.5899,Northern Africa
50318,Northern Africa,Moroccan,African,44.9826,2253.7590,252.6472,112.3710,Northern Africa
50319,Northern Africa,Moroccan,African,83.5113,1295.0913,191.8190,21.4976,Northern Africa
50320,Northern Africa,Moroccan,African,183.3688,4729.9290,16.7158,448.6295,Northern Africa
50321,Northern Africa,Moroccan,African,31.8994,1654.4465,37.5755,157.0075,Northern Africa
50322,Northern Africa,Moroccan,African,125.1634,556.3360,13.6817,6.7722,Northern Africa
50323,Northern Africa,Moroccan,African,68.8846,2210.3605,208.6513,122.4400,Northern Africa
50324,Northern Africa,Moroccan,African,579.7594,2755.0039,62.1478,33.5914,Northern Africa
50325,Northern Africa,Moroccan,African,101.2955,750.6878,14.6334,35.7136,Northern Africa
50326,Northern Africa,Moroccan,African,705.6706,3591.1813,111.9550,38.4175,Northern Africa
50327,Northern Africa,Moroccan,African,32.4301,3055.2804,227.6360,220.2528,Northern Africa
50328,Northern Africa,Moroccan,African,77.8813,346.6759,17.1847,2.9953,Northern Africa
50329,Northern Africa,Moroccan,African,106.4293,2790.5288,189.6795,180.2874,Northern Africa
50330,Northern Africa,Moroccan,African,148.6953,2020.0600,40.9472,141.3816,Northern Africa
50331,Northern Africa,Moroccan,African,542.8288,3134.6180,133.1130,49.7210,Northern Africa
50332,Northern Africa,Moroccan,African,265.2297,1576.8108,78.6768,23.8212,Northern Africa
50333,Northern Africa,Moroccan,African,12.7439,304.8338,3.5157,29.1795,Northern Africa
50334,Northern Africa,Moroccan,African,245.0918,961.4810,8.7391,2.2289,Northern Africa
50335,Northern Africa,Moroccan,African,35.3005,1447.1741,148.8722,78.3295,Northern Africa
50336,Northern Africa,Moroccan,African,38.0895,333.1717,25.7587,11.5723,Northern Africa
50337,Northern Africa,Moroccan,African,46.2657,16211.6588,360.2470,1619.3206,Northern Africa
50338,Northern Africa,Moroccan,African,51.1058,561.8725,3.6587,41.0775,Northern Africa
50339,Northern Africa,Moroccan,African,452.3353,2564.8340,80.1907,47.8407,Northern Africa
50340,Northern Africa,Moroccan,African,7.3985,117.2871,1.1472,10.2287,Northern Africa
50341,Northern Africa,Moroccan,African,5.9663,713.5889,136.2842,12.8409,Northern Africa
50342,Northern Africa,Moroccan,African,583.5743,3427.6250,167.7151,56.6584,Northern Africa
50343,Northern Africa,Moroccan,African,40.5930,1348.7113,187.3074,46.8167,Northern Africa
50344,Northern Africa,Moroccan,African,67.2961,2566.0346,211.9705,158.7714,Northern Africa
50345,Northern Africa,Moroccan,African,200.1069,2729.5963,385.1987,44.7106,Northern Africa
50346,Northern Africa,Moroccan,African,18.9538,1252.5620,85.8528,91.5564,Northern Africa
50347,Northern Africa,Moroccan,African,73.3791,12972.3598,270.5803,1291.6150,Northern Africa
50348,Northern Africa,Moroccan,African,10.5460,420.3690,2.8876,43.6762,Northern Africa
50349,Northern Africa,Moroccan,African,26948.4791,131093.8105,4427.3064,264.6654,Northern Africa
50350,Northern Africa,Moroccan,African,40.6770,1927.2831,369.2417,24.8633,Northern Africa
50351,Northern Africa,Moroccan,African,14.4818,59.9353,1.8145,0.3691,Northern Africa
50352,Northern Africa,Moroccan,African,13400.3179,65882.2370,2388.4826,116.0031,Northern Africa
50353,Northern Africa,Moroccan,African,42.2942,895.5114,97.2202,35.5707,Northern Africa
50354,Northern Africa,Moroccan,African,52.1359,713.7040,10.1159,55.9825,Northern Africa
50355,Northern Africa,Moroccan,African,25.7170,805.8789,99.2395,35.3697,Northern Africa
50356,Northern Africa,Moroccan,African,96.7759,1483.4261,29.4395,115.6592,Northern Africa
50357,Northern Africa,Moroccan,African,118.5725,2807.3263,90.5344,226.2389,Northern Africa
50358,Northern Africa,Moroccan,African,9.8543,681.4530,1.7561,73.2886,Northern Africa
50359,Northern Africa,Moroccan,African,358.0796,2132.0350,111.7677,36.3299,Northern Africa
50360,Northern Africa,Moroccan,African,381.4106,8839.5275,298.7550,695.9470,Northern Africa
50361,Northern Africa,Moroccan,African,0.0000,162.4500,0.1665,18.0000,Northern Africa
50362,Northern Africa,Moroccan,African,3.2217,491.3058,0.5892,54.0557,Northern Africa
50363,Northern Africa,Moroccan,African,65.1871,3036.9348,159.2588,236.9613,Northern Africa
50364,Northern Africa,Moroccan,African,927.1068,4566.4402,210.2105,39.5168,Northern Africa
50365,Northern Africa,Moroccan,African,26.3014,2849.5348,292.2979,177.0365,Northern Africa
50366,Northern Africa,Moroccan,African,45.4379,2285.6278,367.5204,64.3609,Northern Africa
50367,Northern Africa,Moroccan,African,15.8285,587.0243,95.7736,15.1466,Northern Africa
50368,Northern Africa,Moroccan,African,55.4608,345.5800,4.3685,14.8367,Northern Africa
50369,Northern Africa,Moroccan,African,27.6462,2372.9831,363.9290,81.9804,Northern Africa
50370,Northern Africa,Moroccan,African,55.0896,220.2480,0.0000,0.0000,Northern Africa
50371,Northern Africa,Moroccan,African,24.1732,1869.8520,367.7917,27.7113,Northern Africa
50372,Northern Africa,Moroccan,African,93.8431,2097.5203,10.6525,195.8215,Northern Africa
50373,Northern Africa,Moroccan,African,32.1081,987.8380,7.7256,96.1180,Northern Africa
50374,Northern Africa,Moroccan,African,18.6230,825.5550,145.5388,16.3930,Northern Africa
50375,Northern Africa,Moroccan,African,103.5882,1931.6142,150.5989,101.2975,Northern Africa
50376,Northern Africa,Moroccan,African,17.1377,3793.6148,380.7503,236.3536,Northern Africa
50377,Northern Africa,Moroccan,African,73.0372,1748.9187,89.7522,120.3997,Northern Africa
50378,Northern Africa,Moroccan,African,272.9087,2088.1954,96.1854,76.0884,Northern Africa
50379,Northern Africa,Moroccan,African,51.3722,715.8423,10.4737,55.8481,Northern Africa
50380,Northern Africa,Moroccan,African,93.4193,2840.4815,553.4843,16.6472,Northern Africa
50381,Northern Africa,Moroccan,African,76.8093,1844.5415,89.9763,133.3950,Northern Africa
50382,Northern Africa,Moroccan,African,736.0042,4098.2214,187.2242,56.1732,Northern Africa
50383,Northern Africa,Moroccan,African,241.8234,13926.8218,1096.0027,930.6782,Northern Africa
50384,Northern Africa,Moroccan,African,109.0359,1421.4294,150.7863,44.1095,Northern Africa
50385,Northern Africa,Moroccan,African,269.7949,5004.8126,343.8660,282.2556,Northern Africa
50386,Northern Africa,Moroccan,African,10.2307,1758.3380,86.8819,151.0872,Northern Africa
50387,Northern Africa,Moroccan,African,35.0888,392.0363,3.7361,27.9443,Northern Africa
50388,Northern Africa,Moroccan,African,38.4985,575.0928,9.6964,44.4827,Northern Africa
50389,Northern Africa,Moroccan,African,10.3802,272.0478,17.8394,17.9261,Northern Africa
50390,Northern Africa,Moroccan,African,25.9152,397.7688,8.0210,30.1743,Northern Africa
50391,Northern Africa,Moroccan,African,136.7124,930.5548,33.6382,34.4510,Northern Africa
50392,Northern Africa,Moroccan,African,,,,,Northern Africa
50393,Northern Africa,Moroccan,African,118.9210,3972.9360,159.5435,320.3461,Northern Africa
50394,Northern Africa,Moroccan,African,191.4690,1062.9812,20.2956,32.0980,Northern Africa
50395,Northern Africa,Moroccan,African,27.5904,754.5600,2.6784,72.6912,Northern Africa
50396,Northern Africa,Moroccan,African,15.5906,1918.6078,360.9461,36.7118,Northern Africa
50397,Northern Africa,Moroccan,African,454.5153,6295.6293,580.7443,217.2885,Northern Africa
50398,Northern Africa,Moroccan,African,702.8784,7167.3803,212.1353,429.9514,Northern Africa
50399,Northern Africa,Moroccan,African,265.9984,1846.1333,75.7572,63.3769,Northern Africa
50400,Northern Africa,Moroccan,African,254.5748,1571.4515,58.1367,42.3773,Northern Africa
50401,Northern Africa,Moroccan,African,227.0711,1650.1770,44.3755,61.5920,Northern Africa
50402,Northern Africa,Moroccan,African,44.2640,684.0780,3.9762,58.0894,Northern Africa
50403,Northern Africa,Moroccan,African,1.4123,246.8960,0.3938,27.2890,Northern Africa
50404,Northern Africa,Moroccan,African,138.0057,3455.6277,249.9949,214.0501,Northern Africa
50405,Northern Africa,Moroccan,African,6.6632,435.9751,91.0264,2.9354,Northern Africa
50406,Northern Africa,Moroccan,African,61.3985,1610.1875,119.9704,96.9066,Northern Africa
50407,Northern Africa,Moroccan,African,14.1723,181.6395,1.9901,14.3475,Northern Africa
50408,Northern Africa,Moroccan,African,94.9905,1126.5537,60.1691,59.4509,Northern Africa
50409,Northern Africa,Moroccan,African,857.4696,18139.4537,622.7501,1487.9482,Northern Africa
50410,Northern Africa,Moroccan,African,195.0749,2019.2764,115.9049,89.5758,Northern Africa
50411,Northern Africa,Moroccan,African,47.0239,935.4997,37.1293,69.4716,Northern Africa
50412,Northern Africa,Moroccan,African,166.3935,903.8054,54.7845,7.3319,Northern Africa
50413,Northern Africa,Moroccan,African,180.9079,1008.1887,50.7521,15.9524,Northern Africa
50414,Northern Africa,Moroccan,African,585.9762,19318.2720,404.2178,1702.4676,Northern Africa
50415,Northern Africa,Moroccan,African,146.6120,817.8163,9.2549,28.8675,Northern Africa
50416,Northern Africa,Moroccan,African,128.4049,1017.6614,101.0114,18.0249,Northern Africa
50417,Northern Africa,Moroccan,African,200.7445,875.3792,14.7861,6.7570,Northern Africa
50418,Northern Africa,Moroccan,African,131.4381,962.3743,19.1108,43.6690,Northern Africa
50419,Northern Africa,Moroccan,African,288.6484,2435.3037,50.7707,120.8601,Northern Africa
50420,Northern Africa,Moroccan,African,274.3097,2826.1603,228.4777,91.1944,Northern Africa
50421,Northern Africa,Moroccan,African,33.7348,501.6910,4.4862,41.7698,Northern Africa
50422,Northern Africa,Moroccan,African,0.9918,985.4700,0.1908,109.0150,Northern Africa
50423,Northern Africa,Moroccan,African,75521.8441,639449.3943,64923.8002,8777.4351,Northern Africa
50424,Northern Africa,Moroccan,African,45401.9193,272757.2550,14804.8881,4370.5720,Northern Africa
50425,Northern Africa,Moroccan,African,274.1275,3208.1153,20.2116,231.4247,Northern Africa
50426,Northern Africa,Moroccan,African,173.3351,1180.0300,31.6007,39.1840,Northern Africa
50427,Northern Africa,Moroccan,African,45.2231,826.6875,100.5313,25.5919,Northern Africa
50428,Northern Africa,Moroccan,African,119.7827,2375.0805,150.3645,143.4983,Northern Africa
50429,Northern Africa,Moroccan,African,1622.9944,31129.2425,573.4328,2555.0636,Northern Africa
50430,Northern Africa,Moroccan,African,492.0559,17993.5563,584.6005,1528.5728,Northern Africa
50431,Northern Africa,Moroccan,African,34.1142,1043.7971,94.5026,58.2556,Northern Africa
50432,Northern Africa,Moroccan,African,16.2176,344.3400,10.7586,28.8244,Northern Africa
50433,Northern Africa,Moroccan,African,75525.9260,468601.8316,24601.2627,8933.1598,Northern Africa
50434,Northern Africa,Moroccan,African,13.2921,396.3311,48.5034,17.7886,Northern Africa
50435,Northern Africa,Moroccan,African,255.3149,5947.8905,337.3938,398.2903,Northern Africa
50436,Northern Africa,Moroccan,African,136.3222,2271.1357,285.3960,62.3300,Northern Africa
50437,Northern Africa,Moroccan,African,318.9038,1942.6722,84.0525,43.7083,Northern Africa
50438,Northern Africa,Moroccan,African,515.6954,3102.3061,144.0000,54.8861,Northern Africa
50439,Northern Africa,Moroccan,African,249.0967,1598.1153,82.9588,37.7312,Northern Africa
50440,Northern Africa,Moroccan,African,615.4823,3566.8658,119.8791,79.3204,Northern Africa
50441,Northern Africa,Moroccan,African,53.7541,2259.4421,121.4366,176.4069,Northern Africa
50442,Northern Africa,Moroccan,African,338.5275,2326.7945,131.4806,57.5543,Northern Africa
50443,Northern Africa,Moroccan,African,398.8922,3630.8504,221.4898,135.1670,Northern Africa
50444,Northern Africa,Moroccan,African,42.1794,661.6960,5.7964,54.7350,Northern Africa
50445,Northern Africa,Moroccan,African,51.7795,3172.2153,51.5541,311.5384,Northern Africa
50446,Northern Africa,Moroccan,African,123.1207,890.1436,28.4315,39.6250,Northern Africa
50447,Northern Africa,Moroccan,African,38.6440,605737.6092,38291.7401,48969.0622,Northern Africa
50448,Northern Africa,Moroccan,African,78830.6351,305672.3291,1844.7333,2311.3807,Northern Africa
50449,Northern Africa,Moroccan,African,262.1548,5320.3506,320.0643,332.0657,Northern Africa
50450,Northern Africa,Moroccan,African,200.1074,1644.1196,45.2826,80.1598,Northern Africa
50451,Northern Africa,Moroccan,African,23.8852,548.0780,6.6527,50.5104,Northern Africa
50452,Northern Africa,Moroccan,African,308.4302,1491.4319,45.8485,10.2361,Northern Africa
50453,Northern Africa,Moroccan,African,30.5514,1155.1958,25.8782,106.5224,Northern Africa
50454,Northern Africa,Moroccan,African,480.2819,7578.3593,108.0255,597.9745,Northern Africa
50455,Northern Africa,Moroccan,African,147.7999,1056.7214,36.9913,40.8966,Northern Africa
50456,Northern Africa,Moroccan,African,17.5543,859.4826,68.7971,56.0246,Northern Africa
50457,Northern Africa,Moroccan,African,8.6410,43.2860,2.1608,1.1308,Northern Africa
50458,Northern Africa,Moroccan,African,4.4559,397.7587,6.2503,41.6189,Northern Africa
50459,Northern Africa,Moroccan,African,7.4713,27.9771,0.7859,0.1914,Northern Africa
50460,Northern Africa,Moroccan,African,230.3195,1379.8175,54.1945,31.8107,Northern Africa
50461,Northern Africa,Moroccan,African,185.8031,2312.8324,112.6252,131.9206,Northern Africa
50462,Northern Africa,Moroccan,African,11.0416,1126.5712,229.0509,19.9981,Northern Africa
50463,Northern Africa,Moroccan,African,5.1070,376.3660,0.5866,40.7264,Northern Africa
50464,Northern Africa,Moroccan,African,1.4709,7931.1200,1683.4484,83.3799,Northern Africa
50465,Northern Africa,Moroccan,African,329.8640,6853.4376,279.6718,508.6641,Northern Africa
50466,Northern Africa,Moroccan,African,353.2108,2252.9592,103.4137,56.1145,Northern Africa
50467,Northern Africa,Moroccan,African,22.5360,468.3660,3.4710,45.4240,Northern Africa
50468,Northern Africa,Moroccan,African,15.0811,384.4078,46.3661,14.8148,Northern Africa
50469,Northern Africa,Moroccan,African,172.5097,4472.2583,355.4031,260.8710,Northern Africa
50470,Northern Africa,Moroccan,African,96.4665,1744.7954,146.8450,88.5292,Northern Africa
50471,Northern Africa,Moroccan,African,584.0216,2946.1587,72.9623,43.6071,Northern Africa
50472,Northern Africa,Moroccan,African,20.0902,330.4510,3.0316,27.9692,Northern Africa
50473,Northern Africa,Moroccan,African,192.3142,1041.7704,34.1991,24.1627,Northern Africa
50474,Northern Africa,Moroccan,African,200.8608,2177.6608,71.1768,123.8917,Northern Africa
50475,Northern Africa,Moroccan,African,79.0510,1305.4608,73.5149,79.5185,Northern Africa
50476,Northern Africa,Moroccan,African,5725.4231,25869.2692,1260.1941,167.3143,Northern Africa
50477,Northern Africa,Moroccan,African,28.1547,4791.9384,196.3476,426.6215,Northern Africa
50478,Northern Africa,Moroccan,African,41.1052,12232.8885,285.1626,1213.6961,Northern Africa
50479,Northern Africa,Moroccan,African,90.0558,567.7485,10.5916,23.5051,Northern Africa
50480,Northern Africa,Moroccan,African,12.9010,59.1657,2.2054,0.9905,Northern Africa
50481,Northern Africa,Moroccan,African,16.8322,200.4600,3.4289,15.9442,Northern Africa
50482,Northern Africa,Moroccan,African,1885.4155,7593.6229,115.5560,46.2372,Northern Africa
50483,Northern Africa,Moroccan,African,75517.5529,453628.1533,24559.7641,7262.7928,Northern Africa
50484,Northern Africa,Moroccan,African,28.7917,253.8180,5.7886,15.0607,Northern Africa
50485,Northern Africa,Moroccan,African,37.6253,671.0820,98.9950,17.3025,Northern Africa
50486,Northern Africa,Moroccan,African,339.0139,1857.4896,85.7743,19.9425,Northern Africa
50487,Northern Africa,Moroccan,African,0.4907,876.5520,179.6921,12.2353,Northern Africa
50488,Northern Africa,Moroccan,African,88.8983,636.8176,32.7114,27.2533,Northern Africa
50489,Northern Africa,Moroccan,African,46.6109,5001.2116,101.1513,487.1518,Northern Africa
50490,Northern Africa,Moroccan,African,704.6113,3553.5124,133.9059,31.4007,Northern Africa
50491,Northern Africa,Moroccan,African,10.1019,9607.0730,2.6309,1082.1287,Northern Africa
50492,Northern Africa,Moroccan,African,63.3796,3286.1971,201.8625,249.5268,Northern Africa
50493,Northern Africa,Moroccan,African,3538.2701,925063.3680,58236.1797,73662.3790,Northern Africa
50494,Northern Africa,Moroccan,African,67.4342,2708.1459,124.2272,216.3961,Northern Africa
50495,Northern Africa,Moroccan,African,392.4273,2666.3232,146.7778,69.8996,Northern Africa
50496,Northern Africa,Moroccan,African,65.0187,1024.0356,136.4128,24.6762,Northern Africa
50497,Northern Africa,Moroccan,African,229.1140,1432.3731,68.8349,32.8449,Northern Africa
50498,Northern Africa,Moroccan,African,235.5117,4961.3298,278.4538,323.9588,Northern Africa
50499,Northern Africa,Moroccan,African,10.6408,1974.5880,2.7233,219.1968,Northern Africa
50500,Northern Africa,Moroccan,African,17.5543,859.4826,68.7971,56.0246,Northern Africa
50501,Northern Africa,Moroccan,African,1.3469,1704.2460,22.5461,181.4857,Northern Africa
50502,Northern Africa,Moroccan,African,21.8943,338.2549,4.1080,28.1157,Northern Africa
50503,Northern Africa,Moroccan,African,57.8819,735.2925,50.1789,34.8354,Northern Africa
50504,Northern Africa,Moroccan,African,73.7416,1429.6881,7.4021,130.7621,Northern Africa
50505,Northern Africa,Moroccan,African,190.8068,3700.1591,186.1303,240.4384,Northern Africa
50506,Northern Africa,Moroccan,African,33508.0929,163070.5211,5526.9052,317.3702,Northern Africa
50507,Northern Africa,Moroccan,African,27.9617,10653.1727,494.0226,945.4002,Northern Africa
50508,Northern Africa,Moroccan,African,1332.5158,207081.5159,32458.6344,8321.5934,Northern Africa
50509,Northern Africa,Moroccan,African,3.7777,130.5400,0.3227,13.8580,Northern Africa
50510,Northern Africa,Moroccan,African,49.3432,964.4305,14.8399,83.3517,Northern Africa
50511,Northern Africa,Moroccan,African,228.2606,4546.0230,154.8240,340.2766,Northern Africa
50512,Northern Africa,Moroccan,African,19.5526,698.4468,4.3072,68.8239,Northern Africa
50513,Northern Africa,Moroccan,African,2208.9666,8821.2050,73.6332,68.5987,Northern Africa
50514,Northern Africa,Moroccan,African,25.6183,3626.3039,392.4807,210.2558,Northern Africa
50515,Northern Africa,Moroccan,African,24.1333,345.3395,0.9580,27.4600,Northern Africa
50516,Northern Africa,Moroccan,African,97.3560,1303.6923,78.3676,68.4110,Northern Africa
50517,Northern Africa,Moroccan,African,24.5546,1434.4324,197.6727,64.1055,Northern Africa
50518,Northern Africa,Moroccan,African,18.2196,946.1590,110.3028,45.9306,Northern Africa
50519,Northern Africa,Moroccan,African,227.9544,17250.1687,390.2064,1638.2332,Northern Africa
50520,Northern Africa,Moroccan,African,196.6198,1185.7072,53.5060,27.7223,Northern Africa
50521,Northern Africa,Moroccan,African,315.5737,1651.3225,72.1065,15.7168,Northern Africa
50522,Northern Africa,Moroccan,African,216.1156,1357.7501,72.1906,29.5549,Northern Africa
50523,Northern Africa,Moroccan,African,113.6371,2434.0994,84.0118,189.1459,Northern Africa
50524,Northern Africa,Moroccan,African,1208.8071,5225.6658,113.8108,36.1188,Northern Africa
50525,Northern Africa,Moroccan,African,77054.6955,485850.5273,25495.1711,10040.6053,Northern Africa
50526,Northern Africa,Moroccan,African,230.5703,5246.0310,118.2313,430.2076,Northern Africa
50527,Northern Africa,Moroccan,African,13028.8736,65942.8483,3537.8798,546.7029,Northern Africa
50528,Northern Africa,Moroccan,African,378.8630,3946.1533,232.0736,172.0001,Northern Africa
50529,Northern Africa,Moroccan,African,80.3559,1634.5675,3.8370,150.3315,Northern Africa
50530,Northern Africa,Moroccan,African,56.8297,1513.7509,119.1145,92.6139,Northern Africa
50531,Northern Africa,Moroccan,African,32.9725,8370.1953,598.7448,634.7165,Northern Africa
50532,Northern Africa,Moroccan,African,13.4338,2123.5995,44.6173,209.8732,Northern Africa
50533,Northern Africa,Moroccan,African,237.9261,1586.6077,117.0190,15.2386,Northern Africa
50534,Northern Africa,Moroccan,African,11.0921,1186.3121,217.8839,30.4780,Northern Africa
50535,Northern Africa,Moroccan,African,12.3118,102.6900,6.0566,3.6700,Northern Africa
50536,Northern Africa,Moroccan,African,475.5448,2676.6453,116.1627,38.8427,Northern Africa
50537,Northern Africa,Moroccan,African,53.7315,656.1460,43.8968,29.1674,Northern Africa
50538,Northern Africa,Moroccan,African,1010.2284,7181.2206,538.0260,116.3680,Northern Africa
50539,Northern Africa,Moroccan,African,22.6045,1053.8495,3.3079,108.7017,Northern Africa
50540,Northern Africa,Moroccan,African,43.8821,242502.4889,53863.3554,1387.0780,Northern Africa
50541,Northern Africa,Moroccan,African,3.5000,160.3137,5.6632,14.5063,Northern Africa
50542,Northern Africa,Moroccan,African,378.1645,3038.4108,134.2270,117.7571,Northern Africa
50543,Northern Africa,Moroccan,African,313.4238,2209.3622,106.0194,61.7361,Northern Africa
50544,Northern Africa,Moroccan,African,1154.2082,15814.2742,1031.7954,802.8366,Northern Africa
50545,Northern Africa,Moroccan,African,22.1129,569.4134,103.1451,5.3984,Northern Africa
50546,Northern Africa,Moroccan,African,1566.6201,6729.4476,160.6177,64.6883,Northern Africa
50547,Northern Africa,Moroccan,African,232.9557,4301.5115,242.5177,272.1946,Northern Africa
50548,Northern Africa,Moroccan,African,269.2376,1482.2033,71.4285,20.0483,Northern Africa
50549,Northern Africa,Moroccan,African,9.5020,902.3046,139.7976,30.8555,Northern Africa
50550,Northern Africa,Moroccan,African,48685.0098,504049.3944,9498.9330,30573.4631,Northern Africa
50551,Northern Africa,Moroccan,African,0.0000,0.0000,0.0000,0.0000,Northern Africa
50552,Northern Africa,Moroccan,African,0.8353,111.9738,0.2311,12.0471,Northern Africa
50553,Northern Africa,Moroccan,African,267.7407,3392.6266,142.8996,200.3640,Northern Africa
50554,Northern Africa,Moroccan,African,184.0634,956.1605,11.1431,28.6710,Northern Africa
50555,Northern Africa,Moroccan,African,13.8254,70.3068,2.9350,2.3561,Northern Africa
50556,Northern Africa,Moroccan,African,13.1829,115.9008,2.1216,6.7112,Northern Africa
50557,Northern Africa,Moroccan,African,168.0501,1150.2388,10.7537,56.8923,Northern Africa
50558,Northern Africa,Moroccan,African,44.9180,152.8750,3.4000,2.1687,Northern Africa
50559,Northern Africa,Moroccan,African,0.0000,238.6800,0.0000,27.0000,Northern Africa
50560,Northern Africa,Moroccan,African,74.8961,2668.7365,290.2323,130.6417,Northern Africa
50561,Northern Africa,Moroccan,African,73.8747,502.6875,17.0899,23.1876,Northern Africa
50562,Northern Africa,Moroccan,African,37.1224,166.2686,7.9416,1.2618,Northern Africa
50563,Northern Africa,Moroccan,African,51.0896,1177.8517,7.2941,111.6003,Northern Africa
50564,Northern Africa,Moroccan,African,165.2257,1575.0860,33.3310,88.2320,Northern Africa
50565,Northern Africa,Moroccan,African,33.1477,1066.6926,103.0070,58.3559,Northern Africa
50566,Northern Africa,Moroccan,African,89.3075,1050.0570,21.6020,77.1746,Northern Africa
50567,Northern Africa,Moroccan,African,246.4662,1624.9731,37.8999,59.3603,Northern Africa
50568,Northern Africa,Moroccan,African,30.4065,898.8752,91.2392,47.3217,Northern Africa
50569,Northern Africa,Moroccan,African,8.0958,47.3924,2.4396,1.8649,Northern Africa
50570,Northern Africa,Moroccan,African,165.1742,1709.6485,124.4446,58.6152,Northern Africa
50571,Northern Africa,Moroccan,African,139.7222,8180.2489,351.4178,698.8602,Northern Africa
50572,Northern Africa,Moroccan,African,356.7477,1667.6675,55.4748,6.7481,Northern Africa
50573,Northern Africa,Moroccan,African,253.5367,6408.5611,650.2594,302.8577,Northern Africa
50574,Northern Africa,Moroccan,African,27.5444,763.1108,21.4588,68.8257,Northern Africa
50575,Northern Africa,Moroccan,African,16.1089,1812.6367,171.7088,115.3623,Northern Africa
50576,Northern Africa,Moroccan,African,4.4941,2451.7038,154.5564,197.4159,Northern Africa
50577,Northern Africa,Moroccan,African,31.6541,5780.6361,280.5522,499.6484,Northern Africa
50578,Northern Africa,Moroccan,African,7.5001,2011.6380,11.3546,218.9317,Northern Africa
50579,Northern Africa,Moroccan,African,50.4724,469.6377,12.1746,28.6289,Northern Africa
50580,Northern Africa,Moroccan,African,1823.4403,10391.0944,774.4680,135.5846,Northern Africa
50581,Northern Africa,Moroccan,African,2.3783,113.0639,23.0118,1.0106,Northern Africa
50582,Northern Africa,Moroccan,African,4257.8935,419791.4290,72756.9866,12686.6207,Northern Africa
50583,Northern Africa,Moroccan,African,27000.6101,135939.4084,4640.9185,706.8171,Northern Africa
50584,Northern Africa,Moroccan,African,4083.7954,19489.9571,1005.5773,238.6997,Northern Africa
50585,Northern Africa,Moroccan,African,42718.8746,212278.1525,4759.7108,2322.1003,Northern Africa
50586,Northern Africa,Moroccan,African,24.1676,468.0201,47.5960,19.6443,Northern Africa
50587,Northern Africa,Moroccan,African,218.9520,1274.5307,74.1536,19.5019,Northern Africa
50588,Northern Africa,Moroccan,African,67.3787,1513.8793,86.4342,100.7319,Northern Africa
50589,Northern Africa,Moroccan,African,44.8772,304.3357,12.2943,8.7660,Northern Africa
50590,Northern Africa,Moroccan,African,87.5781,2212.6897,368.3148,37.8296,Northern Africa
50591,Northern Africa,Moroccan,African,398.8922,3630.8504,221.4898,135.1670,Northern Africa
50592,Northern Africa,Moroccan,African,175.3487,2524.8537,179.4629,118.2968,Northern Africa
50593,Northern Africa,Moroccan,African,3.5173,171.9070,1.1288,17.9965,Northern Africa
50594,Northern Africa,Moroccan,African,22.9504,585.7140,3.3897,56.1801,Northern Africa
50595,Northern Africa,Moroccan,African,489.8908,3329.3671,273.1631,32.5120,Northern Africa
50596,Northern Africa,Moroccan,African,1660.3202,13022.8735,651.3268,451.2018,Northern Africa
50597,Northern Africa,Moroccan,African,281.5386,17497.3733,419.9518,1637.4878,Northern Africa
50598,Northern Africa,Moroccan,African,26836.5583,131343.3771,4613.2844,248.7033,Northern Africa
50599,Northern Africa,Moroccan,African,11.5408,158.3777,25.2151,1.7607,Northern Africa
50600,Northern Africa,Moroccan,African,34.3987,190.4779,7.4385,5.6876,Northern Africa
50601,Northern Africa,Moroccan,African,231.7794,13444.5302,328.8159,1248.4632,Northern Africa
50602,Northern Africa,Moroccan,African,53.0988,194.4849,7.9463,2.0623,Northern Africa
50603,Northern Africa,Moroccan,African,331.8301,1790.8521,84.3233,24.2825,Northern Africa
50604,Northern Africa,Moroccan,African,1.3817,959.4825,0.2310,108.0605,Northern Africa
50605,Northern Africa,Moroccan,African,5.6344,426.7836,90.7076,2.4553,Northern Africa
50606,Northern Africa,Moroccan,African,353.9512,2353.0200,116.0712,61.0752,Northern Africa
50607,Northern Africa,Moroccan,African,720.3602,4987.6020,235.2383,123.8610,Northern Africa
50608,Northern Africa,Moroccan,African,34.9366,5455.3127,111.8979,542.6934,Northern Africa
50609,Northern Africa,Moroccan,African,13.4768,174.7080,25.2598,3.1658,Northern Africa
50610,Northern Africa,Moroccan,African,259.0016,1725.2212,146.7738,12.9096,Northern Africa
50611,Northern Africa,Moroccan,African,316.9677,1847.2201,95.5419,31.4171,Northern Africa
50612,Northern Africa,Moroccan,African,299.6965,2001.1512,93.3918,55.4170,Northern Africa
50613,Northern Africa,Moroccan,African,47.0239,784.1997,3.4693,68.6216,Northern Africa
50614,Northern Africa,Moroccan,African,6.4610,268.6791,1.0140,27.6654,Northern Africa
50615,Northern Africa,Moroccan,African,34057.0682,167897.4847,6018.5547,699.2267,Northern Africa
50616,Northern Africa,Moroccan,African,460.8256,18470.2372,446.2271,1651.8310,Northern Africa
50617,Northern Africa,Moroccan,African,143.3976,3029.2398,309.6130,133.1965,Northern Africa
50618,Northern Africa,Moroccan,African,313.4965,5528.9403,125.5445,422.1415,Northern Africa
50619,Northern Africa,Moroccan,African,61.0677,936.6960,17.0912,73.2997,Northern Africa
50620,Northern Africa,Moroccan,African,487.9287,2779.8548,140.6129,41.5382,Northern Africa
50621,Northern Africa,Moroccan,African,35.1566,15069.6988,703.9796,1334.5345,Northern Africa
50622,Northern Africa,Moroccan,African,761.3925,776927.9748,59393.7055,57861.3803,Northern Africa
50623,Northern Africa,Moroccan,African,115.0174,1654.4590,92.8878,95.3523,Northern Africa
50624,Northern Africa,Moroccan,African,194.6770,1224.1377,34.9201,33.7991,Northern Africa
50625,Northern Africa,Moroccan,African,54.8869,20543.1209,526.9362,2020.2569,Northern Africa
50626,Northern Africa,Moroccan,African,197.5467,1396.2917,79.0034,35.7108,Northern Africa
50627,Northern Africa,Moroccan,African,28.4776,4250.6540,3.3800,468.0410,Northern Africa
50628,Northern Africa,Moroccan,African,7.6778,297.4154,59.8093,1.5741,Northern Africa
50629,Northern Africa,Moroccan,African,130.2407,1640.3894,210.8477,40.1358,Northern Africa
50630,Northern Africa,Moroccan,African,228.3761,3805.1574,199.1182,234.7649,Northern Africa
50631,Northern Africa,Moroccan,African,84.9287,410.0204,11.6548,7.4618,Northern Africa
50632,Northern Africa,Moroccan,African,879.1546,7418.4304,330.6427,289.9352,Northern Africa
50633,Northern Africa,Moroccan,African,324.2906,2693.8706,178.5010,75.1894,Northern Africa
50634,Northern Africa,Moroccan,African,561.7448,2940.0268,60.7989,49.3800,Northern Africa
50635,Northern Africa,Moroccan,African,28.7585,129.9759,6.7805,1.1245,Northern Africa
50636,Northern Africa,Moroccan,African,334.5315,4094.7878,551.4459,60.6449,Northern Africa
50637,Northern Africa,Moroccan,African,306.7772,3235.4067,167.9750,150.8319,Northern Africa
50638,Northern Africa,Moroccan,African,238.4546,1254.4614,61.1232,16.0564,Northern Africa
50639,Northern Africa,Moroccan,African,3.8491,1634.7332,360.2293,9.8255,Northern Africa
50640,Northern Africa,Moroccan,African,215.9501,1305.2472,66.7693,24.6883,Northern Africa
50641,Northern Africa,Moroccan,African,94.0118,2985.9885,373.0850,120.8969,Northern Africa
50642,Northern Africa,Moroccan,African,58.8123,2804.1057,165.2733,211.4759,Northern Africa
50643,Northern Africa,Moroccan,African,107.7549,2329.0453,113.7197,163.5690,Northern Africa
50644,Northern Africa,Moroccan,African,9.9205,651.5430,136.2701,4.1436,Northern Africa
50645,Northern Africa,Moroccan,African,3515.7525,13921.4323,207.5277,52.2294,Northern Africa
50646,Northern Africa,Moroccan,African,415.8218,2599.0062,107.3485,70.9479,Northern Africa
50647,Northern Africa,Moroccan,African,9.7735,684.1433,1.9618,72.6016,Northern Africa
50648,Northern Africa,Moroccan,African,211.9641,1969.0139,75.6911,93.8311,Northern Africa
50649,Northern Africa,Moroccan,African,2.5786,1290.4731,110.1739,94.0214,Northern Africa
50650,Northern Africa,Moroccan,African,16885.9408,81374.3714,3029.7635,293.1529,Northern Africa
50651,Northern Africa,Moroccan,African,203.7560,5089.2200,37.6800,464.5300,Northern Africa
50652,Northern Africa,Moroccan,African,49.9508,2040.5340,188.7875,119.4250,Northern Africa
50653,Northern Africa,Moroccan,African,71.7831,946.6787,98.6466,31.1398,Northern Africa
50654,Northern Africa,Moroccan,African,315.0084,2026.3500,74.5628,50.7703,Northern Africa
50655,Northern Africa,Moroccan,African,134.4606,2511.8709,73.0137,202.7116,Northern Africa
50656,Northern Africa,Moroccan,African,63.4401,555.3907,31.2084,20.6550,Northern Africa
50657,Northern Africa,Moroccan,African,191.4347,1264.1108,61.7369,31.9335,Northern Africa
50658,Northern Africa,Moroccan,African,222.9176,3613.0027,110.9593,252.2386,Northern Africa
50659,Northern Africa,Moroccan,African,257.5406,1552.6647,74.3050,33.8664,Northern Africa
50660,Northern Africa,Moroccan,African,26.1882,989.1589,193.5776,7.6971,Northern Africa
50661,Northern Africa,Moroccan,African,249.0967,1598.1153,82.9588,37.7312,Northern Africa
50662,Northern Africa,Moroccan,African,45.8013,483.7615,13.1790,30.0905,Northern Africa
50663,Northern Africa,Moroccan,African,8.6466,1000.8956,1.0900,109.3048,Northern Africa
50664,Northern Africa,Moroccan,African,286.4853,25573.2309,621.5065,2440.6615,Northern Africa
50665,Northern Africa,Moroccan,African,23.6969,511.1200,34.6664,27.8800,Northern Africa
50666,Northern Africa,Moroccan,African,60.0002,282.6150,11.1823,2.3145,Northern Africa
50667,Northern Africa,Moroccan,African,64.8275,2957.3632,210.6806,202.4711,Northern Africa
50668,Northern Africa,Moroccan,African,8.2803,1467.6125,94.0219,114.9102,Northern Africa
50669,Northern Africa,Moroccan,African,168.9168,1474.6723,107.4726,43.1995,Northern Africa
50670,Northern Africa,Moroccan,African,673.4960,4236.7290,188.7848,100.6103,Northern Africa
50671,Northern Africa,Moroccan,African,300.8426,2830.9377,77.9339,157.6317,Northern Africa
50672,Northern Africa,Moroccan,African,50.2925,5257.8718,122.1953,507.5358,Northern Africa
50673,Northern Africa,Moroccan,African,14.1808,2060.1245,83.3201,186.0079,Northern Africa
50674,Northern Africa,Moroccan,African,109037.8712,582291.9416,25223.4350,4968.2399,Northern Africa
50675,Northern Africa,Moroccan,African,372.7002,10066.3014,254.7087,848.0955,Northern Africa
50676,Northern Africa,Moroccan,African,232.9873,1360.6350,53.0362,21.5541,Northern Africa
50677,Northern Africa,Moroccan,African,454.3004,4669.3376,180.5480,259.6013,Northern Africa
50678,Northern Africa,Moroccan,African,199.1526,606743.9026,38309.2147,49005.2755,Northern Africa
50679,Northern Africa,Moroccan,African,172.3739,3224.9689,66.9895,256.5048,Northern Africa
50680,Northern Africa,Moroccan,African,533.0294,2853.9888,111.7358,34.9129,Northern Africa
50681,Northern Africa,Moroccan,African,32.3539,1736.9934,106.8536,129.5429,Northern Africa
50682,Northern Africa,Moroccan,African,257.3100,1677.7580,73.6637,49.0019,Northern Africa
50683,Northern Africa,Moroccan,African,473.9147,18682.6363,393.8363,1689.5354,Northern Africa
50684,Northern Africa,Moroccan,African,95.9837,1804.7600,27.1090,149.2389,Northern Africa
50685,Northern Africa,Moroccan,African,182.4747,2376.3915,132.8068,126.2017,Northern Africa
50686,Northern Africa,Moroccan,African,30.6405,1111.4405,7.3944,111.5174,Northern Africa
50687,Northern Africa,Moroccan,African,138.1039,746.1170,9.9634,16.0346,Northern Africa
50688,Northern Africa,Moroccan,African,56812.1901,349206.8535,18616.9439,6281.0347,Northern Africa
50689,Northern Africa,Moroccan,African,188.7556,1133.4333,61.3793,18.1109,Northern Africa
50690,Northern Africa,Moroccan,African,177.2095,812.7888,9.3318,15.3444,Northern Africa
50691,Northern Africa,Moroccan,African,2.0882,246.3742,0.3119,27.0949,Northern Africa
50692,Northern Africa,Moroccan,African,219.6964,976.7148,0.0000,0.0000,Northern Africa
50693,Northern Africa,Moroccan,African,184.1702,927.6079,31.3264,17.6458,Northern Africa
50694,Northern Africa,Moroccan,African,70.7048,623.2813,10.5645,38.0024,Northern Africa
50695,Northern Africa,Moroccan,African,40.7080,382.2081,22.6153,17.2967,Northern Africa
50696,Northern Africa,Moroccan,African,52.7468,1526.0497,190.7732,61.4507,Northern Africa
50697,Northern Africa,Moroccan,African,168.3578,1292.3050,107.8188,25.3247,Northern Africa
50698,Northern Africa,Moroccan,African,11.1436,46.7265,1.3385,0.4241,Northern Africa
50699,Northern Africa,Moroccan,African,37.6505,741.0098,15.2059,60.2836,Northern Africa
50700,Northern Africa,Moroccan,African,235.5117,4961.3298,278.4538,323.9588,Northern Africa
50701,Northern Africa,Moroccan,African,82.8850,2213.0036,218.7240,106.0082,Northern Africa
50702,Northern Africa,Moroccan,African,190.2918,1553.8553,15.0852,91.4792,Northern Africa
50703,Northern Africa,Moroccan,African,204.7266,1294.7062,65.3538,28.8026,Northern Africa
50704,Northern Africa,Moroccan,African,15.4761,1053.0440,5.1293,112.6764,Northern Africa
50705,Northern Africa,Moroccan,African,24.5861,1794.4221,197.1610,98.0470,Northern Africa
50706,Northern Africa,Moroccan,African,504.3766,2464.4405,82.4542,20.4831,Northern Africa
50707,Northern Africa,Moroccan,African,103.4529,533.3346,7.0289,15.3145,Northern Africa
50708,Northern Africa,Moroccan,African,67111.6650,328220.0663,11119.6715,808.6582,Northern Africa
50709,Northern Africa,Moroccan,African,151.9677,2428.4740,131.7046,147.7751,Northern Africa
50710,Northern Africa,Moroccan,African,82.9243,1408.4933,18.0469,116.8820,Northern Africa
50711,Northern Africa,Moroccan,African,21232.0966,120672.9460,8038.7622,758.8506,Northern Africa
50712,Northern Africa,Moroccan,African,101.3464,5314.0146,249.9026,446.1849,Northern Africa
50713,Northern Africa,Moroccan,African,166.8238,2698.1269,194.1031,140.8191,Northern Africa
50714,Northern Africa,Moroccan,African,711.4623,46042.3610,2452.2748,3725.1288,Northern Africa
50715,Northern Africa,Moroccan,African,83.9064,1222.5791,150.2245,32.4599,Northern Africa
50716,Northern Africa,Moroccan,African,39.8650,651.0730,5.1728,55.0774,Northern Africa
50717,Northern Africa,Moroccan,African,46.1755,16177.0088,350.6473,1622.0387,Northern Africa
50718,Northern Africa,Moroccan,African,573.5296,5925.1242,339.6796,269.1969,Northern Africa
50719,Northern Africa,Moroccan,African,52.3486,938.8395,99.9880,36.8561,Northern Africa
50720,Northern Africa,Moroccan,African,1.8433,814.3501,112.7271,36.3314,Northern Africa
50721,Northern Africa,Moroccan,African,95.3199,572.4386,31.1410,9.2351,Northern Africa
50722,Northern Africa,Moroccan,African,82.9445,1552.9400,87.1462,99.4666,Northern Africa
50723,Northern Africa,Moroccan,African,28.4186,484.2311,3.3039,41.7997,Northern Africa
50724,Northern Africa,Moroccan,African,84.7863,460.2269,13.1247,7.7427,Northern Africa
50725,Northern Africa,Moroccan,African,28.6409,472.7375,12.6423,36.9541,Northern Africa
50726,Northern Africa,Moroccan,African,177.0913,7037.4378,136.8163,654.1820,Northern Africa
50727,Northern Africa,Moroccan,African,17.5705,575.3636,7.1700,57.0003,Northern Africa
50728,Northern Africa,Moroccan,African,161.7492,4811.1920,278.4148,336.1738,Northern Africa
50729,Northern Africa,Moroccan,African,345.9973,6012.9707,339.9301,365.3136,Northern Africa
50730,Northern Africa,Moroccan,African,267.0928,2065.7345,83.6620,78.9705,Northern Africa
50731,Northern Africa,Moroccan,African,14.3112,1427.0380,204.3537,56.6198,Northern Africa
50732,Northern Africa,Moroccan,African,287.1139,1461.0238,80.9740,9.2030,Northern Africa
50733,Northern Africa,Moroccan,African,5.2378,431.4330,49.5977,24.2347,Northern Africa
50734,Northern Africa,Moroccan,African,34.3129,401.9429,5.3043,29.6495,Northern Africa
50735,Northern Africa,Moroccan,African,11364.8407,51658.4454,2668.6800,460.9224,Northern Africa
50736,Northern Africa,Moroccan,African,4.5026,2355.7994,284.1063,126.0600,Northern Africa
50737,Northern Africa,Moroccan,African,39.4274,641.9821,6.7290,55.0740,Northern Africa
50738,Northern Africa,Moroccan,African,1.4284,4691.4342,568.0134,252.2600,Northern Africa
50739,Northern Africa,Moroccan,African,65.1769,1260.6257,104.5813,64.8749,Northern Africa
50740,Northern Africa,Moroccan,African,5.3530,470.1050,100.1062,3.1773,Northern Africa
50741,Northern Africa,Moroccan,African,55.2226,6353.0590,313.0360,538.3675,Northern Africa
50742,Northern Africa,Moroccan,African,87.8556,709.4617,15.6105,34.6098,Northern Africa
50743,Northern Africa,Moroccan,African,161.8927,855.2717,14.2058,15.1292,Northern Africa
50744,Northern Africa,Moroccan,African,404.6216,2266.6194,75.4024,43.1051,Northern Africa
50745,Northern Africa,Moroccan,African,33.2449,678.0011,110.3507,13.9176,Northern Africa
50746,Northern Africa,Moroccan,African,27.5123,1382.9753,83.6885,102.6196,Northern Africa
50747,Northern Africa,Moroccan,African,367.8434,4325.9770,216.6204,223.1216,Northern Africa
50748,Northern Africa,Moroccan,African,4.1422,3291.7242,379.4999,185.3982,Northern Africa
50749,Northern Africa,Moroccan,African,112.5644,1017.7442,124.6001,10.8847,Northern Africa
50750,Northern Africa,Moroccan,African,76.6496,4763.4498,480.4251,281.5131,Northern Africa
50751,Northern Africa,Moroccan,African,160.3713,748.7200,18.2613,1.8160,Northern Africa
50752,Northern Africa,Moroccan,African,495.8027,2927.8715,114.4778,60.4201,Northern Africa
50753,Northern Africa,Moroccan,African,3.2471,14.9215,0.5803,0.2778,Northern Africa
50754,Northern Africa,Moroccan,African,46.9736,2545.2883,289.3871,127.4713,Northern Africa
50755,Northern Africa,Moroccan,African,46.3087,295.0109,19.6009,5.1993,Northern Africa
50756,Northern Africa,Moroccan,African,13.7036,4328.4679,151.3394,407.8985,Northern Africa
50757,Northern Africa,Moroccan,African,330.8961,1786.8521,84.2133,24.2725,Northern Africa
50758,Northern Africa,Moroccan,African,26.2793,115.6465,4.6366,0.8475,Northern Africa
50759,Northern Africa,Moroccan,African,82.7530,5072.0154,307.3849,386.2446,Northern Africa
50760,Northern Africa,Moroccan,African,496.8931,2651.1875,102.8547,38.4230,Northern Africa
50761,Northern Africa,Moroccan,African,11.3687,1040.7102,111.4718,59.2577,Northern Africa
50762,Northern Africa,Moroccan,African,190.3614,8846.1168,192.5145,820.8093,Northern Africa
50763,Northern Africa,Moroccan,African,42.4854,1124.5548,123.9879,51.3872,Northern Africa
50764,Northern Africa,Moroccan,African,191.4730,3795.4400,104.2866,290.8819,Northern Africa
50765,Northern Africa,Moroccan,African,75638.2981,453976.4165,24571.5852,7247.9764,Northern Africa
50766,Northern Africa,Moroccan,African,13024.5759,169530.5884,22851.5006,2861.6320,Northern Africa
50767,Northern Africa,Moroccan,African,191.3134,2536.8699,147.5004,135.4199,Northern Africa
50768,Northern Africa,Moroccan,African,38.1488,1395.5795,77.2089,108.3926,Northern Africa
50769,Northern Africa,Moroccan,African,304.6327,1759.3820,36.0448,48.1780,Northern Africa
50770,Northern Africa,Moroccan,African,335.2395,1910.3608,90.1331,24.5838,Northern Africa
50771,Northern Africa,Moroccan,African,706.0895,5140.7104,316.9176,129.2783,Northern Africa
50772,Northern Africa,Moroccan,African,146.6626,1443.9108,15.8675,95.1865,Northern Africa
50773,Northern Africa,Moroccan,African,78.6770,2420.5777,274.6144,109.4380,Northern Africa
50774,Northern Africa,Moroccan,African,134.5356,9005.8629,514.9535,708.4719,Northern Africa
50775,Northern Africa,Moroccan,African,11.1397,229.6000,8.2656,18.5812,Northern Africa
50776,Northern Africa,Moroccan,African,552.6588,3451.7501,166.9773,76.0428,Northern Africa
50777,Northern Africa,Moroccan,African,416.1288,2436.7088,110.7515,47.2018,Northern Africa
50778,Northern Africa,Moroccan,African,30.4313,650.9403,94.6487,16.6974,Northern Africa
50779,Northern Africa,Moroccan,African,4.8364,3208.6630,244.4749,239.3524,Northern Africa
50780,Northern Africa,Moroccan,African,198.4199,4091.6950,272.0505,242.9867,Northern Africa
50781,Northern Africa,Moroccan,African,5.0042,261.6300,1.0098,27.3910,Northern Africa
50782,Northern Africa,Moroccan,African,96.5605,2120.7826,45.9084,173.7301,Northern Africa
50783,Northern Africa,Moroccan,African,67155.5199,328638.8660,11085.7662,838.9338,Northern Africa
50784,Northern Africa,Moroccan,African,7.6319,158.6748,1.7619,14.9987,Northern Africa
50785,Northern Africa,Moroccan,African,193.2188,2267.1200,117.8368,110.5924,Northern Africa
50786,Northern Africa,Moroccan,African,8.4976,1685.7005,174.2287,101.6519,Northern Africa
50787,Northern Africa,Moroccan,African,76.3880,1369.1409,187.2929,32.7109,Northern Africa
50788,Northern Africa,Moroccan,African,136.0410,583.4244,25.5170,3.5646,Northern Africa
50789,Northern Africa,Moroccan,African,22.9731,109.1640,2.6710,2.6883,Northern Africa
50790,Northern Africa,Moroccan,African,139.0745,598.0094,25.9977,4.1055,Northern Africa
50791,Northern Africa,Moroccan,African,47.9476,701.6668,27.0780,46.9128,Northern Africa
50792,Northern Africa,Moroccan,African,5.7470,378.2460,0.6466,40.7384,Northern Africa
50793,Northern Africa,Moroccan,African,12817.4476,133611.5600,2295.2442,9383.9483,Northern Africa
50794,Northern Africa,Moroccan,African,88.8661,1599.5372,112.5900,90.1881,Northern Africa
50795,Northern Africa,Moroccan,African,36.4126,166.0475,5.9735,0.8735,Northern Africa
50796,Northern Africa,Moroccan,African,49.7981,839.5632,83.8992,34.1338,Northern Africa
50797,Northern Africa,Moroccan,African,1.1348,2429.4027,153.4426,196.2643,Northern Africa
50798,Northern Africa,Moroccan,African,224.8860,3706.0666,200.7608,229.0865,Northern Africa
50799,Northern Africa,Moroccan,African,52.3418,471.7897,8.7379,28.7975,Northern Africa
50800,Northern Africa,Moroccan,African,13568.1714,59684.6160,2011.2100,254.3474,Northern Africa
50801,Northern Africa,Moroccan,African,4.5718,497.7317,0.8478,54.3738,Northern Africa
50802,Northern Africa,Moroccan,African,424.0221,3827.5106,220.5329,145.1072,Northern Africa
50803,Northern Africa,Moroccan,African,2.9840,207.1998,7.0957,19.0974,Northern Africa
50804,Northern Africa,Moroccan,African,6.6028,986.7660,1.2634,108.6781,Northern Africa
50805,Northern Africa,Moroccan,African,176.0794,2976.2231,169.4035,196.5514,Northern Africa
50806,Northern Africa,Moroccan,African,19.4542,82.2350,2.6437,3.4040,Northern Africa
50807,Northern Africa,Moroccan,African,3725.4388,17012.5798,469.2594,162.6425,Northern Africa
50808,Northern Africa,Moroccan,African,2.1027,93.5206,0.6266,9.7970,Northern Africa
50809,Northern Africa,Moroccan,African,190.0123,914.6655,27.9150,14.2986,Northern Africa
50810,Northern Africa,Moroccan,African,39.5982,1259.2530,145.0387,56.0257,Northern Africa
50811,Northern Africa,Moroccan,African,5.1462,107.3310,1.2716,9.8092,Northern Africa
50812,Northern Africa,Moroccan,African,457.8938,2699.9571,154.6114,30.5684,Northern Africa
50813,Northern Africa,Moroccan,African,4.7155,106.4200,1.1752,10.0354,Northern Africa
50814,Northern Africa,Moroccan,African,157.2802,7231.9476,464.2961,531.2163,Northern Africa
50815,Northern Africa,Moroccan,African,13.1596,1576.4754,98.7072,123.8924,Northern Africa
50816,Northern Africa,Moroccan,African,57.3305,2018.6270,95.3469,157.0867,Northern Africa
50817,Northern Africa,Moroccan,African,1050.8312,47486.2248,1017.3137,4728.8112,Northern Africa
50818,Northern Africa,Moroccan,African,7.0936,1300.6430,79.5052,106.9496,Northern Africa
50819,Northern Africa,Moroccan,African,47.1697,16120.9720,363.9115,1608.3706,Northern Africa
50820,Northern Africa,Moroccan,African,29.0117,545.7665,4.8721,48.5318,Northern Africa
50821,Northern Africa,Moroccan,African,380.5530,3809.3337,52.5746,235.9946,Northern Africa
50822,Northern Africa,Moroccan,African,417.3761,3158.0954,199.1612,80.1305,Northern Africa
50823,Northern Africa,Moroccan,African,67.9254,2648.7163,142.7311,199.7614,Northern Africa
50824,Northern Africa,Moroccan,African,4.9233,146.8035,1.2653,14.3258,Northern Africa
50825,Northern Africa,Moroccan,African,43.3209,784.9835,5.9772,68.9114,Northern Africa
50826,Northern Africa,Moroccan,African,9.4608,270.2852,0.7783,27.1691,Northern Africa
50827,Northern Africa,Moroccan,African,989.5733,912233.9300,57476.9767,73467.0448,Northern Africa
50828,Northern Africa,Moroccan,African,72.5233,1003.7870,34.7176,65.7469,Northern Africa
50829,Northern Africa,Moroccan,African,65.8146,6660.0842,465.3037,495.4273,Northern Africa
50830,Northern Africa,Moroccan,African,8.2764,417.8590,23.3149,33.0916,Northern Africa
50831,Northern Africa,Moroccan,African,39.4325,451.4725,17.0598,25.8211,Northern Africa
50832,Northern Africa,Moroccan,African,187.1222,1080.6695,80.4389,5.5953,Northern Africa
50833,Northern Africa,Moroccan,African,112.7687,5316.9550,112.0175,499.7984,Northern Africa
50834,Northern Africa,Moroccan,African,53.0453,2138.2406,2.6066,219.4014,Northern Africa
50835,Northern Africa,Moroccan,African,325.9653,1851.4980,84.6556,34.1171,Northern Africa
50836,Northern Africa,Moroccan,African,44.7782,1755.4094,72.9342,143.3818,Northern Africa
50837,Northern Africa,Moroccan,African,3.5993,140.3935,0.7536,14.3979,Northern Africa
50838,Northern Africa,Moroccan,African,34.4746,159.5010,6.4518,2.4583,Northern Africa
50839,Northern Africa,Moroccan,African,363.9594,3422.5760,410.5663,26.5254,Northern Africa
50840,Northern Africa,Moroccan,African,482.3392,3766.0762,313.1264,69.1558,Northern Africa
50841,Northern Africa,Moroccan,African,415.2710,2361.9904,140.7579,16.7726,Northern Africa
50842,Northern Africa,Moroccan,African,12.4313,466.2957,6.0989,44.9452,Northern Africa
50843,Northern Africa,Moroccan,African,8.7553,546.5483,5.6401,56.6589,Northern Africa
50844,Northern Africa,Moroccan,African,259.1157,1695.0934,77.2577,47.7833,Northern Africa
50845,Northern Africa,Moroccan,African,69.9660,377.6076,21.1606,7.1578,Northern Africa
50846,Northern Africa,Moroccan,African,36.4047,1520.9764,216.9219,51.0507,Northern Africa
50847,Northern Africa,Moroccan,African,12.0848,56.1290,1.1480,0.5377,Northern Africa
50848,Northern Africa,Moroccan,African,275.7451,3455.0129,287.1643,135.7774,Northern Africa
50849,Northern Africa,Moroccan,African,264.9754,2061.5190,110.0795,71.1535,Northern Africa
50850,Northern Africa,Moroccan,African,13.4306,607.2983,34.0630,47.5001,Northern Africa
50851,Northern Africa,Moroccan,African,72.9205,2908.0388,214.2379,194.4597,Northern Africa
50852,Northern Africa,Moroccan,African,92.9862,617.5670,22.8871,19.4061,Northern Africa
50853,Northern Africa,Moroccan,African,18.8433,952.1956,142.1494,35.4376,Northern Africa
50854,Northern Africa,Moroccan,African,342.9806,1743.3590,57.2828,11.8345,Northern Africa
50855,Northern Africa,Moroccan,African,0.0000,1440.9200,0.0000,163.0000,Northern Africa
50856,Northern Africa,Moroccan,African,353.1901,1880.2386,93.2606,23.7894,Northern Africa
50857,Northern Africa,Moroccan,African,260.6226,1891.5732,61.7889,69.4327,Northern Africa
50858,Northern Africa,Moroccan,African,377.3782,2371.9334,120.5320,52.4202,Northern Africa
50859,Northern Africa,Moroccan,African,294.8510,1708.1351,79.1398,34.7371,Northern Africa
50860,Northern Africa,Moroccan,African,108.1343,629.6540,11.8811,20.6083,Northern Africa
50861,Northern Africa,Moroccan,African,21.0643,804.6474,95.6544,37.4016,Northern Africa
50862,Northern Africa,Moroccan,African,3.0953,539.6066,90.4546,16.3356,Northern Africa
50863,Northern Africa,Moroccan,African,32.3472,720.5691,5.3324,65.7835,Northern Africa
50864,Northern Africa,Moroccan,African,272.0263,1673.0583,74.6065,38.1049,Northern Africa
50865,Northern Africa,Moroccan,African,125.1618,1596.7109,261.4332,10.3337,Northern Africa
50866,Northern Africa,Moroccan,African,19.5442,720.5300,1.1851,73.2115,Northern Africa
50867,Northern Africa,Moroccan,African,22.9460,1802.8136,193.9709,100.8055,Northern Africa
50868,Northern Africa,Moroccan,African,129.0155,990.3837,13.0313,57.1193,Northern Africa
50869,Northern Africa,Moroccan,African,18.8770,718708.3390,45126.7751,58392.8651,Northern Africa
50870,Northern Africa,Moroccan,African,63.4089,1535.9299,56.2285,121.5314,Northern Africa
50871,Northern Africa,Moroccan,African,10.9496,2268.1190,85.2410,208.0469,Northern Africa
50872,Northern Africa,Moroccan,African,838.5209,4184.8769,132.8747,33.7560,Northern Africa
50873,Northern Africa,Moroccan,African,30.8170,224.8750,23.6940,1.2877,Northern Africa
50874,Northern Africa,Moroccan,African,4.1341,502.3110,1.3630,55.1507,Northern Africa
50875,Northern Africa,Moroccan,African,24.7818,879.4890,94.3398,44.6968,Northern Africa
50876,Northern Africa,Moroccan,African,21.6939,2326.1326,160.5225,174.4908,Northern Africa
50877,Northern Africa,Moroccan,African,191.0637,902.7021,30.5232,3.1556,Northern Africa
50878,Northern Africa,Moroccan,African,48.8149,1367.7290,130.1562,75.4357,Northern Africa
50879,Northern Africa,Moroccan,African,17.8718,1988.3190,118.6886,157.6257,Northern Africa
50880,Northern Africa,Moroccan,African,4.4788,917.3011,88.6949,57.8007,Northern Africa
50881,Northern Africa,Moroccan,African,56.3779,5493.4147,341.9161,428.6246,Northern Africa
50882,Northern Africa,Moroccan,African,5.5957,1364.8554,85.6804,109.8211,Northern Africa
50883,Northern Africa,Moroccan,African,283.2880,1671.7426,49.3413,37.3375,Northern Africa
50884,Northern Africa,Moroccan,African,429.5906,2586.4552,132.1762,48.4573,Northern Africa
50885,Northern Africa,Moroccan,African,23.1564,3978.0388,300.1739,291.0138,Northern Africa
50886,Northern Africa,Moroccan,African,11.6016,423.9510,2.9318,43.2966,Northern Africa
50887,Northern Africa,Moroccan,African,71.8626,487.0457,16.6396,17.8758,Northern Africa
50888,Northern Africa,Moroccan,African,34.8182,2160.0720,103.7300,179.6869,Northern Africa
50889,Northern Africa,Moroccan,African,123.3357,993.5958,51.1193,33.3462,Northern Africa
50890,Northern Africa,Moroccan,African,880.4030,5247.1248,171.1897,121.3250,Northern Africa
50891,Northern Africa,Moroccan,African,17.9035,2071.3974,184.9983,135.1704,Northern Africa
50892,Northern Africa,Moroccan,African,4.9495,1241.3666,119.4052,80.3634,Northern Africa
50893,Northern Africa,Moroccan,African,29.3056,773.1542,4.3618,74.2222,Northern Africa
50894,Northern Africa,Moroccan,African,4.7077,1236.6075,77.7308,98.8011,Northern Africa
50895,Northern Africa,Moroccan,African,33.1881,1347.4543,81.6319,97.9707,Northern Africa
50896,Northern Africa,Moroccan,African,312.5548,1901.6458,91.8831,39.3883,Northern Africa
50897,Northern Africa,Moroccan,African,43.1386,255.6143,5.4377,10.0425,Northern Africa
50898,Northern Africa,Moroccan,African,116.0415,3683.4823,67.9468,340.4179,Northern Africa
50899,Northern Africa,Moroccan,African,11.9519,1663.7756,360.4174,9.5736,Northern Africa
50900,Northern Africa,Moroccan,African,19.4456,1137.5755,183.9058,32.9647,Northern Africa
50901,Northern Africa,Moroccan,African,117.4875,997.4083,27.0954,52.0239,Northern Africa
50902,Northern Africa,Moroccan,African,63161.2281,611849.2620,514.6403,40498.6694,Northern Africa
50903,Northern Africa,Moroccan,African,509.1660,2972.1600,14.7860,104.8950,Northern Africa
50904,Northern Africa,Moroccan,African,21.4981,2070.6100,45.7298,200.5669,Northern Africa
50905,Northern Africa,Moroccan,African,741.4653,7318.4194,112.7979,438.1089,Northern Africa
50906,Northern Africa,Moroccan,African,669.7695,4918.9440,110.3740,194.7360,Northern Africa
50907,Northern Africa,Moroccan,African,41.1215,684.6500,4.9174,30.2558,Northern Africa
50908,Northern Africa,Moroccan,African,23.5577,1693.7667,5.9459,178.9299,Northern Africa
50909,Northern Africa,Moroccan,African,39.8988,754.7162,2.3310,67.8375,Northern Africa
50910,Northern Africa,Moroccan,African,30.1937,685.7014,77.6695,29.9226,Northern Africa
50911,Northern Africa,Moroccan,African,319.0247,1692.6747,73.8432,22.5162,Northern Africa
50912,Northern Africa,Moroccan,African,3.1467,14.4728,1.0360,0.3860,Northern Africa
50913,Northern Africa,Moroccan,African,129.1086,7031.9025,16.2693,737.0764,Northern Africa
50914,Northern Africa,Moroccan,African,93.2575,1416.7140,40.1375,98.5105,Northern Africa
50915,Northern Africa,Moroccan,African,76.1531,310.3357,3.0391,1.3608,Northern Africa
50916,Northern Africa,Moroccan,African,63.0430,994.1143,6.4957,81.6136,Northern Africa
50917,Northern Africa,Moroccan,African,353.4964,1997.2012,53.0463,50.0647,Northern Africa
50918,Northern Africa,Moroccan,African,256.4351,4483.7112,53.8400,364.5356,Northern Africa
50919,Northern Africa,Moroccan,African,195.6304,6264.6680,38.5217,602.9468,Northern Africa
50920,Northern Africa,Moroccan,African,63.8405,1683.1935,95.6347,118.6760,Northern Africa
50921,Northern Africa,Moroccan,African,465.7197,5845.1900,132.8003,394.8563,Northern Africa
50922,Northern Africa,Moroccan,African,3453.3783,16321.9900,466.4876,201.2239,Northern Africa
50923,Northern Africa,Moroccan,African,4598.2666,36882.7457,352.9242,1952.1596,Northern Africa
50924,Northern Africa,Moroccan,African,76.0468,692.8688,18.6538,43.5560,Northern Africa
50925,Northern Africa,Moroccan,African,42.3778,3421.1422,29.6999,356.4144,Northern Africa
50926,Northern Africa,Moroccan,African,114.0584,1237.9963,52.4379,67.5621,Northern Africa
50927,Northern Africa,Moroccan,African,26.2674,581.0269,0.6161,54.6262,Northern Africa
50928,Northern Africa,Moroccan,African,4.7084,554.1000,37.6800,42.1300,Northern Africa
50929,Northern Africa,Moroccan,African,886.8947,4303.2330,29.0837,113.6863,Northern Africa
50930,Northern Africa,Moroccan,African,147.7283,965.1930,28.2901,28.2930,Northern Africa
50931,Northern Africa,Moroccan,African,17.9342,2464.9963,29.4914,257.2096,Northern Africa
50932,Northern Africa,Moroccan,African,416.8648,64595.3900,61.5460,7095.6872,Northern Africa
50933,Northern Africa,Moroccan,African,93.2834,925.7980,8.1192,61.8726,Northern Africa
50934,Northern Africa,Moroccan,African,206.2731,1291.9216,58.1870,30.6131,Northern Africa
50935,Northern Africa,Moroccan,African,486.2531,3237.8600,35.6053,129.8808,Northern Africa
50936,Northern Africa,Moroccan,African,83.3900,2932.0360,46.0832,280.3665,Northern Africa
50937,Northern Africa,Moroccan,African,31.7880,2682.6200,27.6520,280.3550,Northern Africa
50938,Northern Africa,Moroccan,African,75.7150,299.3020,3.0419,1.4960,Northern Africa
50939,Northern Africa,Moroccan,African,103.6170,3348.1740,18.8955,326.6747,Northern Africa
50940,Northern Africa,Moroccan,African,0.3600,550.6280,6.2800,58.9550,Northern Africa
50941,Northern Africa,Moroccan,African,589.2960,3134.4470,66.5594,50.6752,Northern Africa
50942,Northern Africa,Moroccan,African,62775.2859,366592.3229,19011.7290,5615.3916,Northern Africa
50943,Northern Africa,Moroccan,African,133.9539,145184.4800,22.0748,16351.1072,Northern Africa
50944,Northern Africa,Moroccan,African,96.3509,1115.2350,8.8611,78.2592,Northern Africa
50945,Northern Africa,Moroccan,African,344.4947,3503.8010,37.0504,231.2865,Northern Africa
50946,Northern Africa,Moroccan,African,1523.9844,29094.3200,60.3328,2637.9326,Northern Africa
50947,Northern Africa,Moroccan,African,,,,,Northern Africa
50948,Northern Africa,Moroccan,African,71.5853,3375.9904,30.5006,339.0172,Northern Africa
50949,Northern Africa,Moroccan,African,73.0432,315.0400,5.5552,1.5296,Northern Africa
50950,Northern Africa,Moroccan,African,19.3440,83.7000,1.3020,0.3720,Northern Africa
50951,Northern Africa,Moroccan,African,108.8626,3235.5246,33.1207,304.9790,Northern Africa
50952,Northern Africa,Moroccan,African,15.7620,858.0000,8.0520,89.6880,Northern Africa
50953,Northern Africa,Moroccan,African,404.4269,1615.8025,0.1458,0.0397,Northern Africa
50954,Northern Africa,Moroccan,African,61.4429,1931.6790,66.6924,168.1422,Northern Africa
50955,Northern Africa,Moroccan,African,172.7328,2358.5112,210.5413,88.5509,Northern Africa
50956,Northern Africa,Moroccan,African,212.6831,2900.2600,39.5715,219.1343,Northern Africa
50957,Northern Africa,Moroccan,African,162.3261,1408.0703,123.9270,31.9743,Northern Africa
50958,Northern Africa,Moroccan,African,6.4480,27.9000,0.4340,0.1240,Northern Africa
50959,Northern Africa,Moroccan,African,1.5784,5.0325,0.0801,0.0549,Northern Africa
50960,Northern Africa,Moroccan,African,199.8645,1487.6779,70.6330,56.4498,Northern Africa
50961,Northern Africa,Moroccan,African,350.7647,2874.7589,37.1455,155.3010,Northern Africa
50962,Northern Africa,Moroccan,African,942.1045,7424.6099,177.7963,371.1596,Northern Africa
50963,Northern Africa,Moroccan,African,171.3524,692.2860,12.7400,3.5000,Northern Africa
50964,Northern Africa,Moroccan,African,127.2692,4137.3400,79.6986,384.9190,Northern Africa
50965,Northern Africa,Moroccan,African,578.5689,3680.3980,44.9725,132.7817,Northern Africa
50966,Northern Africa,Moroccan,African,32.7375,105894.3333,1985.7625,11009.5833,Northern Africa
50967,Northern Africa,Moroccan,African,308.2197,1801.2876,92.9475,28.7360,Northern Africa
50968,Northern Africa,Moroccan,African,146.6472,3805.0250,143.4293,298.3869,Northern Africa
50969,Northern Africa,Moroccan,African,241.0200,3784.3000,43.8760,300.3620,Northern Africa
50970,Northern Africa,Moroccan,African,407.3610,1844.9640,28.2030,6.7308,Northern Africa
50971,Northern Africa,Moroccan,African,250.9782,2220.2835,197.6778,42.6528,Northern Africa
50972,Northern Africa,Moroccan,African,124.3305,1774.1350,23.1689,132.9577,Northern Africa
50973,Northern Africa,Moroccan,African,189.3206,3488.8667,84.8896,275.0756,Northern Africa
50974,Northern Africa,Moroccan,African,447.4267,2761.6400,14.7906,110.1835,Northern Africa
50975,Northern Africa,Moroccan,African,116.7513,1161.5390,40.0822,64.7874,Northern Africa
50976,Northern Africa,Moroccan,African,,,,,Northern Africa
50977,Northern Africa,Moroccan,African,329.2953,2759.8985,38.3112,148.9203,Northern Africa
50978,Northern Africa,Moroccan,African,575.5689,3668.7580,44.7925,132.7577,Northern Africa
50979,Northern Africa,Moroccan,African,147.6291,2194.8100,67.0113,157.4392,Northern Africa
50980,Northern Africa,Moroccan,African,22840.6362,191478.4050,8422.8761,7542.3674,Northern Africa
50981,Northern Africa,Moroccan,African,200.5471,2057.9950,65.8633,116.4796,Northern Africa
50982,Northern Africa,Moroccan,African,311.2379,2236.2360,86.9584,80.0783,Northern Africa
50983,Northern Africa,Moroccan,African,200.3200,1743.4000,6.5670,106.7220,Northern Africa
50984,Northern Africa,Moroccan,African,96.5931,1049.9022,10.1436,75.0961,Northern Africa
50985,Northern Africa,Moroccan,African,18.1437,68.5250,0.3955,0.2215,Northern Africa
50986,Northern Africa,Moroccan,African,65.7354,1460.9400,18.0590,130.0816,Northern Africa
50987,Northern Africa,Moroccan,African,15.4058,4029.6053,403.0267,252.4075,Northern Africa
50988,Northern Africa,Moroccan,African,319.9442,3978.6195,56.1373,284.3200,Northern Africa
50989,Northern Africa,Moroccan,African,38.7853,862.3760,16.1227,72.2631,Northern Africa
50990,Northern Africa,Moroccan,African,9.9770,38.9000,0.0000,0.0000,Northern Africa
50991,Northern Africa,Moroccan,African,18.8358,433.0991,23.5450,29.9055,Northern Africa
50992,Northern Africa,Moroccan,African,132.6538,3086.3319,27.6600,280.4049,Northern Africa
50993,Northern Africa,Moroccan,African,16.3821,714755.5540,42149.1966,59340.8918,Northern Africa
50994,Northern Africa,Moroccan,African,86.0793,2054.4875,103.6865,147.2531,Northern Africa
50995,Northern Africa,Moroccan,African,424.0221,3827.5106,220.5329,145.1072,Northern Africa
50996,Northern Africa,Libyan,African,20.0373,559.5360,2.3615,55.0165,Northern Africa
50997,Northern Africa,Libyan,African,45.7566,1189.7415,109.9231,61.3179,Northern Africa
50998,Northern Africa,Libyan,African,25.4442,119.4900,4.3230,2.0172,Northern Africa
50999,Northern Africa,Libyan,African,3.4709,21.0988,1.1777,0.8104,Northern Africa
51000,Northern Africa,Libyan,African,99.5431,3200.3563,555.8386,56.2420,Northern Africa
51001,Northern Africa,Libyan,African,203.3346,3138.3991,99.1348,212.8921,Northern Africa
51002,Northern Africa,Libyan,African,19.9437,4428.2226,265.7535,360.5482,Northern Africa
51003,Northern Africa,Libyan,African,69.2211,1591.5052,192.1915,60.6792,Northern Africa
51004,Northern Africa,Libyan,African,518.9493,3119.9043,132.0605,59.2594,Northern Africa
51005,Northern Africa,Libyan,African,67.8040,1754.0816,90.1234,127.2745,Northern Africa
51006,Northern Africa,Libyan,African,17.4472,679.9568,40.6736,49.2045,Northern Africa
51007,Northern Africa,Libyan,African,42.2502,330.5093,20.9242,11.2553,Northern Africa
51008,Northern Africa,Libyan,African,1381.1027,96598.5432,4802.2147,8026.7737,Northern Africa
51009,Northern Africa,Libyan,African,233.7960,2236.9022,126.7552,93.0465,Northern Africa
51010,Northern Africa,Libyan,African,34.8552,2766.4852,360.8834,122.8438,Northern Africa
51011,Northern Africa,Libyan,African,2.2614,14.4882,0.6256,0.8289,Northern Africa
51012,Northern Africa,Libyan,African,215.4273,1098.9688,40.9285,45.7019,Northern Africa
51013,Northern Africa,Libyan,African,27.4902,201872.7748,44885.5943,1136.1711,Northern Africa
51014,Northern Africa,Libyan,African,10.8397,2023.7056,361.4029,50.8046,Northern Africa
51015,Northern Africa,Libyan,African,82.4737,755.8638,14.0507,42.5480,Northern Africa
51016,Northern Africa,Libyan,African,215.9421,2257.2449,70.0401,128.6328,Northern Africa
51017,Northern Africa,Libyan,African,6.7548,34.1640,0.9222,0.8806,Northern Africa
51018,Northern Africa,Libyan,African,95.4706,867.6000,57.1413,29.5803,Northern Africa
51019,Northern Africa,Libyan,African,4.9846,36.8180,1.8224,2.0432,Northern Africa
51020,Northern Africa,Libyan,African,5.6213,121.1384,6.5207,8.9762,Northern Africa
51021,Northern Africa,Libyan,African,60324.5210,265738.2000,5880.1350,999.8590,Northern Africa
51022,Northern Africa,Libyan,African,62.0381,526.6985,8.2858,31.1011,Northern Africa
51023,Northern Africa,Libyan,African,270.2314,2001.6760,101.4492,64.2656,Northern Africa
51024,Northern Africa,Libyan,African,83.5814,741.6799,20.4393,43.2363,Northern Africa
51025,Northern Africa,Libyan,African,9.7128,60.6530,2.5023,3.3152,Northern Africa
51026,Northern Africa,Libyan,African,200.3441,1475.8320,44.3093,63.4898,Northern Africa
51027,Northern Africa,Libyan,African,425.9314,3609.6270,21.7496,205.6875,Northern Africa
51028,Northern Africa,Libyan,African,718.9339,3558.2190,65.3783,53.9498,Northern Africa
51029,Northern Africa,Libyan,African,26.8768,348.1371,8.4010,26.0455,Northern Africa
51030,Northern Africa,Libyan,African,107.8869,961.6560,31.3622,41.4678,Northern Africa
51031,Northern Africa,Libyan,African,908.6618,5943.4178,81.2364,219.4301,Northern Africa
51032,Northern Africa,Libyan,African,128980.7923,568247.4567,6601.1037,1801.7551,Northern Africa
