Recipe_id,Region,Sub_region,Continent,"Carbohydrate, by difference (g)",Energy (kcal),Protein (g),Total lipid (fat) (g),cuisine
8604,Scandinavian,Danish,European,400.1104,1633.6800,0.0000,0.0000,Scandinavian
8605,Scandinavian,Danish,European,11.6969,462.3930,6.0272,44.8114,Scandinavian
8606,Scandinavian,Danish,European,132.2402,877.8450,33.2420,28.1416,Scandinavian
8607,Scandinavian,Danish,European,278.5828,1374.2620,59.2531,15.8832,Scandinavian
8608,Scandinavian,Danish,European,45.7525,1183.6865,29.6488,105.6609,Scandinavian
8609,Scandinavian,Danish,European,30.1273,1793.3780,93.4883,143.6562,Scandinavian
8610,Scandinavian,Danish,European,205.1765,2214.9510,112.5913,112.3331,Scandinavian
8611,Scandinavian,Danish,European,1.4352,104.1342,0.8698,10.8362,Scandinavian
8612,Scandinavian,Danish,European,49.7459,4728.5810,61.8621,477.4229,Scandinavian
8613,Scandinavian,Danish,European,1140.7680,8517.4720,128.7550,404.4128,Scandinavian
8614,Scandinavian,Danish,European,305.3174,3718.0645,9.8048,281.2516,Scandinavian
8615,Scandinavian,Danish,European,33.2250,907.6500,40.6845,72.3555,Scandinavian
8616,Scandinavian,Danish,European,138.5831,1237.7000,37.7184,64.3558,Scandinavian
8617,Scandinavian,Danish,European,161.2850,1891.3387,54.9703,123.9418,Scandinavian
8618,Scandinavian,Danish,European,71.8224,475.6792,16.4449,15.0632,Scandinavian
8619,Scandinavian,Danish,European,93.2708,443.3540,21.7976,2.8956,Scandinavian
8620,Scandinavian,Danish,European,38.1071,2132.8783,171.5621,140.7012,Scandinavian
8621,Scandinavian,Danish,European,66.2956,1075.5480,43.7581,76.5749,Scandinavian
8622,Scandinavian,Danish,European,56.4410,608.7060,33.5755,27.9610,Scandinavian
8623,Scandinavian,Danish,European,254.2908,1371.0600,37.6420,18.7522,Scandinavian
8624,Scandinavian,Danish,European,266.5414,2323.2000,55.5192,124.8440,Scandinavian
8625,Scandinavian,Danish,European,265.7916,2298.4335,55.6147,125.3116,Scandinavian
8626,Scandinavian,Danish,European,32.5623,2418.5980,23.2724,255.9358,Scandinavian
8627,Scandinavian,Danish,European,31.2133,1430.6631,100.7030,100.2982,Scandinavian
8628,Scandinavian,Danish,European,407.8639,2089.1280,63.3400,38.8324,Scandinavian
8629,Scandinavian,Danish,European,41.9849,319.4240,6.6157,14.5424,Scandinavian
8630,Scandinavian,Danish,European,75.3107,1137.8812,123.4765,36.3823,Scandinavian
8631,Scandinavian,Danish,European,529.1621,4643.1700,75.6126,274.1486,Scandinavian
8632,Scandinavian,Danish,European,294.2440,2826.0000,64.1160,172.8000,Scandinavian
9066,Scandinavian,Swedish,European,280.9929,4327.4153,33.8646,350.4661,Scandinavian
9067,Scandinavian,Swedish,European,24.2932,594.0715,11.2862,51.5719,Scandinavian
9068,Scandinavian,Swedish,European,248.2116,2632.6080,34.1973,176.1113,Scandinavian
9069,Scandinavian,Swedish,European,290.9027,1674.3835,57.4440,43.4149,Scandinavian
9070,Scandinavian,Swedish,European,232.1354,1901.8356,118.3275,59.9802,Scandinavian
9071,Scandinavian,Swedish,European,125.5005,1085.8047,31.5544,59.0208,Scandinavian
9072,Scandinavian,Swedish,European,436.7181,3840.4480,67.1912,231.1762,Scandinavian
9073,Scandinavian,Swedish,European,343.9222,2121.5210,3.2608,87.7182,Scandinavian
9074,Scandinavian,Swedish,European,68.1532,952.9360,38.1978,62.6848,Scandinavian
9075,Scandinavian,Swedish,European,216.2798,4724.5600,7.4580,436.1122,Scandinavian
9076,Scandinavian,Swedish,European,347.9561,3269.5836,7.1209,222.0403,Scandinavian
9077,Scandinavian,Swedish,European,65.9323,1728.7400,47.9962,152.1838,Scandinavian
9078,Scandinavian,Swedish,European,126.2433,3711.6560,85.4905,339.4025,Scandinavian
9079,Scandinavian,Swedish,European,12.7156,197.6625,6.2441,14.7578,Scandinavian
9080,Scandinavian,Swedish,European,132.0183,1125.7400,24.0682,62.1118,Scandinavian
9081,Scandinavian,Swedish,European,81.4180,877.5000,21.3720,57.6000,Scandinavian
9082,Scandinavian,Swedish,European,50.4728,1311.3557,196.0157,35.3706,Scandinavian
9083,Scandinavian,Swedish,European,323.0928,2313.4783,94.6182,81.2842,Scandinavian
9084,Scandinavian,Swedish,European,162.8360,1755.0000,42.7440,115.2000,Scandinavian
9085,Scandinavian,Swedish,European,46.5978,870.8250,12.8857,73.1595,Scandinavian
9086,Scandinavian,Swedish,European,73.5610,706.5000,16.0290,43.2000,Scandinavian
9087,Scandinavian,Swedish,European,405.2119,2759.4740,49.5330,120.3770,Scandinavian
9088,Scandinavian,Swedish,European,61.1910,1886.8337,151.1076,115.0777,Scandinavian
9089,Scandinavian,Swedish,European,98.7184,943.2190,21.3720,57.6000,Scandinavian
9090,Scandinavian,Swedish,European,231.8698,1492.3200,28.5660,57.7122,Scandinavian
9091,Scandinavian,Swedish,European,474.9600,5011.4000,45.4080,346.9920,Scandinavian
9092,Scandinavian,Swedish,European,32.1850,534.8120,31.1190,31.4385,Scandinavian
9093,Scandinavian,Swedish,European,383.6685,4419.9459,48.5146,311.7030,Scandinavian
9094,Scandinavian,Swedish,European,25.3168,1043.3823,29.9105,95.2426,Scandinavian
9095,Scandinavian,Swedish,European,41.1014,1058.3000,51.0868,77.2716,Scandinavian
9096,Scandinavian,Swedish,European,26.6384,651.1760,21.9920,54.7650,Scandinavian
9097,Scandinavian,Swedish,European,47.4540,1257.5490,39.3449,100.6073,Scandinavian
9098,Scandinavian,Swedish,European,319.8681,2527.0540,58.2631,126.4294,Scandinavian
9099,Scandinavian,Swedish,European,11.8929,2506.0510,93.2202,232.8161,Scandinavian
9100,Scandinavian,Swedish,European,517.6628,3330.5400,61.5460,119.6872,Scandinavian
9101,Scandinavian,Swedish,European,183.2730,3253.3133,27.6520,280.3550,Scandinavian
9102,Scandinavian,Swedish,European,93.1444,707.3200,24.9976,27.4588,Scandinavian
9103,Scandinavian,Swedish,European,115.0006,1272.4380,9.0213,87.8023,Scandinavian
9104,Scandinavian,Swedish,European,94.7313,1994.1638,74.1944,148.0763,Scandinavian
9105,Scandinavian,Swedish,European,204.2755,1600.4445,28.1532,102.6358,Scandinavian
9106,Scandinavian,Swedish,European,263.1760,2213.5000,49.0240,119.9550,Scandinavian
9107,Scandinavian,Swedish,European,50.4927,810.5320,40.4945,48.5801,Scandinavian
9108,Scandinavian,Swedish,European,72.9130,1116.6676,138.7492,25.3617,Scandinavian
9109,Scandinavian,Swedish,European,38.3211,170.4420,0.2257,0.0600,Scandinavian
9110,Scandinavian,Swedish,European,368.4194,6625.4635,262.2590,460.7270,Scandinavian
9111,Scandinavian,Swedish,European,68.0040,1579.4753,11.4920,144.3345,Scandinavian
9112,Scandinavian,Swedish,European,174.8942,2519.2153,87.4910,173.3585,Scandinavian
9113,Scandinavian,Swedish,European,481.3690,3561.4027,35.2863,176.5648,Scandinavian
9114,Scandinavian,Swedish,European,310.4912,2743.3600,34.0170,159.7720,Scandinavian
9115,Scandinavian,Swedish,European,91.2030,1854.1960,50.0177,155.3385,Scandinavian
9116,Scandinavian,Swedish,European,225.9206,1306.0830,38.8228,50.5892,Scandinavian
9117,Scandinavian,Swedish,European,199.9600,1681.8021,201.9605,5.1000,Scandinavian
9118,Scandinavian,Swedish,European,616.4200,2403.9425,11.7217,1.9472,Scandinavian
9119,Scandinavian,Swedish,European,350.8744,3281.7385,7.3839,222.5855,Scandinavian
9120,Scandinavian,Swedish,European,200.6800,1398.7800,12.5600,64.0100,Scandinavian
9121,Scandinavian,Swedish,European,669.9433,4834.1390,15.5850,246.0134,Scandinavian
9122,Scandinavian,Swedish,European,6.6739,1196.6635,84.6836,90.2989,Scandinavian
9123,Scandinavian,Swedish,European,85.0963,1677.4360,49.9154,135.8103,Scandinavian
9124,Scandinavian,Swedish,European,265.6883,3700.2747,49.4965,283.9455,Scandinavian
9125,Scandinavian,Swedish,European,37.4207,308.6762,18.1142,10.4550,Scandinavian
9126,Scandinavian,Swedish,European,48.3418,3167.6904,194.7788,242.7862,Scandinavian
9127,Scandinavian,Swedish,European,157.8464,1742.2368,30.0288,112.9926,Scandinavian
9128,Scandinavian,Swedish,European,129.3360,1653.6000,48.2640,115.4720,Scandinavian
9129,Scandinavian,Swedish,European,158.4259,1453.0560,61.2623,64.5893,Scandinavian
9130,Scandinavian,Swedish,European,131.7680,1142.5000,27.6520,62.3550,Scandinavian
9131,Scandinavian,Swedish,European,302.1000,8334.9200,37.6800,791.5300,Scandinavian
9132,Scandinavian,Swedish,European,148.1960,2000.5210,59.7544,139.1034,Scandinavian
9133,Scandinavian,Swedish,European,413.2684,1772.4360,14.0287,12.8703,Scandinavian
9134,Scandinavian,Swedish,European,99.2497,955.3150,21.3745,57.6025,Scandinavian
9135,Scandinavian,Swedish,European,128.0677,807.4060,12.1426,29.7775,Scandinavian
9136,Scandinavian,Swedish,European,155.4745,603.5160,0.5015,1.0920,Scandinavian
9137,Scandinavian,Swedish,European,1157.2138,6134.1717,172.7958,102.6097,Scandinavian
9138,Scandinavian,Swedish,European,37.0039,560.9420,34.2120,30.2226,Scandinavian
9139,Scandinavian,Swedish,European,132.0183,1125.7400,24.0682,62.1118,Scandinavian
9140,Scandinavian,Swedish,European,41.4166,1193.0794,101.8427,65.4887,Scandinavian
9141,Scandinavian,Swedish,European,100.4618,1384.8800,7.1940,109.1122,Scandinavian
9142,Scandinavian,Swedish,European,355.0662,2196.8436,35.0511,81.9312,Scandinavian
9143,Scandinavian,Swedish,European,5.4195,351.0000,21.9375,26.8770,Scandinavian
9144,Scandinavian,Swedish,European,527.4911,2021.4285,74.1042,32.7637,Scandinavian
9145,Scandinavian,Swedish,European,131.7556,4461.0233,219.9715,343.5729,Scandinavian
9146,Scandinavian,Swedish,European,46.3958,809.7420,45.8350,49.3776,Scandinavian
9147,Scandinavian,Swedish,European,312.8543,1945.4600,38.1538,70.0633,Scandinavian
9148,Scandinavian,Swedish,European,133.4030,1170.0000,22.4610,68.0040,Scandinavian
9149,Scandinavian,Swedish,European,67.4123,1342.3250,21.5552,119.4755,Scandinavian
9150,Scandinavian,Swedish,European,136.2210,1700.5420,28.3186,123.5536,Scandinavian
9151,Scandinavian,Swedish,European,62.8560,5222.2400,42.7440,551.2000,Scandinavian
9152,Scandinavian,Swedish,European,78.0118,5478.6760,60.6074,564.6251,Scandinavian
9153,Scandinavian,Swedish,European,13.1236,421.7500,6.5445,40.0834,Scandinavian
9154,Scandinavian,Swedish,European,329.5956,1723.2508,62.3722,25.0046,Scandinavian
9155,Scandinavian,Swedish,European,895.5696,4491.2265,175.3203,66.1763,Scandinavian
9156,Scandinavian,Swedish,European,468.3044,2876.3858,50.7327,94.6913,Scandinavian
9157,Scandinavian,Swedish,European,215.8475,98334.2400,42.8566,11015.2720,Scandinavian
9158,Scandinavian,Swedish,European,107.8017,2584.7740,121.9826,188.6145,Scandinavian
9159,Scandinavian,Swedish,European,186.3155,1221.7700,42.3395,43.1099,Scandinavian
9160,Scandinavian,Swedish,European,147.3200,1727.3010,17.1101,123.5847,Scandinavian
9161,Scandinavian,Swedish,European,86.2155,3086.9790,146.3382,238.6789,Scandinavian
9162,Scandinavian,Swedish,European,197.3529,2266.0333,35.6550,159.1228,Scandinavian
9163,Scandinavian,Swedish,European,156.0047,1018.6460,33.3120,29.3763,Scandinavian
9164,Scandinavian,Swedish,European,82.0283,932.2400,24.0682,62.1118,Scandinavian
9165,Scandinavian,Swedish,European,387.5038,2634.0080,47.4906,114.3710,Scandinavian
9166,Scandinavian,Swedish,European,210.3510,2697.6150,6.5505,209.7900,Scandinavian
9167,Scandinavian,Swedish,European,130.2820,2975.7422,176.1766,197.6879,Scandinavian
9168,Scandinavian,Swedish,European,262.0460,3556.5960,31.1232,275.5215,Scandinavian
9169,Scandinavian,Swedish,European,22.9889,1649.3645,99.5753,127.1665,Scandinavian
9170,Scandinavian,Swedish,European,20.1502,303.9370,17.8090,16.7232,Scandinavian
9171,Scandinavian,Swedish,European,14.0366,1879.4332,149.2452,135.9148,Scandinavian
9172,Scandinavian,Swedish,European,30.8112,1919.0635,98.3072,155.3059,Scandinavian
9188,Scandinavian,Norwegian,European,345.0594,1889.8360,23.8924,55.3099,Scandinavian
9189,Scandinavian,Norwegian,European,2288.9007,8968.3980,76.2465,48.7007,Scandinavian
9190,Scandinavian,Norwegian,European,244.0368,1755.8880,41.6193,75.0901,Scandinavian
9191,Scandinavian,Norwegian,European,82.4036,1026.5480,33.9333,67.1113,Scandinavian
9192,Scandinavian,Norwegian,European,273.5913,1738.0160,6.1067,73.4103,Scandinavian
9193,Scandinavian,Norwegian,European,2.3455,206.2367,1.7396,21.6724,Scandinavian
9194,Scandinavian,Norwegian,European,224.8196,1389.1275,27.2887,48.3852,Scandinavian
9195,Scandinavian,Norwegian,European,115.1520,1013.7900,21.1360,58.5000,Scandinavian
9196,Scandinavian,Norwegian,European,0.0000,276.6960,23.5872,19.4594,Scandinavian
9197,Scandinavian,Norwegian,European,196.3432,2257.1155,60.7475,146.9968,Scandinavian
9198,Scandinavian,Norwegian,European,2.7875,701.7790,21.2016,66.6792,Scandinavian
9199,Scandinavian,Norwegian,European,21.6943,584.5080,5.4960,57.2160,Scandinavian
9200,Scandinavian,Norwegian,European,373.1717,2519.8720,41.9185,105.5215,Scandinavian
9201,Scandinavian,Norwegian,European,30.7963,115.9600,0.5798,0.3791,Scandinavian
9202,Scandinavian,Norwegian,European,45.6695,936.7620,23.0760,79.2480,Scandinavian
9203,Scandinavian,Norwegian,European,244.9576,1754.7735,41.7331,75.1945,Scandinavian
9204,Scandinavian,Norwegian,European,42.4163,2020.7900,199.5710,120.3724,Scandinavian
9205,Scandinavian,Norwegian,European,179.8756,2248.2854,92.7450,139.1387,Scandinavian
9206,Scandinavian,Norwegian,European,104.7964,879.8150,9.6905,48.0535,Scandinavian
9207,Scandinavian,Norwegian,European,151.5240,567.8375,0.0269,0.2808,Scandinavian
9208,Scandinavian,Norwegian,European,23.1656,456.1140,30.3690,26.2332,Scandinavian
9209,Scandinavian,Norwegian,European,276.2941,2432.5410,49.5008,140.7000,Scandinavian
9210,Scandinavian,Norwegian,European,153.8407,1032.6100,15.2236,42.0490,Scandinavian
9211,Scandinavian,Norwegian,European,244.0179,3649.8780,122.1550,264.0873,Scandinavian
9212,Scandinavian,Norwegian,European,499.9432,2850.2100,99.2353,64.1906,Scandinavian
9213,Scandinavian,Norwegian,European,541.7166,2756.4100,82.9132,39.6540,Scandinavian
9214,Scandinavian,Norwegian,European,838.4555,4361.4274,115.4945,76.1143,Scandinavian
9215,Scandinavian,Norwegian,European,24.0804,7886.1910,17.9459,856.3479,Scandinavian
9216,Scandinavian,Norwegian,European,106.2381,1364.8110,29.5934,89.8831,Scandinavian
9217,Scandinavian,Norwegian,European,326.9225,2371.0000,20.3100,116.0175,Scandinavian
9218,Scandinavian,Norwegian,European,62.8379,594.5550,20.6283,31.1435,Scandinavian
9219,Scandinavian,Norwegian,European,415.4042,2863.5170,55.4114,125.0003,Scandinavian
9220,Scandinavian,Norwegian,European,718.6781,6834.6459,80.7863,435.7285,Scandinavian
13409,Scandinavian,Swedish,European,30.9905,951.7411,128.0390,33.4243,Scandinavian
13410,Scandinavian,Swedish,European,530.8443,3528.1607,63.3224,152.3188,Scandinavian
13411,Scandinavian,Swedish,European,19.9132,358.2540,10.6860,28.8000,Scandinavian
13412,Scandinavian,Swedish,European,30.1310,3595.9043,97.1869,342.1552,Scandinavian
13413,Scandinavian,Swedish,European,324.8818,2309.1260,53.1943,102.2766,Scandinavian
13414,Scandinavian,Swedish,European,134.8224,820.7800,21.0240,21.3986,Scandinavian
13415,Scandinavian,Swedish,European,192.6463,2992.7670,24.4747,246.1502,Scandinavian
13416,Scandinavian,Swedish,European,93.4153,2321.2940,107.9705,172.0627,Scandinavian
13417,Scandinavian,Swedish,European,284.5671,1996.2190,29.9240,91.2190,Scandinavian
13418,Scandinavian,Swedish,European,164.2573,1402.2200,38.9351,72.8547,Scandinavian
13419,Scandinavian,Swedish,European,25.5120,352.6980,20.2485,17.4913,Scandinavian
13420,Scandinavian,Swedish,European,256.0848,3916.6706,64.4977,308.5370,Scandinavian
13421,Scandinavian,Swedish,European,41.1266,6071.8600,18.0435,677.1576,Scandinavian
13422,Scandinavian,Swedish,European,79.8992,1823.7830,30.8281,162.0424,Scandinavian
13423,Scandinavian,Swedish,European,412.0045,2353.2327,57.1118,60.7332,Scandinavian
13424,Scandinavian,Swedish,European,3.6508,15.2400,0.0104,0.0020,Scandinavian
13425,Scandinavian,Swedish,European,267.5264,2766.0550,65.0458,172.7945,Scandinavian
13426,Scandinavian,Swedish,European,10.9808,545.5609,0.8016,58.0877,Scandinavian
13427,Scandinavian,Swedish,European,44.8871,835.7280,19.6146,66.1649,Scandinavian
13428,Scandinavian,Swedish,European,318.0736,2724.1699,19.4696,159.9318,Scandinavian
13429,Scandinavian,Swedish,European,30.8969,1407.3886,180.6324,57.7077,Scandinavian
13430,Scandinavian,Swedish,European,372.2873,1919.5077,3.3701,56.0062,Scandinavian
13431,Scandinavian,Swedish,European,237.2122,2535.1460,29.5735,173.3497,Scandinavian
13432,Scandinavian,Swedish,European,120.8041,587.9667,31.4515,3.9508,Scandinavian
13433,Scandinavian,Swedish,European,121.4021,515.7612,3.2828,0.3466,Scandinavian
13434,Scandinavian,Swedish,European,454.5946,2928.4500,82.6930,86.6514,Scandinavian
13435,Scandinavian,Swedish,European,82.9042,815.8040,9.2250,51.6550,Scandinavian
13436,Scandinavian,Swedish,European,453.5022,1755.4046,0.0000,0.0000,Scandinavian
13675,Scandinavian,Finnish,European,120.8345,1046.1900,37.7324,52.3420,Scandinavian
13676,Scandinavian,Finnish,European,68.5306,1970.0903,301.8290,57.2680,Scandinavian
13677,Scandinavian,Finnish,European,163.1960,4717.1800,49.0240,446.9550,Scandinavian
13678,Scandinavian,Finnish,European,940.0932,4784.0140,166.6720,37.0828,Scandinavian
13679,Scandinavian,Finnish,European,191.2661,4296.4528,210.4726,304.5347,Scandinavian
13680,Scandinavian,Finnish,European,143.1082,2119.1191,52.4581,155.1936,Scandinavian
13681,Scandinavian,Finnish,European,17.4751,71.3562,0.9402,0.2119,Scandinavian
13682,Scandinavian,Finnish,European,127.1233,1963.2182,153.5844,95.5384,Scandinavian
13683,Scandinavian,Finnish,European,87.3510,817.9500,30.9166,42.4404,Scandinavian
13684,Scandinavian,Finnish,European,99.4869,1068.9867,23.5950,67.4500,Scandinavian
13685,Scandinavian,Finnish,European,257.4286,2044.1180,61.8640,92.5776,Scandinavian
13686,Scandinavian,Finnish,European,982.5697,6011.9550,166.7468,152.7264,Scandinavian
13687,Scandinavian,Finnish,European,121.8214,732.5623,37.6742,19.0685,Scandinavian
13688,Scandinavian,Finnish,European,204.5778,1754.8580,42.1810,95.1444,Scandinavian
13689,Scandinavian,Finnish,European,100.7868,807.2200,28.0733,35.8008,Scandinavian
13690,Scandinavian,Finnish,European,294.6866,1198.9040,15.0146,0.8454,Scandinavian
13691,Scandinavian,Finnish,European,270.8658,1645.4300,56.9418,41.6202,Scandinavian
13692,Scandinavian,Finnish,European,80.6694,1222.2040,49.3040,83.0676,Scandinavian
13693,Scandinavian,Finnish,European,258.7490,2059.0000,63.5120,92.7656,Scandinavian
13694,Scandinavian,Finnish,European,21.7800,471.3260,25.5903,31.8901,Scandinavian
13695,Scandinavian,Finnish,European,140.1004,1241.1800,44.8980,59.0226,Scandinavian
100880,Scandinavian,Danish,European,46.0764,735.6700,2.8416,60.9584,Scandinavian
100881,Scandinavian,Danish,European,273.0171,1222.1543,10.7203,9.2937,Scandinavian
100882,Scandinavian,Danish,European,148.3063,2954.3910,68.5245,243.2845,Scandinavian
100883,Scandinavian,Danish,European,487.5173,2721.9100,46.4540,66.8422,Scandinavian
100884,Scandinavian,Danish,European,223.6280,3473.1126,40.0234,289.0047,Scandinavian
100885,Scandinavian,Danish,European,34.3882,23732.3108,24.1969,2659.2308,Scandinavian
100886,Scandinavian,Danish,European,249.5444,1027.8511,3.2481,0.6358,Scandinavian
100887,Scandinavian,Danish,European,990.9595,6683.5345,88.3070,273.4207,Scandinavian
100888,Scandinavian,Danish,European,800.2389,73694.4800,495.1694,7846.6473,Scandinavian
100889,Scandinavian,Danish,European,90.6774,369.1400,6.4447,2.0124,Scandinavian
100890,Scandinavian,Danish,European,321.0492,4078.8400,71.8743,276.6116,Scandinavian
100891,Scandinavian,Danish,European,442.8684,2311.8900,58.3888,29.5878,Scandinavian
100892,Scandinavian,Danish,European,20836.3436,292395.0725,533.0234,23457.7133,Scandinavian
100893,Scandinavian,Danish,European,319.3956,3191.7800,14.3882,215.5121,Scandinavian
100894,Scandinavian,Danish,European,373.0194,4641.4360,56.8480,336.5679,Scandinavian
100895,Scandinavian,Danish,European,10.4726,349.3300,25.5779,22.9961,Scandinavian
100896,Scandinavian,Danish,European,187.5474,1026.1800,28.2410,16.5086,Scandinavian
100897,Scandinavian,Danish,European,107.3465,1495.3385,7.0188,118.3520,Scandinavian
100898,Scandinavian,Danish,European,135.5424,963.7800,33.5840,30.9086,Scandinavian
100899,Scandinavian,Danish,European,346.2862,4002.4990,43.6431,277.7953,Scandinavian
100900,Scandinavian,Danish,European,136.9376,644.7087,9.5741,7.0578,Scandinavian
100901,Scandinavian,Danish,European,0.5313,12.0960,0.0025,0.0025,Scandinavian
100902,Scandinavian,Danish,European,234.0904,1335.9000,3.4912,43.3120,Scandinavian
100903,Scandinavian,Danish,European,382.3542,3762.4200,30.7410,233.7408,Scandinavian
100904,Scandinavian,Danish,European,93.0663,606.4995,22.1559,21.0294,Scandinavian
100905,Scandinavian,Danish,European,615.5924,3920.6835,81.4675,131.4815,Scandinavian
100906,Scandinavian,Danish,European,31.3417,2309.1180,17.8800,246.9122,Scandinavian
100907,Scandinavian,Danish,European,114.4234,991.7164,7.5846,61.3276,Scandinavian
100908,Scandinavian,Danish,European,370.6676,2084.1720,18.3905,58.3520,Scandinavian
100909,Scandinavian,Danish,European,387.2927,4066.9865,77.5213,262.1475,Scandinavian
100910,Scandinavian,Danish,European,53.5614,1361.0982,5.4936,128.8871,Scandinavian
100911,Scandinavian,Danish,European,57.0038,554.8310,8.1606,32.5081,Scandinavian
100912,Scandinavian,Danish,European,310.4604,1805.8080,56.4820,33.0172,Scandinavian
100913,Scandinavian,Danish,European,519.4766,3418.0060,67.8285,124.4447,Scandinavian
100914,Scandinavian,Danish,European,10081.8196,157536.0690,1594.3925,12966.1850,Scandinavian
100915,Scandinavian,Danish,European,647.0637,5336.3480,65.6406,275.1586,Scandinavian
100916,Scandinavian,Danish,European,57.3618,1348.5755,15.5910,120.8315,Scandinavian
100917,Scandinavian,Danish,European,35972.7807,141324.2950,46.9919,105.6066,Scandinavian
100918,Scandinavian,Danish,European,31.0507,632.6235,13.0348,52.0277,Scandinavian
100919,Scandinavian,Danish,European,82.4614,358.1518,0.3292,2.5698,Scandinavian
100920,Scandinavian,Danish,European,47.8906,302.8980,9.2898,8.5453,Scandinavian
100921,Scandinavian,Danish,European,124065.1472,578999.1860,8928.0900,4969.6800,Scandinavian
100922,Scandinavian,Danish,European,646.3273,4553.8400,27.1045,212.1388,Scandinavian
100923,Scandinavian,Danish,European,159.1134,2440.3400,49.6130,183.1086,Scandinavian
100924,Scandinavian,Danish,European,284.6739,1156.5030,2.2579,0.9819,Scandinavian
100925,Scandinavian,Danish,European,333.9254,5890.1349,129.5811,469.3902,Scandinavian
100926,Scandinavian,Danish,European,350.2363,3039.4367,38.4410,174.4486,Scandinavian
100927,Scandinavian,Danish,European,163.3493,1802.4011,56.3951,101.1324,Scandinavian
100928,Scandinavian,Danish,European,218.3958,1155.0530,25.2065,18.2801,Scandinavian
100929,Scandinavian,Danish,European,55.6646,667.2840,10.0332,47.0276,Scandinavian
100930,Scandinavian,Danish,European,345.4049,2415.1025,39.2961,115.3505,Scandinavian
100931,Scandinavian,Danish,European,1186.5252,6355.8158,88.2176,180.4215,Scandinavian
100932,Scandinavian,Danish,European,516.8793,3025.2468,62.7705,79.9716,Scandinavian
100933,Scandinavian,Danish,European,395.0394,2013.1140,33.2988,39.1845,Scandinavian
100934,Scandinavian,Danish,European,210.5156,1964.7320,5.3480,123.4050,Scandinavian
100935,Scandinavian,Danish,European,140.0705,1247.4995,23.6490,71.9770,Scandinavian
100936,Scandinavian,Danish,European,685.2361,4696.2850,94.3974,185.3265,Scandinavian
100937,Scandinavian,Danish,European,415.0567,2228.8348,61.0884,37.5810,Scandinavian
100938,Scandinavian,Danish,European,78.7978,4733.0248,37.8803,480.9764,Scandinavian
100939,Scandinavian,Danish,European,79.0824,1064.7300,23.0116,74.0827,Scandinavian
100940,Scandinavian,Danish,European,150.2480,763.1971,12.2268,9.9051,Scandinavian
100941,Scandinavian,Danish,European,88.5296,993.1213,29.3250,63.1133,Scandinavian
100942,Scandinavian,Danish,European,127.7864,2848.5762,29.8082,249.4335,Scandinavian
100943,Scandinavian,Danish,European,29.8639,951.7120,27.2192,86.3666,Scandinavian
100944,Scandinavian,Danish,European,166.0073,3165.0772,115.4412,244.9890,Scandinavian
100945,Scandinavian,Danish,European,9.1053,192.2460,5.8180,14.8930,Scandinavian
100946,Scandinavian,Danish,European,66.1342,1645.9380,50.7280,141.6030,Scandinavian
100947,Scandinavian,Danish,European,238.3108,1970.8940,23.1120,102.5614,Scandinavian
100948,Scandinavian,Danish,European,143.0253,3077.9527,100.3493,249.7675,Scandinavian
100949,Scandinavian,Danish,European,186.2458,1585.6577,36.6425,96.7662,Scandinavian
100950,Scandinavian,Danish,European,161.2850,1891.3387,54.9703,123.9418,Scandinavian
100951,Scandinavian,Danish,European,184.1716,1219.6790,15.4660,50.3444,Scandinavian
100952,Scandinavian,Danish,European,139.2168,2879.9980,35.7731,252.1077,Scandinavian
100953,Scandinavian,Danish,European,2.1045,6.7100,0.1067,0.0732,Scandinavian
100954,Scandinavian,Danish,European,706.4297,3371.6020,46.4093,43.2859,Scandinavian
100955,Scandinavian,Danish,European,19.6645,317.5035,20.8980,17.4266,Scandinavian
100956,Scandinavian,Danish,European,217.0930,3054.7445,49.5043,229.4533,Scandinavian
100957,Scandinavian,Danish,European,235.1808,946.4400,1.7012,0.3717,Scandinavian
100958,Scandinavian,Danish,European,113.5140,1210.5583,30.4820,73.6490,Scandinavian
100959,Scandinavian,Danish,European,48.1824,424.2780,20.8960,17.9138,Scandinavian
100960,Scandinavian,Danish,European,6.6502,232.3800,10.9983,18.1936,Scandinavian
100961,Scandinavian,Danish,European,13.2600,49.2000,0.0600,0.0000,Scandinavian
100962,Scandinavian,Danish,European,472.0984,2626.3940,54.1780,54.0107,Scandinavian
100963,Scandinavian,Danish,European,70.4619,589.6200,11.6368,28.8712,Scandinavian
100964,Scandinavian,Danish,European,669.2493,4304.0168,127.9456,130.8658,Scandinavian
100965,Scandinavian,Danish,European,5374.7677,54445.5480,1782.2969,3167.7638,Scandinavian
100966,Scandinavian,Danish,European,274.6955,2419.3951,39.0560,130.4268,Scandinavian
100967,Scandinavian,Danish,European,3.5306,265.1110,10.7534,22.1737,Scandinavian
100968,Scandinavian,Danish,European,56.5373,2369.6560,35.7245,233.5465,Scandinavian
100969,Scandinavian,Danish,European,117.0433,757.0860,10.6885,28.8025,Scandinavian
100970,Scandinavian,Danish,European,42.2364,688.5673,53.4790,33.8099,Scandinavian
100971,Scandinavian,Danish,European,103.4540,424.1460,4.8046,2.1460,Scandinavian
100972,Scandinavian,Danish,European,111.8047,1780.4020,62.1439,123.4435,Scandinavian
100973,Scandinavian,Danish,European,632.3735,5021.5100,63.9207,246.9783,Scandinavian
100974,Scandinavian,Danish,European,295.7906,2641.6920,59.9790,148.7600,Scandinavian
100975,Scandinavian,Danish,European,266.5414,2323.2000,55.5192,124.8440,Scandinavian
100976,Scandinavian,Danish,European,485.4803,3818.5000,64.1524,191.7355,Scandinavian
100977,Scandinavian,Danish,European,449.4783,3363.8839,82.8130,142.1908,Scandinavian
100978,Scandinavian,Danish,European,140.3523,746.1811,23.2776,9.6514,Scandinavian
100979,Scandinavian,Danish,European,243.7840,3591.8184,162.2409,239.6876,Scandinavian
100980,Scandinavian,Danish,European,179.4890,962.4885,12.0320,25.6219,Scandinavian
100981,Scandinavian,Danish,European,209.5926,1855.6000,33.0000,102.4817,Scandinavian
100982,Scandinavian,Danish,European,787.1365,4272.6860,72.5110,99.9003,Scandinavian
100983,Scandinavian,Danish,European,203.9457,2825.3807,6.3326,222.5961,Scandinavian
100984,Scandinavian,Danish,European,9.1999,113.3065,6.3761,5.9719,Scandinavian
100985,Scandinavian,Danish,European,178.0581,2869.1600,56.6388,216.6171,Scandinavian
100986,Scandinavian,Danish,European,121.7761,1409.9668,40.3698,89.9348,Scandinavian
100987,Scandinavian,Danish,European,252.2016,1823.1267,19.8584,87.3877,Scandinavian
100988,Scandinavian,Danish,European,321.1205,2470.4700,24.5627,131.5772,Scandinavian
100989,Scandinavian,Danish,European,371.4085,1864.0160,39.4732,19.8514,Scandinavian
100990,Scandinavian,Danish,European,101.6893,486.5860,6.2825,4.7575,Scandinavian
100991,Scandinavian,Danish,European,73.0095,1277.4360,69.3586,87.1975,Scandinavian
100992,Scandinavian,Danish,European,9.7340,403.6440,24.1868,28.6688,Scandinavian
100993,Scandinavian,Danish,European,136.8370,2705.3570,40.5055,235.2447,Scandinavian
100994,Scandinavian,Danish,European,173.5885,750.1317,8.2531,5.2086,Scandinavian
100995,Scandinavian,Danish,European,39.7407,1114.4255,25.4056,101.2080,Scandinavian
100996,Scandinavian,Danish,European,269.0181,1064.4380,2.1438,0.5425,Scandinavian
100997,Scandinavian,Danish,European,324.6879,3180.4600,122.3132,158.8408,Scandinavian
100998,Scandinavian,Danish,European,131.1951,552.0640,3.8162,4.8318,Scandinavian
100999,Scandinavian,Danish,European,143.5414,2421.6350,74.5236,187.1100,Scandinavian
101000,Scandinavian,Danish,European,317.1468,2739.0600,80.3860,133.9522,Scandinavian
101001,Scandinavian,Danish,European,252.7263,1361.5760,17.6185,33.9825,Scandinavian
101002,Scandinavian,Danish,European,185.3731,3036.0773,51.8889,233.9577,Scandinavian
101003,Scandinavian,Danish,European,994.4120,4773.0720,118.6072,140.4372,Scandinavian
101004,Scandinavian,Danish,European,517.5409,2455.9787,39.8546,20.8893,Scandinavian
101005,Scandinavian,Danish,European,120373.1550,475747.4748,85.5480,6.8821,Scandinavian
101006,Scandinavian,Danish,European,520.3233,3117.8140,42.8694,115.4730,Scandinavian
101007,Scandinavian,Danish,European,66.5825,1263.4275,83.6527,72.7535,Scandinavian
101008,Scandinavian,Danish,European,116963.1589,485364.9100,1811.3975,1976.0325,Scandinavian
101009,Scandinavian,Danish,European,748.5922,5246.8151,100.6772,226.7405,Scandinavian
101010,Scandinavian,Danish,European,281.6355,2458.3610,63.6895,127.5041,Scandinavian
101011,Scandinavian,Danish,European,385.8017,4788.0900,82.7701,328.1509,Scandinavian
101012,Scandinavian,Danish,European,365.2846,3685.4986,45.4920,230.7602,Scandinavian
101013,Scandinavian,Danish,European,152.0883,688.0810,6.2825,4.7575,Scandinavian
101014,Scandinavian,Danish,European,747.7994,5828.5827,39.7153,299.9537,Scandinavian
101015,Scandinavian,Danish,European,340.7398,1434.7430,25.6073,0.7355,Scandinavian
101016,Scandinavian,Danish,European,234.0866,1514.1720,21.3770,57.6050,Scandinavian
101017,Scandinavian,Danish,European,43.5916,1828.7788,78.7375,150.9266,Scandinavian
101018,Scandinavian,Danish,European,256.3302,1241.7762,11.9552,26.1430,Scandinavian
101019,Scandinavian,Danish,European,448.6648,3444.6888,68.9321,152.9380,Scandinavian
101020,Scandinavian,Danish,European,400.1104,1633.6800,0.0000,0.0000,Scandinavian
101021,Scandinavian,Danish,European,16.8589,484.6430,7.1664,44.9004,Scandinavian
101022,Scandinavian,Danish,European,7.6076,787.4001,49.1498,61.7990,Scandinavian
101023,Scandinavian,Danish,European,127.9996,1153.1010,16.2387,64.9039,Scandinavian
101024,Scandinavian,Danish,European,201.5960,805.9800,0.0000,0.0000,Scandinavian
101025,Scandinavian,Danish,European,190.5414,2160.7800,70.9850,131.7086,Scandinavian
101026,Scandinavian,Danish,European,129.8563,824.5654,30.1570,30.9772,Scandinavian
101027,Scandinavian,Danish,European,15.3262,534.4556,1.7770,54.5650,Scandinavian
101028,Scandinavian,Danish,European,7.7410,449.2279,3.9878,45.6670,Scandinavian
101029,Scandinavian,Danish,European,1049.4174,7097.4384,79.0515,293.2531,Scandinavian
101030,Scandinavian,Danish,European,105.9766,773.6920,17.7199,34.1259,Scandinavian
101031,Scandinavian,Danish,European,386.9789,2549.9788,100.8241,68.2368,Scandinavian
101032,Scandinavian,Danish,European,66.9927,853.9820,6.8678,65.6811,Scandinavian
101033,Scandinavian,Danish,European,11.8487,1703.8665,108.3903,135.9828,Scandinavian
101034,Scandinavian,Danish,European,3.8817,250.0180,10.3379,20.9725,Scandinavian
101035,Scandinavian,Danish,European,11.9001,580.5400,17.5759,51.7228,Scandinavian
101036,Scandinavian,Danish,European,29.6995,646.3800,20.1965,54.4320,Scandinavian
101037,Scandinavian,Danish,European,851.9866,5785.0925,85.7292,234.7933,Scandinavian
101038,Scandinavian,Danish,European,47.8906,302.8980,9.2898,8.5453,Scandinavian
101039,Scandinavian,Danish,European,109.5494,759.7340,23.4927,31.5137,Scandinavian
101040,Scandinavian,Danish,European,44.4266,205.0255,7.4462,2.0169,Scandinavian
101041,Scandinavian,Danish,European,1218.7047,4942.7800,5.5151,7.0198,Scandinavian
101042,Scandinavian,Danish,European,39.6388,222.6800,2.7299,4.5203,Scandinavian
101043,Scandinavian,Danish,European,10.4726,349.3300,25.5779,22.9961,Scandinavian
101044,Scandinavian,Danish,European,121.7564,1678.2751,109.4978,84.2920,Scandinavian
101045,Scandinavian,Danish,European,170.0688,2996.4710,38.5948,243.5603,Scandinavian
101046,Scandinavian,Danish,European,148.2490,5283.4150,30.8158,531.9240,Scandinavian
101047,Scandinavian,Danish,European,0.3600,71.5000,6.2800,4.7550,Scandinavian
101048,Scandinavian,Danish,European,8.2980,740.5600,22.3828,69.6198,Scandinavian
101049,Scandinavian,Danish,European,37.7597,165.2500,1.3878,0.6766,Scandinavian
101050,Scandinavian,Danish,European,3.5880,179.6000,14.4500,11.4720,Scandinavian
101051,Scandinavian,Danish,European,5.4604,371.8608,27.8064,26.2247,Scandinavian
101052,Scandinavian,Danish,European,151.7283,616.5810,0.0025,0.0025,Scandinavian
101053,Scandinavian,Danish,European,566.0475,4222.4485,58.9042,196.6014,Scandinavian
101054,Scandinavian,Danish,European,357.3641,2626.3456,45.6374,113.8616,Scandinavian
101055,Scandinavian,Danish,European,2.3445,238.7650,10.3057,20.9712,Scandinavian
101056,Scandinavian,Danish,European,395.8448,1879.1088,27.8360,33.4914,Scandinavian
101057,Scandinavian,Danish,European,106.8796,1556.1680,72.2068,98.1192,Scandinavian
101058,Scandinavian,Danish,European,8.3242,519.7982,3.7197,53.3250,Scandinavian
101059,Scandinavian,Danish,European,24.7398,717.0120,15.9657,63.4852,Scandinavian
101060,Scandinavian,Danish,European,68.9406,330.6882,24.6424,2.9769,Scandinavian
101061,Scandinavian,Danish,European,67.7215,362.2640,8.0922,8.8309,Scandinavian
101062,Scandinavian,Danish,European,464.5987,3754.7895,70.0119,184.1391,Scandinavian
101063,Scandinavian,Danish,European,521.1762,2026.8131,2.5665,0.3056,Scandinavian
101064,Scandinavian,Danish,European,175.6017,883.5060,8.5162,16.4728,Scandinavian
101065,Scandinavian,Danish,European,102.6289,567.2100,8.0886,13.5354,Scandinavian
101066,Scandinavian,Danish,European,103.5025,3169.3355,170.3461,224.4077,Scandinavian
101067,Scandinavian,Danish,European,227.7753,939.2311,6.8451,0.6919,Scandinavian
101068,Scandinavian,Danish,European,65.8149,562.5308,17.2130,29.5523,Scandinavian
101069,Scandinavian,Danish,European,205.1765,2214.9510,112.5913,112.3331,Scandinavian
101070,Scandinavian,Danish,European,76.7198,1025.4741,21.5035,70.3354,Scandinavian
101071,Scandinavian,Danish,European,52.0974,569.2109,16.5159,35.3609,Scandinavian
101072,Scandinavian,Danish,European,521.6164,2584.2370,56.4978,23.2729,Scandinavian
101073,Scandinavian,Danish,European,44.2302,481.9500,15.7803,29.5306,Scandinavian
101074,Scandinavian,Danish,European,7.4724,1658.3815,71.3645,146.8887,Scandinavian
101075,Scandinavian,Danish,European,172.8389,959.6400,10.6860,28.8220,Scandinavian
101076,Scandinavian,Danish,European,174.4456,2912.4150,90.2680,224.7444,Scandinavian
101077,Scandinavian,Danish,European,319.6855,3134.6000,28.2316,191.7313,Scandinavian
101078,Scandinavian,Danish,European,73.3888,1377.7291,190.2278,32.7080,Scandinavian
101079,Scandinavian,Danish,European,164.0726,2869.4900,98.1731,219.5981,Scandinavian
101080,Scandinavian,Danish,European,782.2254,4095.7141,220.0404,39.5964,Scandinavian
101081,Scandinavian,Danish,European,36.4661,160.0405,2.4012,0.5187,Scandinavian
101082,Scandinavian,Danish,European,336.8818,2169.1258,30.6643,85.0143,Scandinavian
101083,Scandinavian,Danish,European,176.6747,2115.0407,84.1323,125.1322,Scandinavian
101084,Scandinavian,Danish,European,52.0456,208.5990,0.2496,0.0509,Scandinavian
101085,Scandinavian,Danish,European,95.4529,3048.6021,227.7041,196.7397,Scandinavian
101086,Scandinavian,Danish,European,273.9995,1127.0250,0.9528,0.9888,Scandinavian
101087,Scandinavian,Danish,European,238.8385,1804.5085,41.0565,81.4382,Scandinavian
101088,Scandinavian,Danish,European,120.9008,2550.4213,80.4563,211.0986,Scandinavian
101089,Scandinavian,Danish,European,222.7623,1008.4960,5.9375,14.9945,Scandinavian
101090,Scandinavian,Danish,European,6.1196,871.1788,2.4018,93.9732,Scandinavian
101091,Scandinavian,Danish,European,187.7895,979.8961,33.9762,15.6974,Scandinavian
101092,Scandinavian,Danish,European,20.6725,167.9225,5.8828,11.2490,Scandinavian
101093,Scandinavian,Danish,European,33.0687,1113.7660,112.4661,59.3064,Scandinavian
101094,Scandinavian,Danish,European,41.0815,5800.5847,38.9490,615.5589,Scandinavian
101095,Scandinavian,Danish,European,215.1659,1312.8580,38.2845,32.0304,Scandinavian
101096,Scandinavian,Danish,European,94.6431,1528.0414,85.0429,91.8861,Scandinavian
101097,Scandinavian,Danish,European,160.5039,1003.2590,33.4900,23.7218,Scandinavian
101098,Scandinavian,Danish,European,662.0732,2565.1619,13.6078,4.5938,Scandinavian
101099,Scandinavian,Danish,European,127.7864,2848.5762,29.8082,249.4335,Scandinavian
101100,Scandinavian,Danish,European,48.4488,2006.0198,147.7612,132.7953,Scandinavian
101101,Scandinavian,Danish,European,530.8147,4410.6682,149.8162,197.6273,Scandinavian
101102,Scandinavian,Danish,European,3.7841,21.9560,2.0817,0.5601,Scandinavian
101103,Scandinavian,Danish,European,188.4310,1091.4880,39.1858,21.4215,Scandinavian
101104,Scandinavian,Danish,European,24.1101,2162.5648,60.9984,207.8849,Scandinavian
101105,Scandinavian,Danish,European,939.3786,4285.0500,126.8004,14.2170,Scandinavian
101106,Scandinavian,Danish,European,1.1317,3959.3156,228.5741,329.9444,Scandinavian
101107,Scandinavian,Danish,European,121.2900,1355.6355,15.3530,88.8217,Scandinavian
101108,Scandinavian,Danish,European,839.6624,8328.5580,56.2914,549.8627,Scandinavian
101109,Scandinavian,Danish,European,537.5749,2961.4550,56.6403,74.8866,Scandinavian
101110,Scandinavian,Danish,European,97.2582,1546.2493,45.6601,114.4788,Scandinavian
101111,Scandinavian,Danish,European,76.6104,1003.7560,19.5959,68.8911,Scandinavian
101112,Scandinavian,Danish,European,256.6969,1089.2560,3.6437,5.4953,Scandinavian
101113,Scandinavian,Danish,European,377.8028,6419.2890,55.8149,545.7230,Scandinavian
101114,Scandinavian,Danish,European,67.2458,312.7745,2.1475,0.3807,Scandinavian
101115,Scandinavian,Danish,European,34.8614,525.4105,23.3393,35.0248,Scandinavian
101116,Scandinavian,Danish,European,125540.0575,586482.5000,12867.1775,2838.8350,Scandinavian
101117,Scandinavian,Danish,European,40.0497,311.3840,11.1709,13.8843,Scandinavian
101118,Scandinavian,Danish,European,105.5600,499.7603,3.2613,8.4786,Scandinavian
101119,Scandinavian,Danish,European,106.3579,566.4330,12.9595,9.6640,Scandinavian
101120,Scandinavian,Danish,European,44.2626,1375.8890,144.2031,69.2721,Scandinavian
101121,Scandinavian,Danish,European,444.5240,3045.1211,57.7803,124.6479,Scandinavian
101122,Scandinavian,Danish,European,657.2034,4243.4533,41.8067,162.4464,Scandinavian
101123,Scandinavian,Danish,European,24.1992,122.4701,10.0697,1.3835,Scandinavian
101124,Scandinavian,Danish,European,64.2492,4367.9548,391.8887,274.4156,Scandinavian
101125,Scandinavian,Danish,European,45.8582,464.1700,20.5780,22.2203,Scandinavian
101126,Scandinavian,Danish,European,318.6393,1563.0660,10.6885,28.8025,Scandinavian
101127,Scandinavian,Danish,European,109.5352,2815.9555,160.4338,193.6559,Scandinavian
101128,Scandinavian,Danish,European,55.9833,587.3260,30.4423,26.7234,Scandinavian
101129,Scandinavian,Danish,European,9617.5544,142746.2911,464.7374,12000.2240,Scandinavian
101130,Scandinavian,Danish,European,106.8296,1599.3287,34.8407,118.0532,Scandinavian
101131,Scandinavian,Danish,European,436.6497,2218.9932,55.1742,23.2792,Scandinavian
101132,Scandinavian,Danish,European,308.6870,1263.7904,3.0659,1.7666,Scandinavian
101133,Scandinavian,Danish,European,11.5623,128.4990,3.9233,7.8246,Scandinavian
101134,Scandinavian,Danish,European,11.1627,235.1340,8.3324,18.2321,Scandinavian
101135,Scandinavian,Danish,European,158.9130,1177.4791,33.7395,45.7663,Scandinavian
101136,Scandinavian,Danish,European,130.9831,865.5747,15.8106,34.1198,Scandinavian
101137,Scandinavian,Danish,European,7.8016,376.4100,4.0964,36.8935,Scandinavian
101138,Scandinavian,Danish,European,60.3928,404.8212,22.4935,16.6494,Scandinavian
101139,Scandinavian,Danish,European,38025.2360,174250.0905,2858.4351,721.7053,Scandinavian
101140,Scandinavian,Danish,European,36.2845,436.0759,11.2764,28.9031,Scandinavian
101141,Scandinavian,Danish,European,55.8120,303.0940,1.5977,0.3549,Scandinavian
101142,Scandinavian,Danish,European,170.1184,691.9800,2.2810,0.8914,Scandinavian
101143,Scandinavian,Danish,European,49.8655,888.9860,18.7990,69.3766,Scandinavian
101144,Scandinavian,Danish,European,473.1595,3136.6580,68.8668,110.4065,Scandinavian
101145,Scandinavian,Danish,European,60849.1208,285698.5280,4415.2101,2302.4533,Scandinavian
101146,Scandinavian,Danish,European,218.0607,2402.0750,68.4120,143.4852,Scandinavian
101147,Scandinavian,Danish,European,2.8911,245.6630,10.3295,20.9760,Scandinavian
101148,Scandinavian,Danish,European,48.2974,185.0620,0.6500,0.4250,Scandinavian
101149,Scandinavian,Danish,European,196.3788,1593.7710,22.0184,83.9779,Scandinavian
101150,Scandinavian,Danish,European,36770.6890,171785.7000,2381.2150,1561.2470,Scandinavian
101151,Scandinavian,Danish,European,51.5104,339.7420,0.0000,12.8000,Scandinavian
101152,Scandinavian,Danish,European,298.2638,6269.6405,631.8077,283.2586,Scandinavian
101153,Scandinavian,Danish,European,20.4256,2004.2660,0.1518,214.0549,Scandinavian
101154,Scandinavian,Danish,European,168.6270,5871.7119,616.2139,291.8770,Scandinavian
101155,Scandinavian,Danish,European,17.5496,1704.5275,21.2482,175.0585,Scandinavian
101156,Scandinavian,Danish,European,98.2768,927.5270,13.6340,52.8175,Scandinavian
101157,Scandinavian,Danish,European,1070.2348,5793.8280,121.3768,126.6685,Scandinavian
101158,Scandinavian,Danish,European,39.9808,774.4050,41.8107,52.6248,Scandinavian
101159,Scandinavian,Danish,European,554.4731,2719.8510,42.5117,39.8787,Scandinavian
101160,Scandinavian,Danish,European,91.6292,845.5472,13.5530,49.0198,Scandinavian
101161,Scandinavian,Danish,European,708.5438,4841.6040,101.7618,191.5560,Scandinavian
101162,Scandinavian,Danish,European,391.1902,2919.6880,135.9369,112.2017,Scandinavian
101163,Scandinavian,Danish,European,27.6221,426.7187,12.4230,34.2164,Scandinavian
101164,Scandinavian,Danish,European,47.4775,609.1580,23.3549,38.3783,Scandinavian
101165,Scandinavian,Danish,European,124.3100,3466.5932,198.0296,239.1585,Scandinavian
101166,Scandinavian,Danish,European,202.4873,889.5760,6.2825,4.7575,Scandinavian
101167,Scandinavian,Danish,European,269.0126,2412.4310,34.9043,134.2439,Scandinavian
101168,Scandinavian,Danish,European,18547.1360,117474.6470,3262.3413,3934.9496,Scandinavian
101169,Scandinavian,Danish,European,96.9492,3917.8576,260.6882,281.5789,Scandinavian
101170,Scandinavian,Danish,European,25.3130,5812.6995,193.9060,542.4695,Scandinavian
101171,Scandinavian,Danish,European,26.8579,118.2430,6.1112,0.7514,Scandinavian
101172,Scandinavian,Danish,European,989.3230,122653.2800,1040.3788,13006.9594,Scandinavian
101173,Scandinavian,Danish,European,,,,,Scandinavian
101174,Scandinavian,Danish,European,26108.9400,133185.0000,2452.1800,1917.2500,Scandinavian
101175,Scandinavian,Danish,European,141.0978,776.3420,21.9610,11.7536,Scandinavian
101176,Scandinavian,Danish,European,237.2284,7086.1581,955.7111,252.7465,Scandinavian
101177,Scandinavian,Danish,European,30.1270,134.3350,2.3008,1.0860,Scandinavian
101178,Scandinavian,Danish,European,30.7043,1326.6174,92.6606,90.9317,Scandinavian
101179,Scandinavian,Danish,European,28.6147,855.2850,11.6301,79.6244,Scandinavian
101180,Scandinavian,Danish,European,4.0124,921.3495,2.4089,99.2796,Scandinavian
101181,Scandinavian,Danish,European,9.2738,374.4540,2.7220,37.1610,Scandinavian
101182,Scandinavian,Danish,European,1093.7076,5484.7118,218.7336,73.5668,Scandinavian
101183,Scandinavian,Danish,European,116.8253,2267.0060,32.4639,186.0149,Scandinavian
101184,Scandinavian,Danish,European,16.4751,600.6425,44.1717,38.2819,Scandinavian
101185,Scandinavian,Danish,European,87.9557,2972.9695,204.7792,199.6810,Scandinavian
101186,Scandinavian,Danish,European,29.4812,1800.5800,23.8908,179.4318,Scandinavian
101187,Scandinavian,Danish,European,26.7640,582.2500,9.3296,50.2366,Scandinavian
101188,Scandinavian,Danish,European,1221.3797,16028.9515,836.0233,871.9329,Scandinavian
101189,Scandinavian,Danish,European,67.6345,558.5125,17.4196,25.3388,Scandinavian
101190,Scandinavian,Danish,European,294.8018,2346.2400,65.9240,129.0382,Scandinavian
101191,Scandinavian,Danish,European,211.5004,1784.9323,68.1723,75.4170,Scandinavian
101192,Scandinavian,Danish,European,619.9616,2442.6016,13.1612,3.0755,Scandinavian
101193,Scandinavian,Danish,European,1409.7515,7743.1650,165.3080,166.7563,Scandinavian
101194,Scandinavian,Danish,European,5.4596,236.6133,26.6734,11.4990,Scandinavian
101195,Scandinavian,Danish,European,296.2532,3099.9730,47.3360,200.0650,Scandinavian
101196,Scandinavian,Danish,European,269.1669,1956.8065,33.5485,93.4206,Scandinavian
101197,Scandinavian,Danish,European,125.1958,880.1960,35.2540,26.6965,Scandinavian
101198,Scandinavian,Danish,European,18.6150,127.4497,2.0787,5.4426,Scandinavian
101199,Scandinavian,Danish,European,240.4938,1584.0281,39.9693,58.4165,Scandinavian
101200,Scandinavian,Danish,European,0.0000,358.3440,40.7333,20.5027,Scandinavian
101201,Scandinavian,Danish,European,706.7781,6059.8290,76.2924,337.4216,Scandinavian
101202,Scandinavian,Danish,European,16.4805,539.8550,75.8393,17.5742,Scandinavian
101203,Scandinavian,Danish,European,92.0977,4649.8793,153.9441,408.3805,Scandinavian
101204,Scandinavian,Danish,European,109.2597,1142.7436,114.0212,30.0279,Scandinavian
101205,Scandinavian,Danish,European,2.6101,244.8130,10.3070,20.9725,Scandinavian
101206,Scandinavian,Danish,European,172.6250,650.0000,3.2500,2.1250,Scandinavian
101207,Scandinavian,Danish,European,15.7096,169.2870,5.0490,9.7088,Scandinavian
101208,Scandinavian,Danish,European,3.9690,495.4633,30.5367,39.6177,Scandinavian
101209,Scandinavian,Danish,European,545.0429,4362.9825,113.3107,203.5474,Scandinavian
101210,Scandinavian,Danish,European,345.9658,2851.6220,80.3860,133.9522,Scandinavian
101211,Scandinavian,Danish,European,367.4449,2430.0900,56.9832,91.7598,Scandinavian
101212,Scandinavian,Danish,European,45.1078,1214.9350,17.3974,108.1115,Scandinavian
101213,Scandinavian,Danish,European,279.8200,1958.7780,50.0868,74.6004,Scandinavian
101214,Scandinavian,Danish,European,2.1441,286.4250,61.9074,1.5945,Scandinavian
101215,Scandinavian,Danish,European,53.1027,421.6860,8.0145,21.6000,Scandinavian
101216,Scandinavian,Danish,European,51.5104,226.5900,0.0000,0.0000,Scandinavian
101217,Scandinavian,Danish,European,358.2613,4758.5110,127.6791,333.3617,Scandinavian
101218,Scandinavian,Danish,European,378.0811,1814.0971,59.0405,8.2589,Scandinavian
101219,Scandinavian,Danish,European,115.7767,929.0907,5.6322,50.7218,Scandinavian
101220,Scandinavian,Danish,European,40.9580,244.1000,2.1300,8.5800,Scandinavian
101221,Scandinavian,Danish,European,429.2522,6017.0050,37.4761,470.4700,Scandinavian
101222,Scandinavian,Danish,European,68.6961,413.2537,3.1870,0.2097,Scandinavian
101223,Scandinavian,Danish,European,69.4181,1127.8030,4.6171,94.2172,Scandinavian
101224,Scandinavian,Danish,European,24.7647,806.4700,17.5982,74.3632,Scandinavian
101225,Scandinavian,Danish,European,206.9786,1688.1720,75.3650,57.0650,Scandinavian
101226,Scandinavian,Danish,European,2.1000,177.0000,4.2600,17.1600,Scandinavian
101227,Scandinavian,Danish,European,170.5901,2503.7900,76.1605,183.5391,Scandinavian
101228,Scandinavian,Danish,European,81.0900,777.0280,27.9836,39.4417,Scandinavian
101229,Scandinavian,Danish,European,337.3648,3435.3600,72.7700,208.6972,Scandinavian
101230,Scandinavian,Danish,European,281.7245,1921.3588,56.5921,65.0700,Scandinavian
101231,Scandinavian,Danish,European,26.2995,1354.0920,66.8274,113.8894,Scandinavian
101232,Scandinavian,Danish,European,87.0717,3020.9248,13.4761,292.1329,Scandinavian
101233,Scandinavian,Danish,European,54.0702,217.4930,0.0839,0.0000,Scandinavian
101234,Scandinavian,Danish,European,53.6112,1515.5472,214.9879,45.3763,Scandinavian
101235,Scandinavian,Danish,European,31.2565,188.9543,5.2205,4.0587,Scandinavian
101236,Scandinavian,Danish,European,1.9379,5251.9259,612.8751,291.1318,Scandinavian
101237,Scandinavian,Danish,European,70.9852,372.2422,13.9681,5.9149,Scandinavian
101238,Scandinavian,Danish,European,18.2457,1022.5460,98.6829,59.4200,Scandinavian
101239,Scandinavian,Danish,European,188.5230,1085.7000,24.1830,28.6650,Scandinavian
101240,Scandinavian,Danish,European,56.8932,1449.5100,55.2034,116.9016,Scandinavian
101241,Scandinavian,Danish,European,1.0966,40.5480,0.3448,3.5773,Scandinavian
101242,Scandinavian,Danish,European,53.7847,2016.7695,96.8586,155.2269,Scandinavian
101243,Scandinavian,Danish,European,199.5202,2347.9500,131.7183,121.5407,Scandinavian
101244,Scandinavian,Danish,European,6.0903,2614.2484,383.3190,118.2972,Scandinavian
101245,Scandinavian,Danish,European,1005.5046,6836.8410,125.8175,258.4575,Scandinavian
101246,Scandinavian,Danish,European,180.6063,725.9743,0.1546,0.0578,Scandinavian
101247,Scandinavian,Danish,European,192.0737,1784.9620,42.6954,98.5511,Scandinavian
101248,Scandinavian,Danish,European,233.2060,1922.3312,13.4079,109.2722,Scandinavian
101249,Scandinavian,Danish,European,1184.0474,6192.0700,126.1810,97.9276,Scandinavian
101250,Scandinavian,Danish,European,139.6353,737.0311,22.8051,9.1609,Scandinavian
101251,Scandinavian,Danish,European,154.8490,782.4493,8.5749,16.3154,Scandinavian
101252,Scandinavian,Danish,European,68.8620,275.3100,0.0000,0.0000,Scandinavian
105798,Scandinavian,Swedish,European,109.3235,2215.3860,59.2409,182.4237,Scandinavian
105799,Scandinavian,Swedish,European,1011.2652,8499.5400,197.1100,408.1448,Scandinavian
105800,Scandinavian,Swedish,European,427.4146,3885.5831,112.8892,207.0177,Scandinavian
105801,Scandinavian,Swedish,European,32.3551,299.9312,3.0150,20.3088,Scandinavian
105802,Scandinavian,Swedish,European,799.7287,3617.9825,44.6754,24.7258,Scandinavian
105803,Scandinavian,Swedish,European,21.9520,703.2000,27.1905,59.0330,Scandinavian
105804,Scandinavian,Swedish,European,72.5816,783.2800,10.6926,50.6274,Scandinavian
105805,Scandinavian,Swedish,European,324.9806,1340.5560,14.9127,5.0405,Scandinavian
105806,Scandinavian,Swedish,European,1717.1146,8214.6397,143.5560,67.3717,Scandinavian
105807,Scandinavian,Swedish,European,232.1354,1498.3680,28.5673,57.7135,Scandinavian
105808,Scandinavian,Swedish,European,125.5005,1085.8047,31.5544,59.0208,Scandinavian
105809,Scandinavian,Swedish,European,375.7034,4408.8800,47.7390,311.3986,Scandinavian
105810,Scandinavian,Swedish,European,364.5129,2174.0510,23.3187,79.6800,Scandinavian
105811,Scandinavian,Swedish,European,369.7285,2271.4920,58.7596,61.9168,Scandinavian
105812,Scandinavian,Swedish,European,136.0862,2284.1800,5.0559,194.2082,Scandinavian
105813,Scandinavian,Swedish,European,554.9633,5066.0540,55.0120,305.4913,Scandinavian
105814,Scandinavian,Swedish,European,473.5859,3624.6390,138.1896,144.5174,Scandinavian
105815,Scandinavian,Swedish,European,175.8426,2505.7120,72.9610,181.8530,Scandinavian
105816,Scandinavian,Swedish,European,160.2477,1879.6400,58.5790,123.7790,Scandinavian
105817,Scandinavian,Swedish,European,56.2583,739.1910,3.9085,55.6405,Scandinavian
105818,Scandinavian,Swedish,European,417.4461,4350.4960,110.9273,272.6861,Scandinavian
105819,Scandinavian,Swedish,European,239.6644,1499.0348,49.8788,70.3878,Scandinavian
105820,Scandinavian,Swedish,European,598.9886,9684.2940,319.3100,730.5100,Scandinavian
105821,Scandinavian,Swedish,European,533.0707,3105.0375,91.0518,76.3174,Scandinavian
105822,Scandinavian,Swedish,European,696.7481,4011.4930,39.1835,115.1076,Scandinavian
105823,Scandinavian,Swedish,European,831.5946,8103.2966,111.6057,516.8668,Scandinavian
105824,Scandinavian,Swedish,European,536.8174,3538.5560,68.9805,133.3754,Scandinavian
105825,Scandinavian,Swedish,European,162.8360,1755.0000,42.7440,115.2000,Scandinavian
105826,Scandinavian,Swedish,European,235.3007,1463.4225,33.0466,43.0523,Scandinavian
105827,Scandinavian,Swedish,European,185.4683,3695.0238,67.2968,311.8928,Scandinavian
105828,Scandinavian,Swedish,European,124.9027,1290.1040,51.7545,66.5206,Scandinavian
105829,Scandinavian,Swedish,European,660.1684,7271.7360,34.4076,504.4092,Scandinavian
105830,Scandinavian,Swedish,European,136.3654,735.2120,13.3647,15.6925,Scandinavian
105831,Scandinavian,Swedish,European,88.3382,2674.2950,82.1961,228.8935,Scandinavian
105832,Scandinavian,Swedish,European,206.3260,1128.5984,56.6385,39.4002,Scandinavian
105833,Scandinavian,Swedish,European,221.9988,1303.7340,23.5239,38.5805,Scandinavian
105834,Scandinavian,Swedish,European,590.3471,3389.4285,116.8482,147.9637,Scandinavian
105835,Scandinavian,Swedish,European,274.9022,2889.8088,68.4605,178.0734,Scandinavian
105836,Scandinavian,Swedish,European,469.8426,3984.7163,83.2065,209.2095,Scandinavian
105837,Scandinavian,Swedish,European,116.2901,1209.7440,25.7550,77.3143,Scandinavian
105838,Scandinavian,Swedish,European,418.5672,3071.3500,74.1324,128.8230,Scandinavian
105839,Scandinavian,Swedish,European,323.3170,1964.1454,63.1689,53.3453,Scandinavian
105840,Scandinavian,Swedish,European,4700.8900,123615.6500,1333.9250,11391.4450,Scandinavian
105841,Scandinavian,Swedish,European,385.9136,3521.8080,54.4714,216.2459,Scandinavian
105842,Scandinavian,Swedish,European,573.0313,2567.6150,25.0600,12.4585,Scandinavian
105843,Scandinavian,Swedish,European,215.8049,2094.0610,48.1389,124.2261,Scandinavian
105844,Scandinavian,Swedish,European,40340.5177,162420.1175,31.0751,119.8354,Scandinavian
105845,Scandinavian,Swedish,European,192.2791,3681.3716,91.1772,296.7928,Scandinavian
105846,Scandinavian,Swedish,European,521.3604,3565.4740,75.6837,138.9386,Scandinavian
105847,Scandinavian,Swedish,European,49.8066,735.0800,52.2691,37.2493,Scandinavian
105848,Scandinavian,Swedish,European,64.6415,3380.3570,49.1873,338.0574,Scandinavian
105849,Scandinavian,Swedish,European,316.0722,2434.2000,57.2358,162.6608,Scandinavian
105850,Scandinavian,Swedish,European,520.0781,3225.7542,59.3083,111.3444,Scandinavian
105851,Scandinavian,Swedish,European,643.8580,3952.0170,77.3079,126.8298,Scandinavian
105852,Scandinavian,Swedish,European,367.5477,2752.8415,7.8889,143.2170,Scandinavian
105853,Scandinavian,Swedish,European,62.1980,3253.6100,85.4705,309.0370,Scandinavian
105854,Scandinavian,Swedish,European,414.4136,2629.3600,48.2061,93.6131,Scandinavian
105855,Scandinavian,Swedish,European,97.2969,391.5210,1.4975,2.2880,Scandinavian
105856,Scandinavian,Swedish,European,315.1402,2530.1600,142.2809,86.1018,Scandinavian
105857,Scandinavian,Swedish,European,216.7760,2635.3760,126.8868,148.5996,Scandinavian
105858,Scandinavian,Swedish,European,95.4165,2815.6360,41.3415,265.9513,Scandinavian
105859,Scandinavian,Swedish,European,50446.3800,203689.5000,43.2400,207.7650,Scandinavian
105860,Scandinavian,Swedish,European,641.0178,3041.3920,37.8780,41.6779,Scandinavian
105861,Scandinavian,Swedish,European,472.4381,3175.6533,14.0940,145.0997,Scandinavian
105862,Scandinavian,Swedish,European,804.9370,4636.3570,79.6923,127.4222,Scandinavian
105863,Scandinavian,Swedish,European,203.0930,1651.3320,8.2092,90.9162,Scandinavian
105864,Scandinavian,Swedish,European,73.8742,1374.6147,2.3447,123.9631,Scandinavian
105865,Scandinavian,Swedish,European,293.9662,2150.2957,51.9107,95.9464,Scandinavian
105866,Scandinavian,Swedish,European,612.0837,3686.9006,59.4100,121.2275,Scandinavian
105867,Scandinavian,Swedish,European,278.8015,2543.2140,51.6905,146.7495,Scandinavian
105868,Scandinavian,Swedish,European,500.3126,3401.0875,50.5422,134.2821,Scandinavian
105869,Scandinavian,Swedish,European,147.0959,3275.3200,113.9660,265.8998,Scandinavian
105870,Scandinavian,Swedish,European,980.3953,5042.0837,81.8801,92.9245,Scandinavian
105871,Scandinavian,Swedish,European,315.7916,2504.5754,53.8324,124.4971,Scandinavian
105872,Scandinavian,Swedish,European,49.7095,999.4080,12.8142,86.7217,Scandinavian
105873,Scandinavian,Swedish,European,230.5293,2429.6760,16.4345,163.1965,Scandinavian
105874,Scandinavian,Swedish,European,357.1192,2197.2660,45.0501,67.2636,Scandinavian
105875,Scandinavian,Swedish,European,317.2508,2641.3600,62.4140,132.0512,Scandinavian
105876,Scandinavian,Swedish,European,49.9015,1167.1450,95.6836,62.8909,Scandinavian
105877,Scandinavian,Swedish,European,888.5939,5015.7692,70.1751,136.7614,Scandinavian
105878,Scandinavian,Swedish,European,101114.3328,418972.6136,475.6561,2758.0268,Scandinavian
105879,Scandinavian,Swedish,European,1545.4914,8388.3644,55.4121,223.5925,Scandinavian
105880,Scandinavian,Swedish,European,17.7009,2067.6820,2.6715,225.2000,Scandinavian
105881,Scandinavian,Swedish,European,395.2220,2277.8340,28.5617,57.8441,Scandinavian
105882,Scandinavian,Swedish,European,318.2017,3078.1720,63.1921,179.5237,Scandinavian
105883,Scandinavian,Swedish,European,159.6447,1488.8760,49.6155,74.1111,Scandinavian
105884,Scandinavian,Swedish,European,665.0383,3107.4700,55.6353,16.5339,Scandinavian
105885,Scandinavian,Swedish,European,481.3881,3326.1700,71.6389,129.8326,Scandinavian
105886,Scandinavian,Swedish,European,465.5015,3032.5100,60.8355,105.7293,Scandinavian
105887,Scandinavian,Swedish,European,649.5395,5112.4780,88.1976,247.5969,Scandinavian
105888,Scandinavian,Swedish,European,66.5158,244.6125,0.0534,0.2071,Scandinavian
105889,Scandinavian,Swedish,European,103.3642,1344.0840,56.7257,83.5089,Scandinavian
105890,Scandinavian,Swedish,European,212.2551,1868.8040,35.7313,97.2958,Scandinavian
105891,Scandinavian,Swedish,European,883.7018,4944.4360,43.4030,144.1502,Scandinavian
105892,Scandinavian,Swedish,European,520.9780,3524.2804,70.4924,134.1876,Scandinavian
105893,Scandinavian,Swedish,European,463.8537,4990.3010,73.4589,323.0175,Scandinavian
105894,Scandinavian,Swedish,European,615.8531,3750.4530,85.8033,132.1415,Scandinavian
105895,Scandinavian,Swedish,European,462.4734,2946.6493,60.0892,98.6607,Scandinavian
105896,Scandinavian,Swedish,European,844.7871,4971.4234,28.6934,159.7256,Scandinavian
105897,Scandinavian,Swedish,European,32.4558,123.6882,1.3358,0.2969,Scandinavian
105898,Scandinavian,Swedish,European,54.2619,663.3400,28.2605,39.0888,Scandinavian
105899,Scandinavian,Swedish,European,568.5849,3447.0370,68.1885,101.9222,Scandinavian
105900,Scandinavian,Swedish,European,183.9990,1822.3378,55.1305,102.0026,Scandinavian
105901,Scandinavian,Swedish,European,80.0146,438.1600,9.9601,7.2701,Scandinavian
105902,Scandinavian,Swedish,European,247.1878,2622.1610,19.9356,176.6120,Scandinavian
105903,Scandinavian,Swedish,European,211.1368,6027.6150,50.6755,569.8534,Scandinavian
105904,Scandinavian,Swedish,European,101.1126,798.8897,35.3683,26.4056,Scandinavian
105905,Scandinavian,Swedish,European,171.9587,1054.0318,24.5931,33.2712,Scandinavian
105906,Scandinavian,Swedish,European,72.8412,419.7380,12.9020,7.8715,Scandinavian
105907,Scandinavian,Swedish,European,361.3579,1971.1805,51.6414,31.1193,Scandinavian
105908,Scandinavian,Swedish,European,916.8846,5476.5700,27.6165,209.2932,Scandinavian
105909,Scandinavian,Swedish,European,249.1174,2075.5300,60.2515,99.6386,Scandinavian
105910,Scandinavian,Swedish,European,52.2731,1839.5640,19.5185,176.4040,Scandinavian
105911,Scandinavian,Swedish,European,224.4262,2173.9600,45.2782,129.4006,Scandinavian
105912,Scandinavian,Swedish,European,837.3140,4772.8180,82.2510,128.5521,Scandinavian
105913,Scandinavian,Swedish,European,44.0575,1051.7713,67.3822,69.7054,Scandinavian
105914,Scandinavian,Swedish,European,113.6150,3086.3350,49.0240,283.4550,Scandinavian
105915,Scandinavian,Swedish,European,805.6434,4370.5879,96.6500,74.5135,Scandinavian
105916,Scandinavian,Swedish,European,408.1854,3058.2960,65.1127,136.5655,Scandinavian
105917,Scandinavian,Swedish,European,741.1644,4967.9940,103.3020,185.4101,Scandinavian
105918,Scandinavian,Swedish,European,419.6764,1762.2466,25.9695,4.0409,Scandinavian
105919,Scandinavian,Swedish,European,925.1546,5061.6660,25.4800,162.5305,Scandinavian
105920,Scandinavian,Swedish,European,859.8537,7903.2140,73.6135,475.7253,Scandinavian
105921,Scandinavian,Swedish,European,297.7909,2068.7145,38.8460,91.3946,Scandinavian
105922,Scandinavian,Swedish,European,159.5836,1839.9830,65.8047,110.0451,Scandinavian
105923,Scandinavian,Swedish,European,162.8360,1755.0000,42.7440,115.2000,Scandinavian
105924,Scandinavian,Swedish,European,305.0600,2712.4067,109.5440,125.8957,Scandinavian
105925,Scandinavian,Swedish,European,285.7818,1382.8160,24.6202,14.4397,Scandinavian
105926,Scandinavian,Swedish,European,509.6818,3148.7780,47.4906,114.3710,Scandinavian
105927,Scandinavian,Swedish,European,538.4750,2266.9500,46.4100,0.0000,Scandinavian
105928,Scandinavian,Swedish,European,630.3030,3600.8590,62.0023,97.1362,Scandinavian
105929,Scandinavian,Swedish,European,58832.5301,269051.8140,3287.8125,1933.0800,Scandinavian
105930,Scandinavian,Swedish,European,329.6414,2568.1600,34.8080,123.2306,Scandinavian
105931,Scandinavian,Swedish,European,328.9214,2425.1600,22.2480,113.7206,Scandinavian
105932,Scandinavian,Swedish,European,1159.7691,6255.1080,98.0609,148.2530,Scandinavian
105933,Scandinavian,Swedish,European,93.0805,4356.2400,31.3898,437.5998,Scandinavian
105934,Scandinavian,Swedish,European,90.1636,1565.9200,115.6358,83.8740,Scandinavian
105935,Scandinavian,Swedish,European,450.4523,2586.2707,44.5272,70.4787,Scandinavian
105936,Scandinavian,Swedish,European,29.0885,621.4140,5.2647,55.3096,Scandinavian
105937,Scandinavian,Swedish,European,916.0211,4679.5717,55.8807,92.3414,Scandinavian
105938,Scandinavian,Swedish,European,114.6709,848.7020,20.2269,36.4788,Scandinavian
105939,Scandinavian,Swedish,European,728.7012,3695.2480,46.7387,63.0173,Scandinavian
105940,Scandinavian,Swedish,European,375.3422,2436.4520,45.3894,96.0354,Scandinavian
105941,Scandinavian,Swedish,European,511.3312,3970.3382,59.2153,211.0818,Scandinavian
105942,Scandinavian,Swedish,European,477.0432,4127.1800,14.2480,256.4000,Scandinavian
105943,Scandinavian,Swedish,European,126.3324,1623.4848,14.4864,126.1588,Scandinavian
105944,Scandinavian,Swedish,European,497.4467,2671.8760,21.9567,75.0821,Scandinavian
105945,Scandinavian,Swedish,European,214.3038,869.8050,2.4438,0.0876,Scandinavian
105946,Scandinavian,Swedish,European,1385.3019,7597.5810,114.5393,192.2355,Scandinavian
105947,Scandinavian,Swedish,European,137.8330,1025.1000,51.5900,33.2070,Scandinavian
105948,Scandinavian,Swedish,European,348.8875,2843.9073,32.0605,159.0692,Scandinavian
105949,Scandinavian,Swedish,European,156.4639,1735.9750,46.8049,111.1521,Scandinavian
105950,Scandinavian,Swedish,European,456.3549,3856.1580,25.0833,214.2435,Scandinavian
105951,Scandinavian,Swedish,European,622.9057,3490.1150,64.7619,89.0797,Scandinavian
105952,Scandinavian,Swedish,European,91.2661,1413.2710,48.6822,98.9551,Scandinavian
105953,Scandinavian,Swedish,European,312.8543,1945.4600,38.1538,70.0633,Scandinavian
105954,Scandinavian,Swedish,European,925.8373,4410.2340,23.6548,89.4453,Scandinavian
105955,Scandinavian,Swedish,European,580.1080,3508.9310,131.1901,152.6571,Scandinavian
105956,Scandinavian,Swedish,European,9297.3015,37210.8940,485.5205,179.8639,Scandinavian
105957,Scandinavian,Swedish,European,68.0109,1490.6608,49.5108,120.2440,Scandinavian
105958,Scandinavian,Swedish,European,135.9454,548.4617,5.2436,2.3574,Scandinavian
105959,Scandinavian,Swedish,European,73.8551,835.9480,24.1670,51.3590,Scandinavian
105960,Scandinavian,Swedish,European,250.4140,1024.4280,8.7323,0.5785,Scandinavian
105961,Scandinavian,Swedish,European,142.5358,2851.2300,76.0944,227.6678,Scandinavian
105962,Scandinavian,Swedish,European,636.7903,3815.1357,40.8488,120.5083,Scandinavian
105963,Scandinavian,Swedish,European,741.7791,3137.3767,23.9997,6.6113,Scandinavian
105964,Scandinavian,Swedish,European,171.3401,2038.1160,50.8377,138.7315,Scandinavian
105965,Scandinavian,Swedish,European,506.9854,2178.7160,51.1910,1.4138,Scandinavian
105966,Scandinavian,Swedish,European,938.1712,17706.9230,534.3000,1440.0000,Scandinavian
105967,Scandinavian,Swedish,European,212.5777,1595.5217,77.5769,54.2835,Scandinavian
105968,Scandinavian,Swedish,European,481.5432,3937.7775,152.6020,177.2980,Scandinavian
105969,Scandinavian,Swedish,European,378.3475,5255.3660,71.4945,394.8139,Scandinavian
105970,Scandinavian,Swedish,European,205.2556,835.5600,5.9400,0.6204,Scandinavian
105971,Scandinavian,Swedish,European,270.0287,3858.9030,61.9093,293.1685,Scandinavian
105972,Scandinavian,Swedish,European,174.9283,2299.7153,52.7655,165.4161,Scandinavian
105973,Scandinavian,Swedish,European,662.8791,4770.9540,118.0125,191.5239,Scandinavian
105974,Scandinavian,Swedish,European,98.0358,868.0779,38.0655,34.2644,Scandinavian
105975,Scandinavian,Swedish,European,290.0927,3264.4567,46.0292,219.1987,Scandinavian
105976,Scandinavian,Swedish,European,60.9580,2570.0240,49.9760,244.7938,Scandinavian
105977,Scandinavian,Swedish,European,125.8917,1969.6860,19.0322,160.3716,Scandinavian
105978,Scandinavian,Swedish,European,518.2731,4348.8400,64.2422,233.1990,Scandinavian
105979,Scandinavian,Swedish,European,841.9448,4764.8090,82.1857,128.4596,Scandinavian
105980,Scandinavian,Swedish,European,347.4839,2289.7020,42.0560,93.0622,Scandinavian
105981,Scandinavian,Swedish,European,29.6906,1294.6820,81.6733,99.5638,Scandinavian
105982,Scandinavian,Swedish,European,251.3379,1345.0800,30.9125,23.7086,Scandinavian
105983,Scandinavian,Swedish,European,500.6698,3281.6939,63.5104,121.6979,Scandinavian
105984,Scandinavian,Swedish,European,597.1103,6083.8200,35.5140,397.6413,Scandinavian
105985,Scandinavian,Swedish,European,186.5339,1110.3840,33.4032,23.5171,Scandinavian
105986,Scandinavian,Swedish,European,258.0134,1649.2800,30.7730,59.8436,Scandinavian
105987,Scandinavian,Swedish,European,280.9020,3999.4485,76.9527,299.4555,Scandinavian
105988,Scandinavian,Swedish,European,1064.7542,6828.7625,128.4844,248.4401,Scandinavian
105989,Scandinavian,Swedish,European,376.9810,1653.8060,51.1078,1.3978,Scandinavian
105990,Scandinavian,Swedish,European,28209.5403,136596.0700,899.7273,2719.7779,Scandinavian
105991,Scandinavian,Swedish,European,52.9684,711.4620,52.0064,34.8348,Scandinavian
105992,Scandinavian,Swedish,European,54.7266,310.5387,5.8983,6.0370,Scandinavian
105993,Scandinavian,Swedish,European,307.0700,1245.0208,9.2142,4.1172,Scandinavian
105994,Scandinavian,Swedish,European,54.6890,1294.2975,40.3564,105.9909,Scandinavian
105995,Scandinavian,Swedish,European,272.0473,3931.0827,32.7915,312.6868,Scandinavian
105996,Scandinavian,Swedish,European,328.1227,2784.4800,163.5457,103.7906,Scandinavian
105997,Scandinavian,Swedish,European,65.4467,1694.3670,21.4940,151.2331,Scandinavian
105998,Scandinavian,Swedish,European,52.2339,936.3265,119.1375,26.0301,Scandinavian
105999,Scandinavian,Swedish,European,12.6470,192.3900,6.0060,14.5250,Scandinavian
106000,Scandinavian,Swedish,European,134.3973,537.3200,0.0000,0.0000,Scandinavian
106001,Scandinavian,Swedish,European,12.8278,572.7130,5.4294,56.8865,Scandinavian
106002,Scandinavian,Swedish,European,67.5993,1489.3800,49.4622,120.2308,Scandinavian
106003,Scandinavian,Swedish,European,16.1467,1892.3311,127.5959,142.3994,Scandinavian
106004,Scandinavian,Swedish,European,20.5481,1022.3840,35.8485,90.1650,Scandinavian
106005,Scandinavian,Swedish,European,42.2976,1241.1442,98.2620,73.9392,Scandinavian
106006,Scandinavian,Swedish,European,914.0150,31600.1255,1578.8004,2448.9761,Scandinavian
106007,Scandinavian,Swedish,European,562.4893,2775.5580,109.8268,33.7620,Scandinavian
106008,Scandinavian,Swedish,European,65.1418,2923.9645,202.8997,212.9658,Scandinavian
106009,Scandinavian,Swedish,European,12.9873,1324.2794,221.2607,42.5464,Scandinavian
106010,Scandinavian,Swedish,European,60.5460,3335.6064,165.5663,274.0806,Scandinavian
106011,Scandinavian,Swedish,European,38.9944,693.7165,75.2224,26.3027,Scandinavian
106012,Scandinavian,Swedish,European,58.4961,2624.0330,112.8546,221.5417,Scandinavian
106013,Scandinavian,Swedish,European,49.3894,629.4713,32.5018,33.7291,Scandinavian
106014,Scandinavian,Swedish,European,35.4331,682.3467,51.1587,36.3109,Scandinavian
106015,Scandinavian,Swedish,European,111.0628,442.3592,9.6949,1.7844,Scandinavian
106016,Scandinavian,Swedish,European,66.2412,2086.5920,144.1111,145.0760,Scandinavian
106017,Scandinavian,Swedish,European,2.6353,3281.7329,348.0654,209.1965,Scandinavian
106018,Scandinavian,Swedish,European,243.6938,1181.0400,18.9469,15.7115,Scandinavian
106019,Scandinavian,Swedish,European,55.6135,543.3095,23.4197,26.8715,Scandinavian
106020,Scandinavian,Swedish,European,49.4820,644.5820,35.6180,33.4464,Scandinavian
106021,Scandinavian,Swedish,European,222.0291,1178.7706,69.9333,7.0649,Scandinavian
106022,Scandinavian,Swedish,European,39.9153,343.5198,9.7811,19.1820,Scandinavian
106023,Scandinavian,Swedish,European,25.5535,581.4500,94.8449,9.8498,Scandinavian
106024,Scandinavian,Swedish,European,73.1492,2546.8768,162.6746,179.8639,Scandinavian
106025,Scandinavian,Swedish,European,17.5813,865.7100,60.1760,61.6347,Scandinavian
106026,Scandinavian,Swedish,European,183.0584,1671.4310,16.7754,97.6155,Scandinavian
106027,Scandinavian,Swedish,European,45.6020,1164.0080,114.5423,58.6947,Scandinavian
106028,Scandinavian,Swedish,European,124.4844,772.1700,21.6520,20.7126,Scandinavian
106029,Scandinavian,Swedish,European,6.8514,428.4526,90.3388,3.0922,Scandinavian
106030,Scandinavian,Swedish,European,67.7660,2120.9686,202.0109,112.2461,Scandinavian
106031,Scandinavian,Swedish,European,41.3172,2585.9915,538.5612,13.6000,Scandinavian
106032,Scandinavian,Swedish,European,88.6128,1890.7791,148.7792,105.7952,Scandinavian
106033,Scandinavian,Swedish,European,174.9103,1658.1182,98.9955,62.6853,Scandinavian
106034,Scandinavian,Swedish,European,5.7752,373.1824,27.8704,26.2449,Scandinavian
106035,Scandinavian,Swedish,European,408.1854,3058.2960,65.1127,136.5655,Scandinavian
106036,Scandinavian,Swedish,European,349.3666,3221.8850,121.9610,161.3714,Scandinavian
106037,Scandinavian,Swedish,European,4.6373,1306.8736,179.8831,57.4828,Scandinavian
106038,Scandinavian,Swedish,European,28.1303,699.6980,19.0049,50.5109,Scandinavian
106039,Scandinavian,Swedish,European,2360.7951,29932.8640,1539.8962,1600.2718,Scandinavian
106040,Scandinavian,Swedish,European,77.0415,1758.4191,111.9698,108.0688,Scandinavian
106041,Scandinavian,Swedish,European,1099.8696,4489.9700,18.9813,5.6836,Scandinavian
106042,Scandinavian,Swedish,European,21.8576,991.9140,91.1291,58.1557,Scandinavian
106043,Scandinavian,Swedish,European,353.8202,10303.8649,754.9172,654.6770,Scandinavian
106044,Scandinavian,Swedish,European,1155.9886,6148.2884,176.9730,102.6974,Scandinavian
106045,Scandinavian,Swedish,European,59504.4760,388127.7800,15435.1150,9206.1720,Scandinavian
106046,Scandinavian,Swedish,European,54.0592,1693.6835,20.6935,159.7074,Scandinavian
106047,Scandinavian,Swedish,European,193.5250,1247.5870,9.6880,58.4792,Scandinavian
106048,Scandinavian,Swedish,European,25.4148,2478.3283,226.3920,162.6577,Scandinavian
106049,Scandinavian,Swedish,European,148.8166,926.4422,20.8375,28.6639,Scandinavian
106050,Scandinavian,Swedish,European,79.3520,492.0500,21.4965,12.2235,Scandinavian
106051,Scandinavian,Swedish,European,134.3973,1344.2552,179.5204,4.5333,Scandinavian
106052,Scandinavian,Swedish,European,0.0000,75.6500,16.8300,0.4250,Scandinavian
106053,Scandinavian,Swedish,European,205.9787,1285.1700,37.6800,28.5300,Scandinavian
106054,Scandinavian,Swedish,European,13.4943,662.7396,98.4195,26.1742,Scandinavian
106055,Scandinavian,Swedish,European,4.4454,100.3800,0.0000,0.0000,Scandinavian
106056,Scandinavian,Swedish,European,320.7000,1764.8300,43.2501,48.3356,Scandinavian
106057,Scandinavian,Swedish,European,25.3647,222.1600,11.2858,8.2542,Scandinavian
106058,Scandinavian,Swedish,European,85.9529,434.0910,15.7495,6.5083,Scandinavian
106059,Scandinavian,Swedish,European,39.0163,267.4120,2.5910,13.9154,Scandinavian
106060,Scandinavian,Swedish,European,163.3543,1336.5694,124.6186,18.2660,Scandinavian
106061,Scandinavian,Swedish,European,311.4216,2654.9948,127.8683,94.0436,Scandinavian
106062,Scandinavian,Swedish,European,56.6804,1019.5400,9.3957,88.5066,Scandinavian
106063,Scandinavian,Swedish,European,16.5606,435.5050,15.7910,36.2837,Scandinavian
106064,Scandinavian,Swedish,European,79.1983,573.1434,22.7300,21.8027,Scandinavian
106065,Scandinavian,Swedish,European,749.3090,4074.4860,56.0560,89.3914,Scandinavian
106066,Scandinavian,Swedish,European,145.6196,6910.6933,103.3565,664.0375,Scandinavian
106067,Scandinavian,Swedish,European,2.0916,619.0014,135.2723,3.9948,Scandinavian
106068,Scandinavian,Swedish,European,14.2687,697.0590,0.3003,72.0441,Scandinavian
106069,Scandinavian,Swedish,European,46.3061,4153.6825,115.2230,396.0029,Scandinavian
106070,Scandinavian,Swedish,European,288.2942,2156.7700,24.0484,100.8820,Scandinavian
106071,Scandinavian,Swedish,European,121.4609,492.0240,1.4621,0.9777,Scandinavian
106072,Scandinavian,Swedish,European,13.4290,472.0657,5.7269,44.5323,Scandinavian
106073,Scandinavian,Swedish,European,27.7886,990.7158,149.3756,32.5944,Scandinavian
106074,Scandinavian,Swedish,European,8618.6710,55679.1661,1773.3497,1906.5560,Scandinavian
106075,Scandinavian,Swedish,European,52.8226,1323.9557,196.0157,35.3706,Scandinavian
106076,Scandinavian,Swedish,European,3008.5195,110832.4309,1563.4044,10572.8503,Scandinavian
106077,Scandinavian,Swedish,European,249.7115,1622.5344,39.3585,62.2272,Scandinavian
106078,Scandinavian,Swedish,European,6.7364,359412.7865,359.6498,39780.7571,Scandinavian
106079,Scandinavian,Swedish,European,0.0000,0.0000,0.0000,0.0000,Scandinavian
106080,Scandinavian,Swedish,European,151.4941,1420.9200,83.8815,51.6924,Scandinavian
106081,Scandinavian,Swedish,European,119.4161,751.5317,26.7637,19.3789,Scandinavian
106082,Scandinavian,Swedish,European,18.1130,501.5862,39.4482,32.3306,Scandinavian
106083,Scandinavian,Swedish,European,296.8709,1849.0731,62.4228,46.4686,Scandinavian
106084,Scandinavian,Swedish,European,24.9394,383.3283,17.3820,25.1059,Scandinavian
106085,Scandinavian,Swedish,European,41.6849,166.6292,0.0597,0.0187,Scandinavian
106086,Scandinavian,Swedish,European,25230.9280,101431.5000,21.3720,57.6000,Scandinavian
106087,Scandinavian,Swedish,European,1041.2860,124672.6189,1211.2700,13128.8582,Scandinavian
106088,Scandinavian,Swedish,European,99.2359,1695.7780,204.2908,57.3590,Scandinavian
106089,Scandinavian,Swedish,European,11.2080,48.0000,1.3200,0.1200,Scandinavian
106090,Scandinavian,Swedish,European,94.9540,433.7100,7.0508,1.6827,Scandinavian
106091,Scandinavian,Swedish,European,24.3944,956.6040,3.8662,96.8513,Scandinavian
106092,Scandinavian,Swedish,European,69.2373,760.6187,82.3850,16.9732,Scandinavian
106093,Scandinavian,Swedish,European,27.7185,2366.2064,147.9654,184.0802,Scandinavian
106094,Scandinavian,Swedish,European,453.5815,2775.9600,49.0498,94.2486,Scandinavian
106095,Scandinavian,Swedish,European,114.3714,894.4960,11.9853,46.6678,Scandinavian
106096,Scandinavian,Swedish,European,107.5087,765.3400,25.6005,30.4788,Scandinavian
106097,Scandinavian,Swedish,European,218.7627,920.1700,1.7600,0.1600,Scandinavian
106098,Scandinavian,Swedish,European,38.4780,447.2315,12.5164,31.3657,Scandinavian
106099,Scandinavian,Swedish,European,22.6796,156.4892,3.4927,5.2390,Scandinavian
106100,Scandinavian,Swedish,European,365.7633,3507.4482,31.1289,222.1779,Scandinavian
106101,Scandinavian,Swedish,European,45.9845,644.9455,14.5332,45.5442,Scandinavian
106102,Scandinavian,Swedish,European,322.7853,2425.9674,105.2418,96.6648,Scandinavian
106103,Scandinavian,Swedish,European,89.5296,3722.4749,309.9024,235.7702,Scandinavian
106104,Scandinavian,Swedish,European,1310.3019,5444.4896,79.2430,9.8526,Scandinavian
106105,Scandinavian,Swedish,European,26.9070,2349.7663,144.6129,185.3309,Scandinavian
106106,Scandinavian,Swedish,European,29.7420,774.1881,42.3134,53.5921,Scandinavian
106107,Scandinavian,Swedish,European,70.6055,1932.1112,131.5533,124.5805,Scandinavian
106108,Scandinavian,Swedish,European,339.6794,2019.0750,60.7000,42.6886,Scandinavian
106109,Scandinavian,Swedish,European,1086.5260,5596.1610,82.5193,105.5074,Scandinavian
106110,Scandinavian,Swedish,European,51.7876,943.4950,54.7722,57.9804,Scandinavian
106111,Scandinavian,Swedish,European,76.4175,4761.0467,381.0463,316.2129,Scandinavian
106112,Scandinavian,Swedish,European,447.7314,2168.6705,106.2280,18.8989,Scandinavian
106113,Scandinavian,Swedish,European,90.1453,355.9275,3.0624,0.4372,Scandinavian
106114,Scandinavian,Swedish,European,19.0412,849.8066,14.0564,83.8592,Scandinavian
106115,Scandinavian,Swedish,European,26.6306,1873.1616,190.2068,108.0244,Scandinavian
106116,Scandinavian,Swedish,European,411.7779,2204.1750,76.6938,39.6575,Scandinavian
106117,Scandinavian,Swedish,European,25.5385,3846.1954,259.9725,292.2737,Scandinavian
106118,Scandinavian,Swedish,European,100.0355,2980.9041,192.6265,202.7742,Scandinavian
106119,Scandinavian,Swedish,European,34.4189,1452.5909,122.5236,90.0043,Scandinavian
106120,Scandinavian,Swedish,European,170.9551,1538.0527,63.0160,66.7868,Scandinavian
106121,Scandinavian,Swedish,European,126.9407,541.7308,4.3941,0.4671,Scandinavian
106122,Scandinavian,Swedish,European,165.9101,1302.2794,120.2601,15.5057,Scandinavian
106123,Scandinavian,Swedish,European,54.6642,1584.2282,109.3199,108.4360,Scandinavian
106124,Scandinavian,Swedish,European,138.1539,1477.6106,16.9686,101.9722,Scandinavian
106125,Scandinavian,Swedish,European,39.5133,1104.0140,6.1288,103.5804,Scandinavian
106126,Scandinavian,Swedish,European,485.2967,3236.0480,113.2750,115.1232,Scandinavian
106127,Scandinavian,Swedish,European,36.1921,756.6416,120.3299,19.1768,Scandinavian
106128,Scandinavian,Swedish,European,368.7991,3066.7392,32.6443,164.4354,Scandinavian
106129,Scandinavian,Swedish,European,297.4177,1695.8660,47.3042,36.1708,Scandinavian
106130,Scandinavian,Swedish,European,43.0034,192.7057,3.7086,0.7497,Scandinavian
106131,Scandinavian,Swedish,European,28.6093,515.4336,90.7502,2.8606,Scandinavian
106132,Scandinavian,Swedish,European,337.0634,2285.6500,5.9815,110.6040,Scandinavian
106133,Scandinavian,Swedish,European,7.4242,1001.7394,95.2741,62.8031,Scandinavian
106134,Scandinavian,Swedish,European,188.3552,1658.5220,59.6420,75.6662,Scandinavian
106135,Scandinavian,Swedish,European,58.6134,976.6563,11.1451,82.7581,Scandinavian
106136,Scandinavian,Swedish,European,84.0633,340.6670,1.6453,0.8623,Scandinavian
106137,Scandinavian,Swedish,European,94.0906,2592.7670,96.4601,208.5455,Scandinavian
106138,Scandinavian,Swedish,European,9.0502,640.6600,34.2261,52.4120,Scandinavian
106139,Scandinavian,Swedish,European,56.6486,1918.7698,161.2667,120.6133,Scandinavian
106140,Scandinavian,Swedish,European,11.1531,186.3100,6.5564,12.9567,Scandinavian
106141,Scandinavian,Swedish,European,15.4251,66.7360,1.9857,0.2200,Scandinavian
106142,Scandinavian,Swedish,European,154.3973,1858.0473,229.1297,35.2124,Scandinavian
106143,Scandinavian,Swedish,European,19431.9000,92000.2500,3611.2500,676.1250,Scandinavian
106144,Scandinavian,Swedish,European,140.9696,617.2770,4.0306,3.6747,Scandinavian
106145,Scandinavian,Swedish,European,337.4436,1827.2400,46.7340,29.9548,Scandinavian
106146,Scandinavian,Swedish,European,27.5448,1049.7040,0.0000,109.0000,Scandinavian
106147,Scandinavian,Swedish,European,85.0768,5855.2370,422.4190,415.3101,Scandinavian
106148,Scandinavian,Swedish,European,439.6884,2542.9900,92.6488,67.5456,Scandinavian
106149,Scandinavian,Swedish,European,358.1508,2071.6100,31.1020,56.2772,Scandinavian
106150,Scandinavian,Swedish,European,159.5405,1939.0830,24.4509,140.0231,Scandinavian
106151,Scandinavian,Swedish,European,61.5989,2200.5400,85.5131,188.0128,Scandinavian
106152,Scandinavian,Swedish,European,13.5348,566.7583,4.4541,56.9724,Scandinavian
106153,Scandinavian,Swedish,European,917.1819,5090.6950,70.4360,125.0651,Scandinavian
106154,Scandinavian,Swedish,European,28.6607,1700.3897,95.2593,132.3002,Scandinavian
106155,Scandinavian,Swedish,European,332.2677,3333.7200,73.8550,202.9753,Scandinavian
106156,Scandinavian,Swedish,European,91.9192,696.2200,23.5648,27.4048,Scandinavian
106157,Scandinavian,Swedish,European,65.6135,1572.5000,24.6025,146.7680,Scandinavian
106158,Scandinavian,Swedish,European,85.8486,1174.1040,44.4273,77.4409,Scandinavian
106159,Scandinavian,Swedish,European,63.6148,1821.7985,67.4359,145.6723,Scandinavian
106160,Scandinavian,Swedish,European,0.0000,403.4676,89.7602,2.2667,Scandinavian
106161,Scandinavian,Swedish,European,131.6428,1112.1157,60.8882,38.0942,Scandinavian
106162,Scandinavian,Swedish,European,414.7384,3544.6620,47.3145,193.5503,Scandinavian
106163,Scandinavian,Swedish,European,1847.8115,30222.7755,86.2039,2631.5205,Scandinavian
106164,Scandinavian,Swedish,European,11.0233,454.6740,6.3966,43.9454,Scandinavian
106165,Scandinavian,Swedish,European,,,,,Scandinavian
106166,Scandinavian,Swedish,European,11.7855,1245.9022,187.8409,46.2841,Scandinavian
106167,Scandinavian,Swedish,European,526.5359,2914.7000,72.9180,53.8371,Scandinavian
106168,Scandinavian,Swedish,European,198.0255,2416.3560,46.3435,169.7586,Scandinavian
106169,Scandinavian,Swedish,European,234.0371,1536.3960,28.5685,57.7147,Scandinavian
106170,Scandinavian,Swedish,European,29.1993,706.8107,5.9182,57.3567,Scandinavian
106171,Scandinavian,Swedish,European,70.0862,274.8531,1.3635,0.3860,Scandinavian
106172,Scandinavian,Swedish,European,68.8158,2304.7621,114.5352,174.5315,Scandinavian
106173,Scandinavian,Swedish,European,64.6926,1518.6850,123.5094,85.7210,Scandinavian
106174,Scandinavian,Swedish,European,289.7146,1742.6580,54.9355,36.7045,Scandinavian
106175,Scandinavian,Swedish,European,204.3622,2573.8500,52.3457,181.7095,Scandinavian
106176,Scandinavian,Swedish,European,648.4738,3173.1490,106.3940,43.2882,Scandinavian
106177,Scandinavian,Swedish,European,111.1409,14621.4365,890.2880,1153.1377,Scandinavian
106178,Scandinavian,Swedish,European,192.2770,1084.9850,18.8400,27.6050,Scandinavian
106179,Scandinavian,Swedish,European,100.5975,4852.3947,249.8149,388.1273,Scandinavian
106180,Scandinavian,Swedish,European,410.4912,3108.7360,51.1195,151.5414,Scandinavian
106181,Scandinavian,Swedish,European,92.1358,964.2495,51.5703,53.4075,Scandinavian
106182,Scandinavian,Swedish,European,1355.9633,103676.9477,19782.3617,1514.3399,Scandinavian
106183,Scandinavian,Swedish,European,138.7663,1193.1157,24.5180,63.9050,Scandinavian
106184,Scandinavian,Swedish,European,41.9774,1057.6759,113.7997,45.9972,Scandinavian
106185,Scandinavian,Swedish,European,38.3618,449386.9303,44062.3587,28887.6477,Scandinavian
106186,Scandinavian,Swedish,European,74.0684,588.2800,35.4702,18.5330,Scandinavian
106187,Scandinavian,Swedish,European,19.8492,703.4345,47.0648,48.2057,Scandinavian
106188,Scandinavian,Swedish,European,32.2683,164.5088,5.1905,1.1618,Scandinavian
106189,Scandinavian,Swedish,European,646.3980,2998.2250,51.1917,19.8983,Scandinavian
106190,Scandinavian,Swedish,European,88.0282,1555.0707,156.1923,60.4691,Scandinavian
106191,Scandinavian,Swedish,European,306.7934,1633.5718,55.2155,22.5147,Scandinavian
106192,Scandinavian,Swedish,European,433.5474,5234.5163,224.3784,292.9628,Scandinavian
106193,Scandinavian,Swedish,European,44.3825,2375.4535,175.0161,163.4506,Scandinavian
106194,Scandinavian,Swedish,European,153.6919,1760.1458,8.0023,129.9420,Scandinavian
106195,Scandinavian,Swedish,European,732.7245,3265.4400,35.6605,17.4655,Scandinavian
106196,Scandinavian,Swedish,European,518.7254,3354.7320,61.5510,119.6922,Scandinavian
106197,Scandinavian,Swedish,European,28.1551,164.8640,2.6962,4.5118,Scandinavian
106198,Scandinavian,Swedish,European,,,,,Scandinavian
106199,Scandinavian,Swedish,European,6.2143,25.6050,1.1926,0.1256,Scandinavian
106200,Scandinavian,Swedish,European,366.4658,2726.0550,61.5460,119.6872,Scandinavian
106201,Scandinavian,Swedish,European,15.9514,632.6770,11.7760,61.9710,Scandinavian
106202,Scandinavian,Swedish,European,285.8780,1740.7458,6.0167,74.2752,Scandinavian
106203,Scandinavian,Swedish,European,41.7167,1151.4910,8.0539,116.3282,Scandinavian
106204,Scandinavian,Swedish,European,946.8883,6084.2120,63.4204,226.5750,Scandinavian
106205,Scandinavian,Swedish,European,12.0208,1237.4199,151.0718,64.3779,Scandinavian
106206,Scandinavian,Swedish,European,50.5972,813.4540,17.6307,64.4158,Scandinavian
106207,Scandinavian,Swedish,European,44.2073,154804.8313,36463.8317,975.8445,Scandinavian
106208,Scandinavian,Swedish,European,53.2581,1655.3653,120.6128,111.5185,Scandinavian
106209,Scandinavian,Swedish,European,1191.9342,686026.3374,51101.8897,52195.1033,Scandinavian
106210,Scandinavian,Swedish,European,203.3425,3127.1540,89.9284,240.3561,Scandinavian
106211,Scandinavian,Swedish,European,61.4321,1185.4950,20.7505,102.7121,Scandinavian
106212,Scandinavian,Swedish,European,121.4696,852.1120,33.5768,23.9265,Scandinavian
106213,Scandinavian,Swedish,European,95.9523,4150.8349,231.0677,312.0857,Scandinavian
106214,Scandinavian,Swedish,European,62.4747,793.7694,17.6582,54.2236,Scandinavian
106215,Scandinavian,Swedish,European,73.1266,2743.7144,166.9886,201.4918,Scandinavian
106216,Scandinavian,Swedish,European,39.7125,506.6999,27.8455,26.0042,Scandinavian
106217,Scandinavian,Swedish,European,135.3068,553.7875,3.7720,0.7419,Scandinavian
106218,Scandinavian,Swedish,European,41.9835,897.8608,53.4291,58.1220,Scandinavian
106219,Scandinavian,Swedish,European,63.6256,1216.2140,50.1130,87.4146,Scandinavian
106220,Scandinavian,Swedish,European,41.6469,3123.4902,78.8250,296.8094,Scandinavian
106221,Scandinavian,Swedish,European,87.3129,1664.4865,116.0310,96.0244,Scandinavian
106222,Scandinavian,Swedish,European,178.6816,1827.8565,114.1988,70.1162,Scandinavian
106223,Scandinavian,Swedish,European,101.5180,2473.1100,12.5600,227.5100,Scandinavian
106224,Scandinavian,Swedish,European,140.2248,2911.4616,285.9772,128.4417,Scandinavian
106225,Scandinavian,Swedish,European,16.5042,895.4287,119.2818,40.3889,Scandinavian
106226,Scandinavian,Swedish,European,133.1976,536.2872,2.8500,0.4527,Scandinavian
106227,Scandinavian,Swedish,European,73.4991,2650.3148,432.6226,71.4515,Scandinavian
106228,Scandinavian,Swedish,European,12.6101,1518.8200,98.8683,118.5427,Scandinavian
106229,Scandinavian,Swedish,European,24.6001,565.5319,32.1027,41.1393,Scandinavian
106230,Scandinavian,Swedish,European,148.2303,1459.1706,190.2191,9.8296,Scandinavian
106231,Scandinavian,Swedish,European,102.3698,3526.4434,230.6558,244.8863,Scandinavian
106232,Scandinavian,Swedish,European,5864.5849,74640.6775,3849.4886,3997.3203,Scandinavian
106233,Scandinavian,Swedish,European,65.8970,2079.8158,75.2431,164.5553,Scandinavian
106234,Scandinavian,Swedish,European,71.3504,876.0900,55.0552,41.7956,Scandinavian
106235,Scandinavian,Swedish,European,376.7557,3448.6750,47.7924,202.4352,Scandinavian
106236,Scandinavian,Swedish,European,63.8068,1251.9570,20.1032,111.8088,Scandinavian
106237,Scandinavian,Swedish,European,189.0255,761.3660,0.9640,2.0230,Scandinavian
106238,Scandinavian,Swedish,European,3.0929,50.5823,8.4915,0.2465,Scandinavian
106239,Scandinavian,Swedish,European,212.1148,1581.5340,56.6433,54.8463,Scandinavian
106240,Scandinavian,Swedish,European,58.9440,2018.6222,24.5966,201.0747,Scandinavian
106241,Scandinavian,Swedish,European,216.3637,1937.5695,38.0832,114.3793,Scandinavian
106242,Scandinavian,Swedish,European,110.6161,1127.0739,32.6198,70.2505,Scandinavian
106243,Scandinavian,Swedish,European,407.1936,3655.1818,150.1240,159.7465,Scandinavian
106244,Scandinavian,Swedish,European,37.3492,945.2400,48.3436,70.0940,Scandinavian
106245,Scandinavian,Swedish,European,8.6136,3506.3872,378.7680,208.6356,Scandinavian
106246,Scandinavian,Swedish,European,24.3742,1072.8950,5.3530,106.2529,Scandinavian
106247,Scandinavian,Swedish,European,569.5869,2828.7008,56.3057,72.5386,Scandinavian
106248,Scandinavian,Swedish,European,38.5780,1755.5177,125.2745,122.3298,Scandinavian
106249,Scandinavian,Swedish,European,182.9247,3774.6275,99.4421,322.0954,Scandinavian
106250,Scandinavian,Swedish,European,68.2281,839.4308,14.4910,58.6254,Scandinavian
106251,Scandinavian,Swedish,European,41.0842,214.5850,10.1734,8.3659,Scandinavian
106252,Scandinavian,Swedish,European,20.9607,653.0558,44.3070,43.4767,Scandinavian
106253,Scandinavian,Swedish,European,127.2705,1638.1929,96.2657,83.6260,Scandinavian
106254,Scandinavian,Swedish,European,239.2926,1959.0933,39.8251,130.1933,Scandinavian
106255,Scandinavian,Swedish,European,3.3935,48.5137,1.5868,3.6520,Scandinavian
106256,Scandinavian,Swedish,European,50.9277,225.6510,0.2257,0.0600,Scandinavian
106257,Scandinavian,Swedish,European,0.0000,115.9206,11.2200,0.2833,Scandinavian
106258,Scandinavian,Swedish,European,57.7111,2364.1976,167.7660,159.5693,Scandinavian
106259,Scandinavian,Swedish,European,170.5000,1950.9537,6.4616,148.2441,Scandinavian
106260,Scandinavian,Swedish,European,14.8202,623.0060,4.3000,62.2714,Scandinavian
106261,Scandinavian,Swedish,European,42.2240,498.2760,14.0053,34.5482,Scandinavian
106262,Scandinavian,Swedish,European,355.8840,2184.4492,17.8008,85.6144,Scandinavian
106263,Scandinavian,Swedish,European,352.2058,1581.0458,61.9670,9.3899,Scandinavian
106264,Scandinavian,Swedish,European,1534.7403,10813.5450,128.7790,467.0370,Scandinavian
106265,Scandinavian,Swedish,European,18.9408,930.6340,13.9298,92.4854,Scandinavian
106266,Scandinavian,Swedish,European,36.3201,1794.8869,229.6332,81.6063,Scandinavian
106267,Scandinavian,Swedish,European,26.8633,2458.7745,197.8893,169.1167,Scandinavian
106268,Scandinavian,Swedish,European,9.4098,3776.5099,627.7701,137.8401,Scandinavian
106269,Scandinavian,Swedish,European,309.6971,1474.3356,73.4934,10.0375,Scandinavian
106270,Scandinavian,Swedish,European,318.4869,1990.9700,24.1458,73.2406,Scandinavian
106271,Scandinavian,Swedish,European,795.6952,26229.1412,34.4040,2627.8427,Scandinavian
106272,Scandinavian,Swedish,European,38.5169,307.6507,24.9888,6.2718,Scandinavian
106273,Scandinavian,Swedish,European,106.6399,1548.4480,62.5164,104.8750,Scandinavian
106274,Scandinavian,Swedish,European,125.4938,706.8900,15.5872,16.0916,Scandinavian
106275,Scandinavian,Swedish,European,175.3682,764.3355,15.7447,8.8417,Scandinavian
106276,Scandinavian,Swedish,European,450.0923,2514.7707,38.2472,65.7237,Scandinavian
106277,Scandinavian,Swedish,European,32.3783,528.4250,32.1921,29.6650,Scandinavian
106278,Scandinavian,Swedish,European,91.4910,934.5085,36.8935,49.3918,Scandinavian
106279,Scandinavian,Swedish,European,209.7559,1021.1060,3.3874,17.6996,Scandinavian
106280,Scandinavian,Swedish,European,349.8162,3344.3540,112.3176,192.7165,Scandinavian
106281,Scandinavian,Swedish,European,42.7957,1633.7340,235.4630,53.3371,Scandinavian
106282,Scandinavian,Swedish,European,129.2464,3519.7250,85.3182,308.3499,Scandinavian
106283,Scandinavian,Swedish,European,118.5996,2364.5033,143.5274,149.4470,Scandinavian
106284,Scandinavian,Swedish,European,90.6924,556.6515,21.1678,17.4697,Scandinavian
106285,Scandinavian,Swedish,European,7.6334,1225.0290,117.2792,77.0405,Scandinavian
106286,Scandinavian,Swedish,European,243.5552,2627.2768,80.4835,147.9397,Scandinavian
106287,Scandinavian,Swedish,European,151.9551,845.0200,41.9362,20.2563,Scandinavian
106288,Scandinavian,Swedish,European,9.4821,279.8500,1.2931,27.1164,Scandinavian
106289,Scandinavian,Swedish,European,51.1641,959.2458,60.7565,55.9621,Scandinavian
106290,Scandinavian,Swedish,European,23.9059,1733.3674,131.6310,123.6298,Scandinavian
106291,Scandinavian,Swedish,European,43.5088,1226.8757,118.8872,66.1269,Scandinavian
106292,Scandinavian,Swedish,European,1034.7358,4673.9462,76.6605,28.7462,Scandinavian
106293,Scandinavian,Swedish,European,52.5812,505.1614,28.3926,22.2120,Scandinavian
106294,Scandinavian,Swedish,European,488.0120,3822.2320,69.0572,186.6997,Scandinavian
106295,Scandinavian,Swedish,European,13.3901,1242.8320,98.5575,86.4710,Scandinavian
106296,Scandinavian,Swedish,European,26453.4840,141483.8933,6000.7060,2244.0253,Scandinavian
106297,Scandinavian,Swedish,European,166.7217,766.0270,14.5276,12.6529,Scandinavian
106298,Scandinavian,Swedish,European,111.6257,1647.6643,50.2844,119.1905,Scandinavian
106299,Scandinavian,Swedish,European,59.1206,1663.7747,110.0854,109.1561,Scandinavian
106300,Scandinavian,Swedish,European,57.6969,1607.8335,57.2863,134.7550,Scandinavian
106301,Scandinavian,Swedish,European,661.4453,4935.5965,48.1330,243.5339,Scandinavian
106302,Scandinavian,Swedish,European,66.7838,1257.6254,15.3025,111.7402,Scandinavian
106303,Scandinavian,Swedish,European,463.1373,2326.0200,47.6073,27.2496,Scandinavian
106304,Scandinavian,Swedish,European,152.3731,1683.6500,81.4925,83.6124,Scandinavian
106305,Scandinavian,Swedish,European,56.4021,2229.8741,125.8489,167.7909,Scandinavian
106306,Scandinavian,Swedish,European,93.0259,4246.1301,312.7561,304.2421,Scandinavian
106307,Scandinavian,Swedish,European,43.0395,1297.2425,29.5289,117.7910,Scandinavian
106308,Scandinavian,Swedish,European,452.3654,4118.2715,182.2615,179.2232,Scandinavian
106309,Scandinavian,Swedish,European,34486.8030,178421.5184,2903.7654,3328.8680,Scandinavian
106310,Scandinavian,Swedish,European,28.4097,847.3478,115.3106,31.4575,Scandinavian
106311,Scandinavian,Swedish,European,335.8652,2125.5230,111.5450,103.0578,Scandinavian
106312,Scandinavian,Swedish,European,8.4600,2803.4051,401.2862,118.7721,Scandinavian
106313,Scandinavian,Swedish,European,32.3241,2280.5429,207.0198,141.7950,Scandinavian
106314,Scandinavian,Swedish,European,28.4428,548.2326,57.2792,24.1946,Scandinavian
106315,Scandinavian,Swedish,European,78.4772,925.1985,40.1498,51.7449,Scandinavian
106316,Scandinavian,Swedish,European,49.2170,1777.5660,29.8262,169.0951,Scandinavian
106317,Scandinavian,Swedish,European,148.6270,959.2022,33.8797,23.7705,Scandinavian
106318,Scandinavian,Swedish,European,336.8738,2061.0730,83.2420,46.5200,Scandinavian
106319,Scandinavian,Swedish,European,16.1334,961.5224,102.8374,53.7400,Scandinavian
106320,Scandinavian,Swedish,European,22.5334,104.9725,1.3498,0.9072,Scandinavian
106321,Scandinavian,Swedish,European,214.0180,3761.2778,255.5722,204.2699,Scandinavian
106322,Scandinavian,Swedish,European,104.3119,647.4849,37.8721,10.1640,Scandinavian
106323,Scandinavian,Swedish,European,82.6082,767.2552,18.4626,44.9022,Scandinavian
106324,Scandinavian,Swedish,European,194.0608,2317.4892,143.4137,137.0899,Scandinavian
106325,Scandinavian,Swedish,European,162.2436,651.8410,0.0559,0.0391,Scandinavian
106326,Scandinavian,Swedish,European,27.1831,809.2081,13.6806,73.3738,Scandinavian
106327,Scandinavian,Swedish,European,101.8267,407.5385,0.1389,0.1352,Scandinavian
106328,Scandinavian,Swedish,European,41.6349,2652.2286,146.8345,209.4706,Scandinavian
106329,Scandinavian,Swedish,European,34.1138,137.3208,0.1208,0.0208,Scandinavian
106330,Scandinavian,Swedish,European,324.5583,1677.9520,42.5625,19.8940,Scandinavian
106331,Scandinavian,Swedish,European,15.3445,81.3521,2.5439,1.2854,Scandinavian
106332,Scandinavian,Swedish,European,595.0041,6229.8150,23.4381,442.0685,Scandinavian
106333,Scandinavian,Swedish,European,763.4186,4086.3040,79.2172,84.6482,Scandinavian
106334,Scandinavian,Swedish,European,441.2926,1807.3800,24.9062,3.5586,Scandinavian
106335,Scandinavian,Swedish,European,340.1869,2237.0350,48.2379,78.3108,Scandinavian
106336,Scandinavian,Swedish,European,25.0720,126.3200,6.6980,0.5020,Scandinavian
106337,Scandinavian,Swedish,European,189.5541,1130.6787,40.7118,29.0097,Scandinavian
106338,Scandinavian,Swedish,European,150.6518,1018.9600,37.3330,27.7112,Scandinavian
106339,Scandinavian,Swedish,European,651.7976,3705.3400,70.7556,99.1804,Scandinavian
106340,Scandinavian,Swedish,European,73.0208,3482.2346,286.6333,220.5762,Scandinavian
106341,Scandinavian,Swedish,European,430.3984,1728.4400,2.9504,0.4672,Scandinavian
106342,Scandinavian,Swedish,European,235.8182,1879.3915,188.4326,19.6133,Scandinavian
106343,Scandinavian,Swedish,European,103.8644,1090.1480,2.5204,76.2688,Scandinavian
106344,Scandinavian,Swedish,European,151.3667,1241.9230,23.1235,60.3745,Scandinavian
106345,Scandinavian,Swedish,European,23.0555,855.7784,60.9222,59.6273,Scandinavian
106346,Scandinavian,Swedish,European,25.2915,471.4213,40.9029,23.3874,Scandinavian
106347,Scandinavian,Swedish,European,121.2682,25173.9451,295.2740,2644.0913,Scandinavian
106348,Scandinavian,Swedish,European,61.4182,559396.8026,41936.6139,42830.1870,Scandinavian
106349,Scandinavian,Swedish,European,38.2565,651.5000,9.4465,53.8850,Scandinavian
106350,Scandinavian,Swedish,European,225.5451,48754.1932,10.2777,5238.7050,Scandinavian
106351,Scandinavian,Swedish,European,2686.4017,28653.0629,519.2347,1835.0322,Scandinavian
106352,Scandinavian,Swedish,European,0.6184,405.9997,0.5362,45.4108,Scandinavian
106353,Scandinavian,Swedish,European,64.7766,2081.2117,212.5602,112.2920,Scandinavian
106354,Scandinavian,Swedish,European,5.8927,304.7667,43.2772,11.7917,Scandinavian
106355,Scandinavian,Swedish,European,232.9575,2930.6882,85.2783,188.1147,Scandinavian
106356,Scandinavian,Swedish,European,330.5338,3066.8518,119.8581,155.7980,Scandinavian
106357,Scandinavian,Swedish,European,60.3324,2168.6676,245.3009,109.0929,Scandinavian
106358,Scandinavian,Swedish,European,190.2681,938.9200,20.3815,8.1204,Scandinavian
106359,Scandinavian,Swedish,European,14.4636,114.2400,5.4756,4.2132,Scandinavian
106360,Scandinavian,Swedish,European,90.9678,1654.7676,183.0769,58.0927,Scandinavian
106361,Scandinavian,Swedish,European,94.4887,2124.0192,44.2555,181.3213,Scandinavian
106362,Scandinavian,Swedish,European,181.5449,1403.8850,49.2773,53.5053,Scandinavian
106363,Scandinavian,Swedish,European,33.2157,4037.2170,243.7175,318.6981,Scandinavian
106364,Scandinavian,Swedish,European,,,,,Scandinavian
106365,Scandinavian,Swedish,European,374.0061,4303.8692,227.4246,231.3483,Scandinavian
106366,Scandinavian,Swedish,European,41.3304,2380.1621,151.5816,177.4114,Scandinavian
106367,Scandinavian,Swedish,European,46.8990,764.0159,20.8592,60.9395,Scandinavian
106368,Scandinavian,Swedish,European,395.7971,2090.5268,75.7323,38.3600,Scandinavian
106369,Scandinavian,Swedish,European,197.2547,2148.4910,142.5531,86.6059,Scandinavian
106370,Scandinavian,Swedish,European,0.0000,403.4676,89.7602,2.2667,Scandinavian
106371,Scandinavian,Swedish,European,201.5960,805.9800,0.0000,0.0000,Scandinavian
106372,Scandinavian,Swedish,European,118.2274,1973.1500,59.3534,140.2307,Scandinavian
106373,Scandinavian,Swedish,European,154.8123,3871.8734,233.8247,263.5940,Scandinavian
106374,Scandinavian,Swedish,European,113.7998,1395.2060,87.1956,70.6416,Scandinavian
106375,Scandinavian,Swedish,European,306.3182,1679.4260,35.3720,38.2616,Scandinavian
106376,Scandinavian,Swedish,European,163.7906,1507.8280,32.8013,83.3709,Scandinavian
106377,Scandinavian,Swedish,European,285.0175,2250.8100,43.2165,115.6905,Scandinavian
106378,Scandinavian,Swedish,European,54.5345,864.2293,90.6837,29.5387,Scandinavian
106379,Scandinavian,Swedish,European,8.7116,1694.2196,121.8951,126.2162,Scandinavian
106380,Scandinavian,Swedish,European,213.7283,3657.7155,168.1991,246.0584,Scandinavian
106381,Scandinavian,Swedish,European,5.0267,1392.9265,82.4542,113.3234,Scandinavian
106382,Scandinavian,Swedish,European,,,,,Scandinavian
106383,Scandinavian,Swedish,European,7.0721,305.0058,26.0033,18.5340,Scandinavian
106384,Scandinavian,Swedish,European,38.4792,1567.0511,82.9702,118.1447,Scandinavian
106385,Scandinavian,Swedish,European,534.1520,2516.0420,87.4838,26.2085,Scandinavian
106386,Scandinavian,Swedish,European,1.0010,4222.3592,305.8549,322.7212,Scandinavian
106387,Scandinavian,Swedish,European,1041.4280,7018.8180,53.3238,291.1149,Scandinavian
106388,Scandinavian,Swedish,European,24.8290,981.6125,104.1562,50.4684,Scandinavian
106389,Scandinavian,Swedish,European,381.7317,2990.0160,74.3376,134.3469,Scandinavian
106390,Scandinavian,Swedish,European,334.9925,1609.6070,33.1612,14.1788,Scandinavian
106391,Scandinavian,Swedish,European,80.2699,398.6072,11.1192,5.2323,Scandinavian
106392,Scandinavian,Swedish,European,7.0298,2067.2978,8.2340,231.5730,Scandinavian
106393,Scandinavian,Swedish,European,489.7570,2962.0950,50.7667,88.5087,Scandinavian
106394,Scandinavian,Swedish,European,487.7652,2878.0600,19.3980,112.0320,Scandinavian
106395,Scandinavian,Swedish,European,258.7058,4189.4492,172.8080,279.2587,Scandinavian
106396,Scandinavian,Swedish,European,217.1853,915.3900,1.8556,0.1600,Scandinavian
106397,Scandinavian,Swedish,European,20.9244,1682.6215,101.3317,133.9511,Scandinavian
106398,Scandinavian,Swedish,European,468.3044,2876.3858,50.7327,94.6913,Scandinavian
106399,Scandinavian,Swedish,European,47.0399,1051.3202,63.5103,68.5408,Scandinavian
106400,Scandinavian,Swedish,European,128.9623,1454.8910,97.7353,64.9171,Scandinavian
106401,Scandinavian,Swedish,European,46.6588,860.1500,38.9640,60.2160,Scandinavian
106402,Scandinavian,Swedish,European,126.4361,1582.9748,95.8720,80.0268,Scandinavian
106403,Scandinavian,Swedish,European,122.3598,1626.7917,78.1324,98.8021,Scandinavian
106404,Scandinavian,Swedish,European,164.5871,1767.4422,111.9413,70.5964,Scandinavian
106405,Scandinavian,Swedish,European,18.3744,1664.0033,234.3507,67.0034,Scandinavian
106406,Scandinavian,Swedish,European,213.5561,926.3300,18.3205,0.9897,Scandinavian
106407,Scandinavian,Swedish,European,68.1243,997.5622,35.1964,69.6402,Scandinavian
106408,Scandinavian,Swedish,European,85.9195,1792.5977,22.6498,159.2079,Scandinavian
106409,Scandinavian,Swedish,European,23.9820,1137.8497,185.5066,28.5153,Scandinavian
106410,Scandinavian,Swedish,European,56.5500,3139.0099,109.2750,245.3726,Scandinavian
106411,Scandinavian,Swedish,European,465.3508,3563.7833,185.3378,124.6291,Scandinavian
106412,Scandinavian,Swedish,European,60.8031,2928.7983,260.8898,183.0492,Scandinavian
106413,Scandinavian,Swedish,European,258.6837,1647.9400,27.6702,62.5310,Scandinavian
106414,Scandinavian,Swedish,European,527.1330,2948.5600,18.9580,86.4230,Scandinavian
106415,Scandinavian,Swedish,European,105.0871,14927.6485,891.2670,1190.6003,Scandinavian
106416,Scandinavian,Swedish,European,231.5695,1983.3667,45.4005,105.0867,Scandinavian
106417,Scandinavian,Swedish,European,376.9920,2127.3600,49.0930,46.8712,Scandinavian
106418,Scandinavian,Swedish,European,5001.0000,56040.5000,2725.1600,2816.7350,Scandinavian
106419,Scandinavian,Swedish,European,123.5840,595.0740,12.5276,6.2664,Scandinavian
106420,Scandinavian,Swedish,European,107.8017,2584.7740,121.9826,188.6145,Scandinavian
106421,Scandinavian,Swedish,European,23.6071,2837.3997,154.2341,231.7953,Scandinavian
106422,Scandinavian,Swedish,European,224.5569,1718.6800,61.4365,63.1536,Scandinavian
106423,Scandinavian,Swedish,European,638.8823,2862.3841,13.6781,39.2236,Scandinavian
106424,Scandinavian,Swedish,European,26.9070,2349.7663,144.6129,185.3309,Scandinavian
106425,Scandinavian,Swedish,European,15.0078,105.4611,7.9962,1.9758,Scandinavian
106426,Scandinavian,Swedish,European,259.4022,1067.8890,9.5447,1.8824,Scandinavian
106427,Scandinavian,Swedish,European,10.9346,241.3380,1.7707,21.6578,Scandinavian
106428,Scandinavian,Swedish,European,76.7826,5631.1299,354.2320,424.9407,Scandinavian
106429,Scandinavian,Swedish,European,45.5250,2221.0312,160.8806,151.5461,Scandinavian
106430,Scandinavian,Swedish,European,18.9374,2313.9770,132.4813,186.8988,Scandinavian
106431,Scandinavian,Swedish,European,27.9117,2767.0290,135.5247,234.3859,Scandinavian
106432,Scandinavian,Swedish,European,110.2270,1228.5640,54.3117,64.5255,Scandinavian
106433,Scandinavian,Swedish,European,118.3816,943.3200,33.6383,41.4469,Scandinavian
106434,Scandinavian,Swedish,European,31.1396,1199.8536,99.0917,75.0645,Scandinavian
106435,Scandinavian,Swedish,European,69.0524,721.6625,27.1237,38.0876,Scandinavian
106436,Scandinavian,Swedish,European,403.2853,3412.7120,95.4133,167.3551,Scandinavian
106437,Scandinavian,Swedish,European,1303.4310,7390.1200,158.6592,168.2604,Scandinavian
106438,Scandinavian,Swedish,European,125.4432,2126.3324,162.6095,105.8071,Scandinavian
106439,Scandinavian,Swedish,European,4684.8904,47147.9950,1042.5001,2928.1794,Scandinavian
106440,Scandinavian,Swedish,European,421.2905,2361.0163,43.8229,57.3425,Scandinavian
106441,Scandinavian,Swedish,European,27.9737,1584.3721,123.8934,113.2288,Scandinavian
106442,Scandinavian,Swedish,European,224.2807,1456.8220,45.9705,40.0092,Scandinavian
106443,Scandinavian,Swedish,European,138.1216,1214.0500,36.4902,60.8228,Scandinavian
106444,Scandinavian,Swedish,European,16.7388,1914.0978,360.4253,34.8590,Scandinavian
106445,Scandinavian,Swedish,European,50.3522,815.8850,48.1816,46.4474,Scandinavian
106446,Scandinavian,Swedish,European,568.0589,11695.1540,414.6819,947.6486,Scandinavian
106447,Scandinavian,Swedish,European,29.9376,1980.1729,147.2359,137.8028,Scandinavian
106448,Scandinavian,Swedish,European,67.3295,3502.2067,200.0237,265.7297,Scandinavian
106449,Scandinavian,Swedish,European,0.0000,50.4333,11.2200,0.2833,Scandinavian
106450,Scandinavian,Swedish,European,12.9324,992.2142,118.2648,52.0177,Scandinavian
106451,Scandinavian,Swedish,European,136.3256,1057.2910,29.9648,45.3161,Scandinavian
106452,Scandinavian,Swedish,European,4034.6606,16129.5940,0.2314,0.3302,Scandinavian
106453,Scandinavian,Swedish,European,140.1733,960.0455,40.4011,35.2484,Scandinavian
106454,Scandinavian,Swedish,European,121.2128,1969.0815,133.9062,107.0246,Scandinavian
106455,Scandinavian,Swedish,European,139.4067,5340.3035,431.2471,338.7801,Scandinavian
106456,Scandinavian,Swedish,European,22.9855,1718.0145,127.5736,121.6736,Scandinavian
106457,Scandinavian,Swedish,European,65.3863,1118.2779,69.8625,64.3967,Scandinavian
106458,Scandinavian,Swedish,European,35.8120,1889.1670,105.3071,148.5757,Scandinavian
106459,Scandinavian,Swedish,European,11.8880,74.1190,2.2238,2.5433,Scandinavian
106460,Scandinavian,Swedish,European,48.2563,2921.4429,171.9952,230.0068,Scandinavian
106461,Scandinavian,Swedish,European,118.1845,603.1140,23.9747,7.2840,Scandinavian
106462,Scandinavian,Swedish,European,65.0200,563.8400,19.3090,27.1338,Scandinavian
106463,Scandinavian,Swedish,European,147.7700,3641.8465,331.5737,200.6151,Scandinavian
106464,Scandinavian,Swedish,European,207.4401,3090.6943,9.2256,110.2360,Scandinavian
106465,Scandinavian,Swedish,European,23.3220,271.0782,13.4362,13.6106,Scandinavian
106466,Scandinavian,Swedish,European,8.3876,1972.0511,189.6593,125.0870,Scandinavian
106467,Scandinavian,Swedish,European,26.6838,2002.5384,70.7403,180.2348,Scandinavian
106468,Scandinavian,Swedish,European,517.8078,2615.9940,50.2795,35.9673,Scandinavian
106469,Scandinavian,Swedish,European,323.3282,3765.3711,82.4758,241.5607,Scandinavian
106470,Scandinavian,Swedish,European,15.5140,1487.3400,71.2862,125.8440,Scandinavian
106471,Scandinavian,Swedish,European,48.8334,482.3477,8.4109,30.6316,Scandinavian
106472,Scandinavian,Swedish,European,125.4938,706.8900,15.5872,16.0916,Scandinavian
106473,Scandinavian,Swedish,European,52.5436,2549.1422,161.7586,191.9639,Scandinavian
106474,Scandinavian,Swedish,European,23.0849,1666.1645,102.3113,127.6945,Scandinavian
106475,Scandinavian,Swedish,European,135.7559,1513.3512,107.0906,62.6056,Scandinavian
106476,Scandinavian,Swedish,European,828.0577,3951.0450,62.3937,42.0224,Scandinavian
106477,Scandinavian,Swedish,European,99.3430,865.7467,22.4562,41.4179,Scandinavian
106478,Scandinavian,Swedish,European,72.2064,968.1620,71.7296,47.4972,Scandinavian
106479,Scandinavian,Swedish,European,53.8927,572.2500,52.0072,16.8000,Scandinavian
106480,Scandinavian,Swedish,European,50.2672,918.1939,34.1969,65.7246,Scandinavian
106481,Scandinavian,Swedish,European,74.0935,668.6933,33.7185,28.5993,Scandinavian
106482,Scandinavian,Swedish,European,12.1623,257.7778,8.0451,21.6164,Scandinavian
106483,Scandinavian,Swedish,European,16.0856,140.7590,4.3602,8.7127,Scandinavian
106484,Scandinavian,Swedish,European,50.4289,195.2872,0.0192,0.0062,Scandinavian
106485,Scandinavian,Swedish,European,8146.8250,274675.0000,2882.3750,26401.6000,Scandinavian
106486,Scandinavian,Swedish,European,46.6321,1284.8250,17.8690,125.2556,Scandinavian
106487,Scandinavian,Swedish,European,12.0232,220.3400,13.9660,12.7338,Scandinavian
106488,Scandinavian,Swedish,European,12.4320,58.1504,2.0904,1.0077,Scandinavian
106489,Scandinavian,Swedish,European,249.9495,1111.3700,17.5391,8.7360,Scandinavian
106490,Scandinavian,Swedish,European,3.9285,204.8400,2.6715,20.7000,Scandinavian
106491,Scandinavian,Swedish,European,21.8343,700.0315,19.5500,63.0685,Scandinavian
106492,Scandinavian,Swedish,European,52.0327,222.7370,0.2881,0.0727,Scandinavian
106493,Scandinavian,Swedish,European,249.6668,1726.6775,58.0024,53.0181,Scandinavian
106494,Scandinavian,Swedish,European,91.7979,836.5214,21.3844,48.7076,Scandinavian
106495,Scandinavian,Swedish,European,,,,,Scandinavian
106496,Scandinavian,Swedish,European,48.9720,576.0000,17.5480,38.7000,Scandinavian
106497,Scandinavian,Swedish,European,44.4847,464.2512,10.0803,34.6430,Scandinavian
106498,Scandinavian,Swedish,European,14.9705,182.2225,3.9091,12.6121,Scandinavian
106499,Scandinavian,Swedish,European,5419.1800,143169.0000,11140.0400,8785.6900,Scandinavian
106500,Scandinavian,Swedish,European,70.0600,520.1760,14.1796,25.6906,Scandinavian
106501,Scandinavian,Swedish,European,281.6525,1403.6600,25.3954,24.3840,Scandinavian
106502,Scandinavian,Swedish,European,31.3476,1194.2725,50.3853,98.9787,Scandinavian
106503,Scandinavian,Swedish,European,94.5207,794.0710,34.7538,36.5013,Scandinavian
106504,Scandinavian,Swedish,European,22.9661,483.7707,16.0058,38.4900,Scandinavian
106505,Scandinavian,Swedish,European,30.4198,510.6732,17.6756,37.9098,Scandinavian
106506,Scandinavian,Swedish,European,5.1032,430.8556,90.9171,2.5453,Scandinavian
106507,Scandinavian,Swedish,European,55.3168,1473.3210,21.7579,141.4604,Scandinavian
106508,Scandinavian,Swedish,European,39.8730,381.1200,14.9142,19.3888,Scandinavian
106509,Scandinavian,Swedish,European,27.0551,743.2145,14.8629,69.6017,Scandinavian
106510,Scandinavian,Swedish,European,11.9700,594.0000,6.5340,62.4240,Scandinavian
106511,Scandinavian,Swedish,European,24.0839,1369.1666,114.7180,95.5910,Scandinavian
106512,Scandinavian,Swedish,European,16.9558,348.4860,11.0112,29.0965,Scandinavian
106513,Scandinavian,Swedish,European,46.0373,818.3200,22.7543,68.8802,Scandinavian
106514,Scandinavian,Swedish,European,43.2116,495.4700,20.5535,28.5229,Scandinavian
106515,Scandinavian,Swedish,European,97.5473,692.1733,25.3690,30.5110,Scandinavian
106516,Scandinavian,Swedish,European,243.0406,1121.6633,41.2058,7.9720,Scandinavian
106517,Scandinavian,Swedish,European,285.3319,1417.1350,25.3954,24.7250,Scandinavian
106518,Scandinavian,Swedish,European,35.4018,281.1240,5.3430,14.4000,Scandinavian
106519,Scandinavian,Swedish,European,15.8932,400.3800,12.4528,34.3566,Scandinavian
106520,Scandinavian,Swedish,European,199.4156,1320.3389,17.6933,53.2378,Scandinavian
106521,Scandinavian,Swedish,European,5399.7796,105777.8100,1670.7962,8959.6232,Scandinavian
106522,Scandinavian,Swedish,European,510.2078,2929.7440,60.4152,80.1610,Scandinavian
106523,Scandinavian,Swedish,European,26.9937,208.2159,3.0117,8.9979,Scandinavian
106524,Scandinavian,Swedish,European,113.0183,763.7248,16.8250,29.9892,Scandinavian
106525,Scandinavian,Swedish,European,131.2782,674.2976,21.8916,8.7382,Scandinavian
106526,Scandinavian,Swedish,European,10.2606,1927.5865,77.3206,176.5382,Scandinavian
106527,Scandinavian,Swedish,European,264.4972,1493.8765,32.8453,39.2165,Scandinavian
106528,Scandinavian,Swedish,European,216.3956,2115.0200,2.4742,136.7211,Scandinavian
106529,Scandinavian,Swedish,European,213.8084,882.9150,1.5714,0.6154,Scandinavian
106530,Scandinavian,Swedish,European,80.6400,703.6200,12.0000,40.9800,Scandinavian
106531,Scandinavian,Swedish,European,132.6108,1422.4197,21.3685,93.6765,Scandinavian
106532,Scandinavian,Swedish,European,160.3773,1046.3202,26.2519,40.6668,Scandinavian
106533,Scandinavian,Swedish,European,7.9800,396.0000,4.3560,41.6160,Scandinavian
106534,Scandinavian,Swedish,European,159.1679,807.6975,11.9430,15.0996,Scandinavian
106535,Scandinavian,Swedish,European,16.7175,868.5000,13.1265,86.5440,Scandinavian
106536,Scandinavian,Swedish,European,41.8947,695.0972,16.2544,56.1397,Scandinavian
106537,Scandinavian,Swedish,European,34.8940,1054.0000,12.6500,104.2000,Scandinavian
106538,Scandinavian,Swedish,European,423.3336,1605.3075,1.8540,0.6440,Scandinavian
106539,Scandinavian,Swedish,European,798.7464,7517.1600,197.9862,431.3340,Scandinavian
106540,Scandinavian,Swedish,European,45.1400,202.2060,0.6760,0.1144,Scandinavian
106867,Scandinavian,Norwegian,European,113.8725,868.1560,33.6718,33.0960,Scandinavian
106868,Scandinavian,Norwegian,European,370.0560,2767.0650,59.2735,125.5380,Scandinavian
106869,Scandinavian,Norwegian,European,197.3552,2043.1480,64.9403,111.9721,Scandinavian
106870,Scandinavian,Norwegian,European,226.5665,2990.6680,16.1455,230.0672,Scandinavian
106871,Scandinavian,Norwegian,European,356.2455,1863.8960,16.8030,41.8601,Scandinavian
106872,Scandinavian,Norwegian,European,132.6090,1048.8500,16.3200,52.9060,Scandinavian
106873,Scandinavian,Norwegian,European,352.1795,1528.1360,11.2580,8.5770,Scandinavian
106874,Scandinavian,Norwegian,European,264.3204,1703.8660,45.1500,62.1000,Scandinavian
106875,Scandinavian,Norwegian,European,60.9489,757.9440,3.9085,55.6405,Scandinavian
106876,Scandinavian,Norwegian,European,467.4540,2675.7000,51.2480,69.5000,Scandinavian
106877,Scandinavian,Norwegian,European,145.6756,1706.5300,23.7372,115.3008,Scandinavian
106878,Scandinavian,Norwegian,European,116.8468,818.3117,14.3436,35.7647,Scandinavian
106879,Scandinavian,Norwegian,European,296.0660,3211.9730,75.1572,200.1052,Scandinavian
106880,Scandinavian,Norwegian,European,233.6620,1038.6110,11.3068,6.0906,Scandinavian
106881,Scandinavian,Norwegian,European,93.7831,818.1950,33.6372,35.9863,Scandinavian
106882,Scandinavian,Norwegian,European,590.1663,13009.4627,429.4475,1085.3242,Scandinavian
106883,Scandinavian,Norwegian,European,884.2350,4912.9780,90.5167,114.2314,Scandinavian
106884,Scandinavian,Norwegian,European,159.0284,1181.3525,38.4835,52.6396,Scandinavian
106885,Scandinavian,Norwegian,European,587.9021,2806.9300,35.7875,30.0343,Scandinavian
106886,Scandinavian,Norwegian,European,704.9291,3241.2200,31.6055,38.6734,Scandinavian
106887,Scandinavian,Norwegian,European,667.1027,5383.9500,124.4927,262.0470,Scandinavian
106888,Scandinavian,Norwegian,European,50433.7317,203242.4307,232.7096,74.5071,Scandinavian
106889,Scandinavian,Norwegian,European,118.7738,1237.7159,20.7738,76.4444,Scandinavian
106890,Scandinavian,Norwegian,European,373.1717,2519.8720,41.9185,105.5215,Scandinavian
106891,Scandinavian,Norwegian,European,66.1525,1630.7760,41.1256,143.0621,Scandinavian
106892,Scandinavian,Norwegian,European,382.4146,1492.4239,13.7769,2.6370,Scandinavian
106893,Scandinavian,Norwegian,European,100.7980,402.9900,0.0000,0.0000,Scandinavian
106894,Scandinavian,Norwegian,European,158.5903,1261.7333,42.8950,51.1920,Scandinavian
106895,Scandinavian,Norwegian,European,70.3457,1922.3246,129.8811,122.0635,Scandinavian
106896,Scandinavian,Norwegian,European,562.3018,3902.8370,77.6596,158.6235,Scandinavian
106897,Scandinavian,Norwegian,European,296.7681,2757.6560,53.0425,157.2317,Scandinavian
106898,Scandinavian,Norwegian,European,629.1999,4736.9250,112.0932,206.6577,Scandinavian
106899,Scandinavian,Norwegian,European,116.2043,1017.1450,21.1894,58.5366,Scandinavian
106900,Scandinavian,Norwegian,European,158.5088,1189.9600,42.6760,42.1112,Scandinavian
106901,Scandinavian,Norwegian,European,23.6055,924.6779,11.9045,89.5684,Scandinavian
106902,Scandinavian,Norwegian,European,29.6508,575.3585,26.0704,40.2295,Scandinavian
106903,Scandinavian,Norwegian,European,152.2573,2044.5690,43.8232,151.4073,Scandinavian
106904,Scandinavian,Norwegian,European,348.0123,2712.7600,40.3135,128.4522,Scandinavian
106905,Scandinavian,Norwegian,European,158.8200,1086.9767,41.9802,32.4403,Scandinavian
106906,Scandinavian,Norwegian,European,329.0275,1708.7858,57.8155,18.3430,Scandinavian
106907,Scandinavian,Norwegian,European,25.6803,315.7765,23.0557,14.3390,Scandinavian
106908,Scandinavian,Norwegian,European,178.5316,2644.3480,83.3310,192.7470,Scandinavian
106909,Scandinavian,Norwegian,European,60453.7782,480025.1117,1162.1676,27367.4651,Scandinavian
106910,Scandinavian,Norwegian,European,113.8413,627.3175,46.1359,9.2659,Scandinavian
106911,Scandinavian,Norwegian,European,26.5396,582.7080,12.3900,50.4480,Scandinavian
106912,Scandinavian,Norwegian,European,223.4961,1980.4200,73.1535,89.4954,Scandinavian
106913,Scandinavian,Norwegian,European,140.8654,923.8750,8.5434,38.9652,Scandinavian
106914,Scandinavian,Norwegian,European,341.4387,3569.0620,25.7725,237.4475,Scandinavian
106915,Scandinavian,Norwegian,European,79.0366,726.1680,11.8222,41.2153,Scandinavian
106916,Scandinavian,Norwegian,European,73.7967,1354.4170,43.1579,109.1648,Scandinavian
106917,Scandinavian,Norwegian,European,41.6575,809.0270,13.5056,70.5666,Scandinavian
106918,Scandinavian,Norwegian,European,0.0000,230.8600,33.6600,9.8500,Scandinavian
106919,Scandinavian,Norwegian,European,434.1416,3162.3050,40.4283,140.1892,Scandinavian
106920,Scandinavian,Norwegian,European,98.2792,3167.2125,79.3853,283.3683,Scandinavian
106921,Scandinavian,Norwegian,European,228.1628,1063.0000,46.8796,5.9532,Scandinavian
106922,Scandinavian,Norwegian,European,50.1739,212.7930,1.8801,0.5652,Scandinavian
106923,Scandinavian,Norwegian,European,61.7847,519.8656,61.8775,2.2297,Scandinavian
106924,Scandinavian,Norwegian,European,135.8188,548.9100,3.0552,1.3680,Scandinavian
106925,Scandinavian,Norwegian,European,474.3857,2588.8450,41.5989,54.4618,Scandinavian
106926,Scandinavian,Norwegian,European,32.2863,1737.6572,84.8536,143.4676,Scandinavian
106927,Scandinavian,Norwegian,European,433.9633,3182.2440,74.7175,134.6547,Scandinavian
106928,Scandinavian,Norwegian,European,49.3427,268.9657,13.2317,3.8651,Scandinavian
106929,Scandinavian,Norwegian,European,228.0500,1262.2620,28.9755,29.9280,Scandinavian
106930,Scandinavian,Norwegian,European,73.0164,796.6875,29.9627,45.3463,Scandinavian
106931,Scandinavian,Norwegian,European,285.2430,2454.2300,65.8391,128.7587,Scandinavian
106932,Scandinavian,Norwegian,European,284.0941,1574.2520,40.3620,28.5888,Scandinavian
106933,Scandinavian,Norwegian,European,229.5499,1717.1300,66.9925,57.0726,Scandinavian
106934,Scandinavian,Norwegian,European,10.5921,260.4098,3.0730,23.8843,Scandinavian
106935,Scandinavian,Norwegian,European,46.7577,517.4538,36.1975,19.4870,Scandinavian
106936,Scandinavian,Norwegian,European,257.4920,1118.4163,18.7167,5.0532,Scandinavian
106937,Scandinavian,Norwegian,European,45.1215,868.7620,22.5080,72.0320,Scandinavian
106938,Scandinavian,Norwegian,European,93.8217,1838.4143,106.7581,113.7771,Scandinavian
106939,Scandinavian,Norwegian,European,245.9569,1110.6494,18.3625,10.0427,Scandinavian
106940,Scandinavian,Norwegian,European,272.0792,2024.9360,33.7940,92.4742,Scandinavian
106941,Scandinavian,Norwegian,European,65702.9958,662471.0400,1374.6594,45532.2210,Scandinavian
106942,Scandinavian,Norwegian,European,716.9725,4808.6880,101.3035,181.4686,Scandinavian
106943,Scandinavian,Norwegian,European,908.7550,5326.1920,110.7658,140.8345,Scandinavian
106944,Scandinavian,Norwegian,European,3.2683,302.2591,2.2026,31.3571,Scandinavian
106945,Scandinavian,Norwegian,European,650.4109,2942.2450,39.8539,14.4101,Scandinavian
106946,Scandinavian,Norwegian,European,1178.0947,5897.6480,96.6610,85.2086,Scandinavian
106947,Scandinavian,Norwegian,European,843.5725,4367.2650,64.0661,77.7365,Scandinavian
106948,Scandinavian,Norwegian,European,215.8240,1317.1440,19.6742,42.0250,Scandinavian
106949,Scandinavian,Norwegian,European,424.6858,5012.6800,74.2380,347.1972,Scandinavian
106950,Scandinavian,Norwegian,European,319.5523,2095.2875,46.4516,69.1660,Scandinavian
106951,Scandinavian,Norwegian,European,786.7941,3710.7310,62.6147,27.9844,Scandinavian
106952,Scandinavian,Norwegian,European,120.9288,740.6354,15.5399,22.2227,Scandinavian
106953,Scandinavian,Norwegian,European,0.0582,1116.3541,242.2304,9.1148,Scandinavian
106954,Scandinavian,Norwegian,European,324.0601,1360.4808,30.0696,8.3632,Scandinavian
106955,Scandinavian,Norwegian,European,382.7315,2071.0741,37.6506,43.9490,Scandinavian
106956,Scandinavian,Norwegian,European,327.3262,2324.4409,57.7715,102.0069,Scandinavian
106957,Scandinavian,Norwegian,European,155.9577,4737.2476,161.4771,397.7228,Scandinavian
106958,Scandinavian,Norwegian,European,159.5301,1106.9020,39.2268,35.4591,Scandinavian
106959,Scandinavian,Norwegian,European,343.8826,4003.5730,63.5653,279.7885,Scandinavian
106960,Scandinavian,Norwegian,European,163.9635,2240.1040,139.5189,113.4366,Scandinavian
106961,Scandinavian,Norwegian,European,138.0576,1161.4100,25.2150,61.5894,Scandinavian
106962,Scandinavian,Norwegian,European,87629.9477,391767.2158,4514.4860,1954.6489,Scandinavian
106963,Scandinavian,Norwegian,European,26704.8958,248611.3964,9550.1144,11314.2969,Scandinavian
106964,Scandinavian,Norwegian,European,314.0791,2178.9680,67.4971,73.9546,Scandinavian
106965,Scandinavian,Norwegian,European,196.7410,1583.7980,45.0214,73.0551,Scandinavian
106966,Scandinavian,Norwegian,European,297.9397,2954.8910,70.4010,177.5600,Scandinavian
106967,Scandinavian,Norwegian,European,32.5935,1175.2840,43.5333,98.1065,Scandinavian
106968,Scandinavian,Norwegian,European,445.4469,2436.7187,45.4386,54.3137,Scandinavian
106969,Scandinavian,Norwegian,European,18.0494,930.1925,10.3542,92.5704,Scandinavian
106970,Scandinavian,Norwegian,European,30287.7616,144003.8455,1.9236,0.7632,Scandinavian
106971,Scandinavian,Norwegian,European,40.8298,741.3700,41.9933,45.3895,Scandinavian
106972,Scandinavian,Norwegian,European,484.6975,3363.1690,69.6872,137.7354,Scandinavian
106973,Scandinavian,Norwegian,European,479.7700,2251.1468,28.1153,29.4777,Scandinavian
106974,Scandinavian,Norwegian,European,14115.1370,57869.1856,199.9552,63.6089,Scandinavian
106975,Scandinavian,Norwegian,European,27.4276,1284.9162,111.7090,82.3179,Scandinavian
106976,Scandinavian,Norwegian,European,329.8221,4095.7650,179.1714,251.9649,Scandinavian
106977,Scandinavian,Norwegian,European,145.1802,1016.0400,39.7700,28.4768,Scandinavian
106978,Scandinavian,Norwegian,European,21.1502,299.9850,3.9811,22.5329,Scandinavian
106979,Scandinavian,Norwegian,European,57.1422,3898.0390,236.3151,296.3929,Scandinavian
106980,Scandinavian,Norwegian,European,31.9142,1144.6532,113.4976,65.0043,Scandinavian
106981,Scandinavian,Norwegian,European,9.8458,90.9730,11.2696,0.3173,Scandinavian
106982,Scandinavian,Norwegian,European,82.5422,1002.7145,101.3076,28.2103,Scandinavian
106983,Scandinavian,Norwegian,European,4.5003,826.6922,93.2353,49.1876,Scandinavian
106984,Scandinavian,Norwegian,European,35.2812,342.4396,47.8557,2.8747,Scandinavian
106985,Scandinavian,Norwegian,European,108.6550,4428.2300,5.3430,450.4000,Scandinavian
106986,Scandinavian,Norwegian,European,14.8968,706.8849,99.2785,27.5174,Scandinavian
106987,Scandinavian,Norwegian,European,440.8224,2270.7520,38.6148,38.8468,Scandinavian
106988,Scandinavian,Norwegian,European,5.3280,525.6000,3.9060,55.6380,Scandinavian
106989,Scandinavian,Norwegian,European,73.9186,1377.9516,19.8388,116.9141,Scandinavian
106990,Scandinavian,Norwegian,European,2.6403,1074.9158,1.5300,119.8433,Scandinavian
106991,Scandinavian,Norwegian,European,,,,,Scandinavian
106992,Scandinavian,Norwegian,European,13.0760,56.0000,1.5400,0.1400,Scandinavian
106993,Scandinavian,Norwegian,European,718.0654,5180.3920,117.2337,223.4870,Scandinavian
106994,Scandinavian,Norwegian,European,264.9574,3284.3475,47.4529,228.4230,Scandinavian
106995,Scandinavian,Norwegian,European,76.8852,1308.2847,136.8781,56.0134,Scandinavian
106996,Scandinavian,Norwegian,European,573.3780,4749.3660,59.5880,257.0384,Scandinavian
106997,Scandinavian,Norwegian,European,13.9975,1138.4405,69.8232,89.6231,Scandinavian
106998,Scandinavian,Norwegian,European,37.8644,162.0800,3.8884,0.8012,Scandinavian
106999,Scandinavian,Norwegian,European,50.1703,717.1875,37.4747,41.0539,Scandinavian
107000,Scandinavian,Norwegian,European,74.8698,1129.6040,60.8672,68.9798,Scandinavian
107001,Scandinavian,Norwegian,European,42.1226,2144.9301,333.8942,73.5504,Scandinavian
107002,Scandinavian,Norwegian,European,14.5122,66.5025,1.9226,0.6295,Scandinavian
107003,Scandinavian,Norwegian,European,107.9076,799.3592,25.1643,33.2066,Scandinavian
107004,Scandinavian,Norwegian,European,678.1554,4025.8740,84.8610,114.6108,Scandinavian
107005,Scandinavian,Norwegian,European,253.2477,2471.1225,41.2058,145.3552,Scandinavian
107006,Scandinavian,Norwegian,European,267.3924,1682.6450,33.9558,52.0240,Scandinavian
107007,Scandinavian,Norwegian,European,187.5582,2128.9750,68.5260,132.9228,Scandinavian
107008,Scandinavian,Norwegian,European,109.3810,2059.2676,127.3252,120.7789,Scandinavian
107009,Scandinavian,Norwegian,European,319.8240,168716.7898,37008.0612,1053.7087,Scandinavian
107010,Scandinavian,Norwegian,European,16833.4400,106857.2240,3785.5100,3127.8400,Scandinavian
107011,Scandinavian,Norwegian,European,432.9767,2177.1087,37.3165,32.6467,Scandinavian
107012,Scandinavian,Norwegian,European,311.8478,1725.6680,53.1463,27.7814,Scandinavian
107013,Scandinavian,Norwegian,European,193.2656,1389.2724,54.9030,40.3428,Scandinavian
107014,Scandinavian,Norwegian,European,66.1923,993.1230,53.9932,61.7780,Scandinavian
107015,Scandinavian,Norwegian,European,53.4495,225.8070,4.8683,1.3020,Scandinavian
107016,Scandinavian,Norwegian,European,15.9851,101.4407,7.2412,1.5305,Scandinavian
107017,Scandinavian,Norwegian,European,8.6478,973.0360,5.1687,103.0828,Scandinavian
107018,Scandinavian,Norwegian,European,371.7782,2877.7360,83.5796,119.3843,Scandinavian
107019,Scandinavian,Norwegian,European,80.3961,344.9950,9.7102,1.5857,Scandinavian
107020,Scandinavian,Norwegian,European,568.8727,3055.6387,56.4354,68.3748,Scandinavian
107021,Scandinavian,Norwegian,European,45.0257,4246.1103,119.9801,403.7919,Scandinavian
107022,Scandinavian,Norwegian,European,292.9440,1850.7840,95.5891,48.0211,Scandinavian
107023,Scandinavian,Norwegian,European,69.0458,312.7040,12.7770,0.3494,Scandinavian
107024,Scandinavian,Norwegian,European,16.2072,4261.0417,398.6768,278.5895,Scandinavian
107025,Scandinavian,Norwegian,European,19.2076,484.3011,92.1039,2.5902,Scandinavian
107026,Scandinavian,Norwegian,European,26.9116,9588.9856,8.2471,1049.1957,Scandinavian
107027,Scandinavian,Norwegian,European,376.8797,2880.0250,73.7337,118.4075,Scandinavian
107028,Scandinavian,Norwegian,European,8.0231,1314.0885,78.5100,103.7792,Scandinavian
107029,Scandinavian,Norwegian,European,192.3656,949.8300,7.8284,19.5240,Scandinavian
107030,Scandinavian,Norwegian,European,0.6946,1229.0284,180.2095,50.9814,Scandinavian
107031,Scandinavian,Norwegian,European,111.0271,885.9266,102.8301,3.5855,Scandinavian
107032,Scandinavian,Norwegian,European,237.1008,1579.6710,27.6545,62.3575,Scandinavian
107033,Scandinavian,Norwegian,European,278.4181,9079.4613,1400.0750,221.8758,Scandinavian
107034,Scandinavian,Norwegian,European,612.0036,3299.1356,53.6735,71.4093,Scandinavian
107035,Scandinavian,Norwegian,European,417.4855,2644.3756,58.7437,88.3382,Scandinavian
107036,Scandinavian,Norwegian,European,230.3164,988.4075,13.7543,6.1932,Scandinavian
107037,Scandinavian,Norwegian,European,2.0621,116.5593,0.4807,12.1172,Scandinavian
107038,Scandinavian,Norwegian,European,24.6235,2085.8888,278.1171,89.7998,Scandinavian
107039,Scandinavian,Norwegian,European,2.5290,292.9000,25.9780,19.1370,Scandinavian
107040,Scandinavian,Norwegian,European,135.7180,668.0842,24.7510,3.4909,Scandinavian
107041,Scandinavian,Norwegian,European,23.7372,243.6000,6.5515,14.6853,Scandinavian
107042,Scandinavian,Norwegian,European,504.7531,2429.1533,34.7080,38.1862,Scandinavian
107043,Scandinavian,Norwegian,European,106.9345,3101.1243,173.9205,217.0026,Scandinavian
107044,Scandinavian,Norwegian,European,487.8176,4212.0900,110.3246,226.7074,Scandinavian
107045,Scandinavian,Norwegian,European,18.2862,590.2475,26.2888,46.6384,Scandinavian
107046,Scandinavian,Norwegian,European,49.6757,897.6356,102.9343,31.7072,Scandinavian
107047,Scandinavian,Norwegian,European,231.0986,958.7000,10.0552,0.6762,Scandinavian
107048,Scandinavian,Norwegian,European,5.3280,525.6000,3.9060,55.6380,Scandinavian
107049,Scandinavian,Norwegian,European,150.1230,1038.2940,42.3878,29.2058,Scandinavian
107050,Scandinavian,Norwegian,European,119.0923,3288.7282,363.0903,144.2158,Scandinavian
107051,Scandinavian,Norwegian,European,17.0306,709.1555,18.3716,65.1401,Scandinavian
107052,Scandinavian,Norwegian,European,50.7797,564.1952,24.1954,31.7619,Scandinavian
107053,Scandinavian,Norwegian,European,335.3620,2803.7970,74.1440,138.9750,Scandinavian
107054,Scandinavian,Norwegian,European,757.1205,5668.2900,85.8790,258.6985,Scandinavian
107055,Scandinavian,Norwegian,European,246.2868,1686.9900,51.7022,54.9526,Scandinavian
107056,Scandinavian,Norwegian,European,16.6312,3107.8073,425.9607,141.1116,Scandinavian
107057,Scandinavian,Norwegian,European,532.9483,2749.2000,39.3140,48.0396,Scandinavian
107058,Scandinavian,Norwegian,European,544.6908,3615.3100,76.3394,130.9544,Scandinavian
107059,Scandinavian,Norwegian,European,33.8290,425.3063,14.7371,29.7311,Scandinavian
107060,Scandinavian,Norwegian,European,80709.9714,323894.9076,114.5800,100.1550,Scandinavian
107061,Scandinavian,Norwegian,European,311.0520,21213.5333,1416.0650,1610.3598,Scandinavian
107062,Scandinavian,Norwegian,European,740.4842,3945.5400,68.5904,76.8156,Scandinavian
107063,Scandinavian,Norwegian,European,653.3589,3909.0320,91.6907,102.6687,Scandinavian
107064,Scandinavian,Norwegian,European,4.9760,501.4600,1.1845,54.1610,Scandinavian
107065,Scandinavian,Norwegian,European,110.9579,1601.9172,109.7156,81.1503,Scandinavian
107066,Scandinavian,Norwegian,European,347.8601,3137.2433,57.9974,171.6927,Scandinavian
107067,Scandinavian,Norwegian,European,85.3426,2248.0440,39.4950,198.6112,Scandinavian
107068,Scandinavian,Norwegian,European,5.3689,43.3667,0.3370,2.3560,Scandinavian
107069,Scandinavian,Norwegian,European,68388.5764,454421.7760,2676.1600,18846.9870,Scandinavian
107070,Scandinavian,Norwegian,European,7.2670,844.6235,2.3472,92.2103,Scandinavian
107071,Scandinavian,Norwegian,European,283.6017,1910.6300,45.5250,68.5341,Scandinavian
107072,Scandinavian,Norwegian,European,64.3586,699.4529,45.8875,35.0226,Scandinavian
107073,Scandinavian,Norwegian,European,488.2886,3839.7925,135.7392,168.7964,Scandinavian
107074,Scandinavian,Norwegian,European,92.8481,1011.7521,31.2532,61.3033,Scandinavian
107075,Scandinavian,Norwegian,European,122.9418,1678.8224,237.0975,28.2088,Scandinavian
107076,Scandinavian,Norwegian,European,591.6741,2896.1910,36.4039,38.0094,Scandinavian
107077,Scandinavian,Norwegian,European,5.1839,456.9437,7.7948,45.9919,Scandinavian
107078,Scandinavian,Norwegian,European,445.1475,2645.7000,50.8445,76.5650,Scandinavian
107079,Scandinavian,Norwegian,European,195.8415,1322.3638,47.6820,36.4069,Scandinavian
107080,Scandinavian,Norwegian,European,107.5844,4291.3280,47.4906,422.0335,Scandinavian
107081,Scandinavian,Norwegian,European,319.2812,2092.4000,46.4195,68.9663,Scandinavian
107082,Scandinavian,Norwegian,European,0.0000,0.0000,0.0000,0.0000,Scandinavian
107083,Scandinavian,Norwegian,European,35.3936,947.0475,113.8095,37.4214,Scandinavian
107084,Scandinavian,Norwegian,European,1.0152,811.0320,1.0152,90.8040,Scandinavian
107085,Scandinavian,Norwegian,European,9.0385,2751.5781,365.4465,129.4835,Scandinavian
107086,Scandinavian,Norwegian,European,21.4331,458.7360,14.4737,38.4600,Scandinavian
107087,Scandinavian,Norwegian,European,265.0776,3215.0880,49.0253,228.9563,Scandinavian
107088,Scandinavian,Norwegian,European,546.0102,5436.1960,23.0650,363.6337,Scandinavian
107089,Scandinavian,Norwegian,European,86.7780,693.1320,23.3712,27.1830,Scandinavian
107090,Scandinavian,Norwegian,European,24.3418,10199.8198,33.2262,1108.7783,Scandinavian
107091,Scandinavian,Norwegian,European,382.1263,2914.8800,76.1808,119.5670,Scandinavian
107092,Scandinavian,Norwegian,European,23.6855,747.0008,93.2884,29.4618,Scandinavian
107093,Scandinavian,Norwegian,European,169.0846,1929.9850,18.5531,140.4300,Scandinavian
107094,Scandinavian,Norwegian,European,1236.0543,6878.1870,134.5098,172.3476,Scandinavian
107095,Scandinavian,Norwegian,European,12.1129,858.1127,180.5146,4.7866,Scandinavian
107096,Scandinavian,Norwegian,European,663.6021,2675.3445,5.9040,3.1980,Scandinavian
107097,Scandinavian,Norwegian,European,1002.5199,4552.6993,60.0692,29.4171,Scandinavian
107098,Scandinavian,Norwegian,European,39.8114,573.6768,93.9299,3.0824,Scandinavian
107099,Scandinavian,Norwegian,European,195.6200,864.9600,19.3663,1.5112,Scandinavian
107100,Scandinavian,Norwegian,European,185.2276,1090.8030,4.3147,37.4713,Scandinavian
107101,Scandinavian,Norwegian,European,9.1958,524.2140,1.7250,54.2700,Scandinavian
107102,Scandinavian,Norwegian,European,205.8317,4372.7399,500.9714,163.8022,Scandinavian
107103,Scandinavian,Norwegian,European,605.8494,3864.6068,67.9717,122.8500,Scandinavian
107104,Scandinavian,Norwegian,European,37.3468,1097.6900,12.1728,103.7388,Scandinavian
107105,Scandinavian,Norwegian,European,1503.0221,7580.4673,218.8286,85.9870,Scandinavian
107106,Scandinavian,Norwegian,European,21.1530,1393.7438,78.0891,108.5985,Scandinavian
107107,Scandinavian,Norwegian,European,405.0918,10898.2362,1431.8483,351.0234,Scandinavian
107108,Scandinavian,Norwegian,European,169.3265,1495.1660,41.8352,78.3242,Scandinavian
107109,Scandinavian,Norwegian,European,74.7898,1631.8418,108.4130,109.7051,Scandinavian
107110,Scandinavian,Norwegian,European,64.9770,1997.9387,60.6020,172.9539,Scandinavian
107111,Scandinavian,Norwegian,European,86.3640,523.4560,15.8520,15.8000,Scandinavian
107112,Scandinavian,Norwegian,European,561.0622,3551.4570,28.5031,129.5119,Scandinavian
107113,Scandinavian,Norwegian,European,75.5544,1101.0071,58.5980,67.4400,Scandinavian
107114,Scandinavian,Norwegian,European,344.6354,1869.2600,32.6470,40.5536,Scandinavian
107115,Scandinavian,Norwegian,European,331.8069,1756.2940,40.8035,26.0211,Scandinavian
107116,Scandinavian,Norwegian,European,1362.2996,54865.3400,206.2120,5491.4164,Scandinavian
107117,Scandinavian,Norwegian,European,15.4251,646.0610,10.9557,60.4325,Scandinavian
107118,Scandinavian,Norwegian,European,42.4192,4485.5530,163.2180,403.0137,Scandinavian
107119,Scandinavian,Norwegian,European,132.9088,1607.6890,12.9941,114.5784,Scandinavian
107120,Scandinavian,Norwegian,European,90.6028,432.0070,18.8696,2.1345,Scandinavian
107121,Scandinavian,Norwegian,European,37.5619,1094.8883,166.0844,33.1480,Scandinavian
107122,Scandinavian,Norwegian,European,63.0094,1178.8033,188.6185,20.6442,Scandinavian
107123,Scandinavian,Norwegian,European,47.8528,3025.7383,38.3558,309.1672,Scandinavian
107124,Scandinavian,Norwegian,European,606.8366,3468.5618,224.1073,12.6961,Scandinavian
107125,Scandinavian,Norwegian,European,86.3951,1657.4003,119.7007,93.6612,Scandinavian
107126,Scandinavian,Norwegian,European,133.8994,1261.9180,65.8956,53.2553,Scandinavian
107127,Scandinavian,Norwegian,European,38.9873,548.8998,16.1878,40.6075,Scandinavian
107128,Scandinavian,Norwegian,European,628.7060,3634.3030,38.6344,103.0402,Scandinavian
107129,Scandinavian,Norwegian,European,376.9914,3745.7120,61.5510,228.6922,Scandinavian
107130,Scandinavian,Norwegian,European,730.5571,4753.4995,160.2730,151.3425,Scandinavian
107131,Scandinavian,Norwegian,European,66.8038,2763.9542,227.6998,168.2750,Scandinavian
107132,Scandinavian,Norwegian,European,64.7603,1735.0855,85.9942,127.7753,Scandinavian
107133,Scandinavian,Norwegian,European,26.5087,265.0736,15.3754,14.9809,Scandinavian
107134,Scandinavian,Norwegian,European,1159.0938,8341.1957,188.2579,338.9574,Scandinavian
107135,Scandinavian,Norwegian,European,33.4382,166.6190,5.5389,4.8642,Scandinavian
107136,Scandinavian,Norwegian,European,248.9741,2846.0667,35.8042,193.3903,Scandinavian
107137,Scandinavian,Norwegian,European,224.8754,1069.9930,16.2895,16.5056,Scandinavian
107138,Scandinavian,Norwegian,European,80709.9714,323894.9076,114.5800,100.1550,Scandinavian
107139,Scandinavian,Norwegian,European,27.7646,430.6900,29.0784,21.9333,Scandinavian
107140,Scandinavian,Norwegian,European,25511.9146,117117.2560,1912.1026,517.4122,Scandinavian
107141,Scandinavian,Norwegian,European,23.1656,456.1140,30.3690,26.2332,Scandinavian
107142,Scandinavian,Norwegian,European,9.5245,581.7000,11.3260,56.5725,Scandinavian
107143,Scandinavian,Norwegian,European,1.4736,38.7900,7.3848,0.1272,Scandinavian
107144,Scandinavian,Norwegian,European,27.5567,115.4880,0.0000,0.0000,Scandinavian
107145,Scandinavian,Norwegian,European,27.5262,2638.7793,141.1171,220.4795,Scandinavian
107146,Scandinavian,Norwegian,European,31.4280,684.0000,21.3720,57.6000,Scandinavian
107147,Scandinavian,Norwegian,European,558.4321,3282.8730,58.0785,89.9278,Scandinavian
107148,Scandinavian,Norwegian,European,131.7080,2427.3600,5.6235,218.7630,Scandinavian
107149,Scandinavian,Norwegian,European,540.9980,2855.5210,50.7752,50.6578,Scandinavian
107150,Scandinavian,Norwegian,European,22.0873,949.1957,121.4600,42.1596,Scandinavian
107151,Scandinavian,Norwegian,European,24.6239,1342.8461,133.4706,77.8006,Scandinavian
107152,Scandinavian,Norwegian,European,405.2999,1878.1116,78.7049,11.5886,Scandinavian
107153,Scandinavian,Norwegian,European,50.5654,492.8350,16.2019,26.9756,Scandinavian
107154,Scandinavian,Norwegian,European,149.0400,690.0000,21.0000,3.2000,Scandinavian
107155,Scandinavian,Norwegian,European,17.7936,460.5377,13.0640,40.2197,Scandinavian
107156,Scandinavian,Norwegian,European,50.3990,1008.4302,179.5204,4.5333,Scandinavian
107157,Scandinavian,Norwegian,European,51.6095,863.9500,23.5925,63.3950,Scandinavian
107158,Scandinavian,Norwegian,European,67.2031,2928.3884,106.3200,254.2219,Scandinavian
107159,Scandinavian,Norwegian,European,66834.3277,303393.8400,3501.5366,2462.4225,Scandinavian
107160,Scandinavian,Norwegian,European,55.4598,648.4954,56.3615,25.2940,Scandinavian
107161,Scandinavian,Norwegian,European,266.8243,1925.3310,75.8695,68.9231,Scandinavian
107162,Scandinavian,Norwegian,European,77.2043,1330.6684,132.0357,61.4481,Scandinavian
107163,Scandinavian,Norwegian,European,1452.2785,7669.7047,148.1220,132.1348,Scandinavian
107164,Scandinavian,Norwegian,European,0.4690,1286.6880,76.7285,106.1598,Scandinavian
107165,Scandinavian,Norwegian,European,13.7985,101.3274,2.3623,1.1407,Scandinavian
107166,Scandinavian,Norwegian,European,158.5313,2938.8156,105.1527,216.6091,Scandinavian
107167,Scandinavian,Norwegian,European,156.0861,2462.6630,80.4098,182.5508,Scandinavian
107168,Scandinavian,Norwegian,European,20.7960,1677.5275,118.0900,132.4805,Scandinavian
107169,Scandinavian,Norwegian,European,49.1564,884.4200,28.4792,63.7980,Scandinavian
107170,Scandinavian,Norwegian,European,339.9633,1429.2400,5.2940,2.3138,Scandinavian
107171,Scandinavian,Norwegian,European,104.5572,679.6268,21.6209,22.6828,Scandinavian
107172,Scandinavian,Norwegian,European,288.3873,2052.0860,15.4115,103.1195,Scandinavian
107173,Scandinavian,Norwegian,European,35.6241,555.6040,12.3881,43.5189,Scandinavian
107174,Scandinavian,Norwegian,European,48.5159,714.3809,25.8879,48.1113,Scandinavian
107175,Scandinavian,Norwegian,European,8.7714,357.9600,42.2354,17.5213,Scandinavian
107176,Scandinavian,Norwegian,European,25.5986,836.2800,100.5378,36.4548,Scandinavian
107177,Scandinavian,Norwegian,European,35.7735,2322.5053,382.2956,67.2537,Scandinavian
107178,Scandinavian,Norwegian,European,274.1162,1094.7450,1.1822,0.2919,Scandinavian
107179,Scandinavian,Norwegian,European,0.6371,1.2190,0.0000,0.0000,Scandinavian
107180,Scandinavian,Norwegian,European,358.3103,1410.9180,6.8108,1.4138,Scandinavian
107181,Scandinavian,Norwegian,European,14.4011,1311.0785,0.2559,145.3958,Scandinavian
107182,Scandinavian,Norwegian,European,1474.4813,25154.6640,728.2660,1972.8639,Scandinavian
107183,Scandinavian,Norwegian,European,12.6570,2020.6796,207.9276,122.7415,Scandinavian
107184,Scandinavian,Norwegian,European,18.0243,374.8147,16.4339,29.0213,Scandinavian
107185,Scandinavian,Norwegian,European,37.1496,875.5200,60.7380,52.4664,Scandinavian
107186,Scandinavian,Norwegian,European,25.7899,520.2013,7.4083,44.6765,Scandinavian
107187,Scandinavian,Norwegian,European,233.9277,1044.6590,11.3080,6.0918,Scandinavian
107188,Scandinavian,Norwegian,European,16.0390,2241.4436,191.0282,152.7445,Scandinavian
107189,Scandinavian,Norwegian,European,19.0835,443.9450,10.6952,37.9724,Scandinavian
107190,Scandinavian,Norwegian,European,78.8552,335.9000,9.3400,1.0568,Scandinavian
107191,Scandinavian,Norwegian,European,10.6490,2877.6240,158.7474,240.3695,Scandinavian
107192,Scandinavian,Norwegian,European,391.5755,4067.9020,90.7624,249.2419,Scandinavian
107193,Scandinavian,Norwegian,European,2670.0067,324175.6327,1819.1047,34334.1649,Scandinavian
107194,Scandinavian,Norwegian,European,114.7025,989.4000,25.4450,51.2485,Scandinavian
107195,Scandinavian,Norwegian,European,193.2597,2662.5500,51.9462,206.3356,Scandinavian
107196,Scandinavian,Norwegian,European,90.0816,1490.6645,44.6596,109.1542,Scandinavian
107197,Scandinavian,Norwegian,European,102.5176,2388.7960,239.3333,118.5031,Scandinavian
107198,Scandinavian,Norwegian,European,105.6612,3528.4404,223.1224,245.7061,Scandinavian
107199,Scandinavian,Norwegian,European,53.4900,2070.8342,63.2445,178.8065,Scandinavian
107200,Scandinavian,Norwegian,European,5.4198,209.7300,9.8047,17.3447,Scandinavian
107201,Scandinavian,Norwegian,European,22.5770,1248.2288,97.2285,85.1703,Scandinavian
107202,Scandinavian,Norwegian,European,555.2076,3543.1200,71.3660,117.0224,Scandinavian
107203,Scandinavian,Norwegian,European,264.9574,3284.3475,47.4529,228.4230,Scandinavian
107204,Scandinavian,Norwegian,European,33.8125,1962.7402,81.1970,170.2431,Scandinavian
107205,Scandinavian,Norwegian,European,292.4708,1488.0200,33.0491,17.6974,Scandinavian
107206,Scandinavian,Norwegian,European,1289.8302,7031.5400,120.0007,161.1733,Scandinavian
107207,Scandinavian,Norwegian,European,193.0771,1375.5650,26.4467,53.3540,Scandinavian
107208,Scandinavian,Norwegian,European,14.6857,121248.5179,26940.5551,690.8517,Scandinavian
107209,Scandinavian,Norwegian,European,111.4001,1387.0610,30.7326,89.9721,Scandinavian
107210,Scandinavian,Norwegian,European,76.8852,1308.2847,136.8781,56.0134,Scandinavian
107211,Scandinavian,Norwegian,European,728.3315,3930.5100,46.3185,92.2089,Scandinavian
107212,Scandinavian,Norwegian,European,180.8475,1493.8000,26.2404,81.9122,Scandinavian
107213,Scandinavian,Norwegian,European,2.6735,57.3150,1.8144,4.8049,Scandinavian
107214,Scandinavian,Norwegian,European,574.6233,2264.3490,11.5389,2.5717,Scandinavian
107215,Scandinavian,Norwegian,European,44.7754,1564.2400,168.4788,79.4144,Scandinavian
107216,Scandinavian,Norwegian,European,68.8531,1021.6400,111.3966,33.7698,Scandinavian
107217,Scandinavian,Norwegian,European,53.6368,991.9800,54.2207,63.4359,Scandinavian
107218,Scandinavian,Norwegian,European,12.2949,1338.9768,8.0853,144.2199,Scandinavian
107219,Scandinavian,Norwegian,European,250.4580,3338.0100,44.6780,249.6680,Scandinavian
107220,Scandinavian,Norwegian,European,41.3152,1206.8817,52.8750,97.8590,Scandinavian
107221,Scandinavian,Norwegian,European,21.5628,400.1533,13.5225,31.4901,Scandinavian
107222,Scandinavian,Norwegian,European,170.7060,1304.6700,23.9460,64.7760,Scandinavian
107223,Scandinavian,Norwegian,European,77.3192,493.8500,15.6021,17.6299,Scandinavian
107224,Scandinavian,Norwegian,European,339.7140,2481.2700,67.2944,91.9419,Scandinavian
107225,Scandinavian,Norwegian,European,44.7534,704.4618,12.7333,55.1240,Scandinavian
107226,Scandinavian,Norwegian,European,0.0000,343.9680,39.7349,19.2905,Scandinavian
107227,Scandinavian,Norwegian,European,29.5143,317.7050,10.3611,18.6698,Scandinavian
107228,Scandinavian,Norwegian,European,31.9593,696.0960,21.3745,57.6025,Scandinavian
107229,Scandinavian,Norwegian,European,337.8358,1421.8900,5.2940,2.3138,Scandinavian
107230,Scandinavian,Norwegian,European,54.9128,465.6015,15.2652,22.4127,Scandinavian
107231,Scandinavian,Norwegian,European,176.7108,1324.8366,38.9823,58.9992,Scandinavian
107232,Scandinavian,Norwegian,European,158.4218,2845.3960,54.8445,234.6560,Scandinavian
107233,Scandinavian,Norwegian,European,140.4624,804.8346,35.5333,16.0064,Scandinavian
107234,Scandinavian,Norwegian,European,294.8574,1406.1300,14.8702,30.7233,Scandinavian
107235,Scandinavian,Norwegian,European,16.1951,344.7360,10.9117,28.8600,Scandinavian
107236,Scandinavian,Norwegian,European,134.5877,623.0000,0.0000,0.0000,Scandinavian
107237,Scandinavian,Norwegian,European,36.1325,603.0709,68.8669,19.4121,Scandinavian
107238,Scandinavian,Norwegian,European,511.1106,3096.5725,91.8809,72.3266,Scandinavian
107239,Scandinavian,Norwegian,European,120.2132,1539.7160,23.5620,108.7519,Scandinavian
107240,Scandinavian,Norwegian,European,75.3996,540.8994,22.4805,17.9966,Scandinavian
107241,Scandinavian,Norwegian,European,526.3556,3498.7262,45.8439,135.2555,Scandinavian
107242,Scandinavian,Norwegian,European,73.2208,343.3540,15.9100,2.2200,Scandinavian
107243,Scandinavian,Norwegian,European,53.0188,588.1875,21.3062,33.9889,Scandinavian
107244,Scandinavian,Norwegian,European,65.0115,597.0017,22.0398,29.0249,Scandinavian
107245,Scandinavian,Norwegian,European,43.5359,458.3820,10.6860,28.8000,Scandinavian
107246,Scandinavian,Norwegian,European,11.0539,526.8985,0.7524,54.6933,Scandinavian
107247,Scandinavian,Norwegian,European,74.6452,1003.5017,23.9324,69.2513,Scandinavian
107248,Scandinavian,Norwegian,European,266.4532,5545.2115,858.1765,92.8127,Scandinavian
107249,Scandinavian,Norwegian,European,40.5867,503.2982,14.9215,33.2591,Scandinavian
107250,Scandinavian,Norwegian,European,21.6170,1064.6590,149.1439,41.8694,Scandinavian
139189,Scandinavian,Swedish,European,106.5763,868.6440,26.8022,37.7976,Scandinavian
139190,Scandinavian,Swedish,European,276.5135,2947.4603,49.1498,192.5066,Scandinavian
139191,Scandinavian,Swedish,European,563.4240,4913.3120,111.6251,266.6139,Scandinavian
139192,Scandinavian,Swedish,European,257.4143,1223.7210,18.8623,10.2460,Scandinavian
139193,Scandinavian,Swedish,European,314.1172,2052.7123,40.7367,75.6747,Scandinavian
139194,Scandinavian,Swedish,European,453.7208,2373.8060,71.8463,39.8155,Scandinavian
139195,Scandinavian,Swedish,European,292.7792,1185.7312,5.8722,0.4728,Scandinavian
139196,Scandinavian,Swedish,European,625.1079,3675.4500,59.7275,107.4408,Scandinavian
139197,Scandinavian,Swedish,European,167.1111,2822.0738,62.6763,217.7716,Scandinavian
139198,Scandinavian,Swedish,European,51384.0450,223274.7784,718.7593,1819.6766,Scandinavian
139199,Scandinavian,Swedish,European,106.9218,1194.6494,33.3218,72.0990,Scandinavian
139200,Scandinavian,Swedish,European,241.4114,2272.5140,42.7762,126.6271,Scandinavian
139201,Scandinavian,Swedish,European,50401.2116,202257.2475,121.2086,26.0549,Scandinavian
139202,Scandinavian,Swedish,European,251.3379,1345.0800,30.9125,23.7086,Scandinavian
139203,Scandinavian,Swedish,European,265.6493,2398.7000,65.7283,128.0180,Scandinavian
139204,Scandinavian,Swedish,European,65.7200,2544.5400,50.2940,234.1140,Scandinavian
139205,Scandinavian,Swedish,European,1066.9551,4888.0170,56.4976,33.0328,Scandinavian
139206,Scandinavian,Swedish,European,9.8640,1425.7333,55.1040,131.0213,Scandinavian
139207,Scandinavian,Swedish,European,618.0456,4009.1080,25.1836,163.2304,Scandinavian
139208,Scandinavian,Swedish,European,84313.7160,382400.0000,8460.3160,2940.0240,Scandinavian
139209,Scandinavian,Swedish,European,758.7552,4434.0119,82.4276,160.6143,Scandinavian
139210,Scandinavian,Swedish,European,530.8443,3528.1607,63.3224,152.3188,Scandinavian
139211,Scandinavian,Swedish,European,18.1957,568.7600,30.1061,43.6225,Scandinavian
139212,Scandinavian,Swedish,European,83965.6535,384486.6488,1846.5032,5323.3158,Scandinavian
139213,Scandinavian,Swedish,European,129.5724,1537.6700,56.4600,87.7836,Scandinavian
139214,Scandinavian,Swedish,European,76.3623,1585.9127,53.1643,127.7175,Scandinavian
139215,Scandinavian,Swedish,European,186.6112,2381.4400,122.9760,127.6608,Scandinavian
139216,Scandinavian,Swedish,European,20.9920,1230.3120,107.9320,79.5642,Scandinavian
139217,Scandinavian,Swedish,European,665.9627,5883.5665,75.0943,339.6914,Scandinavian
139218,Scandinavian,Swedish,European,65.1972,269.1860,2.4000,1.3000,Scandinavian
139219,Scandinavian,Swedish,European,227.7162,2286.9310,54.9042,139.7042,Scandinavian
139220,Scandinavian,Swedish,European,134373.7484,976909.2620,5221.0361,46534.1290,Scandinavian
139221,Scandinavian,Swedish,European,116.9507,473.1718,2.5221,0.7564,Scandinavian
139222,Scandinavian,Swedish,European,319.3441,2069.1540,9.0278,87.8088,Scandinavian
139223,Scandinavian,Swedish,European,436.6847,2655.4600,55.9347,78.5882,Scandinavian
139224,Scandinavian,Swedish,European,349.6824,4077.6533,91.3821,274.5538,Scandinavian
139225,Scandinavian,Swedish,European,684.7421,5026.8360,131.6405,206.3637,Scandinavian
139226,Scandinavian,Swedish,European,122.3573,532.0000,11.8219,6.3987,Scandinavian
139227,Scandinavian,Swedish,European,463.5676,2792.5680,51.5918,81.8019,Scandinavian
139228,Scandinavian,Swedish,European,246.0352,1839.4927,29.2303,89.1876,Scandinavian
139229,Scandinavian,Swedish,European,54256.7967,320009.9380,3633.3300,10172.0425,Scandinavian
139230,Scandinavian,Swedish,European,460.3510,3546.9617,161.1379,137.2369,Scandinavian
139231,Scandinavian,Swedish,European,58659.1848,255734.4264,1383.1246,2234.4352,Scandinavian
139232,Scandinavian,Swedish,European,248.3142,1683.4550,35.3124,63.0069,Scandinavian
139233,Scandinavian,Swedish,European,310.3863,2240.9870,93.1253,79.2721,Scandinavian
139234,Scandinavian,Swedish,European,467.5264,1829.9200,3.4332,1.5160,Scandinavian
139235,Scandinavian,Swedish,European,740.1925,5374.8700,86.9739,235.3803,Scandinavian
139236,Scandinavian,Swedish,European,418.7160,3966.8900,67.8992,233.2631,Scandinavian
139237,Scandinavian,Swedish,European,424.6615,2435.1200,41.9687,65.8544,Scandinavian
139238,Scandinavian,Swedish,European,406.3930,2751.9015,25.5866,112.4324,Scandinavian
139239,Scandinavian,Swedish,European,367.5414,1713.5595,25.4772,14.4657,Scandinavian
139240,Scandinavian,Swedish,European,126.4287,973.5554,27.1410,41.9331,Scandinavian
139241,Scandinavian,Swedish,European,173.0791,658.5625,3.3504,0.8250,Scandinavian
139242,Scandinavian,Swedish,European,755.4857,4895.7180,38.2905,198.6880,Scandinavian
139243,Scandinavian,Swedish,European,172.1093,1967.8014,76.0951,110.6122,Scandinavian
139244,Scandinavian,Swedish,European,37449.2310,215290.9563,4765.0997,5227.1503,Scandinavian
139245,Scandinavian,Swedish,European,43.0105,573.2306,5.1975,44.0580,Scandinavian
139246,Scandinavian,Swedish,European,159.6887,2471.6120,115.1182,165.7300,Scandinavian
139247,Scandinavian,Swedish,European,528.6044,3650.3760,87.8084,138.8868,Scandinavian
139248,Scandinavian,Swedish,European,19.3005,538.8467,5.5235,52.7702,Scandinavian
139249,Scandinavian,Swedish,European,40343.3709,162280.7763,27.8104,101.3095,Scandinavian
139250,Scandinavian,Swedish,European,269.6593,1379.9707,28.5542,40.3823,Scandinavian
139251,Scandinavian,Swedish,European,127.7738,591.5950,9.4035,2.2461,Scandinavian
139252,Scandinavian,Swedish,European,416.7257,1540.9050,0.0000,1.0230,Scandinavian
139253,Scandinavian,Swedish,European,167.8134,681.3450,3.2940,0.7320,Scandinavian
139254,Scandinavian,Swedish,European,131.5710,2332.9025,34.8506,192.3695,Scandinavian
139255,Scandinavian,Swedish,European,102.3757,1416.9200,19.4290,112.0723,Scandinavian
139256,Scandinavian,Swedish,European,39.9000,1980.0000,21.7800,208.0800,Scandinavian
139257,Scandinavian,Swedish,European,352.1554,4647.8224,172.8988,297.6070,Scandinavian
139258,Scandinavian,Swedish,European,15128.4465,60508.7367,6.1556,0.4094,Scandinavian
139259,Scandinavian,Swedish,European,292.6695,2684.6500,87.1720,142.1230,Scandinavian
139260,Scandinavian,Swedish,European,31.6456,1147.1200,30.3822,103.2438,Scandinavian
139261,Scandinavian,Swedish,European,148.8069,650.4220,9.0825,1.2975,Scandinavian
139262,Scandinavian,Swedish,European,398.9995,2478.4755,49.7171,86.9304,Scandinavian
139263,Scandinavian,Swedish,European,160574.0006,866869.7766,54467.6117,3054.6286,Scandinavian
139264,Scandinavian,Swedish,European,15121.5309,60612.7200,8.0886,13.5354,Scandinavian
139265,Scandinavian,Swedish,European,216.9895,926.4750,13.7327,10.7940,Scandinavian
139266,Scandinavian,Swedish,European,165.8059,1858.0410,32.5613,129.1467,Scandinavian
139267,Scandinavian,Swedish,European,577.3980,4011.0316,44.2239,175.4060,Scandinavian
139268,Scandinavian,Swedish,European,360.2548,4646.3790,176.3424,299.2321,Scandinavian
139269,Scandinavian,Swedish,European,115.8296,1242.6060,11.0772,87.7140,Scandinavian
139270,Scandinavian,Swedish,European,348.2885,2484.2848,17.5238,130.0095,Scandinavian
139271,Scandinavian,Swedish,European,161.9320,614.7950,5.6809,1.6373,Scandinavian
139272,Scandinavian,Swedish,European,311.4853,2338.6667,42.7933,115.2093,Scandinavian
139273,Scandinavian,Swedish,European,66.9933,574.9300,25.2465,21.7070,Scandinavian
139274,Scandinavian,Swedish,European,102.3534,723.2700,26.9094,23.5122,Scandinavian
139275,Scandinavian,Swedish,European,7.3016,30.4800,0.0208,0.0040,Scandinavian
139276,Scandinavian,Swedish,European,11.6736,48.6400,1.0184,0.4560,Scandinavian
139277,Scandinavian,Swedish,European,447.7601,6061.7260,72.8335,453.9407,Scandinavian
139278,Scandinavian,Swedish,European,264.1507,1071.8680,2.1490,0.9346,Scandinavian
139279,Scandinavian,Swedish,European,22.0248,150.9200,6.8153,4.5519,Scandinavian
139280,Scandinavian,Swedish,European,368.0270,2740.4967,83.9640,117.4667,Scandinavian
139281,Scandinavian,Swedish,European,170.3051,1358.6320,36.8972,57.4334,Scandinavian
139282,Scandinavian,Swedish,European,31873.5298,139853.8128,1099.9903,798.1792,Scandinavian
139283,Scandinavian,Swedish,European,943.9963,5838.0140,34.4499,225.7628,Scandinavian
139284,Scandinavian,Swedish,European,251.8965,2209.6733,52.1687,122.9710,Scandinavian
139285,Scandinavian,Swedish,European,339.5818,2359.6725,62.2996,86.3095,Scandinavian
139286,Scandinavian,Swedish,European,370.7939,3289.2675,116.4912,162.1030,Scandinavian
139287,Scandinavian,Swedish,European,315.3287,2469.3960,55.4865,122.6623,Scandinavian
139288,Scandinavian,Swedish,European,523.1244,2823.8400,54.8663,81.3239,Scandinavian
139289,Scandinavian,Swedish,European,388.1902,3033.8775,65.2344,143.4506,Scandinavian
139290,Scandinavian,Swedish,European,15.9202,77.0465,4.0003,0.9111,Scandinavian
139291,Scandinavian,Swedish,European,645.6751,5979.6955,72.7488,365.8093,Scandinavian
139292,Scandinavian,Swedish,European,271.6220,2530.0600,26.8080,156.9100,Scandinavian
139293,Scandinavian,Swedish,European,29.2766,472.5300,5.6541,38.5842,Scandinavian
139294,Scandinavian,Swedish,European,205.6782,1936.2633,57.1318,99.3388,Scandinavian
139295,Scandinavian,Swedish,European,941.6840,6855.7910,108.2944,308.4889,Scandinavian
139296,Scandinavian,Swedish,European,56377.0000,254432.5000,2427.4400,1960.4550,Scandinavian
139297,Scandinavian,Swedish,European,163.4896,751.2600,25.4114,5.3456,Scandinavian
139298,Scandinavian,Swedish,European,138.6220,2069.0050,37.9410,161.0158,Scandinavian
139299,Scandinavian,Swedish,European,247.6741,2535.7980,46.3100,149.2512,Scandinavian
139300,Scandinavian,Swedish,European,245.5320,1499.3750,32.2820,46.4877,Scandinavian
139301,Scandinavian,Swedish,European,297.1612,5172.9750,103.0349,412.8645,Scandinavian
139302,Scandinavian,Swedish,European,61952.6966,266026.0000,998.1318,1694.1546,Scandinavian
139303,Scandinavian,Swedish,European,95.0336,1368.4780,30.8291,97.1691,Scandinavian
139304,Scandinavian,Swedish,European,38008.3882,173836.4520,2841.2624,690.5958,Scandinavian
139305,Scandinavian,Swedish,European,123.8048,475.7100,5.0802,1.0238,Scandinavian
139306,Scandinavian,Swedish,European,255.9414,4706.2800,79.6250,403.5236,Scandinavian
139307,Scandinavian,Swedish,European,284.5121,2176.7070,19.2130,108.3470,Scandinavian
139308,Scandinavian,Swedish,European,332.9379,2409.2380,45.8308,103.5218,Scandinavian
139309,Scandinavian,Swedish,European,80.8355,516.5000,9.3145,22.4500,Scandinavian
139310,Scandinavian,Swedish,European,509.3065,2835.6892,77.7277,53.0172,Scandinavian
139311,Scandinavian,Swedish,European,504.7514,3075.7930,57.1425,95.6447,Scandinavian
139312,Scandinavian,Swedish,European,199.2370,3236.5593,12.6661,276.4603,Scandinavian
139313,Scandinavian,Swedish,European,502.8844,2299.7793,28.0487,23.8607,Scandinavian
139314,Scandinavian,Swedish,European,224.9542,2058.7600,43.6702,116.9926,Scandinavian
139315,Scandinavian,Swedish,European,406.5628,2443.9800,76.5996,115.8528,Scandinavian
139316,Scandinavian,Swedish,European,356.7426,2895.2230,52.9712,139.7827,Scandinavian
139317,Scandinavian,Swedish,European,213.0644,2205.1917,91.4870,112.1923,Scandinavian
139318,Scandinavian,Swedish,European,42.3015,440.6800,18.0435,23.1576,Scandinavian
139319,Scandinavian,Swedish,European,302.3246,1768.3450,22.2569,58.0043,Scandinavian
139320,Scandinavian,Swedish,European,124.7325,1248.5800,21.5115,75.9650,Scandinavian
139321,Scandinavian,Swedish,European,389.9111,6708.5575,25.4793,575.1542,Scandinavian
139322,Scandinavian,Swedish,European,9624.9974,72594.8901,4006.5784,2055.9796,Scandinavian
139323,Scandinavian,Swedish,European,323.0526,2731.5200,37.9045,143.7732,Scandinavian
139324,Scandinavian,Swedish,European,65.0237,1659.5143,12.1549,153.4772,Scandinavian
139325,Scandinavian,Swedish,European,90416.8596,435362.1120,9297.8940,3543.6252,Scandinavian
139326,Scandinavian,Swedish,European,369.6501,3051.4109,28.4154,165.5098,Scandinavian
139327,Scandinavian,Swedish,European,287.9203,2502.7975,63.1477,134.2646,Scandinavian
139328,Scandinavian,Swedish,European,128.6608,919.3100,19.0288,38.2284,Scandinavian
139329,Scandinavian,Swedish,European,202.0055,1428.3652,62.7954,40.5977,Scandinavian
139330,Scandinavian,Swedish,European,593.4597,4427.9687,77.8417,208.8890,Scandinavian
139331,Scandinavian,Swedish,European,353.5621,4565.5300,56.8455,336.5654,Scandinavian
139332,Scandinavian,Swedish,European,15138.9291,61013.4927,10.2033,54.4849,Scandinavian
139333,Scandinavian,Swedish,European,216.0480,2056.2530,49.2405,120.0903,Scandinavian
139334,Scandinavian,Swedish,European,247.8865,1178.6545,13.1864,20.1701,Scandinavian
139335,Scandinavian,Swedish,European,141.4630,1758.1523,73.9490,111.9750,Scandinavian
139336,Scandinavian,Swedish,European,62358.6550,277959.5000,3244.9690,1918.1965,Scandinavian
139337,Scandinavian,Swedish,European,225.5019,2635.8360,91.7221,156.2563,Scandinavian
139338,Scandinavian,Swedish,European,64.2811,695.4433,20.0588,43.4685,Scandinavian
139339,Scandinavian,Swedish,European,16.2122,493.7400,33.0773,34.1908,Scandinavian
139340,Scandinavian,Swedish,European,272.4719,1386.4778,17.1426,31.1596,Scandinavian
139341,Scandinavian,Swedish,European,215.9029,1416.4485,18.2252,54.0875,Scandinavian
139342,Scandinavian,Swedish,European,22315.9466,165563.9117,714.5015,8664.1000,Scandinavian
139343,Scandinavian,Swedish,European,156.3445,3162.8197,12.8956,280.1490,Scandinavian
139344,Scandinavian,Swedish,European,55.5223,599.7459,21.9990,33.9362,Scandinavian
139345,Scandinavian,Swedish,European,117.0907,1241.5751,11.3859,81.6128,Scandinavian
139346,Scandinavian,Swedish,European,442.6768,2968.8240,39.4032,119.6595,Scandinavian
139347,Scandinavian,Swedish,European,791.6378,4698.6853,57.7387,142.2350,Scandinavian
139348,Scandinavian,Swedish,European,88.9389,740.9583,46.1598,21.1857,Scandinavian
139349,Scandinavian,Swedish,European,271.4468,1093.7365,4.5775,1.3688,Scandinavian
139350,Scandinavian,Swedish,European,27.7727,1537.6620,29.3549,154.2504,Scandinavian
139351,Scandinavian,Swedish,European,556.0760,3472.0280,57.8674,113.4060,Scandinavian
139352,Scandinavian,Swedish,European,451.9961,2345.9910,47.7297,34.0011,Scandinavian
139353,Scandinavian,Swedish,European,173.5413,1378.7200,37.3756,66.3745,Scandinavian
139354,Scandinavian,Swedish,European,196.5524,890.9710,11.0661,14.8341,Scandinavian
139355,Scandinavian,Swedish,European,347.0793,2905.8800,50.8570,155.7766,Scandinavian
139356,Scandinavian,Swedish,European,19858.3633,94042.8380,1574.2135,1107.7115,Scandinavian
139357,Scandinavian,Swedish,European,371.1102,2737.9300,62.3131,120.1781,Scandinavian
139358,Scandinavian,Swedish,European,214.2292,1772.4225,70.6842,110.3894,Scandinavian
139359,Scandinavian,Swedish,European,50.6399,2145.7750,3.5970,218.0561,Scandinavian
139360,Scandinavian,Swedish,European,41.6392,1174.2880,68.3250,86.8400,Scandinavian
139361,Scandinavian,Swedish,European,33842.8000,235791.8700,1401.6750,10949.8670,Scandinavian
139362,Scandinavian,Swedish,European,6829.6784,34005.8760,608.2700,876.0300,Scandinavian
139363,Scandinavian,Swedish,European,18.6609,1202.5271,55.3884,103.1097,Scandinavian
139364,Scandinavian,Swedish,European,395.9192,2883.8800,68.0080,128.0694,Scandinavian
139365,Scandinavian,Swedish,European,266.1260,1339.9740,22.0116,25.3648,Scandinavian
139366,Scandinavian,Swedish,European,61464.6050,263318.1568,680.4836,1809.5232,Scandinavian
139367,Scandinavian,Swedish,European,238.7152,2343.8456,48.9380,137.6451,Scandinavian
139368,Scandinavian,Swedish,European,968.9612,5890.8911,62.0109,203.9040,Scandinavian
139369,Scandinavian,Swedish,European,518.3666,5329.0050,30.4427,352.7739,Scandinavian
139370,Scandinavian,Swedish,European,4.5908,18.3540,0.0000,0.0000,Scandinavian
139371,Scandinavian,Swedish,European,51911.8159,220796.8302,567.3641,1500.5669,Scandinavian
139372,Scandinavian,Swedish,European,32.5623,2418.5980,23.2724,255.9358,Scandinavian
139373,Scandinavian,Swedish,European,622.8001,3804.4053,53.4902,130.2731,Scandinavian
139374,Scandinavian,Swedish,European,73529.1105,305892.0647,1553.5336,1193.8371,Scandinavian
139375,Scandinavian,Swedish,European,116.4675,862.1440,26.5495,34.8380,Scandinavian
139376,Scandinavian,Swedish,European,750.2847,9294.2100,99.3775,671.7213,Scandinavian
139377,Scandinavian,Swedish,European,464.0251,3795.2850,72.3820,190.7857,Scandinavian
139378,Scandinavian,Swedish,European,803.9191,5334.8208,57.6275,209.7460,Scandinavian
139379,Scandinavian,Swedish,European,258.6428,1638.1059,28.2310,62.9188,Scandinavian
139380,Scandinavian,Swedish,European,398.6261,3210.5322,75.2367,151.4692,Scandinavian
139381,Scandinavian,Swedish,European,244.1366,1653.4500,41.2439,59.0277,Scandinavian
139382,Scandinavian,Swedish,European,193.7070,4456.6130,68.3173,394.0974,Scandinavian
139383,Scandinavian,Swedish,European,576.1610,3758.6780,81.5740,134.5242,Scandinavian
139384,Scandinavian,Swedish,European,101.4908,3470.9469,601.0637,80.0732,Scandinavian
139385,Scandinavian,Swedish,European,1.3095,28.5000,0.8905,2.4000,Scandinavian
139386,Scandinavian,Swedish,European,152635.3120,691941.6360,8910.6001,4016.9251,Scandinavian
139387,Scandinavian,Swedish,European,117.1011,3514.1368,40.1219,335.4666,Scandinavian
139388,Scandinavian,Swedish,European,81.8270,885.4950,21.3720,57.6000,Scandinavian
139389,Scandinavian,Swedish,European,37294.7583,163608.9180,1289.4383,1310.4790,Scandinavian
139390,Scandinavian,Swedish,European,505.0154,8026.3370,119.0670,643.3229,Scandinavian
139391,Scandinavian,Swedish,European,447.5373,3165.6160,76.6047,122.9749,Scandinavian
139392,Scandinavian,Swedish,European,210.3976,1183.2350,22.3860,32.2500,Scandinavian
139393,Scandinavian,Swedish,European,195.5269,1670.8800,16.6924,95.5476,Scandinavian
139394,Scandinavian,Swedish,European,245.4072,1781.8200,41.6180,75.0888,Scandinavian
139395,Scandinavian,Swedish,European,307.2946,3071.5700,65.4735,177.1324,Scandinavian
139396,Scandinavian,Swedish,European,141.7650,1244.0505,21.0084,70.8537,Scandinavian
139397,Scandinavian,Swedish,European,134.7083,1261.3900,46.7036,60.2440,Scandinavian
139398,Scandinavian,Swedish,European,1006.4621,6074.4188,89.0331,189.8378,Scandinavian
139399,Scandinavian,Swedish,European,335.8758,2242.5020,75.4698,113.7860,Scandinavian
139400,Scandinavian,Swedish,European,32243.0762,151545.3880,2305.9105,1325.4810,Scandinavian
139401,Scandinavian,Swedish,European,180.8953,1198.0790,50.6029,31.6135,Scandinavian
139402,Scandinavian,Swedish,European,236.7634,2564.4160,27.9955,174.9310,Scandinavian
139403,Scandinavian,Swedish,European,408.7698,5017.2320,16.6246,372.7298,Scandinavian
139404,Scandinavian,Swedish,European,175.8485,1619.8183,21.9840,94.6222,Scandinavian
139405,Scandinavian,Swedish,European,188.3094,1412.3200,25.0264,71.9728,Scandinavian
139406,Scandinavian,Swedish,European,778.4414,3848.5750,45.4599,75.2647,Scandinavian
139407,Scandinavian,Swedish,European,28.9420,739.3455,20.5095,61.0045,Scandinavian
139408,Scandinavian,Swedish,European,85.6866,648.6420,26.2332,26.1558,Scandinavian
139409,Scandinavian,Swedish,European,35466.8538,174100.9422,2201.3304,2817.9252,Scandinavian
139410,Scandinavian,Swedish,European,105.4868,2663.2150,16.3386,245.1713,Scandinavian
139411,Scandinavian,Swedish,European,425.3180,3640.7400,40.0220,203.3390,Scandinavian
139412,Scandinavian,Swedish,European,617.1881,3317.3985,55.8896,69.2880,Scandinavian
139413,Scandinavian,Swedish,European,281.6129,1115.3142,4.0487,0.9545,Scandinavian
139414,Scandinavian,Swedish,European,290.1888,2977.8680,90.2859,176.3623,Scandinavian
139415,Scandinavian,Swedish,European,128142.2110,547579.3685,8718.8474,1736.1189,Scandinavian
139416,Scandinavian,Swedish,European,6778.4006,26077.9780,313.1977,81.1993,Scandinavian
139417,Scandinavian,Swedish,European,93.9394,2160.8187,199.2158,106.2930,Scandinavian
139418,Scandinavian,Swedish,European,42.8415,206.5820,6.5128,5.3124,Scandinavian
139419,Scandinavian,Swedish,European,55.0896,1507.7176,179.8831,57.4828,Scandinavian
139420,Scandinavian,Swedish,European,1.1256,270.6777,47.8071,6.9039,Scandinavian
139421,Scandinavian,Swedish,European,143.8653,557.3333,0.1760,0.0000,Scandinavian
139422,Scandinavian,Swedish,European,51.6078,601.3002,88.3731,5.1177,Scandinavian
139423,Scandinavian,Swedish,European,202.2779,867.0300,0.0000,0.0000,Scandinavian
139424,Scandinavian,Swedish,European,120.1104,2912.1700,53.7643,270.0811,Scandinavian
139425,Scandinavian,Swedish,European,22.6631,521.8176,92.1977,2.6938,Scandinavian
139426,Scandinavian,Swedish,European,0.4340,163.8613,22.6903,7.2593,Scandinavian
139427,Scandinavian,Swedish,European,5183.0421,25704.0805,957.7787,194.5410,Scandinavian
139428,Scandinavian,Swedish,European,5.5515,1641.9915,181.2477,95.1583,Scandinavian
139429,Scandinavian,Swedish,European,26.2775,1134.6098,67.3692,85.8969,Scandinavian
139430,Scandinavian,Swedish,European,203.0960,811.8000,0.0900,0.0120,Scandinavian
139431,Scandinavian,Swedish,European,0.0000,1419.1906,198.2869,63.3639,Scandinavian
139432,Scandinavian,Swedish,European,7.9209,1886.6667,360.0891,36.1761,Scandinavian
139433,Scandinavian,Swedish,European,18.2336,438.0867,49.9665,20.4712,Scandinavian
139434,Scandinavian,Swedish,European,15.0020,1665.6660,109.1052,129.2326,Scandinavian
139435,Scandinavian,Swedish,European,80.2930,1328.8538,97.1921,71.4286,Scandinavian
139436,Scandinavian,Swedish,European,34.2578,3527.8465,7.8788,374.6411,Scandinavian
139437,Scandinavian,Swedish,European,36.7176,1482.2491,181.6180,68.8984,Scandinavian
139438,Scandinavian,Swedish,European,11.2170,668.2000,73.2990,35.9760,Scandinavian
139439,Scandinavian,Swedish,European,1.8267,453.3873,24.0175,38.5049,Scandinavian
139440,Scandinavian,Swedish,European,18.0110,2666.9386,369.7937,115.5231,Scandinavian
139441,Scandinavian,Swedish,European,16.0177,319.6731,0.3777,28.4682,Scandinavian
139442,Scandinavian,Swedish,European,4.9655,1718.6403,359.0889,18.0823,Scandinavian
139443,Scandinavian,Swedish,European,1.8206,449.7993,84.0768,9.5465,Scandinavian
139444,Scandinavian,Swedish,European,110.1351,1445.0761,63.3353,86.3686,Scandinavian
139445,Scandinavian,Swedish,European,39.3916,187.4945,7.2360,3.7705,Scandinavian
139446,Scandinavian,Swedish,European,46.5217,2912.9036,280.4669,178.2712,Scandinavian
139447,Scandinavian,Swedish,European,2.6522,2028.4573,180.7785,140.3708,Scandinavian
139448,Scandinavian,Swedish,European,3.6590,1945.5827,269.8424,86.2364,Scandinavian
139449,Scandinavian,Swedish,European,3212.0592,29998.4863,3208.7422,438.0289,Scandinavian
139450,Scandinavian,Swedish,European,195.7346,2754.4906,386.9207,45.7557,Scandinavian
139451,Scandinavian,Swedish,European,4.4267,505.3765,49.4460,31.0240,Scandinavian
139452,Scandinavian,Swedish,European,19.7420,109.0615,7.0399,2.0843,Scandinavian
139453,Scandinavian,Swedish,European,5.6496,92.8931,2.8649,7.2267,Scandinavian
139454,Scandinavian,Swedish,European,0.0000,2574.9392,359.7661,114.9656,Scandinavian
139455,Scandinavian,Swedish,European,111.0694,1278.4367,84.5921,70.2681,Scandinavian
139456,Scandinavian,Swedish,European,31657.2894,442051.8813,66947.8321,2995.6941,Scandinavian
139457,Scandinavian,Swedish,European,109.6274,1239.8655,53.6096,73.1182,Scandinavian
139458,Scandinavian,Swedish,European,0.0000,709.5953,99.1435,31.6819,Scandinavian
139459,Scandinavian,Swedish,European,0.9103,648.7673,90.2052,28.9813,Scandinavian
139460,Scandinavian,Swedish,European,10.9237,463.8576,92.9242,5.1456,Scandinavian
139461,Scandinavian,Swedish,European,80.8516,1544.3563,105.4832,87.6109,Scandinavian
139462,Scandinavian,Swedish,European,36972.0046,232332.5752,10543.4452,5982.4952,Scandinavian
139463,Scandinavian,Swedish,European,27.9621,925.3298,19.6162,86.5522,Scandinavian
139464,Scandinavian,Swedish,European,127.8157,2746.3128,109.7624,199.8412,Scandinavian
139465,Scandinavian,Swedish,European,879.7258,3927.5609,106.9616,15.8365,Scandinavian
139466,Scandinavian,Swedish,European,128.9200,884.5125,17.5825,40.5648,Scandinavian
139467,Scandinavian,Swedish,European,8.7649,889.3500,2.5174,93.8962,Scandinavian
139468,Scandinavian,Swedish,European,43.2400,1138.3516,23.0942,100.1606,Scandinavian
139469,Scandinavian,Swedish,European,29.7363,1553.9518,60.7675,136.5794,Scandinavian
139470,Scandinavian,Swedish,European,358.1508,1618.5600,31.1020,5.0272,Scandinavian
139471,Scandinavian,Swedish,European,88.1876,282117.8632,51488.6357,6832.3139,Scandinavian
139472,Scandinavian,Swedish,European,5347.7864,27433.2340,936.9643,442.4506,Scandinavian
139473,Scandinavian,Swedish,European,90.0817,1698.9029,82.7280,121.5719,Scandinavian
139474,Scandinavian,Swedish,European,35.0818,3125.0140,26.0201,330.2320,Scandinavian
139475,Scandinavian,Swedish,European,383.7866,2205.1220,54.6297,53.7608,Scandinavian
139476,Scandinavian,Swedish,European,304.0610,1246.6125,0.0000,0.0000,Scandinavian
139477,Scandinavian,Swedish,European,249.4211,1949.4500,42.9645,86.1854,Scandinavian
139478,Scandinavian,Swedish,European,23.5282,825.4914,137.2315,17.3322,Scandinavian
139479,Scandinavian,Swedish,European,2128.9770,8144.1700,89.0395,13.8810,Scandinavian
139480,Scandinavian,Swedish,European,10079.8000,40299.0000,0.0000,0.0000,Scandinavian
139481,Scandinavian,Swedish,European,,,,,Scandinavian
139482,Scandinavian,Swedish,European,4680.9440,60733.0000,3185.8200,3264.8400,Scandinavian
139483,Scandinavian,Swedish,European,154.7974,1358.5713,15.7871,81.8061,Scandinavian
139484,Scandinavian,Swedish,European,493.7192,2462.4299,90.7237,18.9328,Scandinavian
139485,Scandinavian,Swedish,European,61.9660,1623.8111,116.2407,102.1854,Scandinavian
139486,Scandinavian,Swedish,European,39.3303,366.6240,8.0145,21.6000,Scandinavian
139487,Scandinavian,Swedish,European,62.2524,1282.0336,112.0756,70.8568,Scandinavian
139488,Scandinavian,Swedish,European,34.9929,158.3401,3.0093,0.7605,Scandinavian
139489,Scandinavian,Swedish,European,6.1805,307.6584,4.3225,30.7168,Scandinavian
139490,Scandinavian,Swedish,European,504.4080,2245.7460,43.4020,5.5672,Scandinavian
139491,Scandinavian,Swedish,European,12.5975,48.7620,0.0000,0.0000,Scandinavian
139492,Scandinavian,Swedish,European,412.4620,2563.9028,80.8264,65.6027,Scandinavian
139493,Scandinavian,Swedish,European,246.5849,1173.1700,39.3100,5.7583,Scandinavian
139494,Scandinavian,Swedish,European,126.7323,1054.6532,85.7753,24.9758,Scandinavian
139495,Scandinavian,Swedish,European,14.1747,81.3998,3.3055,2.5529,Scandinavian
139496,Scandinavian,Swedish,European,849.8057,102153.7200,860.0539,10831.3282,Scandinavian
139497,Scandinavian,Swedish,European,475.9176,3487.9496,231.5083,68.9548,Scandinavian
139498,Scandinavian,Swedish,European,60.2069,1969.5200,15.4626,188.8513,Scandinavian
139499,Scandinavian,Swedish,European,3.5237,138.5887,1.1476,14.0175,Scandinavian
139500,Scandinavian,Swedish,European,80.6475,531.8100,8.0145,21.6000,Scandinavian
139501,Scandinavian,Swedish,European,122.8464,1065.9540,48.4987,47.4222,Scandinavian
139502,Scandinavian,Swedish,European,5.4483,31.5000,3.3367,0.4900,Scandinavian
139503,Scandinavian,Swedish,European,59.3092,241.5701,0.5468,0.7055,Scandinavian
139504,Scandinavian,Swedish,European,13223.9022,54089.6860,413.9400,591.6250,Scandinavian
139505,Scandinavian,Swedish,European,26.2679,1792.2543,26.5828,177.3490,Scandinavian
139506,Scandinavian,Swedish,European,25822.4758,113285.4840,1751.8722,414.5816,Scandinavian
139507,Scandinavian,Swedish,European,57.6940,594.2583,21.2972,34.9636,Scandinavian
139508,Scandinavian,Swedish,European,245.4072,1781.8200,41.6180,75.0888,Scandinavian
139509,Scandinavian,Swedish,European,68.1009,782.9870,99.1256,12.7576,Scandinavian
139510,Scandinavian,Swedish,European,0.3899,1.6583,0.0508,0.0057,Scandinavian
139511,Scandinavian,Swedish,European,144.6456,2132.7660,66.4806,149.2840,Scandinavian
139512,Scandinavian,Swedish,European,92.2331,1484.1944,192.6066,38.5378,Scandinavian
139513,Scandinavian,Swedish,European,42.2361,9938.6781,76.3451,1078.6833,Scandinavian
139514,Scandinavian,Swedish,European,40.6741,583.3605,55.3642,22.9200,Scandinavian
139515,Scandinavian,Swedish,European,102.2769,757.8720,13.3575,36.0000,Scandinavian
139516,Scandinavian,Swedish,European,,,,,Scandinavian
139517,Scandinavian,Swedish,European,0.0000,25.2167,5.6100,0.1417,Scandinavian
139518,Scandinavian,Swedish,European,94.6783,589.9292,11.6051,21.9303,Scandinavian
139519,Scandinavian,Swedish,European,,,,,Scandinavian
139520,Scandinavian,Swedish,European,178.4605,1495.0394,166.8694,33.3982,Scandinavian
139521,Scandinavian,Swedish,European,0.5968,39.5968,8.4448,0.2175,Scandinavian
139522,Scandinavian,Swedish,European,47.0823,761.1498,20.6068,59.3781,Scandinavian
139523,Scandinavian,Swedish,European,109.4611,846.0277,40.1937,38.6385,Scandinavian
139524,Scandinavian,Swedish,European,13.9904,1357.0637,154.2860,70.9432,Scandinavian
139525,Scandinavian,Swedish,European,87.9141,1278.5292,82.0671,66.4888,Scandinavian
139526,Scandinavian,Swedish,European,236.0673,1361.4970,52.7402,35.4607,Scandinavian
139527,Scandinavian,Swedish,European,95.6962,917.0800,117.0099,7.9920,Scandinavian
139528,Scandinavian,Swedish,European,121723.6563,604536.2568,19952.9026,2834.1616,Scandinavian
139529,Scandinavian,Swedish,European,4.0710,114.1067,0.0000,0.0454,Scandinavian
139530,Scandinavian,Swedish,European,208.8227,1164.8060,32.4273,18.8608,Scandinavian
139531,Scandinavian,Swedish,European,16.2122,493.7400,33.0773,34.1908,Scandinavian
139532,Scandinavian,Swedish,European,52.7674,278.4148,1.5680,0.4592,Scandinavian
139533,Scandinavian,Swedish,European,59.6730,481.0200,3.2393,28.7212,Scandinavian
139534,Scandinavian,Swedish,European,598.5399,4457.6620,140.5710,183.2852,Scandinavian
139535,Scandinavian,Swedish,European,451.5324,3319.8900,96.9830,166.0540,Scandinavian
139536,Scandinavian,Swedish,European,44.4852,1106.2536,109.5726,51.4021,Scandinavian
139537,Scandinavian,Swedish,European,446.7231,2476.7950,49.4287,63.3017,Scandinavian
139538,Scandinavian,Swedish,European,180.2497,12996.2904,32.0118,1352.5254,Scandinavian
139539,Scandinavian,Swedish,European,261.0560,3843.5400,57.4840,300.0520,Scandinavian
139540,Scandinavian,Swedish,European,7.3016,30.4800,0.0208,0.0040,Scandinavian
139541,Scandinavian,Swedish,European,14.9440,1628.9200,123.6196,116.3043,Scandinavian
139542,Scandinavian,Swedish,European,32.5930,973.3892,82.2667,56.5379,Scandinavian
139543,Scandinavian,Swedish,European,7919.9539,40343.6180,755.6361,574.1577,Scandinavian
139544,Scandinavian,Swedish,European,275.7633,59475.7576,1879.9046,5585.2169,Scandinavian
139545,Scandinavian,Swedish,European,6028.5672,78700.7750,3976.6392,4349.7994,Scandinavian
139546,Scandinavian,Swedish,European,358.1174,1756.2800,20.3510,31.0436,Scandinavian
139547,Scandinavian,Swedish,European,82.8241,958.2140,27.6520,62.3550,Scandinavian
139548,Scandinavian,Swedish,European,275.3425,3397.4500,131.7845,229.7010,Scandinavian
139549,Scandinavian,Swedish,European,77.6975,344.2716,4.4091,0.4718,Scandinavian
139550,Scandinavian,Swedish,European,32.4271,461.1743,23.4393,28.1836,Scandinavian
139551,Scandinavian,Swedish,European,8.3380,405.4113,38.3048,24.0043,Scandinavian
139552,Scandinavian,Swedish,European,40327.8618,161252.2950,1.3520,0.2288,Scandinavian
139553,Scandinavian,Swedish,European,49.3522,353.5750,9.3931,15.0874,Scandinavian
139554,Scandinavian,Swedish,European,79.0728,1357.9833,47.7308,97.0952,Scandinavian
139555,Scandinavian,Swedish,European,66.1130,543.4950,10.6860,28.8000,Scandinavian
139556,Scandinavian,Swedish,European,74.2824,1870.8800,68.9272,154.9120,Scandinavian
139557,Scandinavian,Swedish,European,248.3509,2215.4987,90.4142,92.6605,Scandinavian
139558,Scandinavian,Swedish,European,123.0455,762.5015,28.9287,18.5869,Scandinavian
139559,Scandinavian,Swedish,European,500.1911,5724.0643,68.4300,393.3816,Scandinavian
139560,Scandinavian,Swedish,European,99.1802,989.0740,41.6816,49.0917,Scandinavian
139561,Scandinavian,Swedish,European,4.4863,590.2260,100.4606,17.1075,Scandinavian
139562,Scandinavian,Swedish,European,1051.5117,5207.6100,58.7033,81.4188,Scandinavian
139563,Scandinavian,Swedish,European,68.7844,2172.8483,302.0828,79.9690,Scandinavian
139564,Scandinavian,Swedish,European,197.3556,1169.9500,15.8520,41.4000,Scandinavian
139565,Scandinavian,Swedish,European,7.6859,397.8590,5.2453,40.8518,Scandinavian
139566,Scandinavian,Swedish,European,161.1274,921.7580,29.8838,17.2412,Scandinavian
139567,Scandinavian,Swedish,European,107.2400,1704.7600,9.6400,143.6400,Scandinavian
139568,Scandinavian,Swedish,European,207.5179,2406.3799,126.7300,117.0881,Scandinavian
139569,Scandinavian,Swedish,European,64.6764,572.6750,23.3401,25.6327,Scandinavian
139570,Scandinavian,Swedish,European,0.0000,0.0000,0.0000,0.0000,Scandinavian
139571,Scandinavian,Swedish,European,160.9581,1159.1608,42.1491,38.6717,Scandinavian
139572,Scandinavian,Swedish,European,14.6213,2262.0772,121.8889,188.8189,Scandinavian
139573,Scandinavian,Swedish,European,28.4179,1323.7802,145.6406,68.5024,Scandinavian
139574,Scandinavian,Swedish,European,3.0583,762.2012,0.7135,84.1425,Scandinavian
139575,Scandinavian,Swedish,European,49.3849,1536.6182,139.1664,89.8144,Scandinavian
139576,Scandinavian,Swedish,European,97.4841,1786.3900,96.7691,116.0633,Scandinavian
139577,Scandinavian,Swedish,European,12.9449,781.6033,32.8231,68.6405,Scandinavian
139578,Scandinavian,Swedish,European,2.8832,322.2750,8.1420,31.0720,Scandinavian
139579,Scandinavian,Swedish,European,894.1355,18175.6092,1099.4513,1118.7164,Scandinavian
139580,Scandinavian,Swedish,European,270.8084,2122.1514,52.8179,95.4163,Scandinavian
139581,Scandinavian,Swedish,European,264.4204,2158.9860,43.1010,112.7348,Scandinavian
139582,Scandinavian,Swedish,European,52.9604,3430.9632,264.0634,240.0952,Scandinavian
139583,Scandinavian,Swedish,European,2.1045,82.3600,16.9367,0.4982,Scandinavian
139584,Scandinavian,Swedish,European,247.4236,1559.1230,55.6139,42.0334,Scandinavian
139585,Scandinavian,Swedish,European,50.3990,201.4950,0.0000,0.0000,Scandinavian
139586,Scandinavian,Swedish,European,73.8926,1092.6610,41.4946,73.7339,Scandinavian
139587,Scandinavian,Swedish,European,5.8097,1131.8495,58.6388,97.7025,Scandinavian
139588,Scandinavian,Swedish,European,138.1388,2194.6325,125.4390,129.8735,Scandinavian
139589,Scandinavian,Swedish,European,46.3951,3058.2817,193.7821,231.3133,Scandinavian
139590,Scandinavian,Swedish,European,50.9875,1407.9233,30.2587,124.4313,Scandinavian
139591,Scandinavian,Swedish,European,1546.8096,7326.2213,124.0320,52.8065,Scandinavian
139592,Scandinavian,Swedish,European,33.0865,660.7815,20.5506,54.6391,Scandinavian
139593,Scandinavian,Swedish,European,24672.6732,136043.1600,2349.2976,3218.1760,Scandinavian
139594,Scandinavian,Swedish,European,283.1098,1483.6220,37.6420,18.7522,Scandinavian
139595,Scandinavian,Swedish,European,120.5275,1544.9090,81.1406,86.8974,Scandinavian
139596,Scandinavian,Swedish,European,292.6911,10270.7246,122.9369,980.5733,Scandinavian
139597,Scandinavian,Swedish,European,43.4118,290.8767,10.5097,17.7639,Scandinavian
139598,Scandinavian,Swedish,European,207.2734,1087.2169,18.4260,29.1141,Scandinavian
139599,Scandinavian,Swedish,European,15.6945,2465.4663,365.9833,96.8117,Scandinavian
139600,Scandinavian,Swedish,European,820.3720,5086.8958,78.9628,164.7421,Scandinavian
139601,Scandinavian,Swedish,European,10.9524,45.7200,0.0312,0.0060,Scandinavian
139602,Scandinavian,Swedish,European,80639.1179,322396.0558,0.4068,0.0267,Scandinavian
139603,Scandinavian,Swedish,European,372.6465,1469.1005,6.1068,1.8419,Scandinavian
139604,Scandinavian,Swedish,European,13.8237,1039.7467,49.9242,86.5300,Scandinavian
139605,Scandinavian,Swedish,European,63305.1504,289236.9520,4703.3895,1130.3970,Scandinavian
139606,Scandinavian,Swedish,European,17.6322,328.5000,0.6760,0.1144,Scandinavian
139607,Scandinavian,Swedish,European,10.7317,59.3860,1.2498,2.9577,Scandinavian
139608,Scandinavian,Swedish,European,3.6486,40.2419,5.7121,0.1757,Scandinavian
139609,Scandinavian,Swedish,European,3893.1163,312739.0310,57602.1886,5758.2000,Scandinavian
139610,Scandinavian,Swedish,European,0.0000,25.2167,5.6100,0.1417,Scandinavian
139611,Scandinavian,Swedish,European,49.4736,2644.9232,495.6128,36.9918,Scandinavian
139612,Scandinavian,Swedish,European,204.8750,4705.2500,138.1222,403.3850,Scandinavian
139613,Scandinavian,Swedish,European,146088.7233,574695.5617,92.4972,0.0265,Scandinavian
139614,Scandinavian,Swedish,European,535.9112,43462.7823,8360.1380,616.6726,Scandinavian
139615,Scandinavian,Swedish,European,176.0849,4075.2150,356.0145,225.8500,Scandinavian
139616,Scandinavian,Swedish,European,22.3826,136.9961,6.2295,4.8967,Scandinavian
139617,Scandinavian,Swedish,European,22.2010,1969.1551,74.3167,177.8736,Scandinavian
139618,Scandinavian,Swedish,European,2.9484,1569.4315,64.6370,142.1107,Scandinavian
139619,Scandinavian,Swedish,European,316.6581,3556.9460,85.9233,222.0721,Scandinavian
139620,Scandinavian,Swedish,European,55.5735,739.9216,24.0925,53.3151,Scandinavian
139621,Scandinavian,Swedish,European,10.3798,70.8006,6.7699,0.2551,Scandinavian
139622,Scandinavian,Swedish,European,5.4878,24.6227,1.6259,0.2946,Scandinavian
139623,Scandinavian,Swedish,European,613.0130,5489.7740,64.5395,313.0983,Scandinavian
139624,Scandinavian,Swedish,European,52.5874,644.0497,9.1786,45.1780,Scandinavian
139625,Scandinavian,Swedish,European,318.9287,2867.8400,62.1688,154.2114,Scandinavian
139626,Scandinavian,Swedish,European,518.2999,3331.7590,61.5460,119.6872,Scandinavian
139627,Scandinavian,Swedish,European,846.0666,4467.5050,122.1488,65.0650,Scandinavian
139628,Scandinavian,Swedish,European,0.9903,8.2132,0.3169,0.0991,Scandinavian
139629,Scandinavian,Swedish,European,125.3312,510.9584,1.6750,2.7277,Scandinavian
139630,Scandinavian,Swedish,European,9.3152,1937.8978,386.7959,28.4612,Scandinavian
139631,Scandinavian,Swedish,European,70.7719,1347.4457,220.5742,14.5801,Scandinavian
139632,Scandinavian,Swedish,European,57.9857,2645.8554,226.1337,164.8935,Scandinavian
139633,Scandinavian,Swedish,European,50.1029,478.7910,16.0696,26.9718,Scandinavian
139634,Scandinavian,Swedish,European,19.6102,389.0030,9.6808,30.5897,Scandinavian
139635,Scandinavian,Swedish,European,52.4899,741.5428,11.6194,60.2491,Scandinavian
139636,Scandinavian,Swedish,European,407.0398,17350.1027,333.4082,1720.8061,Scandinavian
139637,Scandinavian,Swedish,European,52.8737,674224.6065,66083.0856,43349.1955,Scandinavian
139638,Scandinavian,Swedish,European,29.3638,1709.9065,11.0921,177.5749,Scandinavian
139639,Scandinavian,Swedish,European,0.2500,49116.4658,0.0150,0.0020,Scandinavian
139640,Scandinavian,Swedish,European,541.5661,4573.6585,233.9622,160.9678,Scandinavian
139641,Scandinavian,Swedish,European,92.7245,788.6880,30.2895,33.0106,Scandinavian
139642,Scandinavian,Swedish,European,706.7508,3618.8854,132.2668,58.0983,Scandinavian
139643,Scandinavian,Swedish,European,87.6436,1230.6450,19.8752,92.2983,Scandinavian
139644,Scandinavian,Swedish,European,25.0102,4130.9032,9.4024,452.7847,Scandinavian
139645,Scandinavian,Swedish,European,65.3993,761.1860,22.2416,48.2314,Scandinavian
139646,Scandinavian,Swedish,European,219.4860,7590.6812,634.8061,462.9154,Scandinavian
139647,Scandinavian,Swedish,European,18.1020,77.7000,2.2680,0.3360,Scandinavian
139648,Scandinavian,Swedish,European,832.5110,3868.9854,107.3775,23.3543,Scandinavian
139649,Scandinavian,Swedish,European,115.7896,488.4100,1.7600,0.1600,Scandinavian
139650,Scandinavian,Swedish,European,111.2133,2288.0159,197.3771,118.6522,Scandinavian
139651,Scandinavian,Swedish,European,41.6196,1101.7325,56.3533,77.7366,Scandinavian
139652,Scandinavian,Swedish,European,11.8929,2506.0510,93.2202,232.8161,Scandinavian
139653,Scandinavian,Swedish,European,91.5997,1291.6140,38.0148,93.6940,Scandinavian
139654,Scandinavian,Swedish,European,163.6469,1014.6933,32.4326,31.2836,Scandinavian
139655,Scandinavian,Swedish,European,24.8376,2161.0747,198.2008,140.3259,Scandinavian
139656,Scandinavian,Swedish,European,33.1270,1397.6600,37.1340,129.6470,Scandinavian
139657,Scandinavian,Swedish,European,68.1428,1537.3707,203.6699,45.9512,Scandinavian
139658,Scandinavian,Swedish,European,196.7431,1823.2967,38.3858,107.3968,Scandinavian
139659,Scandinavian,Swedish,European,88.2963,1484.8917,172.5075,48.1741,Scandinavian
139660,Scandinavian,Swedish,European,39.6045,1240.2425,22.3084,112.3165,Scandinavian
139661,Scandinavian,Swedish,European,7.1953,1253.2900,25.9116,126.3074,Scandinavian
139662,Scandinavian,Swedish,European,127.6854,4384.3800,29.3890,424.3766,Scandinavian
139663,Scandinavian,Swedish,European,350.3320,2593.0900,96.9567,87.6453,Scandinavian
139664,Scandinavian,Swedish,European,125.1201,2039.6318,127.5947,114.4192,Scandinavian
139665,Scandinavian,Swedish,European,68.9440,297.6000,8.6800,2.4180,Scandinavian
139666,Scandinavian,Swedish,European,42.9982,892.0110,24.8168,69.9624,Scandinavian
139667,Scandinavian,Swedish,European,60.8909,1843.9840,56.0038,163.6260,Scandinavian
139668,Scandinavian,Swedish,European,13.0082,1694.1870,31.3622,168.5787,Scandinavian
139669,Scandinavian,Swedish,European,10.4041,564.0600,36.4475,42.3404,Scandinavian
139670,Scandinavian,Swedish,European,10.6357,1129.1350,78.8973,85.5248,Scandinavian
139671,Scandinavian,Swedish,European,134.8791,571.6400,7.1940,0.1122,Scandinavian
139672,Scandinavian,Swedish,European,8.7577,205.5338,16.2799,12.0929,Scandinavian
139673,Scandinavian,Swedish,European,24.5248,7289.9840,453.6221,584.3976,Scandinavian
139674,Scandinavian,Swedish,European,0.6072,479.4488,0.0931,54.0266,Scandinavian
139675,Scandinavian,Swedish,European,24.3692,804.6109,33.8831,65.1839,Scandinavian
139676,Scandinavian,Swedish,European,8670.7420,60917.4200,2093.2797,1911.6219,Scandinavian
139677,Scandinavian,Swedish,European,244.4352,1039.3890,8.1803,1.8300,Scandinavian
139678,Scandinavian,Swedish,European,132251.7433,563177.6570,3973.0180,2214.0800,Scandinavian
139679,Scandinavian,Swedish,European,26.1592,996.8783,96.1334,55.6061,Scandinavian
139680,Scandinavian,Swedish,European,321.7540,2551.1060,58.9177,122.5310,Scandinavian
139681,Scandinavian,Swedish,European,6.6211,25.6500,0.0081,0.0000,Scandinavian
139682,Scandinavian,Swedish,European,88.8659,719.2070,22.9150,40.1039,Scandinavian
139683,Scandinavian,Swedish,European,66.1440,414.6069,10.4108,14.9050,Scandinavian
139684,Scandinavian,Swedish,European,23.8046,97.5154,1.9618,0.5878,Scandinavian
139685,Scandinavian,Swedish,European,56.4705,1077.0175,47.7686,78.2088,Scandinavian
139686,Scandinavian,Swedish,European,279.6518,2395.9928,234.6404,34.3002,Scandinavian
139687,Scandinavian,Swedish,European,578.9966,3333.4440,92.7850,106.3472,Scandinavian
139688,Scandinavian,Swedish,European,32.5806,1956.5176,144.5258,138.1145,Scandinavian
139689,Scandinavian,Swedish,European,18.8701,268.1239,36.2923,4.6607,Scandinavian
139690,Scandinavian,Swedish,European,28.8793,2832.9757,189.1189,217.1046,Scandinavian
139691,Scandinavian,Swedish,European,153.7225,1513.8475,12.5625,94.5610,Scandinavian
139692,Scandinavian,Swedish,European,80.8655,2698.4857,120.6935,208.3325,Scandinavian
139693,Scandinavian,Swedish,European,420.0395,2713.3027,24.1704,103.6827,Scandinavian
139694,Scandinavian,Swedish,European,149.3142,1723.9880,44.6271,110.7848,Scandinavian
139695,Scandinavian,Swedish,European,0.2485,8.2800,0.1273,0.7819,Scandinavian
139696,Scandinavian,Swedish,European,127.7998,1103.0612,121.2274,14.8535,Scandinavian
139697,Scandinavian,Swedish,European,69.5880,939.8800,2.7680,76.5540,Scandinavian
139698,Scandinavian,Swedish,European,98.0836,671.9830,12.4319,29.2518,Scandinavian
139699,Scandinavian,Swedish,European,123.6904,1645.8159,68.4278,101.8476,Scandinavian
139700,Scandinavian,Swedish,European,17.2728,1849.9813,142.0900,134.1266,Scandinavian
139701,Scandinavian,Swedish,European,17.0884,74.9281,2.4023,0.3420,Scandinavian
139702,Scandinavian,Swedish,European,3.6412,181.0633,23.5400,8.1449,Scandinavian
139703,Scandinavian,Swedish,European,33.7194,1716.5261,194.7504,90.6811,Scandinavian
139704,Scandinavian,Swedish,European,21.7881,289.3680,5.5100,22.0482,Scandinavian
139705,Scandinavian,Swedish,European,95.3549,1671.2365,194.4764,55.5663,Scandinavian
139706,Scandinavian,Swedish,European,675.2370,4585.1400,103.1492,175.5138,Scandinavian
139707,Scandinavian,Swedish,European,38.5124,588.3717,10.5646,46.9544,Scandinavian
139708,Scandinavian,Swedish,European,9.2535,654.5169,33.7391,55.5601,Scandinavian
139709,Scandinavian,Swedish,European,269.9545,1825.9629,38.6472,71.9055,Scandinavian
139710,Scandinavian,Swedish,European,104.1916,2043.9419,169.9315,104.9935,Scandinavian
139711,Scandinavian,Swedish,European,378.8865,2074.4525,10.8491,55.1206,Scandinavian
139712,Scandinavian,Swedish,European,170.7688,716.6349,10.7876,7.3544,Scandinavian
139713,Scandinavian,Swedish,European,463.5599,1931.3043,17.7394,9.1111,Scandinavian
139714,Scandinavian,Swedish,European,1157.8960,6813.2075,134.4036,176.4631,Scandinavian
139715,Scandinavian,Swedish,European,1.0800,214.5000,18.8400,14.2650,Scandinavian
139716,Scandinavian,Swedish,European,283.1098,1483.6220,37.6420,18.7522,Scandinavian
139717,Scandinavian,Swedish,European,1874.2413,79947.1816,1003.9193,7804.6237,Scandinavian
139718,Scandinavian,Swedish,European,27.3701,7966.5481,478.5850,656.1610,Scandinavian
139719,Scandinavian,Swedish,European,31.0507,632.6235,13.0348,52.0277,Scandinavian
139720,Scandinavian,Swedish,European,151.8016,1399.9120,42.1771,71.1212,Scandinavian
139721,Scandinavian,Swedish,European,70.2414,2284.9323,260.3180,112.9155,Scandinavian
139722,Scandinavian,Swedish,European,55.4125,1242.4275,21.1607,112.4527,Scandinavian
139723,Scandinavian,Swedish,European,306.3398,4560.0633,343.7803,209.2524,Scandinavian
139724,Scandinavian,Swedish,European,147.3195,2377.8203,216.9656,98.4076,Scandinavian
139725,Scandinavian,Swedish,European,69.9824,441.5099,10.5390,15.9286,Scandinavian
139726,Scandinavian,Swedish,European,161871.9112,627108.2895,202.6410,1.0313,Scandinavian
139727,Scandinavian,Swedish,European,34.8868,2211.7159,155.0007,161.0785,Scandinavian
139728,Scandinavian,Swedish,European,64.9020,3605.4156,254.7649,258.8853,Scandinavian
139729,Scandinavian,Swedish,European,251.8965,2209.6733,52.1687,122.9710,Scandinavian
139730,Scandinavian,Swedish,European,51.7744,879.6600,24.5287,66.2153,Scandinavian
139731,Scandinavian,Swedish,European,564.5651,2710.5650,45.6497,31.4386,Scandinavian
139732,Scandinavian,Swedish,European,264.7466,1410.2060,37.6420,18.7522,Scandinavian
139733,Scandinavian,Swedish,European,1415.2802,7072.6565,314.8063,8.3354,Scandinavian
139734,Scandinavian,Swedish,European,677.6509,3843.4125,102.1507,82.6930,Scandinavian
139735,Scandinavian,Swedish,European,25.0704,1228.3272,123.4507,70.1326,Scandinavian
139736,Scandinavian,Swedish,European,120.5486,883.2266,27.0457,36.9855,Scandinavian
139737,Scandinavian,Swedish,European,93.8425,1119.9157,27.1815,92.7321,Scandinavian
139738,Scandinavian,Swedish,European,22732.8548,297022.1168,249.9723,23178.0097,Scandinavian
139739,Scandinavian,Swedish,European,10.2740,1971.1200,1.2100,218.1100,Scandinavian
139740,Scandinavian,Swedish,European,32413.3136,132126.5636,43.3339,4.3386,Scandinavian
139741,Scandinavian,Swedish,European,11.0745,418.9899,13.4571,36.1864,Scandinavian
139742,Scandinavian,Swedish,European,64.1222,402.4100,9.1309,15.6196,Scandinavian
139743,Scandinavian,Swedish,European,18.6173,1301.8707,99.4141,93.4881,Scandinavian
139744,Scandinavian,Swedish,European,30266.7426,121010.5800,1.9276,0.3122,Scandinavian
139745,Scandinavian,Swedish,European,144.9746,1052.6325,1.8997,54.7575,Scandinavian
139746,Scandinavian,Swedish,European,135.2470,1677.9900,16.3350,128.8320,Scandinavian
139747,Scandinavian,Swedish,European,538.6429,3112.5910,57.6735,143.8098,Scandinavian
139748,Scandinavian,Swedish,European,459.4266,3191.8100,70.9597,125.1901,Scandinavian
139749,Scandinavian,Swedish,European,10.9622,121941.2505,27060.5368,716.3924,Scandinavian
139750,Scandinavian,Swedish,European,15.4526,484.1108,2.5546,46.6526,Scandinavian
139751,Scandinavian,Swedish,European,271.8432,1070.0400,5.3388,10.9280,Scandinavian
139752,Scandinavian,Swedish,European,241.0216,3208.0745,58.8865,233.6689,Scandinavian
139753,Scandinavian,Swedish,European,17.3545,103.5500,3.4448,2.3998,Scandinavian
139754,Scandinavian,Swedish,European,262.5603,3686.6700,45.9366,275.4313,Scandinavian
139755,Scandinavian,Swedish,European,34.4027,153.4905,1.1117,0.6484,Scandinavian
139756,Scandinavian,Swedish,European,30.1842,5460.7201,697.4879,285.5919,Scandinavian
139757,Scandinavian,Swedish,European,853.4096,4574.6552,215.2286,68.8675,Scandinavian
139758,Scandinavian,Swedish,European,91.1661,489.7480,15.1073,7.5268,Scandinavian
139759,Scandinavian,Swedish,European,292.9403,1915.6160,50.6973,66.7352,Scandinavian
139760,Scandinavian,Swedish,European,34.0413,2855.2257,190.2581,217.1936,Scandinavian
139761,Scandinavian,Swedish,European,1883.1296,79984.3283,991.2478,7810.1128,Scandinavian
139762,Scandinavian,Swedish,European,87.7115,534.9587,29.0936,15.5302,Scandinavian
139763,Scandinavian,Swedish,European,28.0240,114.0800,0.2480,0.3224,Scandinavian
139764,Scandinavian,Swedish,European,19.9199,1456.8614,223.1151,53.7927,Scandinavian
139765,Scandinavian,Swedish,European,91.2585,1212.4852,189.9990,9.5389,Scandinavian
139766,Scandinavian,Swedish,European,23.6460,754.4063,103.5956,26.7956,Scandinavian
139767,Scandinavian,Swedish,European,151.9642,2642.7567,68.6564,214.0903,Scandinavian
139768,Scandinavian,Swedish,European,113.1809,959.4059,31.7975,43.4711,Scandinavian
139769,Scandinavian,Swedish,European,3.6412,221.8633,45.9347,2.0929,Scandinavian
139770,Scandinavian,Swedish,European,148.6770,16958.6434,2267.2542,743.2319,Scandinavian
139771,Scandinavian,Swedish,European,8922.9144,72639.0508,3095.4409,2866.7838,Scandinavian
139772,Scandinavian,Swedish,European,387.8654,2067.0045,77.4196,38.2874,Scandinavian
139773,Scandinavian,Swedish,European,44.2626,1375.8890,144.2031,69.2721,Scandinavian
139774,Scandinavian,Swedish,European,5.5037,385.1825,1.2647,41.0895,Scandinavian
139775,Scandinavian,Swedish,European,226.5751,4389.0000,134.0898,360.1960,Scandinavian
139776,Scandinavian,Swedish,European,2807.1989,19701.2968,720.0627,694.2123,Scandinavian
139777,Scandinavian,Swedish,European,118.6292,2674.9183,85.5148,223.4794,Scandinavian
139778,Scandinavian,Swedish,European,34.7995,357.0660,14.8570,18.4002,Scandinavian
139779,Scandinavian,Swedish,European,39.3585,2339.2927,363.4925,71.6872,Scandinavian
139780,Scandinavian,Swedish,European,2694.9300,76313.7120,4253.7958,5452.4134,Scandinavian
139781,Scandinavian,Swedish,European,4.1535,18.4450,0.7629,0.0476,Scandinavian
139782,Scandinavian,Swedish,European,32.3428,131.2340,0.3770,0.5954,Scandinavian
139783,Scandinavian,Swedish,European,61.1863,498.9870,15.7161,22.8832,Scandinavian
139784,Scandinavian,Swedish,European,75.8191,877.0681,2.1050,64.1234,Scandinavian
139785,Scandinavian,Swedish,European,290.4329,1296.5445,14.6182,11.9647,Scandinavian
139786,Scandinavian,Swedish,European,1003.8964,6118.2360,145.4947,183.2385,Scandinavian
139787,Scandinavian,Swedish,European,61.9720,821.5015,43.5474,45.3856,Scandinavian
139788,Scandinavian,Swedish,European,155.6504,737.0885,36.0833,5.0349,Scandinavian
139789,Scandinavian,Swedish,European,386.7823,2158.9055,87.4013,46.7620,Scandinavian
139790,Scandinavian,Swedish,European,18.6162,941.2684,102.0361,49.0668,Scandinavian
139791,Scandinavian,Swedish,European,28.0200,926.9352,182.8204,4.8333,Scandinavian
139792,Scandinavian,Swedish,European,26.3610,811.1040,7.0319,80.0938,Scandinavian
139793,Scandinavian,Swedish,European,1258.4423,24388.1700,75.7419,2221.3060,Scandinavian
139794,Scandinavian,Swedish,European,481.4336,326900.5836,422.8182,36561.9296,Scandinavian
139795,Scandinavian,Swedish,European,13.7843,60.4260,0.0000,0.0000,Scandinavian
139796,Scandinavian,Swedish,European,47.8836,4540.0290,329.8240,333.2401,Scandinavian
139797,Scandinavian,Swedish,European,108.2980,443.3178,7.3990,1.7390,Scandinavian
139798,Scandinavian,Swedish,European,0.8490,40.3458,8.4573,0.2196,Scandinavian
139799,Scandinavian,Swedish,European,9.1722,1038.1960,183.9586,25.6320,Scandinavian
139800,Scandinavian,Swedish,European,24.6688,2269.5157,245.4212,132.7680,Scandinavian
139801,Scandinavian,Swedish,European,196.8678,1409.1632,55.9385,41.2962,Scandinavian
139802,Scandinavian,Swedish,European,3.8191,1767.9910,127.2878,137.3863,Scandinavian
139803,Scandinavian,Swedish,European,207.5209,1439.7800,49.8570,44.1221,Scandinavian
139804,Scandinavian,Swedish,European,52.2702,2861.5229,465.2526,77.8688,Scandinavian
139805,Scandinavian,Swedish,European,205.4479,1794.1404,194.4974,26.8873,Scandinavian
139806,Scandinavian,Swedish,European,22.4463,477.2149,34.1775,27.7948,Scandinavian
139807,Scandinavian,Swedish,European,99.6256,1457.1307,158.4688,47.9184,Scandinavian
139808,Scandinavian,Swedish,European,98.5178,96796.6720,12.8615,10900.3667,Scandinavian
139809,Scandinavian,Swedish,European,217.5494,4956.5842,49.1906,447.2086,Scandinavian
139810,Scandinavian,Swedish,European,150.9085,1661.3916,76.4699,82.4508,Scandinavian
139811,Scandinavian,Swedish,European,137.4450,2757.0662,231.9038,143.6156,Scandinavian
139812,Scandinavian,Swedish,European,11.7115,353.7803,40.5797,20.0742,Scandinavian
139813,Scandinavian,Swedish,European,202.3576,1662.3280,26.7971,91.4991,Scandinavian
139814,Scandinavian,Swedish,European,20.4635,1031.0258,45.1922,91.3099,Scandinavian
139815,Scandinavian,Swedish,European,611.9909,3390.1200,133.2521,36.6864,Scandinavian
139816,Scandinavian,Swedish,European,75.4008,7715.2707,193.5865,747.1444,Scandinavian
139817,Scandinavian,Swedish,European,285.3876,5526.9380,196.3525,424.2678,Scandinavian
139818,Scandinavian,Swedish,European,71.9076,2708.4060,3.0456,272.4120,Scandinavian
139819,Scandinavian,Swedish,European,91.5255,1334.4327,89.8769,68.4429,Scandinavian
139820,Scandinavian,Swedish,European,29.3719,1536.2480,76.0317,125.3108,Scandinavian
139821,Scandinavian,Swedish,European,425.6758,2844.7050,154.9547,70.1661,Scandinavian
139822,Scandinavian,Swedish,European,120.4954,1101.8400,42.3413,50.7318,Scandinavian
139823,Scandinavian,Swedish,European,12.7306,772.0580,11.3314,75.6026,Scandinavian
139824,Scandinavian,Swedish,European,429.4446,4389.3317,299.7807,195.5575,Scandinavian
139825,Scandinavian,Swedish,European,10827.2681,41951.8000,14.1361,0.3289,Scandinavian
139826,Scandinavian,Swedish,European,14.9551,744.7225,95.4867,36.9460,Scandinavian
139827,Scandinavian,Swedish,European,249.5916,2081.8910,45.4801,100.0458,Scandinavian
139828,Scandinavian,Swedish,European,213.9417,1734.5300,11.9080,99.1738,Scandinavian
139829,Scandinavian,Swedish,European,34933.9089,156866.9658,4341.1771,559.6620,Scandinavian
139830,Scandinavian,Swedish,European,8.6924,240.1350,7.2227,19.9866,Scandinavian
139831,Scandinavian,Swedish,European,3412.8409,23413.1137,1755.1769,554.1013,Scandinavian
139832,Scandinavian,Swedish,European,39.9956,480.2245,4.4883,33.8190,Scandinavian
139833,Scandinavian,Swedish,European,394.0936,1838.6925,40.0104,18.3374,Scandinavian
139834,Scandinavian,Swedish,European,686.4986,7163.1540,97.1602,453.2230,Scandinavian
139835,Scandinavian,Swedish,European,18.8790,77.5000,1.5500,0.4650,Scandinavian
139836,Scandinavian,Swedish,European,3.2527,852.2872,1.2398,93.1153,Scandinavian
139837,Scandinavian,Swedish,European,179.4637,749.3168,9.2204,0.4048,Scandinavian
139838,Scandinavian,Swedish,European,366.9615,2820.0630,39.5692,140.8946,Scandinavian
139839,Scandinavian,Swedish,European,35.1003,834.9920,52.4484,54.8060,Scandinavian
139840,Scandinavian,Swedish,European,264.0140,2680.9000,65.4920,153.2320,Scandinavian
139841,Scandinavian,Swedish,European,49.3271,767.1165,23.6476,58.0620,Scandinavian
139842,Scandinavian,Swedish,European,34.6484,419.3120,11.8252,28.8890,Scandinavian
139843,Scandinavian,Swedish,European,2.7946,10.2325,0.2196,0.0821,Scandinavian
139844,Scandinavian,Swedish,European,409.9880,1680.8100,14.2900,2.2236,Scandinavian
139845,Scandinavian,Swedish,European,8.2612,36.5800,1.1275,0.2845,Scandinavian
139846,Scandinavian,Swedish,European,5.0594,262.8874,4.4311,26.9834,Scandinavian
139847,Scandinavian,Swedish,European,156.8554,615.6608,5.8083,1.0788,Scandinavian
139848,Scandinavian,Swedish,European,3.1568,10.0650,0.1601,0.1098,Scandinavian
139849,Scandinavian,Swedish,European,33.9246,500.4936,6.1536,42.0825,Scandinavian
139850,Scandinavian,Swedish,European,12.9816,5828.7000,1.0962,655.5642,Scandinavian
139851,Scandinavian,Swedish,European,17.5689,781.1608,28.9155,65.9325,Scandinavian
139852,Scandinavian,Swedish,European,167.8170,675.8850,1.3800,0.0680,Scandinavian
139853,Scandinavian,Swedish,European,353.9198,2291.3096,100.1671,61.3814,Scandinavian
139854,Scandinavian,Swedish,European,45.7342,2263.6809,60.4422,203.7480,Scandinavian
139855,Scandinavian,Swedish,European,118.0174,753.6017,16.9188,24.9406,Scandinavian
139856,Scandinavian,Swedish,European,573.1421,4467.8830,55.4128,212.1004,Scandinavian
139857,Scandinavian,Swedish,European,6.8531,1659.7780,7.6744,179.3920,Scandinavian
139858,Scandinavian,Swedish,European,59.5143,3205.4627,363.1392,159.8739,Scandinavian
139859,Scandinavian,Swedish,European,218.1940,1222.9743,17.1374,33.7129,Scandinavian
139860,Scandinavian,Swedish,European,73.4362,1435.6440,89.7768,88.7915,Scandinavian
139861,Scandinavian,Swedish,European,0.0000,0.0000,0.0000,0.0000,Scandinavian
139862,Scandinavian,Swedish,European,206.5356,821.3500,0.5830,0.1590,Scandinavian
139863,Scandinavian,Swedish,European,7.8432,73.7392,10.6813,0.7994,Scandinavian
139864,Scandinavian,Swedish,European,267.7000,2020.6300,2.8268,109.3835,Scandinavian
139865,Scandinavian,Swedish,European,11.2300,185.4797,5.8494,14.4221,Scandinavian
139866,Scandinavian,Swedish,European,40448.4340,242925.0000,101.5200,9080.4000,Scandinavian
139867,Scandinavian,Swedish,European,83.2257,644.5600,15.6000,30.0682,Scandinavian
139868,Scandinavian,Swedish,European,307.9737,2002.8707,42.0055,72.6473,Scandinavian
139869,Scandinavian,Swedish,European,14.4432,60.1800,1.4868,0.3363,Scandinavian
139870,Scandinavian,Swedish,European,170.5385,2402.3810,271.8706,63.6977,Scandinavian
139871,Scandinavian,Swedish,European,65.6058,4735.8200,37.2028,492.2025,Scandinavian
139872,Scandinavian,Swedish,European,10.4326,134.9292,6.1770,0.2551,Scandinavian
139873,Scandinavian,Swedish,European,55.2945,234.5995,7.0064,1.5715,Scandinavian
139874,Scandinavian,Swedish,European,141.0637,1567.6580,76.4849,81.9351,Scandinavian
139875,Scandinavian,Swedish,European,64.6180,834.0340,39.3130,46.8619,Scandinavian
139876,Scandinavian,Swedish,European,32.4996,370.6820,10.7961,18.8838,Scandinavian
139877,Scandinavian,Swedish,European,96.2458,478.2960,21.1982,5.4911,Scandinavian
139878,Scandinavian,Swedish,European,0.0000,0.0000,0.0000,0.0000,Scandinavian
139879,Scandinavian,Swedish,European,71.3166,1152.5200,71.9410,65.0064,Scandinavian
139880,Scandinavian,Swedish,European,95.1706,583.5350,16.4672,16.4460,Scandinavian
139881,Scandinavian,Swedish,European,66.2648,287.0743,8.4336,1.7355,Scandinavian
139882,Scandinavian,Swedish,European,43.5236,3931.6639,262.8375,292.7056,Scandinavian
139883,Scandinavian,Swedish,European,148.9458,793.5617,20.1780,20.9629,Scandinavian
139884,Scandinavian,Swedish,European,316.8952,2181.2550,42.3370,93.1807,Scandinavian
139885,Scandinavian,Swedish,European,5.5288,834.8652,180.9131,5.5501,Scandinavian
139886,Scandinavian,Swedish,European,1.1250,40173.0000,51.8750,4519.2000,Scandinavian
139887,Scandinavian,Swedish,European,204.7247,907.6520,26.3239,1.8962,Scandinavian
139888,Scandinavian,Swedish,European,9.5209,766.9814,136.4777,18.0472,Scandinavian
139889,Scandinavian,Swedish,European,8.6608,168.3258,4.0966,2.3212,Scandinavian
139890,Scandinavian,Swedish,European,18.7766,856.7877,80.1497,54.2938,Scandinavian
139891,Scandinavian,Swedish,European,138.1504,1550.8218,140.9908,50.8522,Scandinavian
139892,Scandinavian,Swedish,European,67.6257,651.5650,35.2677,33.0356,Scandinavian
139893,Scandinavian,Swedish,European,33.4673,265620.7637,52302.4874,6125.7213,Scandinavian
139894,Scandinavian,Swedish,European,6662.0451,84647.9750,4366.4246,4527.9153,Scandinavian
139895,Scandinavian,Swedish,European,14.5328,968.0883,164.8202,26.5044,Scandinavian
139896,Scandinavian,Swedish,European,7.3830,60.8910,3.2191,3.3198,Scandinavian
139897,Scandinavian,Swedish,European,151.0320,670.4333,23.6200,4.0033,Scandinavian
139898,Scandinavian,Swedish,European,159.6862,1009.3267,24.0792,33.3067,Scandinavian
139899,Scandinavian,Swedish,European,21.1956,694.5240,37.7265,53.5750,Scandinavian
139900,Scandinavian,Swedish,European,11.4424,135.5873,3.3094,3.6177,Scandinavian
139901,Scandinavian,Swedish,European,22.7715,1576.5627,146.4408,101.9678,Scandinavian
139902,Scandinavian,Swedish,European,10.4713,2021.4452,187.3510,132.8289,Scandinavian
139903,Scandinavian,Swedish,European,77.3824,937.4796,103.0747,23.2593,Scandinavian
139904,Scandinavian,Swedish,European,7.8570,171.0000,5.3430,14.4000,Scandinavian
139905,Scandinavian,Swedish,European,343.1102,1796.5485,62.1397,21.8009,Scandinavian
139906,Scandinavian,Swedish,European,90605.6900,479974.0000,10188.9100,8009.9900,Scandinavian
139907,Scandinavian,Swedish,European,82.5718,1532.2420,83.8656,104.2788,Scandinavian
139908,Scandinavian,Swedish,European,0.0000,0.0000,0.0000,0.0000,Scandinavian
139909,Scandinavian,Swedish,European,11390.5580,53866.0000,2110.0900,395.4240,Scandinavian
139910,Scandinavian,Swedish,European,31.5708,1196.5659,98.0451,71.5953,Scandinavian
139911,Scandinavian,Swedish,European,145.1802,1016.0400,39.7700,28.4768,Scandinavian
139912,Scandinavian,Swedish,European,13005.1591,49013.6613,3317.6002,1348.1473,Scandinavian
139913,Scandinavian,Swedish,European,742.2366,3748.4480,72.5610,50.4520,Scandinavian
139914,Scandinavian,Swedish,European,178.5373,1175.5016,31.4428,45.4277,Scandinavian
139915,Scandinavian,Swedish,European,12.6388,700.6391,5.3245,70.9705,Scandinavian
139916,Scandinavian,Swedish,European,16.7728,154.8832,2.8981,9.7032,Scandinavian
139917,Scandinavian,Swedish,European,55.8875,995.2000,96.3095,43.4070,Scandinavian
139918,Scandinavian,Swedish,European,1668.2620,7653.2533,149.0306,54.2333,Scandinavian
139919,Scandinavian,Swedish,European,7.8228,510.4783,0.8978,54.0922,Scandinavian
139920,Scandinavian,Swedish,European,42.9883,581.1958,10.1006,41.3696,Scandinavian
139921,Scandinavian,Swedish,European,,,,,Scandinavian
139922,Scandinavian,Swedish,European,8.4648,57.6658,1.3003,0.6396,Scandinavian
139923,Scandinavian,Swedish,European,,,,,Scandinavian
139924,Scandinavian,Swedish,European,89.1883,1749.4930,30.6741,149.6542,Scandinavian
139925,Scandinavian,Swedish,European,28.4363,2729.0355,196.9454,202.1138,Scandinavian
139926,Scandinavian,Swedish,European,241.3014,3545.6026,210.1470,191.5892,Scandinavian
139927,Scandinavian,Swedish,European,952.7679,8240.6100,319.6041,424.4333,Scandinavian
139928,Scandinavian,Swedish,European,355.3985,4148.9593,228.5347,226.0504,Scandinavian
139929,Scandinavian,Swedish,European,245.6976,1902.6800,64.1200,76.2596,Scandinavian
139930,Scandinavian,Swedish,European,5186.1877,25683.0408,959.5585,190.2412,Scandinavian
139931,Scandinavian,Swedish,European,64.4092,222.7929,2.2004,1.4902,Scandinavian
139932,Scandinavian,Swedish,European,53.3019,643.0320,24.0358,36.5171,Scandinavian
139933,Scandinavian,Swedish,European,0.3424,1.5550,0.0538,0.0335,Scandinavian
139934,Scandinavian,Swedish,European,5.5572,373.9200,57.5068,12.9744,Scandinavian
139935,Scandinavian,Swedish,European,1241.8430,6887.5676,335.7997,116.4902,Scandinavian
139936,Scandinavian,Swedish,European,1.5638,7.0400,0.1602,0.0660,Scandinavian
139937,Scandinavian,Swedish,European,388.0670,3072.9940,64.4288,142.2377,Scandinavian
139938,Scandinavian,Swedish,European,452.8304,2853.8180,91.0700,112.0824,Scandinavian
139939,Scandinavian,Swedish,European,523.0635,3223.3150,72.2177,98.3289,Scandinavian
139940,Scandinavian,Swedish,European,103.4411,478.9080,8.9480,8.3014,Scandinavian
139941,Scandinavian,Swedish,European,2.1385,166.1975,13.1260,10.0840,Scandinavian
139942,Scandinavian,Swedish,European,24.2018,198.2099,6.7378,10.1568,Scandinavian
139943,Scandinavian,Swedish,European,295.4051,2808.0876,51.7836,165.8979,Scandinavian
139944,Scandinavian,Swedish,European,41.8993,458.5973,13.0783,29.2007,Scandinavian
139945,Scandinavian,Swedish,European,,,,,Scandinavian
139946,Scandinavian,Swedish,European,54.0901,845.9775,21.4742,74.3276,Scandinavian
139947,Scandinavian,Swedish,European,124.9361,597.7000,3.3730,9.7388,Scandinavian
139948,Scandinavian,Swedish,European,84.4269,1044.6448,58.2291,51.5008,Scandinavian
139949,Scandinavian,Swedish,European,298.4638,1754.1220,42.0480,42.7972,Scandinavian
139950,Scandinavian,Swedish,European,31.2691,332.1936,4.6036,22.7190,Scandinavian
139951,Scandinavian,Swedish,European,120.3457,643.1052,0.0470,7.7177,Scandinavian
139952,Scandinavian,Swedish,European,84.4573,1217.0040,47.3850,81.0754,Scandinavian
139953,Scandinavian,Swedish,European,201.5960,1209.4476,89.7602,2.2667,Scandinavian
139954,Scandinavian,Swedish,European,10.6888,323.2300,21.7230,21.7663,Scandinavian
139955,Scandinavian,Swedish,European,9.2037,109.5950,3.0632,7.2935,Scandinavian
139956,Scandinavian,Swedish,European,138.4613,1010.8576,29.6046,39.5974,Scandinavian
139957,Scandinavian,Swedish,European,321.9069,1733.8382,60.0420,26.2350,Scandinavian
139958,Scandinavian,Swedish,European,6.7396,1724.8996,171.2396,109.1019,Scandinavian
139959,Scandinavian,Swedish,European,15.3572,1843.9460,182.4241,113.2433,Scandinavian
139960,Scandinavian,Swedish,European,125.7678,2601.1425,80.7326,216.1402,Scandinavian
139961,Scandinavian,Swedish,European,48.2827,724.9610,54.8860,34.5768,Scandinavian
139962,Scandinavian,Swedish,European,150.1792,1900.1450,9.0532,150.5750,Scandinavian
139963,Scandinavian,Swedish,European,18.2781,139.2850,1.7600,0.1600,Scandinavian
139964,Scandinavian,Swedish,European,53.4751,214.9840,0.6260,0.2202,Scandinavian
139965,Scandinavian,Swedish,European,50.6376,652.3840,10.2863,47.2129,Scandinavian
139966,Scandinavian,Swedish,European,135.4268,647.3969,14.7678,8.4760,Scandinavian
139967,Scandinavian,Swedish,European,0.0000,25.2167,5.6100,0.1417,Scandinavian
139968,Scandinavian,Swedish,European,5217.8196,531325.5080,19029.7480,47787.3260,Scandinavian
139969,Scandinavian,Swedish,European,147.1716,569.8992,1.7537,0.6113,Scandinavian
139970,Scandinavian,Swedish,European,775.5848,3247.0830,37.1150,7.6367,Scandinavian
139971,Scandinavian,Swedish,European,51.1930,210.8350,5.7098,0.7570,Scandinavian
139972,Scandinavian,Swedish,European,512.7212,2974.8800,123.1490,52.1668,Scandinavian
139973,Scandinavian,Swedish,European,34.8161,611.8080,12.7595,50.6739,Scandinavian
139974,Scandinavian,Swedish,European,463.7334,2034.2257,17.9884,16.3452,Scandinavian
139975,Scandinavian,Swedish,European,78.6237,1350.7967,35.8181,107.2194,Scandinavian
139976,Scandinavian,Swedish,European,43.6182,844.1800,40.7643,61.3269,Scandinavian
139977,Scandinavian,Swedish,European,8.2085,48.0590,0.9973,2.1375,Scandinavian
139978,Scandinavian,Swedish,European,165.1484,3131.0506,322.8394,124.2839,Scandinavian
139979,Scandinavian,Swedish,European,725.6930,4601.9140,59.4852,159.6249,Scandinavian
139980,Scandinavian,Swedish,European,44.8320,192.0000,5.2800,0.4800,Scandinavian
139981,Scandinavian,Swedish,European,843.0978,6688.1740,116.4222,322.9870,Scandinavian
139982,Scandinavian,Swedish,European,26.8800,133.2500,4.0185,2.1600,Scandinavian
139983,Scandinavian,Swedish,European,300.8239,2518.4670,107.5766,108.3097,Scandinavian
139984,Scandinavian,Swedish,European,71.3469,1826.8916,94.8443,127.4983,Scandinavian
139985,Scandinavian,Swedish,European,10.7740,1418.2356,181.9470,67.2278,Scandinavian
139986,Scandinavian,Swedish,European,62.3651,2466.3025,227.5860,145.8414,Scandinavian
139987,Scandinavian,Swedish,European,41305.2921,169161.2451,206.4850,554.7421,Scandinavian
139988,Scandinavian,Swedish,European,12.6798,679.5542,3.6282,68.7772,Scandinavian
139989,Scandinavian,Swedish,European,118.6570,1426.1201,64.0458,83.8875,Scandinavian
139990,Scandinavian,Swedish,European,413.3557,2255.1670,74.2603,39.9030,Scandinavian
139991,Scandinavian,Swedish,European,101.7255,619.4400,25.3449,17.3114,Scandinavian
139992,Scandinavian,Swedish,European,29.8880,306.0000,43.1200,1.3200,Scandinavian
139993,Scandinavian,Swedish,European,22.6379,1274.2700,84.9268,93.4404,Scandinavian
139994,Scandinavian,Swedish,European,172193.3607,728680.7750,5513.2713,2931.5881,Scandinavian
139995,Scandinavian,Swedish,European,56.5906,2883.5726,303.5024,165.0684,Scandinavian
139996,Scandinavian,Swedish,European,128.3055,933.1477,11.9092,46.3915,Scandinavian
139997,Scandinavian,Swedish,European,16.1180,177.3000,1.8110,12.3100,Scandinavian
139998,Scandinavian,Swedish,European,45.5691,2593.9275,38.3013,257.2189,Scandinavian
139999,Scandinavian,Swedish,European,16.6954,767.5990,85.6252,40.4047,Scandinavian
140000,Scandinavian,Swedish,European,47.1074,568.9294,23.8932,37.0646,Scandinavian
140001,Scandinavian,Swedish,European,267.3656,1467.2060,39.4230,23.5522,Scandinavian
140002,Scandinavian,Swedish,European,201.5960,805.9800,0.0000,0.0000,Scandinavian
140003,Scandinavian,Swedish,European,9546.6951,123773.0959,6311.1361,6769.8568,Scandinavian
140004,Scandinavian,Swedish,European,11.0346,260.6849,5.9573,22.9291,Scandinavian
140005,Scandinavian,Swedish,European,49.7106,418.2608,6.4185,23.0514,Scandinavian
140006,Scandinavian,Swedish,European,8.0244,664.9580,34.9106,56.9949,Scandinavian
140007,Scandinavian,Swedish,European,151.4364,1059.4740,34.9900,34.1324,Scandinavian
140008,Scandinavian,Swedish,European,41.4331,1309.0400,24.8697,117.7099,Scandinavian
140009,Scandinavian,Swedish,European,29.3065,2398.7879,158.7870,178.8359,Scandinavian
140010,Scandinavian,Swedish,European,83.6485,699.1751,19.7498,34.6145,Scandinavian
140011,Scandinavian,Swedish,European,148.8069,650.4220,9.0825,1.2975,Scandinavian
140012,Scandinavian,Swedish,European,56.9473,1077.1551,113.7379,43.4556,Scandinavian
140013,Scandinavian,Swedish,European,57.9312,2783.5891,153.9296,217.4116,Scandinavian
140014,Scandinavian,Swedish,European,59.8895,253.4450,2.1885,1.0235,Scandinavian
140015,Scandinavian,Swedish,European,0.6103,105.1733,13.9162,4.7951,Scandinavian
140016,Scandinavian,Swedish,European,77.0005,795.9075,30.6755,41.7360,Scandinavian
140017,Scandinavian,Swedish,European,1550.3877,7889.2775,239.5798,132.9367,Scandinavian
140018,Scandinavian,Swedish,European,207.2974,1590.7700,42.4933,73.4736,Scandinavian
140019,Scandinavian,Swedish,European,,,,,Scandinavian
140020,Scandinavian,Swedish,European,57.9565,2166.7733,59.8323,203.5476,Scandinavian
140021,Scandinavian,Swedish,European,104.8443,2297.9848,158.8496,136.5199,Scandinavian
140022,Scandinavian,Swedish,European,523.0843,4233.7340,62.2493,234.7955,Scandinavian
140023,Scandinavian,Swedish,European,47.3506,514.7125,17.5633,30.0142,Scandinavian
140024,Scandinavian,Swedish,European,237.2550,1105.8195,47.8507,18.5691,Scandinavian
140025,Scandinavian,Swedish,European,133.4379,2136.8695,99.0089,134.2252,Scandinavian
140026,Scandinavian,Swedish,European,104.8419,943.0960,40.6817,41.8452,Scandinavian
140027,Scandinavian,Swedish,European,23.7071,652.2503,26.9727,50.2924,Scandinavian
140028,Scandinavian,Swedish,European,512.8751,2557.7995,57.9196,58.6927,Scandinavian
140029,Scandinavian,Swedish,European,5.3892,162.1500,3.9933,14.3337,Scandinavian
140030,Scandinavian,Swedish,European,1069.4410,81645.3045,15458.0971,1245.2137,Scandinavian
140031,Scandinavian,Swedish,European,42.5283,904.1054,83.3405,47.1160,Scandinavian
140032,Scandinavian,Swedish,European,26.1168,313.5030,3.8021,22.3826,Scandinavian
140033,Scandinavian,Swedish,European,20.7555,949.2974,101.1519,50.3698,Scandinavian
140034,Scandinavian,Swedish,European,19.1511,142.6183,7.0505,5.1730,Scandinavian
140035,Scandinavian,Swedish,European,4.9895,44.4944,5.6100,0.1417,Scandinavian
140036,Scandinavian,Swedish,European,226.7180,891.6400,0.0000,0.1685,Scandinavian
140037,Scandinavian,Swedish,European,679.7298,3572.2687,109.0611,47.0365,Scandinavian
140038,Scandinavian,Swedish,European,36306.3202,145465.0200,24.9838,25.1934,Scandinavian
140039,Scandinavian,Swedish,European,68.8999,293.8730,4.9294,0.5750,Scandinavian
140040,Scandinavian,Swedish,European,1871.2047,79736.9266,984.3394,7790.3184,Scandinavian
140041,Scandinavian,Swedish,European,5.2381,16241.0131,2250.4830,733.0184,Scandinavian
140042,Scandinavian,Swedish,European,29.4194,138.7290,8.4233,4.6747,Scandinavian
140043,Scandinavian,Swedish,European,53.3518,741.0130,27.8888,45.5898,Scandinavian
140044,Scandinavian,Swedish,European,26.6647,4432.9184,405.9373,288.9942,Scandinavian
140045,Scandinavian,Swedish,European,99.0680,723.9440,20.3898,30.3663,Scandinavian
140046,Scandinavian,Swedish,European,21.5379,129.2280,2.1718,1.9320,Scandinavian
140047,Scandinavian,Swedish,European,24.5046,657.0541,12.4360,57.8209,Scandinavian
140048,Scandinavian,Swedish,European,324.2631,1320.5141,4.5359,2.7216,Scandinavian
140049,Scandinavian,Swedish,European,14.9946,1584.8232,145.8349,105.4617,Scandinavian
140050,Scandinavian,Swedish,European,38.8090,3487.0854,228.3336,266.7793,Scandinavian
140051,Scandinavian,Swedish,European,64.0874,537.2846,17.1499,25.2010,Scandinavian
140052,Scandinavian,Swedish,European,7.6794,839.0746,93.2599,49.2104,Scandinavian
140053,Scandinavian,Swedish,European,122.7984,1869.0378,180.2735,79.3325,Scandinavian
140054,Scandinavian,Swedish,European,0.0000,0.0000,0.0000,0.0000,Scandinavian
140055,Scandinavian,Swedish,European,63.5817,2508.6058,127.9858,197.2845,Scandinavian
140056,Scandinavian,Swedish,European,322.4866,1790.3375,52.5748,34.8100,Scandinavian
140057,Scandinavian,Swedish,European,74.3268,1447.6154,46.1969,117.6016,Scandinavian
140058,Scandinavian,Swedish,European,0.0000,138190.8000,141.6360,15312.0000,Scandinavian
140059,Scandinavian,Swedish,European,11.0124,51.6810,0.6699,0.0226,Scandinavian
140060,Scandinavian,Swedish,European,122.0291,1003.2415,45.9978,45.1758,Scandinavian
140061,Scandinavian,Swedish,European,122.1197,1856.6617,144.2549,88.7413,Scandinavian
140062,Scandinavian,Swedish,European,54564.6200,241137.0000,4235.1200,350.7000,Scandinavian
140063,Scandinavian,Swedish,European,17.5104,72.9600,1.5276,0.6840,Scandinavian
140064,Scandinavian,Swedish,European,56.6876,219.4251,0.0000,0.0000,Scandinavian
140065,Scandinavian,Swedish,European,16.3763,274.8540,8.0145,21.6000,Scandinavian
140066,Scandinavian,Swedish,European,53.7243,515.9695,13.3159,32.0261,Scandinavian
140067,Scandinavian,Swedish,European,1362.6010,5189.6637,51.4365,10.1478,Scandinavian
140068,Scandinavian,Swedish,European,22.2608,1213.1612,125.7174,70.0243,Scandinavian
140069,Scandinavian,Swedish,European,155.4444,739.6225,18.5364,7.2484,Scandinavian
140070,Scandinavian,Swedish,European,27.9967,342.6170,4.5199,24.7591,Scandinavian
140071,Scandinavian,Swedish,European,308.1336,2592.2888,2.0125,154.3900,Scandinavian
140072,Scandinavian,Swedish,European,1.1828,213.6350,0.3661,23.2585,Scandinavian
140073,Scandinavian,Swedish,European,104.3317,4001.0001,234.3874,301.9181,Scandinavian
140074,Scandinavian,Swedish,European,72.8640,557.3133,19.6680,22.4593,Scandinavian
140075,Scandinavian,Swedish,European,55.7930,527.4563,17.8386,29.8643,Scandinavian
140076,Scandinavian,Swedish,European,25.4407,632.8524,33.5604,45.7804,Scandinavian
140077,Scandinavian,Swedish,European,24.1638,246.0210,6.7438,14.7404,Scandinavian
140078,Scandinavian,Swedish,European,238.4383,1861.4622,27.9867,94.5111,Scandinavian
140079,Scandinavian,Swedish,European,50.5087,824.4989,48.3961,52.0803,Scandinavian
140080,Scandinavian,Swedish,European,271.8238,2263.2400,67.0286,106.0921,Scandinavian
140081,Scandinavian,Swedish,European,64.0771,2408.7530,44.5937,235.3370,Scandinavian
140082,Scandinavian,Swedish,European,128.9065,1887.7290,18.7963,144.5448,Scandinavian
140083,Scandinavian,Swedish,European,95.8808,1217.3155,137.7945,28.8110,Scandinavian
140084,Scandinavian,Swedish,European,14.5191,905.6505,3.4336,93.8645,Scandinavian
140085,Scandinavian,Swedish,European,9899.4474,38166.2884,471.6408,95.2736,Scandinavian
140086,Scandinavian,Swedish,European,34.8677,367.6392,8.4142,24.9841,Scandinavian
140087,Scandinavian,Swedish,European,0.0000,0.0000,0.0000,0.0000,Scandinavian
140088,Scandinavian,Swedish,European,220.7008,3730.5950,40.2745,311.1527,Scandinavian
140089,Scandinavian,Swedish,European,28.0200,120.0000,3.3000,0.3000,Scandinavian
140090,Scandinavian,Swedish,European,297.3907,3663.0383,293.8328,166.6951,Scandinavian
140091,Scandinavian,Swedish,European,49.0061,1078.8775,48.6521,80.9546,Scandinavian
140092,Scandinavian,Swedish,European,245.7548,1958.4600,58.7918,85.5159,Scandinavian
140093,Scandinavian,Swedish,European,169.0518,2112.0903,94.8970,120.7907,Scandinavian
140094,Scandinavian,Swedish,European,101.3118,758.2828,18.8688,38.9196,Scandinavian
140095,Scandinavian,Swedish,European,297.4389,2100.2240,70.0162,77.5343,Scandinavian
140096,Scandinavian,Swedish,European,6.3158,345.6266,2.9655,35.4055,Scandinavian
140097,Scandinavian,Swedish,European,211.8147,1881.6888,61.6466,91.4297,Scandinavian
140098,Scandinavian,Swedish,European,10254.4306,40874.7684,9.1420,5.8090,Scandinavian
140099,Scandinavian,Swedish,European,86.4212,1258.9900,73.7385,68.1408,Scandinavian
140100,Scandinavian,Swedish,European,3.0256,13.1200,0.6912,0.0752,Scandinavian
140101,Scandinavian,Swedish,European,4.9668,200.6857,11.2200,0.2833,Scandinavian
140102,Scandinavian,Swedish,European,272.2801,1728.6920,56.7962,43.2862,Scandinavian
140103,Scandinavian,Swedish,European,817.7040,6065.6220,77.3736,281.1678,Scandinavian
140104,Scandinavian,Swedish,European,284.3342,1138.9400,0.0000,0.0000,Scandinavian
140105,Scandinavian,Swedish,European,157.7094,5216.1018,274.0515,384.1942,Scandinavian
140106,Scandinavian,Swedish,European,0.1839,170821.3216,6369.0059,15909.2614,Scandinavian
140107,Scandinavian,Swedish,European,307.7748,1981.3780,25.2433,71.0073,Scandinavian
140108,Scandinavian,Swedish,European,616.0569,39772.5520,2132.1930,3210.6033,Scandinavian
140109,Scandinavian,Swedish,European,26.5626,1131.0598,92.9830,72.2806,Scandinavian
140110,Scandinavian,Swedish,European,690.0760,2787.5733,13.2360,1.0673,Scandinavian
140111,Scandinavian,Swedish,European,131.2080,498.3000,5.5935,0.7590,Scandinavian
140112,Scandinavian,Swedish,European,813.8961,4174.4091,213.1867,38.1237,Scandinavian
140113,Scandinavian,Swedish,European,266.1156,2866.2729,79.2695,175.7240,Scandinavian
140114,Scandinavian,Swedish,European,6.1036,1435.4021,246.4053,40.2423,Scandinavian
140115,Scandinavian,Swedish,European,37.1213,704.3180,22.0262,57.8758,Scandinavian
140116,Scandinavian,Swedish,European,219.1670,1200.7990,27.5855,25.2296,Scandinavian
140117,Scandinavian,Swedish,European,191.6003,924.6438,25.5299,9.2853,Scandinavian
140118,Scandinavian,Swedish,European,28.4244,773.5560,25.7088,62.3774,Scandinavian
140119,Scandinavian,Swedish,European,9.6763,349.3000,11.8822,29.7128,Scandinavian
140120,Scandinavian,Swedish,European,41.9790,7098.6131,489.5901,546.9450,Scandinavian
140121,Scandinavian,Swedish,European,15.0938,73.2600,3.6576,2.1919,Scandinavian
140122,Scandinavian,Swedish,European,49.7136,1990.9849,4.8562,201.2842,Scandinavian
140123,Scandinavian,Swedish,European,45.1239,890.0582,109.6859,31.3571,Scandinavian
140124,Scandinavian,Swedish,European,240.2832,1955.5400,61.2288,86.2815,Scandinavian
140125,Scandinavian,Swedish,European,17.4108,1501.9775,190.6607,74.1091,Scandinavian
140126,Scandinavian,Swedish,European,33.2657,997.7076,99.1772,56.2323,Scandinavian
140127,Scandinavian,Swedish,European,201.2444,1113.5055,53.3960,21.1842,Scandinavian
140128,Scandinavian,Swedish,European,102.1747,709.7480,22.5778,26.1021,Scandinavian
140129,Scandinavian,Swedish,European,405.2674,2174.4440,89.7350,43.6271,Scandinavian
140130,Scandinavian,Swedish,European,456.5721,3770.0400,52.0436,200.6242,Scandinavian
140131,Scandinavian,Swedish,European,0.0000,504.3333,112.2000,2.8333,Scandinavian
140132,Scandinavian,Swedish,European,55.3605,586.5677,37.6704,25.6568,Scandinavian
140133,Scandinavian,Swedish,European,10095.0624,44009.6264,6.4654,43.5353,Scandinavian
140134,Scandinavian,Swedish,European,21.7048,252.7958,13.3019,13.1146,Scandinavian
140135,Scandinavian,Swedish,European,242.3975,4949.9508,464.4375,227.5690,Scandinavian
140136,Scandinavian,Swedish,European,24.7474,259.6300,21.7645,7.9841,Scandinavian
140137,Scandinavian,Swedish,European,24.4677,1246.7784,184.6041,41.8640,Scandinavian
140138,Scandinavian,Swedish,European,73.2888,2042.0518,360.3030,22.9569,Scandinavian
140139,Scandinavian,Swedish,European,3202.9247,1105682.0430,62943.1467,91711.7107,Scandinavian
140140,Scandinavian,Swedish,European,18.3086,88.2948,4.3056,1.3613,Scandinavian
140141,Scandinavian,Swedish,European,293.9950,1538.8680,19.1941,37.1674,Scandinavian
140142,Scandinavian,Swedish,European,34.1095,871.0390,4.5113,81.9187,Scandinavian
140143,Scandinavian,Swedish,European,36.9712,2195.2825,228.0919,120.2817,Scandinavian
140144,Scandinavian,Swedish,European,37496.6429,241620.3200,2283.8697,9210.9860,Scandinavian
140145,Scandinavian,Swedish,European,189.5541,1130.6787,40.7118,29.0097,Scandinavian
140146,Scandinavian,Swedish,European,0.8988,1362.0191,89.9798,110.3189,Scandinavian
140147,Scandinavian,Icelandic,European,55.3656,361.6400,14.0140,10.6836,Scandinavian
140148,Scandinavian,Icelandic,European,32.8720,880.1673,27.4831,75.9507,Scandinavian
140149,Scandinavian,Icelandic,European,15.2591,494.9280,89.6923,7.3054,Scandinavian
140150,Scandinavian,Icelandic,European,61.2028,1635.8865,246.3263,39.9955,Scandinavian
140151,Scandinavian,Icelandic,European,55.3656,361.6400,14.0140,10.6836,Scandinavian
140152,Scandinavian,Icelandic,European,232.6018,5109.1700,226.6124,367.6899,Scandinavian
140153,Scandinavian,Icelandic,European,94.2552,2005.8349,49.6385,161.8165,Scandinavian
140154,Scandinavian,Icelandic,European,310.2313,2448.9485,28.7102,123.8021,Scandinavian
140155,Scandinavian,Icelandic,European,857.4304,7881.1589,78.5281,459.2618,Scandinavian
142181,Scandinavian,Finnish,European,42.5159,689.3385,24.4980,47.7980,Scandinavian
142182,Scandinavian,Finnish,European,307.2230,2940.5717,43.8219,182.8549,Scandinavian
142183,Scandinavian,Finnish,European,124.0796,734.4955,1.3260,28.6599,Scandinavian
142184,Scandinavian,Finnish,European,809.9051,82600.2188,691.2648,8702.3363,Scandinavian
142185,Scandinavian,Finnish,European,693.2420,4275.9384,292.6207,38.2777,Scandinavian
142186,Scandinavian,Finnish,European,436.4444,5019.5060,246.0144,255.3336,Scandinavian
142187,Scandinavian,Finnish,European,116.1458,1298.9804,8.7363,96.7386,Scandinavian
142188,Scandinavian,Finnish,European,282.6262,2574.8225,25.8395,158.2231,Scandinavian
142189,Scandinavian,Finnish,European,601.1790,3793.0530,78.2261,127.6034,Scandinavian
142190,Scandinavian,Finnish,European,162.2459,2509.9610,129.9171,165.6149,Scandinavian
142191,Scandinavian,Finnish,European,164.5453,1854.5860,49.0265,119.9575,Scandinavian
142192,Scandinavian,Finnish,European,243.9273,1578.0200,53.0393,41.2283,Scandinavian
142193,Scandinavian,Finnish,European,97.7819,1887.0283,35.6550,159.1228,Scandinavian
142194,Scandinavian,Finnish,European,118.6361,671.4320,25.4668,17.1520,Scandinavian
142195,Scandinavian,Finnish,European,102.2734,783.2214,34.7217,26.3588,Scandinavian
142196,Scandinavian,Finnish,European,298.6794,2983.7090,86.2730,165.4981,Scandinavian
142197,Scandinavian,Finnish,European,143.9748,1689.4712,147.5691,62.9774,Scandinavian
142198,Scandinavian,Finnish,European,41.1737,706.8750,25.8407,52.7654,Scandinavian
142199,Scandinavian,Finnish,European,191.2681,4296.8028,210.5296,304.5457,Scandinavian
142200,Scandinavian,Finnish,European,3488.3853,13265.2750,140.3277,18.9885,Scandinavian
142201,Scandinavian,Finnish,European,45.7053,1308.5410,59.8052,100.5411,Scandinavian
142202,Scandinavian,Finnish,European,53.8851,1090.7644,130.8502,40.8857,Scandinavian
142203,Scandinavian,Finnish,European,1.4400,286.0000,25.1200,19.0200,Scandinavian
142204,Scandinavian,Finnish,European,82.6000,633.4932,19.1155,30.7589,Scandinavian
142205,Scandinavian,Finnish,European,241.5318,956.4149,12.4424,4.5438,Scandinavian
142206,Scandinavian,Finnish,European,77.1923,323.4792,1.3712,0.2350,Scandinavian
142207,Scandinavian,Finnish,European,46938.0576,374174.4314,31192.1209,6571.8528,Scandinavian
142208,Scandinavian,Finnish,European,410.6334,3620.5920,33.4354,205.3880,Scandinavian
142209,Scandinavian,Finnish,European,65.1567,969.9976,26.0769,74.4913,Scandinavian
142210,Scandinavian,Finnish,European,63.9397,1142.2486,113.1708,46.6355,Scandinavian
142211,Scandinavian,Finnish,European,24.6423,505.7034,5.6582,43.9063,Scandinavian
142212,Scandinavian,Finnish,European,752.7615,3348.3400,38.5204,15.7469,Scandinavian
142213,Scandinavian,Finnish,European,805.7109,4403.7100,52.0946,105.3178,Scandinavian
142214,Scandinavian,Finnish,European,161.8643,634.8119,2.1975,0.5154,Scandinavian
142215,Scandinavian,Finnish,European,344.6766,1392.4040,15.0146,0.8454,Scandinavian
142216,Scandinavian,Finnish,European,39.6215,691.1955,36.0399,43.3157,Scandinavian
142217,Scandinavian,Finnish,European,85.4303,2668.6368,291.9884,125.9704,Scandinavian
142218,Scandinavian,Finnish,European,253.3282,2005.4600,58.2362,88.7222,Scandinavian
142219,Scandinavian,Finnish,European,48.6979,449.5657,15.9853,23.3529,Scandinavian
142220,Scandinavian,Finnish,European,35225.2349,167331.4908,2802.2803,1560.8639,Scandinavian
142221,Scandinavian,Finnish,European,186.5849,1312.1800,42.6785,42.1137,Scandinavian
142222,Scandinavian,Finnish,European,172.9174,1578.3800,64.4220,70.0106,Scandinavian
142223,Scandinavian,Finnish,European,39.0472,677.0400,19.7165,51.9413,Scandinavian
142224,Scandinavian,Finnish,European,191.2681,4296.8028,210.5296,304.5457,Scandinavian
142225,Scandinavian,Finnish,European,151.9961,1230.5150,29.4952,62.9374,Scandinavian
142226,Scandinavian,Finnish,European,140.9184,1257.1700,44.8980,59.0226,Scandinavian
142227,Scandinavian,Finnish,European,86.5918,372.7160,9.6894,1.5660,Scandinavian
142228,Scandinavian,Finnish,European,89.1477,590.9632,29.0587,18.2203,Scandinavian
142229,Scandinavian,Finnish,European,402.9576,1564.9880,34.4837,14.1225,Scandinavian
142230,Scandinavian,Finnish,European,26.7256,577.8076,103.2228,4.2715,Scandinavian
142231,Scandinavian,Finnish,European,403.5169,2795.9900,60.5882,108.5784,Scandinavian
142232,Scandinavian,Finnish,European,2.9158,37.2100,1.9215,1.9947,Scandinavian
142233,Scandinavian,Finnish,European,126.6835,775.4080,14.5651,25.8096,Scandinavian
142234,Scandinavian,Finnish,European,55.4013,1578.8795,209.7870,54.8454,Scandinavian
142235,Scandinavian,Finnish,European,664.4615,3478.7096,174.8789,20.8119,Scandinavian
142236,Scandinavian,Finnish,European,1274.8982,12846.2232,927.2772,532.3799,Scandinavian
142237,Scandinavian,Finnish,European,27.3947,1575.5475,92.8372,122.1156,Scandinavian
142238,Scandinavian,Finnish,European,6361.6288,1052369.3730,38331.2650,95559.0870,Scandinavian
142239,Scandinavian,Finnish,European,269.2314,1801.8880,23.3172,79.4615,Scandinavian
142240,Scandinavian,Finnish,European,692.6191,4544.4380,96.5445,160.8030,Scandinavian
142241,Scandinavian,Finnish,European,228.9205,1945.2851,88.8852,71.7485,Scandinavian
142242,Scandinavian,Finnish,European,282.2342,1713.6390,54.6494,38.0040,Scandinavian
142243,Scandinavian,Finnish,European,17.7652,69.0300,0.0883,0.0098,Scandinavian
142244,Scandinavian,Finnish,European,286.4561,2276.6495,41.8574,112.3233,Scandinavian
142245,Scandinavian,Finnish,European,348.9644,2130.6310,53.9920,56.6321,Scandinavian
142246,Scandinavian,Finnish,European,847.3176,4406.3000,150.1284,37.1422,Scandinavian
142247,Scandinavian,Finnish,European,9.0350,1549.5784,90.3081,125.7737,Scandinavian
142248,Scandinavian,Finnish,European,6.7347,26.9320,0.4074,0.2436,Scandinavian
142249,Scandinavian,Finnish,European,292.6686,2284.4726,48.6118,118.1019,Scandinavian
142250,Scandinavian,Finnish,European,164.3740,2395.7700,55.3040,179.2100,Scandinavian
142251,Scandinavian,Finnish,European,71.9394,618.0340,28.8762,22.8047,Scandinavian
142252,Scandinavian,Finnish,European,212.9584,1497.4800,51.9735,49.0206,Scandinavian
142253,Scandinavian,Finnish,European,116.9542,1815.1273,59.9539,133.0210,Scandinavian
142254,Scandinavian,Finnish,European,41.0187,1073.2970,92.5046,58.6017,Scandinavian
142255,Scandinavian,Finnish,European,176.5487,868.0711,21.4926,7.2537,Scandinavian
142256,Scandinavian,Finnish,European,15120.3973,60536.7380,6.4641,6.5140,Scandinavian
142257,Scandinavian,Finnish,European,181.9295,1376.8970,50.8620,49.0134,Scandinavian
142258,Scandinavian,Finnish,European,800.2593,3144.0973,0.8636,0.2085,Scandinavian
142259,Scandinavian,Finnish,European,230.3184,1454.4950,34.0948,46.9221,Scandinavian
142260,Scandinavian,Finnish,European,154.6974,1316.0803,73.4646,50.4452,Scandinavian
142261,Scandinavian,Finnish,European,32517.0165,162037.7500,2891.1900,2005.6550,Scandinavian
142262,Scandinavian,Finnish,European,188.7241,1494.1055,37.1357,66.8259,Scandinavian
142263,Scandinavian,Finnish,European,327.6680,4898.2267,91.7680,380.4883,Scandinavian
142264,Scandinavian,Finnish,European,711.7315,81831.9610,686.9468,8660.2848,Scandinavian
142265,Scandinavian,Finnish,European,94.2291,872.8310,11.8890,53.5000,Scandinavian
142266,Scandinavian,Finnish,European,52.8046,966.1115,92.0365,54.2523,Scandinavian
142267,Scandinavian,Finnish,European,261.4160,2951.4800,63.7640,195.8070,Scandinavian
142268,Scandinavian,Finnish,European,257.5238,2047.9000,62.0792,92.7116,Scandinavian
142269,Scandinavian,Finnish,European,44.3333,243.3406,14.3831,4.4293,Scandinavian
142270,Scandinavian,Finnish,European,30.2928,264.8400,7.4238,14.7072,Scandinavian
142271,Scandinavian,Finnish,European,621.4098,4049.9766,129.6387,137.1535,Scandinavian
142272,Scandinavian,Finnish,European,527.5237,3289.6900,88.5217,92.9098,Scandinavian
142273,Scandinavian,Finnish,European,54.1714,1803.8062,54.9471,162.5351,Scandinavian
142274,Scandinavian,Finnish,European,58.9521,559.0413,25.9930,26.3176,Scandinavian
142275,Scandinavian,Finnish,European,129.2801,632.2000,17.8273,6.1052,Scandinavian
142276,Scandinavian,Finnish,European,39.6324,191.3986,10.9305,2.2926,Scandinavian
142277,Scandinavian,Finnish,European,187.1648,1347.6040,43.2616,46.7552,Scandinavian
142278,Scandinavian,Finnish,European,256.4202,1400.9780,44.1090,27.1148,Scandinavian
142279,Scandinavian,Finnish,European,29.0025,334.8992,15.0721,19.5682,Scandinavian
142280,Scandinavian,Finnish,European,561.6622,3112.4540,76.2678,69.8772,Scandinavian
142281,Scandinavian,Finnish,European,97.3715,901.5000,40.7525,42.4660,Scandinavian
142282,Scandinavian,Finnish,European,96.9359,631.3160,23.2357,17.5246,Scandinavian
142283,Scandinavian,Finnish,European,281.0091,3649.5380,78.3134,256.2492,Scandinavian
142284,Scandinavian,Finnish,European,38.6685,324.5149,15.0126,15.2974,Scandinavian
142285,Scandinavian,Finnish,European,159.9298,1123.2525,42.5592,35.3220,Scandinavian
142286,Scandinavian,Finnish,European,894.3405,5422.2190,503.0979,109.5367,Scandinavian
142287,Scandinavian,Finnish,European,297.1450,1739.9410,51.3884,43.4966,Scandinavian
142288,Scandinavian,Finnish,European,1646.1041,10008.9957,200.0844,309.0167,Scandinavian
142289,Scandinavian,Finnish,European,54.0389,742.6120,22.9234,50.0017,Scandinavian
142290,Scandinavian,Finnish,European,351.1989,3240.1095,87.1312,187.8511,Scandinavian
142291,Scandinavian,Finnish,European,310.9598,1944.4850,37.2682,64.7326,Scandinavian
142292,Scandinavian,Finnish,European,27.9048,663.4040,6.2800,59.2550,Scandinavian
142293,Scandinavian,Finnish,European,13879.8895,91485.9150,2518.5739,2938.7205,Scandinavian
142294,Scandinavian,Finnish,European,230.8465,1939.5840,60.0321,90.2585,Scandinavian
142295,Scandinavian,Finnish,European,46.7894,217.4640,4.3358,1.6708,Scandinavian
142296,Scandinavian,Finnish,European,632.2134,3232.8100,67.2637,42.9389,Scandinavian
142297,Scandinavian,Finnish,European,3.3010,111.3901,1.0466,10.8770,Scandinavian
142298,Scandinavian,Finnish,European,77.2701,748.8630,14.7016,46.4808,Scandinavian
142299,Scandinavian,Finnish,European,31.5826,1295.7726,149.0109,63.2573,Scandinavian
142300,Scandinavian,Finnish,European,40131.3467,167813.9533,916.3013,1169.9717,Scandinavian
142301,Scandinavian,Finnish,European,296.3079,2228.5985,55.7673,94.3284,Scandinavian
142302,Scandinavian,Finnish,European,153.5347,807.6755,19.6616,18.0121,Scandinavian
142303,Scandinavian,Finnish,European,291.7415,2216.7260,75.9535,81.9813,Scandinavian
142304,Scandinavian,Finnish,European,326.6922,1791.4532,33.9828,40.8505,Scandinavian
142305,Scandinavian,Finnish,European,152.1102,1659.2530,42.8692,102.9128,Scandinavian
142306,Scandinavian,Finnish,European,127.7878,2912.2480,49.8887,250.3497,Scandinavian
