Recipe_id,Region,Sub_region,Continent,"Carbohydrate, by difference (g)",Energy (kcal),Protein (g),Total lipid (fat) (g),cuisine
3435,Southeast Asian,Indonesian,Asian,126.4630,3442.2196,228.6072,227.5751,Southeast Asian
3436,Southeast Asian,Indonesian,Asian,26.8406,698.2169,2.4267,68.3922,Southeast Asian
3437,Southeast Asian,Indonesian,Asian,74.3372,2396.4036,193.9380,145.9531,Southeast Asian
3438,Southeast Asian,Indonesian,Asian,47.8303,1647.3999,179.1272,84.5960,Southeast Asian
3439,Southeast Asian,Indonesian,Asian,49.9121,1067.8366,84.9721,62.3498,Southeast Asian
3440,Southeast Asian,Indonesian,Asian,56.9422,333.3438,11.4983,11.4145,Southeast Asian
3441,Southeast Asian,Indonesian,Asian,202.2313,9292.4050,317.1210,860.9013,Southeast Asian
3442,Southeast Asian,Indonesian,Asian,110.6959,9472.1561,353.3268,880.1293,Southeast Asian
3443,Southeast Asian,Indonesian,Asian,155.1233,3079.0624,240.2924,181.3422,Southeast Asian
3444,Southeast Asian,Indonesian,Asian,18.2079,690.5589,99.4958,25.2681,Southeast Asian
3445,Southeast Asian,Indonesian,Asian,33.3706,237.3375,25.9678,1.8169,Southeast Asian
3446,Southeast Asian,Indonesian,Asian,503.8672,1952.8800,0.7632,0.0600,Southeast Asian
3447,Southeast Asian,Indonesian,Asian,27.1999,419.1958,5.0454,34.8861,Southeast Asian
3448,Southeast Asian,Indonesian,Asian,224.3507,1940.1547,140.9829,53.6008,Southeast Asian
3449,Southeast Asian,Indonesian,Asian,105.2501,3813.9200,50.1765,383.2854,Southeast Asian
3450,Southeast Asian,Indonesian,Asian,193.3524,1855.2279,125.9330,64.2097,Southeast Asian
3451,Southeast Asian,Indonesian,Asian,59.5410,1693.0813,17.6071,166.3878,Southeast Asian
3452,Southeast Asian,Indonesian,Asian,359.0627,2325.8403,99.7127,53.2202,Southeast Asian
3453,Southeast Asian,Indonesian,Asian,202.1665,3921.5194,229.8526,264.9554,Southeast Asian
3454,Southeast Asian,Indonesian,Asian,19.1989,522.4732,81.0170,14.4408,Southeast Asian
3455,Southeast Asian,Indonesian,Asian,69.6463,1364.9489,135.2901,67.3304,Southeast Asian
3456,Southeast Asian,Indonesian,Asian,39.5044,540.1550,34.2808,28.9810,Southeast Asian
3457,Southeast Asian,Indonesian,Asian,79.8548,959.0348,71.6085,44.7324,Southeast Asian
3458,Southeast Asian,Indonesian,Asian,228.4622,2718.0120,30.8192,199.4285,Southeast Asian
3459,Southeast Asian,Indonesian,Asian,23.6292,754.4430,69.8336,42.8000,Southeast Asian
3460,Southeast Asian,Indonesian,Asian,23.6974,993.0960,182.2584,14.1414,Southeast Asian
3461,Southeast Asian,Indonesian,Asian,31.4648,660.6985,30.7638,48.1305,Southeast Asian
3462,Southeast Asian,Indonesian,Asian,227.1096,4749.4950,27.6752,434.6064,Southeast Asian
3463,Southeast Asian,Indonesian,Asian,182.0264,2771.3698,383.0663,54.6822,Southeast Asian
3464,Southeast Asian,Indonesian,Asian,34.9541,2561.7152,64.8095,244.6861,Southeast Asian
3465,Southeast Asian,Indonesian,Asian,347.4066,1350.2240,14.7150,4.4550,Southeast Asian
3466,Southeast Asian,Indonesian,Asian,17.7117,1439.0602,203.0239,59.9104,Southeast Asian
3467,Southeast Asian,Indonesian,Asian,57.3034,1153.6540,38.4379,93.9104,Southeast Asian
3713,Southeast Asian,Vietnamese,Asian,68.9860,1109.3929,191.3863,5.4153,Southeast Asian
3714,Southeast Asian,Vietnamese,Asian,374.7390,2749.2100,37.4931,118.7018,Southeast Asian
3715,Southeast Asian,Vietnamese,Asian,21.3152,2057.7568,117.7342,165.4750,Southeast Asian
3716,Southeast Asian,Vietnamese,Asian,33.0448,615.4250,3.6801,54.4298,Southeast Asian
3717,Southeast Asian,Vietnamese,Asian,18.3318,169.4400,4.0242,9.4848,Southeast Asian
3718,Southeast Asian,Vietnamese,Asian,76.8219,360.5059,10.9121,0.9438,Southeast Asian
3719,Southeast Asian,Vietnamese,Asian,31.5931,127.1878,2.2614,0.0642,Southeast Asian
3720,Southeast Asian,Vietnamese,Asian,80.9452,510.2036,14.1224,18.9644,Southeast Asian
3721,Southeast Asian,Vietnamese,Asian,82.3155,5790.1341,23.1307,614.7514,Southeast Asian
3722,Southeast Asian,Vietnamese,Asian,25.9392,996.3760,111.7363,49.7924,Southeast Asian
3723,Southeast Asian,Vietnamese,Asian,35.8261,10804.8770,962.0356,727.3327,Southeast Asian
3724,Southeast Asian,Vietnamese,Asian,164.5360,5405.1300,108.0373,481.7571,Southeast Asian
3725,Southeast Asian,Vietnamese,Asian,59.8687,266.1192,4.9132,0.3920,Southeast Asian
3726,Southeast Asian,Vietnamese,Asian,71.9397,501.7933,36.9551,7.0281,Southeast Asian
3727,Southeast Asian,Vietnamese,Asian,2.6960,54.8200,9.4356,0.5318,Southeast Asian
3728,Southeast Asian,Vietnamese,Asian,43.8878,277.6720,15.1637,8.5860,Southeast Asian
3729,Southeast Asian,Vietnamese,Asian,33.5439,2314.9894,213.1419,147.2937,Southeast Asian
3730,Southeast Asian,Vietnamese,Asian,97.3070,496.1271,18.5009,4.6445,Southeast Asian
3731,Southeast Asian,Vietnamese,Asian,69.6708,4210.6335,18.6388,446.8413,Southeast Asian
3732,Southeast Asian,Vietnamese,Asian,111.5905,492.9305,14.8293,0.0401,Southeast Asian
3733,Southeast Asian,Vietnamese,Asian,350.1511,2296.9535,50.5695,80.3059,Southeast Asian
3734,Southeast Asian,Vietnamese,Asian,15.8510,3615.6017,131.6981,332.2983,Southeast Asian
3735,Southeast Asian,Vietnamese,Asian,44.9438,187.9885,4.1518,0.0584,Southeast Asian
3736,Southeast Asian,Vietnamese,Asian,128.4102,550.2400,9.6716,0.9656,Southeast Asian
3737,Southeast Asian,Vietnamese,Asian,7.4068,1315.8090,152.9023,71.5657,Southeast Asian
3738,Southeast Asian,Vietnamese,Asian,9.4566,631.2190,33.2938,50.3341,Southeast Asian
3739,Southeast Asian,Vietnamese,Asian,6.6480,276.0000,2.7480,28.6080,Southeast Asian
3740,Southeast Asian,Vietnamese,Asian,11.7055,141.0017,6.7507,8.2645,Southeast Asian
3741,Southeast Asian,Vietnamese,Asian,92.4959,707.3821,3.3475,39.8435,Southeast Asian
3742,Southeast Asian,Vietnamese,Asian,14.8981,3279.5370,66.6793,328.6684,Southeast Asian
3743,Southeast Asian,Vietnamese,Asian,18.6834,68.3570,0.4449,0.0574,Southeast Asian
3744,Southeast Asian,Vietnamese,Asian,23.3434,4865.7170,315.8717,380.6998,Southeast Asian
3745,Southeast Asian,Vietnamese,Asian,25.5237,1998.6551,324.8545,58.4573,Southeast Asian
3746,Southeast Asian,Vietnamese,Asian,65.7723,823.8527,25.0142,58.1881,Southeast Asian
3747,Southeast Asian,Vietnamese,Asian,1.6620,69.0000,0.6870,7.1520,Southeast Asian
3748,Southeast Asian,Vietnamese,Asian,115.7510,876.2442,54.5792,24.8098,Southeast Asian
3749,Southeast Asian,Vietnamese,Asian,13.6227,303.5684,2.3287,28.5417,Southeast Asian
3750,Southeast Asian,Vietnamese,Asian,19.1247,904.5865,161.5272,16.9451,Southeast Asian
3751,Southeast Asian,Vietnamese,Asian,13.3895,407.8805,1.2238,41.0183,Southeast Asian
3752,Southeast Asian,Vietnamese,Asian,21.3853,1682.7143,131.6857,114.7069,Southeast Asian
3753,Southeast Asian,Vietnamese,Asian,72.5792,1275.9369,149.7686,40.5408,Southeast Asian
3754,Southeast Asian,Vietnamese,Asian,53.8637,1897.7822,226.3047,85.5108,Southeast Asian
3755,Southeast Asian,Vietnamese,Asian,15.7629,440.6379,6.0466,41.0771,Southeast Asian
3756,Southeast Asian,Vietnamese,Asian,62.7706,258.9400,5.0015,0.2436,Southeast Asian
3757,Southeast Asian,Vietnamese,Asian,278.7932,3739.3924,153.4383,226.6635,Southeast Asian
3758,Southeast Asian,Vietnamese,Asian,49.0474,1367.2078,97.7902,87.2327,Southeast Asian
3759,Southeast Asian,Vietnamese,Asian,46.7096,447.5255,21.8245,21.0420,Southeast Asian
3760,Southeast Asian,Vietnamese,Asian,0.0000,473.7344,91.6869,9.1347,Southeast Asian
3761,Southeast Asian,Vietnamese,Asian,31.7262,369.0621,2.3685,27.1993,Southeast Asian
3762,Southeast Asian,Vietnamese,Asian,56.3177,451.9604,7.1578,22.3763,Southeast Asian
3763,Southeast Asian,Vietnamese,Asian,45.7669,664.7015,15.5726,51.7117,Southeast Asian
3764,Southeast Asian,Vietnamese,Asian,13.0639,178.8493,1.9829,14.5062,Southeast Asian
3765,Southeast Asian,Vietnamese,Asian,111.2141,899.9091,84.7223,10.9854,Southeast Asian
3766,Southeast Asian,Vietnamese,Asian,254.5132,2889.5248,127.9166,173.0142,Southeast Asian
3767,Southeast Asian,Vietnamese,Asian,23.3461,1816.0983,195.4454,101.1580,Southeast Asian
3768,Southeast Asian,Vietnamese,Asian,,,,,Southeast Asian
3769,Southeast Asian,Vietnamese,Asian,6.3371,893.0022,35.2390,80.0677,Southeast Asian
3770,Southeast Asian,Vietnamese,Asian,0.7611,4.1019,0.3068,0.0714,Southeast Asian
3771,Southeast Asian,Vietnamese,Asian,15.9072,86.5660,5.5565,1.5755,Southeast Asian
3772,Southeast Asian,Vietnamese,Asian,95.3827,698.7285,27.4780,30.9213,Southeast Asian
3773,Southeast Asian,Vietnamese,Asian,162.5985,2615.6612,202.1401,117.7631,Southeast Asian
3774,Southeast Asian,Vietnamese,Asian,31.2522,2927.1597,447.2327,99.9812,Southeast Asian
3775,Southeast Asian,Vietnamese,Asian,46.2839,543.8713,66.0416,10.4210,Southeast Asian
3776,Southeast Asian,Vietnamese,Asian,23.8850,831.0173,154.0102,9.5633,Southeast Asian
3777,Southeast Asian,Vietnamese,Asian,89.8293,1572.1987,149.8580,65.6748,Southeast Asian
3778,Southeast Asian,Vietnamese,Asian,13.7408,401.3300,46.8138,22.2406,Southeast Asian
3862,Southeast Asian,Filipino,Asian,203.8049,1360.8820,43.5484,44.6852,Southeast Asian
3863,Southeast Asian,Filipino,Asian,402.5570,2660.5400,32.0185,121.3405,Southeast Asian
3864,Southeast Asian,Filipino,Asian,577.1630,3197.9120,19.3007,99.6905,Southeast Asian
3865,Southeast Asian,Filipino,Asian,206.8380,1436.3990,20.0468,62.2270,Southeast Asian
3866,Southeast Asian,Filipino,Asian,91.2981,2134.6724,41.5998,190.5822,Southeast Asian
3867,Southeast Asian,Filipino,Asian,228.1845,1460.8240,53.6828,38.8760,Southeast Asian
3868,Southeast Asian,Filipino,Asian,695.1965,5998.0250,126.1444,322.6644,Southeast Asian
3869,Southeast Asian,Filipino,Asian,166.6349,1075.1040,8.8924,46.1407,Southeast Asian
3870,Southeast Asian,Filipino,Asian,19.6414,676.4880,26.8645,55.8721,Southeast Asian
3871,Southeast Asian,Filipino,Asian,453.5777,2997.4231,54.7431,120.6021,Southeast Asian
3872,Southeast Asian,Filipino,Asian,202.7109,5242.8000,16.2530,507.9476,Southeast Asian
3873,Southeast Asian,Filipino,Asian,417.9367,2411.9726,23.4806,89.2284,Southeast Asian
3874,Southeast Asian,Filipino,Asian,348.7254,2272.2800,18.5610,97.6036,Southeast Asian
3875,Southeast Asian,Filipino,Asian,191.8242,1769.4731,12.1154,114.8394,Southeast Asian
3876,Southeast Asian,Filipino,Asian,20.6540,970.5862,20.7999,95.2911,Southeast Asian
3877,Southeast Asian,Filipino,Asian,132.4211,1117.4160,28.5685,57.7147,Southeast Asian
3878,Southeast Asian,Filipino,Asian,99.9800,475.2583,19.6350,0.4958,Southeast Asian
3879,Southeast Asian,Filipino,Asian,1178.7100,5712.2529,58.9859,89.8511,Southeast Asian
3880,Southeast Asian,Filipino,Asian,223.6433,2360.9000,51.1068,145.7350,Southeast Asian
3881,Southeast Asian,Filipino,Asian,0.0000,0.0000,0.0000,0.0000,Southeast Asian
3882,Southeast Asian,Filipino,Asian,695.3757,4154.8380,62.8043,129.6997,Southeast Asian
3883,Southeast Asian,Filipino,Asian,183.8540,1299.8175,7.6045,64.4466,Southeast Asian
3884,Southeast Asian,Filipino,Asian,425.8366,2811.9002,45.9199,114.3111,Southeast Asian
3885,Southeast Asian,Filipino,Asian,35.9779,273.9420,4.8340,14.4102,Southeast Asian
3886,Southeast Asian,Filipino,Asian,60.9635,7318.0059,281.4683,658.0835,Southeast Asian
3887,Southeast Asian,Filipino,Asian,27.3134,1027.4540,94.3761,58.3960,Southeast Asian
3888,Southeast Asian,Filipino,Asian,106.2233,3522.2067,292.8127,213.8390,Southeast Asian
3889,Southeast Asian,Filipino,Asian,45.9609,855.7545,99.1454,31.6737,Southeast Asian
3890,Southeast Asian,Filipino,Asian,325.6848,2375.7175,99.1340,81.8614,Southeast Asian
3891,Southeast Asian,Filipino,Asian,23.9012,2114.8448,102.2635,182.9944,Southeast Asian
3892,Southeast Asian,Filipino,Asian,58.2184,5847.0280,364.3121,451.6668,Southeast Asian
3893,Southeast Asian,Filipino,Asian,562.4865,4028.4571,153.9533,135.0374,Southeast Asian
3894,Southeast Asian,Filipino,Asian,12.9744,318.7952,3.2143,28.7622,Southeast Asian
3895,Southeast Asian,Filipino,Asian,112.0608,1570.0741,205.8006,37.2463,Southeast Asian
3896,Southeast Asian,Filipino,Asian,73.1514,1510.3471,65.9328,116.7232,Southeast Asian
3897,Southeast Asian,Filipino,Asian,126.7816,1503.9309,103.0636,72.1813,Southeast Asian
3898,Southeast Asian,Filipino,Asian,53.6576,1710.7948,227.6711,64.1311,Southeast Asian
3899,Southeast Asian,Filipino,Asian,60.4882,2671.4600,437.3432,70.2963,Southeast Asian
3900,Southeast Asian,Filipino,Asian,48.3911,2307.1374,128.6900,175.8871,Southeast Asian
3901,Southeast Asian,Filipino,Asian,49.1573,972.7039,98.3484,45.3674,Southeast Asian
3902,Southeast Asian,Filipino,Asian,42.3028,1710.2451,115.7630,121.2829,Southeast Asian
3903,Southeast Asian,Filipino,Asian,95.3886,1401.9211,149.5999,45.0403,Southeast Asian
3904,Southeast Asian,Filipino,Asian,300.2852,3285.4956,216.9888,127.2463,Southeast Asian
3905,Southeast Asian,Filipino,Asian,37.0497,1553.3066,300.7813,8.0412,Southeast Asian
3906,Southeast Asian,Filipino,Asian,87.4449,404.8097,20.1135,2.3988,Southeast Asian
3907,Southeast Asian,Filipino,Asian,14.0640,267.0738,47.9506,1.7688,Southeast Asian
3908,Southeast Asian,Filipino,Asian,188.5421,1036.5421,31.7277,19.5214,Southeast Asian
3909,Southeast Asian,Filipino,Asian,35.7808,1576.0778,108.6867,116.8484,Southeast Asian
3910,Southeast Asian,Filipino,Asian,480.7958,4015.0720,39.8064,222.0824,Southeast Asian
3911,Southeast Asian,Filipino,Asian,414.3632,1608.1800,1.4868,0.3363,Southeast Asian
3912,Southeast Asian,Filipino,Asian,40.5054,2854.4000,162.4491,222.3971,Southeast Asian
3913,Southeast Asian,Filipino,Asian,15.3909,69.2321,2.8305,0.5399,Southeast Asian
3914,Southeast Asian,Filipino,Asian,643.8928,3689.5300,93.0302,81.3430,Southeast Asian
3915,Southeast Asian,Filipino,Asian,386.6103,2747.2700,101.9078,88.7628,Southeast Asian
3916,Southeast Asian,Filipino,Asian,,,,,Southeast Asian
3917,Southeast Asian,Filipino,Asian,212.3176,869.3200,1.1904,0.3072,Southeast Asian
3918,Southeast Asian,Filipino,Asian,216.3040,1627.8240,39.9790,74.3271,Southeast Asian
3919,Southeast Asian,Filipino,Asian,66.6533,727.7900,0.0000,54.5000,Southeast Asian
3920,Southeast Asian,Filipino,Asian,75.1206,483.7400,8.0392,18.9118,Southeast Asian
3921,Southeast Asian,Filipino,Asian,17.9647,1814.0550,72.3669,159.7617,Southeast Asian
3922,Southeast Asian,Filipino,Asian,90.8241,1128.2458,16.8410,88.8936,Southeast Asian
3923,Southeast Asian,Filipino,Asian,39.9386,2908.6385,161.8143,230.6275,Southeast Asian
3924,Southeast Asian,Filipino,Asian,222.7752,893.7800,2.7236,0.4372,Southeast Asian
3925,Southeast Asian,Filipino,Asian,426.4778,2919.9055,78.8598,99.6802,Southeast Asian
3926,Southeast Asian,Filipino,Asian,668.0598,4727.9760,59.9438,218.8463,Southeast Asian
3927,Southeast Asian,Filipino,Asian,21.1515,3709.6495,129.2934,341.9653,Southeast Asian
3928,Southeast Asian,Filipino,Asian,119.0699,2087.8059,99.3004,135.8619,Southeast Asian
3929,Southeast Asian,Filipino,Asian,52.8776,1340.5763,99.9453,77.9229,Southeast Asian
3930,Southeast Asian,Filipino,Asian,12.5975,48.7620,0.0000,0.0000,Southeast Asian
3931,Southeast Asian,Filipino,Asian,47.6238,456.9849,11.9310,28.6164,Southeast Asian
3932,Southeast Asian,Filipino,Asian,595.8452,2954.4615,53.5729,32.1478,Southeast Asian
3933,Southeast Asian,Filipino,Asian,49.8064,296.2443,7.7038,7.9910,Southeast Asian
3934,Southeast Asian,Filipino,Asian,259.4289,1085.9400,10.6004,1.4572,Southeast Asian
3935,Southeast Asian,Filipino,Asian,15.4852,76.6605,3.3867,2.2378,Southeast Asian
3936,Southeast Asian,Filipino,Asian,345.6153,2893.0633,17.3587,174.7795,Southeast Asian
3937,Southeast Asian,Filipino,Asian,604.4145,5209.6511,180.4645,220.3962,Southeast Asian
3938,Southeast Asian,Filipino,Asian,25.3600,2570.4212,110.5577,230.9232,Southeast Asian
3939,Southeast Asian,Filipino,Asian,17.3861,2756.7649,250.0993,175.7385,Southeast Asian
3940,Southeast Asian,Filipino,Asian,235.7320,1663.5862,8.5039,85.7811,Southeast Asian
3941,Southeast Asian,Filipino,Asian,24.3411,2172.4494,456.1318,11.8868,Southeast Asian
3942,Southeast Asian,Filipino,Asian,31.1456,2587.9126,365.1282,104.5465,Southeast Asian
3943,Southeast Asian,Filipino,Asian,79.6234,1419.1147,101.2978,77.3440,Southeast Asian
3944,Southeast Asian,Filipino,Asian,56.8822,292.4510,23.7747,3.0789,Southeast Asian
3945,Southeast Asian,Filipino,Asian,84.3639,15647.8418,291.2030,1563.4902,Southeast Asian
3946,Southeast Asian,Filipino,Asian,44.2751,2798.3018,419.4916,96.5345,Southeast Asian
3947,Southeast Asian,Filipino,Asian,52.1640,1189.8027,104.9738,65.8281,Southeast Asian
3948,Southeast Asian,Filipino,Asian,54.0267,251.1600,6.8250,0.8190,Southeast Asian
3949,Southeast Asian,Filipino,Asian,0.2184,931.4354,84.6238,62.9687,Southeast Asian
3950,Southeast Asian,Filipino,Asian,82.6650,1693.1536,101.4776,115.2611,Southeast Asian
3951,Southeast Asian,Filipino,Asian,31.0651,549.0470,63.9225,19.3780,Southeast Asian
3952,Southeast Asian,Filipino,Asian,11.2001,1799.4386,120.9527,137.5620,Southeast Asian
3953,Southeast Asian,Filipino,Asian,36.2109,6241.8515,162.2581,603.3672,Southeast Asian
3954,Southeast Asian,Filipino,Asian,17.2114,966.3647,92.7416,57.1948,Southeast Asian
3955,Southeast Asian,Filipino,Asian,5.2217,1682.3588,235.9888,69.2734,Southeast Asian
3956,Southeast Asian,Filipino,Asian,22.9726,6425.6910,141.7155,642.7025,Southeast Asian
3957,Southeast Asian,Filipino,Asian,183.1003,3382.3163,253.6711,173.4604,Southeast Asian
3958,Southeast Asian,Filipino,Asian,41.3856,1476.1713,83.8394,107.3550,Southeast Asian
3959,Southeast Asian,Filipino,Asian,7.3739,354.2960,6.0264,30.3673,Southeast Asian
3960,Southeast Asian,Filipino,Asian,74.8935,1505.9480,161.4251,58.9851,Southeast Asian
3961,Southeast Asian,Filipino,Asian,37.1799,1057.1360,93.0759,61.4927,Southeast Asian
3962,Southeast Asian,Filipino,Asian,52.1273,2679.7819,262.3974,151.4363,Southeast Asian
3963,Southeast Asian,Filipino,Asian,4.1347,276.9375,5.3800,27.3784,Southeast Asian
3964,Southeast Asian,Filipino,Asian,86.1377,16222.0420,360.4200,1605.0200,Southeast Asian
3965,Southeast Asian,Filipino,Asian,34.6672,1392.4670,191.8736,51.1719,Southeast Asian
3966,Southeast Asian,Filipino,Asian,22.7099,5322.3499,308.4383,434.4904,Southeast Asian
3967,Southeast Asian,Filipino,Asian,48.3977,2064.8524,17.3534,213.9222,Southeast Asian
3968,Southeast Asian,Filipino,Asian,45.6484,336.4907,12.6674,15.3900,Southeast Asian
3969,Southeast Asian,Filipino,Asian,27.6010,239.3219,4.4890,14.2668,Southeast Asian
3970,Southeast Asian,Filipino,Asian,26.1672,1379.7130,278.8165,11.8691,Southeast Asian
3971,Southeast Asian,Filipino,Asian,30.2181,172.0475,9.7780,3.4382,Southeast Asian
3972,Southeast Asian,Filipino,Asian,8.4895,109.3050,10.5969,0.8168,Southeast Asian
3973,Southeast Asian,Filipino,Asian,23.3973,654.7902,43.4351,43.0233,Southeast Asian
3974,Southeast Asian,Filipino,Asian,193.2593,3233.6268,239.7093,165.7044,Southeast Asian
3975,Southeast Asian,Filipino,Asian,233.9053,1001.2730,23.7100,1.7635,Southeast Asian
3976,Southeast Asian,Filipino,Asian,340.3117,5962.1152,368.9498,350.2464,Southeast Asian
3977,Southeast Asian,Filipino,Asian,104.3273,4230.8511,216.7109,320.5483,Southeast Asian
3978,Southeast Asian,Filipino,Asian,11.4300,2826.0170,116.3482,253.1427,Southeast Asian
3979,Southeast Asian,Filipino,Asian,49.4824,1284.6840,163.4296,41.7223,Southeast Asian
3980,Southeast Asian,Filipino,Asian,108.6958,950.7796,91.1946,15.9579,Southeast Asian
3981,Southeast Asian,Filipino,Asian,339.2960,2911.4499,150.3478,116.3420,Southeast Asian
3982,Southeast Asian,Filipino,Asian,26.3209,461.5600,25.0727,28.7488,Southeast Asian
3983,Southeast Asian,Filipino,Asian,19.1440,690.1400,5.3721,69.2314,Southeast Asian
3984,Southeast Asian,Filipino,Asian,31.0029,1528.6379,304.2845,14.0162,Southeast Asian
3985,Southeast Asian,Filipino,Asian,73.1511,1959.3737,192.6627,97.4020,Southeast Asian
3986,Southeast Asian,Filipino,Asian,70.9352,362.7565,12.3804,6.3570,Southeast Asian
3987,Southeast Asian,Filipino,Asian,15.5468,2679.1092,506.0235,54.1768,Southeast Asian
3988,Southeast Asian,Filipino,Asian,50.8569,5201.7225,102.0927,509.3568,Southeast Asian
3989,Southeast Asian,Filipino,Asian,27.8194,243.5299,4.7926,14.1674,Southeast Asian
3990,Southeast Asian,Filipino,Asian,16.9276,2017.1560,65.2374,186.2675,Southeast Asian
3991,Southeast Asian,Filipino,Asian,36.8716,2514.8103,369.4264,95.0807,Southeast Asian
3992,Southeast Asian,Filipino,Asian,127.6205,3663.0772,248.5097,238.0176,Southeast Asian
3993,Southeast Asian,Filipino,Asian,51.3894,7894.4073,431.6211,651.1244,Southeast Asian
3994,Southeast Asian,Filipino,Asian,3.7108,3540.7685,64.2413,360.7625,Southeast Asian
3995,Southeast Asian,Filipino,Asian,18.7583,318.7896,3.2902,27.4223,Southeast Asian
3996,Southeast Asian,Filipino,Asian,597.2090,3159.6627,85.4676,37.9664,Southeast Asian
3997,Southeast Asian,Filipino,Asian,0.0000,2733.6062,276.0806,172.8564,Southeast Asian
3998,Southeast Asian,Filipino,Asian,53.7522,1146.4219,199.1274,11.3450,Southeast Asian
3999,Southeast Asian,Filipino,Asian,20.1443,859.6083,128.6556,26.7919,Southeast Asian
4000,Southeast Asian,Filipino,Asian,48.5630,4600.8818,187.5768,400.2627,Southeast Asian
4001,Southeast Asian,Filipino,Asian,220.4895,12460.4853,540.7630,1038.1488,Southeast Asian
4002,Southeast Asian,Filipino,Asian,39.3466,1160.6105,143.6090,47.3194,Southeast Asian
4810,Southeast Asian,Malaysian,Asian,59.7236,666.5216,57.9551,22.0911,Southeast Asian
4811,Southeast Asian,Malaysian,Asian,83.3328,1601.7717,135.2048,84.7789,Southeast Asian
4812,Southeast Asian,Malaysian,Asian,56.9137,1624.1962,39.6695,150.2387,Southeast Asian
4813,Southeast Asian,Malaysian,Asian,288.6054,3086.4451,212.8642,128.0625,Southeast Asian
4814,Southeast Asian,Malaysian,Asian,32.6902,1806.1102,188.0703,104.4584,Southeast Asian
4815,Southeast Asian,Malaysian,Asian,97.1219,3922.0961,432.5386,191.8471,Southeast Asian
4816,Southeast Asian,Malaysian,Asian,56.9422,333.3438,11.4983,11.4145,Southeast Asian
4817,Southeast Asian,Malaysian,Asian,196.3707,4849.1475,88.8780,437.3049,Southeast Asian
4818,Southeast Asian,Malaysian,Asian,289.0343,4352.5285,222.9889,274.2890,Southeast Asian
4819,Southeast Asian,Malaysian,Asian,34.9400,1475.6885,40.4157,132.3002,Southeast Asian
4820,Southeast Asian,Malaysian,Asian,152.2463,647.4333,14.0140,0.9690,Southeast Asian
4821,Southeast Asian,Malaysian,Asian,20.8478,1044.0700,3.9173,111.0353,Southeast Asian
4822,Southeast Asian,Malaysian,Asian,121.1838,1944.1790,41.9254,156.6360,Southeast Asian
4823,Southeast Asian,Malaysian,Asian,20.0325,539.6440,15.2496,46.2220,Southeast Asian
4824,Southeast Asian,Malaysian,Asian,75.7878,1757.4586,145.3422,105.1839,Southeast Asian
4825,Southeast Asian,Malaysian,Asian,330.6127,3770.1603,35.5528,269.4563,Southeast Asian
4826,Southeast Asian,Malaysian,Asian,48.1116,3370.1240,619.0971,59.5910,Southeast Asian
4827,Southeast Asian,Malaysian,Asian,302.8504,9919.1314,183.1173,910.6494,Southeast Asian
4828,Southeast Asian,Malaysian,Asian,76.9429,1290.5150,29.1072,104.8420,Southeast Asian
4829,Southeast Asian,Malaysian,Asian,73.8789,1119.6552,193.1131,6.2674,Southeast Asian
4830,Southeast Asian,Malaysian,Asian,11.6334,10589.6085,960.3404,713.5600,Southeast Asian
4831,Southeast Asian,Malaysian,Asian,429.1761,6739.4724,181.0118,511.2182,Southeast Asian
4832,Southeast Asian,Malaysian,Asian,6.4986,153.4017,4.7456,13.3609,Southeast Asian
4833,Southeast Asian,Malaysian,Asian,117.7045,2320.3520,112.7369,168.9334,Southeast Asian
4834,Southeast Asian,Malaysian,Asian,3.7360,1895.1600,0.4400,218.0400,Southeast Asian
4835,Southeast Asian,Malaysian,Asian,41.0890,1132.0483,78.2391,75.0057,Southeast Asian
4836,Southeast Asian,Malaysian,Asian,442.9632,3195.4732,141.0028,102.5993,Southeast Asian
4837,Southeast Asian,Malaysian,Asian,84.7476,1625.0936,128.8429,86.1734,Southeast Asian
4838,Southeast Asian,Malaysian,Asian,2.2025,10.0000,0.4675,0.1100,Southeast Asian
4839,Southeast Asian,Malaysian,Asian,23.6974,993.0960,182.2584,14.1414,Southeast Asian
4840,Southeast Asian,Malaysian,Asian,128.9292,1233.6800,13.7410,83.7250,Southeast Asian
4841,Southeast Asian,Malaysian,Asian,73.3164,491.1800,15.3720,15.9576,Southeast Asian
4842,Southeast Asian,Malaysian,Asian,97.4408,17373.5582,364.2721,1734.3556,Southeast Asian
4843,Southeast Asian,Malaysian,Asian,108.6043,2289.0299,307.7428,62.4147,Southeast Asian
4844,Southeast Asian,Malaysian,Asian,93.2057,2338.2020,123.3356,183.4421,Southeast Asian
4845,Southeast Asian,Malaysian,Asian,21.4360,1787.0685,273.4861,63.3511,Southeast Asian
4846,Southeast Asian,Malaysian,Asian,48.5253,429.6442,3.0010,27.7856,Southeast Asian
4847,Southeast Asian,Malaysian,Asian,173.1424,1725.8931,85.1436,73.9313,Southeast Asian
59670,Southeast Asian,Indonesian,Asian,211.7583,1983.7285,46.7077,113.8212,Southeast Asian
59671,Southeast Asian,Indonesian,Asian,50.1558,430.5235,22.8011,15.7235,Southeast Asian
59672,Southeast Asian,Indonesian,Asian,222.6260,2010.4800,29.7300,118.3050,Southeast Asian
59673,Southeast Asian,Indonesian,Asian,149.7247,964.3100,16.9874,34.6255,Southeast Asian
59674,Southeast Asian,Indonesian,Asian,293.5767,2530.9244,153.1691,99.6958,Southeast Asian
59675,Southeast Asian,Indonesian,Asian,,,,,Southeast Asian
59676,Southeast Asian,Indonesian,Asian,99.4158,2296.1254,25.8582,215.9498,Southeast Asian
59677,Southeast Asian,Indonesian,Asian,357.5870,1514.3760,17.8134,17.0465,Southeast Asian
59678,Southeast Asian,Indonesian,Asian,2010.9098,82897.5680,833.9661,8583.9238,Southeast Asian
59679,Southeast Asian,Indonesian,Asian,1544.8567,34396.9050,1127.7996,2877.0528,Southeast Asian
59680,Southeast Asian,Indonesian,Asian,8.8166,637.8282,5.7149,67.1446,Southeast Asian
59681,Southeast Asian,Indonesian,Asian,225.8154,2035.2900,18.0312,115.5349,Southeast Asian
59682,Southeast Asian,Indonesian,Asian,210.0469,1329.2540,43.4710,38.6158,Southeast Asian
59683,Southeast Asian,Indonesian,Asian,56.0955,475.1827,8.3029,28.0901,Southeast Asian
59684,Southeast Asian,Indonesian,Asian,4.9084,44.5783,6.0186,0.3132,Southeast Asian
59685,Southeast Asian,Indonesian,Asian,251.9950,1007.4750,0.0000,0.0000,Southeast Asian
59686,Southeast Asian,Indonesian,Asian,503.1073,429077.4637,15874.7100,39803.4402,Southeast Asian
59687,Southeast Asian,Indonesian,Asian,176.3033,1158.8132,28.3357,42.6470,Southeast Asian
59688,Southeast Asian,Indonesian,Asian,53.7472,835.6020,9.1409,72.2030,Southeast Asian
59689,Southeast Asian,Indonesian,Asian,871.2451,165589.7248,31462.8345,3958.1799,Southeast Asian
59690,Southeast Asian,Indonesian,Asian,1355.9637,6300.1701,205.2894,63.3649,Southeast Asian
59691,Southeast Asian,Indonesian,Asian,39.5741,432.3937,14.5062,27.2324,Southeast Asian
59692,Southeast Asian,Indonesian,Asian,31.8587,4173.9642,410.5280,260.7751,Southeast Asian
59693,Southeast Asian,Indonesian,Asian,406.0880,3567.2438,105.7361,177.0888,Southeast Asian
59694,Southeast Asian,Indonesian,Asian,95.0209,720.3903,14.8449,33.1335,Southeast Asian
59695,Southeast Asian,Indonesian,Asian,798.8002,355379.4185,47163.2488,16743.6801,Southeast Asian
59696,Southeast Asian,Indonesian,Asian,273.9923,1721.2462,64.7832,55.3581,Southeast Asian
59697,Southeast Asian,Indonesian,Asian,138.4928,1191.5940,35.3624,58.2102,Southeast Asian
59698,Southeast Asian,Indonesian,Asian,14180.4013,366523.9000,11308.8050,32419.8325,Southeast Asian
59699,Southeast Asian,Indonesian,Asian,23.3758,138.1728,4.7157,3.0295,Southeast Asian
59700,Southeast Asian,Indonesian,Asian,2.9754,13.4100,0.5724,0.0450,Southeast Asian
59701,Southeast Asian,Indonesian,Asian,24.5152,1107.9476,93.1347,70.5247,Southeast Asian
59702,Southeast Asian,Indonesian,Asian,619.0929,4349.8130,79.5929,182.9103,Southeast Asian
59703,Southeast Asian,Indonesian,Asian,30.1210,132.2576,3.6680,0.8025,Southeast Asian
59704,Southeast Asian,Indonesian,Asian,33.5668,2107.6062,283.0585,87.0003,Southeast Asian
59705,Southeast Asian,Indonesian,Asian,58558.3492,720739.1880,7716.7375,54624.5500,Southeast Asian
59706,Southeast Asian,Indonesian,Asian,307.7856,1595.1300,45.8238,27.6621,Southeast Asian
59707,Southeast Asian,Indonesian,Asian,454.0105,2870.6873,63.5270,92.7644,Southeast Asian
59708,Southeast Asian,Indonesian,Asian,32.6230,812.2750,36.9940,66.7591,Southeast Asian
59709,Southeast Asian,Indonesian,Asian,2.9483,78.2446,0.1984,0.0567,Southeast Asian
59710,Southeast Asian,Indonesian,Asian,2.5858,512.4984,1.6207,56.1936,Southeast Asian
59711,Southeast Asian,Indonesian,Asian,955.2394,5821.7386,155.0207,153.7842,Southeast Asian
59712,Southeast Asian,Indonesian,Asian,173.3219,266283.3195,52318.8158,6137.0916,Southeast Asian
59713,Southeast Asian,Indonesian,Asian,37.9195,611.4400,4.9925,51.4904,Southeast Asian
59714,Southeast Asian,Indonesian,Asian,0.0000,2118.0683,105.1962,186.3204,Southeast Asian
59715,Southeast Asian,Indonesian,Asian,96.7856,591.0500,9.3610,18.6734,Southeast Asian
59716,Southeast Asian,Indonesian,Asian,186.0524,1059.1567,21.2494,35.1456,Southeast Asian
59717,Southeast Asian,Indonesian,Asian,21.4945,231.9025,3.0007,13.3803,Southeast Asian
59718,Southeast Asian,Indonesian,Asian,18814.7943,130785.8529,3924.8633,4450.9657,Southeast Asian
59719,Southeast Asian,Indonesian,Asian,6.1549,158.5377,2.6377,14.2112,Southeast Asian
59720,Southeast Asian,Indonesian,Asian,2909.5102,12510.4912,411.5677,65.8928,Southeast Asian
59721,Southeast Asian,Indonesian,Asian,6791.2108,471901.9145,26413.3826,39126.5703,Southeast Asian
59722,Southeast Asian,Indonesian,Asian,200.7738,778.8440,7.7172,2.3364,Southeast Asian
59723,Southeast Asian,Indonesian,Asian,600.0000,2428.7856,0.0000,0.0000,Southeast Asian
59724,Southeast Asian,Indonesian,Asian,164.7603,744.1050,20.9478,1.4685,Southeast Asian
59725,Southeast Asian,Indonesian,Asian,133.7625,4036.2837,202.9657,319.9048,Southeast Asian
59726,Southeast Asian,Indonesian,Asian,81.9135,349.3812,12.0635,0.4906,Southeast Asian
59727,Southeast Asian,Indonesian,Asian,6667.3833,320173.3260,3713.6120,33447.1484,Southeast Asian
59728,Southeast Asian,Indonesian,Asian,918.4166,16856.1600,523.7468,1352.3854,Southeast Asian
59729,Southeast Asian,Indonesian,Asian,87.0323,868.7350,11.1452,55.0994,Southeast Asian
59730,Southeast Asian,Indonesian,Asian,45.9657,801.0062,45.3714,52.1055,Southeast Asian
59731,Southeast Asian,Indonesian,Asian,151.0087,1118.9667,33.4873,43.6663,Southeast Asian
59732,Southeast Asian,Indonesian,Asian,77.1820,311.8500,4.1885,1.2385,Southeast Asian
59733,Southeast Asian,Indonesian,Asian,87.8000,531.2845,5.7304,21.8458,Southeast Asian
59734,Southeast Asian,Indonesian,Asian,19011.0776,87488.3398,1514.2501,361.6147,Southeast Asian
59735,Southeast Asian,Indonesian,Asian,3154.1206,99754.0914,5514.4742,8108.5853,Southeast Asian
59736,Southeast Asian,Indonesian,Asian,37.3576,387.3400,5.2556,25.6491,Southeast Asian
59737,Southeast Asian,Indonesian,Asian,148.3459,878.0829,70.8527,4.1382,Southeast Asian
59738,Southeast Asian,Indonesian,Asian,550.0297,3123.1075,57.9703,80.4206,Southeast Asian
59739,Southeast Asian,Indonesian,Asian,25.5638,462.7294,1.7206,40.7441,Southeast Asian
59740,Southeast Asian,Indonesian,Asian,13.2960,552.0000,5.4960,57.2160,Southeast Asian
59741,Southeast Asian,Indonesian,Asian,84.6684,598.7840,12.5808,27.8750,Southeast Asian
59742,Southeast Asian,Indonesian,Asian,98.3120,15385.4720,269.7138,1577.3606,Southeast Asian
59743,Southeast Asian,Indonesian,Asian,172.9619,1596.2912,16.3285,99.3165,Southeast Asian
59744,Southeast Asian,Indonesian,Asian,366.8102,3109.4510,107.9768,155.3429,Southeast Asian
59745,Southeast Asian,Indonesian,Asian,768.4080,121414.9633,14566.8859,6360.3897,Southeast Asian
59746,Southeast Asian,Indonesian,Asian,43.6062,188.9140,1.8664,0.4216,Southeast Asian
59747,Southeast Asian,Indonesian,Asian,27.3546,2245.3779,201.0333,143.9358,Southeast Asian
59748,Southeast Asian,Indonesian,Asian,225.9879,1253.5116,28.3117,37.5270,Southeast Asian
59749,Southeast Asian,Indonesian,Asian,2428.9074,83201.5719,3804.8194,7191.3550,Southeast Asian
59750,Southeast Asian,Indonesian,Asian,3451.7086,172008.8473,19712.0454,8528.1767,Southeast Asian
59751,Southeast Asian,Indonesian,Asian,51.6113,6465.2563,759.7080,336.7649,Southeast Asian
59752,Southeast Asian,Indonesian,Asian,29.3979,842.3398,64.4079,47.8333,Southeast Asian
59753,Southeast Asian,Indonesian,Asian,8734.0700,359227.5000,3580.2750,37192.7800,Southeast Asian
59754,Southeast Asian,Indonesian,Asian,140.2413,6226.0394,739.8144,371.5223,Southeast Asian
59755,Southeast Asian,Indonesian,Asian,84.5532,340.0800,2.3860,0.5464,Southeast Asian
59756,Southeast Asian,Indonesian,Asian,43.5958,5139.8141,303.7652,414.1715,Southeast Asian
59757,Southeast Asian,Indonesian,Asian,15.4431,824.4326,93.2486,43.6164,Southeast Asian
59758,Southeast Asian,Indonesian,Asian,2767.7092,110907.7474,1126.3594,11447.6604,Southeast Asian
59759,Southeast Asian,Indonesian,Asian,28.8526,710.4455,21.5280,62.1538,Southeast Asian
59760,Southeast Asian,Indonesian,Asian,10112.6808,41977.7619,39.8545,162.7481,Southeast Asian
59761,Southeast Asian,Indonesian,Asian,11.6632,148.8400,7.6860,7.9788,Southeast Asian
59762,Southeast Asian,Indonesian,Asian,110.7626,499.6740,4.3747,1.4365,Southeast Asian
59763,Southeast Asian,Indonesian,Asian,14.4587,435.6505,18.0654,35.2824,Southeast Asian
59764,Southeast Asian,Indonesian,Asian,57.0809,240.1020,5.9064,0.5981,Southeast Asian
59765,Southeast Asian,Indonesian,Asian,494.2350,7502.1008,276.0167,517.1437,Southeast Asian
59766,Southeast Asian,Indonesian,Asian,174.1796,1488.0910,35.2381,78.5987,Southeast Asian
59767,Southeast Asian,Indonesian,Asian,23.9400,1188.0000,13.0680,124.8480,Southeast Asian
59768,Southeast Asian,Indonesian,Asian,213.1828,1130.7250,39.1910,24.2764,Southeast Asian
59769,Southeast Asian,Indonesian,Asian,67.2993,294.8740,5.0380,1.3084,Southeast Asian
59770,Southeast Asian,Indonesian,Asian,55.0464,716.8200,16.9536,49.8032,Southeast Asian
59771,Southeast Asian,Indonesian,Asian,72.8617,1637.7705,91.9477,114.7029,Southeast Asian
59772,Southeast Asian,Indonesian,Asian,53.0285,367.1067,12.0883,14.5238,Southeast Asian
59773,Southeast Asian,Indonesian,Asian,22.1721,2392.4518,262.4572,143.5881,Southeast Asian
59774,Southeast Asian,Indonesian,Asian,9927.5640,87269.9625,600.4894,5354.0235,Southeast Asian
59775,Southeast Asian,Indonesian,Asian,132.7070,817.4643,19.9846,29.4899,Southeast Asian
59776,Southeast Asian,Indonesian,Asian,144.9104,739.9957,18.5308,10.4642,Southeast Asian
59777,Southeast Asian,Indonesian,Asian,169.8305,1372.9253,25.7841,71.7845,Southeast Asian
59778,Southeast Asian,Indonesian,Asian,274.9462,1670.3320,84.6549,35.5756,Southeast Asian
59779,Southeast Asian,Indonesian,Asian,45857.6913,691927.8960,9700.1725,56460.5325,Southeast Asian
59780,Southeast Asian,Indonesian,Asian,168.1182,1959.9490,63.2140,128.9254,Southeast Asian
59781,Southeast Asian,Indonesian,Asian,26.5920,1104.0000,10.9920,114.4320,Southeast Asian
59782,Southeast Asian,Indonesian,Asian,49.0108,314.7539,3.5659,14.0593,Southeast Asian
59783,Southeast Asian,Indonesian,Asian,30.1754,118.5115,0.1334,0.0915,Southeast Asian
59784,Southeast Asian,Indonesian,Asian,233.2972,1363.3400,34.4620,44.5038,Southeast Asian
59785,Southeast Asian,Indonesian,Asian,219.2802,5678.9817,165.7377,500.3327,Southeast Asian
59786,Southeast Asian,Indonesian,Asian,71.5061,348.3100,5.0817,7.8210,Southeast Asian
59787,Southeast Asian,Indonesian,Asian,275.9378,1177.9165,40.1270,1.6212,Southeast Asian
59788,Southeast Asian,Indonesian,Asian,73.5839,1707.4080,109.3543,118.8039,Southeast Asian
59789,Southeast Asian,Indonesian,Asian,368.3591,2357.0216,164.0411,23.2857,Southeast Asian
59790,Southeast Asian,Indonesian,Asian,204.0303,3112.4573,119.4864,229.1516,Southeast Asian
59791,Southeast Asian,Indonesian,Asian,20168.4239,80632.9812,1.4155,0.2394,Southeast Asian
59792,Southeast Asian,Indonesian,Asian,55.2680,1885.1731,216.9982,93.2999,Southeast Asian
59793,Southeast Asian,Indonesian,Asian,26037.4050,128869.6000,4258.1500,586.3050,Southeast Asian
59794,Southeast Asian,Indonesian,Asian,63.1296,251.8550,1.3651,0.2464,Southeast Asian
59795,Southeast Asian,Indonesian,Asian,216.8625,5940.9123,133.0802,535.0763,Southeast Asian
59796,Southeast Asian,Indonesian,Asian,71.9870,16964.1767,359.8504,1699.7623,Southeast Asian
59797,Southeast Asian,Indonesian,Asian,140.2575,842.6700,33.2366,15.6298,Southeast Asian
59798,Southeast Asian,Indonesian,Asian,46.8490,1167.7463,134.6926,47.2026,Southeast Asian
59799,Southeast Asian,Indonesian,Asian,112.0988,944.2484,98.5908,3.3785,Southeast Asian
59800,Southeast Asian,Indonesian,Asian,26.4709,443.6128,1.2675,38.3743,Southeast Asian
59801,Southeast Asian,Indonesian,Asian,109.5404,779.6090,14.8220,32.7447,Southeast Asian
59802,Southeast Asian,Indonesian,Asian,309.3720,2218.8736,3.3710,112.7738,Southeast Asian
59803,Southeast Asian,Indonesian,Asian,678.6648,3966.9113,167.3562,73.4223,Southeast Asian
59804,Southeast Asian,Indonesian,Asian,9.6253,2038.5190,46.0740,201.5740,Southeast Asian
59805,Southeast Asian,Indonesian,Asian,106.1401,664.1916,7.2793,29.8291,Southeast Asian
59806,Southeast Asian,Indonesian,Asian,126.5490,1281.4338,66.7687,59.2713,Southeast Asian
59807,Southeast Asian,Indonesian,Asian,33.5229,591.9484,21.2489,46.3326,Southeast Asian
59808,Southeast Asian,Indonesian,Asian,18.1927,1760.4896,192.3537,97.7541,Southeast Asian
59809,Southeast Asian,Indonesian,Asian,12373.0201,232441.0848,9431.2907,18011.2708,Southeast Asian
59810,Southeast Asian,Indonesian,Asian,508.6474,2819.2418,77.1793,48.8745,Southeast Asian
59811,Southeast Asian,Indonesian,Asian,3.5666,13.7233,0.3537,0.0750,Southeast Asian
59812,Southeast Asian,Indonesian,Asian,116.4357,673.6820,32.4591,17.5827,Southeast Asian
59813,Southeast Asian,Indonesian,Asian,52987.9007,253782.3880,5350.6703,1943.8647,Southeast Asian
59814,Southeast Asian,Indonesian,Asian,110.6485,2285.6670,76.1843,186.0278,Southeast Asian
59815,Southeast Asian,Indonesian,Asian,177.8340,704.7450,2.2905,0.5892,Southeast Asian
59816,Southeast Asian,Indonesian,Asian,19.4222,673.1937,112.1362,17.3430,Southeast Asian
59817,Southeast Asian,Indonesian,Asian,25.2767,565.4985,2.1600,51.1548,Southeast Asian
59818,Southeast Asian,Indonesian,Asian,23.9208,538.1640,9.3851,46.3191,Southeast Asian
59819,Southeast Asian,Indonesian,Asian,17994.2569,237420.9000,1867.8316,18909.1170,Southeast Asian
59820,Southeast Asian,Indonesian,Asian,37.0286,4167.0731,412.3586,259.6122,Southeast Asian
59821,Southeast Asian,Indonesian,Asian,10.9018,56.1555,1.9900,1.6633,Southeast Asian
59822,Southeast Asian,Indonesian,Asian,167.4338,7460.3932,340.9961,644.6058,Southeast Asian
59823,Southeast Asian,Indonesian,Asian,37.7057,1614.0463,167.7819,94.9272,Southeast Asian
59824,Southeast Asian,Indonesian,Asian,113.9578,1031.1315,36.2076,48.6599,Southeast Asian
59825,Southeast Asian,Indonesian,Asian,196.2012,3468.2840,100.4260,275.6878,Southeast Asian
59826,Southeast Asian,Indonesian,Asian,45.7510,2681.5070,317.2754,132.2061,Southeast Asian
59827,Southeast Asian,Indonesian,Asian,56.1436,441.5070,15.3898,20.6614,Southeast Asian
59828,Southeast Asian,Indonesian,Asian,116.8279,1533.0228,46.7031,107.4631,Southeast Asian
59829,Southeast Asian,Indonesian,Asian,2376.7658,30353.3295,1614.4815,1607.3000,Southeast Asian
59830,Southeast Asian,Indonesian,Asian,30.2955,1091.5501,117.6235,55.1273,Southeast Asian
59831,Southeast Asian,Indonesian,Asian,63.3550,923.1425,39.0288,65.1570,Southeast Asian
59832,Southeast Asian,Indonesian,Asian,31.0376,1149.2708,35.6051,107.0589,Southeast Asian
59833,Southeast Asian,Indonesian,Asian,9.7444,43.6282,1.3246,0.1738,Southeast Asian
59834,Southeast Asian,Indonesian,Asian,36.6814,528.5670,26.8762,34.6526,Southeast Asian
59835,Southeast Asian,Indonesian,Asian,238.5093,1548.1228,91.6337,32.6742,Southeast Asian
59836,Southeast Asian,Indonesian,Asian,84.6557,1079.8400,81.7948,50.0454,Southeast Asian
59837,Southeast Asian,Indonesian,Asian,163.1611,1415.7456,109.4034,36.1790,Southeast Asian
59838,Southeast Asian,Indonesian,Asian,33.7347,1823.9565,204.4221,95.9903,Southeast Asian
59839,Southeast Asian,Indonesian,Asian,69.7086,339.8950,23.0498,3.8204,Southeast Asian
59840,Southeast Asian,Indonesian,Asian,3.0863,266.1440,0.8469,28.9657,Southeast Asian
59841,Southeast Asian,Indonesian,Asian,265.4044,1242.6865,46.9041,12.4638,Southeast Asian
59842,Southeast Asian,Indonesian,Asian,8.0190,194.9800,7.9850,16.2610,Southeast Asian
59843,Southeast Asian,Indonesian,Asian,265.6439,9683.5888,167.7997,902.6325,Southeast Asian
59844,Southeast Asian,Indonesian,Asian,52.3535,2014.4641,196.5945,118.9073,Southeast Asian
59845,Southeast Asian,Indonesian,Asian,37.7079,862.8444,33.0481,69.0438,Southeast Asian
59846,Southeast Asian,Indonesian,Asian,20.5413,726.2360,43.3131,56.1313,Southeast Asian
59847,Southeast Asian,Indonesian,Asian,147.2664,1470.4180,46.2450,88.8816,Southeast Asian
59848,Southeast Asian,Indonesian,Asian,95.1794,6007.3753,593.2183,356.9801,Southeast Asian
59849,Southeast Asian,Indonesian,Asian,112.7141,1060.1789,75.5346,39.2994,Southeast Asian
59850,Southeast Asian,Indonesian,Asian,15.8768,1067.5814,142.8881,46.0890,Southeast Asian
59851,Southeast Asian,Indonesian,Asian,123.6234,1485.8804,105.9736,66.6518,Southeast Asian
59852,Southeast Asian,Indonesian,Asian,36.6404,739.6693,22.4818,62.2456,Southeast Asian
59853,Southeast Asian,Indonesian,Asian,26.2028,735.8854,24.5925,64.1440,Southeast Asian
59854,Southeast Asian,Indonesian,Asian,26.8391,118.0690,4.7784,0.6797,Southeast Asian
59855,Southeast Asian,Indonesian,Asian,24.1099,4514.5075,61.5317,473.4686,Southeast Asian
59856,Southeast Asian,Indonesian,Asian,3377.7897,139537.7775,1500.2813,14397.0395,Southeast Asian
59857,Southeast Asian,Indonesian,Asian,26.9728,2100.9254,171.2612,147.7487,Southeast Asian
59858,Southeast Asian,Indonesian,Asian,343.3391,1914.0440,64.1334,33.0314,Southeast Asian
59859,Southeast Asian,Indonesian,Asian,4.7206,10441.7350,956.1837,701.5553,Southeast Asian
59860,Southeast Asian,Indonesian,Asian,29.3767,1058.8902,20.2915,103.8175,Southeast Asian
59861,Southeast Asian,Indonesian,Asian,47.8293,930.2124,76.5474,49.5004,Southeast Asian
59862,Southeast Asian,Indonesian,Asian,36.1228,4242.6054,388.6940,279.3029,Southeast Asian
59863,Southeast Asian,Indonesian,Asian,35.0318,625.5818,10.4280,52.8756,Southeast Asian
59864,Southeast Asian,Indonesian,Asian,32.1932,5182.3180,573.4634,292.9501,Southeast Asian
59865,Southeast Asian,Indonesian,Asian,81.4239,1158.6380,184.5075,7.0580,Southeast Asian
59866,Southeast Asian,Indonesian,Asian,89.5163,1852.6120,43.6245,161.2527,Southeast Asian
59867,Southeast Asian,Indonesian,Asian,9.9387,598.2570,98.4191,16.5197,Southeast Asian
59868,Southeast Asian,Indonesian,Asian,1.6742,2522.5511,141.4109,212.2154,Southeast Asian
59869,Southeast Asian,Indonesian,Asian,28.7646,1054.8010,29.5703,99.6961,Southeast Asian
59870,Southeast Asian,Indonesian,Asian,27.1283,596.4718,21.3406,49.6289,Southeast Asian
59871,Southeast Asian,Indonesian,Asian,61.2606,1794.8870,171.7960,102.0414,Southeast Asian
59872,Southeast Asian,Indonesian,Asian,220.2969,2849.6894,216.1959,132.0806,Southeast Asian
59873,Southeast Asian,Indonesian,Asian,89.0930,937.0148,64.2508,38.8248,Southeast Asian
59874,Southeast Asian,Indonesian,Asian,73.3666,1685.9392,113.9718,108.3381,Southeast Asian
59875,Southeast Asian,Indonesian,Asian,18.5956,996.8900,12.3590,102.6300,Southeast Asian
59876,Southeast Asian,Indonesian,Asian,47.6279,2234.8275,367.6718,57.7792,Southeast Asian
59877,Southeast Asian,Indonesian,Asian,50.1784,16304.4465,353.3147,1634.8789,Southeast Asian
59878,Southeast Asian,Indonesian,Asian,114.2609,787.5937,61.3480,12.4870,Southeast Asian
59879,Southeast Asian,Indonesian,Asian,1999.8342,16606.2567,1798.3919,546.2585,Southeast Asian
59880,Southeast Asian,Indonesian,Asian,68.3303,2461.4799,216.3044,156.4114,Southeast Asian
59881,Southeast Asian,Indonesian,Asian,9.3768,56.4975,1.8772,1.3122,Southeast Asian
59882,Southeast Asian,Indonesian,Asian,66.2488,28456.8509,4162.3896,1294.1186,Southeast Asian
59883,Southeast Asian,Indonesian,Asian,31.0952,134.3793,5.2239,0.9186,Southeast Asian
59884,Southeast Asian,Indonesian,Asian,125.1035,1367.7697,105.7655,62.2213,Southeast Asian
59885,Southeast Asian,Indonesian,Asian,36.9158,1771.0220,100.3859,138.2203,Southeast Asian
59886,Southeast Asian,Indonesian,Asian,127.2209,1433.4900,73.2674,81.9506,Southeast Asian
59887,Southeast Asian,Indonesian,Asian,8426.0108,164836.2720,6715.9346,13011.9819,Southeast Asian
59888,Southeast Asian,Indonesian,Asian,16.5348,883.3642,183.6968,5.0361,Southeast Asian
59889,Southeast Asian,Indonesian,Asian,55.2796,987.0667,74.6460,52.3819,Southeast Asian
59890,Southeast Asian,Indonesian,Asian,734.3244,4465.1940,113.4848,115.6549,Southeast Asian
59891,Southeast Asian,Indonesian,Asian,303.8830,1307.2521,22.8261,3.4468,Southeast Asian
59892,Southeast Asian,Indonesian,Asian,44.6909,1859.5181,140.2494,133.3605,Southeast Asian
59893,Southeast Asian,Indonesian,Asian,469.9760,2737.7196,84.0861,60.3185,Southeast Asian
59894,Southeast Asian,Indonesian,Asian,232.4279,2006.1619,170.0201,35.8618,Southeast Asian
59895,Southeast Asian,Indonesian,Asian,26.1224,2124.4376,209.4916,130.8238,Southeast Asian
59896,Southeast Asian,Indonesian,Asian,3916.4228,28266.7279,2271.5546,865.7599,Southeast Asian
59897,Southeast Asian,Indonesian,Asian,2187.4471,12838.8008,685.8412,326.9464,Southeast Asian
59898,Southeast Asian,Indonesian,Asian,83.9838,1337.7195,17.2443,113.9133,Southeast Asian
59899,Southeast Asian,Indonesian,Asian,76.8228,1302.5578,16.1351,113.3847,Southeast Asian
59900,Southeast Asian,Indonesian,Asian,15.9274,90.5305,6.9188,2.9244,Southeast Asian
59901,Southeast Asian,Indonesian,Asian,55.2078,1989.4897,203.5647,103.4494,Southeast Asian
59902,Southeast Asian,Indonesian,Asian,,,,,Southeast Asian
59903,Southeast Asian,Indonesian,Asian,13963.2509,433057.6411,4872.0551,43213.4677,Southeast Asian
59904,Southeast Asian,Indonesian,Asian,32.4885,1174.4854,86.2817,86.4262,Southeast Asian
59905,Southeast Asian,Indonesian,Asian,2.4512,2260.1400,72.5394,216.0480,Southeast Asian
59906,Southeast Asian,Indonesian,Asian,90.8019,2679.4459,167.7313,181.8544,Southeast Asian
59907,Southeast Asian,Indonesian,Asian,30.6581,2680.0844,281.8758,163.4455,Southeast Asian
59908,Southeast Asian,Indonesian,Asian,16.8112,482.6560,18.2867,41.5164,Southeast Asian
59909,Southeast Asian,Indonesian,Asian,14.7208,960.8020,91.2110,57.2095,Southeast Asian
59910,Southeast Asian,Indonesian,Asian,528.2501,2654.7252,141.9142,9.1507,Southeast Asian
59911,Southeast Asian,Indonesian,Asian,114.5389,1014.6180,68.8302,30.3205,Southeast Asian
59912,Southeast Asian,Indonesian,Asian,6655.9716,276038.2190,2749.2611,28608.5964,Southeast Asian
59913,Southeast Asian,Indonesian,Asian,46.3984,894.5242,114.9035,28.1255,Southeast Asian
59914,Southeast Asian,Indonesian,Asian,183.2485,3456.4256,52.3140,298.7590,Southeast Asian
59915,Southeast Asian,Indonesian,Asian,90.1802,728.1800,13.9623,39.7791,Southeast Asian
59916,Southeast Asian,Indonesian,Asian,39.5044,540.1550,34.2808,28.9810,Southeast Asian
59917,Southeast Asian,Indonesian,Asian,22.6936,379.4310,12.2482,30.3732,Southeast Asian
59918,Southeast Asian,Indonesian,Asian,44.9835,4510.7200,77.9166,456.4733,Southeast Asian
59919,Southeast Asian,Indonesian,Asian,12.3680,1059.9284,183.0520,31.8060,Southeast Asian
59920,Southeast Asian,Indonesian,Asian,173.8175,3140.9422,105.6681,238.4605,Southeast Asian
59921,Southeast Asian,Indonesian,Asian,12.5236,179.8340,3.0081,13.8374,Southeast Asian
59922,Southeast Asian,Indonesian,Asian,38.6791,652.1970,9.1562,56.3451,Southeast Asian
59923,Southeast Asian,Indonesian,Asian,11.2831,300.7935,3.6246,29.7048,Southeast Asian
59924,Southeast Asian,Indonesian,Asian,36.3942,537.1450,18.0163,39.8325,Southeast Asian
59925,Southeast Asian,Indonesian,Asian,35.8954,2660.1506,142.7359,212.6866,Southeast Asian
59926,Southeast Asian,Indonesian,Asian,279.3807,3257.6460,325.8569,84.8991,Southeast Asian
59927,Southeast Asian,Indonesian,Asian,83157.2990,411055.6067,13473.5792,2678.3248,Southeast Asian
59928,Southeast Asian,Indonesian,Asian,16.1467,1684.6836,361.4161,10.1501,Southeast Asian
59929,Southeast Asian,Indonesian,Asian,65.4389,3332.6384,257.5591,235.9710,Southeast Asian
59930,Southeast Asian,Indonesian,Asian,773.5507,11227.9816,666.0452,612.7103,Southeast Asian
59931,Southeast Asian,Indonesian,Asian,26.5920,1104.0000,10.9920,114.4320,Southeast Asian
59932,Southeast Asian,Indonesian,Asian,36.9886,2115.1029,278.9743,93.6940,Southeast Asian
59933,Southeast Asian,Indonesian,Asian,68.6883,1085.7575,14.7457,90.0693,Southeast Asian
59934,Southeast Asian,Indonesian,Asian,50.1902,1288.0030,16.6607,123.8699,Southeast Asian
59935,Southeast Asian,Indonesian,Asian,362.6471,3161.0282,91.5765,158.0119,Southeast Asian
59936,Southeast Asian,Indonesian,Asian,152.9216,1752.0160,170.0125,52.6093,Southeast Asian
59937,Southeast Asian,Indonesian,Asian,22.2135,352.6553,3.5024,28.4859,Southeast Asian
59938,Southeast Asian,Indonesian,Asian,34.3737,1091.9410,23.9162,103.3778,Southeast Asian
59939,Southeast Asian,Indonesian,Asian,45.9920,1030.7177,188.1728,6.4031,Southeast Asian
59940,Southeast Asian,Indonesian,Asian,44.6145,773.2809,112.2186,14.9878,Southeast Asian
59941,Southeast Asian,Indonesian,Asian,24.2687,1664.6405,60.5779,148.0939,Southeast Asian
59942,Southeast Asian,Indonesian,Asian,912.3086,3679.2550,17.4137,5.5283,Southeast Asian
59943,Southeast Asian,Indonesian,Asian,119.8471,1794.9208,68.2009,129.3232,Southeast Asian
59944,Southeast Asian,Indonesian,Asian,44.6931,1483.8070,84.9279,105.5630,Southeast Asian
59945,Southeast Asian,Indonesian,Asian,610.3906,2943.7720,54.6391,23.4543,Southeast Asian
59946,Southeast Asian,Indonesian,Asian,3.7640,1820.2524,192.0358,111.3309,Southeast Asian
59947,Southeast Asian,Indonesian,Asian,88.2667,2008.2967,97.3479,157.1521,Southeast Asian
59948,Southeast Asian,Indonesian,Asian,20.9346,283.6452,8.7065,20.2731,Southeast Asian
59949,Southeast Asian,Indonesian,Asian,23.0633,4365.1992,217.6810,374.5114,Southeast Asian
59950,Southeast Asian,Indonesian,Asian,652.1068,5672.5711,241.9605,247.4941,Southeast Asian
59951,Southeast Asian,Indonesian,Asian,17.1405,3299.4994,290.4030,224.3561,Southeast Asian
59952,Southeast Asian,Indonesian,Asian,355.7084,1470.0700,9.0262,5.3159,Southeast Asian
59953,Southeast Asian,Indonesian,Asian,40.5018,161.2415,0.9075,1.0917,Southeast Asian
59954,Southeast Asian,Indonesian,Asian,102.0219,1627.1098,115.9899,89.0747,Southeast Asian
59955,Southeast Asian,Indonesian,Asian,7989.4026,396670.2036,4447.2031,41644.0461,Southeast Asian
59956,Southeast Asian,Indonesian,Asian,40.4819,1741.8851,87.3004,141.3052,Southeast Asian
59957,Southeast Asian,Indonesian,Asian,0.0000,648.1867,0.0000,71.9836,Southeast Asian
59958,Southeast Asian,Indonesian,Asian,45.6606,12306.9440,263.9652,1229.4307,Southeast Asian
59959,Southeast Asian,Indonesian,Asian,16.9225,2124.2498,174.8716,140.5928,Southeast Asian
59960,Southeast Asian,Indonesian,Asian,54.4435,217.7812,3.2095,1.3046,Southeast Asian
59961,Southeast Asian,Indonesian,Asian,97.8363,1213.9001,93.2893,59.9046,Southeast Asian
59962,Southeast Asian,Indonesian,Asian,59.8922,1744.1310,19.2156,172.6327,Southeast Asian
59963,Southeast Asian,Indonesian,Asian,987.1124,15333.5673,1666.3775,732.7911,Southeast Asian
59964,Southeast Asian,Indonesian,Asian,226.6656,2547.4810,21.0842,186.9857,Southeast Asian
59965,Southeast Asian,Indonesian,Asian,48.3882,1435.1743,145.3610,75.7278,Southeast Asian
59966,Southeast Asian,Indonesian,Asian,587.3643,8379.7098,185.8109,632.9414,Southeast Asian
59967,Southeast Asian,Indonesian,Asian,221.8548,1514.4467,35.6104,60.6411,Southeast Asian
59968,Southeast Asian,Indonesian,Asian,131.3625,1908.7655,73.7977,136.7616,Southeast Asian
59969,Southeast Asian,Indonesian,Asian,76.3380,476.9432,22.2573,12.0935,Southeast Asian
59970,Southeast Asian,Indonesian,Asian,275.6140,268362.8985,52346.7926,6327.7312,Southeast Asian
59971,Southeast Asian,Indonesian,Asian,118.2190,1397.1658,43.5478,92.6262,Southeast Asian
59972,Southeast Asian,Indonesian,Asian,19.8559,13366.2359,1883.6648,643.3796,Southeast Asian
59973,Southeast Asian,Indonesian,Asian,17.4916,1006.1060,182.8586,18.3277,Southeast Asian
59974,Southeast Asian,Indonesian,Asian,373.2915,2751.2791,113.2944,92.7655,Southeast Asian
59975,Southeast Asian,Indonesian,Asian,117.3485,1978.7255,26.4401,171.3712,Southeast Asian
59976,Southeast Asian,Indonesian,Asian,12.7267,601.3714,48.3280,40.9041,Southeast Asian
59977,Southeast Asian,Indonesian,Asian,26.9269,1607.2800,17.7128,163.2385,Southeast Asian
59978,Southeast Asian,Indonesian,Asian,10.7060,438.4760,2.2700,45.5600,Southeast Asian
59979,Southeast Asian,Indonesian,Asian,187.3279,2226.1508,209.4364,77.7589,Southeast Asian
59980,Southeast Asian,Indonesian,Asian,184.1791,1017.8991,65.8659,4.7864,Southeast Asian
59981,Southeast Asian,Indonesian,Asian,123.1682,1932.0436,118.5701,114.3319,Southeast Asian
59982,Southeast Asian,Indonesian,Asian,41.3471,1710.6991,155.9422,106.2529,Southeast Asian
59983,Southeast Asian,Indonesian,Asian,33.5682,4621.9398,346.7754,341.1370,Southeast Asian
59984,Southeast Asian,Indonesian,Asian,13.0328,663.0602,69.1834,38.9115,Southeast Asian
59985,Southeast Asian,Indonesian,Asian,21.8936,153.6250,17.6028,1.2613,Southeast Asian
59986,Southeast Asian,Indonesian,Asian,13.2317,1432.8562,150.0680,84.6035,Southeast Asian
59987,Southeast Asian,Indonesian,Asian,54.8972,4696.6633,97.4444,459.8451,Southeast Asian
59988,Southeast Asian,Indonesian,Asian,2.0853,1347.0338,94.7597,103.8528,Southeast Asian
59989,Southeast Asian,Indonesian,Asian,64.6538,2096.6203,385.2784,25.4017,Southeast Asian
59990,Southeast Asian,Indonesian,Asian,172.2872,17551.4625,411.1587,1701.9520,Southeast Asian
59991,Southeast Asian,Indonesian,Asian,32.4498,378.9465,3.9574,28.2311,Southeast Asian
59992,Southeast Asian,Indonesian,Asian,379.4381,3464.0288,139.2323,159.3442,Southeast Asian
59993,Southeast Asian,Indonesian,Asian,837.4322,114800.3281,15738.1019,4969.4916,Southeast Asian
59994,Southeast Asian,Indonesian,Asian,18.5203,338.7150,14.9480,23.2283,Southeast Asian
59995,Southeast Asian,Indonesian,Asian,153.0560,4676.9453,459.9651,259.1732,Southeast Asian
59996,Southeast Asian,Indonesian,Asian,12.9290,283.2592,2.3604,25.8614,Southeast Asian
59997,Southeast Asian,Indonesian,Asian,33.9688,991.9229,34.6385,88.6321,Southeast Asian
59998,Southeast Asian,Indonesian,Asian,38.6263,892.2519,6.9936,85.6891,Southeast Asian
59999,Southeast Asian,Indonesian,Asian,96.6069,8576.7190,195.4359,826.8148,Southeast Asian
60000,Southeast Asian,Indonesian,Asian,91.7319,3394.4535,35.9789,346.9339,Southeast Asian
60001,Southeast Asian,Indonesian,Asian,50.1056,440.7313,5.2597,28.1342,Southeast Asian
60002,Southeast Asian,Indonesian,Asian,216.5321,1167.0400,32.2738,28.3515,Southeast Asian
60003,Southeast Asian,Indonesian,Asian,19.9340,3948.3054,386.5364,253.6105,Southeast Asian
60004,Southeast Asian,Indonesian,Asian,94.8054,1012.4470,116.8189,22.0392,Southeast Asian
60005,Southeast Asian,Indonesian,Asian,210.4164,5294.6863,47.9922,509.1568,Southeast Asian
60006,Southeast Asian,Indonesian,Asian,135.9776,159830.5529,31397.8760,3672.9907,Southeast Asian
60007,Southeast Asian,Indonesian,Asian,130.2468,4688.8373,390.2214,282.4402,Southeast Asian
60008,Southeast Asian,Indonesian,Asian,96.8934,12341.3833,283.1191,1203.2626,Southeast Asian
60009,Southeast Asian,Indonesian,Asian,292.8690,3333.1979,116.0143,184.0657,Southeast Asian
60010,Southeast Asian,Indonesian,Asian,99.3835,1747.4432,52.5978,139.4163,Southeast Asian
60011,Southeast Asian,Indonesian,Asian,33.0377,3929.6322,402.6094,238.7780,Southeast Asian
62034,Southeast Asian,Vietnamese,Asian,41.6904,275.2000,10.5701,10.1493,Southeast Asian
62035,Southeast Asian,Vietnamese,Asian,53.2084,640.8988,14.4641,44.1062,Southeast Asian
62036,Southeast Asian,Vietnamese,Asian,385.5821,1804.8667,55.0493,7.3539,Southeast Asian
62037,Southeast Asian,Vietnamese,Asian,65.2885,1062.4942,51.5710,74.9570,Southeast Asian
62038,Southeast Asian,Vietnamese,Asian,17.4232,1852.5185,71.8624,164.3809,Southeast Asian
62039,Southeast Asian,Vietnamese,Asian,201.5960,805.9800,0.0000,0.0000,Southeast Asian
62040,Southeast Asian,Vietnamese,Asian,49.3984,1286.6705,95.0184,80.9588,Southeast Asian
62041,Southeast Asian,Vietnamese,Asian,64.2131,939.0431,124.6322,20.4178,Southeast Asian
62042,Southeast Asian,Vietnamese,Asian,18.0720,1264.9756,88.9392,97.0421,Southeast Asian
62043,Southeast Asian,Vietnamese,Asian,0.1754,40.3392,0.0089,4.5061,Southeast Asian
62044,Southeast Asian,Vietnamese,Asian,374.5026,1800.0200,36.7071,16.1931,Southeast Asian
62045,Southeast Asian,Vietnamese,Asian,1.3104,3772.6673,140.9241,350.7099,Southeast Asian
62046,Southeast Asian,Vietnamese,Asian,61.1124,303.5709,11.3893,2.9497,Southeast Asian
62047,Southeast Asian,Vietnamese,Asian,27.5673,465.3282,13.3917,36.3944,Southeast Asian
62048,Southeast Asian,Vietnamese,Asian,12.0628,90.1340,0.8800,4.5800,Southeast Asian
62049,Southeast Asian,Vietnamese,Asian,48.2231,1161.4620,42.9185,89.7438,Southeast Asian
62050,Southeast Asian,Vietnamese,Asian,13.4353,250.8340,5.9353,19.4031,Southeast Asian
62051,Southeast Asian,Vietnamese,Asian,3.6370,134.6520,0.8316,13.7582,Southeast Asian
62052,Southeast Asian,Vietnamese,Asian,17.4805,233.6007,12.5935,15.4158,Southeast Asian
62053,Southeast Asian,Vietnamese,Asian,893.5581,4483.7226,169.9362,10.0933,Southeast Asian
62054,Southeast Asian,Vietnamese,Asian,29.2834,134.1005,5.8462,0.4835,Southeast Asian
62055,Southeast Asian,Vietnamese,Asian,8.1806,306.8363,29.6318,20.4420,Southeast Asian
62056,Southeast Asian,Vietnamese,Asian,305.4666,1844.7560,47.5196,44.0438,Southeast Asian
62057,Southeast Asian,Vietnamese,Asian,9.7436,86.2813,0.9810,5.6486,Southeast Asian
62058,Southeast Asian,Vietnamese,Asian,208.4155,1391.0540,81.2025,29.6678,Southeast Asian
62059,Southeast Asian,Vietnamese,Asian,51.2021,2443.3241,30.2822,253.2106,Southeast Asian
62060,Southeast Asian,Vietnamese,Asian,53.9227,235.4048,5.1962,0.7705,Southeast Asian
62061,Southeast Asian,Vietnamese,Asian,6.7711,76.6698,8.5353,2.7870,Southeast Asian
62062,Southeast Asian,Vietnamese,Asian,134.0938,2032.5546,218.9925,71.3401,Southeast Asian
62063,Southeast Asian,Vietnamese,Asian,17.9784,576.0975,30.5188,45.3047,Southeast Asian
62064,Southeast Asian,Vietnamese,Asian,11.6716,53.0438,2.9302,0.0372,Southeast Asian
62065,Southeast Asian,Vietnamese,Asian,5.4282,116.8633,6.2755,8.3066,Southeast Asian
62066,Southeast Asian,Vietnamese,Asian,1.5776,908.4116,129.6909,39.0671,Southeast Asian
62067,Southeast Asian,Vietnamese,Asian,94.3278,1138.1043,106.8831,36.8568,Southeast Asian
62068,Southeast Asian,Vietnamese,Asian,1.4708,483.1330,0.2390,54.0750,Southeast Asian
62069,Southeast Asian,Vietnamese,Asian,232.0677,2292.0735,220.9610,50.0012,Southeast Asian
62070,Southeast Asian,Vietnamese,Asian,20.7854,193.3285,16.8573,5.1716,Southeast Asian
62071,Southeast Asian,Vietnamese,Asian,146.1310,587.2240,0.4691,0.0541,Southeast Asian
62072,Southeast Asian,Vietnamese,Asian,186.4249,1059.6505,36.9580,22.5567,Southeast Asian
62073,Southeast Asian,Vietnamese,Asian,182.4740,1673.6480,41.7229,87.8126,Southeast Asian
62074,Southeast Asian,Vietnamese,Asian,397.8610,2664.3759,78.8668,86.5862,Southeast Asian
62075,Southeast Asian,Vietnamese,Asian,84.4419,452.1368,18.6262,9.8002,Southeast Asian
62076,Southeast Asian,Vietnamese,Asian,345.2506,7688.8398,1236.5373,110.2520,Southeast Asian
62077,Southeast Asian,Vietnamese,Asian,54.2422,1013.0593,101.6368,42.5985,Southeast Asian
62078,Southeast Asian,Vietnamese,Asian,4.8559,262.6155,2.4817,27.2836,Southeast Asian
62079,Southeast Asian,Vietnamese,Asian,56.7182,245.8562,4.2473,0.0603,Southeast Asian
62080,Southeast Asian,Vietnamese,Asian,6.1445,1131.0005,89.0559,81.1033,Southeast Asian
62081,Southeast Asian,Vietnamese,Asian,40.0958,1025.2095,99.2171,52.6606,Southeast Asian
62082,Southeast Asian,Vietnamese,Asian,106.9655,607.1644,33.5650,16.6968,Southeast Asian
62083,Southeast Asian,Vietnamese,Asian,51.3584,1230.0988,96.5462,72.1321,Southeast Asian
62084,Southeast Asian,Vietnamese,Asian,19.1650,174.4601,4.1910,9.6014,Southeast Asian
62085,Southeast Asian,Vietnamese,Asian,26.0348,107.5420,1.1904,0.3072,Southeast Asian
62086,Southeast Asian,Vietnamese,Asian,203.1380,5025.4870,150.0195,398.1368,Southeast Asian
62087,Southeast Asian,Vietnamese,Asian,151.2423,1896.8020,40.1377,133.9334,Southeast Asian
62088,Southeast Asian,Vietnamese,Asian,166.0933,3145.9850,39.3954,269.0312,Southeast Asian
62089,Southeast Asian,Vietnamese,Asian,331.9286,2830.7728,30.0225,156.8618,Southeast Asian
62090,Southeast Asian,Vietnamese,Asian,69.4521,539.3104,17.6456,26.4248,Southeast Asian
62091,Southeast Asian,Vietnamese,Asian,0.1092,26.2667,5.7618,0.1420,Southeast Asian
62092,Southeast Asian,Vietnamese,Asian,549.2590,2216.0918,8.2554,3.5724,Southeast Asian
62093,Southeast Asian,Vietnamese,Asian,44.8900,413.5470,12.7651,21.0625,Southeast Asian
62094,Southeast Asian,Vietnamese,Asian,10.4222,1944.4183,386.5111,28.1345,Southeast Asian
62095,Southeast Asian,Vietnamese,Asian,237.5276,1957.8694,79.7016,81.3818,Southeast Asian
62096,Southeast Asian,Vietnamese,Asian,67.6980,406.4903,9.9813,15.5125,Southeast Asian
62097,Southeast Asian,Vietnamese,Asian,38.3725,10834.9595,966.4242,727.3578,Southeast Asian
62098,Southeast Asian,Vietnamese,Asian,71.2693,614.1635,11.0741,36.1422,Southeast Asian
62099,Southeast Asian,Vietnamese,Asian,17.3840,2063.5386,96.3939,180.1947,Southeast Asian
62100,Southeast Asian,Vietnamese,Asian,32.4727,739.7978,22.1392,63.3511,Southeast Asian
62101,Southeast Asian,Vietnamese,Asian,546.1794,2453.5200,28.9831,16.2071,Southeast Asian
62102,Southeast Asian,Vietnamese,Asian,24.2574,2227.8047,116.2844,185.5641,Southeast Asian
62103,Southeast Asian,Vietnamese,Asian,33.6676,138.5378,2.2030,0.0504,Southeast Asian
62104,Southeast Asian,Vietnamese,Asian,88.5088,912.6994,110.1168,15.6768,Southeast Asian
62105,Southeast Asian,Vietnamese,Asian,76.3100,1289.0000,77.8400,72.5100,Southeast Asian
62106,Southeast Asian,Vietnamese,Asian,233.4474,971.7500,15.7800,0.2132,Southeast Asian
62107,Southeast Asian,Vietnamese,Asian,13588.9416,54191.3676,814.5549,163.3197,Southeast Asian
62108,Southeast Asian,Vietnamese,Asian,65.5583,930.9076,102.9716,30.3024,Southeast Asian
62109,Southeast Asian,Vietnamese,Asian,508.6430,2020.6875,1.7474,0.0662,Southeast Asian
62110,Southeast Asian,Vietnamese,Asian,157.8712,1118.5650,68.7656,21.6472,Southeast Asian
62111,Southeast Asian,Vietnamese,Asian,0.0000,0.0000,0.0000,0.0000,Southeast Asian
62112,Southeast Asian,Vietnamese,Asian,10.8991,1677.7540,199.0524,89.5017,Southeast Asian
62113,Southeast Asian,Vietnamese,Asian,1167.8120,5569.8922,108.0005,39.9566,Southeast Asian
62114,Southeast Asian,Vietnamese,Asian,20.6260,1291.4439,127.3003,76.1944,Southeast Asian
62115,Southeast Asian,Vietnamese,Asian,302.3940,1208.9700,0.0000,0.0000,Southeast Asian
62116,Southeast Asian,Vietnamese,Asian,22.5299,116.6480,5.4647,1.3060,Southeast Asian
62117,Southeast Asian,Vietnamese,Asian,122.1024,1062.5417,47.2623,54.3329,Southeast Asian
62118,Southeast Asian,Vietnamese,Asian,23.9459,144.6838,13.2076,1.0597,Southeast Asian
62119,Southeast Asian,Vietnamese,Asian,101.5264,3485.6810,574.4865,84.0689,Southeast Asian
62120,Southeast Asian,Vietnamese,Asian,67.6344,859.5077,113.6522,18.2969,Southeast Asian
62121,Southeast Asian,Vietnamese,Asian,21.4032,3699.9112,382.4107,223.4401,Southeast Asian
62122,Southeast Asian,Vietnamese,Asian,24.5140,110.3400,3.9702,1.1606,Southeast Asian
62123,Southeast Asian,Vietnamese,Asian,98.8412,408.6950,5.7166,0.7104,Southeast Asian
62124,Southeast Asian,Vietnamese,Asian,27.3677,1431.6448,101.1389,102.4857,Southeast Asian
62125,Southeast Asian,Vietnamese,Asian,50.3068,593.9467,53.8768,20.6159,Southeast Asian
62126,Southeast Asian,Vietnamese,Asian,382.7549,1778.9880,15.2420,22.5552,Southeast Asian
62127,Southeast Asian,Vietnamese,Asian,338.0030,2351.2989,45.5540,101.4515,Southeast Asian
62128,Southeast Asian,Vietnamese,Asian,103.9679,798.4098,14.3766,42.3449,Southeast Asian
62129,Southeast Asian,Vietnamese,Asian,82.8705,609.2239,7.2795,30.2104,Southeast Asian
62130,Southeast Asian,Vietnamese,Asian,102.3067,2843.8391,193.1032,178.3246,Southeast Asian
62131,Southeast Asian,Vietnamese,Asian,216.5590,1608.6962,11.2769,86.6863,Southeast Asian
62132,Southeast Asian,Vietnamese,Asian,107.7329,994.9250,63.7147,31.3990,Southeast Asian
62133,Southeast Asian,Vietnamese,Asian,93.2528,401.4835,11.9719,0.9939,Southeast Asian
62134,Southeast Asian,Vietnamese,Asian,3.3995,2939.8608,254.1739,204.9039,Southeast Asian
62135,Southeast Asian,Vietnamese,Asian,815.6249,5156.7643,311.1299,73.4161,Southeast Asian
62136,Southeast Asian,Vietnamese,Asian,4.6018,25.7100,1.9262,0.0278,Southeast Asian
62137,Southeast Asian,Vietnamese,Asian,2990.7468,12722.7628,422.2021,34.4259,Southeast Asian
62138,Southeast Asian,Vietnamese,Asian,31.7567,156.1206,5.4516,1.3247,Southeast Asian
62139,Southeast Asian,Vietnamese,Asian,83.5421,1424.5900,105.0417,74.2760,Southeast Asian
62140,Southeast Asian,Vietnamese,Asian,41.8045,518.7380,15.1607,35.1231,Southeast Asian
62141,Southeast Asian,Vietnamese,Asian,0.7528,12998.9279,1192.1690,874.3600,Southeast Asian
62142,Southeast Asian,Vietnamese,Asian,6.5927,365.7364,69.2208,4.8324,Southeast Asian
62143,Southeast Asian,Vietnamese,Asian,4.7967,28.2610,1.8750,0.0402,Southeast Asian
62144,Southeast Asian,Vietnamese,Asian,15.1946,325.8195,15.5512,23.2120,Southeast Asian
62145,Southeast Asian,Vietnamese,Asian,37.4201,1050.7346,19.7631,97.7433,Southeast Asian
62146,Southeast Asian,Vietnamese,Asian,19.5348,82.3540,1.7600,0.1600,Southeast Asian
62147,Southeast Asian,Vietnamese,Asian,302.3940,1208.9700,0.0000,0.0000,Southeast Asian
62148,Southeast Asian,Vietnamese,Asian,128.7178,763.2530,3.4450,27.6400,Southeast Asian
62149,Southeast Asian,Vietnamese,Asian,19.3322,3114.8998,280.0376,204.0278,Southeast Asian
62150,Southeast Asian,Vietnamese,Asian,198.6185,1189.4413,28.5703,32.6701,Southeast Asian
62151,Southeast Asian,Vietnamese,Asian,0.1092,144.6330,2.9568,0.0711,Southeast Asian
62152,Southeast Asian,Vietnamese,Asian,24.3229,104.7690,3.5921,0.7360,Southeast Asian
62153,Southeast Asian,Vietnamese,Asian,31.1049,725.3950,55.1114,43.6182,Southeast Asian
62154,Southeast Asian,Vietnamese,Asian,190.3457,1535.5393,128.6200,27.2266,Southeast Asian
62155,Southeast Asian,Vietnamese,Asian,106.6275,1438.8118,152.4895,43.1380,Southeast Asian
62156,Southeast Asian,Vietnamese,Asian,92.2171,196566.8338,7269.1815,18295.5856,Southeast Asian
62157,Southeast Asian,Vietnamese,Asian,64.2030,1599.2101,14.1006,151.1588,Southeast Asian
62158,Southeast Asian,Vietnamese,Asian,111.1782,2489.0069,365.0020,56.1393,Southeast Asian
62159,Southeast Asian,Vietnamese,Asian,120.7141,4027.0452,69.3939,360.8959,Southeast Asian
62160,Southeast Asian,Vietnamese,Asian,25.5386,967.1501,151.2459,25.0625,Southeast Asian
62161,Southeast Asian,Vietnamese,Asian,145.3787,780.6800,44.9208,0.4754,Southeast Asian
62162,Southeast Asian,Vietnamese,Asian,14.0675,50.7150,0.4449,0.0574,Southeast Asian
62163,Southeast Asian,Vietnamese,Asian,397.0037,1646.3563,31.9410,11.1156,Southeast Asian
62164,Southeast Asian,Vietnamese,Asian,2.3281,251.2747,0.3320,27.3177,Southeast Asian
62165,Southeast Asian,Vietnamese,Asian,37.6759,165.6577,4.0155,0.1413,Southeast Asian
62166,Southeast Asian,Vietnamese,Asian,30.8082,165.4750,10.0509,1.3720,Southeast Asian
62167,Southeast Asian,Vietnamese,Asian,97.3324,6231.2082,84.7553,617.2123,Southeast Asian
62168,Southeast Asian,Vietnamese,Asian,218.1912,1536.2222,50.7117,55.5743,Southeast Asian
62169,Southeast Asian,Vietnamese,Asian,114.3260,1627.2026,143.8742,75.5607,Southeast Asian
62170,Southeast Asian,Vietnamese,Asian,86.5572,4729.4607,173.0133,408.6222,Southeast Asian
62171,Southeast Asian,Vietnamese,Asian,9.2045,57.9145,5.4282,0.4384,Southeast Asian
62172,Southeast Asian,Vietnamese,Asian,31.4391,139.1052,3.7067,0.0178,Southeast Asian
62173,Southeast Asian,Vietnamese,Asian,57.8709,1479.3360,122.5394,87.2432,Southeast Asian
62174,Southeast Asian,Vietnamese,Asian,64.7923,1827.5144,150.0636,110.5024,Southeast Asian
62175,Southeast Asian,Vietnamese,Asian,210.3176,3943.5246,516.7243,98.8941,Southeast Asian
62176,Southeast Asian,Vietnamese,Asian,120.6390,1137.3993,53.2357,48.1540,Southeast Asian
62177,Southeast Asian,Vietnamese,Asian,97.3417,10964.4190,2209.2724,142.1489,Southeast Asian
62178,Southeast Asian,Vietnamese,Asian,86.2419,2347.0149,269.5917,98.3479,Southeast Asian
62179,Southeast Asian,Vietnamese,Asian,303.6300,1823.9400,76.9223,42.6078,Southeast Asian
62180,Southeast Asian,Vietnamese,Asian,85.8300,2684.6241,17.1376,259.6916,Southeast Asian
62181,Southeast Asian,Vietnamese,Asian,49.1003,646.0020,22.7766,43.1372,Southeast Asian
62182,Southeast Asian,Vietnamese,Asian,406.8476,2404.4838,120.0387,25.1495,Southeast Asian
62183,Southeast Asian,Vietnamese,Asian,94.6209,670.2228,14.5657,27.9452,Southeast Asian
62184,Southeast Asian,Vietnamese,Asian,12.0817,191.0539,14.0402,9.7839,Southeast Asian
62185,Southeast Asian,Vietnamese,Asian,106.7923,1451.4062,46.8070,98.6045,Southeast Asian
62186,Southeast Asian,Vietnamese,Asian,4.2661,156.0475,4.8543,13.9982,Southeast Asian
62187,Southeast Asian,Vietnamese,Asian,179.2205,1226.7966,87.7600,16.8997,Southeast Asian
62188,Southeast Asian,Vietnamese,Asian,134.7779,1169.0852,100.9580,23.5110,Southeast Asian
62189,Southeast Asian,Vietnamese,Asian,7.8829,87.7460,4.0853,4.7876,Southeast Asian
62190,Southeast Asian,Vietnamese,Asian,131.5728,742.2789,24.8989,18.8223,Southeast Asian
62191,Southeast Asian,Vietnamese,Asian,66.3292,921.2504,110.6633,28.1407,Southeast Asian
62192,Southeast Asian,Vietnamese,Asian,486.6958,4863.2600,42.2220,327.1882,Southeast Asian
62193,Southeast Asian,Vietnamese,Asian,27.4370,340.1785,0.7429,27.3618,Southeast Asian
62194,Southeast Asian,Vietnamese,Asian,337.8521,2011.5512,34.4026,64.6881,Southeast Asian
62195,Southeast Asian,Vietnamese,Asian,330.3734,1570.3296,5.6919,27.4600,Southeast Asian
62196,Southeast Asian,Vietnamese,Asian,267.8896,2806.6884,243.9460,76.8408,Southeast Asian
62197,Southeast Asian,Vietnamese,Asian,42.3840,2492.6049,238.4252,145.1764,Southeast Asian
62198,Southeast Asian,Vietnamese,Asian,92.0688,1918.0057,123.1671,114.7053,Southeast Asian
62199,Southeast Asian,Vietnamese,Asian,27.4977,254.1600,6.0363,14.2272,Southeast Asian
62200,Southeast Asian,Vietnamese,Asian,55.4925,1411.4431,112.5977,82.8566,Southeast Asian
62201,Southeast Asian,Vietnamese,Asian,257.8806,2122.8108,192.7720,33.7182,Southeast Asian
62202,Southeast Asian,Vietnamese,Asian,3348.5425,159439.5800,1780.0800,16674.9300,Southeast Asian
62203,Southeast Asian,Vietnamese,Asian,26.7904,8265.5120,175.7928,828.6812,Southeast Asian
62204,Southeast Asian,Vietnamese,Asian,85.1821,385.2280,15.7675,2.8458,Southeast Asian
62205,Southeast Asian,Vietnamese,Asian,30.1517,2361.4640,51.0856,228.2084,Southeast Asian
62206,Southeast Asian,Vietnamese,Asian,70.3170,1232.9097,190.9774,18.5211,Southeast Asian
62207,Southeast Asian,Vietnamese,Asian,1.6421,842.9103,0.9520,92.8743,Southeast Asian
62208,Southeast Asian,Vietnamese,Asian,196.9913,1681.5536,83.6768,64.1962,Southeast Asian
62209,Southeast Asian,Vietnamese,Asian,11.7055,141.0017,6.7507,8.2645,Southeast Asian
62210,Southeast Asian,Vietnamese,Asian,0.7200,294.3000,46.2200,10.3600,Southeast Asian
62211,Southeast Asian,Vietnamese,Asian,36.3993,2185.0333,117.6653,174.0106,Southeast Asian
62212,Southeast Asian,Vietnamese,Asian,40.1592,758.2520,42.8519,48.0152,Southeast Asian
62213,Southeast Asian,Vietnamese,Asian,121.1437,613.8180,2.2476,4.7190,Southeast Asian
62214,Southeast Asian,Vietnamese,Asian,211.3805,1799.6862,18.2799,108.1401,Southeast Asian
62215,Southeast Asian,Vietnamese,Asian,125.2186,741.2302,52.4815,2.7513,Southeast Asian
62216,Southeast Asian,Vietnamese,Asian,73.3265,966.8140,62.4420,52.2704,Southeast Asian
62217,Southeast Asian,Vietnamese,Asian,46.9817,3585.5520,159.7057,315.7514,Southeast Asian
62218,Southeast Asian,Vietnamese,Asian,29.6132,419.2725,31.9132,19.8484,Southeast Asian
62219,Southeast Asian,Vietnamese,Asian,9.7538,1756.0425,64.8177,159.6892,Southeast Asian
62220,Southeast Asian,Vietnamese,Asian,139.2502,1277.3935,130.7131,23.8742,Southeast Asian
62221,Southeast Asian,Vietnamese,Asian,464.1548,2299.6773,56.6266,18.3666,Southeast Asian
62222,Southeast Asian,Vietnamese,Asian,302.9442,1929.8738,105.9389,43.0661,Southeast Asian
62223,Southeast Asian,Vietnamese,Asian,1.3104,12.6000,1.8216,0.0036,Southeast Asian
62224,Southeast Asian,Vietnamese,Asian,24.7957,1835.5691,66.8207,160.3685,Southeast Asian
62225,Southeast Asian,Vietnamese,Asian,57.7597,3391.6162,255.8386,233.7341,Southeast Asian
62226,Southeast Asian,Vietnamese,Asian,135.1408,888.2900,37.3153,52.0640,Southeast Asian
62227,Southeast Asian,Vietnamese,Asian,98.6093,410.8233,4.2759,0.1774,Southeast Asian
62228,Southeast Asian,Vietnamese,Asian,117.9750,499.9138,8.4538,0.2298,Southeast Asian
62229,Southeast Asian,Vietnamese,Asian,1.4708,5.7730,0.2390,0.0750,Southeast Asian
62230,Southeast Asian,Vietnamese,Asian,39.3100,834.4890,39.1878,64.5475,Southeast Asian
62231,Southeast Asian,Vietnamese,Asian,57.3625,246.6263,5.3798,0.3952,Southeast Asian
62232,Southeast Asian,Vietnamese,Asian,71.4472,380.0835,6.4943,9.5694,Southeast Asian
62233,Southeast Asian,Vietnamese,Asian,13.4124,162.3475,9.2182,9.1623,Southeast Asian
62234,Southeast Asian,Vietnamese,Asian,86.8284,348.7045,1.2286,0.0380,Southeast Asian
62235,Southeast Asian,Vietnamese,Asian,4.7967,28.2610,1.8750,0.0402,Southeast Asian
62236,Southeast Asian,Vietnamese,Asian,94.1790,24901.2446,1149.4202,2187.7437,Southeast Asian
62237,Southeast Asian,Vietnamese,Asian,76.1887,337.5920,0.1058,0.0195,Southeast Asian
62238,Southeast Asian,Vietnamese,Asian,13.2956,955.9940,89.7677,58.1036,Southeast Asian
62239,Southeast Asian,Vietnamese,Asian,8.0226,310.7400,4.7802,30.1578,Southeast Asian
62240,Southeast Asian,Vietnamese,Asian,20.5939,204.7655,1.4800,13.7484,Southeast Asian
62241,Southeast Asian,Vietnamese,Asian,109.4246,454.3600,9.3658,0.2543,Southeast Asian
62242,Southeast Asian,Vietnamese,Asian,14.8664,2262.2700,72.8513,211.3891,Southeast Asian
62243,Southeast Asian,Vietnamese,Asian,142.5580,676.7500,12.0640,6.4960,Southeast Asian
62244,Southeast Asian,Vietnamese,Asian,2.2723,123.7400,3.3832,11.6638,Southeast Asian
62245,Southeast Asian,Vietnamese,Asian,156.5689,1430.1577,127.9759,36.0784,Southeast Asian
62246,Southeast Asian,Vietnamese,Asian,499.6650,5406.6882,694.3731,49.3648,Southeast Asian
62247,Southeast Asian,Vietnamese,Asian,12.3328,56.2988,2.0547,0.0257,Southeast Asian
62248,Southeast Asian,Vietnamese,Asian,118.7487,801.5181,21.1986,34.6319,Southeast Asian
62249,Southeast Asian,Vietnamese,Asian,151.5430,1096.8808,71.2044,19.5058,Southeast Asian
62250,Southeast Asian,Vietnamese,Asian,108.8028,2595.8975,111.6077,186.2782,Southeast Asian
62251,Southeast Asian,Vietnamese,Asian,41.8029,461.4753,12.6292,29.6790,Southeast Asian
62252,Southeast Asian,Vietnamese,Asian,116.0149,1277.7860,32.0577,83.2249,Southeast Asian
62253,Southeast Asian,Vietnamese,Asian,89.0714,747.2682,69.9038,14.1026,Southeast Asian
62254,Southeast Asian,Vietnamese,Asian,100.9651,1382.8144,85.1240,76.9101,Southeast Asian
62255,Southeast Asian,Vietnamese,Asian,369.5222,6175.3710,739.6739,174.3549,Southeast Asian
62256,Southeast Asian,Vietnamese,Asian,318.8728,4371.3776,250.0387,233.4398,Southeast Asian
62257,Southeast Asian,Vietnamese,Asian,121.3920,1581.5652,63.1423,95.6698,Southeast Asian
62258,Southeast Asian,Vietnamese,Asian,14.2554,10490.2395,961.6760,700.5174,Southeast Asian
62259,Southeast Asian,Vietnamese,Asian,127.7009,1048.9697,78.0422,25.7690,Southeast Asian
62260,Southeast Asian,Vietnamese,Asian,124.5396,3698.8991,104.2372,308.0145,Southeast Asian
62261,Southeast Asian,Vietnamese,Asian,3.7936,1722.6125,63.7553,159.2992,Southeast Asian
62262,Southeast Asian,Vietnamese,Asian,60.4918,264.7383,5.8734,0.1165,Southeast Asian
62263,Southeast Asian,Vietnamese,Asian,112.5857,224455.6687,48470.4746,1928.7083,Southeast Asian
62264,Southeast Asian,Vietnamese,Asian,56.9196,1043.0371,78.8678,52.3884,Southeast Asian
62265,Southeast Asian,Vietnamese,Asian,406.3104,2582.5333,118.6848,50.2085,Southeast Asian
62266,Southeast Asian,Vietnamese,Asian,19.2192,398.0033,72.5705,3.0531,Southeast Asian
62267,Southeast Asian,Vietnamese,Asian,98.5428,1826.5147,104.4561,112.3434,Southeast Asian
62268,Southeast Asian,Vietnamese,Asian,33.2867,384.2212,17.2011,24.3559,Southeast Asian
62269,Southeast Asian,Vietnamese,Asian,20.4486,1140.2043,79.2157,80.9123,Southeast Asian
62270,Southeast Asian,Vietnamese,Asian,104.2083,1416.4710,14.6733,115.5483,Southeast Asian
62271,Southeast Asian,Vietnamese,Asian,18.9535,82.8912,0.0851,0.0106,Southeast Asian
62272,Southeast Asian,Vietnamese,Asian,8.9044,53.4400,4.6772,0.3436,Southeast Asian
62273,Southeast Asian,Vietnamese,Asian,73.8647,1597.5078,98.3909,99.9553,Southeast Asian
62274,Southeast Asian,Vietnamese,Asian,131240.4150,524697.7651,1.8439,0.3902,Southeast Asian
62275,Southeast Asian,Vietnamese,Asian,5.2224,71.7263,2.9798,4.8052,Southeast Asian
62276,Southeast Asian,Vietnamese,Asian,23.8860,109.3795,2.0538,0.2203,Southeast Asian
62277,Southeast Asian,Vietnamese,Asian,72.4664,3795.1204,324.1264,233.8567,Southeast Asian
62278,Southeast Asian,Vietnamese,Asian,123.9279,1144.9824,32.9747,63.6460,Southeast Asian
62279,Southeast Asian,Vietnamese,Asian,55.7783,1306.4426,69.1438,100.5148,Southeast Asian
62280,Southeast Asian,Vietnamese,Asian,0.0000,0.0000,0.0000,0.0000,Southeast Asian
62281,Southeast Asian,Vietnamese,Asian,332.0201,2190.7230,97.8097,57.7194,Southeast Asian
62282,Southeast Asian,Vietnamese,Asian,208.7153,957.0881,25.7925,3.1672,Southeast Asian
62283,Southeast Asian,Vietnamese,Asian,92.4972,1361.9531,7.7945,109.2753,Southeast Asian
62284,Southeast Asian,Vietnamese,Asian,933.9672,6189.3450,182.5180,212.9707,Southeast Asian
62285,Southeast Asian,Vietnamese,Asian,41.5080,519.8400,8.4260,36.6640,Southeast Asian
62286,Southeast Asian,Vietnamese,Asian,10.0794,247.3645,21.0358,14.1380,Southeast Asian
62287,Southeast Asian,Vietnamese,Asian,11.1532,892.7570,40.9400,76.4961,Southeast Asian
62288,Southeast Asian,Vietnamese,Asian,278.0330,13962.2149,1997.7898,550.2486,Southeast Asian
62289,Southeast Asian,Vietnamese,Asian,173.2461,1520.7971,73.8354,59.5203,Southeast Asian
62290,Southeast Asian,Vietnamese,Asian,282.9778,1032.2317,16.9670,20.3565,Southeast Asian
62291,Southeast Asian,Vietnamese,Asian,86.5656,368.1720,5.4648,0.0108,Southeast Asian
62292,Southeast Asian,Vietnamese,Asian,306.0287,1237.0700,3.3554,0.0651,Southeast Asian
62293,Southeast Asian,Vietnamese,Asian,5.3575,506.8161,91.8339,10.8134,Southeast Asian
62294,Southeast Asian,Vietnamese,Asian,8.3810,90.1000,13.8380,0.9690,Southeast Asian
62295,Southeast Asian,Vietnamese,Asian,4.3585,437.3461,0.7180,46.4443,Southeast Asian
62296,Southeast Asian,Vietnamese,Asian,66.5838,489.8691,46.8384,4.9076,Southeast Asian
62297,Southeast Asian,Vietnamese,Asian,51.7116,235.9930,3.4279,2.9744,Southeast Asian
62298,Southeast Asian,Vietnamese,Asian,16.0273,3800.5462,183.2985,328.9092,Southeast Asian
62299,Southeast Asian,Vietnamese,Asian,80.7504,2261.9972,228.8325,113.4136,Southeast Asian
62300,Southeast Asian,Vietnamese,Asian,61.1855,933.6156,45.4401,62.2965,Southeast Asian
62301,Southeast Asian,Vietnamese,Asian,54.4676,716.8145,5.3673,54.3774,Southeast Asian
62302,Southeast Asian,Vietnamese,Asian,13.6304,825.4649,82.0564,49.5741,Southeast Asian
62303,Southeast Asian,Vietnamese,Asian,66.6100,734.5146,102.1069,3.9932,Southeast Asian
62304,Southeast Asian,Vietnamese,Asian,122.0405,1099.7977,60.3195,38.1231,Southeast Asian
62305,Southeast Asian,Vietnamese,Asian,91.2110,22766.6882,3391.4823,986.3850,Southeast Asian
62306,Southeast Asian,Vietnamese,Asian,23.3373,140.6135,4.6720,3.2659,Southeast Asian
62307,Southeast Asian,Vietnamese,Asian,21.8684,336.6660,17.4368,22.8194,Southeast Asian
62308,Southeast Asian,Vietnamese,Asian,80.2448,352.8300,12.3498,2.9669,Southeast Asian
62309,Southeast Asian,Vietnamese,Asian,94.8250,4359.0424,17.0657,442.6818,Southeast Asian
62310,Southeast Asian,Vietnamese,Asian,37.3384,703.5923,42.3921,39.2033,Southeast Asian
62311,Southeast Asian,Vietnamese,Asian,31.2489,554.3350,5.3848,47.2458,Southeast Asian
62312,Southeast Asian,Vietnamese,Asian,1617.5104,11633.5146,499.7002,361.8898,Southeast Asian
62313,Southeast Asian,Vietnamese,Asian,658.8050,5346.6748,176.6682,220.1834,Southeast Asian
62314,Southeast Asian,Vietnamese,Asian,22.2407,180.7790,6.1114,8.8096,Southeast Asian
62315,Southeast Asian,Vietnamese,Asian,26.6591,353.0348,4.3818,27.4973,Southeast Asian
62316,Southeast Asian,Vietnamese,Asian,11.8950,59.3413,1.4006,0.9000,Southeast Asian
62317,Southeast Asian,Vietnamese,Asian,58.4078,1164.6343,70.0735,76.7318,Southeast Asian
62318,Southeast Asian,Vietnamese,Asian,47.9305,450.7902,18.4176,24.3946,Southeast Asian
62319,Southeast Asian,Vietnamese,Asian,20.1732,1052.8755,112.6901,56.9945,Southeast Asian
62320,Southeast Asian,Vietnamese,Asian,78.9929,1489.6963,153.0281,61.3538,Southeast Asian
62321,Southeast Asian,Vietnamese,Asian,107.3905,1322.2921,109.9976,54.2544,Southeast Asian
62322,Southeast Asian,Vietnamese,Asian,5.2964,698.2182,88.5267,35.0061,Southeast Asian
62323,Southeast Asian,Vietnamese,Asian,23.4726,423.4218,48.0989,14.8872,Southeast Asian
62324,Southeast Asian,Vietnamese,Asian,3.4370,435.2777,0.8759,46.5719,Southeast Asian
62325,Southeast Asian,Vietnamese,Asian,319.1766,1648.1108,5.2639,41.8852,Southeast Asian
62326,Southeast Asian,Vietnamese,Asian,62.0283,672.6000,16.2501,44.4964,Southeast Asian
62327,Southeast Asian,Vietnamese,Asian,30352.9606,121909.3000,8.8529,3.6275,Southeast Asian
62328,Southeast Asian,Vietnamese,Asian,125.1388,1006.8845,39.2126,45.0227,Southeast Asian
62329,Southeast Asian,Vietnamese,Asian,257.2434,1627.9428,40.0608,53.6137,Southeast Asian
62330,Southeast Asian,Vietnamese,Asian,85.9480,697.5816,56.8785,14.8458,Southeast Asian
62331,Southeast Asian,Vietnamese,Asian,6916.5066,277192.2480,2763.1530,28625.3700,Southeast Asian
62332,Southeast Asian,Vietnamese,Asian,25.7139,1411.0112,98.2514,99.9718,Southeast Asian
62333,Southeast Asian,Vietnamese,Asian,119.3308,1650.3443,36.7127,115.7350,Southeast Asian
62334,Southeast Asian,Vietnamese,Asian,214.5274,1921.0756,117.9488,64.1427,Southeast Asian
62335,Southeast Asian,Vietnamese,Asian,1816.3250,57812.0400,570.7368,5731.7998,Southeast Asian
62336,Southeast Asian,Vietnamese,Asian,0.9732,1466.9827,270.5694,34.8786,Southeast Asian
62337,Southeast Asian,Vietnamese,Asian,70.4993,581.1533,48.4962,15.5935,Southeast Asian
62338,Southeast Asian,Vietnamese,Asian,139.4719,1361.7162,146.8312,27.8569,Southeast Asian
62339,Southeast Asian,Vietnamese,Asian,56.5487,337.3965,26.2096,2.7094,Southeast Asian
62340,Southeast Asian,Vietnamese,Asian,209.4764,1591.9250,10.6874,85.9720,Southeast Asian
62341,Southeast Asian,Vietnamese,Asian,74.2902,328.1145,6.2625,0.6805,Southeast Asian
62342,Southeast Asian,Vietnamese,Asian,323.3651,2322.9400,174.7222,26.2933,Southeast Asian
62343,Southeast Asian,Vietnamese,Asian,204.8986,857.2212,2.7959,0.0160,Southeast Asian
62344,Southeast Asian,Vietnamese,Asian,2919.7927,244313.6629,25898.8375,14154.8591,Southeast Asian
62345,Southeast Asian,Vietnamese,Asian,73.4613,1386.5437,189.0034,32.1740,Southeast Asian
62346,Southeast Asian,Vietnamese,Asian,8.0054,52.9830,4.5540,0.0090,Southeast Asian
62347,Southeast Asian,Vietnamese,Asian,6.2512,37.6650,1.2515,0.8748,Southeast Asian
62348,Southeast Asian,Vietnamese,Asian,0.6968,39.4326,0.3047,4.0269,Southeast Asian
62349,Southeast Asian,Vietnamese,Asian,21.1861,508.5414,94.9018,2.8389,Southeast Asian
62350,Southeast Asian,Vietnamese,Asian,422.5625,4922.0546,555.0192,174.8958,Southeast Asian
62351,Southeast Asian,Vietnamese,Asian,5.6269,1018.3395,96.4869,64.8025,Southeast Asian
62352,Southeast Asian,Vietnamese,Asian,45.0324,2149.8225,106.0700,174.0282,Southeast Asian
62353,Southeast Asian,Vietnamese,Asian,19.9340,827.5862,8.2399,85.7811,Southeast Asian
62354,Southeast Asian,Vietnamese,Asian,106.8464,719.5757,11.6661,29.3671,Southeast Asian
62355,Southeast Asian,Vietnamese,Asian,166.3012,1582.5730,121.5897,54.9833,Southeast Asian
62356,Southeast Asian,Vietnamese,Asian,39.5764,853.3933,59.9371,50.8644,Southeast Asian
62357,Southeast Asian,Vietnamese,Asian,119.0585,28863.6070,1916.1772,2275.8572,Southeast Asian
62358,Southeast Asian,Vietnamese,Asian,33.3072,770.7707,76.3131,39.5065,Southeast Asian
62359,Southeast Asian,Vietnamese,Asian,148.3979,1712.4990,129.7994,69.4533,Southeast Asian
62360,Southeast Asian,Vietnamese,Asian,71.9327,278.6667,0.0880,0.0000,Southeast Asian
62361,Southeast Asian,Vietnamese,Asian,358.4238,2873.9172,82.8646,130.1958,Southeast Asian
62362,Southeast Asian,Vietnamese,Asian,390.7181,5726.8657,264.0168,337.6700,Southeast Asian
62363,Southeast Asian,Vietnamese,Asian,328.8080,2473.0000,36.1890,116.4670,Southeast Asian
62364,Southeast Asian,Vietnamese,Asian,49.2114,645.7952,71.6393,18.1949,Southeast Asian
62365,Southeast Asian,Vietnamese,Asian,152.1550,982.5160,49.6512,18.5564,Southeast Asian
62366,Southeast Asian,Vietnamese,Asian,47.0104,534.7465,16.6254,33.9220,Southeast Asian
62367,Southeast Asian,Vietnamese,Asian,8914.7788,247830.8465,47258.0250,2561.3776,Southeast Asian
62368,Southeast Asian,Vietnamese,Asian,8959.1678,55787.0653,1796.3702,1407.7784,Southeast Asian
62369,Southeast Asian,Vietnamese,Asian,833.2632,8765.1710,418.1455,390.6839,Southeast Asian
62370,Southeast Asian,Vietnamese,Asian,422.2473,2702.7126,101.6848,79.6480,Southeast Asian
62371,Southeast Asian,Vietnamese,Asian,125.6239,1358.0060,73.5201,60.2194,Southeast Asian
62372,Southeast Asian,Vietnamese,Asian,193.4543,7030.4442,1253.8801,99.8899,Southeast Asian
62373,Southeast Asian,Vietnamese,Asian,24.9251,107.8138,3.4208,0.4038,Southeast Asian
62374,Southeast Asian,Vietnamese,Asian,82.2068,853.4534,107.3383,12.0901,Southeast Asian
62375,Southeast Asian,Vietnamese,Asian,221.4343,1066.5010,26.7445,7.5759,Southeast Asian
62376,Southeast Asian,Vietnamese,Asian,257.9972,1342.0275,20.1215,28.3023,Southeast Asian
62377,Southeast Asian,Vietnamese,Asian,65.1408,5007.1531,916.6473,117.9580,Southeast Asian
62378,Southeast Asian,Vietnamese,Asian,67.1961,280.7685,7.6271,1.2706,Southeast Asian
62379,Southeast Asian,Vietnamese,Asian,0.4080,1323.6222,77.4748,110.5855,Southeast Asian
62380,Southeast Asian,Vietnamese,Asian,73.4130,1486.7392,191.1796,47.1637,Southeast Asian
62381,Southeast Asian,Vietnamese,Asian,227.0412,4149.1285,349.7730,206.6419,Southeast Asian
62382,Southeast Asian,Vietnamese,Asian,65.5583,930.9076,102.9716,30.3024,Southeast Asian
62383,Southeast Asian,Vietnamese,Asian,89.7700,371.4543,1.8200,0.7500,Southeast Asian
62384,Southeast Asian,Vietnamese,Asian,119.7222,1269.1816,59.2208,63.6789,Southeast Asian
62385,Southeast Asian,Vietnamese,Asian,114.0405,2783.8558,123.9812,216.1301,Southeast Asian
62386,Southeast Asian,Vietnamese,Asian,64.5784,2354.1997,55.6694,210.5392,Southeast Asian
62387,Southeast Asian,Vietnamese,Asian,65.3550,818.2024,100.7872,16.9125,Southeast Asian
62388,Southeast Asian,Vietnamese,Asian,21.9422,673.4411,12.1984,63.6091,Southeast Asian
62389,Southeast Asian,Vietnamese,Asian,148.3979,1712.4990,129.7994,69.4533,Southeast Asian
62390,Southeast Asian,Vietnamese,Asian,48.2751,14049.4258,2830.5236,210.3680,Southeast Asian
62391,Southeast Asian,Vietnamese,Asian,10.4281,269.7640,1.1075,25.4812,Southeast Asian
62392,Southeast Asian,Vietnamese,Asian,27.3163,729.1589,79.6301,33.4201,Southeast Asian
62393,Southeast Asian,Vietnamese,Asian,721.6191,3762.9602,111.5423,48.6082,Southeast Asian
62394,Southeast Asian,Vietnamese,Asian,21.8329,501.7741,38.9196,30.5933,Southeast Asian
62395,Southeast Asian,Vietnamese,Asian,13.5613,498.2161,91.2143,6.9856,Southeast Asian
62396,Southeast Asian,Vietnamese,Asian,644.8335,3332.8146,63.7256,53.9394,Southeast Asian
62397,Southeast Asian,Vietnamese,Asian,233.9427,1261.1540,18.5806,30.6158,Southeast Asian
62398,Southeast Asian,Vietnamese,Asian,51.3584,1622.2597,144.0843,94.5674,Southeast Asian
62399,Southeast Asian,Vietnamese,Asian,216.3017,2231.4799,151.4976,81.9590,Southeast Asian
62400,Southeast Asian,Vietnamese,Asian,31.8358,133.9805,1.8139,0.1416,Southeast Asian
62401,Southeast Asian,Vietnamese,Asian,129.4175,1402.9084,152.0321,32.6116,Southeast Asian
62402,Southeast Asian,Vietnamese,Asian,126.9591,1613.6160,84.9093,86.1387,Southeast Asian
62403,Southeast Asian,Vietnamese,Asian,95.5297,754.3339,6.5584,41.2220,Southeast Asian
62404,Southeast Asian,Vietnamese,Asian,22.9795,441.8978,75.7539,4.3523,Southeast Asian
62405,Southeast Asian,Vietnamese,Asian,175.9494,1335.0050,26.7621,57.9915,Southeast Asian
62406,Southeast Asian,Vietnamese,Asian,90.6348,842.1572,96.2986,14.9872,Southeast Asian
62407,Southeast Asian,Vietnamese,Asian,4234.3437,167564.6051,1792.1452,17216.8041,Southeast Asian
62408,Southeast Asian,Vietnamese,Asian,381.3347,3860.8985,366.0441,105.7590,Southeast Asian
62409,Southeast Asian,Vietnamese,Asian,6.2023,996.4354,79.6557,70.2076,Southeast Asian
62410,Southeast Asian,Vietnamese,Asian,109.4012,17953.0924,396.2634,1782.8859,Southeast Asian
62411,Southeast Asian,Vietnamese,Asian,208.1029,2159.6518,67.7762,117.0016,Southeast Asian
62412,Southeast Asian,Vietnamese,Asian,18.3277,176646.3492,21404.5681,10101.6186,Southeast Asian
62413,Southeast Asian,Vietnamese,Asian,1.3039,5.2870,0.1493,0.0512,Southeast Asian
62414,Southeast Asian,Vietnamese,Asian,9.9278,6467.7387,1404.0594,49.7591,Southeast Asian
62415,Southeast Asian,Vietnamese,Asian,38.2236,2773.8246,243.3827,175.8847,Southeast Asian
62416,Southeast Asian,Vietnamese,Asian,285.1065,1749.5590,47.0405,44.4864,Southeast Asian
62417,Southeast Asian,Vietnamese,Asian,3.8537,550.3932,105.9640,12.2500,Southeast Asian
62418,Southeast Asian,Vietnamese,Asian,73.3629,484.3798,21.6671,12.7033,Southeast Asian
62419,Southeast Asian,Vietnamese,Asian,164.5872,1080.3253,42.7376,30.4255,Southeast Asian
62420,Southeast Asian,Vietnamese,Asian,347.2841,1459.7433,30.6998,3.7907,Southeast Asian
62421,Southeast Asian,Vietnamese,Asian,71.8885,4267.5658,332.7130,288.4236,Southeast Asian
62422,Southeast Asian,Vietnamese,Asian,2215.3971,1196729.6140,26058.6919,120271.2538,Southeast Asian
62423,Southeast Asian,Vietnamese,Asian,140.9705,1422.1152,83.0947,60.5754,Southeast Asian
62424,Southeast Asian,Vietnamese,Asian,125.1260,1815.5893,125.9840,89.4876,Southeast Asian
62425,Southeast Asian,Vietnamese,Asian,116.9661,579.9914,24.9320,4.9981,Southeast Asian
62426,Southeast Asian,Vietnamese,Asian,327.8878,3746.0513,117.2794,220.2587,Southeast Asian
62427,Southeast Asian,Vietnamese,Asian,41.9696,537.2300,4.5944,41.3974,Southeast Asian
62428,Southeast Asian,Vietnamese,Asian,23.4620,910.7202,3.0998,89.3037,Southeast Asian
62429,Southeast Asian,Vietnamese,Asian,174.2733,2012.8890,114.9614,102.9140,Southeast Asian
62430,Southeast Asian,Vietnamese,Asian,47.2153,637.1717,47.9817,28.5534,Southeast Asian
62431,Southeast Asian,Vietnamese,Asian,14.5972,467.1476,91.7510,2.4999,Southeast Asian
62432,Southeast Asian,Vietnamese,Asian,52.1131,2244.9012,52.9015,203.1421,Southeast Asian
62433,Southeast Asian,Vietnamese,Asian,23.4176,811.7773,134.4348,16.4420,Southeast Asian
62434,Southeast Asian,Vietnamese,Asian,173.3339,3917.6082,397.9424,169.4423,Southeast Asian
62435,Southeast Asian,Vietnamese,Asian,25.5939,480.8085,6.8074,41.3896,Southeast Asian
62436,Southeast Asian,Vietnamese,Asian,97.2095,495.6021,18.4784,4.6295,Southeast Asian
62437,Southeast Asian,Vietnamese,Asian,185.8317,202659.0184,44900.1210,1146.8172,Southeast Asian
62438,Southeast Asian,Vietnamese,Asian,63.6633,1197.2169,150.6096,40.2175,Southeast Asian
62439,Southeast Asian,Vietnamese,Asian,26.1987,913.2905,34.1596,76.5332,Southeast Asian
62440,Southeast Asian,Vietnamese,Asian,318.6946,2608.3245,154.8567,84.4934,Southeast Asian
62441,Southeast Asian,Vietnamese,Asian,1846.3628,10299.1155,964.3140,161.8147,Southeast Asian
62442,Southeast Asian,Vietnamese,Asian,33.7670,1957.0590,66.8941,171.9991,Southeast Asian
62443,Southeast Asian,Vietnamese,Asian,3203.9271,184429.6373,2412.3500,18629.5593,Southeast Asian
62444,Southeast Asian,Vietnamese,Asian,68.2328,1760.1588,81.5881,132.2818,Southeast Asian
62445,Southeast Asian,Vietnamese,Asian,792.8110,4310.8477,128.7213,76.7364,Southeast Asian
62446,Southeast Asian,Vietnamese,Asian,362.8552,3043.8122,199.5409,96.7299,Southeast Asian
62447,Southeast Asian,Vietnamese,Asian,128.7178,763.2530,3.4450,27.6400,Southeast Asian
62448,Southeast Asian,Vietnamese,Asian,51.0206,1414.7642,174.9513,58.4814,Southeast Asian
62449,Southeast Asian,Vietnamese,Asian,28.7314,1902.4261,168.0781,121.4214,Southeast Asian
62450,Southeast Asian,Vietnamese,Asian,51.3584,445.7770,1.4700,27.2616,Southeast Asian
62451,Southeast Asian,Vietnamese,Asian,10259.0600,415388.2740,4143.1154,42926.0675,Southeast Asian
62452,Southeast Asian,Vietnamese,Asian,76.6532,710.2167,101.4924,2.8640,Southeast Asian
62453,Southeast Asian,Vietnamese,Asian,138.6254,638.9140,13.3463,8.3073,Southeast Asian
62454,Southeast Asian,Vietnamese,Asian,433.7946,2069.4692,64.7300,5.1377,Southeast Asian
62455,Southeast Asian,Vietnamese,Asian,295.0865,14117.8180,2967.7025,127.9427,Southeast Asian
62456,Southeast Asian,Vietnamese,Asian,64.0977,1154.9286,100.2716,60.8630,Southeast Asian
62457,Southeast Asian,Vietnamese,Asian,5.4417,206.8855,7.6646,17.5708,Southeast Asian
62458,Southeast Asian,Vietnamese,Asian,698.6341,3553.1587,86.1648,42.4247,Southeast Asian
62459,Southeast Asian,Vietnamese,Asian,150.8867,1936.4820,30.7873,149.2530,Southeast Asian
62460,Southeast Asian,Vietnamese,Asian,98.2117,3671.9134,185.4131,279.2060,Southeast Asian
62461,Southeast Asian,Vietnamese,Asian,53.3967,2005.0174,214.0756,106.8192,Southeast Asian
62462,Southeast Asian,Vietnamese,Asian,41.8022,1435.2045,142.3023,79.4877,Southeast Asian
62463,Southeast Asian,Vietnamese,Asian,315.7938,1278.8125,4.9702,0.2684,Southeast Asian
62464,Southeast Asian,Vietnamese,Asian,112.3997,2455.4797,80.2558,187.0610,Southeast Asian
62465,Southeast Asian,Vietnamese,Asian,30221.6000,252500.2622,13467.7248,8204.8515,Southeast Asian
62466,Southeast Asian,Vietnamese,Asian,8.2896,747.4248,126.9435,19.1406,Southeast Asian
62467,Southeast Asian,Vietnamese,Asian,265.3129,2900.8064,206.5210,115.8400,Southeast Asian
62468,Southeast Asian,Vietnamese,Asian,160.0841,1503.2625,124.1363,42.2250,Southeast Asian
62469,Southeast Asian,Vietnamese,Asian,101.3416,1858.3396,50.4243,142.7405,Southeast Asian
62470,Southeast Asian,Vietnamese,Asian,538.9391,3164.8480,74.4302,88.0169,Southeast Asian
62471,Southeast Asian,Vietnamese,Asian,82.9402,2519.0763,269.1919,115.6497,Southeast Asian
62472,Southeast Asian,Vietnamese,Asian,483.1861,3776.1116,240.1705,89.0582,Southeast Asian
62473,Southeast Asian,Vietnamese,Asian,2714.0556,1495123.5670,32555.8055,150281.7839,Southeast Asian
62474,Southeast Asian,Vietnamese,Asian,446.7400,2798.7964,152.9443,65.8835,Southeast Asian
62475,Southeast Asian,Vietnamese,Asian,90.9445,1501.1640,33.9078,122.0854,Southeast Asian
62476,Southeast Asian,Vietnamese,Asian,58.4715,847.2825,107.1441,19.1507,Southeast Asian
62477,Southeast Asian,Vietnamese,Asian,311.6826,1697.7116,62.8187,22.1356,Southeast Asian
62478,Southeast Asian,Vietnamese,Asian,11.1752,2601.4436,162.3966,212.6394,Southeast Asian
62479,Southeast Asian,Vietnamese,Asian,103.2550,1358.4540,141.8671,43.7725,Southeast Asian
62480,Southeast Asian,Vietnamese,Asian,13.8036,720.3870,49.0910,51.4880,Southeast Asian
62481,Southeast Asian,Vietnamese,Asian,176.7941,195788.9511,23663.1736,10489.9832,Southeast Asian
62482,Southeast Asian,Vietnamese,Asian,59.1483,1217.1433,109.9035,57.9341,Southeast Asian
62483,Southeast Asian,Vietnamese,Asian,1344.9886,7064.0703,228.7600,88.2090,Southeast Asian
62484,Southeast Asian,Vietnamese,Asian,11.3741,367.6995,13.1439,29.8260,Southeast Asian
62485,Southeast Asian,Vietnamese,Asian,45.6302,2423.4950,57.3711,225.2217,Southeast Asian
62486,Southeast Asian,Vietnamese,Asian,2780.8888,23694.1297,1963.6738,825.0475,Southeast Asian
62487,Southeast Asian,Vietnamese,Asian,1.5328,6.5600,0.1488,0.0384,Southeast Asian
62488,Southeast Asian,Vietnamese,Asian,65.0356,3067.7800,45.9106,291.4927,Southeast Asian
62489,Southeast Asian,Vietnamese,Asian,49.6572,259.9377,16.0208,0.2312,Southeast Asian
62490,Southeast Asian,Vietnamese,Asian,230.0420,2888.9422,133.9636,168.6219,Southeast Asian
62491,Southeast Asian,Vietnamese,Asian,2.9838,489.1225,0.7342,54.0224,Southeast Asian
62492,Southeast Asian,Vietnamese,Asian,12.3154,55.7608,2.3609,0.5589,Southeast Asian
62493,Southeast Asian,Vietnamese,Asian,59.2690,2103.8972,202.1672,121.6023,Southeast Asian
62494,Southeast Asian,Vietnamese,Asian,311.3524,2282.9405,142.1162,47.2239,Southeast Asian
62495,Southeast Asian,Vietnamese,Asian,373.9261,2020.1901,78.0101,15.9968,Southeast Asian
62496,Southeast Asian,Vietnamese,Asian,51.7962,323.1761,18.8007,4.7159,Southeast Asian
62497,Southeast Asian,Vietnamese,Asian,46.3365,699.8612,91.9034,16.6971,Southeast Asian
62498,Southeast Asian,Vietnamese,Asian,28.2424,936.5736,125.9632,35.3924,Southeast Asian
62499,Southeast Asian,Vietnamese,Asian,68.9396,2347.9575,76.1477,194.7666,Southeast Asian
62500,Southeast Asian,Vietnamese,Asian,51.5458,615.1698,83.2647,7.3622,Southeast Asian
62501,Southeast Asian,Vietnamese,Asian,47.4307,2253.1294,177.4369,149.3456,Southeast Asian
62502,Southeast Asian,Vietnamese,Asian,19.1775,114.7443,7.1411,1.9240,Southeast Asian
62503,Southeast Asian,Vietnamese,Asian,40.8120,166.4285,2.9786,0.3139,Southeast Asian
62504,Southeast Asian,Vietnamese,Asian,721.5360,4752.2420,217.0824,115.0159,Southeast Asian
62505,Southeast Asian,Vietnamese,Asian,61.9315,13267.9869,1198.9676,875.7210,Southeast Asian
62506,Southeast Asian,Vietnamese,Asian,169.0007,1673.4814,80.1358,78.3334,Southeast Asian
62507,Southeast Asian,Vietnamese,Asian,115.2462,1931.0339,53.4839,146.2518,Southeast Asian
62508,Southeast Asian,Vietnamese,Asian,46.6525,2248.6322,104.8101,180.2676,Southeast Asian
62509,Southeast Asian,Vietnamese,Asian,65.4061,1310.3861,177.6553,35.6013,Southeast Asian
62510,Southeast Asian,Vietnamese,Asian,82.3155,5790.1341,23.1307,614.7514,Southeast Asian
62511,Southeast Asian,Vietnamese,Asian,10.7536,1435.8767,182.1810,68.5740,Southeast Asian
62512,Southeast Asian,Vietnamese,Asian,35.0645,883.4628,84.9108,42.8964,Southeast Asian
62513,Southeast Asian,Vietnamese,Asian,24.3352,303522.9450,67328.5085,1794.7162,Southeast Asian
62514,Southeast Asian,Vietnamese,Asian,11.5385,361.7590,8.8599,32.4420,Southeast Asian
62515,Southeast Asian,Vietnamese,Asian,89.3657,571.6550,17.4827,17.7292,Southeast Asian
62516,Southeast Asian,Vietnamese,Asian,837.0647,4049.2767,131.9359,21.7331,Southeast Asian
62517,Southeast Asian,Vietnamese,Asian,375.2545,6172.1914,104.0329,471.2167,Southeast Asian
62518,Southeast Asian,Vietnamese,Asian,60.1907,687.1820,28.4748,41.3302,Southeast Asian
62519,Southeast Asian,Vietnamese,Asian,14.8657,444.1832,47.7046,21.7683,Southeast Asian
62520,Southeast Asian,Vietnamese,Asian,305.2954,1357.7865,3.4393,14.1770,Southeast Asian
62521,Southeast Asian,Vietnamese,Asian,21.3865,242545.9390,53872.5658,1398.4713,Southeast Asian
62522,Southeast Asian,Vietnamese,Asian,12.1136,65.4170,4.3476,0.2058,Southeast Asian
62523,Southeast Asian,Vietnamese,Asian,232.8596,28684.4752,4181.5733,1228.2825,Southeast Asian
62524,Southeast Asian,Vietnamese,Asian,115.5331,2053.4109,201.9833,84.7209,Southeast Asian
62525,Southeast Asian,Vietnamese,Asian,25.9392,996.3760,111.7363,49.7924,Southeast Asian
62526,Southeast Asian,Vietnamese,Asian,17.1460,1651.4416,194.6614,84.2801,Southeast Asian
62527,Southeast Asian,Vietnamese,Asian,100.0348,659.2158,20.7494,26.1680,Southeast Asian
62528,Southeast Asian,Vietnamese,Asian,16.4620,1898.2385,66.7894,171.8215,Southeast Asian
62529,Southeast Asian,Vietnamese,Asian,85.7939,2265.0084,108.2863,165.8261,Southeast Asian
62530,Southeast Asian,Vietnamese,Asian,57.9101,783.9470,97.2028,19.7976,Southeast Asian
62531,Southeast Asian,Vietnamese,Asian,104.2221,978.1400,115.5412,12.3448,Southeast Asian
62532,Southeast Asian,Vietnamese,Asian,39.7848,2907.7287,260.8236,191.3404,Southeast Asian
62533,Southeast Asian,Vietnamese,Asian,164.9379,1578.4685,111.9875,52.1074,Southeast Asian
62534,Southeast Asian,Vietnamese,Asian,77.3295,1200.4310,38.3045,84.2173,Southeast Asian
62535,Southeast Asian,Vietnamese,Asian,38.0660,189.4707,9.5514,0.4545,Southeast Asian
62536,Southeast Asian,Vietnamese,Asian,55.4425,1190.5200,104.5174,61.3323,Southeast Asian
62537,Southeast Asian,Vietnamese,Asian,47.9413,611.2765,8.8225,45.1212,Southeast Asian
62538,Southeast Asian,Vietnamese,Asian,390.0686,3384.7841,390.2051,13.7881,Southeast Asian
62539,Southeast Asian,Vietnamese,Asian,0.9828,1701.4500,63.9612,157.8177,Southeast Asian
62540,Southeast Asian,Vietnamese,Asian,32.1282,587.6598,51.9737,28.8303,Southeast Asian
62541,Southeast Asian,Vietnamese,Asian,23703.7109,146359.2212,5379.3092,3464.8294,Southeast Asian
62542,Southeast Asian,Vietnamese,Asian,62.8905,928.8728,103.1667,30.5973,Southeast Asian
62543,Southeast Asian,Vietnamese,Asian,35.6392,543.8053,63.7608,15.5489,Southeast Asian
62544,Southeast Asian,Vietnamese,Asian,45.1979,905.2736,44.0298,62.2878,Southeast Asian
62545,Southeast Asian,Vietnamese,Asian,373.9261,2020.1901,78.0101,15.9968,Southeast Asian
62546,Southeast Asian,Vietnamese,Asian,30.9248,2524.5827,83.4890,231.6076,Southeast Asian
62547,Southeast Asian,Vietnamese,Asian,95.9161,4014.4330,9.2487,409.9628,Southeast Asian
62548,Southeast Asian,Vietnamese,Asian,135.8054,4109.6860,83.0946,375.2124,Southeast Asian
62549,Southeast Asian,Vietnamese,Asian,395.6861,3744.2066,129.0585,184.6285,Southeast Asian
62550,Southeast Asian,Vietnamese,Asian,56.5968,250.5600,4.7608,0.8384,Southeast Asian
62551,Southeast Asian,Vietnamese,Asian,8.7362,5050.4785,148.2100,493.5452,Southeast Asian
62552,Southeast Asian,Vietnamese,Asian,92.4232,2270.3565,86.0709,173.4979,Southeast Asian
62553,Southeast Asian,Vietnamese,Asian,65.5891,1176.4367,73.3825,73.0177,Southeast Asian
62554,Southeast Asian,Vietnamese,Asian,251.3041,1894.0958,134.0504,42.9881,Southeast Asian
62555,Southeast Asian,Vietnamese,Asian,331.4510,7274.3027,129.6546,625.2018,Southeast Asian
62556,Southeast Asian,Vietnamese,Asian,16.0946,5894.7167,452.7660,434.6000,Southeast Asian
62557,Southeast Asian,Vietnamese,Asian,26.6591,1157.7033,116.8087,63.4240,Southeast Asian
62558,Southeast Asian,Vietnamese,Asian,163.6914,1478.7554,88.0279,52.9093,Southeast Asian
62559,Southeast Asian,Vietnamese,Asian,2255.9636,249144.1278,47401.0129,5597.6767,Southeast Asian
62560,Southeast Asian,Vietnamese,Asian,287.0973,2831.3349,90.3889,149.6015,Southeast Asian
62561,Southeast Asian,Vietnamese,Asian,122.4929,1389.6902,23.2573,96.2787,Southeast Asian
62562,Southeast Asian,Vietnamese,Asian,9.4621,711.3700,147.0584,4.9505,Southeast Asian
62563,Southeast Asian,Vietnamese,Asian,2.2063,2573.6236,291.1272,157.0087,Southeast Asian
62564,Southeast Asian,Vietnamese,Asian,22.8176,387.2400,32.2570,19.7385,Southeast Asian
62565,Southeast Asian,Vietnamese,Asian,747.9032,3693.1221,109.2452,16.1874,Southeast Asian
62566,Southeast Asian,Vietnamese,Asian,7.4827,214.6225,20.2445,12.2130,Southeast Asian
62567,Southeast Asian,Vietnamese,Asian,85.7592,3238.7500,66.6358,292.7957,Southeast Asian
62568,Southeast Asian,Vietnamese,Asian,5.9580,946.0830,57.1478,75.4357,Southeast Asian
62569,Southeast Asian,Vietnamese,Asian,6.6896,351.3450,71.9095,2.2415,Southeast Asian
62570,Southeast Asian,Vietnamese,Asian,5409.2277,224038.8630,2434.5173,23095.6215,Southeast Asian
62571,Southeast Asian,Vietnamese,Asian,1.4205,646.6065,89.6842,29.3948,Southeast Asian
62572,Southeast Asian,Vietnamese,Asian,177.4251,4413.4862,411.5648,224.1783,Southeast Asian
62573,Southeast Asian,Vietnamese,Asian,35.4966,609.6433,36.2339,39.2232,Southeast Asian
62574,Southeast Asian,Vietnamese,Asian,82.8286,2117.4960,74.1576,165.1588,Southeast Asian
62575,Southeast Asian,Vietnamese,Asian,87.9436,5408.8967,90.5715,521.2414,Southeast Asian
62576,Southeast Asian,Vietnamese,Asian,102.5060,1771.6047,122.3949,103.5801,Southeast Asian
62577,Southeast Asian,Vietnamese,Asian,111.4483,1019.2260,28.8546,58.1174,Southeast Asian
62578,Southeast Asian,Vietnamese,Asian,103.8899,639.5991,20.7999,17.9250,Southeast Asian
62579,Southeast Asian,Vietnamese,Asian,61.1076,1268.4675,100.6224,68.4085,Southeast Asian
62580,Southeast Asian,Vietnamese,Asian,118.0670,3590.1350,82.9148,321.4408,Southeast Asian
62581,Southeast Asian,Vietnamese,Asian,155.9874,2794.8897,429.0189,42.6810,Southeast Asian
62582,Southeast Asian,Vietnamese,Asian,28.5807,235.7280,26.1444,2.3312,Southeast Asian
62583,Southeast Asian,Vietnamese,Asian,223.9198,1980.5479,92.1836,96.3077,Southeast Asian
62584,Southeast Asian,Vietnamese,Asian,18.5835,1569.4719,137.9834,100.3707,Southeast Asian
62585,Southeast Asian,Vietnamese,Asian,18.1588,788.0561,101.0358,31.9235,Southeast Asian
62586,Southeast Asian,Vietnamese,Asian,88.7378,9886.7896,832.3308,670.3696,Southeast Asian
62587,Southeast Asian,Vietnamese,Asian,448.7629,4287.1803,194.2848,182.5693,Southeast Asian
62588,Southeast Asian,Vietnamese,Asian,627.6420,3025.1890,60.6022,22.1295,Southeast Asian
62589,Southeast Asian,Vietnamese,Asian,29.3881,426640.9420,15781.5140,39783.3380,Southeast Asian
62590,Southeast Asian,Vietnamese,Asian,89.6825,459.2865,6.0412,10.7173,Southeast Asian
62591,Southeast Asian,Vietnamese,Asian,40.1774,10205.5782,225.4636,1016.2942,Southeast Asian
62592,Southeast Asian,Vietnamese,Asian,53.6506,2489.3823,70.6611,221.2912,Southeast Asian
62593,Southeast Asian,Vietnamese,Asian,338.9792,1545.2850,34.5513,3.4633,Southeast Asian
62594,Southeast Asian,Vietnamese,Asian,57.7443,1112.6586,151.7069,28.4642,Southeast Asian
62595,Southeast Asian,Vietnamese,Asian,611.3907,3142.2965,62.4314,42.3528,Southeast Asian
62596,Southeast Asian,Vietnamese,Asian,6998.1974,209018.3492,35343.7327,3161.7880,Southeast Asian
62597,Southeast Asian,Vietnamese,Asian,19.4396,369.9730,37.7304,15.0839,Southeast Asian
62598,Southeast Asian,Vietnamese,Asian,209.8152,1765.4868,123.1588,48.6348,Southeast Asian
62599,Southeast Asian,Vietnamese,Asian,328.0290,3063.9040,113.5718,143.5519,Southeast Asian
62600,Southeast Asian,Vietnamese,Asian,50.8975,224.2580,9.1828,1.6872,Southeast Asian
62601,Southeast Asian,Vietnamese,Asian,41.7030,2399.4972,206.5972,152.4202,Southeast Asian
62602,Southeast Asian,Vietnamese,Asian,84.2122,3752.7725,130.8289,318.3471,Southeast Asian
62603,Southeast Asian,Vietnamese,Asian,176.2414,1383.9576,133.1220,18.5136,Southeast Asian
62604,Southeast Asian,Vietnamese,Asian,93.4644,956.7420,15.4780,59.0240,Southeast Asian
62605,Southeast Asian,Vietnamese,Asian,337.5355,1635.3965,15.0318,31.4562,Southeast Asian
62606,Southeast Asian,Vietnamese,Asian,220.3175,2050.8776,137.6966,69.2065,Southeast Asian
62607,Southeast Asian,Vietnamese,Asian,186.3561,5688.4200,112.8721,501.7258,Southeast Asian
62608,Southeast Asian,Vietnamese,Asian,199.0795,1657.6729,122.5671,42.1121,Southeast Asian
62609,Southeast Asian,Vietnamese,Asian,396.5758,3501.5080,93.4803,161.7227,Southeast Asian
62610,Southeast Asian,Vietnamese,Asian,260.3405,2163.6093,93.1142,83.9974,Southeast Asian
62611,Southeast Asian,Vietnamese,Asian,223.9556,1570.9664,62.5429,50.4211,Southeast Asian
62612,Southeast Asian,Vietnamese,Asian,12.0697,602.3597,109.4924,12.4286,Southeast Asian
62613,Southeast Asian,Vietnamese,Asian,337.8514,2438.8701,146.6957,59.1599,Southeast Asian
62614,Southeast Asian,Vietnamese,Asian,52.5930,1410.5944,154.2458,63.5847,Southeast Asian
62615,Southeast Asian,Vietnamese,Asian,45.4265,1207.8273,98.3137,69.7296,Southeast Asian
62616,Southeast Asian,Vietnamese,Asian,237.9477,4021.5478,130.7742,279.2481,Southeast Asian
62617,Southeast Asian,Vietnamese,Asian,5220.8339,22201.8174,19.2272,220.3690,Southeast Asian
62618,Southeast Asian,Vietnamese,Asian,44.3962,197.0430,5.2652,0.4901,Southeast Asian
62619,Southeast Asian,Vietnamese,Asian,402.9131,3030.4665,300.7175,11.1873,Southeast Asian
62620,Southeast Asian,Vietnamese,Asian,324.3101,2643.2662,72.6060,115.2969,Southeast Asian
62621,Southeast Asian,Vietnamese,Asian,33.0801,585.4935,51.4896,29.6844,Southeast Asian
62622,Southeast Asian,Vietnamese,Asian,126.7373,730.9584,15.4162,20.8257,Southeast Asian
62623,Southeast Asian,Vietnamese,Asian,255.8230,2284.8769,193.8205,52.8677,Southeast Asian
62624,Southeast Asian,Vietnamese,Asian,1654.5423,11594.1168,471.0161,366.6097,Southeast Asian
62625,Southeast Asian,Vietnamese,Asian,28.9826,743.2124,140.7409,4.0445,Southeast Asian
62626,Southeast Asian,Vietnamese,Asian,198.1107,2649.0685,41.9325,209.4220,Southeast Asian
62627,Southeast Asian,Vietnamese,Asian,1455.6553,8324.7838,314.5720,173.5545,Southeast Asian
62628,Southeast Asian,Vietnamese,Asian,349.2484,4116.3354,317.4222,149.7679,Southeast Asian
62629,Southeast Asian,Vietnamese,Asian,17.8886,67.6558,0.2531,0.0380,Southeast Asian
62630,Southeast Asian,Vietnamese,Asian,41.0881,3170.8482,285.9005,202.5244,Southeast Asian
62631,Southeast Asian,Vietnamese,Asian,329.7094,1580.5888,6.1053,31.6683,Southeast Asian
62632,Southeast Asian,Vietnamese,Asian,146.8024,780.6866,39.3860,4.1324,Southeast Asian
62633,Southeast Asian,Vietnamese,Asian,106.7370,470.8400,0.5673,0.1464,Southeast Asian
62634,Southeast Asian,Vietnamese,Asian,7.2918,40.1405,2.8519,0.0429,Southeast Asian
62635,Southeast Asian,Vietnamese,Asian,73.7459,683.5617,39.7254,24.7373,Southeast Asian
62636,Southeast Asian,Vietnamese,Asian,289.4293,2819.6351,253.5388,78.6281,Southeast Asian
62637,Southeast Asian,Vietnamese,Asian,229.7017,1681.1296,98.0580,39.4320,Southeast Asian
62638,Southeast Asian,Vietnamese,Asian,75.0534,2305.3832,92.9670,179.6676,Southeast Asian
62639,Southeast Asian,Vietnamese,Asian,386.5617,2735.7690,146.4131,64.0122,Southeast Asian
62640,Southeast Asian,Vietnamese,Asian,845.7084,4004.8118,260.3297,33.0077,Southeast Asian
62641,Southeast Asian,Vietnamese,Asian,17.7696,106.0700,6.2309,1.2760,Southeast Asian
62642,Southeast Asian,Vietnamese,Asian,19.4983,702.4182,42.5334,49.8372,Southeast Asian
62643,Southeast Asian,Vietnamese,Asian,23.4675,525.0067,62.1181,20.3564,Southeast Asian
62644,Southeast Asian,Vietnamese,Asian,235.4142,1676.7723,142.1512,21.2410,Southeast Asian
62645,Southeast Asian,Vietnamese,Asian,332.2481,3955.6984,221.3784,187.8180,Southeast Asian
62646,Southeast Asian,Vietnamese,Asian,6.0123,47.1695,5.7221,0.5698,Southeast Asian
62647,Southeast Asian,Vietnamese,Asian,11.5723,751.9138,56.6075,53.2582,Southeast Asian
62648,Southeast Asian,Vietnamese,Asian,260.8560,2136.2208,193.3444,33.7632,Southeast Asian
62649,Southeast Asian,Vietnamese,Asian,4250.6909,44430.5526,3137.8249,1520.5424,Southeast Asian
62650,Southeast Asian,Vietnamese,Asian,7.5881,490.9378,50.0629,29.1453,Southeast Asian
62651,Southeast Asian,Vietnamese,Asian,28.7573,1359.7920,4.9814,140.9998,Southeast Asian
62652,Southeast Asian,Vietnamese,Asian,40402.4105,161591.9025,13.1575,2.3249,Southeast Asian
62653,Southeast Asian,Vietnamese,Asian,61.1757,264.4130,5.0946,0.0515,Southeast Asian
62654,Southeast Asian,Vietnamese,Asian,357.2237,3218.4252,149.0378,165.9541,Southeast Asian
62655,Southeast Asian,Vietnamese,Asian,18.2622,733.3534,72.6112,39.7421,Southeast Asian
62656,Southeast Asian,Vietnamese,Asian,16.9581,735.0355,69.4711,43.0752,Southeast Asian
62657,Southeast Asian,Vietnamese,Asian,20.6658,2079.4320,97.1224,176.9677,Southeast Asian
62658,Southeast Asian,Vietnamese,Asian,54.1932,456.9435,2.1670,27.3148,Southeast Asian
62659,Southeast Asian,Vietnamese,Asian,40.2779,3135.2989,341.6020,175.8513,Southeast Asian
62660,Southeast Asian,Vietnamese,Asian,20.4957,1269.2850,151.2823,62.5510,Southeast Asian
62661,Southeast Asian,Vietnamese,Asian,162.0374,1541.3849,65.4252,71.4871,Southeast Asian
62662,Southeast Asian,Vietnamese,Asian,17846.4010,486023.9779,5921.8328,47046.9016,Southeast Asian
62663,Southeast Asian,Vietnamese,Asian,1201.0253,42162.1430,1889.3547,3671.4937,Southeast Asian
62664,Southeast Asian,Vietnamese,Asian,178.4629,1356.4714,154.5511,4.0990,Southeast Asian
62665,Southeast Asian,Vietnamese,Asian,165.1640,1012.0613,12.6378,36.9739,Southeast Asian
62666,Southeast Asian,Vietnamese,Asian,16.0050,414.1113,62.4816,10.0845,Southeast Asian
62667,Southeast Asian,Vietnamese,Asian,10.5667,255.0682,20.2393,14.3982,Southeast Asian
62668,Southeast Asian,Vietnamese,Asian,1574.6595,9886.6784,650.3179,207.1433,Southeast Asian
62669,Southeast Asian,Vietnamese,Asian,670.2412,3552.4192,109.1373,48.6283,Southeast Asian
62670,Southeast Asian,Vietnamese,Asian,155.8696,1346.6797,132.6466,19.8950,Southeast Asian
62671,Southeast Asian,Vietnamese,Asian,181.0705,1464.8754,87.3218,51.9525,Southeast Asian
62672,Southeast Asian,Vietnamese,Asian,138.8676,1401.5566,50.7727,79.2722,Southeast Asian
62673,Southeast Asian,Vietnamese,Asian,56.4360,636.4708,91.5885,2.2716,Southeast Asian
62674,Southeast Asian,Vietnamese,Asian,18.0070,556.5458,5.7446,53.6232,Southeast Asian
62675,Southeast Asian,Vietnamese,Asian,257.6856,3190.6212,146.2544,189.1465,Southeast Asian
62676,Southeast Asian,Cambodian,Asian,344.9438,3780.6655,221.2633,176.3132,Southeast Asian
62677,Southeast Asian,Cambodian,Asian,138.6516,1115.2065,24.3415,64.9755,Southeast Asian
62678,Southeast Asian,Cambodian,Asian,3.9285,85.5000,2.6715,7.2000,Southeast Asian
62679,Southeast Asian,Cambodian,Asian,157.3767,14611.8780,3297.8508,86.8095,Southeast Asian
62680,Southeast Asian,Cambodian,Asian,83.7787,380.1060,12.8490,1.2416,Southeast Asian
62681,Southeast Asian,Cambodian,Asian,60.0975,250.7600,4.2789,0.0796,Southeast Asian
62682,Southeast Asian,Cambodian,Asian,55.2315,1944.4089,222.4240,95.1641,Southeast Asian
62683,Southeast Asian,Cambodian,Asian,334.6319,2006.7596,110.5286,23.1140,Southeast Asian
62684,Southeast Asian,Cambodian,Asian,68.2428,4497.7820,238.7332,368.7587,Southeast Asian
62685,Southeast Asian,Cambodian,Asian,42.7322,343.2347,19.4562,15.1511,Southeast Asian
62686,Southeast Asian,Cambodian,Asian,7713.4373,167122.7895,27923.6364,3344.8796,Southeast Asian
62687,Southeast Asian,Cambodian,Asian,78.7166,1859.5405,107.4082,129.6334,Southeast Asian
62688,Southeast Asian,Cambodian,Asian,36.1757,970.8647,9.1096,94.6233,Southeast Asian
62689,Southeast Asian,Cambodian,Asian,1.3104,72.2700,1.8216,6.7536,Southeast Asian
62690,Southeast Asian,Cambodian,Asian,10.5033,426.0960,4.1245,42.9145,Southeast Asian
62691,Southeast Asian,Cambodian,Asian,64.0952,2131.9080,2.4531,218.7431,Southeast Asian
62692,Southeast Asian,Cambodian,Asian,225.0330,1186.3716,43.5651,25.3840,Southeast Asian
62693,Southeast Asian,Cambodian,Asian,19.5589,1092.6057,156.5595,39.8157,Southeast Asian
62694,Southeast Asian,Cambodian,Asian,6547.1200,282188.5000,6037.2750,28028.4000,Southeast Asian
62695,Southeast Asian,Cambodian,Asian,5.5154,422.4020,25.8087,32.9537,Southeast Asian
62696,Southeast Asian,Cambodian,Asian,180.3347,1144.6020,19.6286,43.1636,Southeast Asian
62697,Southeast Asian,Cambodian,Asian,23.8386,239.3680,8.1044,14.4374,Southeast Asian
62698,Southeast Asian,Cambodian,Asian,26.4142,905.6644,150.8327,18.9817,Southeast Asian
62699,Southeast Asian,Cambodian,Asian,39.8096,410.8238,4.8222,28.8805,Southeast Asian
62700,Southeast Asian,Cambodian,Asian,62.2389,420753.8036,22448.6883,36748.2807,Southeast Asian
62701,Southeast Asian,Cambodian,Asian,18.5926,70.8903,0.3843,0.0474,Southeast Asian
62702,Southeast Asian,Cambodian,Asian,26.8240,1416.6019,122.4915,87.7547,Southeast Asian
62703,Southeast Asian,Cambodian,Asian,2.9461,28.2600,4.0850,0.0407,Southeast Asian
62704,Southeast Asian,Cambodian,Asian,42.3846,150.8505,2.1053,0.2961,Southeast Asian
62705,Southeast Asian,Cambodian,Asian,145.8209,1366.4840,31.8432,76.5107,Southeast Asian
62706,Southeast Asian,Cambodian,Asian,98.3668,760.5069,7.6798,42.6670,Southeast Asian
62707,Southeast Asian,Cambodian,Asian,34.9715,1857.7000,30.9050,189.0230,Southeast Asian
62708,Southeast Asian,Cambodian,Asian,19.4195,1837.0184,165.9330,117.4583,Southeast Asian
62709,Southeast Asian,Cambodian,Asian,100.7980,402.9900,0.0000,0.0000,Southeast Asian
62710,Southeast Asian,Cambodian,Asian,8.4482,238.7665,46.4986,1.1498,Southeast Asian
62711,Southeast Asian,Cambodian,Asian,223.1471,1769.5311,87.2534,59.9139,Southeast Asian
62712,Southeast Asian,Cambodian,Asian,552.9354,6406.2875,175.9030,441.5704,Southeast Asian
62713,Southeast Asian,Cambodian,Asian,48.7352,12516.5352,276.7271,1248.1236,Southeast Asian
62714,Southeast Asian,Cambodian,Asian,129.1902,2286.9600,31.5264,200.8335,Southeast Asian
62715,Southeast Asian,Cambodian,Asian,94.6841,642.0562,6.5553,28.2855,Southeast Asian
62716,Southeast Asian,Cambodian,Asian,14.5478,117.4280,6.0609,4.5110,Southeast Asian
62717,Southeast Asian,Cambodian,Asian,30.2127,122.8712,2.1904,0.9921,Southeast Asian
62718,Southeast Asian,Cambodian,Asian,80.4428,770.2936,20.2153,43.7036,Southeast Asian
62719,Southeast Asian,Cambodian,Asian,20.1162,197.8320,1.3683,13.4082,Southeast Asian
62720,Southeast Asian,Cambodian,Asian,56.6614,16068.2408,350.3702,1603.6159,Southeast Asian
62721,Southeast Asian,Cambodian,Asian,730.5235,6572.7781,284.1380,280.4692,Southeast Asian
62722,Southeast Asian,Cambodian,Asian,19.4329,1822.6380,201.9794,100.1423,Southeast Asian
62723,Southeast Asian,Cambodian,Asian,31.6431,1655.0045,106.1076,127.0810,Southeast Asian
62724,Southeast Asian,Cambodian,Asian,330.8642,3323.3990,102.8486,177.8568,Southeast Asian
62725,Southeast Asian,Cambodian,Asian,51.3900,200.2500,2.4525,0.7425,Southeast Asian
62726,Southeast Asian,Cambodian,Asian,171.2119,1498.8276,20.4720,86.4239,Southeast Asian
62727,Southeast Asian,Cambodian,Asian,119.0569,874.1195,62.1734,21.1130,Southeast Asian
62728,Southeast Asian,Cambodian,Asian,1817.0203,997449.8450,21737.9004,100252.8997,Southeast Asian
62729,Southeast Asian,Cambodian,Asian,312.1124,1598.1800,10.6974,44.8742,Southeast Asian
62730,Southeast Asian,Cambodian,Asian,35.2176,163.7650,7.0777,0.8962,Southeast Asian
62731,Southeast Asian,Cambodian,Asian,70.4450,327.5360,8.2254,1.8026,Southeast Asian
62732,Southeast Asian,Cambodian,Asian,92.4070,862.2951,96.1611,15.0274,Southeast Asian
62733,Southeast Asian,Cambodian,Asian,66.1350,835.3252,74.8316,32.9144,Southeast Asian
62734,Southeast Asian,Cambodian,Asian,0.6467,657.7312,74.4468,38.2673,Southeast Asian
62735,Southeast Asian,Cambodian,Asian,21.0539,236.5270,6.4239,14.4748,Southeast Asian
62736,Southeast Asian,Cambodian,Asian,56.0139,1704.6262,106.7682,121.9769,Southeast Asian
62737,Southeast Asian,Cambodian,Asian,72.1268,2121.3020,165.0999,130.4609,Southeast Asian
62738,Southeast Asian,Cambodian,Asian,24.3895,1140.5178,100.8553,72.1061,Southeast Asian
62739,Southeast Asian,Cambodian,Asian,51.9025,6368.2684,84.1299,673.7092,Southeast Asian
62740,Southeast Asian,Cambodian,Asian,34.6051,905.6608,8.4604,87.8647,Southeast Asian
62741,Southeast Asian,Cambodian,Asian,146.0766,968.7529,27.2818,37.8354,Southeast Asian
62742,Southeast Asian,Cambodian,Asian,474.5452,2242.5740,31.6480,39.6160,Southeast Asian
62743,Southeast Asian,Cambodian,Asian,68.1795,579.0988,61.6168,8.3209,Southeast Asian
62744,Southeast Asian,Cambodian,Asian,93.1651,4213.4684,208.7184,347.6679,Southeast Asian
62745,Southeast Asian,Cambodian,Asian,122.2208,646.3860,18.2083,14.5639,Southeast Asian
62746,Southeast Asian,Cambodian,Asian,150.2719,1587.2313,103.5336,64.8823,Southeast Asian
62747,Southeast Asian,Cambodian,Asian,104.7461,1376.0297,193.8421,19.0330,Southeast Asian
62748,Southeast Asian,Cambodian,Asian,4.2425,1879.3943,362.4260,36.4140,Southeast Asian
62749,Southeast Asian,Cambodian,Asian,207.2046,1269.1939,82.6137,8.4752,Southeast Asian
62750,Southeast Asian,Cambodian,Asian,17.0537,1105.3836,99.1590,71.6683,Southeast Asian
62751,Southeast Asian,Cambodian,Asian,56.0139,1704.6262,106.7682,121.9769,Southeast Asian
62752,Southeast Asian,Cambodian,Asian,67.7009,966.2381,93.2345,34.9667,Southeast Asian
62753,Southeast Asian,Cambodian,Asian,67.4993,268.8372,2.4171,0.9311,Southeast Asian
62754,Southeast Asian,Cambodian,Asian,104.3024,319394.3346,62773.9039,7393.7660,Southeast Asian
62755,Southeast Asian,Cambodian,Asian,58.8440,2406.3489,206.2324,148.6589,Southeast Asian
62756,Southeast Asian,Cambodian,Asian,172.6146,746.1142,17.5008,2.3500,Southeast Asian
62757,Southeast Asian,Cambodian,Asian,89.4529,781.6356,45.5031,31.6526,Southeast Asian
62758,Southeast Asian,Cambodian,Asian,45.0148,8234.0760,178.7992,815.4124,Southeast Asian
62759,Southeast Asian,Cambodian,Asian,2.7849,468.8000,24.7763,39.4078,Southeast Asian
62760,Southeast Asian,Cambodian,Asian,4.1905,930.2967,96.6790,57.2512,Southeast Asian
62761,Southeast Asian,Cambodian,Asian,42.3153,547.8367,7.8382,41.6812,Southeast Asian
62762,Southeast Asian,Cambodian,Asian,20.9478,211.3735,3.7116,13.8013,Southeast Asian
63364,Southeast Asian,Filipino,Asian,314.5036,1845.7610,50.1401,40.7746,Southeast Asian
63365,Southeast Asian,Filipino,Asian,9914.5537,38061.8427,450.0561,100.2614,Southeast Asian
63366,Southeast Asian,Filipino,Asian,36.4781,614.9815,27.8162,43.6628,Southeast Asian
63367,Southeast Asian,Filipino,Asian,75.5318,1018.6816,74.3353,51.8849,Southeast Asian
63368,Southeast Asian,Filipino,Asian,76.8836,802.7874,79.9251,16.1955,Southeast Asian
63369,Southeast Asian,Filipino,Asian,25.0960,849.8362,9.3791,85.8701,Southeast Asian
63370,Southeast Asian,Filipino,Asian,19.2060,497.5876,95.2250,3.0383,Southeast Asian
63371,Southeast Asian,Filipino,Asian,81.6798,890.5359,105.2010,12.4913,Southeast Asian
63372,Southeast Asian,Filipino,Asian,458.6754,2529.6510,61.5362,43.6386,Southeast Asian
63373,Southeast Asian,Filipino,Asian,26403.6146,105663.1140,14.2800,3.4080,Southeast Asian
63374,Southeast Asian,Filipino,Asian,127.2894,6104.7238,29.6336,623.9926,Southeast Asian
63375,Southeast Asian,Filipino,Asian,17.7159,81.2242,3.8860,0.7793,Southeast Asian
63376,Southeast Asian,Filipino,Asian,60.3971,2333.6283,70.6358,200.7369,Southeast Asian
63377,Southeast Asian,Filipino,Asian,155.9216,1590.8600,54.9948,81.0646,Southeast Asian
63378,Southeast Asian,Filipino,Asian,35.1460,814.9957,12.2252,74.0167,Southeast Asian
63379,Southeast Asian,Filipino,Asian,79.9487,630.0280,19.6582,29.6497,Southeast Asian
63380,Southeast Asian,Filipino,Asian,18.6041,2341.4305,89.4740,210.9177,Southeast Asian
63381,Southeast Asian,Filipino,Asian,617.9910,4071.9947,113.0147,129.7119,Southeast Asian
63382,Southeast Asian,Filipino,Asian,6.2687,27.0533,0.8400,0.0745,Southeast Asian
63383,Southeast Asian,Filipino,Asian,39.2244,184.4400,9.2572,0.8136,Southeast Asian
63384,Southeast Asian,Filipino,Asian,420.6477,4702.0400,256.0856,209.6223,Southeast Asian
63385,Southeast Asian,Filipino,Asian,28.0546,1502.6102,40.5981,139.9265,Southeast Asian
63386,Southeast Asian,Filipino,Asian,13090.7420,74254.9925,1145.2214,1991.3667,Southeast Asian
63387,Southeast Asian,Filipino,Asian,115.1861,1044.0500,15.3862,61.8400,Southeast Asian
63388,Southeast Asian,Filipino,Asian,69.3757,484.5780,42.9910,3.3569,Southeast Asian
63389,Southeast Asian,Filipino,Asian,64.7028,16899.4247,364.6460,1689.5008,Southeast Asian
63390,Southeast Asian,Filipino,Asian,163.9485,942.3780,21.2394,26.1363,Southeast Asian
63391,Southeast Asian,Filipino,Asian,287.6489,3580.7001,70.3638,252.9476,Southeast Asian
63392,Southeast Asian,Filipino,Asian,27.8093,1923.0992,78.8854,164.5270,Southeast Asian
63393,Southeast Asian,Filipino,Asian,295.6397,1551.7560,21.3801,30.2168,Southeast Asian
63394,Southeast Asian,Filipino,Asian,28133.3854,138903.8779,1936.0983,2091.6740,Southeast Asian
63395,Southeast Asian,Filipino,Asian,44.0363,2062.3007,76.2055,169.1112,Southeast Asian
63396,Southeast Asian,Filipino,Asian,692.1169,3326.2762,145.5191,17.2594,Southeast Asian
63397,Southeast Asian,Filipino,Asian,653.0400,5786.6019,127.7444,308.8877,Southeast Asian
63398,Southeast Asian,Filipino,Asian,18.1881,1859.9823,248.3076,81.7255,Southeast Asian
63399,Southeast Asian,Filipino,Asian,131.4606,2051.4060,55.9198,159.0248,Southeast Asian
63400,Southeast Asian,Filipino,Asian,243.8989,1356.6278,25.0201,29.7498,Southeast Asian
63401,Southeast Asian,Filipino,Asian,397.7078,3987.7459,213.0956,168.6491,Southeast Asian
63402,Southeast Asian,Filipino,Asian,2.1331,15.2025,1.1643,0.0931,Southeast Asian
63403,Southeast Asian,Filipino,Asian,97.7403,1993.6787,250.2383,64.8779,Southeast Asian
63404,Southeast Asian,Filipino,Asian,50.1063,212.1740,5.9227,0.5249,Southeast Asian
63405,Southeast Asian,Filipino,Asian,215.9757,836.8000,0.2822,0.0075,Southeast Asian
63406,Southeast Asian,Filipino,Asian,22.1955,601.1188,18.5214,49.3191,Southeast Asian
63407,Southeast Asian,Filipino,Asian,170.3838,731.5800,9.3768,5.6526,Southeast Asian
63408,Southeast Asian,Filipino,Asian,41.7437,8175.0703,604.3759,604.7233,Southeast Asian
63409,Southeast Asian,Filipino,Asian,50.3245,3302.0804,280.8115,212.6948,Southeast Asian
63410,Southeast Asian,Filipino,Asian,15.6546,72.0937,3.5194,0.7580,Southeast Asian
63411,Southeast Asian,Filipino,Asian,28663.9291,239826.8825,1406.1488,14333.7020,Southeast Asian
63412,Southeast Asian,Filipino,Asian,56.2961,1481.8644,204.0315,51.0945,Southeast Asian
63413,Southeast Asian,Filipino,Asian,374.3296,2086.8249,79.1617,42.8085,Southeast Asian
63414,Southeast Asian,Filipino,Asian,98.1739,3867.7548,140.6968,337.5174,Southeast Asian
63415,Southeast Asian,Filipino,Asian,142.7239,2928.7449,137.9632,201.8089,Southeast Asian
63416,Southeast Asian,Filipino,Asian,334.7894,1833.2410,46.7365,29.9573,Southeast Asian
63417,Southeast Asian,Filipino,Asian,28.0388,1251.8300,92.7996,83.7685,Southeast Asian
63418,Southeast Asian,Filipino,Asian,7675.0484,84154.9228,7692.2738,2221.8227,Southeast Asian
63419,Southeast Asian,Filipino,Asian,552.7707,2592.1350,90.9032,35.9569,Southeast Asian
63420,Southeast Asian,Filipino,Asian,225.0290,868.6000,7.7830,5.6330,Southeast Asian
63421,Southeast Asian,Filipino,Asian,99.3668,2205.7694,28.6420,204.8829,Southeast Asian
63422,Southeast Asian,Filipino,Asian,46.5546,2580.6477,114.0740,215.1483,Southeast Asian
63423,Southeast Asian,Filipino,Asian,196.2019,934.9620,26.7373,14.0493,Southeast Asian
63424,Southeast Asian,Filipino,Asian,177.2374,2829.0575,18.9337,236.6305,Southeast Asian
63425,Southeast Asian,Filipino,Asian,335.6073,2036.0460,40.5310,60.6973,Southeast Asian
63426,Southeast Asian,Filipino,Asian,39.8179,662.8920,7.4722,57.3835,Southeast Asian
63427,Southeast Asian,Filipino,Asian,126.9654,649.7800,15.6810,6.9986,Southeast Asian
63428,Southeast Asian,Filipino,Asian,54.8655,2318.1649,170.7095,156.0791,Southeast Asian
63429,Southeast Asian,Filipino,Asian,558.2014,2250.2800,9.9290,2.2436,Southeast Asian
63430,Southeast Asian,Filipino,Asian,332.4265,2243.3492,28.7090,99.5950,Southeast Asian
63431,Southeast Asian,Filipino,Asian,772.1045,6117.5937,161.1906,261.8704,Southeast Asian
63432,Southeast Asian,Filipino,Asian,37.8544,152.3540,0.0208,0.0040,Southeast Asian
63433,Southeast Asian,Filipino,Asian,519.9029,5570.0776,270.8399,277.1353,Southeast Asian
63434,Southeast Asian,Filipino,Asian,9.6587,120.4515,6.0969,5.1033,Southeast Asian
63435,Southeast Asian,Filipino,Asian,583.5692,3447.1360,86.2756,85.0172,Southeast Asian
63436,Southeast Asian,Filipino,Asian,31.0126,1006.0410,77.3701,62.8378,Southeast Asian
63437,Southeast Asian,Filipino,Asian,334.9812,3159.9162,39.8419,200.9279,Southeast Asian
63438,Southeast Asian,Filipino,Asian,3.3631,457.3735,5.6388,46.7648,Southeast Asian
63439,Southeast Asian,Filipino,Asian,15.3280,1861.8279,177.6635,115.8688,Southeast Asian
63440,Southeast Asian,Filipino,Asian,116.8907,3049.3025,34.3976,292.9449,Southeast Asian
63441,Southeast Asian,Filipino,Asian,193.7936,1925.4400,115.4480,74.9874,Southeast Asian
63442,Southeast Asian,Filipino,Asian,26.0519,2054.1546,243.1807,102.5829,Southeast Asian
63443,Southeast Asian,Filipino,Asian,56.8681,363.6393,10.2480,10.6384,Southeast Asian
63444,Southeast Asian,Filipino,Asian,6.9577,79.1120,3.9589,4.0156,Southeast Asian
63445,Southeast Asian,Filipino,Asian,75.0011,738.4998,40.3383,29.6078,Southeast Asian
63446,Southeast Asian,Filipino,Asian,393.2889,1646.9915,22.7667,1.5507,Southeast Asian
63447,Southeast Asian,Filipino,Asian,20.9808,510.2780,93.9516,3.4423,Southeast Asian
63448,Southeast Asian,Filipino,Asian,52.6087,726.0960,46.6050,34.7539,Southeast Asian
63449,Southeast Asian,Filipino,Asian,67.1987,789.3596,89.7602,15.8667,Southeast Asian
63450,Southeast Asian,Filipino,Asian,821.6415,4592.4200,67.4050,112.7950,Southeast Asian
63451,Southeast Asian,Filipino,Asian,109.9054,586.1200,12.0445,10.7391,Southeast Asian
63452,Southeast Asian,Filipino,Asian,10.5052,443.6800,79.9712,9.2760,Southeast Asian
63453,Southeast Asian,Filipino,Asian,74.2865,3025.3431,384.4851,135.5174,Southeast Asian
63454,Southeast Asian,Filipino,Asian,605.1267,2765.0532,56.2053,5.1189,Southeast Asian
63455,Southeast Asian,Filipino,Asian,225.6817,1521.9060,25.4674,58.9291,Southeast Asian
63456,Southeast Asian,Filipino,Asian,202.7109,1484.4800,16.2530,71.9476,Southeast Asian
63457,Southeast Asian,Filipino,Asian,31.7952,177.8923,11.1744,3.3418,Southeast Asian
63458,Southeast Asian,Filipino,Asian,264.8240,2704.4000,18.7500,191.7420,Southeast Asian
63459,Southeast Asian,Filipino,Asian,34.3755,1316.3848,105.9217,85.2732,Southeast Asian
63460,Southeast Asian,Filipino,Asian,401.1990,2185.6900,31.8940,52.0280,Southeast Asian
63461,Southeast Asian,Filipino,Asian,63.1755,456.7500,10.4670,22.3425,Southeast Asian
63462,Southeast Asian,Filipino,Asian,7.5324,199.2800,22.3706,11.0688,Southeast Asian
63463,Southeast Asian,Filipino,Asian,11.7451,1017.6865,3.4733,109.4132,Southeast Asian
63464,Southeast Asian,Filipino,Asian,417.0833,3919.8062,87.3410,214.5623,Southeast Asian
63465,Southeast Asian,Filipino,Asian,60.3710,615.4950,4.1220,42.9120,Southeast Asian
63466,Southeast Asian,Filipino,Asian,215.2678,1649.7015,14.2099,92.9551,Southeast Asian
63467,Southeast Asian,Filipino,Asian,198.5841,2618.6725,25.8499,205.9110,Southeast Asian
63468,Southeast Asian,Filipino,Asian,5.5155,330.4500,2.8478,34.6380,Southeast Asian
63469,Southeast Asian,Filipino,Asian,19.9340,827.5862,8.2399,85.7811,Southeast Asian
63470,Southeast Asian,Filipino,Asian,55.5765,3392.0412,380.1851,174.6365,Southeast Asian
63471,Southeast Asian,Filipino,Asian,219.5745,2849.2874,48.9219,212.9452,Southeast Asian
63472,Southeast Asian,Filipino,Asian,631.5650,4501.0502,182.6958,169.6775,Southeast Asian
63473,Southeast Asian,Filipino,Asian,8.0284,1335.3655,228.2060,32.9716,Southeast Asian
63474,Southeast Asian,Filipino,Asian,42.2730,1061.3552,183.1748,13.0377,Southeast Asian
63475,Southeast Asian,Filipino,Asian,73.8300,1590.5412,171.1933,71.1160,Southeast Asian
63476,Southeast Asian,Filipino,Asian,100.9264,681.9820,21.4712,3.1504,Southeast Asian
63477,Southeast Asian,Filipino,Asian,109.0914,437.9400,0.2116,0.0190,Southeast Asian
63478,Southeast Asian,Filipino,Asian,210.2207,2974.8100,40.8949,235.1190,Southeast Asian
63479,Southeast Asian,Filipino,Asian,4.0690,790.5760,62.9608,55.7776,Southeast Asian
63480,Southeast Asian,Filipino,Asian,83.4636,1466.3254,186.5973,39.3319,Southeast Asian
63481,Southeast Asian,Filipino,Asian,22.0620,1686.3065,303.3886,33.8504,Southeast Asian
63482,Southeast Asian,Filipino,Asian,88800.3658,405934.5725,6613.5915,1608.2126,Southeast Asian
63483,Southeast Asian,Filipino,Asian,30.0165,4438.3310,217.7702,376.4071,Southeast Asian
63484,Southeast Asian,Filipino,Asian,44.3708,809.4200,33.3861,58.4084,Southeast Asian
63485,Southeast Asian,Filipino,Asian,4057.8636,23518.8691,1344.2282,462.5674,Southeast Asian
63486,Southeast Asian,Filipino,Asian,996.8378,6369.0840,103.2518,214.6730,Southeast Asian
63487,Southeast Asian,Filipino,Asian,6.2857,67.5750,10.3785,0.7268,Southeast Asian
63488,Southeast Asian,Filipino,Asian,1777.5302,14636.8285,1249.0604,492.4076,Southeast Asian
63489,Southeast Asian,Filipino,Asian,346.2486,3121.0950,14.5360,207.9078,Southeast Asian
63490,Southeast Asian,Filipino,Asian,13.5967,2082.9633,451.9175,12.4218,Southeast Asian
63491,Southeast Asian,Filipino,Asian,209.9574,2793.1458,177.3280,147.3597,Southeast Asian
63492,Southeast Asian,Filipino,Asian,237.0952,1814.3050,23.1938,87.0503,Southeast Asian
63493,Southeast Asian,Filipino,Asian,18.0049,6058.1905,135.9672,602.1797,Southeast Asian
63494,Southeast Asian,Filipino,Asian,4.2222,2225.2361,205.5927,146.2012,Southeast Asian
63495,Southeast Asian,Filipino,Asian,31.4280,684.0000,21.3720,57.6000,Southeast Asian
63496,Southeast Asian,Filipino,Asian,76.2182,651.8300,21.4243,33.5277,Southeast Asian
63497,Southeast Asian,Filipino,Asian,424.7989,2346.7011,49.3481,52.6061,Southeast Asian
63498,Southeast Asian,Filipino,Asian,531.5609,3432.2700,90.7839,107.0678,Southeast Asian
63499,Southeast Asian,Filipino,Asian,192.9800,755.2420,4.8064,1.1566,Southeast Asian
63500,Southeast Asian,Filipino,Asian,17.4947,416.1810,3.8395,38.6814,Southeast Asian
63501,Southeast Asian,Filipino,Asian,35.9542,1029.0960,36.3467,86.1557,Southeast Asian
63502,Southeast Asian,Filipino,Asian,284.7899,2847.7950,91.5931,150.8540,Southeast Asian
63503,Southeast Asian,Filipino,Asian,72.0413,857.1042,108.8740,13.4383,Southeast Asian
63504,Southeast Asian,Filipino,Asian,159.1651,839.8702,22.1204,11.7117,Southeast Asian
63505,Southeast Asian,Filipino,Asian,408.5000,2030.0000,56.7000,26.7000,Southeast Asian
63506,Southeast Asian,Filipino,Asian,425.5699,2450.1200,8.2509,85.8253,Southeast Asian
63507,Southeast Asian,Filipino,Asian,29.3594,350.1400,21.9499,17.5180,Southeast Asian
63508,Southeast Asian,Filipino,Asian,55.2395,1642.5115,92.1271,114.9408,Southeast Asian
63509,Southeast Asian,Filipino,Asian,313.6393,2618.9110,47.0949,137.3103,Southeast Asian
63510,Southeast Asian,Filipino,Asian,590.6467,3534.2569,55.1037,132.5034,Southeast Asian
63511,Southeast Asian,Filipino,Asian,571.2403,4821.6098,74.0192,264.8670,Southeast Asian
63512,Southeast Asian,Filipino,Asian,110.3301,4269.0868,463.9886,230.8985,Southeast Asian
63513,Southeast Asian,Filipino,Asian,121.3166,3932.4652,139.1595,319.8084,Southeast Asian
63514,Southeast Asian,Filipino,Asian,498.8793,2350.1400,21.4625,28.2787,Southeast Asian
63515,Southeast Asian,Filipino,Asian,133.0952,1342.4400,43.4325,77.8745,Southeast Asian
63516,Southeast Asian,Filipino,Asian,197.9868,2034.0300,13.8224,141.2560,Southeast Asian
63517,Southeast Asian,Filipino,Asian,308.3400,1201.5000,14.7150,4.4550,Southeast Asian
63518,Southeast Asian,Filipino,Asian,573.5070,3834.7775,90.5198,129.3124,Southeast Asian
63519,Southeast Asian,Filipino,Asian,174.1759,1516.0937,11.5413,95.3618,Southeast Asian
63520,Southeast Asian,Filipino,Asian,163.7258,1710.1654,212.2547,21.8133,Southeast Asian
63521,Southeast Asian,Filipino,Asian,0.0000,0.0000,0.0000,0.0000,Southeast Asian
63522,Southeast Asian,Filipino,Asian,11.3408,3529.5820,133.6438,323.1114,Southeast Asian
63523,Southeast Asian,Filipino,Asian,264.4520,2173.9800,42.7440,115.2000,Southeast Asian
63524,Southeast Asian,Filipino,Asian,567.8084,4068.1600,56.5926,181.7654,Southeast Asian
63525,Southeast Asian,Filipino,Asian,150.8994,2018.7640,162.3840,99.6650,Southeast Asian
63526,Southeast Asian,Filipino,Asian,39.3022,1710.8093,64.2593,151.9928,Southeast Asian
63527,Southeast Asian,Filipino,Asian,316.2721,2978.1339,308.4557,46.3747,Southeast Asian
63528,Southeast Asian,Filipino,Asian,242.6683,2186.7737,30.9224,130.7137,Southeast Asian
63529,Southeast Asian,Filipino,Asian,242.2904,2459.2800,26.1144,160.3808,Southeast Asian
63530,Southeast Asian,Filipino,Asian,237.4187,12058.7623,123.5769,3.6625,Southeast Asian
63531,Southeast Asian,Filipino,Asian,35.6758,2945.7625,160.9102,236.9215,Southeast Asian
63532,Southeast Asian,Filipino,Asian,312.6716,2660.7940,48.9165,138.7107,Southeast Asian
63533,Southeast Asian,Filipino,Asian,73.5846,1333.3541,197.7039,22.5785,Southeast Asian
63534,Southeast Asian,Filipino,Asian,800.9120,5194.9742,67.8932,202.3479,Southeast Asian
63535,Southeast Asian,Filipino,Asian,1092.2880,6840.0000,98.9400,243.9240,Southeast Asian
63536,Southeast Asian,Filipino,Asian,110.6478,1168.6956,12.7170,86.3141,Southeast Asian
63537,Southeast Asian,Filipino,Asian,411.1200,1602.0000,19.6200,5.9400,Southeast Asian
63538,Southeast Asian,Filipino,Asian,15.0233,352.1992,3.9307,30.9442,Southeast Asian
63539,Southeast Asian,Filipino,Asian,26.7254,2285.7542,90.0822,207.2451,Southeast Asian
63540,Southeast Asian,Filipino,Asian,149.3884,1083.4815,18.1350,46.2039,Southeast Asian
63541,Southeast Asian,Filipino,Asian,244.1946,2200.4940,13.6560,141.2240,Southeast Asian
63542,Southeast Asian,Filipino,Asian,137.8107,2048.5734,163.0586,90.1893,Southeast Asian
63543,Southeast Asian,Filipino,Asian,255.0851,4034.1202,200.6701,255.2397,Southeast Asian
63544,Southeast Asian,Filipino,Asian,15.3450,396.6000,4.3380,38.4150,Southeast Asian
63545,Southeast Asian,Filipino,Asian,60.0074,2220.7815,8.3342,228.4247,Southeast Asian
63546,Southeast Asian,Filipino,Asian,56.5960,1263.9000,15.9970,116.9280,Southeast Asian
63547,Southeast Asian,Filipino,Asian,70.9352,362.7565,12.3804,6.3570,Southeast Asian
63548,Southeast Asian,Filipino,Asian,668.5550,4614.9900,49.7040,207.5950,Southeast Asian
63549,Southeast Asian,Filipino,Asian,65.8832,1519.9822,73.3820,106.4359,Southeast Asian
63550,Southeast Asian,Filipino,Asian,88.4152,1194.4659,33.6203,80.3565,Southeast Asian
63551,Southeast Asian,Filipino,Asian,0.0000,6930.8997,635.7558,466.2935,Southeast Asian
63552,Southeast Asian,Filipino,Asian,52.6692,1326.8820,11.2707,123.1560,Southeast Asian
63553,Southeast Asian,Filipino,Asian,434.8053,2678.7890,65.8616,80.4215,Southeast Asian
63554,Southeast Asian,Filipino,Asian,555.0287,3842.2047,111.0729,129.5094,Southeast Asian
63555,Southeast Asian,Filipino,Asian,47.2942,990.9742,10.9698,90.2942,Southeast Asian
63556,Southeast Asian,Filipino,Asian,20.6391,1526.2742,86.8426,120.6255,Southeast Asian
63557,Southeast Asian,Filipino,Asian,122.4182,3892.2133,274.6461,268.3470,Southeast Asian
63558,Southeast Asian,Filipino,Asian,21.2661,596.7805,5.8580,55.0204,Southeast Asian
63559,Southeast Asian,Filipino,Asian,212.8615,1114.3100,22.6855,18.2569,Southeast Asian
63560,Southeast Asian,Filipino,Asian,234.1794,1163.3920,10.6060,23.8456,Southeast Asian
63561,Southeast Asian,Filipino,Asian,323.6970,1254.0000,0.3960,0.0000,Southeast Asian
63562,Southeast Asian,Filipino,Asian,62.7081,16118.6500,357.6182,1603.6997,Southeast Asian
63563,Southeast Asian,Filipino,Asian,574.8145,3279.2850,52.0615,88.2545,Southeast Asian
63564,Southeast Asian,Filipino,Asian,265.4466,3610.3000,80.1366,264.6818,Southeast Asian
63565,Southeast Asian,Filipino,Asian,53.7872,1976.7264,99.5866,156.9234,Southeast Asian
63566,Southeast Asian,Filipino,Asian,53.9495,209.0000,0.0660,0.0000,Southeast Asian
63567,Southeast Asian,Filipino,Asian,245.3150,2509.8850,25.9710,175.5630,Southeast Asian
63568,Southeast Asian,Filipino,Asian,387.6086,2706.6055,71.6508,96.8182,Southeast Asian
63569,Southeast Asian,Filipino,Asian,18.1346,1148.6684,57.0295,93.1046,Southeast Asian
63570,Southeast Asian,Filipino,Asian,242.1613,2476.7262,48.2881,147.9093,Southeast Asian
63571,Southeast Asian,Filipino,Asian,9129.2589,47374.6900,1251.3181,598.1550,Southeast Asian
63572,Southeast Asian,Filipino,Asian,82.5375,3780.7335,137.8403,319.2034,Southeast Asian
63573,Southeast Asian,Filipino,Asian,187.1889,1558.3160,55.9858,70.7803,Southeast Asian
63574,Southeast Asian,Filipino,Asian,259.1569,2763.3010,66.6087,159.6872,Southeast Asian
63575,Southeast Asian,Filipino,Asian,6.4508,877.9917,180.7211,4.6558,Southeast Asian
63576,Southeast Asian,Filipino,Asian,1000.9814,6807.0240,141.3134,243.2330,Southeast Asian
63577,Southeast Asian,Filipino,Asian,83.4831,3220.8516,282.8337,189.6841,Southeast Asian
63578,Southeast Asian,Filipino,Asian,2662.8179,14902.3620,998.2049,74.8648,Southeast Asian
63579,Southeast Asian,Filipino,Asian,204.6816,7361.0493,140.0974,675.1956,Southeast Asian
63580,Southeast Asian,Filipino,Asian,193.0807,2462.5890,62.0686,169.8768,Southeast Asian
63581,Southeast Asian,Filipino,Asian,13.6565,576.3690,103.4929,9.3546,Southeast Asian
63582,Southeast Asian,Filipino,Asian,19.8326,1537.2740,144.7724,97.0880,Southeast Asian
63583,Southeast Asian,Filipino,Asian,31.3486,1919.8070,76.7673,164.7423,Southeast Asian
63584,Southeast Asian,Filipino,Asian,191.6592,419714.5621,455.8961,46415.7330,Southeast Asian
63585,Southeast Asian,Filipino,Asian,30.8511,1445.5627,280.8741,15.1395,Southeast Asian
63586,Southeast Asian,Filipino,Asian,7.6790,105.4875,3.2971,7.5120,Southeast Asian
63587,Southeast Asian,Filipino,Asian,6655.8447,33515.2657,505.6225,771.9976,Southeast Asian
63588,Southeast Asian,Filipino,Asian,27.1501,595.4092,4.3036,54.7866,Southeast Asian
63589,Southeast Asian,Filipino,Asian,216.3056,2139.4160,1.0586,147.3690,Southeast Asian
63590,Southeast Asian,Filipino,Asian,606.5112,6327.7213,120.5517,399.0391,Southeast Asian
63591,Southeast Asian,Filipino,Asian,24.0303,1870.0790,75.7769,160.0399,Southeast Asian
63592,Southeast Asian,Filipino,Asian,201.9560,1712.2933,84.8200,61.2383,Southeast Asian
63593,Southeast Asian,Filipino,Asian,66.1380,1291.7837,224.3008,11.5479,Southeast Asian
63594,Southeast Asian,Filipino,Asian,75.1895,691.5277,36.1053,29.0812,Southeast Asian
63595,Southeast Asian,Filipino,Asian,74.1535,2280.9806,27.5560,225.0598,Southeast Asian
63596,Southeast Asian,Filipino,Asian,18.3565,851.4133,128.4197,26.6723,Southeast Asian
63597,Southeast Asian,Filipino,Asian,4.2073,3595.2190,67.7010,363.7111,Southeast Asian
63598,Southeast Asian,Filipino,Asian,19.0869,191.3838,11.8749,6.3781,Southeast Asian
63599,Southeast Asian,Filipino,Asian,228.3137,2353.5259,194.7801,76.4096,Southeast Asian
63600,Southeast Asian,Filipino,Asian,25.1986,423.9857,33.5133,20.4418,Southeast Asian
63601,Southeast Asian,Filipino,Asian,28.9719,228.4303,15.5881,5.7562,Southeast Asian
63602,Southeast Asian,Filipino,Asian,43.7290,3305.3687,358.7958,190.5189,Southeast Asian
63603,Southeast Asian,Filipino,Asian,34.6725,6138.9110,145.8795,602.2133,Southeast Asian
63604,Southeast Asian,Filipino,Asian,35.7096,589.5200,35.6180,33.4464,Southeast Asian
63605,Southeast Asian,Filipino,Asian,5.4204,44.0500,0.8850,0.1604,Southeast Asian
63606,Southeast Asian,Filipino,Asian,45.2111,203.8570,7.2606,0.6102,Southeast Asian
63607,Southeast Asian,Filipino,Asian,3.8157,1149.7975,199.5829,31.4563,Southeast Asian
63608,Southeast Asian,Filipino,Asian,546.5967,4331.0534,130.3284,197.4288,Southeast Asian
63609,Southeast Asian,Filipino,Asian,54.1327,1928.9246,305.2727,47.1421,Southeast Asian
63610,Southeast Asian,Filipino,Asian,253.9680,1121.1070,15.1809,9.8029,Southeast Asian
63611,Southeast Asian,Filipino,Asian,67.7223,1109.7348,110.9429,42.9643,Southeast Asian
63612,Southeast Asian,Filipino,Asian,48.8389,21712.6063,1140.2899,1865.6344,Southeast Asian
63613,Southeast Asian,Filipino,Asian,160.7055,1144.5292,12.0400,56.6885,Southeast Asian
63614,Southeast Asian,Filipino,Asian,222.4068,2105.9196,129.0862,82.5246,Southeast Asian
63615,Southeast Asian,Filipino,Asian,55.4709,694.3098,42.6113,34.9201,Southeast Asian
63616,Southeast Asian,Filipino,Asian,186.4242,9039.4333,224.0069,826.8266,Southeast Asian
63617,Southeast Asian,Filipino,Asian,12.9720,1413.1524,90.0996,109.4480,Southeast Asian
63618,Southeast Asian,Filipino,Asian,473.2961,2299.9474,76.3898,8.1880,Southeast Asian
63619,Southeast Asian,Filipino,Asian,23.9435,1670.8974,98.8685,131.2246,Southeast Asian
63620,Southeast Asian,Filipino,Asian,1041.0766,82358.5717,15503.0624,1313.8073,Southeast Asian
63621,Southeast Asian,Filipino,Asian,7.9238,126.2270,10.4321,3.4693,Southeast Asian
63622,Southeast Asian,Filipino,Asian,29.2715,916.9804,70.6307,56.3841,Southeast Asian
63623,Southeast Asian,Filipino,Asian,23.4940,3855.7155,132.3515,350.5359,Southeast Asian
63624,Southeast Asian,Filipino,Asian,7.0687,91.8815,10.4980,0.7643,Southeast Asian
63625,Southeast Asian,Filipino,Asian,71.8351,329.0710,11.9921,1.0040,Southeast Asian
63626,Southeast Asian,Filipino,Asian,29.8714,1039.5461,95.6831,57.9468,Southeast Asian
63627,Southeast Asian,Filipino,Asian,52.8764,1909.4613,375.3094,14.5908,Southeast Asian
63628,Southeast Asian,Filipino,Asian,610.7395,2864.1500,74.2890,6.4075,Southeast Asian
63629,Southeast Asian,Filipino,Asian,190.6464,1572.5419,82.2623,53.6546,Southeast Asian
63630,Southeast Asian,Filipino,Asian,201.7774,5528.1611,111.3118,485.3569,Southeast Asian
63631,Southeast Asian,Filipino,Asian,73.5047,1589.6034,70.7324,115.8214,Southeast Asian
63632,Southeast Asian,Filipino,Asian,32.0431,1202.5977,15.1336,122.1913,Southeast Asian
63633,Southeast Asian,Filipino,Asian,12.6667,177.9900,20.7570,1.4535,Southeast Asian
63634,Southeast Asian,Filipino,Asian,23.0543,1905.3779,185.3648,115.1333,Southeast Asian
63635,Southeast Asian,Filipino,Asian,26.4874,1069.2840,128.2517,48.0515,Southeast Asian
63636,Southeast Asian,Filipino,Asian,23.0521,3827.3075,138.6403,346.2943,Southeast Asian
63637,Southeast Asian,Filipino,Asian,117.4196,1238.5760,24.6093,77.3727,Southeast Asian
63638,Southeast Asian,Filipino,Asian,33.7991,2933.7198,101.8334,264.7641,Southeast Asian
63639,Southeast Asian,Filipino,Asian,31.7864,3565.6526,166.7464,309.7826,Southeast Asian
63640,Southeast Asian,Filipino,Asian,37.6469,170.2900,6.2970,1.1566,Southeast Asian
63641,Southeast Asian,Filipino,Asian,49.2106,1336.2870,13.7432,129.1087,Southeast Asian
63642,Southeast Asian,Filipino,Asian,225.7694,1763.5602,131.7038,42.0157,Southeast Asian
63643,Southeast Asian,Filipino,Asian,21.2017,1108.4872,208.1275,15.5840,Southeast Asian
63644,Southeast Asian,Filipino,Asian,30.9994,717.7730,117.8548,8.8651,Southeast Asian
63645,Southeast Asian,Filipino,Asian,263.0060,1709.3544,88.1303,29.1773,Southeast Asian
63646,Southeast Asian,Filipino,Asian,291.2510,3100.7970,221.6403,112.9187,Southeast Asian
63647,Southeast Asian,Filipino,Asian,20.0818,2187.7023,371.2166,55.2907,Southeast Asian
63648,Southeast Asian,Filipino,Asian,9.4286,101.3625,15.5678,1.0901,Southeast Asian
63649,Southeast Asian,Filipino,Asian,9395.0237,93329.1151,3115.2241,5402.4695,Southeast Asian
63650,Southeast Asian,Filipino,Asian,112.5127,2969.0329,145.8219,212.5989,Southeast Asian
63651,Southeast Asian,Filipino,Asian,71.3892,1428.9125,203.1221,31.2206,Southeast Asian
63652,Southeast Asian,Filipino,Asian,36.0841,919.7738,107.7067,39.6389,Southeast Asian
63653,Southeast Asian,Filipino,Asian,9.1841,1001.7672,78.9071,70.2693,Southeast Asian
63654,Southeast Asian,Filipino,Asian,3.1552,886.6880,36.7575,79.9036,Southeast Asian
63655,Southeast Asian,Filipino,Asian,9.3066,91.5710,10.4089,2.0981,Southeast Asian
63656,Southeast Asian,Filipino,Asian,125.3357,3773.2207,169.9238,287.9230,Southeast Asian
63657,Southeast Asian,Filipino,Asian,208.6508,1443.2884,136.2457,3.4708,Southeast Asian
63658,Southeast Asian,Filipino,Asian,1152.7922,509890.0372,31288.1352,41174.4358,Southeast Asian
63659,Southeast Asian,Filipino,Asian,1984.7640,22119.2111,2209.3864,576.0610,Southeast Asian
63660,Southeast Asian,Filipino,Asian,54.1881,16197.4360,352.8020,1618.4586,Southeast Asian
63661,Southeast Asian,Filipino,Asian,69.5832,4210.7750,15.1252,432.7922,Southeast Asian
63662,Southeast Asian,Filipino,Asian,98.5576,582.2794,11.3608,14.8259,Southeast Asian
63663,Southeast Asian,Filipino,Asian,3.1778,1576.2069,269.8809,47.6612,Southeast Asian
63664,Southeast Asian,Filipino,Asian,20.4141,2061.5976,152.8141,145.1966,Southeast Asian
63665,Southeast Asian,Filipino,Asian,103.2098,1466.6050,27.9177,117.0879,Southeast Asian
63666,Southeast Asian,Filipino,Asian,285.1577,3962.8848,42.5466,314.5329,Southeast Asian
63667,Southeast Asian,Filipino,Asian,261.7362,1329.5898,11.7514,29.7992,Southeast Asian
63668,Southeast Asian,Filipino,Asian,9.3147,2281.5462,170.5474,171.5656,Southeast Asian
63669,Southeast Asian,Filipino,Asian,22.0674,522.3140,19.0579,40.3460,Southeast Asian
63670,Southeast Asian,Filipino,Asian,19.4880,1015.9622,99.8629,57.9186,Southeast Asian
63671,Southeast Asian,Filipino,Asian,78.6384,697.2707,13.8549,36.1324,Southeast Asian
63672,Southeast Asian,Filipino,Asian,404.7936,3250.4024,29.6028,181.6072,Southeast Asian
63673,Southeast Asian,Filipino,Asian,327.7715,1749.0754,50.3098,34.4467,Southeast Asian
63674,Southeast Asian,Filipino,Asian,38469.8100,353708.2500,2287.6005,22897.0335,Southeast Asian
63675,Southeast Asian,Filipino,Asian,114.3476,1478.8778,160.0204,37.8647,Southeast Asian
63676,Southeast Asian,Filipino,Asian,493.2909,3800.0671,339.2641,48.3410,Southeast Asian
63677,Southeast Asian,Filipino,Asian,9.5238,144.2025,15.5678,1.0901,Southeast Asian
63678,Southeast Asian,Filipino,Asian,521.2416,3911.0300,64.5517,181.3315,Southeast Asian
63679,Southeast Asian,Filipino,Asian,10.7427,2333.2875,170.5010,174.9717,Southeast Asian
63680,Southeast Asian,Filipino,Asian,323.1589,3530.6950,158.4591,192.2126,Southeast Asian
63681,Southeast Asian,Filipino,Asian,11.9734,1430.3316,92.3111,112.5636,Southeast Asian
63682,Southeast Asian,Filipino,Asian,641.8351,315837.9836,13127.7226,28522.7737,Southeast Asian
63683,Southeast Asian,Filipino,Asian,48.6525,868.6370,99.6550,31.8013,Southeast Asian
63684,Southeast Asian,Filipino,Asian,22.4403,456.0150,3.2718,40.7775,Southeast Asian
63685,Southeast Asian,Filipino,Asian,18.1311,380.4412,60.6057,1.7278,Southeast Asian
63686,Southeast Asian,Filipino,Asian,5466.0883,21810.3240,285.3227,131.2554,Southeast Asian
63687,Southeast Asian,Filipino,Asian,10.2288,1174.2457,109.6827,77.9148,Southeast Asian
63688,Southeast Asian,Filipino,Asian,15976.4842,663030.1429,6729.1424,68654.2927,Southeast Asian
63689,Southeast Asian,Filipino,Asian,12.1002,396.9730,1.4854,38.6000,Southeast Asian
63690,Southeast Asian,Filipino,Asian,640.0533,3572.9580,66.7927,80.9182,Southeast Asian
63691,Southeast Asian,Filipino,Asian,43.8402,2203.5348,73.0180,200.8056,Southeast Asian
63692,Southeast Asian,Filipino,Asian,27.8911,450.8812,65.7060,4.9332,Southeast Asian
63693,Southeast Asian,Filipino,Asian,188.8014,2447.6757,226.6252,90.5669,Southeast Asian
63694,Southeast Asian,Filipino,Asian,22.8872,104.6230,4.9598,0.3276,Southeast Asian
63695,Southeast Asian,Filipino,Asian,292.2843,1510.5100,32.0613,20.3558,Southeast Asian
63696,Southeast Asian,Filipino,Asian,156.2363,844.3280,24.2908,18.1961,Southeast Asian
63697,Southeast Asian,Filipino,Asian,16.5237,335.5915,10.8309,28.4315,Southeast Asian
63698,Southeast Asian,Filipino,Asian,2.9417,363.2420,0.4779,40.9500,Southeast Asian
63699,Southeast Asian,Filipino,Asian,3.6217,652.9250,3.4928,69.8340,Southeast Asian
63700,Southeast Asian,Filipino,Asian,59.6153,503.7338,51.0632,9.5282,Southeast Asian
63701,Southeast Asian,Filipino,Asian,70.1501,1555.8980,81.9739,114.5289,Southeast Asian
63702,Southeast Asian,Filipino,Asian,51.3797,5835.1279,196.1141,531.2987,Southeast Asian
63703,Southeast Asian,Filipino,Asian,139.3986,2843.2603,408.9511,61.6679,Southeast Asian
63704,Southeast Asian,Filipino,Asian,39.4563,8310.4405,190.2074,817.5940,Southeast Asian
63705,Southeast Asian,Filipino,Asian,181.1514,2467.1909,75.4680,166.7147,Southeast Asian
63706,Southeast Asian,Filipino,Asian,12.9824,685.0800,93.0724,26.4772,Southeast Asian
63707,Southeast Asian,Filipino,Asian,,,,,Southeast Asian
63708,Southeast Asian,Filipino,Asian,31.9421,534.0408,29.5177,33.1906,Southeast Asian
63709,Southeast Asian,Filipino,Asian,323.6051,2432.8609,126.3465,65.8985,Southeast Asian
63710,Southeast Asian,Filipino,Asian,482.5276,2985.6609,116.5574,65.0368,Southeast Asian
63711,Southeast Asian,Filipino,Asian,10.0851,3038.8241,263.5575,205.6333,Southeast Asian
63712,Southeast Asian,Filipino,Asian,219.6369,1689.7752,187.2416,5.8969,Southeast Asian
63713,Southeast Asian,Filipino,Asian,23.0721,650.0712,69.9805,32.0811,Southeast Asian
63714,Southeast Asian,Filipino,Asian,54.5111,3300.0907,160.2043,273.0984,Southeast Asian
63715,Southeast Asian,Filipino,Asian,2.8280,255.1750,0.5406,27.2425,Southeast Asian
63716,Southeast Asian,Filipino,Asian,17.3705,908.1740,6.4611,95.7421,Southeast Asian
63717,Southeast Asian,Filipino,Asian,49.6839,3377.0745,306.8948,223.7000,Southeast Asian
63718,Southeast Asian,Filipino,Asian,86.8394,4550.1444,397.6537,287.2557,Southeast Asian
63719,Southeast Asian,Filipino,Asian,34.3472,1014.1954,143.0826,30.4662,Southeast Asian
63720,Southeast Asian,Filipino,Asian,27.5814,586.8403,24.9879,42.1940,Southeast Asian
63721,Southeast Asian,Filipino,Asian,121.6833,2048.5409,153.2839,101.3587,Southeast Asian
63722,Southeast Asian,Filipino,Asian,35.8427,1055.7110,42.1984,80.3406,Southeast Asian
63723,Southeast Asian,Filipino,Asian,11.6810,294.7400,10.6169,24.5981,Southeast Asian
63724,Southeast Asian,Filipino,Asian,17.1307,1845.3964,165.9159,117.2567,Southeast Asian
63725,Southeast Asian,Filipino,Asian,370.3073,2290.0628,151.9874,18.0383,Southeast Asian
63726,Southeast Asian,Filipino,Asian,16.2252,126.8700,10.3893,0.7268,Southeast Asian
63727,Southeast Asian,Filipino,Asian,49.4173,467.4411,59.0917,8.0739,Southeast Asian
63728,Southeast Asian,Filipino,Asian,13.6031,2299.7839,202.9782,151.6486,Southeast Asian
63729,Southeast Asian,Filipino,Asian,3.4440,37.8085,0.5674,1.4138,Southeast Asian
63730,Southeast Asian,Filipino,Asian,95.7491,1388.4156,121.5068,55.0777,Southeast Asian
63731,Southeast Asian,Filipino,Asian,19.6759,734.9063,107.8779,26.3984,Southeast Asian
63732,Southeast Asian,Filipino,Asian,92.0108,1528.6016,23.7538,120.4446,Southeast Asian
63733,Southeast Asian,Filipino,Asian,50.1120,304.9270,6.3067,8.9355,Southeast Asian
63734,Southeast Asian,Filipino,Asian,33.3261,1578.6296,215.9214,65.8354,Southeast Asian
63735,Southeast Asian,Filipino,Asian,46.4083,359.5150,21.2171,12.5082,Southeast Asian
63736,Southeast Asian,Filipino,Asian,1504.4799,11686.5519,550.6577,348.6349,Southeast Asian
63737,Southeast Asian,Filipino,Asian,0.0000,1287.4696,179.8831,57.4828,Southeast Asian
63738,Southeast Asian,Filipino,Asian,6.4393,611.5303,100.0874,16.6883,Southeast Asian
63739,Southeast Asian,Filipino,Asian,77.3824,2272.7128,277.8027,93.6646,Southeast Asian
63740,Southeast Asian,Filipino,Asian,15.7367,8278.4028,609.2545,620.3447,Southeast Asian
63741,Southeast Asian,Filipino,Asian,1633.4170,56824.5240,8403.1789,1611.6307,Southeast Asian
63742,Southeast Asian,Filipino,Asian,38.9411,1912.1240,2.5993,204.2891,Southeast Asian
63743,Southeast Asian,Filipino,Asian,3728.4104,17637.3280,666.9990,167.3098,Southeast Asian
63744,Southeast Asian,Filipino,Asian,3335.9201,15257.9370,765.9084,123.1695,Southeast Asian
63745,Southeast Asian,Filipino,Asian,236.7973,4364.4390,129.7380,318.4103,Southeast Asian
63746,Southeast Asian,Filipino,Asian,8.5036,46.9000,3.5024,0.0754,Southeast Asian
63747,Southeast Asian,Filipino,Asian,91.9538,2056.3643,368.2660,13.7645,Southeast Asian
63748,Southeast Asian,Filipino,Asian,46.0136,6313.0300,139.9616,615.5291,Southeast Asian
63749,Southeast Asian,Filipino,Asian,35.9234,4601.9055,393.5880,319.7718,Southeast Asian
63750,Southeast Asian,Filipino,Asian,26.6479,868.8922,107.8313,37.9491,Southeast Asian
63751,Southeast Asian,Filipino,Asian,33.1905,376.4532,54.4651,1.7614,Southeast Asian
63752,Southeast Asian,Filipino,Asian,23.4211,300.3288,46.6104,1.2918,Southeast Asian
63753,Southeast Asian,Filipino,Asian,25.2870,149.8725,8.9442,0.9963,Southeast Asian
63754,Southeast Asian,Filipino,Asian,19.4340,708.8066,137.8772,3.6461,Southeast Asian
63755,Southeast Asian,Filipino,Asian,275.5917,2342.7960,101.3151,90.9519,Southeast Asian
63756,Southeast Asian,Filipino,Asian,33.1376,12993.4133,2805.5692,98.1393,Southeast Asian
63757,Southeast Asian,Filipino,Asian,23.6051,1151.2035,107.2511,70.0485,Southeast Asian
63758,Southeast Asian,Filipino,Asian,75.2977,294.6002,3.6491,0.5049,Southeast Asian
63759,Southeast Asian,Filipino,Asian,92.3265,756.2598,18.8904,36.8252,Southeast Asian
63760,Southeast Asian,Filipino,Asian,32.2200,200.3150,9.3959,0.7574,Southeast Asian
63761,Southeast Asian,Filipino,Asian,46.0787,1704.3205,224.7823,62.4457,Southeast Asian
63762,Southeast Asian,Filipino,Asian,97.9770,854.7694,118.1476,5.4998,Southeast Asian
63763,Southeast Asian,Filipino,Asian,546.0640,4619.1517,153.1263,206.1102,Southeast Asian
63764,Southeast Asian,Filipino,Asian,6964.6205,278171.7770,2783.4518,28692.4367,Southeast Asian
63765,Southeast Asian,Filipino,Asian,79.7454,1372.2138,109.1280,71.1718,Southeast Asian
69615,Southeast Asian,Malaysian,Asian,547.4798,2637.6150,38.7475,32.9359,Southeast Asian
69616,Southeast Asian,Malaysian,Asian,1398.4418,7167.0899,594.5678,77.9478,Southeast Asian
69617,Southeast Asian,Malaysian,Asian,97.4480,1006.3198,26.0866,65.6518,Southeast Asian
69618,Southeast Asian,Malaysian,Asian,172.5150,867.0299,24.4534,16.6791,Southeast Asian
69619,Southeast Asian,Malaysian,Asian,153.9666,738.8062,30.1467,4.1574,Southeast Asian
69620,Southeast Asian,Malaysian,Asian,52.1012,677.4985,24.7778,47.1110,Southeast Asian
69621,Southeast Asian,Malaysian,Asian,107.4661,2887.0480,86.6486,257.5108,Southeast Asian
69622,Southeast Asian,Malaysian,Asian,34.5095,1043.7838,3.8352,102.3246,Southeast Asian
69623,Southeast Asian,Malaysian,Asian,15618.6562,64331.0625,901.4562,36.0294,Southeast Asian
69624,Southeast Asian,Malaysian,Asian,393.3120,3289.4800,41.6465,182.1755,Southeast Asian
69625,Southeast Asian,Malaysian,Asian,163.9954,2715.1770,428.3000,31.1000,Southeast Asian
69626,Southeast Asian,Malaysian,Asian,2840.2535,112353.2379,1266.1293,11507.8453,Southeast Asian
69627,Southeast Asian,Malaysian,Asian,68.9018,866.8480,101.5310,21.6866,Southeast Asian
69628,Southeast Asian,Malaysian,Asian,12.0126,357.3120,3.9375,35.3319,Southeast Asian
69629,Southeast Asian,Malaysian,Asian,84.1417,484.4000,13.3922,14.7915,Southeast Asian
69630,Southeast Asian,Malaysian,Asian,430.9303,9284.2432,374.0516,737.6884,Southeast Asian
69631,Southeast Asian,Malaysian,Asian,11139.1469,295769.3280,3395.4538,28659.4831,Southeast Asian
69632,Southeast Asian,Malaysian,Asian,74.9380,804.3860,7.8788,57.4560,Southeast Asian
69633,Southeast Asian,Malaysian,Asian,0.0000,1568.4227,269.2806,47.3000,Southeast Asian
69634,Southeast Asian,Malaysian,Asian,149.0216,1134.9828,63.2348,30.1348,Southeast Asian
69635,Southeast Asian,Malaysian,Asian,368.4453,2445.0078,89.2992,82.0596,Southeast Asian
69636,Southeast Asian,Malaysian,Asian,15.1016,104.7778,11.4121,0.9738,Southeast Asian
69637,Southeast Asian,Malaysian,Asian,353.7772,2757.9350,99.0757,112.2282,Southeast Asian
69638,Southeast Asian,Malaysian,Asian,28.4623,1749.1212,114.7320,139.1802,Southeast Asian
69639,Southeast Asian,Malaysian,Asian,60725.6610,244678.3760,34.1229,208.0505,Southeast Asian
69640,Southeast Asian,Malaysian,Asian,239.2887,428199.3430,15800.9284,39854.7401,Southeast Asian
69641,Southeast Asian,Malaysian,Asian,,,,,Southeast Asian
69642,Southeast Asian,Malaysian,Asian,2114.8400,10948.3400,898.1700,131.3450,Southeast Asian
69643,Southeast Asian,Malaysian,Asian,65.5740,2785.4222,146.1305,231.4582,Southeast Asian
69644,Southeast Asian,Malaysian,Asian,20.4353,213.6932,6.1227,13.2056,Southeast Asian
69645,Southeast Asian,Malaysian,Asian,166.3980,1685.3159,188.0339,21.7326,Southeast Asian
69646,Southeast Asian,Malaysian,Asian,1.2854,6.6140,0.2852,0.3261,Southeast Asian
69647,Southeast Asian,Malaysian,Asian,13.6095,195.0600,13.4905,12.9000,Southeast Asian
69648,Southeast Asian,Malaysian,Asian,0.9165,217.5473,45.3924,2.3035,Southeast Asian
69649,Southeast Asian,Malaysian,Asian,239.7981,1932.4700,22.4734,98.3013,Southeast Asian
69650,Southeast Asian,Malaysian,Asian,1.4829,125.6565,0.2136,13.5727,Southeast Asian
69651,Southeast Asian,Malaysian,Asian,168.6562,2575.7432,157.1656,148.0328,Southeast Asian
69652,Southeast Asian,Malaysian,Asian,20.1217,828.8000,8.2622,85.8315,Southeast Asian
69653,Southeast Asian,Malaysian,Asian,125.8332,5315.1903,60.8008,548.8289,Southeast Asian
69654,Southeast Asian,Malaysian,Asian,5375.9856,221396.0397,2214.5814,22923.6479,Southeast Asian
69655,Southeast Asian,Malaysian,Asian,0.0000,15540.2782,280.2050,1590.3285,Southeast Asian
69656,Southeast Asian,Malaysian,Asian,214.2627,983.9700,20.7570,1.4535,Southeast Asian
69657,Southeast Asian,Malaysian,Asian,224.2774,11382.0224,972.5563,701.6490,Southeast Asian
69658,Southeast Asian,Malaysian,Asian,497.2679,7925.7316,310.9043,553.0994,Southeast Asian
69659,Southeast Asian,Malaysian,Asian,9.8270,471.9492,61.9401,19.3034,Southeast Asian
69660,Southeast Asian,Malaysian,Asian,0.0367,0.2300,0.0213,0.0052,Southeast Asian
69661,Southeast Asian,Malaysian,Asian,294.9978,3939.3471,239.5760,196.5066,Southeast Asian
69662,Southeast Asian,Malaysian,Asian,0.0000,249.3600,2.3760,27.0600,Southeast Asian
69663,Southeast Asian,Malaysian,Asian,165.8096,1557.3992,160.1836,21.0390,Southeast Asian
69664,Southeast Asian,Malaysian,Asian,66.7732,1394.0411,15.0043,130.8491,Southeast Asian
69665,Southeast Asian,Malaysian,Asian,33.2712,1458.3975,203.5138,53.8046,Southeast Asian
69666,Southeast Asian,Malaysian,Asian,100.3324,753.8454,16.6340,36.7456,Southeast Asian
69667,Southeast Asian,Malaysian,Asian,0.9565,875.7943,80.8173,58.4261,Southeast Asian
69668,Southeast Asian,Malaysian,Asian,202.4479,1094.3629,37.1638,19.0094,Southeast Asian
69669,Southeast Asian,Malaysian,Asian,80.6400,265770.4575,52304.1903,6123.2941,Southeast Asian
69670,Southeast Asian,Malaysian,Asian,20.8084,1170.2660,238.5502,8.7817,Southeast Asian
69671,Southeast Asian,Malaysian,Asian,23.5087,936.1375,117.7335,41.0748,Southeast Asian
69672,Southeast Asian,Malaysian,Asian,38.5274,391228.8721,47455.1457,21010.7178,Southeast Asian
69673,Southeast Asian,Malaysian,Asian,64.6350,2273.0783,364.2300,52.9445,Southeast Asian
69674,Southeast Asian,Malaysian,Asian,31660.7727,144921.5290,2356.5480,592.8569,Southeast Asian
69675,Southeast Asian,Malaysian,Asian,4197.1980,91104.4280,4026.1396,7270.5086,Southeast Asian
69676,Southeast Asian,Malaysian,Asian,106.5193,3550.4162,257.6536,232.8533,Southeast Asian
69677,Southeast Asian,Malaysian,Asian,10.4775,1662.6853,360.3609,9.3896,Southeast Asian
69678,Southeast Asian,Malaysian,Asian,87.3971,5082.0510,188.8062,457.8245,Southeast Asian
69679,Southeast Asian,Malaysian,Asian,6396.1840,317528.2000,3586.4640,33322.0920,Southeast Asian
69680,Southeast Asian,Malaysian,Asian,13.1155,305.2480,3.5542,28.9567,Southeast Asian
69681,Southeast Asian,Malaysian,Asian,127.1274,1503.4351,107.3505,64.7205,Southeast Asian
69682,Southeast Asian,Malaysian,Asian,304.1415,1255.8952,16.0282,0.6776,Southeast Asian
69683,Southeast Asian,Malaysian,Asian,2394.0000,118800.0000,1306.8000,12484.8000,Southeast Asian
69684,Southeast Asian,Malaysian,Asian,210.1266,1258.8700,91.9226,2.4367,Southeast Asian
69685,Southeast Asian,Malaysian,Asian,111.6141,5206.6862,609.5341,303.7668,Southeast Asian
69686,Southeast Asian,Malaysian,Asian,816.4448,8487.9571,78.0094,556.7740,Southeast Asian
69687,Southeast Asian,Malaysian,Asian,340.2530,2101.9000,38.6740,69.5360,Southeast Asian
69688,Southeast Asian,Malaysian,Asian,1655.7442,128218.3330,330.3339,13651.2136,Southeast Asian
69689,Southeast Asian,Malaysian,Asian,64.0854,1069.6645,108.3586,43.5669,Southeast Asian
69690,Southeast Asian,Malaysian,Asian,0.0000,400.5000,89.1000,2.2500,Southeast Asian
69691,Southeast Asian,Malaysian,Asian,9.4416,462.7080,36.6600,29.6600,Southeast Asian
69692,Southeast Asian,Malaysian,Asian,55.7997,612.1671,6.3534,45.5035,Southeast Asian
69693,Southeast Asian,Malaysian,Asian,134.1940,1236.8380,33.9597,66.7371,Southeast Asian
69694,Southeast Asian,Malaysian,Asian,20.6288,1315.7190,230.2425,28.9939,Southeast Asian
69695,Southeast Asian,Malaysian,Asian,28.1424,916.6848,100.2788,44.1580,Southeast Asian
69696,Southeast Asian,Malaysian,Asian,421.1532,3608.1720,26.7335,210.6487,Southeast Asian
69697,Southeast Asian,Malaysian,Asian,20.0371,1821.7562,88.1599,158.1903,Southeast Asian
69698,Southeast Asian,Malaysian,Asian,1.4064,6.6935,0.3012,0.2303,Southeast Asian
69699,Southeast Asian,Malaysian,Asian,2.6567,23.4716,1.5098,0.6954,Southeast Asian
69700,Southeast Asian,Malaysian,Asian,33.0889,1071.3517,200.7434,9.6385,Southeast Asian
69701,Southeast Asian,Malaysian,Asian,40.4571,405.2550,4.2916,28.8466,Southeast Asian
69702,Southeast Asian,Malaysian,Asian,94.2148,3432.8507,84.8719,303.6549,Southeast Asian
69703,Southeast Asian,Malaysian,Asian,1.2811,125.9960,0.2145,13.6290,Southeast Asian
69704,Southeast Asian,Malaysian,Asian,60.4873,249.5268,1.4347,0.4192,Southeast Asian
69705,Southeast Asian,Malaysian,Asian,498.0147,3071.6550,45.8602,97.5510,Southeast Asian
69706,Southeast Asian,Malaysian,Asian,5619.0006,25919.1187,1312.1245,283.9891,Southeast Asian
69707,Southeast Asian,Malaysian,Asian,203.0097,2475.3950,142.7096,121.7950,Southeast Asian
69708,Southeast Asian,Malaysian,Asian,36.7510,247.0566,5.4776,11.1642,Southeast Asian
69709,Southeast Asian,Malaysian,Asian,340.2731,1340.0000,5.2301,0.4924,Southeast Asian
69710,Southeast Asian,Malaysian,Asian,102.7800,400.5000,4.9050,1.4850,Southeast Asian
69711,Southeast Asian,Malaysian,Asian,12.8262,5857.0207,446.0507,434.3904,Southeast Asian
69712,Southeast Asian,Malaysian,Asian,13.4400,57.6000,2.0000,0.0800,Southeast Asian
69713,Southeast Asian,Malaysian,Asian,15.5353,290.7560,1.9567,25.6394,Southeast Asian
69714,Southeast Asian,Malaysian,Asian,21.8939,2082.0035,97.9925,177.6958,Southeast Asian
69715,Southeast Asian,Malaysian,Asian,18.7224,73.2000,0.1308,0.0450,Southeast Asian
69716,Southeast Asian,Malaysian,Asian,17.8323,1297.9042,272.2559,8.3035,Southeast Asian
69717,Southeast Asian,Malaysian,Asian,28.6243,1652.5792,237.2805,62.8588,Southeast Asian
69718,Southeast Asian,Malaysian,Asian,112.4450,709.8815,24.6851,16.3309,Southeast Asian
69719,Southeast Asian,Malaysian,Asian,30.9010,914.9225,97.4003,46.6059,Southeast Asian
69720,Southeast Asian,Malaysian,Asian,24.4295,503.7532,28.5505,33.0189,Southeast Asian
69721,Southeast Asian,Malaysian,Asian,21.1387,294.9125,8.4197,21.3436,Southeast Asian
69722,Southeast Asian,Malaysian,Asian,32.9204,636.0510,7.8720,57.5044,Southeast Asian
69723,Southeast Asian,Malaysian,Asian,5153.0624,156157.1100,1863.9399,15510.6081,Southeast Asian
69724,Southeast Asian,Malaysian,Asian,21.4087,1494.9930,45.7676,137.4387,Southeast Asian
69725,Southeast Asian,Malaysian,Asian,55.7256,1031.3600,36.0630,75.0050,Southeast Asian
69726,Southeast Asian,Malaysian,Asian,12.3920,145.1600,2.7220,9.8300,Southeast Asian
69727,Southeast Asian,Malaysian,Asian,144.9220,2953.4355,125.1381,226.4670,Southeast Asian
69728,Southeast Asian,Malaysian,Asian,1999.9448,72428.1246,728.1905,7375.8783,Southeast Asian
69729,Southeast Asian,Malaysian,Asian,34.6008,556.4722,40.0625,29.2625,Southeast Asian
69730,Southeast Asian,Malaysian,Asian,4893.6775,167421.2531,7654.8103,14450.9187,Southeast Asian
69731,Southeast Asian,Malaysian,Asian,0.0000,0.0000,0.0000,0.0000,Southeast Asian
69732,Southeast Asian,Malaysian,Asian,806.4000,3456.0000,120.0000,4.8000,Southeast Asian
69733,Southeast Asian,Malaysian,Asian,0.0000,6930.8997,635.7558,466.2935,Southeast Asian
69734,Southeast Asian,Malaysian,Asian,5335.4899,689557.9475,58946.5230,48127.1916,Southeast Asian
69735,Southeast Asian,Malaysian,Asian,53.3688,1555.9067,167.1452,71.6468,Southeast Asian
69736,Southeast Asian,Malaysian,Asian,70.7826,1224.8830,53.9829,80.1936,Southeast Asian
69737,Southeast Asian,Malaysian,Asian,192.5325,1346.2195,32.6902,48.4787,Southeast Asian
69738,Southeast Asian,Malaysian,Asian,314.3227,1795.5509,54.1671,35.9075,Southeast Asian
69739,Southeast Asian,Malaysian,Asian,73.8764,2046.2525,109.9223,155.8263,Southeast Asian
69740,Southeast Asian,Malaysian,Asian,113.5820,547.7135,8.9122,12.2850,Southeast Asian
69741,Southeast Asian,Malaysian,Asian,322.6404,1805.1253,44.1704,40.4233,Southeast Asian
69742,Southeast Asian,Malaysian,Asian,13.4701,83.0242,3.6761,4.4516,Southeast Asian
69743,Southeast Asian,Malaysian,Asian,25.7811,556.8984,82.4716,14.0315,Southeast Asian
69744,Southeast Asian,Malaysian,Asian,28.8309,862.9790,115.6672,32.9637,Southeast Asian
69745,Southeast Asian,Malaysian,Asian,25.7441,209.6965,13.2790,5.8318,Southeast Asian
69746,Southeast Asian,Malaysian,Asian,26.5011,358.0400,3.9648,27.3060,Southeast Asian
69747,Southeast Asian,Malaysian,Asian,61.5958,848.7450,18.3974,63.2166,Southeast Asian
69748,Southeast Asian,Malaysian,Asian,66351.0980,318188.3400,4783.8330,2987.8140,Southeast Asian
69749,Southeast Asian,Malaysian,Asian,69.2872,439.6896,10.3695,15.1288,Southeast Asian
69750,Southeast Asian,Malaysian,Asian,28.1610,183.8940,14.1748,3.1520,Southeast Asian
69751,Southeast Asian,Malaysian,Asian,3189.0657,15281.1720,715.0531,134.0140,Southeast Asian
69752,Southeast Asian,Malaysian,Asian,373.9378,3837.4973,84.0693,228.0521,Southeast Asian
69753,Southeast Asian,Malaysian,Asian,5.3069,356.5445,44.5685,16.7112,Southeast Asian
69754,Southeast Asian,Malaysian,Asian,47.8230,407.5875,3.2861,24.1035,Southeast Asian
69755,Southeast Asian,Malaysian,Asian,481.2932,3293.2726,183.6863,73.5912,Southeast Asian
69756,Southeast Asian,Malaysian,Asian,64.0256,1100.6183,68.8506,67.3189,Southeast Asian
69757,Southeast Asian,Malaysian,Asian,0.0000,0.0000,0.0000,0.0000,Southeast Asian
69758,Southeast Asian,Malaysian,Asian,3.1663,30598.9400,38.9062,3459.7978,Southeast Asian
69759,Southeast Asian,Malaysian,Asian,16.3964,431.7938,18.8622,35.9828,Southeast Asian
69760,Southeast Asian,Malaysian,Asian,316.0210,3246.7424,92.9080,180.5737,Southeast Asian
69761,Southeast Asian,Malaysian,Asian,24.7854,2423.8116,366.7522,90.4308,Southeast Asian
69762,Southeast Asian,Malaysian,Asian,311.0090,1575.7300,26.3587,24.8897,Southeast Asian
69763,Southeast Asian,Malaysian,Asian,1437.1861,60605.7000,669.1882,6274.7555,Southeast Asian
69764,Southeast Asian,Malaysian,Asian,51.0627,8883.4721,799.8469,583.5185,Southeast Asian
69765,Southeast Asian,Malaysian,Asian,21.7164,828.5988,39.1437,65.6674,Southeast Asian
69766,Southeast Asian,Malaysian,Asian,220.0295,4358.2888,115.8502,344.0797,Southeast Asian
69767,Southeast Asian,Malaysian,Asian,74.1375,717.0036,24.1635,42.4127,Southeast Asian
69768,Southeast Asian,Malaysian,Asian,29.9706,1144.6785,110.7146,65.2204,Southeast Asian
69769,Southeast Asian,Malaysian,Asian,101.6540,934.8750,21.1673,49.8745,Southeast Asian
69770,Southeast Asian,Malaysian,Asian,6.7965,268.7875,40.8916,8.0100,Southeast Asian
69771,Southeast Asian,Malaysian,Asian,45.4708,1077.0787,15.5905,100.4913,Southeast Asian
69772,Southeast Asian,Malaysian,Asian,755.5400,3422.5000,62.9925,5.0875,Southeast Asian
69773,Southeast Asian,Malaysian,Asian,79994.2480,310591.0000,65.5480,76.1580,Southeast Asian
69774,Southeast Asian,Malaysian,Asian,109.3750,504.6000,23.1434,1.9200,Southeast Asian
69775,Southeast Asian,Malaysian,Asian,3083.3877,131546.6075,3550.0012,12749.5849,Southeast Asian
69776,Southeast Asian,Malaysian,Asian,103.7001,1571.6918,139.5162,72.9377,Southeast Asian
69777,Southeast Asian,Malaysian,Asian,244.4450,1059.2097,14.9374,14.4172,Southeast Asian
69778,Southeast Asian,Malaysian,Asian,13.4988,5702.8729,1.9381,655.8713,Southeast Asian
69779,Southeast Asian,Malaysian,Asian,29.3368,115.5300,0.4629,0.0638,Southeast Asian
69780,Southeast Asian,Malaysian,Asian,65.9783,796.0645,55.1950,37.6135,Southeast Asian
69781,Southeast Asian,Malaysian,Asian,479.5074,3565.2400,44.8422,162.6098,Southeast Asian
69782,Southeast Asian,Malaysian,Asian,251.8607,1740.6062,15.8338,88.1005,Southeast Asian
69783,Southeast Asian,Malaysian,Asian,15.6502,768.9380,24.3360,71.4810,Southeast Asian
69784,Southeast Asian,Malaysian,Asian,303.1742,291701.1160,23298.6372,21156.9992,Southeast Asian
69785,Southeast Asian,Malaysian,Asian,155.7996,2314.8461,115.1630,144.2729,Southeast Asian
69786,Southeast Asian,Malaysian,Asian,114.1753,2067.0727,104.1615,136.1994,Southeast Asian
69787,Southeast Asian,Malaysian,Asian,342.7875,1407.1393,6.4307,2.5683,Southeast Asian
69788,Southeast Asian,Malaysian,Asian,35.4950,1023610.0280,37875.3804,95454.3680,Southeast Asian
69789,Southeast Asian,Malaysian,Asian,28.5641,1747.6441,362.3164,10.6657,Southeast Asian
69790,Southeast Asian,Malaysian,Asian,598.5992,2984.4020,73.3744,23.8003,Southeast Asian
69791,Southeast Asian,Malaysian,Asian,3.9440,867.7760,6.5837,93.9229,Southeast Asian
69792,Southeast Asian,Malaysian,Asian,115.8686,1574.6594,110.7664,81.7279,Southeast Asian
69793,Southeast Asian,Malaysian,Asian,12.3414,216.4387,9.4917,16.1338,Southeast Asian
69794,Southeast Asian,Malaysian,Asian,72.8358,1548.2463,96.8923,107.7401,Southeast Asian
69795,Southeast Asian,Malaysian,Asian,411.1875,3104.6163,135.7598,105.7791,Southeast Asian
69796,Southeast Asian,Malaysian,Asian,4.5920,27.3990,0.8933,1.1142,Southeast Asian
69797,Southeast Asian,Malaysian,Asian,38.9157,1248.6512,20.6803,118.7079,Southeast Asian
69798,Southeast Asian,Malaysian,Asian,28.6475,2561.8244,114.1604,225.2032,Southeast Asian
69799,Southeast Asian,Malaysian,Asian,227.6692,1352.2485,18.4345,43.2817,Southeast Asian
69800,Southeast Asian,Malaysian,Asian,8.8502,145.0295,11.0512,7.8232,Southeast Asian
69801,Southeast Asian,Malaysian,Asian,3398.8470,432381.1430,39199.1721,28947.9655,Southeast Asian
69802,Southeast Asian,Malaysian,Asian,66.2124,4548.9818,172.5782,408.3112,Southeast Asian
69803,Southeast Asian,Malaysian,Asian,107.9595,4486.7096,803.2495,71.2560,Southeast Asian
