Recipe_id,Region,Sub_region,Continent,"Carbohydrate, by difference (g)",Energy (kcal),Protein (g),Total lipid (fat) (g),cuisine
13723,US,US,North American,223.6118,3015.5882,23.2481,244.2351,US
13724,US,US,North American,6.8702,903.9812,182.6698,11.8833,US
13725,US,US,North American,23.8087,3027.6851,42.5664,313.9079,US
13726,US,US,North American,24.8553,873.4390,97.3873,44.4921,US
13727,US,US,North American,5.2447,23.4085,1.1456,0.0828,US
13728,US,US,North American,15.4038,92.5100,0.8518,4.3158,US
13729,US,US,North American,349.5875,2123.9460,22.1635,81.3198,US
13730,US,US,North American,44.1659,1592.0567,277.3931,27.0839,US
13731,US,US,North American,14.3322,351.4960,20.2631,25.4193,US
13732,US,US,North American,1.5068,526.5800,6.0908,56.0352,US
13733,US,US,North American,72.2003,626.0416,81.4976,5.2193,US
13734,US,US,North American,291.8175,1197.0000,5.5215,8.5150,US
13735,US,US,North American,97.4803,7113.4562,361.7850,580.7887,US
13736,US,US,North American,1.4034,47.6841,6.1242,1.9010,US
13737,US,US,North American,17.3194,494.4361,95.1578,2.6559,US
13738,US,US,North American,144.4921,833.4750,36.2722,11.0442,US
13739,US,US,North American,2.8672,934.0800,28.2688,88.9056,US
13740,US,US,North American,2.7109,97.1408,1.7959,9.3047,US
13741,US,US,North American,169.0439,2008.8477,137.5869,91.0012,US
13742,US,US,North American,238.9845,1112.5451,48.8911,4.6637,US
13743,US,US,North American,109.1664,1190.1600,35.7900,72.3240,US
13744,US,US,North American,35.3823,702.7450,22.2614,58.2679,US
13745,US,US,North American,26.0172,159.8700,4.3332,4.2900,US
13746,US,US,North American,177.6780,2049.2515,78.8272,113.2660,US
13747,US,US,North American,387.1154,2160.0042,73.8792,41.2556,US
13748,US,US,North American,112.6131,1873.7433,52.0316,138.9929,US
13749,US,US,North American,219.6912,1618.8980,46.6409,68.0366,US
13750,US,US,North American,224.7990,2833.3421,210.6000,130.7876,US
13751,US,US,North American,38.3297,1025.4055,68.0473,66.9777,US
13752,US,US,North American,13.2569,1669.7093,361.3478,9.5512,US
13753,US,US,North American,693.7352,3210.0260,21.3745,58.2845,US
13754,US,US,North American,5.9339,101.3823,0.5240,9.2841,US
13755,US,US,North American,54.7172,3095.9234,114.8176,269.3974,US
13756,US,US,North American,6.3694,472.3418,29.9917,37.7943,US
13757,US,US,North American,21.8096,84.2619,0.0212,0.0035,US
13758,US,US,North American,166.8275,2615.4228,183.9864,141.6177,US
13759,US,US,North American,12.0889,1612.9505,315.5729,26.4281,US
13760,US,US,North American,268.5436,1951.2320,49.4890,92.2060,US
13761,US,US,North American,87.3616,949.0760,91.4303,24.6294,US
13762,US,US,North American,10.1192,3305.8724,348.5217,208.2921,US
13763,US,US,North American,258.7211,1444.4882,22.4287,38.8993,US
13764,US,US,North American,1667.8652,9049.8172,136.4126,214.6032,US
13765,US,US,North American,342.8169,2957.2261,112.5282,119.6952,US
13766,US,US,North American,46.3958,809.7420,45.8350,49.3776,US
13767,US,US,North American,9.7531,446.6679,91.8823,2.5248,US
13768,US,US,North American,310.6128,2176.1652,101.8460,68.8426,US
13769,US,US,North American,84.9672,1882.5940,121.9013,119.4416,US
13770,US,US,North American,4.5171,422.8048,90.6672,2.4227,US
13771,US,US,North American,453.0532,3283.5250,12.6146,163.6195,US
13772,US,US,North American,14.2146,1712.7834,96.8392,139.8540,US
13773,US,US,North American,17.6196,1351.2262,178.8210,63.0863,US
13774,US,US,North American,23.8992,651.0200,50.2048,38.9454,US
13775,US,US,North American,163.7936,2644.1733,235.9328,125.0387,US
13776,US,US,North American,32.1293,1573.1040,34.9222,149.1078,US
13777,US,US,North American,53.0425,804.4850,115.1236,15.0999,US
13778,US,US,North American,28.8514,916.3322,179.9912,4.6283,US
13779,US,US,North American,16.5985,934.6677,5.0911,95.6982,US
13780,US,US,North American,136.9195,1512.1749,71.3161,76.4099,US
13781,US,US,North American,6.2987,1005.3810,0.0000,109.0000,US
13782,US,US,North American,22.7825,2679.9882,363.9791,116.3096,US
13783,US,US,North American,19.2007,100.2580,4.9729,2.0977,US
13784,US,US,North American,1.9113,13.5225,0.7232,0.5141,US
13785,US,US,North American,124.3456,1993.0800,60.5328,146.4012,US
13786,US,US,North American,506.6073,3908.5453,79.4610,197.6676,US
13787,US,US,North American,159.6801,2117.7680,37.7281,152.8390,US
13788,US,US,North American,,,,,US
13789,US,US,North American,10.6656,344.7050,3.2235,34.2479,US
13790,US,US,North American,578.7450,4766.5880,40.7157,274.2643,US
13791,US,US,North American,906.1577,6001.2866,119.6808,252.2828,US
13792,US,US,North American,489.0320,3221.7560,60.3123,128.2117,US
13793,US,US,North American,1.2742,521.9900,0.0000,57.6000,US
13794,US,US,North American,5.5852,24.5850,1.0944,0.2418,US
13795,US,US,North American,56.3984,3112.8000,38.4480,313.2056,US
13796,US,US,North American,80.0272,1764.5788,107.6355,109.0095,US
13797,US,US,North American,96.0833,3073.1248,91.1275,264.4152,US
13798,US,US,North American,73.0578,1916.1609,71.2153,158.7695,US
13799,US,US,North American,267.0871,1040.4193,8.8140,0.9866,US
13800,US,US,North American,708.8091,4038.5160,7.1965,145.9027,US
13801,US,US,North American,549.8900,2128.5000,0.0000,0.0000,US
13802,US,US,North American,4.6985,756.7670,8.5971,78.9163,US
13803,US,US,North American,35.8790,155.9359,2.6279,1.0690,US
13804,US,US,North American,474.3217,5755.2067,38.8989,428.4632,US
13805,US,US,North American,619.0830,5106.7200,46.3670,297.4520,US
13806,US,US,North American,63.1274,2174.1922,163.5385,146.3437,US
13807,US,US,North American,221.6252,1560.6499,72.4331,41.1007,US
13808,US,US,North American,120.0977,1940.7621,114.8786,120.9454,US
13809,US,US,North American,649.3029,4191.2680,81.6859,208.2513,US
13810,US,US,North American,265.5687,1194.2518,28.7602,5.7894,US
13811,US,US,North American,1084.1802,9962.1133,104.0881,620.4361,US
13812,US,US,North American,516.0617,4591.8537,52.0581,283.0409,US
13813,US,US,North American,225.0935,931.7480,28.8643,6.0672,US
13814,US,US,North American,83.9112,1711.0550,85.6630,117.2851,US
13815,US,US,North American,26.7865,114.2580,4.5871,0.4410,US
13816,US,US,North American,153.9804,1438.6330,19.3578,93.1991,US
13817,US,US,North American,103.0893,3617.8991,397.3343,175.3527,US
13818,US,US,North American,230.7502,2921.1625,131.0688,171.3620,US
13819,US,US,North American,477.7769,3121.5260,60.4873,128.9725,US
13820,US,US,North American,617.1498,3255.2442,53.2146,76.5060,US
13821,US,US,North American,375.7590,1962.3720,40.4970,34.9826,US
13822,US,US,North American,233.5535,1544.0340,27.6545,62.3575,US
13823,US,US,North American,356.0454,2332.4565,42.0010,93.2270,US
13824,US,US,North American,87.5422,1294.9869,107.9042,61.2660,US
13825,US,US,North American,15.7140,1158.0019,97.6355,80.8428,US
13826,US,US,North American,40.8340,1045.3714,33.9554,84.0890,US
13827,US,US,North American,4.3179,666.0500,0.1438,68.1130,US
13828,US,US,North American,254.7491,1618.3693,45.8313,55.8088,US
13829,US,US,North American,264.3330,2303.1440,55.3078,124.7138,US
13830,US,US,North American,,,,,US
13831,US,US,North American,144.7148,1821.7338,199.5901,49.8248,US
13832,US,US,North American,98.2915,1735.2226,77.8650,112.7043,US
13833,US,US,North American,512.5963,3484.3386,78.9964,143.8279,US
13834,US,US,North American,53.0467,270.9890,14.6610,1.2844,US
13835,US,US,North American,512.9954,6633.7700,90.8260,499.9054,US
13836,US,US,North American,572.2184,2817.0360,28.9125,56.2399,US
13837,US,US,North American,431.8256,3438.8294,28.9358,189.8958,US
13838,US,US,North American,38.3320,155.4000,0.0000,0.9250,US
13839,US,US,North American,3.0518,1220.4170,1.5768,136.2837,US
13840,US,US,North American,35.4180,894.3795,8.8697,86.2614,US
13841,US,US,North American,254.5906,1419.1406,71.7151,15.2179,US
13842,US,US,North American,51.3295,725.1650,10.2790,57.3246,US
13843,US,US,North American,17.3506,584.7016,1.7899,54.6694,US
13844,US,US,North American,55.1040,1981.7167,31.0133,188.5520,US
13845,US,US,North American,71.8279,1427.9250,47.4906,115.9131,US
13846,US,US,North American,454.1674,2176.8698,29.9992,39.3925,US
13847,US,US,North American,63.0338,1920.2950,31.2013,186.5898,US
13848,US,US,North American,195.2230,3100.0750,67.8640,243.5610,US
13849,US,US,North American,67.5611,1417.2713,193.3475,47.1139,US
13850,US,US,North American,47.1420,1026.0000,32.0580,86.4000,US
13851,US,US,North American,81.3568,2234.7525,191.2485,127.4585,US
13852,US,US,North American,360.6980,2240.4000,75.7940,57.1840,US
13853,US,US,North American,63.2033,5929.9000,19.4975,636.3482,US
13854,US,US,North American,47.4933,3965.7969,217.4706,318.2505,US
13855,US,US,North American,44.6765,648.4742,50.6697,30.9400,US
13856,US,US,North American,4.2477,121.1133,8.8420,7.4146,US
13857,US,US,North American,50.6148,1056.5233,81.6362,58.8420,US
13858,US,US,North American,414.4636,8483.8439,1222.7567,178.6332,US
13859,US,US,North American,1408.5056,5867.4720,80.6687,22.3130,US
13860,US,US,North American,561.2540,2468.0000,63.6720,12.0000,US
13861,US,US,North American,187.4179,1503.9464,50.4199,67.9032,US
13862,US,US,North American,310.0640,2382.6950,31.2634,116.8024,US
13863,US,US,North American,1724.3781,6833.9139,5.6566,1.5072,US
13864,US,US,North American,20.9267,4794.4261,444.7945,320.9825,US
13865,US,US,North American,602.4044,5462.2700,25.2485,346.8188,US
13866,US,US,North American,393.2910,2898.6135,64.6535,133.6156,US
13867,US,US,North American,37.2034,872.9357,122.9937,22.5811,US
13868,US,US,North American,53.5021,1500.6532,183.0794,59.1531,US
13869,US,US,North American,341.1752,2047.4860,38.5915,70.3257,US
13870,US,US,North American,74.5680,2119.0279,192.0735,117.1928,US
13871,US,US,North American,100.2431,450.1333,7.8049,4.9821,US
13872,US,US,North American,100.4369,848.9567,109.4974,8.7603,US
13873,US,US,North American,243.8955,1034.6607,10.8875,5.2056,US
13874,US,US,North American,211.6167,2674.5090,160.4249,128.6394,US
13875,US,US,North American,188.4672,907.7100,13.4036,17.2281,US
13876,US,US,North American,19.8550,3645.8277,19.5919,388.7803,US
13877,US,US,North American,90.1728,939.8400,27.2760,60.7980,US
13878,US,US,North American,122.7767,1392.9558,16.1000,96.8757,US
13879,US,US,North American,266.2294,1758.9072,11.7511,84.7633,US
13880,US,US,North American,44.6317,1116.9800,13.5548,106.3965,US
13881,US,US,North American,13.8813,447.3703,69.7945,11.7671,US
13882,US,US,North American,284.5286,1146.5937,5.0146,2.6939,US
13883,US,US,North American,346.0199,1589.4307,31.1044,36.9912,US
13884,US,US,North American,207.4143,1543.5000,13.2006,78.6114,US
13885,US,US,North American,273.0571,3467.8760,82.9715,256.9067,US
13886,US,US,North American,11.8929,2506.0510,93.2202,232.8161,US
13887,US,US,North American,24.4273,794.5260,29.2680,65.7164,US
13888,US,US,North American,325.7979,2016.5575,42.0846,67.7589,US
13889,US,US,North American,12.2726,529.4986,0.7993,54.2174,US
13890,US,US,North American,25.0365,987.0592,90.5075,56.7690,US
13891,US,US,North American,668.3614,4284.6630,103.9594,189.4060,US
13892,US,US,North American,12.9466,127.8840,5.7645,5.9841,US
13893,US,US,North American,42.6115,1290.9292,38.1182,111.2936,US
13894,US,US,North American,4.1957,29.8746,1.0548,0.2436,US
13895,US,US,North American,112.5363,2876.6400,154.6915,202.8508,US
13896,US,US,North American,17.9013,471.4460,11.4730,42.5359,US
13897,US,US,North American,258.3468,1074.7875,4.8237,2.3495,US
13898,US,US,North American,12.3995,309.3712,6.1493,27.9972,US
13899,US,US,North American,503.1088,2746.4000,43.7496,76.0272,US
13900,US,US,North American,7.1764,1319.7839,229.7990,40.0525,US
13901,US,US,North American,183.9195,1312.4660,22.9412,59.0900,US
13902,US,US,North American,274.6116,1742.8767,21.5040,73.8353,US
13903,US,US,North American,281.7741,5241.1871,104.7777,449.2002,US
13904,US,US,North American,265.7916,2298.4335,55.6147,125.3116,US
13905,US,US,North American,1.5338,580.7800,5.3288,62.4800,US
13906,US,US,North American,0.4116,927.5560,179.5690,18.0465,US
13907,US,US,North American,437.4704,3474.4320,60.1464,175.8114,US
13908,US,US,North American,58.5483,290.1250,0.6500,8.4290,US
13909,US,US,North American,7.7940,64.1179,0.9082,2.4524,US
13910,US,US,North American,26.2274,340.3157,20.1599,18.4144,US
13911,US,US,North American,1.8756,329.0818,45.1746,14.6567,US
13912,US,US,North American,399.6715,4348.4410,48.6094,301.9425,US
13913,US,US,North American,0.0000,201.7338,44.8801,1.1333,US
13914,US,US,North American,283.0164,1996.5760,40.2120,87.8730,US
13915,US,US,North American,246.7335,4445.8862,18.8412,389.1744,US
13916,US,US,North American,29.8324,1205.0901,107.8807,75.8019,US
13917,US,US,North American,7.4419,171.7216,13.3599,9.5894,US
13918,US,US,North American,6.5380,749.4812,139.0142,17.6147,US
13919,US,US,North American,7.7362,490.3366,48.9128,28.5086,US
13920,US,US,North American,449.5013,3700.3360,66.8133,188.0063,US
13921,US,US,North American,22.9917,667.9318,101.4678,18.6988,US
13922,US,US,North American,512.1371,2940.6235,65.1492,80.5880,US
13923,US,US,North American,17.3408,695.8000,30.4096,56.9744,US
13924,US,US,North American,5.7890,1404.8509,181.2288,68.5099,US
13925,US,US,North American,5.0766,439.4010,0.9686,46.5671,US
13926,US,US,North American,434.9858,2413.1100,35.8535,69.1047,US
13927,US,US,North American,19.7376,1457.7080,155.9821,84.0875,US
13928,US,US,North American,20.4853,4974.3012,139.2109,490.2635,US
13929,US,US,North American,92.4281,3189.0730,285.9906,189.9657,US
13930,US,US,North American,3.0361,888.8930,182.0425,11.7083,US
13931,US,US,North American,298.1434,2908.0329,244.8945,85.6768,US
13932,US,US,North American,33.4818,1194.4956,92.8794,76.8927,US
13933,US,US,North American,55.8781,1910.2317,149.5822,119.3550,US
13934,US,US,North American,13.0760,967.2021,93.5669,57.7588,US
13935,US,US,North American,138.1660,3037.8139,205.0472,193.6678,US
13936,US,US,North American,20.5639,1364.6361,125.8090,86.2568,US
13937,US,US,North American,183.5658,2278.0120,179.5195,91.5948,US
13938,US,US,North American,11.1744,1069.3349,120.0584,60.7665,US
13939,US,US,North American,19.1842,2407.5379,131.2593,203.8220,US
13940,US,US,North American,47.9656,1106.0819,73.6309,67.5645,US
13941,US,US,North American,66.3425,606.7267,23.0270,29.2292,US
13942,US,US,North American,9.0532,781.6700,53.5256,57.9682,US
13943,US,US,North American,40.0161,2035.1569,183.7424,120.8850,US
13944,US,US,North American,21.1849,427.3293,34.1574,23.5019,US
13945,US,US,North American,14.0100,877.4749,100.7036,47.2421,US
13946,US,US,North American,180.5628,1347.5820,20.7065,61.2533,US
13947,US,US,North American,7.0050,487.0741,48.8104,28.4670,US
13948,US,US,North American,18.1264,1201.4700,67.0449,96.0354,US
13949,US,US,North American,15.8025,667.3043,103.0504,19.2394,US
13950,US,US,North American,32.2612,506.1864,9.8365,41.8976,US
13951,US,US,North American,27.1672,1504.3200,104.3749,108.1165,US
13952,US,US,North American,37.5380,996.7869,83.8885,58.8409,US
13953,US,US,North American,215.2938,1674.1882,47.8278,76.9169,US
13954,US,US,North American,63.3445,2936.9635,309.9337,155.4602,US
13955,US,US,North American,140.7702,2141.8975,116.1535,129.9359,US
13956,US,US,North American,32.5608,2497.2532,79.6502,229.0931,US
13957,US,US,North American,367.5341,1706.3000,10.6860,29.1370,US
13958,US,US,North American,,,,,US
13959,US,US,North American,25.3203,1020.8276,102.9964,57.7960,US
13960,US,US,North American,176.5926,2405.1597,196.5607,103.5529,US
13961,US,US,North American,29.7608,2731.3807,227.9035,187.1648,US
13962,US,US,North American,26.8893,2236.4586,226.8610,132.6217,US
13963,US,US,North American,18.2452,1401.6413,157.4522,78.4935,US
13964,US,US,North American,27.7733,503.6800,21.3401,36.1117,US
13965,US,US,North American,22.6980,469.0987,51.5238,19.0695,US
13966,US,US,North American,20.5751,700.0600,34.8455,54.9654,US
13967,US,US,North American,636.7390,5804.5480,31.9700,369.4088,US
13968,US,US,North American,13.1988,2033.8575,118.5037,165.4626,US
13969,US,US,North American,67.0842,1385.9400,80.7632,86.9226,US
13970,US,US,North American,45.2001,1087.7344,106.8110,55.5743,US
13971,US,US,North American,1.4400,286.0000,25.1200,19.0200,US
13972,US,US,North American,153.8121,13633.9923,466.5795,1268.3673,US
13973,US,US,North American,79.5519,412.5120,14.2594,10.8929,US
13974,US,US,North American,153.9643,2668.9902,224.6472,133.5479,US
13975,US,US,North American,11.8421,942.6710,137.2708,35.2969,US
13976,US,US,North American,166.0639,2309.6863,366.1778,9.9713,US
13977,US,US,North American,37.7450,299.0000,8.8630,14.7200,US
13978,US,US,North American,30.6580,406.0000,12.4460,28.9600,US
13979,US,US,North American,9.9362,837.1818,158.4914,18.5745,US
13980,US,US,North American,153.5044,3473.4736,113.0123,269.0993,US
13981,US,US,North American,65.9226,1456.9251,107.6498,85.8445,US
13983,US,US,North American,118.2224,3718.8987,336.7069,206.2726,US
13984,US,US,North American,0.0000,2448.0056,260.8486,156.1284,US
13985,US,US,North American,37.0560,5797.1600,311.3794,479.3670,US
13986,US,US,North American,64.9746,1916.5270,83.9840,147.6188,US
13987,US,US,North American,38.5212,7243.8359,89.4943,761.0049,US
13988,US,US,North American,128.6554,2750.4200,144.8021,187.5179,US
13989,US,US,North American,98.5130,1038.4677,120.0531,18.7090,US
13990,US,US,North American,173.5457,2576.0400,120.6893,160.5227,US
13991,US,US,North American,18.6376,926.4512,8.9946,92.9434,US
13992,US,US,North American,59.5716,562.4175,22.3292,25.9110,US
13993,US,US,North American,26.6103,1217.7798,80.0032,85.8796,US
13994,US,US,North American,444.9293,3133.0231,0.5443,163.5000,US
13995,US,US,North American,458.9636,4596.2100,32.8514,315.1963,US
13996,US,US,North American,120.7036,2710.7007,117.0028,193.7706,US
13997,US,US,North American,361.4266,1673.4940,6.4120,30.5235,US
13998,US,US,North American,490.5653,4037.9103,132.4230,180.8542,US
13999,US,US,North American,400.8458,2534.4665,0.4065,102.0045,US
14000,US,US,North American,459.8359,2572.5780,91.0525,95.0256,US
14001,US,US,North American,395.1534,3034.4000,62.5189,139.9100,US
14002,US,US,North American,38.1407,321.7340,13.9660,12.7338,US
14003,US,US,North American,367.9561,1637.8000,11.7550,19.4920,US
14004,US,US,North American,323.1026,2804.9058,40.8726,162.1883,US
14005,US,US,North American,323.8765,1742.7607,75.6412,39.2283,US
14006,US,US,North American,245.1308,1299.2150,17.1261,33.8333,US
14007,US,US,North American,301.8176,1847.0800,34.6636,67.1188,US
14008,US,US,North American,67.1745,434.3100,14.1054,12.8944,US
14009,US,US,North American,135.9414,2334.6666,410.2791,11.4596,US
14010,US,US,North American,218.3935,3316.8472,103.4865,228.1380,US
14011,US,US,North American,832.7870,3825.0740,70.0560,23.7328,US
14012,US,US,North American,301.9966,1663.7320,10.3221,53.6338,US
14013,US,US,North American,47.2037,1244.9020,128.3773,58.9259,US
14014,US,US,North American,412.2486,8451.0170,327.2962,608.5489,US
14015,US,US,North American,19.7197,180.7900,10.3099,6.9956,US
14016,US,US,North American,467.9981,2337.8500,6.5440,56.3420,US
14017,US,US,North American,275.0418,1692.4036,60.0848,42.1740,US
14018,US,US,North American,360.0991,1466.8000,6.4120,5.0920,US
14019,US,US,North American,361.4082,4727.1881,159.8543,296.6591,US
14020,US,US,North American,105.8595,2807.4872,120.0896,216.2188,US
14021,US,US,North American,145.2882,1887.1756,147.4050,78.7439,US
14022,US,US,North American,122.9933,511.9752,4.6012,1.8766,US
14023,US,US,North American,242.2078,1290.2395,13.5335,36.1053,US
14024,US,US,North American,883.8721,4327.8058,138.2262,27.4571,US
14025,US,US,North American,271.7479,1864.8520,50.0485,80.9823,US
14026,US,US,North American,276.4654,2320.4925,34.9519,119.5498,US
14027,US,US,North American,44.3967,568.6900,55.9378,17.2404,US
14028,US,US,North American,308.7842,3947.3820,1.2792,309.3980,US
14029,US,US,North American,401.1343,3309.0307,109.3429,145.0119,US
14030,US,US,North American,64.4478,436.8465,14.1670,14.1912,US
14031,US,US,North American,282.4683,1514.4033,0.1320,51.7047,US
14032,US,US,North American,169.4902,900.3400,13.0290,22.3788,US
14033,US,US,North American,411.3835,3089.2853,147.7923,108.8144,US
14034,US,US,North American,328.8715,1710.6267,23.7933,38.4950,US
14035,US,US,North American,11.5153,557.8674,104.4690,7.9087,US
14036,US,US,North American,95.3452,1608.5306,75.9315,109.3725,US
14037,US,US,North American,404.9218,2023.9284,0.2902,51.6207,US
14038,US,US,North American,249.5698,1525.6882,37.1418,48.1169,US
14039,US,US,North American,75.5713,1663.2960,45.4105,141.9945,US
14040,US,US,North American,10.2740,161.2320,1.2100,13.7100,US
14041,US,US,North American,198.1552,1372.9690,60.1201,35.6429,US
14042,US,US,North American,983.8220,7248.6654,191.9985,320.7863,US
14043,US,US,North American,273.6836,2221.2547,24.9435,120.7460,US
14044,US,US,North American,212.0604,3965.6867,688.4959,28.9699,US
14045,US,US,North American,85.5381,370.2712,5.0428,0.5066,US
14046,US,US,North American,4.7040,2063.0447,152.5443,154.5604,US
14047,US,US,North American,250.9768,1309.5738,26.6940,28.2923,US
14048,US,US,North American,96.9433,1338.7000,104.2684,63.8568,US
14049,US,US,North American,4.5750,189.1000,26.9620,6.3440,US
14050,US,US,North American,2.8728,707.1756,23.9069,67.0283,US
14051,US,US,North American,19.4591,1775.0028,49.9162,164.9238,US
14052,US,US,North American,152.6048,806.7447,1.8591,24.2090,US
14053,US,US,North American,16.3425,973.4951,90.6236,58.5232,US
14054,US,US,North American,1011.7116,4989.4690,162.6520,32.4131,US
14055,US,US,North American,23.9623,1001.9370,89.5944,58.1029,US
14056,US,US,North American,478.2679,3792.1345,28.7634,201.4161,US
14057,US,US,North American,6.3643,221.9600,3.1760,21.0290,US
14058,US,US,North American,388.8600,2350.6500,32.3220,86.5685,US
14059,US,US,North American,21.5732,969.7546,145.8467,32.4989,US
14060,US,US,North American,6.5515,861.3354,53.6894,67.2898,US
14061,US,US,North American,20.1384,517.6676,101.3572,3.6460,US
14062,US,US,North American,260.8904,2262.4893,8.6243,139.0420,US
14063,US,US,North American,278.4662,2585.0991,148.2992,101.3127,US
14064,US,US,North American,67.4913,771.4832,32.8805,45.7969,US
14065,US,US,North American,7.8328,4051.6003,513.2028,203.0854,US
14066,US,US,North American,32.5103,139.0178,4.0219,0.4093,US
14067,US,US,North American,32.5510,2257.9336,1.9032,240.0220,US
14068,US,US,North American,4.3535,1830.8996,128.7867,143.8325,US
14069,US,US,North American,111.1840,1316.7467,174.5954,23.0046,US
14070,US,US,North American,66.2316,1550.0606,127.8797,84.9868,US
14071,US,US,North American,39.7608,906.0023,73.1021,50.2404,US
14072,US,US,North American,101.1786,6355.1976,251.3418,543.5186,US
14073,US,US,North American,227.4720,2112.8027,282.7566,9.1640,US
14074,US,US,North American,216.7061,4953.3990,212.4728,363.0531,US
14075,US,US,North American,586.1912,3997.7003,105.5328,146.2122,US
14076,US,US,North American,229.9193,9239.3929,267.1514,810.1114,US
14077,US,US,North American,199.9600,774.0000,0.0000,0.0000,US
14078,US,US,North American,120.0178,1825.2398,110.2818,101.4628,US
14079,US,US,North American,306.7680,1231.4200,1.9945,4.9464,US
14080,US,US,North American,447.5834,4580.5423,471.8102,113.0356,US
14081,US,US,North American,7.9489,171.3608,5.3579,14.4047,US
14082,US,US,North American,133.9484,2267.6360,105.2652,149.3022,US
14083,US,US,North American,126.2503,1496.5896,72.0349,79.8072,US
14084,US,US,North American,69.3924,3676.1230,111.0534,339.3088,US
14085,US,US,North American,124.4859,1079.2890,31.8209,58.6950,US
14086,US,US,North American,73.0004,1531.8465,90.6969,99.9714,US
14087,US,US,North American,45.7311,1024.8100,46.4933,76.6213,US
14088,US,US,North American,23.1656,456.1140,30.3690,26.2332,US
14089,US,US,North American,12.4695,2019.0619,171.5979,138.7096,US
14090,US,US,North American,15.7140,342.0000,10.6860,28.8000,US
14091,US,US,North American,58.3011,1859.8303,360.2134,9.9676,US
14092,US,US,North American,32.4558,22350.0882,1582.5854,1712.1833,US
14093,US,US,North American,57.0032,942.2976,108.9824,29.1958,US
14094,US,US,North American,70.2499,1534.3029,242.5847,28.6205,US
14095,US,US,North American,830.9681,3910.1380,175.5138,59.0879,US
14096,US,US,North American,94.9503,2311.5947,226.1429,120.1658,US
14097,US,US,North American,47.7042,1926.9080,119.9381,140.0709,US
14098,US,US,North American,65.0922,3464.3388,138.1443,293.7818,US
14099,US,US,North American,298.1927,1375.2032,16.1700,18.0168,US
14100,US,US,North American,529.1621,4643.1700,75.6126,274.1486,US
14101,US,US,North American,118.3632,12147.7151,499.6236,1059.0273,US
14102,US,US,North American,396.2601,5629.4407,243.5936,341.9093,US
14103,US,US,North American,130.2820,2975.7422,176.1766,197.6879,US
14104,US,US,North American,2.6362,13.1265,0.5611,0.1463,US
14105,US,US,North American,33.8738,177.5860,10.8615,0.3245,US
14106,US,US,North American,86.4115,2257.6552,203.4318,116.0633,US
14107,US,US,North American,118.8717,1102.3337,56.7696,48.0612,US
14108,US,US,North American,3.3500,84.6475,6.9126,4.8151,US
14109,US,US,North American,134.9271,809.3359,61.0723,2.9905,US
14110,US,US,North American,47.3043,943.8221,100.4946,37.3653,US
14111,US,US,North American,13.8072,375.4306,3.7105,35.3037,US
14112,US,US,North American,10.6225,843.2075,10.4244,86.6148,US
14113,US,US,North American,82.0046,1801.2784,201.3298,70.5852,US
14114,US,US,North American,3.3500,488.1151,96.6728,7.0818,US
14115,US,US,North American,159.8685,1632.1702,47.6293,91.6492,US
14116,US,US,North American,89.3581,611.9942,57.5505,2.5027,US
14117,US,US,North American,0.2624,1.0159,0.0000,0.0000,US
14118,US,US,North American,5.1029,222.1449,44.8800,1.1333,US
14119,US,US,North American,7.0548,32.1070,1.6054,0.0708,US
14120,US,US,North American,250.1378,996.6059,3.2035,3.2900,US
14121,US,US,North American,170.3460,3050.4890,47.9166,247.5550,US
14122,US,US,North American,337.6585,2666.7543,15.7292,147.7461,US
14123,US,US,North American,95.0882,2079.3400,33.9390,181.0668,US
14124,US,US,North American,428.9866,2077.9090,24.6942,36.5052,US
14125,US,US,North American,59.3611,410.2807,22.4161,9.6340,US
14126,US,US,North American,599.8800,2322.0000,0.0000,0.0000,US
14127,US,US,North American,378.6401,2627.3600,64.4288,102.5550,US
14128,US,US,North American,,,,,US
14129,US,US,North American,52.0300,1809.5089,82.8070,143.3651,US
14130,US,US,North American,300.9436,1929.3833,34.7676,74.4050,US
14131,US,US,North American,782.7583,3918.2960,161.3226,51.9344,US
14132,US,US,North American,,,,,US
14133,US,US,North American,39.0548,1282.8270,33.6054,112.0708,US
14134,US,US,North American,461.8199,1741.7120,0.0000,0.6820,US
14135,US,US,North American,4.9996,2440.3248,309.5508,122.9777,US
14136,US,US,North American,900.1957,3541.2119,6.4070,6.5800,US
14137,US,US,North American,656.5945,25120.8020,1077.4582,2208.7776,US
14138,US,US,North American,36.5079,433.5545,10.6151,30.6159,US
14139,US,US,North American,90.7719,1626.7121,141.4516,76.1029,US
14140,US,US,North American,171.8285,1978.1333,54.5385,127.2718,US
14141,US,US,North American,450.0978,1770.6059,3.2035,3.2900,US
14142,US,US,North American,96.3622,1693.3298,156.2605,73.4963,US
14143,US,US,North American,167.1072,2703.9437,104.3228,184.4463,US
14144,US,US,North American,250.1378,996.6059,3.2035,3.2900,US
14145,US,US,North American,600.0774,2323.8000,0.3180,0.0414,US
14146,US,US,North American,8.5351,309.6660,10.5084,28.0410,US
14147,US,US,North American,47.6327,1404.0700,12.8099,134.8315,US
14148,US,US,North American,206.5560,2065.9334,154.3915,75.7855,US
14149,US,US,North American,72.9432,869.7600,27.3768,59.7168,US
14150,US,US,North American,276.8853,1083.8692,5.9966,1.6492,US
14151,US,US,North American,341.2520,13484.2795,1144.5607,808.3745,US
14152,US,US,North American,11.0690,45.6052,0.3313,0.1682,US
14153,US,US,North American,193.4975,1899.8975,67.4205,99.7536,US
14154,US,US,North American,37.2806,987.3190,47.2089,76.8449,US
14155,US,US,North American,615.7180,3997.8703,359.3048,9.0667,US
14156,US,US,North American,18.0590,1397.5047,22.6753,141.6489,US
14157,US,US,North American,395.7943,1988.4330,24.1304,46.0670,US
14158,US,US,North American,11.5387,54.6353,1.9319,0.7869,US
14159,US,US,North American,154.5243,978.0480,14.2493,38.4013,US
14160,US,US,North American,195.6744,744.7366,2.4007,1.6052,US
14161,US,US,North American,61.0093,232.6000,0.6824,0.4250,US
14162,US,US,North American,5.8316,283.8000,4.0576,27.1894,US
14163,US,US,North American,79.0872,562.8800,11.0148,25.5020,US
14164,US,US,North American,370.0119,2657.4960,19.9047,133.2338,US
14165,US,US,North American,359.2221,1494.1800,10.6779,10.0224,US
14166,US,US,North American,912.4720,3519.8385,2.4073,1.2122,US
14167,US,US,North American,378.7976,1775.6691,8.5531,32.9618,US
14168,US,US,North American,412.2758,2252.5190,35.1479,64.7301,US
14169,US,US,North American,173.3011,1659.8083,36.4612,97.3424,US
14170,US,US,North American,35.4728,846.2270,35.3648,67.1640,US
14171,US,US,North American,18.7798,1405.9845,262.8959,31.7416,US
14172,US,US,North American,262.1618,1659.6750,29.2375,64.1613,US
14173,US,US,North American,48.1102,495.0040,19.9735,27.7500,US
14174,US,US,North American,335.5944,1348.6500,8.2181,3.6372,US
14175,US,US,North American,45.8430,186.5240,4.5568,0.3560,US
14176,US,US,North American,36.2324,247.6930,9.7982,9.0726,US
14177,US,US,North American,13.0632,135.6920,0.0584,0.0138,US
14178,US,US,North American,194.9214,2375.4938,146.9852,111.6136,US
14179,US,US,North American,11.5605,87.2520,0.1189,0.1554,US
14180,US,US,North American,17.7352,543.7200,16.8892,45.7876,US
14181,US,US,North American,20.0567,364.3667,11.7763,29.7840,US
14182,US,US,North American,43.5643,731.4600,21.3828,57.6000,US
14183,US,US,North American,16.4413,126.9090,0.1081,0.1554,US
14184,US,US,North American,60.0508,329.5400,12.3324,6.2086,US
14185,US,US,North American,17.6502,69.2760,2.8676,0.8998,US
14186,US,US,North American,37.8538,176.0577,2.1575,3.6366,US
14187,US,US,North American,54.4730,401.9300,16.3295,14.5540,US
14188,US,US,North American,221.8008,869.7080,1.5371,1.8306,US
14189,US,US,North American,275.7154,3063.0842,130.4447,174.4964,US
14190,US,US,North American,174.7130,1391.8902,87.9432,36.1615,US
14191,US,US,North American,95.5805,2815.1857,158.7680,197.9309,US
14192,US,US,North American,87.4820,481.3400,12.3681,10.7093,US
14193,US,US,North American,72.4370,1788.7529,86.7161,129.6910,US
14194,US,US,North American,108.1141,1240.0719,179.6843,4.5333,US
14195,US,US,North American,15.5521,10637.3062,1089.7335,646.6401,US
14196,US,US,North American,35.9532,549.4299,32.5778,30.4112,US
14197,US,US,North American,68.0288,867.9738,25.6925,57.9657,US
14198,US,US,North American,147.4244,1368.5125,26.8857,23.9836,US
14199,US,US,North American,15.6182,149.8570,0.8863,0.9903,US
14200,US,US,North American,87.2980,2986.6124,249.2237,175.7669,US
14201,US,US,North American,675.7689,6058.3040,86.2210,354.7226,US
14202,US,US,North American,4.4602,38.7390,0.7169,0.2249,US
14203,US,US,North American,19.6949,483.3156,90.2142,2.8884,US
14204,US,US,North American,25.3289,916.6184,185.2825,5.1724,US
14205,US,US,North American,19.7086,2005.9877,267.8871,87.8399,US
14206,US,US,North American,13.5995,7612.1168,487.7349,614.7880,US
14207,US,US,North American,35.9774,20466.6300,434.1175,2054.6025,US
14208,US,US,North American,92.8985,1057.1582,44.8881,67.0707,US
14209,US,US,North American,250.5945,1417.7630,11.2957,28.9482,US
14210,US,US,North American,118.2692,529.5625,2.3452,1.8018,US
14211,US,US,North American,73.2305,3780.6428,613.3136,92.5001,US
14212,US,US,North American,50.5300,784.7295,29.0452,58.4352,US
14213,US,US,North American,239.0131,1693.2910,37.8417,71.5013,US
14214,US,US,North American,40.1454,809.3280,61.6358,43.7697,US
14215,US,US,North American,484.6919,2731.7160,42.8065,79.0989,US
14216,US,US,North American,107.5163,839.5681,28.9881,33.5417,US
14217,US,US,North American,56.0326,3570.5905,47.9846,367.6905,US
14218,US,US,North American,875.6758,3376.6143,22.3880,5.4688,US
14219,US,US,North American,97.4549,574.3629,24.3657,16.9036,US
14220,US,US,North American,0.0000,13987.9495,954.7817,1107.3083,US
14221,US,US,North American,147.7914,992.3690,37.0249,35.9463,US
14222,US,US,North American,832.5282,5442.6894,111.0191,212.8275,US
14223,US,US,North American,234.0193,1604.6570,33.9320,67.1100,US
14224,US,US,North American,15.2791,528.5655,16.6255,44.6244,US
14225,US,US,North American,471.8417,5179.4830,77.9908,347.9682,US
14226,US,US,North American,954.3532,5634.5341,115.8058,188.1459,US
14227,US,US,North American,122.3344,1190.4188,115.0675,24.2900,US
14228,US,US,North American,0.0000,209.3800,0.2146,23.2000,US
14229,US,US,North American,192.7844,2521.3193,379.8327,18.1848,US
14230,US,US,North American,57.9352,423.0710,13.5792,15.4651,US
14231,US,US,North American,135.2244,2293.3594,204.0336,100.8631,US
14232,US,US,North American,114.4917,1057.6880,7.4967,65.7909,US
14233,US,US,North American,60.0350,4295.5018,239.1335,340.7267,US
14234,US,US,North American,78.5339,1233.3094,131.3856,44.5462,US
14235,US,US,North American,477.8487,4348.3622,81.8427,249.4637,US
14236,US,US,North American,484.6919,4658.8360,42.8065,297.0989,US
14237,US,US,North American,213.9280,6446.5190,1265.2649,49.6254,US
14238,US,US,North American,525.0573,4359.9493,37.1732,249.0865,US
14239,US,US,North American,80.0579,743.5659,22.3688,41.1324,US
14240,US,US,North American,292.1349,1973.8627,43.6708,77.1339,US
14241,US,US,North American,23.8156,153.0082,13.0925,1.8614,US
14242,US,US,North American,77.4848,563.4301,27.1529,24.1328,US
14243,US,US,North American,34.3678,414.6100,7.0355,31.2527,US
14244,US,US,North American,62.0481,4284.3248,338.3098,293.3260,US
14245,US,US,North American,7.9849,171.5020,5.3638,14.4065,US
14246,US,US,North American,558.4557,14189.9753,881.7292,938.5469,US
14247,US,US,North American,4.1992,16.2540,0.0000,0.0000,US
14248,US,US,North American,171.1389,1190.5803,22.4267,50.9121,US
14249,US,US,North American,482.9265,5990.0417,25.9337,464.2054,US
14250,US,US,North American,4029.9153,15872.7314,81.4351,28.0977,US
14251,US,US,North American,15.4858,1062.2540,7.6860,110.4788,US
14252,US,US,North American,0.0000,0.0000,0.0000,0.0000,US
14253,US,US,North American,101.9024,484.9974,7.2426,6.4818,US
14254,US,US,North American,19.8016,2023.0400,88.0328,176.6136,US
14255,US,US,North American,19.6660,1418.0500,11.2353,145.3201,US
14256,US,US,North American,8.6988,470.5710,3.3094,48.9188,US
14257,US,US,North American,105.7054,449.5960,10.6862,5.2079,US
14258,US,US,North American,11.3019,47.9200,0.8855,0.1585,US
14259,US,US,North American,14.0486,316.9200,15.4660,23.1444,US
14260,US,US,North American,3.0475,525.9558,104.2947,7.7976,US
14261,US,US,North American,43.1199,1179.1403,36.6414,97.1867,US
14262,US,US,North American,5.8316,74.4200,3.8430,3.9894,US
14263,US,US,North American,547.4680,4542.6310,126.3009,229.7891,US
14264,US,US,North American,37.0420,1148.7543,117.7407,61.4578,US
14265,US,US,North American,32.8158,2757.5128,121.1692,239.7995,US
14266,US,US,North American,23.5498,827.8200,37.6680,71.8904,US
14267,US,US,North American,36.4706,1151.6600,45.5568,95.7270,US
14268,US,US,North American,62.9464,1569.9723,124.2531,89.7946,US
14269,US,US,North American,157.4413,5833.9445,197.0425,525.4041,US
14270,US,US,North American,228.1516,1519.1841,12.0492,72.3005,US
14271,US,US,North American,20.8305,368.1950,11.7644,29.1484,US
14272,US,US,North American,242.7477,1834.6790,9.0152,97.3678,US
14273,US,US,North American,1088.8157,7082.1788,133.6820,257.0178,US
14274,US,US,North American,772.2121,3724.2413,20.7475,76.4813,US
14275,US,US,North American,521.0492,5239.8520,101.5350,332.8944,US
14276,US,US,North American,140.3774,894.9651,15.5542,33.8294,US
14277,US,US,North American,295.5136,2252.1753,46.5176,111.3522,US
14278,US,US,North American,14.8420,215.2400,1.1264,13.5300,US
14279,US,US,North American,432.5487,1968.6540,27.9253,19.7925,US
14280,US,US,North American,100.2209,404.1600,3.5970,0.0561,US
14281,US,US,North American,18.4665,598.5110,12.5621,56.0629,US
14282,US,US,North American,453.1661,4708.8380,24.9474,329.1527,US
14283,US,US,North American,53.8259,311.7809,11.5538,9.2505,US
14284,US,US,North American,,,,,US
14285,US,US,North American,506.5379,2975.0300,26.8680,115.4980,US
14286,US,US,North American,66.9697,347.3744,0.4222,0.1407,US
14287,US,US,North American,223.5088,1069.4400,1.7664,21.6600,US
14288,US,US,North American,28.9241,1407.6588,49.1243,123.8449,US
14289,US,US,North American,67.3800,2194.4333,105.9080,175.1713,US
14290,US,US,North American,9.3904,260.9577,17.3918,18.2423,US
14291,US,US,North American,83.4497,701.3890,6.2480,41.4508,US
14292,US,US,North American,2.8672,934.0800,28.2688,88.9056,US
14293,US,US,North American,93.0877,414.7200,14.4938,4.8413,US
14294,US,US,North American,791.5157,3162.4700,5.4054,15.0940,US
14295,US,US,North American,325.0493,1883.0960,14.3525,66.9465,US
14296,US,US,North American,281.1134,2192.3935,5.3663,123.5770,US
14297,US,US,North American,77.6715,346.0614,15.1528,2.6549,US
14298,US,US,North American,7.8957,5183.6710,1080.5571,61.4601,US
14299,US,US,North American,127.4100,944.7901,47.1153,35.7525,US
14300,US,US,North American,54.5323,1175.0160,65.5108,76.0569,US
14301,US,US,North American,35.6480,4060.2662,18.9259,441.5811,US
14302,US,US,North American,217.2823,1180.8320,23.4129,28.6345,US
14303,US,US,North American,361.3493,2048.9240,22.9465,63.8701,US
14304,US,US,North American,5.8316,74.4200,3.8430,3.9894,US
14305,US,US,North American,49.3244,755.6235,28.8557,50.3216,US
14306,US,US,North American,134.0820,671.9400,7.3740,12.7830,US
14307,US,US,North American,13.5343,2549.0990,115.5460,230.8342,US
14308,US,US,North American,13.8790,1138.9813,62.9935,93.0302,US
14309,US,US,North American,20.5848,1323.8712,33.8449,122.9289,US
14310,US,US,North American,626.4328,3672.1200,48.8088,120.3376,US
14311,US,US,North American,16.5708,5714.3634,993.9889,187.8650,US
14312,US,US,North American,91.1539,3225.8968,239.9964,207.1390,US
14313,US,US,North American,133.3603,2189.5737,295.6089,52.5624,US
14314,US,US,North American,116.7541,918.2221,11.9252,49.2844,US
14315,US,US,North American,49.5193,474.7700,5.1939,27.6229,US
14316,US,US,North American,45.4959,2372.3424,167.2474,168.8812,US
14317,US,US,North American,113.3148,933.7440,23.4232,47.4728,US
14318,US,US,North American,158.2098,2367.9370,251.4508,78.7648,US
14319,US,US,North American,223.9309,2605.0371,143.5055,134.9595,US
14320,US,US,North American,2.8672,1172.7600,28.2688,115.9056,US
14321,US,US,North American,19.0708,1030.9371,109.4835,60.3114,US
14322,US,US,North American,38.4850,167.9470,5.1984,1.2064,US
14323,US,US,North American,26.7484,3563.6440,132.9246,324.6186,US
14324,US,US,North American,10.4293,487.3654,54.3560,25.5557,US
14325,US,US,North American,21.2824,537.1698,4.2484,50.5612,US
14326,US,US,North American,3.4647,593.2800,30.3313,50.0046,US
14327,US,US,North American,69.8622,406.2946,24.5124,10.9296,US
14328,US,US,North American,82.4036,1026.5480,33.9333,67.1113,US
14329,US,US,North American,129.5093,3071.3400,42.7440,278.7000,US
14330,US,US,North American,90.1866,897.0940,15.8520,57.5000,US
14331,US,US,North American,21.6943,584.5080,5.4960,57.2160,US
14332,US,US,North American,4.9177,347.0552,8.2612,33.9684,US
14333,US,US,North American,499.3434,2803.0205,89.3434,51.9532,US
14334,US,US,North American,638.9790,4202.6160,40.4132,170.4076,US
14335,US,US,North American,19.4543,613.9060,54.8816,35.9074,US
14336,US,US,North American,124.9172,1000.6256,24.2722,44.9672,US
14337,US,US,North American,102.0486,2426.6941,310.1780,82.0345,US
14338,US,US,North American,32.4152,747.6863,80.1010,31.5009,US
14339,US,US,North American,279.8420,2779.5250,35.1835,177.5788,US
14340,US,US,North American,324.2177,1967.0285,34.2542,68.5205,US
14341,US,US,North American,195.7251,5170.9107,179.1051,406.1101,US
14342,US,US,North American,156.1462,1709.4720,73.7174,93.7540,US
14343,US,US,North American,472.0870,6104.3260,18.1941,476.7363,US
14344,US,US,North American,26.8768,907.1358,20.5808,86.2859,US
14345,US,US,North American,660.4105,4479.1100,133.0512,156.9557,US
14346,US,US,North American,31.5164,863.8190,117.9701,29.1583,US
14347,US,US,North American,545.2898,4018.4600,93.1122,193.9498,US
14348,US,US,North American,261.8292,5601.4000,131.3736,480.3944,US
14349,US,US,North American,2.7875,701.7790,21.2016,66.6792,US
14350,US,US,North American,368.1012,5485.7013,66.7179,418.4744,US
14351,US,US,North American,519.3581,5517.1890,772.5303,33.3303,US
14352,US,US,North American,49.3782,877.5126,102.3822,28.4318,US
14353,US,US,North American,140.0195,1590.8068,43.2347,98.0420,US
14354,US,US,North American,138.5432,1496.1140,101.4341,61.5584,US
14355,US,US,North American,9.9103,1826.8200,37.1705,181.0243,US
14356,US,US,North American,321.7559,5184.2121,237.9773,338.4314,US
14357,US,US,North American,144.3101,1684.5360,69.7373,98.3744,US
14358,US,US,North American,95.6028,565.4276,16.5395,17.0525,US
14359,US,US,North American,295.2042,3602.1773,126.7119,208.3294,US
14360,US,US,North American,20.9612,3202.6137,273.9159,219.3523,US
14361,US,US,North American,67.7208,1366.6493,166.7634,47.4786,US
14362,US,US,North American,,,,,US
14363,US,US,North American,1061.0562,7546.1900,402.4529,211.3703,US
14364,US,US,North American,115.4369,1392.3650,140.6182,40.3084,US
14365,US,US,North American,193.5865,2529.2124,236.4185,90.2574,US
14366,US,US,North American,20.4720,1520.8259,57.2910,136.3902,US
14367,US,US,North American,218.6360,1415.2350,56.5097,39.2257,US
14368,US,US,North American,115.2631,1014.4900,51.1084,41.9253,US
14369,US,US,North American,214.1531,1870.6415,57.2520,93.5427,US
14370,US,US,North American,1142.7099,5795.6898,189.5124,53.8664,US
14371,US,US,North American,182.6025,3775.3340,187.1756,255.5146,US
14372,US,US,North American,224.7531,2665.6666,80.1166,167.0948,US
14373,US,US,North American,216.7238,1650.4318,31.9987,79.3268,US
14374,US,US,North American,64.5824,2585.6750,165.2228,197.3968,US
14375,US,US,North American,28.4571,274.7561,19.3269,10.8229,US
14376,US,US,North American,,,,,US
14377,US,US,North American,168.5187,4640.8939,561.0615,192.9749,US
14378,US,US,North American,608.0369,4068.7325,207.2203,102.7982,US
14379,US,US,North American,170.7010,1426.2302,8.2437,85.7849,US
14380,US,US,North American,58.3299,2011.4575,30.2012,182.5447,US
14381,US,US,North American,617.4009,5591.2400,41.8955,362.2385,US
14382,US,US,North American,493.5410,2608.4771,85.0347,36.6019,US
14383,US,US,North American,103.3043,1779.0405,223.7634,55.8930,US
14384,US,US,North American,701.9419,3841.7672,52.3320,105.4932,US
14385,US,US,North American,63.4866,767.3464,63.3059,30.0582,US
14386,US,US,North American,443.2738,3077.9767,61.5983,130.7470,US
14387,US,US,North American,106.6643,2351.3681,385.2694,30.7347,US
14388,US,US,North American,363.5233,1970.5080,21.7680,57.6000,US
14389,US,US,North American,4.7790,1366.2039,132.3706,86.6886,US
14390,US,US,North American,37.5211,314.1020,7.3690,15.1694,US
14391,US,US,North American,185.3193,1563.8960,32.3910,84.8630,US
14392,US,US,North American,113.0704,1908.0439,171.2269,92.7290,US
14393,US,US,North American,38.9893,1036.9116,33.9505,86.7956,US
14394,US,US,North American,35.8641,2599.8735,412.3529,81.3862,US
14395,US,US,North American,0.0431,0.1656,0.0056,0.0027,US
14396,US,US,North American,1.3627,411.3405,90.1113,2.4692,US
14397,US,US,North American,325.4614,2110.3200,76.4263,51.8945,US
14398,US,US,North American,32.0774,3553.4885,129.9333,319.3471,US
14399,US,US,North American,324.4589,2559.4918,37.7007,135.7645,US
14400,US,US,North American,15.9246,2075.9246,4.9262,224.4647,US
14401,US,US,North American,8.0279,910.4990,182.9580,12.0337,US
14402,US,US,North American,3.9909,1444.0945,306.1523,14.9410,US
14403,US,US,North American,174.2023,2169.9601,145.6111,99.1425,US
14404,US,US,North American,401.5671,2128.8393,83.5802,28.3012,US
14405,US,US,North American,120.8612,1358.4395,34.1242,86.9140,US
14406,US,US,North American,47.0036,357.7048,11.9324,15.0933,US
14407,US,US,North American,521.2280,2087.9940,11.8245,8.5568,US
14408,US,US,North American,150.2340,4216.5167,401.0222,221.3747,US
14409,US,US,North American,35.3427,770.7970,69.1093,37.5151,US
14410,US,US,North American,85.1069,1718.2268,121.7115,97.1690,US
14411,US,US,North American,48.8324,1263.7290,19.5780,114.0733,US
14412,US,US,North American,113.9857,493.0160,11.0429,2.5240,US
14413,US,US,North American,494.0229,2515.3292,75.6985,23.8899,US
14414,US,US,North American,42.8266,1719.2740,121.3758,115.7188,US
14415,US,US,North American,31.1779,5897.0296,290.3129,504.4102,US
14416,US,US,North American,275.4764,2609.0073,20.3233,174.5702,US
14417,US,US,North American,118.0923,1894.1185,299.8844,29.5185,US
14418,US,US,North American,128.1286,853.7931,28.9059,22.9393,US
14419,US,US,North American,195.0772,1352.8180,48.2738,43.0994,US
14420,US,US,North American,3.5140,823.8506,92.2874,48.8855,US
14421,US,US,North American,557.4608,8850.5938,1057.3699,245.4304,US
14422,US,US,North American,89.4491,3899.3219,398.4014,227.4506,US
14423,US,US,North American,215.6015,970.8763,15.2317,10.1037,US
14424,US,US,North American,2.3844,410.2800,44.8846,24.4831,US
14425,US,US,North American,91.7960,1901.6472,137.2078,118.8540,US
14426,US,US,North American,55.8300,1180.1676,106.0802,59.0891,US
14427,US,US,North American,200.1357,2177.9508,147.3596,93.8885,US
14428,US,US,North American,164.8747,1866.9073,136.9417,73.3671,US
14429,US,US,North American,84.8389,1437.3940,33.8239,110.4921,US
14430,US,US,North American,14.7682,833.7524,148.8453,16.2088,US
14431,US,US,North American,48.1889,954.1043,106.6077,34.9983,US
14432,US,US,North American,456.0787,4769.0411,309.7455,179.0295,US
14433,US,US,North American,50.5821,666.5239,18.5813,48.8837,US
14434,US,US,North American,163.1546,1796.2760,120.7454,76.8730,US
14435,US,US,North American,588.5800,5474.1362,82.3839,327.2561,US
14436,US,US,North American,17.6901,1025.1177,59.4205,79.8322,US
14437,US,US,North American,188.8011,10748.2539,1423.2215,451.0726,US
14438,US,US,North American,93.9504,798.2071,66.8558,16.3240,US
14439,US,US,North American,30.7715,198.3400,24.5498,3.4260,US
14440,US,US,North American,126.5739,1542.9900,85.4371,81.8780,US
14441,US,US,North American,21.0648,2904.4270,379.1991,133.9421,US
14442,US,US,North American,40.4606,292.7700,4.3316,14.2894,US
14443,US,US,North American,18.1698,1158.5362,190.5130,33.3976,US
14444,US,US,North American,158.4536,781.1600,9.2524,15.7174,US
14445,US,US,North American,263.6802,3979.9584,178.3925,253.0060,US
14446,US,US,North American,23.0211,745.5152,112.3258,22.5681,US
14447,US,US,North American,202.0660,1692.4012,0.2104,103.0997,US
14448,US,US,North American,8.9387,34.6667,0.0053,0.0080,US
14449,US,US,North American,66.2588,3164.4430,15.0092,330.2982,US
14450,US,US,North American,738.0528,3565.3540,34.1484,68.0945,US
14451,US,US,North American,7.0548,32.1070,1.6054,0.0708,US
14452,US,US,North American,47.4544,1344.2899,117.4612,72.9965,US
14453,US,US,North American,11.1530,589.3412,107.0233,13.3760,US
14454,US,US,North American,101.3334,2769.3125,412.3457,74.4683,US
14455,US,US,North American,2141.3002,29586.3898,2410.9892,1282.4257,US
14456,US,US,North American,47.8313,1543.8596,100.3516,104.4904,US
14457,US,US,North American,600.8342,3517.3573,45.8882,116.1394,US
14458,US,US,North American,59.5190,1290.4564,98.6033,73.6750,US
14459,US,US,North American,3.9653,426.4953,1.6420,46.3558,US
14460,US,US,North American,60.7442,2185.0550,1.9298,218.8239,US
14461,US,US,North American,178.5650,5246.4900,62.8000,483.5500,US
14462,US,US,North American,109.7779,840.4523,27.0481,36.8889,US
14463,US,US,North American,71.0916,2090.6849,285.2562,78.4396,US
14464,US,US,North American,269.7710,2353.2350,26.1754,138.1408,US
14465,US,US,North American,408.2218,2437.5370,169.3903,19.8641,US
14466,US,US,North American,305.6319,2753.6630,71.1752,146.9536,US
14467,US,US,North American,19.2962,452.6941,27.6122,30.4453,US
14468,US,US,North American,159.5555,2754.7311,125.4386,176.8053,US
14469,US,US,North American,161.1799,1361.0420,129.9224,24.4325,US
14470,US,US,North American,17.2565,178.0915,2.9587,12.0000,US
14471,US,US,North American,24.9858,250.9508,16.4916,10.4036,US
14472,US,US,North American,223.6118,3015.5882,23.2481,244.2351,US
14473,US,US,North American,1063.9601,4119.2255,12.3915,2.9125,US
14474,US,US,North American,0.0000,1170.2697,141.8612,62.9360,US
14475,US,US,North American,33.5750,478.6781,20.5074,31.6164,US
14476,US,US,North American,30.3305,516.5800,39.4174,29.7468,US
14477,US,US,North American,17.6172,2821.7464,166.7088,226.8942,US
14478,US,US,North American,154.8152,615.4800,4.7838,2.1420,US
14479,US,US,North American,141.1993,986.9829,18.4699,43.5002,US
14480,US,US,North American,66.5715,1027.4398,37.5148,69.5346,US
14481,US,US,North American,29.1072,126.7200,3.3920,0.5760,US
14482,US,US,North American,7.9968,511.8300,1.0158,54.0900,US
14483,US,US,North American,81.0561,1509.8033,56.9949,118.1382,US
14484,US,US,North American,27.1827,110.8775,0.0719,0.0389,US
14485,US,US,North American,207.7022,808.6460,1.1393,0.4553,US
14486,US,US,North American,647.0774,4200.7100,25.8647,183.0344,US
14487,US,US,North American,259.4465,2159.2751,104.2977,73.2974,US
14488,US,US,North American,306.1070,3035.9854,166.0158,122.4356,US
14489,US,US,North American,68.0867,488.5383,11.9197,17.0966,US
14490,US,US,North American,405.9676,2087.3662,50.3713,32.6871,US
14491,US,US,North American,68.6179,2598.0639,281.4098,134.0050,US
14492,US,US,North American,241.9646,1290.1230,25.5827,28.8561,US
14493,US,US,North American,41.6582,3476.7398,218.2158,266.5323,US
14494,US,US,North American,96.6650,1180.7540,17.7392,91.7536,US
14495,US,US,North American,35.3808,3068.2712,547.0434,71.1227,US
14496,US,US,North American,133.0608,2500.9684,129.7423,164.3143,US
14497,US,US,North American,47.0694,1720.2464,200.8792,79.5341,US
14498,US,US,North American,126.1843,1980.3330,113.1386,124.1322,US
14499,US,US,North American,24.2250,410.8988,6.3669,35.6254,US
14500,US,US,North American,111.8486,573.1899,7.4611,15.1763,US
14501,US,US,North American,115.7370,2787.7940,187.1112,187.9415,US
14502,US,US,North American,67.9318,1375.5596,106.9234,71.8931,US
14503,US,US,North American,262.3042,2085.1120,60.8670,91.8554,US
14504,US,US,North American,59.5338,673.7742,100.7652,5.1046,US
14505,US,US,North American,70.5618,864.1824,55.3287,40.2967,US
14506,US,US,North American,186.7546,4346.0091,72.4927,375.6118,US
14507,US,US,North American,37.2539,1377.4280,98.1455,91.2346,US
14508,US,US,North American,280.9508,4161.6660,44.9125,334.1464,US
14509,US,US,North American,384.8394,2309.6566,124.7295,38.0288,US
14510,US,US,North American,779.7239,5252.1590,487.6744,36.8780,US
14511,US,US,North American,60.7380,990.5000,29.5110,75.2785,US
14512,US,US,North American,160.0289,2472.0199,42.4378,192.2931,US
14513,US,US,North American,911.1340,6389.7390,152.4741,234.6441,US
14514,US,US,North American,37.7414,5495.4838,414.0889,399.6534,US
14515,US,US,North American,165.4061,1075.5681,58.9500,23.0615,US
14516,US,US,North American,178.3211,1867.3360,16.4548,126.0407,US
14517,US,US,North American,229.1044,1914.5958,100.5340,78.8036,US
14518,US,US,North American,1359.7828,7149.3880,232.7585,75.1117,US
14519,US,US,North American,67.9792,910.4535,34.3650,58.7146,US
14520,US,US,North American,62.9161,1259.5057,13.6405,111.9441,US
14521,US,US,North American,580.2335,3736.8033,39.3074,144.8063,US
14522,US,US,North American,239.9964,1838.2914,37.7627,85.5162,US
14523,US,US,North American,14.9118,606.5746,96.7086,16.7375,US
14524,US,US,North American,10.1910,401.8465,1.3811,40.6475,US
14525,US,US,North American,21.6980,802.6216,98.8010,34.7570,US
14526,US,US,North American,58.8628,6270.1065,594.5099,395.8556,US
14527,US,US,North American,82.6079,1289.7400,21.9286,101.8749,US
14528,US,US,North American,17.0478,81.6200,6.8992,0.4235,US
14529,US,US,North American,7.1319,416.6200,33.8536,27.3924,US
14530,US,US,North American,1174.4012,8911.7860,167.7660,476.9270,US
14531,US,US,North American,16.5708,5714.3634,993.9889,187.8650,US
14532,US,US,North American,485.5940,4836.3009,120.7489,285.8267,US
14533,US,US,North American,16.4298,75.9000,3.0518,0.7488,US
14534,US,US,North American,21.6194,890.8065,61.8363,60.9691,US
14535,US,US,North American,229.1099,2474.0553,220.2286,75.5204,US
14536,US,US,North American,114.2543,1195.6712,28.8247,74.7723,US
14537,US,US,North American,362.5646,2569.1269,49.5824,115.4946,US
14538,US,US,North American,101.7740,1201.9194,47.8933,73.7243,US
14539,US,US,North American,85.0315,19254.1356,2375.0681,973.1135,US
14540,US,US,North American,370.8610,2449.4200,57.8506,80.2822,US
14541,US,US,North American,63.1706,294.9820,12.0751,6.5193,US
14542,US,US,North American,11.7972,256.6016,8.0284,21.6028,US
14543,US,US,North American,47.4620,852.0018,33.1885,61.5706,US
14544,US,US,North American,9.6175,118.9902,8.4653,5.6069,US
14545,US,US,North American,351.9781,3446.7427,13.9118,227.9623,US
14546,US,US,North American,266.3367,1107.6540,2.8486,7.2048,US
14547,US,US,North American,42.6166,2002.3513,184.4658,120.5787,US
14548,US,US,North American,63.5441,618.4636,75.0751,7.5477,US
14549,US,US,North American,249.9216,2489.6907,202.3887,75.0572,US
14550,US,US,North American,53.6153,1670.3751,172.6686,82.1175,US
14551,US,US,North American,99.5589,668.1788,23.4179,20.1711,US
14552,US,US,North American,68.8912,532.4800,9.5600,24.3808,US
14553,US,US,North American,455.0825,4042.7000,44.6475,256.0020,US
14554,US,US,North American,28.4623,241.9510,4.9784,14.3325,US
14555,US,US,North American,97.9485,961.2006,73.9078,33.0229,US
14556,US,US,North American,234.5513,922.1134,3.1755,0.6712,US
14557,US,US,North American,6.8702,903.9812,182.6698,11.8833,US
14558,US,US,North American,24.3304,2772.3425,258.1539,177.7099,US
14559,US,US,North American,504.4665,2153.9182,19.4248,23.1713,US
14560,US,US,North American,197.7184,766.7082,2.0571,1.8036,US
14561,US,US,North American,4.8744,501.5700,1.4634,54.2820,US
14562,US,US,North American,60.3802,544.9000,28.3988,21.2284,US
14563,US,US,North American,51.4522,713.8038,10.1944,55.1029,US
14564,US,US,North American,28.7400,3219.9179,464.6610,130.1434,US
14565,US,US,North American,142.8813,651.4425,20.4052,6.3525,US
14566,US,US,North American,23.8087,3027.6851,42.5664,313.9079,US
14567,US,US,North American,35.3436,3399.9045,384.6475,182.5457,US
14568,US,US,North American,91.1539,3225.8968,239.9964,207.1390,US
14569,US,US,North American,151.5971,1594.1767,45.5527,101.5493,US
14570,US,US,North American,49.8117,2550.6291,192.1124,179.5407,US
14571,US,US,North American,168.6395,1375.5746,42.2621,62.6026,US
14572,US,US,North American,36.6881,3147.0803,245.1962,223.1468,US
14573,US,US,North American,45.2556,1120.4892,26.3087,93.8310,US
14574,US,US,North American,64.0789,3037.3419,266.0396,182.9618,US
14575,US,US,North American,24.3471,464.5915,5.7656,41.5848,US
14576,US,US,North American,329.5967,4284.2912,164.0080,273.7655,US
14577,US,US,North American,10.7382,884.1793,50.8513,69.2698,US
14578,US,US,North American,76.9280,774.5154,26.4432,44.2371,US
14579,US,US,North American,153.5984,3172.8060,18.8400,286.7650,US
14580,US,US,North American,121.4212,607.3795,22.2571,6.2199,US
14581,US,US,North American,246.2301,4714.4485,211.5228,318.9918,US
14582,US,US,North American,12.8503,2234.2240,77.5155,208.2055,US
14583,US,US,North American,254.6292,6204.5423,330.8586,431.2152,US
14584,US,US,North American,17.8880,622.6765,91.7246,18.2774,US
14585,US,US,North American,53.2650,1174.6431,115.4503,60.9962,US
14586,US,US,North American,37.9290,997.7920,163.3282,20.7350,US
14587,US,US,North American,169.4716,784.7468,3.9146,14.3264,US
14588,US,US,North American,444.9682,2221.2145,37.1813,37.4933,US
14589,US,US,North American,103.9940,1090.9733,48.7627,55.8280,US
14590,US,US,North American,42.5016,734.1188,22.7626,58.7891,US
14591,US,US,North American,349.2085,1511.0597,35.8775,14.5972,US
14592,US,US,North American,399.4702,3644.4527,67.4076,202.1207,US
14593,US,US,North American,177.6699,1656.5763,58.4604,78.5569,US
14594,US,US,North American,32.8281,610.4735,16.1588,49.3597,US
14595,US,US,North American,77.6365,691.2551,25.5064,36.0394,US
14597,US,US,North American,201.6080,1193.2058,63.9987,18.5597,US
14598,US,US,North American,26.3666,751.8700,39.3757,54.3020,US
14599,US,US,North American,189.3036,2083.6367,143.9280,81.6700,US
14600,US,US,North American,191.7435,2185.6842,1.6183,163.9789,US
14601,US,US,North American,185.9504,1680.1803,47.8852,89.8924,US
14602,US,US,North American,254.0582,5164.3731,213.3472,363.8842,US
14603,US,US,North American,36.0585,358.4832,13.9145,18.8527,US
14604,US,US,North American,55.6050,1323.4680,101.4084,76.2119,US
14605,US,US,North American,892.9067,3530.1667,3.0500,6.0500,US
14606,US,US,North American,16.9382,691.2180,14.3200,64.1700,US
14607,US,US,North American,40.0677,1747.2703,5.9240,173.5042,US
14608,US,US,North American,31.4280,684.0000,21.3720,57.6000,US
14609,US,US,North American,170.8113,3692.7203,413.6303,147.5345,US
14610,US,US,North American,24.1404,346.6320,10.1426,23.8496,US
14611,US,US,North American,2.0283,128.8870,0.4382,13.7644,US
14612,US,US,North American,34.9805,666.9979,7.2207,55.9767,US
14613,US,US,North American,32.0014,2195.9102,247.1899,115.5415,US
14614,US,US,North American,302.3327,4134.2500,12.5619,336.5119,US
14615,US,US,North American,223.4898,2522.3960,6.6670,186.8903,US
14616,US,US,North American,37.1395,1149.3956,17.3776,112.7402,US
14617,US,US,North American,5.2447,23.4085,1.1456,0.0828,US
14618,US,US,North American,63.8451,835.1921,51.5502,44.6071,US
14619,US,US,North American,22.6229,1122.6399,12.3490,117.9792,US
14620,US,US,North American,53.4025,2857.5235,143.0561,232.2029,US
14621,US,US,North American,104.9465,2192.2296,206.1225,115.5300,US
14622,US,US,North American,111.0143,549.3580,6.5145,11.1894,US
14623,US,US,North American,561.4949,4351.9140,26.8853,237.7033,US
14624,US,US,North American,210.9766,1264.1509,75.4644,20.0501,US
14625,US,US,North American,22.1718,8143.8000,178.9326,815.8476,US
14626,US,US,North American,60.8409,517.4066,13.7190,29.7461,US
14627,US,US,North American,62.6963,432.0250,10.9716,18.8700,US
14628,US,US,North American,1421.8040,6973.3570,94.4409,161.0026,US
14629,US,US,North American,251.5067,1403.9225,81.3238,15.2851,US
14630,US,US,North American,81.7079,3843.5736,403.5516,202.3801,US
14631,US,US,North American,323.7197,1654.2460,55.5181,11.5779,US
14632,US,US,North American,41.8610,2394.9776,200.5918,158.1963,US
14633,US,US,North American,0.7200,576.6700,29.3900,50.4350,US
14634,US,US,North American,202.0070,1466.4300,22.2868,69.5695,US
14635,US,US,North American,146.6422,1166.1783,34.7995,51.1056,US
14636,US,US,North American,61.4008,3616.6464,373.2966,199.5676,US
14637,US,US,North American,133.3603,2189.5737,295.6089,52.5624,US
14638,US,US,North American,41.6004,2195.4179,453.1294,12.1746,US
14639,US,US,North American,605.2221,4063.7321,221.4012,94.5050,US
14640,US,US,North American,15.4038,92.5100,0.8518,4.3158,US
14641,US,US,North American,25.7091,4005.1098,434.5056,241.4093,US
14642,US,US,North American,31.8887,994.8846,93.1052,57.4209,US
14643,US,US,North American,598.1980,4090.1560,90.6785,168.6174,US
14644,US,US,North American,62.3555,494.6776,39.3606,12.2638,US
14645,US,US,North American,71.2764,971.9975,71.3601,45.5029,US
14646,US,US,North American,85.0558,503.6863,13.1212,19.2877,US
14647,US,US,North American,154.5606,2244.0400,100.4068,136.9464,US
14648,US,US,North American,33.9489,151.3502,6.0636,0.8743,US
14649,US,US,North American,44.5750,188.8095,9.2723,0.9635,US
14650,US,US,North American,307.8280,3106.6805,11.6442,221.2303,US
14651,US,US,North American,184.4133,701.5802,6.4069,1.3541,US
14652,US,US,North American,21.7210,5225.7029,603.4303,302.7991,US
14653,US,US,North American,55.8534,1150.3369,31.4540,93.0485,US
14654,US,US,North American,407.4646,1795.6980,18.8438,14.2688,US
14655,US,US,North American,44.1659,1592.0567,277.3931,27.0839,US
14656,US,US,North American,36.2249,603.5605,20.2105,44.6076,US
14657,US,US,North American,94.8560,2501.5200,75.6024,212.0000,US
14658,US,US,North American,98.2649,394.4715,3.6554,0.6184,US
14659,US,US,North American,23.5599,627.5351,31.9643,46.2316,US
14660,US,US,North American,1.4400,1002.0400,25.1200,100.0200,US
14661,US,US,North American,135.8777,2042.1822,233.0982,74.1477,US
14662,US,US,North American,5.6392,1241.8340,25.1200,128.0200,US
14663,US,US,North American,247.9588,2434.1088,75.5552,143.8829,US
14664,US,US,North American,13.1529,61.2990,2.5849,2.1451,US
14665,US,US,North American,41.4259,449.9178,15.8787,25.9000,US
14666,US,US,North American,211.6281,1328.6648,100.0707,11.6955,US
14667,US,US,North American,99.9800,1030.7348,89.9415,28.7414,US
14668,US,US,North American,560.5668,3869.1167,56.1022,161.5981,US
14669,US,US,North American,313.5887,5352.7378,332.8312,311.8948,US
14670,US,US,North American,84.2348,1183.8596,127.9751,43.9995,US
14671,US,US,North American,190.9129,1978.1188,152.8666,67.8224,US
14672,US,US,North American,56.7115,1203.1372,6.6567,110.0711,US
14673,US,US,North American,218.8230,2144.6767,193.8673,56.7007,US
14674,US,US,North American,73.3397,8300.2960,34.5869,911.4790,US
14675,US,US,North American,40.6226,2686.0066,315.2346,138.9942,US
14676,US,US,North American,383.3794,2695.6704,168.3266,50.7483,US
14677,US,US,North American,12.0750,409.4500,16.1774,33.4580,US
14678,US,US,North American,205.4004,1231.4130,20.5284,45.4206,US
14679,US,US,North American,116.7541,918.2221,11.9252,49.2844,US
14680,US,US,North American,29.2626,306.0435,29.7017,8.4444,US
14681,US,US,North American,414.4272,2021.4700,23.7820,42.0838,US
14682,US,US,North American,215.5306,1737.2750,76.9655,57.5402,US
14683,US,US,North American,25.1282,998.5140,88.9893,57.8224,US
14684,US,US,North American,59.4161,1620.8052,205.8729,63.2417,US
14685,US,US,North American,68.8279,1572.5402,279.9013,12.6676,US
14686,US,US,North American,14.3322,351.4960,20.2631,25.4193,US
14687,US,US,North American,,,,,US
14688,US,US,North American,64.7858,2588.4275,17.5040,257.0392,US
14689,US,US,North American,11.3103,875.6018,168.4626,19.6713,US
14690,US,US,North American,1005.9776,9376.4356,156.6904,538.8073,US
14691,US,US,North American,89.7801,1770.9999,111.3990,107.8188,US
14692,US,US,North American,214.9888,1374.1200,38.1848,45.5384,US
14693,US,US,North American,155.8190,1308.5300,23.8724,68.3636,US
14694,US,US,North American,0.0000,3465.4498,317.8779,233.1468,US
14695,US,US,North American,49.3064,1128.7480,33.1203,93.1357,US
14696,US,US,North American,405.9560,5118.6676,347.1660,226.4045,US
14697,US,US,North American,16.9440,3320.4512,382.0565,181.8394,US
14698,US,US,North American,152.0652,1606.0320,19.8552,105.0690,US
14699,US,US,North American,242.1211,1503.9140,38.1170,49.0070,US
14700,US,US,North American,127.5236,1143.2444,37.8797,63.5723,US
14701,US,US,North American,56.8368,804.4465,50.5561,44.2525,US
14702,US,US,North American,115.6940,1692.5600,10.6860,137.8000,US
14703,US,US,North American,166.6680,1014.6081,27.6330,29.7332,US
14704,US,US,North American,216.8321,1584.9414,93.9711,43.5171,US
14705,US,US,North American,0.5373,926.4922,179.5566,18.1436,US
14706,US,US,North American,53.6640,286.3467,5.8933,6.0320,US
14707,US,US,North American,377.7507,1825.1755,78.6320,9.6728,US
14708,US,US,North American,34.9342,8338.2100,191.8660,825.1406,US
14709,US,US,North American,121.1296,829.4001,17.7759,33.4240,US
14710,US,US,North American,367.9998,6169.5867,103.3432,480.8355,US
14711,US,US,North American,36.1231,1002.7586,25.9887,88.9443,US
14712,US,US,North American,120.3649,1341.8743,115.0878,52.1156,US
14713,US,US,North American,7.8497,271.6529,0.1256,27.0531,US
14714,US,US,North American,19.1833,488.2770,42.5260,27.4557,US
14715,US,US,North American,93.9019,1329.5007,107.3855,58.3231,US
14716,US,US,North American,436.3616,4278.4762,28.0178,278.1594,US
14717,US,US,North American,238.3866,1126.2060,17.5389,21.2124,US
14718,US,US,North American,16.4340,485.0000,23.2460,38.3100,US
14719,US,US,North American,8.0771,1713.9053,362.0632,16.3915,US
14720,US,US,North American,241.5491,2431.9770,64.6635,149.6937,US
14721,US,US,North American,123.4945,499.0859,7.2944,0.9449,US
14722,US,US,North American,45.6106,1002.8656,69.8408,59.5204,US
14723,US,US,North American,437.0364,1782.4473,1.9272,6.1320,US
14724,US,US,North American,49.5193,474.7700,5.1939,27.6229,US
14725,US,US,North American,37.6889,711.1605,22.5476,57.8436,US
14726,US,US,North American,2.9266,547.9132,105.2701,12.7082,US
14727,US,US,North American,145.5255,847.2750,11.3776,29.5650,US
14728,US,US,North American,6.8918,32.8480,1.4673,0.7182,US
14729,US,US,North American,37.1086,1809.5307,14.4734,181.9570,US
14730,US,US,North American,29.4725,1299.4460,31.7392,117.2873,US
14731,US,US,North American,95.2457,1209.4314,155.8423,22.9344,US
14732,US,US,North American,330.7814,1329.5683,0.9242,0.4036,US
14733,US,US,North American,221.5640,1536.6206,73.2286,46.7050,US
14734,US,US,North American,9.8124,41.2845,1.8553,0.3546,US
14735,US,US,North American,1.5068,526.5800,6.0908,56.0352,US
14736,US,US,North American,31.5160,662.9965,57.4007,32.4119,US
14737,US,US,North American,205.2008,1730.4775,105.0287,54.0664,US
14738,US,US,North American,88.6303,2275.3107,1.8139,218.8580,US
14739,US,US,North American,104.5185,1926.9278,45.7920,149.4069,US
14740,US,US,North American,220.4252,1816.8228,108.6998,62.4353,US
14741,US,US,North American,109.0017,422.4200,0.1320,0.0000,US
14742,US,US,North American,16.9854,1925.9603,361.2632,36.2617,US
14743,US,US,North American,0.7200,3370.7407,730.6416,27.6434,US
14744,US,US,North American,130.5676,1384.3895,75.4284,63.0112,US
14745,US,US,North American,54.1860,218.3070,0.1817,0.1928,US
14746,US,US,North American,47.5430,1720.7016,234.1084,62.5372,US
14747,US,US,North American,16.6702,445.9967,10.2419,40.3186,US
14748,US,US,North American,437.3017,4365.4720,47.4395,282.6035,US
14749,US,US,North American,530.9129,3183.5247,36.2450,119.4860,US
14750,US,US,North American,183.0960,1450.2150,37.2069,68.4725,US
14751,US,US,North American,44.9087,1684.8259,69.7125,138.0119,US
14752,US,US,North American,1514.8316,9170.6241,326.4312,173.7314,US
14753,US,US,North American,0.5893,648.2681,98.1016,25.5681,US
14754,US,US,North American,121.1232,1957.5351,46.1484,153.4951,US
14755,US,US,North American,203.1445,1476.9900,18.9467,68.8382,US
14756,US,US,North American,31.2728,463.6533,22.6094,30.2955,US
14757,US,US,North American,5.1703,91.9860,2.9967,7.4965,US
14758,US,US,North American,5.7010,280.8226,9.2371,25.6604,US
14759,US,US,North American,242.4007,1390.6120,75.9218,20.9340,US
14760,US,US,North American,38.1496,2134.0543,18.0728,221.2724,US
14761,US,US,North American,77.2827,1798.6045,103.9292,121.8739,US
14762,US,US,North American,178.6033,813.9710,20.0006,18.9982,US
14763,US,US,North American,1.5011,40.0440,7.4102,0.4231,US
14764,US,US,North American,102.8281,1092.3355,32.1590,67.0941,US
14765,US,US,North American,636.0948,2779.6200,24.4908,23.9904,US
14766,US,US,North American,423.0643,3884.3027,35.5022,244.2715,US
14767,US,US,North American,40.6915,716.4004,107.3786,12.5761,US
14768,US,US,North American,50.4287,669.7580,12.8243,49.2485,US
14769,US,US,North American,155.0977,2644.9320,15.5704,222.2279,US
14770,US,US,North American,11.3614,572.1732,40.2517,40.0086,US
14771,US,US,North American,27.9433,228.4705,0.2725,13.5353,US
14772,US,US,North American,150.6152,6765.6900,391.3445,515.2623,US
14773,US,US,North American,2.5461,1527.5067,23.8698,159.7084,US
14774,US,US,North American,186.7569,1350.7648,10.7122,69.9532,US
14775,US,US,North American,40.4008,1539.7062,31.3770,140.5186,US
14776,US,US,North American,319.5726,1670.2689,75.2786,14.2917,US
14777,US,US,North American,460.1538,3681.5175,92.9340,167.4311,US
14778,US,US,North American,93.3047,2371.9298,291.0331,88.8080,US
14779,US,US,North American,6.3372,547.1800,53.2440,33.5661,US
14780,US,US,North American,670.8295,3393.6277,108.6750,31.4903,US
14781,US,US,North American,235.5876,1918.2185,30.7000,103.0700,US
14782,US,US,North American,294.1295,1270.0000,6.9680,15.4625,US
14783,US,US,North American,28.0353,1331.1448,111.3451,85.8105,US
14784,US,US,North American,82.3598,1366.6285,94.5040,76.1476,US
14785,US,US,North American,525.0527,7088.4160,55.6185,558.6623,US
14786,US,US,North American,12.0580,1545.7856,187.9925,79.1669,US
14787,US,US,North American,51.4810,1846.8342,176.1890,107.1034,US
14788,US,US,North American,25.1236,1780.9165,66.6157,155.8837,US
14789,US,US,North American,158.5093,3003.1200,24.2695,261.3359,US
14790,US,US,North American,3.7360,16.0000,0.4400,0.0400,US
14791,US,US,North American,53.3802,656.9600,29.5350,40.2594,US
14792,US,US,North American,232.6393,2576.6560,33.9345,176.1125,US
14793,US,US,North American,227.3153,1305.5600,43.8774,32.6226,US
14794,US,US,North American,1.8755,28.2570,2.9104,1.0262,US
14795,US,US,North American,62.6836,288.7465,11.4311,3.7370,US
14796,US,US,North American,139.4994,650.8190,19.1565,7.7640,US
14797,US,US,North American,251.4500,973.3200,0.0900,0.0120,US
14798,US,US,North American,45.4959,2372.3424,167.2474,168.8812,US
14799,US,US,North American,3.3417,1890.1802,174.4488,131.1817,US
14800,US,US,North American,246.0593,6568.6460,74.9575,610.6275,US
14801,US,US,North American,1.6001,8.7558,0.3836,0.3557,US
14802,US,US,North American,1225.8900,7767.2267,192.3419,269.7176,US
14803,US,US,North American,337.4036,2319.8550,39.8795,97.5749,US
14804,US,US,North American,193.3670,2376.5573,38.4480,171.9605,US
14805,US,US,North American,294.0407,2292.3246,198.5957,38.5287,US
14806,US,US,North American,10.7326,1299.1230,2.3133,139.5089,US
14807,US,US,North American,113.3148,933.7440,23.4232,47.4728,US
14808,US,US,North American,10.4165,2013.9728,359.1127,49.6232,US
14809,US,US,North American,145.6977,850.3720,23.3981,23.7260,US
14810,US,US,North American,476.3482,2009.3413,22.5741,19.7197,US
14811,US,US,North American,23.5244,1355.9000,85.5113,102.3427,US
14812,US,US,North American,4.1892,4002.4725,210.4107,345.4482,US
14813,US,US,North American,20.3802,398.7899,52.2008,11.4006,US
14814,US,US,North American,394.5387,3202.1232,62.0167,155.2617,US
14815,US,US,North American,94.3996,385.6200,7.5846,2.3308,US
14816,US,US,North American,13.6511,481.0217,5.2605,47.4000,US
14817,US,US,North American,1826.5703,7175.4760,8.8335,9.4085,US
14818,US,US,North American,63.2337,1441.5902,193.7701,43.4272,US
14819,US,US,North American,56.0736,1347.9000,19.4426,121.1602,US
14820,US,US,North American,100.1027,2023.0149,53.3326,159.1806,US
14821,US,US,North American,8.6892,76.6500,8.0900,1.0428,US
14822,US,US,North American,34.8517,1470.9552,206.6542,53.4911,US
14823,US,US,North American,520.8901,3629.6751,360.4083,14.0015,US
14824,US,US,North American,51.9822,2168.0861,452.0026,12.8141,US
14825,US,US,North American,291.8175,1197.0000,5.5215,8.5150,US
14826,US,US,North American,66.0583,907.4940,32.0251,58.5406,US
14827,US,US,North American,0.0000,646.1771,143.7562,3.6302,US
14828,US,US,North American,32.4349,442.4338,33.8317,20.8462,US
14829,US,US,North American,23.9760,1805.1596,190.0842,99.9467,US
14830,US,US,North American,62.1120,2135.9835,324.3241,70.1248,US
14831,US,US,North American,7.7925,3955.5022,409.5799,243.4019,US
14832,US,US,North American,3.4544,1810.9409,176.7961,115.5898,US
14833,US,US,North American,213.8484,871.7040,1.1431,8.5495,US
14834,US,US,North American,268.1517,1262.6755,50.8584,5.1804,US
14835,US,US,North American,747.4477,5568.3123,298.4513,148.7176,US
14836,US,US,North American,64.9776,1388.1508,29.1844,119.2136,US
14837,US,US,North American,10.8771,466.7485,38.7876,28.8029,US
14838,US,US,North American,25.1733,402.5290,15.4043,29.3718,US
14839,US,US,North American,168.3321,1953.6509,108.6728,94.6173,US
14840,US,US,North American,19.7177,492.4509,19.9081,38.0358,US
14841,US,US,North American,62.9276,301.0750,2.0958,5.5608,US
14842,US,US,North American,1167.9631,6714.4655,37.9010,217.0654,US
14843,US,US,North American,76.2744,918.8960,18.7452,61.4676,US
14844,US,US,North American,18.2619,205.6342,4.7677,14.3559,US
14845,US,US,North American,187.5589,1740.4578,130.7659,50.6144,US
14846,US,US,North American,326.9222,1246.2800,3.6154,2.6464,US
14847,US,US,North American,128.1048,3337.6387,287.5202,186.4212,US
14848,US,US,North American,158.1008,1210.6196,88.4501,26.1798,US
14849,US,US,North American,228.5383,2152.5255,18.9433,134.2858,US
14850,US,US,North American,1.1166,6.5000,0.2858,0.2802,US
14851,US,US,North American,321.2503,1365.8494,26.6222,11.6934,US
14852,US,US,North American,113.1015,1883.3464,110.4562,109.0380,US
14853,US,US,North American,682.8077,3582.0257,108.3274,49.0606,US
14854,US,US,North American,150.8118,2189.9771,13.4740,174.9642,US
14855,US,US,North American,91.7147,2247.4642,247.4757,93.4901,US
14856,US,US,North American,158.2098,2367.9370,251.4508,78.7648,US
14857,US,US,North American,485.0436,2348.1730,50.1240,19.4755,US
14858,US,US,North American,165.1888,886.1351,22.6329,19.4126,US
14859,US,US,North American,34.9067,475.8608,10.6730,34.5352,US
14860,US,US,North American,110.5386,1011.5450,39.2845,48.6610,US
14861,US,US,North American,407.3936,2242.9493,78.1072,29.5605,US
14862,US,US,North American,69.5375,1085.4600,41.6205,75.0913,US
14863,US,US,North American,32.0926,1106.2410,16.4159,101.7211,US
14864,US,US,North American,402.2162,5531.7100,39.6095,430.6497,US
14865,US,US,North American,16.3840,1304.7520,27.7384,125.5800,US
14866,US,US,North American,1.8308,8400.8482,186.0394,881.3633,US
14867,US,US,North American,233.3049,4316.3093,19.4418,377.8921,US
14868,US,US,North American,134.7619,906.6907,19.7417,38.4168,US
14869,US,US,North American,83.0745,827.5231,2.1274,57.8130,US
14870,US,US,North American,305.2300,2087.3108,173.2921,22.8627,US
14871,US,US,North American,30.4002,1637.3638,116.1491,117.0521,US
14872,US,US,North American,115.3939,1331.2459,52.6248,74.6505,US
14873,US,US,North American,2.2875,94.5500,13.4810,3.1720,US
14874,US,US,North American,56.2371,1962.3945,139.8599,130.3221,US
14875,US,US,North American,775.6780,5626.6803,508.2242,45.0603,US
14876,US,US,North American,28.5611,2832.0914,549.3769,44.9375,US
14877,US,US,North American,231.0520,1022.6599,21.9105,11.0640,US
14878,US,US,North American,0.3872,3872.4242,29.9957,425.1921,US
14879,US,US,North American,1.8900,117.9000,11.1384,7.1208,US
14880,US,US,North American,673.0185,3336.1759,113.7158,22.2941,US
14881,US,US,North American,82.8531,886.8000,27.5028,56.9976,US
14882,US,US,North American,17.5994,90.7186,9.9790,0.5443,US
14883,US,US,North American,44.3959,2768.1482,84.7376,257.6845,US
14884,US,US,North American,14.4197,320.0567,6.6940,28.4141,US
14885,US,US,North American,189.1830,2542.9540,16.9056,194.2147,US
14886,US,US,North American,13.6979,173.1530,5.0998,12.1113,US
14887,US,US,North American,362.7538,1983.6282,125.6492,8.2603,US
14888,US,US,North American,24.9721,1655.2547,297.3907,32.2816,US
14889,US,US,North American,18.5384,1156.9575,71.6828,88.7471,US
14890,US,US,North American,1.3183,330.8445,21.7728,26.4846,US
14891,US,US,North American,61.3886,1417.5546,134.0549,68.1435,US
14892,US,US,North American,21.5598,2032.6290,29.9280,202.7709,US
14893,US,US,North American,20.9855,1007.6528,101.6146,58.1584,US
14894,US,US,North American,54.1849,1113.7700,38.4049,86.3962,US
14895,US,US,North American,44.7733,10223.0357,218.3668,1017.9282,US
14896,US,US,North American,260.8710,984.7358,5.6335,4.8622,US
14897,US,US,North American,665.1831,3429.1000,29.2037,77.1015,US
14898,US,US,North American,157.3748,1650.7385,8.2228,116.7976,US
14899,US,US,North American,139.0584,1151.7700,52.6228,41.5472,US
14900,US,US,North American,90.9897,751.0821,58.1587,15.9902,US
14901,US,US,North American,121.7500,2415.9556,107.6202,171.9788,US
14902,US,US,North American,545.2068,2687.0800,28.6113,60.6582,US
14903,US,US,North American,0.0000,1879.1600,0.0000,218.0000,US
14904,US,US,North American,272.4452,3574.4050,41.9051,270.3694,US
14905,US,US,North American,223.9309,2605.0371,143.5055,134.9595,US
14906,US,US,North American,17.1662,795.6876,106.0512,31.3107,US
14907,US,US,North American,1.2418,6.4860,0.3252,0.2965,US
14908,US,US,North American,19.9151,1060.9122,138.1571,47.9497,US
14909,US,US,North American,1.2252,362.7960,1.4328,40.8540,US
14910,US,US,North American,8.5860,966.8792,181.0698,18.5016,US
14911,US,US,North American,99.1314,1277.9627,25.5801,93.2422,US
14912,US,US,North American,321.1136,1632.3540,52.4470,23.9260,US
14913,US,US,North American,65.8122,1673.1622,35.9183,145.4724,US
14914,US,US,North American,25.2111,1595.6873,108.2203,117.2984,US
14915,US,US,North American,0.0000,234.4640,0.0000,27.2000,US
14916,US,US,North American,276.3827,2871.1572,22.1847,199.9825,US
14917,US,US,North American,41.7590,447.9240,24.3580,20.5600,US
14918,US,US,North American,207.8605,1600.3339,54.1133,65.3961,US
14919,US,US,North American,0.0000,0.0000,0.0000,0.0000,US
14920,US,US,North American,14.3019,450.5260,19.6168,35.7437,US
14921,US,US,North American,251.6757,3480.2235,256.3167,160.8216,US
14922,US,US,North American,73.1434,449.9196,17.1607,16.7668,US
14923,US,US,North American,98.6427,3856.0909,392.1253,205.8996,US
14924,US,US,North American,219.8678,3164.1301,127.6078,202.7036,US
14925,US,US,North American,227.1083,916.0000,11.8502,1.3793,US
14926,US,US,North American,87.7941,659.7410,19.5764,29.4901,US
14927,US,US,North American,310.9451,2678.5435,56.5125,145.1725,US
14928,US,US,North American,804.7735,3208.3200,0.0234,0.0234,US
14929,US,US,North American,561.9000,2296.1467,15.1641,10.5452,US
14930,US,US,North American,110.4716,726.7370,20.9769,24.5887,US
14931,US,US,North American,36.5710,168.7675,6.2822,0.4726,US
14932,US,US,North American,84.0693,471.3500,21.6840,4.6405,US
14933,US,US,North American,320.5011,1782.2366,138.2066,4.8564,US
14934,US,US,North American,480.1542,2670.4605,49.0244,71.8817,US
14935,US,US,North American,59.3224,2150.7340,1.1664,218.5616,US
14936,US,US,North American,106.4922,1550.9004,123.6239,76.2280,US
14937,US,US,North American,47.2346,1762.3190,189.6516,86.9486,US
14938,US,US,North American,826.5888,6920.4340,71.3067,400.3477,US
14939,US,US,North American,144.4218,1063.2967,46.1449,38.0586,US
14940,US,US,North American,42.1913,1161.8200,1.3843,108.0400,US
14941,US,US,North American,102.2478,756.7280,0.4719,41.4018,US
14942,US,US,North American,236.0181,936.9978,2.4448,2.5652,US
14943,US,US,North American,52.9091,2477.1940,95.0703,210.5176,US
14944,US,US,North American,0.0000,2349.6480,42.3662,240.4534,US
14945,US,US,North American,81.4865,688.5711,27.4435,29.7573,US
14946,US,US,North American,229.0889,1309.5389,76.8086,17.3972,US
14947,US,US,North American,89.0517,581.8200,19.0145,15.9017,US
14948,US,US,North American,105.4515,2408.4667,6.8683,224.6695,US
14949,US,US,North American,247.0147,3023.3394,278.0383,109.5292,US
14950,US,US,North American,61.4545,266.0668,6.4537,1.4713,US
14951,US,US,North American,165.5273,2196.0960,80.4265,143.7325,US
14952,US,US,North American,167.0762,1521.7555,73.2355,70.0985,US
14953,US,US,North American,15.7391,68.1420,2.4272,0.4306,US
14954,US,US,North American,356.9156,3388.5981,192.7702,125.3519,US
14955,US,US,North American,64.9468,1246.7730,62.8110,86.5250,US
14956,US,US,North American,10.4027,1777.8015,362.9128,21.7855,US
14957,US,US,North American,255.1354,9076.2600,99.3857,884.6266,US
14958,US,US,North American,75.0925,3821.8756,521.9498,142.8911,US
14959,US,US,North American,24.8887,691.3400,40.8205,48.5988,US
14960,US,US,North American,91.4491,700.2632,16.0599,33.6639,US
14961,US,US,North American,1.4034,47.6841,6.1242,1.9010,US
14962,US,US,North American,336.5068,2587.9187,172.2316,60.2599,US
14963,US,US,North American,2.3529,640.8816,20.1571,60.7914,US
14964,US,US,North American,4.5093,20.5220,1.0261,0.0453,US
14965,US,US,North American,151.4610,942.4829,30.5384,27.5369,US
14966,US,US,North American,260.3780,1576.4269,52.1776,40.7354,US
14967,US,US,North American,12.8025,1012.3762,1.1713,109.2186,US
14968,US,US,North American,205.0113,2968.8820,150.8452,171.4638,US
14969,US,US,North American,2.2323,1071.3291,209.6345,24.4899,US
14970,US,US,North American,4.6485,248.0387,15.2315,18.9767,US
14971,US,US,North American,32.1457,444.5333,13.8500,31.8516,US
14972,US,US,North American,57.8584,977.1000,39.3675,67.3778,US
14973,US,US,North American,24.7419,1042.2183,82.8744,66.6493,US
14974,US,US,North American,19.4779,92.6959,4.1498,2.3098,US
14975,US,US,North American,61.8097,7557.1652,422.9741,619.7357,US
14976,US,US,North American,63.0909,2079.9094,179.6839,117.9342,US
14977,US,US,North American,30.3116,2357.3609,457.2234,39.7629,US
14978,US,US,North American,273.5436,1707.7700,55.5557,44.0875,US
14979,US,US,North American,613.1761,5392.8440,81.6255,305.6294,US
14980,US,US,North American,345.2688,3316.2530,26.7088,218.9146,US
14981,US,US,North American,595.7570,2990.2100,87.2080,19.3126,US
14982,US,US,North American,197.9132,2691.9008,4.7793,219.8208,US
14983,US,US,North American,53.3927,205.5600,4.5956,0.4723,US
14984,US,US,North American,44.0073,1519.1898,195.4225,65.0925,US
14985,US,US,North American,50.8920,207.4040,2.0368,0.9120,US
14986,US,US,North American,4.7132,440.4875,1.4193,46.6746,US
14987,US,US,North American,208.5131,2200.7925,51.2065,140.5874,US
14988,US,US,North American,410.7872,3756.1660,25.7170,237.6170,US
14989,US,US,North American,21.4005,7971.8490,517.6560,631.6925,US
14990,US,US,North American,54.1669,236.3720,5.7483,1.6213,US
14991,US,US,North American,133.4981,874.6741,36.1047,27.7768,US
14992,US,US,North American,10.3712,1291.9760,69.3762,107.7181,US
14993,US,US,North American,29.9093,1349.9703,102.4988,89.9969,US
14994,US,US,North American,56.1836,1073.0900,34.2095,88.2042,US
14995,US,US,North American,333.0325,4383.9570,28.6126,340.5496,US
14996,US,US,North American,14.8270,321.3400,7.1730,28.1200,US
14997,US,US,North American,59.0178,1434.3257,153.9578,69.0045,US
14998,US,US,North American,221.9256,5399.3109,589.8320,247.9367,US
14999,US,US,North American,93.6755,26035.7760,529.2687,2625.5010,US
15000,US,US,North American,220.8023,4867.8095,32.9072,446.7707,US
15001,US,US,North American,481.4780,4586.7400,107.0228,259.8688,US
15002,US,US,North American,3.2380,1366.2680,14.9500,145.8440,US
15003,US,US,North American,7.6891,550.6858,10.6179,54.7550,US
15004,US,US,North American,143.0676,3118.3679,321.4856,137.6005,US
15005,US,US,North American,,,,,US
15006,US,US,North American,20.4485,2057.4344,216.5127,116.6009,US
15007,US,US,North American,1.0800,4068.7400,18.8400,450.2650,US
15008,US,US,North American,27.3458,949.3520,24.2910,84.2136,US
15009,US,US,North American,226.3147,1269.0569,41.1673,30.7792,US
15010,US,US,North American,370.1773,3567.5630,27.3996,234.4704,US
15011,US,US,North American,112.5995,587.2662,13.6380,10.3900,US
15012,US,US,North American,542.3942,4190.3320,51.6330,245.4864,US
15013,US,US,North American,6.4510,588.1125,50.5941,38.2955,US
15014,US,US,North American,253.7268,5086.4100,25.1250,455.0250,US
15015,US,US,North American,2.8672,1172.7600,28.2688,115.9056,US
15016,US,US,North American,117.5335,2161.4635,68.8646,175.5149,US
15017,US,US,North American,168.1982,1743.4948,65.6166,88.9048,US
15018,US,US,North American,120.7404,516.8185,13.4717,3.4135,US
15019,US,US,North American,795.1210,6319.5374,463.8935,174.4806,US
15020,US,US,North American,142.6044,3214.1522,220.7245,194.4950,US
15021,US,US,North American,281.2923,2212.1710,41.6635,107.4110,US
15022,US,US,North American,5.1066,3413.7237,732.8021,29.7131,US
15023,US,US,North American,30.7324,250.9877,2.3139,14.4547,US
15024,US,US,North American,66.8174,641.2902,6.7317,41.4312,US
15025,US,US,North American,36.8577,605.5192,9.3481,46.1955,US
15026,US,US,North American,160.2039,620.5630,0.0534,0.0366,US
15027,US,US,North American,27.8552,273.6400,19.0632,10.9244,US
15028,US,US,North American,1.3409,384.9230,12.7226,36.6582,US
15029,US,US,North American,457.3697,3955.9070,28.2389,231.7689,US
15030,US,US,North American,121.1806,887.4500,22.4670,37.5725,US
15031,US,US,North American,46.2379,1203.4716,62.8573,87.2683,US
15032,US,US,North American,575.2778,2739.7400,25.6299,36.4241,US
15033,US,US,North American,143.3500,773.5000,27.4300,9.0920,US
15034,US,US,North American,50.2900,1633.7541,185.9948,75.9529,US
15035,US,US,North American,240.8887,2166.7690,21.4041,130.7029,US
15036,US,US,North American,212.5587,4135.1195,494.0113,150.1351,US
15037,US,US,North American,17.6408,1434.3530,39.5690,137.7550,US
15038,US,US,North American,285.4277,2648.8162,133.5144,108.1280,US
15039,US,US,North American,556.9770,5620.4933,24.7055,388.9833,US
15040,US,US,North American,40.0095,385.9222,32.6850,11.5682,US
15041,US,US,North American,238.8098,1852.3200,82.9126,81.2771,US
15042,US,US,North American,319.6344,2664.3000,22.8996,150.5546,US
15043,US,US,North American,97.0166,1209.7265,47.8875,75.3963,US
15044,US,US,North American,9.1765,645.8706,27.6959,54.5928,US
15045,US,US,North American,22.5291,165.3300,5.5845,7.0875,US
15046,US,US,North American,94.0109,1218.7070,80.6947,59.5341,US
15047,US,US,North American,920.8391,5421.7750,160.3058,157.7054,US
15048,US,US,North American,869.2922,4756.7325,99.7701,95.3828,US
15049,US,US,North American,55.2314,3729.1713,179.1890,321.1777,US
15050,US,US,North American,42.3773,666.3620,6.5697,55.2292,US
15051,US,US,North American,290.4704,1914.9800,44.0170,66.0766,US
15052,US,US,North American,31.8716,957.2520,97.8875,47.3803,US
15053,US,US,North American,1.9836,4101.8600,0.3816,463.0300,US
15054,US,US,North American,45.3809,450.4327,29.7686,24.3380,US
15055,US,US,North American,516.2996,4232.5954,191.7559,151.5311,US
15056,US,US,North American,13.5167,1338.0495,121.2301,89.6579,US
15057,US,US,North American,3.1958,225.0605,1.2031,23.5341,US
15058,US,US,North American,83.5613,929.2678,28.2032,56.7375,US
15059,US,US,North American,266.1526,2340.4800,37.4646,135.0182,US
15060,US,US,North American,81.0385,2762.7242,287.0849,154.0375,US
15061,US,US,North American,357.9364,2235.9770,67.9430,56.3682,US
15062,US,US,North American,22.9365,375.0588,12.3368,28.9190,US
15063,US,US,North American,26.0616,322.7705,5.8173,23.5986,US
15064,US,US,North American,283.4380,1794.1500,51.1628,57.7095,US
15065,US,US,North American,208.6430,1870.3467,43.2943,106.8320,US
15066,US,US,North American,48.5732,435.6389,27.6392,17.7362,US
15067,US,US,North American,0.7200,561.7600,12.9892,55.9100,US
15068,US,US,North American,17.3194,494.4361,95.1578,2.6559,US
15069,US,US,North American,630.4886,4650.1117,186.8908,274.4135,US
15070,US,US,North American,4.4791,16.7709,0.2778,0.0663,US
15071,US,US,North American,57.6993,1554.4815,159.6789,76.5040,US
15072,US,US,North American,26.3220,520.3800,5.9532,44.3376,US
15073,US,US,North American,142.2390,4740.7360,23.7317,465.2368,US
15074,US,US,North American,154.6341,5001.1460,136.0520,429.6414,US
15075,US,US,North American,19.0708,1030.9371,109.4835,60.3114,US
15076,US,US,North American,32.5632,808.2072,16.1440,72.1884,US
15077,US,US,North American,272.1175,5878.5795,21.6615,545.7791,US
15078,US,US,North American,0.3600,110.5773,6.2800,9.2883,US
15079,US,US,North American,99.8387,1723.6902,283.4989,13.0850,US
15080,US,US,North American,4.1720,221.1760,1.0587,23.0756,US
15081,US,US,North American,12.6318,994.0600,66.9952,75.3078,US
15082,US,US,North American,240.2932,2041.6645,38.6663,111.4652,US
15083,US,US,North American,6.4240,88.0002,0.7858,7.2779,US
15084,US,US,North American,6.2951,3626.4209,362.0957,228.8192,US
15085,US,US,North American,19.5202,319.8400,13.0290,22.3788,US
15086,US,US,North American,691.7278,3518.7146,110.9552,35.6164,US
15087,US,US,North American,160.7419,624.5737,1.6493,1.2465,US
15088,US,US,North American,498.1644,3447.8600,78.2104,127.6068,US
15089,US,US,North American,27.5452,769.1561,99.2236,26.5701,US
15090,US,US,North American,19.9240,693.5900,47.5547,47.2531,US
15091,US,US,North American,257.0671,2955.4265,334.4655,57.9345,US
15092,US,US,North American,172.1816,2301.3301,367.2706,9.4606,US
15093,US,US,North American,1.4400,286.0000,25.1200,19.0200,US
15094,US,US,North American,361.9987,3350.7865,12.3088,217.9574,US
15095,US,US,North American,346.0760,1359.6000,3.6280,0.3840,US
15096,US,US,North American,596.1753,3051.8369,115.5373,29.3608,US
15097,US,US,North American,64.4129,2559.7650,62.8758,236.2120,US
15098,US,US,North American,25.1594,1134.5600,30.8486,103.0172,US
15099,US,US,North American,339.3418,2270.7540,74.9279,68.1340,US
15100,US,US,North American,271.7479,1864.8520,50.0485,80.9823,US
15101,US,US,North American,6.5114,668.6297,1.0229,72.9541,US
15102,US,US,North American,331.7937,2381.6056,146.8426,50.9455,US
15103,US,US,North American,49.0171,3345.0280,384.7008,175.3841,US
15104,US,US,North American,53.9746,2299.2947,135.9817,181.1422,US
15105,US,US,North American,230.6192,2823.3175,155.3070,144.0985,US
15106,US,US,North American,101.9256,756.3709,41.1348,22.9342,US
15107,US,US,North American,37.3327,1158.6820,34.0831,97.2205,US
15108,US,US,North American,163.9241,913.4835,35.0978,11.8182,US
15109,US,US,North American,144.4921,833.4750,36.2722,11.0442,US
15110,US,US,North American,2.8672,934.0800,28.2688,88.9056,US
15111,US,US,North American,50.1000,423.8470,19.4759,16.6131,US
15112,US,US,North American,58.4035,933.0314,100.3261,31.5088,US
15113,US,US,North American,174.9153,1272.2996,42.6933,49.4603,US
15114,US,US,North American,22.8034,117.8531,7.6278,1.9439,US
15115,US,US,North American,39.4724,793.3938,13.6438,69.8979,US
15116,US,US,North American,513.5239,1982.3600,4.4190,1.5195,US
15117,US,US,North American,68.2905,1793.8569,142.9093,107.3643,US
15118,US,US,North American,,,,,US
15119,US,US,North American,62.2976,22065.5010,887.2566,2015.5660,US
15120,US,US,North American,69.2082,572.7986,22.8723,29.8456,US
15121,US,US,North American,60.5325,281.8840,12.3871,6.2894,US
15122,US,US,North American,1.9836,1622.8103,359.4224,9.0967,US
15123,US,US,North American,39.1319,1523.8832,134.2014,91.3328,US
15124,US,US,North American,100.4224,390.5121,0.0466,0.2203,US
15125,US,US,North American,7.8656,395.9250,33.3668,25.1933,US
15126,US,US,North American,61.1881,532.0360,13.3408,29.8176,US
15127,US,US,North American,173.5962,12060.6663,436.3159,1055.3123,US
15128,US,US,North American,203.1641,2256.4168,18.8425,159.6008,US
15129,US,US,North American,50.6639,21114.4025,62.3830,2339.3810,US
15130,US,US,North American,247.5554,1624.0990,26.5935,72.4595,US
15131,US,US,North American,22.6236,516.2473,22.2532,37.7254,US
15132,US,US,North American,14.8328,435.7700,30.6208,28.2950,US
15133,US,US,North American,180.7553,2535.8353,235.2888,105.5481,US
15134,US,US,North American,50.2185,1373.0560,32.1099,120.1360,US
15135,US,US,North American,50.7862,436.0598,25.3679,16.8863,US
15136,US,US,North American,54.0842,1724.3738,15.5410,166.7965,US
15137,US,US,North American,20.5103,3963.0388,541.0989,172.6368,US
15138,US,US,North American,76.5820,1297.5000,10.9920,114.4320,US
15139,US,US,North American,885.1045,13448.2813,800.1890,756.0835,US
15140,US,US,North American,58.4016,1300.8583,16.3026,113.0622,US
15141,US,US,North American,86.1684,959.3410,24.9932,62.9763,US
15142,US,US,North American,32.1470,139.4000,7.3440,0.7990,US
15143,US,US,North American,4.3008,1401.1200,42.4032,133.3584,US
15144,US,US,North American,565.4236,4181.2787,22.9351,221.2787,US
15145,US,US,North American,1075.9961,5937.4851,97.2920,141.8409,US
15146,US,US,North American,15.0889,303.5970,1.7832,27.2010,US
15147,US,US,North American,114.8036,1821.6399,144.5400,88.1123,US
15148,US,US,North American,217.1095,2726.0000,1.7600,218.1600,US
15149,US,US,North American,88.2962,1022.3492,118.1157,21.3463,US
15150,US,US,North American,143.3269,3044.1490,551.6622,21.7523,US
15151,US,US,North American,127.9334,1424.0400,54.8802,81.0180,US
15152,US,US,North American,7.9432,425.7742,92.9602,3.5144,US
15153,US,US,North American,63.5180,981.3423,54.8923,62.4120,US
15154,US,US,North American,39.2714,360.1440,1.6866,22.7550,US
15155,US,US,North American,164.3089,3310.7250,38.9383,287.6073,US
15156,US,US,North American,247.6860,2622.7600,15.7920,185.4000,US
15157,US,US,North American,108.1642,2476.1740,109.0498,177.7226,US
15158,US,US,North American,16.0240,904.8867,20.6000,87.0917,US
15159,US,US,North American,299.1445,1237.7642,7.9041,7.0160,US
15160,US,US,North American,871.4850,4557.6105,149.5806,54.6918,US
15161,US,US,North American,62.1847,4944.2685,186.7322,439.1203,US
15162,US,US,North American,2.7109,97.1408,1.7959,9.3047,US
15163,US,US,North American,210.5485,1607.3892,46.6444,72.8454,US
15164,US,US,North American,60.2094,788.9271,98.5319,17.5806,US
15165,US,US,North American,467.8968,3103.8260,55.5045,125.3065,US
15166,US,US,North American,62.7678,843.5520,126.2807,16.6563,US
15167,US,US,North American,192.3396,2049.9232,49.0721,127.8053,US
15168,US,US,North American,32.1959,589.0755,4.2533,51.6915,US
15169,US,US,North American,164.1860,720.8180,0.4828,0.1254,US
15170,US,US,North American,3.9007,552.7157,105.6515,12.7320,US
15171,US,US,North American,0.0000,39.7800,0.0000,4.5000,US
15172,US,US,North American,433.1281,2315.6776,143.3694,12.9442,US
15173,US,US,North American,178.8347,2291.1260,11.5278,181.5610,US
15174,US,US,North American,254.3842,1994.4996,54.7760,87.9047,US
15175,US,US,North American,93.5239,720.1000,26.4325,27.8240,US
15176,US,US,North American,254.3618,1305.8600,21.5688,31.6499,US
15177,US,US,North American,1.9282,481.4089,0.6450,54.7139,US
15178,US,US,North American,874.9618,5262.5691,328.3336,62.5828,US
15179,US,US,North American,482.6802,2581.8360,44.2860,57.1809,US
15180,US,US,North American,0.4245,503.8266,91.1414,15.9155,US
15181,US,US,North American,175.2405,24188.4081,485.5353,2436.0839,US
15182,US,US,North American,301.0503,1187.2080,5.7256,1.9634,US
15183,US,US,North American,0.0000,119.3400,0.0000,13.5000,US
15184,US,US,North American,21.1481,456.7721,14.2807,38.4102,US
15185,US,US,North American,51.0970,1415.6270,65.4219,108.4302,US
15186,US,US,North American,87.5150,831.7813,42.6454,37.3896,US
15187,US,US,North American,86.5348,973.9144,76.5266,37.7458,US
15188,US,US,North American,544.9255,2265.7696,13.6953,6.2506,US
15189,US,US,North American,33.4681,1397.8672,204.9284,46.6826,US
15190,US,US,North American,18.8725,149.5000,4.4315,7.3600,US
15191,US,US,North American,81.7191,12110.7108,472.5710,1091.4176,US
15192,US,US,North American,8.7329,40.3755,1.9714,0.4495,US
15193,US,US,North American,20.4768,2839.7209,547.4580,61.8371,US
15194,US,US,North American,14.5877,539.3700,1.5351,54.1838,US
15195,US,US,North American,139.8003,966.9153,30.8250,39.7997,US
15196,US,US,North American,17.7477,1441.1526,95.9936,111.3284,US
15197,US,US,North American,622.2928,5913.0440,134.4838,328.1848,US
15198,US,US,North American,375.7247,1743.5960,22.5613,18.1924,US
15199,US,US,North American,27.5225,4649.2900,31.5256,510.3931,US
15200,US,US,North American,186.3915,3712.9913,222.0938,236.6341,US
15201,US,US,North American,151.3176,670.3601,18.5314,1.7755,US
15202,US,US,North American,22.2791,310.8441,2.8125,24.5038,US
15203,US,US,North American,,,,,US
15204,US,US,North American,364.5175,1648.6834,22.7565,22.0059,US
15205,US,US,North American,73.5922,1500.9891,23.6576,131.7556,US
15206,US,US,North American,142.5358,1177.5833,10.3998,65.5490,US
15207,US,US,North American,239.0471,1571.4550,45.9647,64.4753,US
15208,US,US,North American,163.3251,2818.3140,25.5618,237.1518,US
15209,US,US,North American,109.7623,985.0835,30.9130,49.4666,US
15210,US,US,North American,353.0507,1996.1000,27.7673,59.9950,US
15211,US,US,North American,0.9216,128.9580,0.4178,13.6479,US
15212,US,US,North American,29.5028,1275.9383,19.4518,122.5632,US
15213,US,US,North American,98.9499,1232.9827,68.3554,64.1172,US
15214,US,US,North American,168.8598,893.6437,17.2957,24.2186,US
15215,US,US,North American,19.2154,5656.9910,315.6466,470.3124,US
15216,US,US,North American,26.1095,648.1181,108.9441,13.3868,US
15217,US,US,North American,193.2241,1499.7013,34.1108,69.7365,US
15218,US,US,North American,2.7795,10.7115,0.3637,0.0891,US
15219,US,US,North American,58.0615,1415.1993,32.7573,120.2330,US
15220,US,US,North American,46.1880,1232.9490,94.3852,72.6600,US
15221,US,US,North American,199.9317,1330.7343,72.7647,26.9586,US
15222,US,US,North American,203.5461,814.2983,0.1816,0.0797,US
15223,US,US,North American,374.5998,12898.7196,586.3732,1117.2650,US
15224,US,US,North American,70.8868,1376.6020,90.0935,80.8180,US
15225,US,US,North American,58.3424,1267.9968,102.5389,70.9660,US
15226,US,US,North American,432.3675,2631.4816,86.9742,69.6195,US
15227,US,US,North American,133.9854,1731.1141,151.4726,65.4491,US
15228,US,US,North American,39.9219,1561.0850,66.6798,132.0237,US
15229,US,US,North American,520.3707,4240.9509,163.1281,161.2230,US
15230,US,US,North American,36.4754,3823.7375,499.2616,188.5673,US
15231,US,US,North American,268.0826,1049.0312,4.4892,1.1298,US
15232,US,US,North American,220.7082,1557.8628,90.9506,39.6644,US
15233,US,US,North American,237.6839,1367.0841,79.9114,14.3507,US
15234,US,US,North American,65.7258,247.3008,1.4420,1.1695,US
15235,US,US,North American,115.8146,2433.5698,292.6440,100.2110,US
15236,US,US,North American,115.8019,1546.0553,109.3116,71.8951,US
15237,US,US,North American,34.3288,599.8440,24.4274,41.9490,US
15238,US,US,North American,23.2781,6592.7970,490.5018,492.2085,US
15239,US,US,North American,66.8500,1292.0012,145.8098,46.1717,US
15240,US,US,North American,35.0451,962.1858,101.2890,44.5778,US
15241,US,US,North American,16.2472,1086.5613,114.2899,62.0906,US
15242,US,US,North American,259.4920,1830.0556,97.0587,48.2000,US
15243,US,US,North American,9.2643,176.8015,5.5369,14.4873,US
15244,US,US,North American,58.2845,2323.5100,19.3796,227.9312,US
15245,US,US,North American,142.6308,2919.2720,196.3231,177.9666,US
15246,US,US,North American,72.3420,2604.7415,141.7661,192.8710,US
15247,US,US,North American,10.9764,187.1855,6.2106,14.7532,US
15248,US,US,North American,7.7475,16.0000,0.4400,0.0400,US
15249,US,US,North American,338.5228,4388.3802,244.3522,224.2614,US
15250,US,US,North American,11.0215,8713.1700,1157.0919,417.6892,US
15251,US,US,North American,5.2651,411.9615,2.6746,43.5394,US
15252,US,US,North American,189.3577,2889.0857,34.9467,233.0814,US
15253,US,US,North American,616.5606,4604.2320,53.8607,226.4647,US
15254,US,US,North American,39.5927,3208.3522,361.6201,169.3106,US
15255,US,US,North American,75.3804,2669.2052,259.1726,148.0023,US
15256,US,US,North American,31.1882,142.7583,4.0544,0.8070,US
15257,US,US,North American,382.3006,3237.0156,131.5479,128.9126,US
15258,US,US,North American,44.3504,521.1720,23.8640,28.8570,US
15259,US,US,North American,369.8084,2837.3406,73.3340,124.2078,US
15260,US,US,North American,76.7316,346.5488,17.7825,3.4675,US
15261,US,US,North American,211.2184,1473.4313,18.8477,64.6633,US
15262,US,US,North American,155.3316,1503.1382,25.2406,91.9058,US
15263,US,US,North American,138.5092,859.2075,24.4171,32.1709,US
15264,US,US,North American,11.7540,49.0944,1.2279,0.4993,US
15265,US,US,North American,16.1290,3675.2617,724.5825,59.9436,US
15266,US,US,North American,42.4740,766.6850,25.5226,60.4060,US
15267,US,US,North American,0.0000,238.6800,0.0000,27.0000,US
15268,US,US,North American,56.9915,3406.6138,372.4025,191.7741,US
15269,US,US,North American,21.1733,768.9966,101.1645,31.1385,US
15270,US,US,North American,142.9908,596.6800,8.4640,1.1460,US
15271,US,US,North American,26.8664,755.4097,105.8626,25.9678,US
15272,US,US,North American,217.5840,4091.4334,435.8336,157.8257,US
15273,US,US,North American,340.7529,1787.5063,67.8947,16.4598,US
15274,US,US,North American,21.0759,1881.8435,195.3733,111.7994,US
15275,US,US,North American,32.0684,149.4370,6.5706,3.5149,US
15276,US,US,North American,21.7774,5021.7192,458.9509,332.3662,US
15277,US,US,North American,2124.1100,12510.2900,277.4400,305.9300,US
15278,US,US,North American,57.9225,1270.6552,192.8204,22.7533,US
15279,US,US,North American,22.9502,106.2022,4.5850,2.0924,US
15280,US,US,North American,11.5340,977.0288,94.0427,58.9834,US
15281,US,US,North American,117.1340,2894.1600,35.8060,265.8200,US
15282,US,US,North American,60.5353,936.1242,110.1196,25.5681,US
15283,US,US,North American,422.5800,2815.7467,50.8773,121.8720,US
15284,US,US,North American,201.5807,1326.3485,3.9849,55.4904,US
15285,US,US,North American,167.2831,1058.0238,31.9910,34.0895,US
15286,US,US,North American,106.8027,15980.0435,16.4351,1796.0991,US
15287,US,US,North American,95.7290,1156.0641,84.9405,53.6098,US
15288,US,US,North American,9.6843,698.4950,2.4586,73.6576,US
15289,US,US,North American,221.7206,2552.8380,166.9567,119.1740,US
15290,US,US,North American,377.6841,2766.6770,55.5070,124.7150,US
15291,US,US,North American,169.0439,2008.8477,137.5869,91.0012,US
15292,US,US,North American,4.7626,379.1542,0.7752,40.7183,US
15293,US,US,North American,236.7632,1864.5261,105.3788,61.9587,US
15294,US,US,North American,87.6598,711.9700,15.5158,34.0260,US
15295,US,US,North American,14.9320,1393.7720,5.7630,146.5689,US
15296,US,US,North American,71.0080,1387.7465,24.4476,117.4030,US
15297,US,US,North American,169.1895,1024.0000,20.9931,31.1914,US
15298,US,US,North American,263.3576,2253.3501,121.5450,75.4068,US
15299,US,US,North American,3.0916,709.7523,137.3484,17.5088,US
15300,US,US,North American,184.0228,1002.9141,63.0154,4.1451,US
15301,US,US,North American,1.7940,89.8000,7.2250,5.7360,US
15302,US,US,North American,38.1979,1288.6601,102.8795,78.2496,US
15303,US,US,North American,299.8417,1764.5900,31.2624,65.1296,US
15304,US,US,North American,93.4106,673.3525,14.9103,32.7267,US
15305,US,US,North American,7.2310,762.9280,24.7215,72.4843,US
15306,US,US,North American,314.2216,1668.2018,29.3939,30.1443,US
15307,US,US,North American,150.5382,2307.6120,176.8805,125.2908,US
15308,US,US,North American,17.5632,5797.3697,316.3138,486.7099,US
15309,US,US,North American,370.6171,1720.7650,27.1480,17.8496,US
15310,US,US,North American,398.2983,2951.1629,24.9288,149.5574,US
15311,US,US,North American,25.4694,1718.7603,360.1220,9.1517,US
15312,US,US,North American,323.4413,1264.1870,0.4500,1.2071,US
15313,US,US,North American,38.4850,167.9470,5.1984,1.2064,US
15314,US,US,North American,4.2942,1138.8182,12.7635,118.6417,US
15315,US,US,North American,167.6709,1163.0715,34.8365,39.5614,US
15316,US,US,North American,31.5006,1194.0747,11.2870,120.5430,US
15317,US,US,North American,17.6562,784.4400,0.0216,81.0000,US
15318,US,US,North American,2.7825,540.1742,37.9047,40.6264,US
15319,US,US,North American,201.8369,1226.6076,93.3572,2.3228,US
15320,US,US,North American,41.6196,1126.9360,26.0570,99.4287,US
15321,US,US,North American,378.9780,2854.2950,77.3664,129.6998,US
15322,US,US,North American,40.9460,929.8097,109.2098,41.1124,US
15323,US,US,North American,40.4158,1308.3737,160.0281,55.8239,US
15324,US,US,North American,17.4066,881.1782,181.7102,4.7833,US
15325,US,US,North American,109.8164,842.9402,3.4986,45.9917,US
15326,US,US,North American,203.2102,2317.7863,131.0768,112.0075,US
15327,US,US,North American,728.7966,3820.8960,120.3540,40.5182,US
15328,US,US,North American,10.5548,1827.4450,11.8025,194.7268,US
15329,US,US,North American,194.7425,1794.6260,41.0908,101.4070,US
15330,US,US,North American,165.3848,1270.8892,86.7470,30.8971,US
15331,US,US,North American,729.5033,3953.2100,98.4756,68.1452,US
15332,US,US,North American,93.5570,1963.4567,39.4839,167.4665,US
15333,US,US,North American,32.8066,2277.7329,365.1636,68.7922,US
15334,US,US,North American,107.0594,769.0598,20.1532,31.3455,US
15335,US,US,North American,13.5269,589.7729,107.4421,12.5502,US
15336,US,US,North American,93.5456,2933.1909,145.6124,223.3910,US
15337,US,US,North American,418.3234,1846.5459,50.4437,3.9460,US
15338,US,US,North American,576.3910,7344.4700,56.6840,586.4480,US
15339,US,US,North American,13.9678,4000.2305,30.0760,434.1793,US
15340,US,US,North American,49.5067,491.6857,19.4403,29.6618,US
15341,US,US,North American,144.6161,2707.9387,35.6715,229.2933,US
15342,US,US,North American,4.5183,1117.2865,73.6415,88.5735,US
15343,US,US,North American,17.2775,498.8783,4.8603,46.8479,US
15344,US,US,North American,61.4912,373.6600,5.6840,15.0400,US
15345,US,US,North American,29.9002,337.4708,10.5234,21.9463,US
15346,US,US,North American,214.4843,1824.8856,28.6788,99.4414,US
15347,US,US,North American,145.0450,1125.1500,29.0540,51.2360,US
15348,US,US,North American,425.4447,1907.8600,35.8690,39.3043,US
15349,US,US,North American,130.0406,2601.6560,42.7465,224.2025,US
15350,US,US,North American,279.5704,1884.8534,64.9448,59.6009,US
15351,US,US,North American,0.0000,481.7800,0.0000,54.5000,US
15352,US,US,North American,268.0470,3072.1027,363.8626,57.4140,US
15353,US,US,North American,178.6974,1112.0300,34.3208,30.4889,US
15354,US,US,North American,332.8899,1959.1174,78.5506,37.6447,US
15355,US,US,North American,281.9550,1737.9867,89.2829,34.5641,US
15356,US,US,North American,13.4185,53.5800,1.0717,0.2468,US
15357,US,US,North American,39.0564,1776.7865,35.5635,173.2395,US
15358,US,US,North American,187.6193,1765.0915,178.3039,35.8237,US
15359,US,US,North American,195.4960,2313.0229,285.2138,61.0962,US
15360,US,US,North American,26.7484,3563.6440,132.9246,324.6186,US
15361,US,US,North American,212.5586,815.4666,0.9227,0.2133,US
15362,US,US,North American,502.8161,3382.7867,167.5441,82.5146,US
15363,US,US,North American,256.5888,3625.2749,525.9689,53.0862,US
15364,US,US,North American,146.5031,1109.4118,25.3785,58.6332,US
15365,US,US,North American,31.0752,6274.9337,323.9130,542.6412,US
15366,US,US,North American,34.1816,1059.3115,92.8279,59.7385,US
15367,US,US,North American,1605.8288,6831.6717,82.1206,19.7893,US
15368,US,US,North American,91.1312,1090.8050,30.0252,70.6233,US
15369,US,US,North American,105.2419,832.2262,62.6407,18.6604,US
15370,US,US,North American,164.7455,918.6800,32.6536,12.2972,US
15371,US,US,North American,43.9554,1859.3918,299.3287,56.1394,US
15372,US,US,North American,366.5812,2409.7650,216.1416,11.0210,US
15373,US,US,North American,31.6288,1231.2097,192.0871,33.5417,US
15374,US,US,North American,85.4444,1471.7618,192.4271,44.2279,US
15375,US,US,North American,117.6691,15822.7840,5.6653,1779.1463,US
15376,US,US,North American,185.6136,2144.8597,69.2523,133.6258,US
15377,US,US,North American,526.5970,7148.3900,39.8280,574.6660,US
15378,US,US,North American,174.0141,667.7679,0.7670,1.1162,US
15379,US,US,North American,802.7232,4674.0154,195.7947,82.2415,US
15380,US,US,North American,20.8018,130.9161,0.6306,4.9948,US
15381,US,US,North American,120.1943,1470.2757,54.6325,90.2921,US
15382,US,US,North American,10.5106,56.8700,2.7642,0.7354,US
15383,US,US,North American,135.3075,1005.9310,39.0267,34.3636,US
15384,US,US,North American,18.1924,3046.2269,340.7591,175.2689,US
15385,US,US,North American,211.2624,2515.9665,290.8263,66.8539,US
15386,US,US,North American,33.3089,1828.6561,295.5931,49.2563,US
15387,US,US,North American,127.4928,1944.4312,187.8337,74.8509,US
15388,US,US,North American,76.6653,354.0863,13.3921,2.6258,US
15389,US,US,North American,30.7445,4280.9080,2.6875,460.8169,US
15390,US,US,North American,133.9311,8070.0971,421.1854,636.7087,US
15391,US,US,North American,28.0821,294.2947,45.6401,2.0109,US
15392,US,US,North American,453.0919,3958.0190,25.0379,236.6871,US
15393,US,US,North American,50.0297,1445.9726,127.5941,84.8140,US
15394,US,US,North American,36.6655,707.3380,22.2520,57.6941,US
15395,US,US,North American,102.7350,419.3400,4.0962,2.3790,US
15396,US,US,North American,83.5820,1963.0673,158.1547,118.1749,US
15397,US,US,North American,0.7200,143.0000,12.5600,9.5100,US
15398,US,US,North American,428.1904,2366.9608,154.9946,10.3730,US
15399,US,US,North American,376.3983,5141.2759,67.2065,392.0224,US
15400,US,US,North American,583.0862,7267.0510,66.5056,544.4249,US
15401,US,US,North American,36.7269,595.6585,34.6809,37.1664,US
15402,US,US,North American,107.7096,1199.5600,85.0046,51.2198,US
15403,US,US,North American,539.8866,2112.8585,0.6913,0.0682,US
15404,US,US,North American,13.2960,552.0000,5.4960,57.2160,US
15405,US,US,North American,26.1621,1929.6705,211.4826,107.4363,US
15406,US,US,North American,488.0224,3882.3552,270.1675,100.9980,US
15407,US,US,North American,155.9323,2972.9360,38.4725,254.6575,US
15408,US,US,North American,74.4916,933.8183,62.1766,41.3953,US
15409,US,US,North American,33.4633,1261.6225,196.5288,33.2271,US
15410,US,US,North American,108.8158,1097.1650,32.4063,60.7647,US
15411,US,US,North American,596.2040,5971.6175,303.9180,269.5821,US
15412,US,US,North American,149.5245,95131.3751,185.2396,10624.7289,US
15413,US,US,North American,231.8672,903.3211,6.5576,1.6203,US
15414,US,US,North American,33.9330,415.4200,12.5495,29.0964,US
15415,US,US,North American,494.6158,4176.4667,36.9088,244.5530,US
15416,US,US,North American,79.3699,1015.3055,53.9185,59.3451,US
15417,US,US,North American,75.5847,1991.8504,147.5698,119.0100,US
15418,US,US,North American,71.5039,9023.8320,180.8520,890.7085,US
15419,US,US,North American,37.9117,710.8619,53.3873,43.3851,US
15420,US,US,North American,29.0557,111.7300,1.3929,0.4626,US
15421,US,US,North American,116.5621,5411.5564,423.2800,369.6554,US
15422,US,US,North American,472.3563,4068.3433,79.5406,219.7657,US
15423,US,US,North American,163.2016,1147.3436,106.4357,4.0612,US
15424,US,US,North American,82.6291,1178.1107,1.1485,94.0203,US
15425,US,US,North American,50.9269,2699.0214,24.5497,278.0533,US
15426,US,US,North American,23.8163,2089.0627,195.0484,129.2992,US
15427,US,US,North American,26.7443,453.4804,61.7367,12.4745,US
15428,US,US,North American,13.1087,60.7405,2.7123,1.2677,US
15429,US,US,North American,231.9897,4083.0700,47.4115,348.4145,US
15430,US,US,North American,315.2604,2715.5200,74.7668,132.2004,US
15431,US,US,North American,61.6362,884.3970,15.7909,65.6190,US
15432,US,US,North American,31.0768,577.7450,19.1442,46.4151,US
15433,US,US,North American,67.2309,1189.7743,56.5560,78.2483,US
15434,US,US,North American,37.7414,12439.9300,267.0776,1246.7614,US
15435,US,US,North American,380.0954,2087.5373,130.7006,12.2130,US
15436,US,US,North American,464.8620,4230.3112,24.6807,268.4296,US
15437,US,US,North American,7.6180,1182.0800,19.6100,123.3350,US
15438,US,US,North American,22.3177,1432.4126,148.5426,81.7181,US
15439,US,US,North American,90.6432,368.2526,3.2556,1.3795,US
15440,US,US,North American,256.7443,1519.5169,72.6477,22.7198,US
15441,US,US,North American,84.6092,2214.8682,211.2532,115.5525,US
15442,US,US,North American,86.4474,1513.9828,206.5753,39.6392,US
15443,US,US,North American,20.0366,755.6050,19.0599,67.7430,US
15444,US,US,North American,37.4024,1921.1056,248.9342,87.8827,US
15445,US,US,North American,2.8290,2028.3000,20.5360,219.2010,US
15446,US,US,North American,466.6563,3884.2610,32.5756,226.7127,US
15447,US,US,North American,9.9368,714.2300,13.7600,69.8254,US
15448,US,US,North American,316.5178,2431.7620,24.4930,126.0635,US
15449,US,US,North American,69.5883,1251.4048,114.3505,60.4567,US
15450,US,US,North American,440.9370,5843.3333,49.6691,443.3151,US
15451,US,US,North American,41.0845,1032.8392,117.4224,47.1212,US
15452,US,US,North American,42.7383,1943.0396,204.2957,102.5903,US
15453,US,US,North American,45.9765,367.9590,30.3144,7.0528,US
15454,US,US,North American,93.8245,1523.3225,90.2369,86.2125,US
15455,US,US,North American,12.3004,658.4980,12.8215,64.5560,US
15456,US,US,North American,612.1843,5444.3150,77.8969,325.7323,US
15457,US,US,North American,77.3308,310.9910,3.3834,1.9514,US
15458,US,US,North American,576.2898,2504.2318,53.0935,9.6016,US
15459,US,US,North American,3.5396,1233.7070,25.1200,128.0200,US
15460,US,US,North American,375.2521,2901.4567,93.4946,127.0059,US
15461,US,US,North American,172.3134,1464.2016,67.1478,53.3623,US
15462,US,US,North American,68.4312,1017.2540,138.0672,22.3196,US
15463,US,US,North American,113.6078,1308.8295,157.3887,43.1000,US
15464,US,US,North American,224.9224,1103.6600,15.3720,15.9576,US
15465,US,US,North American,6.5309,179.6476,14.4399,10.6609,US
15466,US,US,North American,89.7799,1042.9909,31.7903,70.1587,US
15467,US,US,North American,55.9958,946.1900,23.2887,72.5303,US
15468,US,US,North American,63.7128,724.3512,39.0707,36.3548,US
15469,US,US,North American,217.9364,1370.2020,19.3177,48.9205,US
15470,US,US,North American,226.5072,1707.2983,34.2231,81.2126,US
15471,US,US,North American,483.7290,1897.4312,4.0460,1.0026,US
15472,US,US,North American,44.0574,911.0230,22.8345,74.4236,US
15473,US,US,North American,25.6603,13274.5464,416.5707,1272.4174,US
15474,US,US,North American,46.0930,1142.7555,26.9411,101.3125,US
15475,US,US,North American,79.1213,1571.5702,136.5631,80.0035,US
15476,US,US,North American,83.9040,468.0200,15.1905,9.9871,US
15477,US,US,North American,24.3611,3445.1246,384.2185,192.9089,US
15478,US,US,North American,7.6852,35.9100,0.7860,0.5700,US
15479,US,US,North American,169.6103,1320.5529,39.0127,57.3402,US
15480,US,US,North American,536.3566,4729.8887,16.6618,301.4112,US
15481,US,US,North American,27.4426,708.4942,110.2170,19.3881,US
15482,US,US,North American,186.8529,6408.7221,10.8611,649.8633,US
15483,US,US,North American,11.5514,917.7495,98.1332,55.4130,US
15484,US,US,North American,58.5192,231.8400,3.7212,0.8976,US
15485,US,US,North American,35.5815,911.8250,22.3495,80.8476,US
15486,US,US,North American,12.0302,1059.7933,67.2430,83.0804,US
15487,US,US,North American,48.6896,1871.0025,322.4138,37.8918,US
15488,US,US,North American,59.4279,1515.8078,4.5572,145.1451,US
15489,US,US,North American,980.5088,4470.5520,72.8547,52.1749,US
15490,US,US,North American,176.8859,2698.9348,229.9110,110.1987,US
15491,US,US,North American,86.1061,1139.3653,48.9389,75.1428,US
15492,US,US,North American,140.4331,3675.8518,235.8828,240.0977,US
15493,US,US,North American,38.0599,2357.9459,184.0493,166.4033,US
15494,US,US,North American,344.9123,2123.8133,119.2134,29.8579,US
15495,US,US,North American,13.5139,1291.3880,29.4184,128.1820,US
15496,US,US,North American,25.1664,688.5220,49.8248,45.1555,US
15497,US,US,North American,25.3572,2487.2980,163.0584,191.1213,US
15498,US,US,North American,1054.4550,4075.5125,1.6058,0.7023,US
15499,US,US,North American,39.7795,2217.3153,183.2299,145.9946,US
15500,US,US,North American,297.4224,1292.3460,5.9171,9.7640,US
15501,US,US,North American,2.4224,1369.5959,37.6800,137.5300,US
15502,US,US,North American,107.0906,1414.3409,93.9447,66.6113,US
15503,US,US,North American,204.4815,4371.5040,18.8425,395.7675,US
15504,US,US,North American,19.7926,186.1213,16.9547,4.0236,US
15505,US,US,North American,95.4031,583.5508,13.7484,18.0394,US
15506,US,US,North American,117.0516,1826.3140,97.8657,109.6365,US
15507,US,US,North American,243.9330,1966.3814,178.2283,23.7396,US
15508,US,US,North American,301.3734,2101.4260,11.1500,110.6435,US
15509,US,US,North American,19.4792,1066.2848,4.7401,112.2319,US
15510,US,US,North American,103.0730,2033.2560,2.0354,181.6130,US
15511,US,US,North American,44.8000,221.2357,11.6322,2.8515,US
15512,US,US,North American,19.6575,525.8466,21.0560,41.8699,US
15513,US,US,North American,348.5135,4004.5400,39.8023,287.5841,US
15514,US,US,North American,174.8765,1899.2464,242.5226,29.7602,US
15515,US,US,North American,173.9280,1554.6480,41.1451,83.1715,US
15516,US,US,North American,41.9029,3052.1898,342.3949,169.6113,US
15517,US,US,North American,220.9915,3485.0540,23.5175,286.4175,US
15518,US,US,North American,23.0792,511.6300,8.0188,44.9920,US
15519,US,US,North American,,,,,US
15520,US,US,North American,109.1664,1190.1600,35.7900,72.3240,US
15521,US,US,North American,148.2341,13789.6571,385.7215,1331.9065,US
15522,US,US,North American,6.8291,1315.1500,3.7203,141.6556,US
15523,US,US,North American,3.4829,250.6900,0.2867,27.1588,US
15524,US,US,North American,61.6302,653.4739,23.1167,42.5787,US
15525,US,US,North American,53.9110,869.0373,26.9768,60.1539,US
15526,US,US,North American,146.7001,1993.4879,91.1452,127.9277,US
15527,US,US,North American,67.7039,471.0090,14.7710,18.8171,US
15528,US,US,North American,27.1615,2034.5636,197.1000,123.3782,US
15529,US,US,North American,8.4556,33.9025,1.1528,0.1116,US
15530,US,US,North American,113.7531,1733.3324,227.7783,44.4462,US
15531,US,US,North American,22.8515,128.2500,8.7500,0.8170,US
15532,US,US,North American,31.5620,1448.8230,132.8576,94.1628,US
15533,US,US,North American,73.6249,2883.4993,94.2491,250.0683,US
15534,US,US,North American,7.3317,433.1701,90.9696,2.5339,US
15535,US,US,North American,34.4349,177.4400,11.2615,7.5171,US
15536,US,US,North American,68.1340,1141.3920,20.4700,91.5400,US
15537,US,US,North American,463.1979,4250.6140,36.8963,266.3753,US
15538,US,US,North American,102.0583,1981.2578,129.4235,115.0367,US
15539,US,US,North American,443.6145,3703.8533,7.8051,223.4285,US
15540,US,US,North American,268.9204,1238.4540,31.4598,15.8370,US
15541,US,US,North American,359.3634,3443.0615,98.6031,198.2442,US
15542,US,US,North American,24.9032,1565.3244,232.6904,58.8408,US
15543,US,US,North American,669.4756,3337.3887,112.8559,23.5791,US
15544,US,US,North American,285.8352,1545.2804,96.6401,11.2492,US
15545,US,US,North American,36.1746,3872.2810,239.9380,300.6218,US
15546,US,US,North American,278.6540,2204.0000,43.0080,115.2000,US
15547,US,US,North American,27.7820,604.2126,107.5292,4.4751,US
15548,US,US,North American,41.1720,834.0338,6.9894,74.7490,US
15549,US,US,North American,32.4651,129.5475,2.2647,1.0289,US
15550,US,US,North American,432.6431,2286.6970,50.6860,49.7166,US
15551,US,US,North American,53.3304,701.9082,55.0407,29.6715,US
15552,US,US,North American,192.7759,3593.2100,379.8525,134.0563,US
15553,US,US,North American,5.6655,25.9533,1.1829,0.1413,US
15554,US,US,North American,141.2363,1296.1090,26.0084,73.6251,US
15555,US,US,North American,509.7514,2937.9150,87.5593,59.3565,US
15556,US,US,North American,406.3769,2842.8891,138.4923,79.8091,US
15557,US,US,North American,519.0318,2924.3074,137.5852,36.9770,US
15558,US,US,North American,19.8935,633.4501,13.4963,56.8491,US
15559,US,US,North American,420.2786,3006.3473,146.5375,95.5423,US
15560,US,US,North American,239.0095,4645.4443,41.9030,401.5397,US
15561,US,US,North American,86.1341,2765.6610,330.6768,128.0849,US
15562,US,US,North American,158.3212,2441.3644,260.8895,87.0419,US
15563,US,US,North American,52.1515,760.2523,73.0848,28.7339,US
15564,US,US,North American,381.0576,2317.7301,168.2531,18.1843,US
15565,US,US,North American,87.3126,1377.3800,9.6444,113.2066,US
15566,US,US,North American,88.2215,762.8679,26.3844,38.3099,US
15567,US,US,North American,129.4305,4350.0212,31.2967,423.4318,US
15568,US,US,North American,35.4546,2232.9079,224.9326,126.4856,US
15569,US,US,North American,64.9206,2590.9569,120.9673,206.7824,US
15570,US,US,North American,1.7192,7.4915,0.2633,0.1505,US
15571,US,US,North American,201.7829,1788.2456,142.6178,50.1601,US
15572,US,US,North American,95.6040,1801.9502,228.6722,52.8753,US
15573,US,US,North American,54.4840,1404.2200,25.1000,122.5450,US
15574,US,US,North American,197.7223,2624.8000,34.7542,199.9118,US
15575,US,US,North American,94.9718,614.4600,35.7896,10.4566,US
15576,US,US,North American,8.7164,18098.8041,955.4323,1565.0198,US
15577,US,US,North American,158.8928,1718.4670,26.0279,113.3732,US
15578,US,US,North American,63.9614,5011.8555,289.4270,394.0082,US
15579,US,US,North American,397.0057,2316.2802,66.7763,62.4833,US
15580,US,US,North American,2.5484,474.6660,0.0000,54.5000,US
15581,US,US,North American,190.5250,2138.6073,126.2659,96.0183,US
15582,US,US,North American,34.5447,1929.6031,197.6460,108.7101,US
15583,US,US,North American,265.8390,1095.8500,21.0490,6.4080,US
15584,US,US,North American,102.6437,879.1298,49.3601,36.2927,US
15585,US,US,North American,209.3142,2957.8330,22.6855,236.2569,US
15586,US,US,North American,167.0731,1973.8367,31.4540,134.9301,US
15587,US,US,North American,200.7459,929.0360,9.3500,15.5625,US
15588,US,US,North American,334.4740,3593.4746,321.1885,121.4386,US
15589,US,US,North American,473.5083,4022.9194,355.7127,97.5648,US
15590,US,US,North American,14.9826,902.6097,190.3359,6.1884,US
15591,US,US,North American,162.2953,670.4000,11.9506,0.9265,US
15592,US,US,North American,201.4343,822.3510,7.1965,0.1147,US
15593,US,US,North American,216.9007,2484.0057,18.9839,177.9169,US
15594,US,US,North American,46.8458,823.2392,0.9492,73.0645,US
15595,US,US,North American,3.7360,374.0200,0.4400,40.5400,US
15596,US,US,North American,11.5745,1630.9871,195.1530,84.4321,US
15597,US,US,North American,2.6955,1060.1522,90.9558,73.2575,US
15598,US,US,North American,75.2399,2463.0170,26.4500,237.5780,US
15599,US,US,North American,62.2990,970.4100,100.5299,34.8141,US
15600,US,US,North American,54.8519,217.3266,1.0894,0.9175,US
15601,US,US,North American,459.4972,3689.1892,87.2152,170.9799,US
15602,US,US,North American,20.1466,1204.8141,222.4985,27.0639,US
15603,US,US,North American,0.2548,203.1648,44.9341,1.2110,US
15604,US,US,North American,45.0471,833.7300,67.1625,43.3176,US
15605,US,US,North American,139.8583,7916.6200,18.6990,829.2354,US
15606,US,US,North American,7.5376,839.3550,50.8482,65.7540,US
15607,US,US,North American,330.9778,3341.2344,232.3477,125.0480,US
15608,US,US,North American,88.4693,18614.0889,497.6478,1807.7199,US
15609,US,US,North American,17.5774,1527.9690,1.6048,164.1203,US
15610,US,US,North American,59.8881,2283.8186,225.1525,134.2312,US
15611,US,US,North American,398.1659,4470.2052,82.9971,292.4044,US
15612,US,US,North American,19.7944,342.7820,24.4302,19.0736,US
15613,US,US,North American,14.0100,2754.3419,265.9132,173.3771,US
15614,US,US,North American,88.5891,562.0640,23.1335,13.6228,US
15615,US,US,North American,7.6137,239.4173,10.3575,18.7400,US
15616,US,US,North American,28.2305,153.7290,9.8126,1.7026,US
15617,US,US,North American,173.2476,2996.6616,36.0720,245.0409,US
15618,US,US,North American,353.0701,1660.2236,28.0211,25.3194,US
15619,US,US,North American,6.2337,311.1000,22.9443,21.5190,US
15620,US,US,North American,0.5522,421.4313,0.5501,46.5036,US
15621,US,US,North American,240.4765,4558.2850,44.0563,396.3557,US
15622,US,US,North American,35.3823,702.7450,22.2614,58.2679,US
15623,US,US,North American,8.5291,2016.6657,3.6761,223.5675,US
15624,US,US,North American,187.7125,1870.7168,63.2711,99.5442,US
15625,US,US,North American,7.3498,661.1432,38.5838,52.1175,US
15626,US,US,North American,15.3469,109.0050,3.4641,5.0997,US
15627,US,US,North American,86.0675,1330.6938,118.0640,63.9712,US
15628,US,US,North American,2.9843,416.8389,1.0171,45.6139,US
15629,US,US,North American,60.1864,725.8261,69.4680,24.8565,US
15630,US,US,North American,33.2065,133.1057,2.2148,0.7436,US
15631,US,US,North American,35.9733,754.0877,113.4481,18.3223,US
15632,US,US,North American,10.4293,487.3654,54.3560,25.5557,US
15633,US,US,North American,233.1454,2097.0688,72.1666,108.5971,US
15634,US,US,North American,56.4762,1231.0365,99.8236,65.0368,US
15635,US,US,North American,130.9629,1685.8720,50.2548,113.2492,US
15636,US,US,North American,4.7654,605.5500,23.5112,54.6666,US
15637,US,US,North American,301.7147,1894.9977,134.6866,24.2920,US
15638,US,US,North American,60.6186,1776.3398,170.4747,92.2181,US
15639,US,US,North American,22.7625,240.8595,7.9285,15.6550,US
15640,US,US,North American,1802.4310,6962.9000,4.9320,1.8680,US
15641,US,US,North American,9.8406,179.9400,5.7246,14.4300,US
15642,US,US,North American,125.4997,7062.0670,28.9145,718.1132,US
15643,US,US,North American,16.2852,568.9680,9.0371,46.9716,US
15644,US,US,North American,286.3493,2657.8563,197.9403,77.9300,US
15645,US,US,North American,21.7809,487.2390,44.9434,25.3244,US
15646,US,US,North American,5.1210,178.9650,9.1794,13.9999,US
15647,US,US,North American,197.9530,1328.5193,69.5469,32.6171,US
15648,US,US,North American,0.0000,806.9352,179.5204,4.5333,US
15649,US,US,North American,305.0482,2449.2939,77.2401,100.7657,US
15650,US,US,North American,196.6690,1625.5350,45.8004,79.6912,US
15651,US,US,North American,478.7914,3133.7659,63.0815,127.6320,US
15652,US,US,North American,79.1349,2037.0240,29.7243,183.0113,US
15653,US,US,North American,299.2563,2074.7428,31.0059,85.4631,US
15654,US,US,North American,144.9162,2494.7200,3.3572,219.3728,US
15655,US,US,North American,291.3385,2826.7320,38.3085,178.8497,US
15656,US,US,North American,15.6183,414.9205,6.9097,37.8003,US
15657,US,US,North American,3.9956,1288.2208,35.3846,124.6452,US
15658,US,US,North American,49.7021,2465.6495,189.0264,162.8612,US
15659,US,US,North American,264.4165,1449.5700,27.4660,39.8640,US
15660,US,US,North American,26.0172,159.8700,4.3332,4.2900,US
15661,US,US,North American,68.4976,429.9215,10.6373,16.7986,US
15662,US,US,North American,24.3938,925.1822,10.9139,92.9836,US
15663,US,US,North American,97.8368,1535.1493,95.8691,86.2995,US
15664,US,US,North American,78.8071,3041.2207,5.5362,300.6589,US
15665,US,US,North American,35.0116,7905.4520,29.7605,886.5838,US
15666,US,US,North American,725.9550,3945.5792,128.1165,61.1234,US
15667,US,US,North American,10.5496,687.1523,95.5242,26.0910,US
15668,US,US,North American,244.1947,2036.8480,26.7599,110.1925,US
15669,US,US,North American,80.3040,8477.2600,39.7966,928.7624,US
15670,US,US,North American,377.6754,2829.4700,77.2878,129.1896,US
15671,US,US,North American,122.9263,702.0247,33.2630,9.1076,US
15672,US,US,North American,166.0434,719.6260,17.0963,5.0279,US
15673,US,US,North American,54.5687,1465.2773,151.6371,72.0817,US
15674,US,US,North American,9.4884,993.8577,4.6941,104.9488,US
15675,US,US,North American,5.4954,503.4190,1.1263,54.4332,US
15676,US,US,North American,327.1675,1332.3432,12.4124,1.9142,US
15677,US,US,North American,67.1411,1136.8580,39.8638,80.8439,US
15678,US,US,North American,0.5637,2.5653,0.1283,0.0057,US
15679,US,US,North American,43.1012,1145.1420,139.8872,45.3458,US
15680,US,US,North American,127.8397,2859.7937,221.0107,161.8844,US
15681,US,US,North American,51.9327,1170.5955,197.7690,14.9604,US
15682,US,US,North American,0.0000,469.7900,0.0000,54.5000,US
15683,US,US,North American,40.8647,167.6035,3.0632,1.6748,US
15684,US,US,North American,26.3910,106.4570,0.8916,0.5741,US
15685,US,US,North American,7.8682,813.9057,33.3193,71.4306,US
15686,US,US,North American,89.7920,396.0446,18.2355,3.8435,US
15687,US,US,North American,108.0839,3494.7249,325.5579,206.2751,US
15688,US,US,North American,7.8570,1014.8814,139.9833,44.8000,US
15689,US,US,North American,391.9174,2448.5113,125.1062,50.0135,US
15690,US,US,North American,12.6035,470.2040,0.4292,46.4000,US
15691,US,US,North American,47.8345,993.2050,23.3368,84.8432,US
15692,US,US,North American,188.7556,1193.1033,61.3793,24.8609,US
15693,US,US,North American,210.9959,830.3350,6.3777,1.6681,US
15694,US,US,North American,27.2235,1332.3304,219.7629,33.2230,US
15695,US,US,North American,53.2805,1392.9020,136.0296,70.3425,US
15696,US,US,North American,88.0692,1941.9603,134.9618,121.0569,US
15697,US,US,North American,60.4960,2169.6204,228.7685,116.1894,US
15698,US,US,North American,30.0179,368.0194,29.8771,15.4414,US
15699,US,US,North American,200.7371,2116.6125,20.0617,147.2909,US
15700,US,US,North American,156.4331,1623.8095,8.5306,114.3502,US
15701,US,US,North American,28.1316,2150.2200,169.6812,147.5070,US
15702,US,US,North American,268.8768,1103.9295,12.9426,10.1681,US
15703,US,US,North American,59.3824,810.5612,102.5602,16.1782,US
15704,US,US,North American,341.8452,3251.1400,85.6077,195.9100,US
15705,US,US,North American,435.7856,4826.2630,27.4905,346.6390,US
15706,US,US,North American,266.9814,1277.0743,16.4468,22.8299,US
15707,US,US,North American,214.5449,1001.1660,13.2188,9.7038,US
15708,US,US,North American,69.0897,2660.6472,219.3863,166.8977,US
15709,US,US,North American,240.3070,2827.8900,37.3834,204.2674,US
15710,US,US,North American,262.8004,1507.5560,25.9372,47.7900,US
15711,US,US,North American,0.0000,117.2320,0.0000,13.6000,US
15712,US,US,North American,43.8531,2038.3686,206.6811,114.6447,US
15713,US,US,North American,35.3978,833.4388,88.4162,35.7826,US
15714,US,US,North American,151.4047,1579.1500,6.3523,107.2757,US
15715,US,US,North American,45.3879,1578.2365,42.8080,138.2387,US
15716,US,US,North American,0.0000,238.6800,0.0000,27.0000,US
15717,US,US,North American,40.9090,439.5240,10.6860,28.8000,US
15718,US,US,North American,336.7316,1899.1800,29.3784,60.4224,US
15719,US,US,North American,49.5420,760.3079,69.9776,33.2732,US
15720,US,US,North American,78.2792,7495.8323,415.8561,617.6677,US
15721,US,US,North American,102.0752,1529.7640,19.8552,118.6690,US
15722,US,US,North American,417.7000,2117.6737,45.6357,32.1969,US
15723,US,US,North American,478.5781,5315.8560,49.7613,369.9821,US
15724,US,US,North American,488.9200,3265.8915,154.7571,87.5730,US
15725,US,US,North American,230.6914,1494.1460,40.9400,51.6517,US
15726,US,US,North American,85.3812,1756.2625,52.9554,136.0055,US
15727,US,US,North American,0.0000,79.5600,0.0000,9.0000,US
15728,US,US,North American,146.6983,603.5165,13.9430,3.2328,US
15729,US,US,North American,25.8320,316.5338,50.0801,1.9333,US
15730,US,US,North American,4.3298,22.6670,1.0319,0.6157,US
15731,US,US,North American,74.9678,1889.6573,121.0323,122.3128,US
15732,US,US,North American,96.7832,3593.2644,282.5253,236.7487,US
15733,US,US,North American,184.6147,1662.8769,109.4934,54.3741,US
15734,US,US,North American,113.7997,2289.5199,43.7113,193.5006,US
15735,US,US,North American,104.5026,1537.7402,45.0476,115.3887,US
15736,US,US,North American,206.2231,1671.5425,134.9457,35.3850,US
15737,US,US,North American,21.2824,537.1698,4.2484,50.5612,US
15738,US,US,North American,255.9782,2216.8647,24.7333,129.2970,US
15739,US,US,North American,597.6627,3230.1440,103.5054,40.9553,US
15740,US,US,North American,45.9764,1591.9986,116.4866,105.0534,US
15741,US,US,North American,55.9496,551.4073,16.5874,30.1950,US
15742,US,US,North American,,,,,US
15743,US,US,North American,2.2019,2031.8594,450.1847,11.4987,US
15744,US,US,North American,59.9084,1354.7652,184.7646,41.0456,US
15745,US,US,North American,426.2570,4304.9700,33.5480,297.4110,US
15746,US,US,North American,14.2557,424.4125,23.9641,31.3494,US
15747,US,US,North American,187.9329,1478.1150,39.2178,71.4283,US
15748,US,US,North American,342.4062,2059.3140,50.9701,53.8736,US
15749,US,US,North American,177.6780,2049.2515,78.8272,113.2660,US
15750,US,US,North American,323.2468,2035.3475,45.1346,60.7540,US
15751,US,US,North American,51.0824,203.0110,0.5401,0.0226,US
15752,US,US,North American,142.1534,1481.4278,88.3976,87.0556,US
15753,US,US,North American,30.5050,831.7800,25.8712,69.5990,US
15754,US,US,North American,134.3343,1196.1200,26.8031,66.6364,US
15755,US,US,North American,65.5773,1740.5134,285.2052,36.3206,US
15756,US,US,North American,398.9283,3429.3355,242.4170,97.6044,US
15757,US,US,North American,221.5118,875.3538,3.3851,0.5928,US
15758,US,US,North American,25.7608,807.7300,85.3007,39.7812,US
15759,US,US,North American,230.8193,1452.6825,71.0793,32.5526,US
15760,US,US,North American,323.8448,1331.5183,17.4555,8.2627,US
15761,US,US,North American,20.4223,12824.6710,86.5657,1431.7999,US
15762,US,US,North American,195.9346,909.6790,8.3460,16.5750,US
15763,US,US,North American,154.8890,961.4117,23.2135,28.9648,US
15764,US,US,North American,450.5725,4128.6003,152.6207,192.4264,US
15765,US,US,North American,36.6892,402.5739,7.0728,28.9424,US
15766,US,US,North American,6.3552,162.5728,16.2605,8.8037,US
15767,US,US,North American,43.7431,2529.2523,162.1928,189.4757,US
15768,US,US,North American,219.8268,855.1900,2.5526,1.9223,US
15769,US,US,North American,260.7065,4330.9957,267.5300,254.9743,US
15770,US,US,North American,152.3842,1485.7050,55.0910,75.2705,US
15771,US,US,North American,329.6371,1292.1950,3.9438,2.9486,US
15772,US,US,North American,430.0702,6286.1279,278.4577,386.2252,US
15773,US,US,North American,157.4082,5671.7659,93.8672,542.2334,US
15774,US,US,North American,29.6325,1266.2412,38.3962,111.7755,US
15775,US,US,North American,437.4512,3289.3853,33.2979,159.3590,US
15776,US,US,North American,3.7922,1278.2930,134.1399,76.5292,US
15777,US,US,North American,24.4123,569.0860,8.3121,50.9442,US
15778,US,US,North American,562.4208,7348.0240,116.9945,541.5347,US
15779,US,US,North American,51.8742,599.2440,10.2728,40.1045,US
15780,US,US,North American,3.5910,7482.8420,152.7290,774.6465,US
15781,US,US,North American,194.7666,1620.3504,138.3273,28.9362,US
15782,US,US,North American,58.6602,1314.0725,137.2073,61.8143,US
15783,US,US,North American,27.9453,914.7554,24.3447,82.7658,US
15784,US,US,North American,28.5850,2198.4800,189.8983,141.9535,US
15785,US,US,North American,104.8929,2557.0447,143.4476,173.3632,US
15786,US,US,North American,1015.0316,6166.8277,121.5393,193.3731,US
15787,US,US,North American,61.3160,812.0000,24.8920,57.9200,US
15788,US,US,North American,60.3438,2272.6007,7.1940,226.9087,US
15789,US,US,North American,43.5200,1782.7840,62.6432,164.2752,US
15790,US,US,North American,61.0926,4040.5376,399.3479,232.6014,US
15791,US,US,North American,156.0514,3191.9559,214.7022,183.5402,US
15792,US,US,North American,62.8271,2674.5019,462.6274,55.4580,US
15793,US,US,North American,348.3144,9621.4152,513.3076,750.3141,US
15794,US,US,North American,156.4352,923.2692,31.2299,31.9702,US
15795,US,US,North American,151.7774,922.1920,21.7749,27.5277,US
15796,US,US,North American,20.7427,273.4900,7.5308,15.3158,US
15797,US,US,North American,339.4199,2184.6900,46.0469,88.1938,US
15798,US,US,North American,626.6049,2677.5722,72.1938,16.0142,US
15799,US,US,North American,212.0398,4024.2710,125.4943,321.6802,US
15800,US,US,North American,305.2029,3100.9075,13.2703,215.1870,US
15801,US,US,North American,115.4352,3492.1456,204.2469,265.9370,US
15802,US,US,North American,196.2198,4348.0400,126.4349,368.1557,US
15803,US,US,North American,0.3640,2338.5500,6.2800,261.0050,US
15804,US,US,North American,7.9882,57.7283,1.6299,2.2847,US
15805,US,US,North American,146.5975,3653.4780,135.8575,308.4691,US
15806,US,US,North American,111.7655,643.5000,8.0145,21.6000,US
15807,US,US,North American,402.1833,1836.5617,25.2172,19.0465,US
15808,US,US,North American,263.5168,4855.0600,6.4843,427.7613,US
15809,US,US,North American,31.9593,926.4960,21.3745,83.2025,US
15810,US,US,North American,97.2393,3257.1200,115.3393,291.2153,US
15811,US,US,North American,78.0053,1885.1492,105.4815,126.7384,US
15812,US,US,North American,830.9822,4105.0158,134.0367,26.7620,US
15813,US,US,North American,416.2960,3739.9660,26.6545,228.0426,US
15814,US,US,North American,62.8560,1594.3040,42.7440,140.8000,US
15815,US,US,North American,103.8950,1740.2415,110.3809,95.9862,US
15816,US,US,North American,25.4408,3239.2306,379.6293,168.9398,US
15817,US,US,North American,26.0703,2115.9796,191.8227,136.3604,US
15818,US,US,North American,50.7948,1071.3907,186.8405,13.1051,US
15819,US,US,North American,376.6079,2947.8940,282.9673,36.0902,US
15820,US,US,North American,263.3563,1406.7756,24.2606,37.1400,US
15821,US,US,North American,238.7077,1472.6467,56.7596,40.7553,US
15822,US,US,North American,237.4812,1989.7850,47.2259,95.8314,US
15823,US,US,North American,128.5875,1506.6860,113.7515,65.6214,US
15824,US,US,North American,60.7599,1352.6554,218.9216,31.3842,US
15825,US,US,North American,474.3725,3576.4320,96.6643,160.6465,US
15826,US,US,North American,18.9399,615.4292,108.4586,14.5568,US
15827,US,US,North American,30.9617,4023.3731,315.5777,284.3085,US
15828,US,US,North American,189.3289,1935.0481,153.0659,64.1573,US
15829,US,US,North American,70.9527,462.9171,16.9011,19.6174,US
15830,US,US,North American,122.6877,2348.7193,253.7661,98.8118,US
15831,US,US,North American,,,,,US
15832,US,US,North American,3.7360,546.4012,105.0242,12.2347,US
15833,US,US,North American,16.0780,888.1627,102.7048,44.4345,US
15834,US,US,North American,49.9707,759.6917,22.5365,57.6775,US
15835,US,US,North American,89.3907,6328.6501,1283.1739,53.9822,US
15836,US,US,North American,120.8345,1046.1900,37.7324,52.3420,US
15837,US,US,North American,61.4489,1797.6812,57.0358,151.9206,US
15838,US,US,North American,553.0362,8669.9400,47.4150,727.0116,US
15839,US,US,North American,298.2410,1743.4660,45.7574,67.4669,US
15840,US,US,North American,38.4868,10954.4825,2273.4657,127.8022,US
15841,US,US,North American,10.7256,45.5428,1.0890,0.5601,US
15842,US,US,North American,418.9656,4110.2523,18.6733,269.2577,US
15843,US,US,North American,191.2661,4296.4528,210.4726,304.5347,US
15844,US,US,North American,31.6705,430.3954,3.2273,33.2645,US
15845,US,US,North American,339.4266,3378.3920,26.0082,220.1040,US
15846,US,US,North American,79.3519,1677.0050,137.5079,102.5254,US
15847,US,US,North American,244.9576,1754.7735,41.7331,75.1945,US
15848,US,US,North American,513.6981,6028.3022,125.3167,416.5422,US
15849,US,US,North American,24.1029,145.0667,2.5500,5.4585,US
15850,US,US,North American,31.4280,684.0000,21.3720,57.6000,US
15851,US,US,North American,61.4223,2292.5672,226.3862,129.9904,US
15852,US,US,North American,70.1439,1654.2179,76.0391,122.6019,US
15853,US,US,North American,78.2422,956.7277,115.8241,23.3746,US
15854,US,US,North American,30.9848,2953.3716,93.8500,275.8929,US
15855,US,US,North American,489.6444,2421.5495,65.1221,27.0713,US
15856,US,US,North American,1384.0372,5386.2586,17.0872,6.6782,US
15857,US,US,North American,132.3038,1928.7800,38.6002,141.0346,US
15858,US,US,North American,,,,,US
15859,US,US,North American,153.8407,1032.6100,15.2236,42.0490,US
15860,US,US,North American,34.4048,934.8975,27.4106,81.9243,US
15861,US,US,North American,32.5687,1462.8122,192.1436,61.2612,US
15862,US,US,North American,153.4790,962.4914,56.4673,15.3983,US
15863,US,US,North American,365.9134,2195.3897,98.0214,41.9120,US
15864,US,US,North American,32.6054,1110.8256,182.5083,5.1926,US
15865,US,US,North American,471.5334,2734.9705,83.6263,53.6587,US
15866,US,US,North American,29.7512,1220.0641,117.5751,71.3465,US
15867,US,US,North American,49.2988,1178.2580,99.0640,65.8264,US
15868,US,US,North American,21.1010,989.2170,91.0579,58.0524,US
15869,US,US,North American,158.4432,3909.9103,351.5511,211.2851,US
15870,US,US,North American,3.9285,683.0840,2.6715,74.8000,US
15871,US,US,North American,219.4667,1830.1810,45.8770,86.9944,US
15872,US,US,North American,549.2021,3981.4820,87.4340,188.9035,US
15873,US,US,North American,153.4719,2857.1078,150.6760,177.7203,US
15874,US,US,North American,10.4475,673.8975,1.8916,69.8986,US
15875,US,US,North American,208.3922,2789.1222,44.8978,204.2366,US
15876,US,US,North American,10.0360,64.0000,3.0140,2.0740,US
15877,US,US,North American,20.9539,971.8558,11.1257,96.3574,US
15878,US,US,North American,9.0882,677.2079,97.8458,29.3079,US
15879,US,US,North American,42.7488,165.9200,0.0000,0.0000,US
15880,US,US,North American,39.1055,2661.8039,193.0782,192.6121,US
15881,US,US,North American,29.6258,1794.0612,110.3538,137.7116,US
15882,US,US,North American,235.8193,1542.4160,25.0185,57.6805,US
15883,US,US,North American,,,,,US
15884,US,US,North American,507.1992,5083.5964,227.6162,265.5733,US
15885,US,US,North American,31.3573,1104.0176,168.5893,37.7281,US
15886,US,US,North American,33.0706,3833.9399,297.1276,274.1015,US
15887,US,US,North American,356.5204,1842.0613,25.3122,42.7143,US
15888,US,US,North American,129.1918,1659.3230,96.3792,92.2692,US
15889,US,US,North American,629.9875,3250.6025,106.0517,44.3962,US
15890,US,US,North American,217.7415,2962.6797,68.3606,204.6830,US
15891,US,US,North American,5.5852,24.5850,1.0944,0.2418,US
15892,US,US,North American,114.7100,590.0000,14.2100,9.6600,US
15893,US,US,North American,122.8509,18133.6392,625.9582,1644.2743,US
15894,US,US,North American,21.9679,5912.8163,85.0911,621.6884,US
15895,US,US,North American,8.4778,4080.4657,60.5647,437.9371,US
15896,US,US,North American,64.6703,532.1700,21.5476,21.9870,US
15897,US,US,North American,16.3994,429.7537,58.2996,13.1982,US
15898,US,US,North American,4.6985,756.7670,8.5971,78.9163,US
15899,US,US,North American,,,,,US
15900,US,US,North American,221.6252,1560.6499,72.4331,41.1007,US
15901,US,US,North American,185.7023,1081.2422,37.6119,34.8330,US
15902,US,US,North American,308.3586,1652.5560,48.2982,29.9326,US
15903,US,US,North American,0.1409,279.8146,0.3182,30.9347,US
15904,US,US,North American,253.4324,3134.4072,11.9311,236.7629,US
15905,US,US,North American,18.7979,87.2150,2.5502,1.5423,US
15906,US,US,North American,83.9112,1711.0550,85.6630,117.2851,US
15907,US,US,North American,26.7865,114.2580,4.5871,0.4410,US
15908,US,US,North American,24.5238,600.5615,56.9956,30.3862,US
15909,US,US,North American,44.0250,1274.4168,69.2132,90.4976,US
15910,US,US,North American,18.5300,1132.5100,47.7101,95.4951,US
15911,US,US,North American,26.4126,1066.2797,28.0704,100.2866,US
15912,US,US,North American,9.8139,108.3000,2.6787,7.2000,US
15913,US,US,North American,325.8025,1999.0915,57.5756,59.1188,US
15914,US,US,North American,92.5330,2344.4255,21.7725,221.6287,US
15915,US,US,North American,2.2546,429.0210,0.9423,46.4226,US
15916,US,US,North American,69.1210,726.0153,47.4500,30.7704,US
15917,US,US,North American,168.2894,1356.6100,26.1012,69.8046,US
15918,US,US,North American,160.1012,1391.9401,39.3094,73.8195,US
15919,US,US,North American,123.8660,2573.9329,25.5920,232.0689,US
15920,US,US,North American,9.5968,1095.4935,16.8280,111.3752,US
15921,US,US,North American,217.9585,1403.0685,57.1359,35.1712,US
15922,US,US,North American,206.1338,964.8130,23.7404,9.1261,US
15923,US,US,North American,3.7895,328.3605,1.8741,34.3375,US
15924,US,US,North American,100.2653,2488.2481,22.9360,232.1848,US
15925,US,US,North American,42.3062,333.9565,19.7787,12.4548,US
15926,US,US,North American,132.7281,2686.2527,33.5478,233.4724,US
15927,US,US,North American,45.8504,708.8778,14.3604,55.0386,US
15928,US,US,North American,4.1681,690.3016,50.6628,50.5838,US
15929,US,US,North American,13.4720,166.0620,0.6720,12.5010,US
15930,US,US,North American,20.8171,96.2485,3.5727,1.3684,US
15931,US,US,North American,63.0338,1920.2950,31.2013,186.5898,US
15932,US,US,North American,4.3374,3978.5075,13.2717,441.9072,US
15933,US,US,North American,255.5096,4576.5037,147.6293,334.0685,US
15934,US,US,North American,73.0578,1916.1609,71.2153,158.7695,US
15935,US,US,North American,13.5456,802.1800,97.3620,37.6213,US
15936,US,US,North American,49.2785,1567.8660,55.4803,136.2684,US
15937,US,US,North American,120.0977,1940.7621,114.8786,120.9454,US
15938,US,US,North American,45.1706,2292.1652,259.2092,114.9143,US
15939,US,US,North American,103.6654,628.2810,13.7935,19.8060,US
15940,US,US,North American,155.8192,1103.1400,25.2230,41.8582,US
15941,US,US,North American,7.2418,566.4318,6.3081,59.0726,US
15942,US,US,North American,58.1784,6124.6523,22.1098,667.9175,US
15943,US,US,North American,15.5333,92365.3881,99.8616,10393.7281,US
15944,US,US,North American,3.4309,514.8196,36.5051,39.4732,US
15945,US,US,North American,2.5766,222.4170,19.2192,14.6392,US
15946,US,US,North American,93.5028,691.1950,59.5905,14.9731,US
15947,US,US,North American,886.9045,4724.3716,234.1765,21.9670,US
15948,US,US,North American,22.0681,626.4947,107.6205,12.7963,US
15949,US,US,North American,29.0146,1513.1597,227.1684,53.9809,US
15950,US,US,North American,241.6825,3393.7756,318.8842,122.2163,US
15951,US,US,North American,231.7432,3316.1829,213.7449,167.3517,US
15952,US,US,North American,55.9808,5943.1098,610.1346,364.5332,US
15953,US,US,North American,10.6115,1011.2840,94.5679,62.5268,US
15954,US,US,North American,77.0882,2600.8788,385.7607,74.8009,US
15955,US,US,North American,55.2089,1833.8316,145.2375,110.3151,US
15956,US,US,North American,1.0800,4240.7051,411.8202,279.6711,US
15957,US,US,North American,61.3955,1394.9503,256.3316,14.6132,US
15958,US,US,North American,26.2190,12740.3125,531.1060,1193.6639,US
15959,US,US,North American,2.2265,1400.1259,95.5995,111.4034,US
15960,US,US,North American,258.0991,4691.2580,163.5029,331.4329,US
15961,US,US,North American,53.0156,7835.3193,396.6854,660.8419,US
15962,US,US,North American,144.7148,1821.7338,199.5901,49.8248,US
15963,US,US,North American,71.2650,4431.2760,568.0764,206.9923,US
15964,US,US,North American,15.0418,403.8600,1.7822,38.5667,US
15965,US,US,North American,49.3365,2084.0285,61.3443,180.9165,US
15966,US,US,North American,33.9109,960.2592,185.7498,5.5550,US
15967,US,US,North American,57.1092,259.8396,13.6533,2.3571,US
15968,US,US,North American,185.1873,3831.7226,293.3358,223.5180,US
15969,US,US,North American,31.5040,2440.4977,204.3962,164.9350,US
15970,US,US,North American,336.2119,2708.7114,229.5228,48.0216,US
15971,US,US,North American,298.5696,1690.0712,96.2215,22.8616,US
15972,US,US,North American,49.3103,2390.5207,414.1192,48.4452,US
15973,US,US,North American,86.1418,925.3858,73.3729,32.9060,US
15974,US,US,North American,476.6799,4163.7634,270.7441,128.4999,US
15975,US,US,North American,93.6291,4600.9177,401.2415,293.4700,US
15976,US,US,North American,9.1909,398.6110,71.8932,9.2248,US
15977,US,US,North American,1115.0348,25292.7059,2958.0332,1004.9075,US
15978,US,US,North American,372.4728,2837.7893,154.4067,84.3233,US
15979,US,US,North American,328.3284,1703.3520,44.6615,19.8178,US
15980,US,US,North American,82.5176,8964.3955,418.7033,765.2196,US
15981,US,US,North American,87.5422,1294.9869,107.9042,61.2660,US
15982,US,US,North American,61.5189,2243.1811,202.1755,130.9411,US
15983,US,US,North American,69.8076,2554.3157,198.2787,162.0369,US
15984,US,US,North American,92.1756,2218.3684,261.2535,83.3634,US
15985,US,US,North American,61.4114,714.3139,49.7685,34.0512,US
15986,US,US,North American,252.8213,3640.7360,244.3381,197.8218,US
15987,US,US,North American,53.0467,270.9890,14.6610,1.2844,US
15988,US,US,North American,68.0943,4052.7537,815.4765,21.0842,US
15989,US,US,North American,354.1240,3490.1604,107.3878,175.5505,US
15990,US,US,North American,47.3029,1895.0536,93.7150,146.4516,US
15991,US,US,North American,24.3063,95.7550,1.9322,0.4986,US
15992,US,US,North American,0.3600,423.1960,6.2800,45.5550,US
15993,US,US,North American,5.4734,1226.8253,0.0000,136.6667,US
15994,US,US,North American,231.3880,1458.0000,21.3720,57.6000,US
15995,US,US,North American,0.8998,3.3495,0.0638,0.0228,US
15996,US,US,North American,2.9959,851.1909,1.5151,92.9962,US
15997,US,US,North American,1240.1646,5306.3060,98.0331,25.3741,US
15998,US,US,North American,65.6583,267.4888,0.5365,0.3818,US
15999,US,US,North American,195.8286,1595.5700,31.4358,82.4146,US
16000,US,US,North American,,,,,US
16001,US,US,North American,63.2874,1322.3780,13.9660,115.2338,US
16002,US,US,North American,1.2742,521.9900,0.0000,57.6000,US
16003,US,US,North American,47.6998,2251.4368,64.4375,200.9517,US
16004,US,US,North American,146.0042,1394.3500,45.6860,70.6858,US
16006,US,US,North American,294.6998,1408.2267,10.0164,25.7231,US
16007,US,US,North American,18.2148,944.2600,24.0890,87.8782,US
16008,US,US,North American,40.7089,574.1710,15.2042,40.9216,US
16009,US,US,North American,1000.3075,4103.5149,18.3913,8.6309,US
16010,US,US,North American,267.0871,1040.4193,8.8140,0.9866,US
16011,US,US,North American,49.9900,763.7820,0.0000,64.8500,US
16012,US,US,North American,199.9600,774.0000,0.0000,0.0000,US
16013,US,US,North American,,,,,US
16014,US,US,North American,151.7493,588.6473,0.1949,0.0536,US
16015,US,US,North American,22.6722,1145.5300,19.5780,111.7388,US
16016,US,US,North American,129.9156,1239.6740,42.7599,66.2633,US
16017,US,US,North American,549.8900,2128.5000,0.0000,0.0000,US
16018,US,US,North American,48.9322,1050.2820,9.6329,93.8873,US
16019,US,US,North American,141.4287,1287.2400,27.4196,70.5797,US
16020,US,US,North American,57.9457,2429.1387,130.0067,186.2017,US
16021,US,US,North American,2.6080,717.5740,0.8449,80.6233,US
16022,US,US,North American,259.2605,1784.6400,43.8384,71.4898,US
16023,US,US,North American,960.9809,4045.0282,120.0461,20.4091,US
16024,US,US,North American,87.4810,1195.6300,13.4432,88.2456,US
16025,US,US,North American,11.6632,148.8400,7.6860,7.9788,US
16026,US,US,North American,399.9200,1548.0000,0.0000,0.0000,US
16027,US,US,North American,73.8742,340.1420,14.1343,9.4017,US
16028,US,US,North American,95.1289,3233.3300,4.3122,327.8992,US
16029,US,US,North American,95.0221,871.0200,25.8038,47.1984,US
16030,US,US,North American,198.0072,3153.4720,34.4032,254.3776,US
16031,US,US,North American,34.3951,1304.9000,41.5562,118.9154,US
16032,US,US,North American,149.9700,580.5000,0.0000,0.0000,US
16033,US,US,North American,118.3445,524.3950,10.9976,5.6167,US
16034,US,US,North American,182.8190,1780.3717,20.0115,121.7103,US
16035,US,US,North American,225.0935,931.7480,28.8643,6.0672,US
16036,US,US,North American,124.0648,1302.9080,23.8591,85.6940,US
16037,US,US,North American,148.6966,1360.5820,61.5059,59.7415,US
16038,US,US,North American,9.9730,573.4320,18.0375,52.5625,US
16039,US,US,North American,7.7787,1251.3820,43.6492,116.5965,US
16040,US,US,North American,36.8582,525.5373,7.9721,38.9121,US
16041,US,US,North American,153.9804,1438.6330,19.3578,93.1991,US
16042,US,US,North American,11.6632,473.7400,8.0190,43.9788,US
16043,US,US,North American,351.2498,2542.3027,25.3986,126.8363,US
16044,US,US,North American,354.2692,2508.0283,18.6459,122.0604,US
16045,US,US,North American,207.0151,871.8120,3.7299,7.9398,US
16046,US,US,North American,33.3716,912.1522,15.2101,83.3868,US
16047,US,US,North American,9.8542,1009.3475,1.4497,108.4414,US
16048,US,US,North American,248.9441,1738.9560,62.1465,55.6927,US
16049,US,US,North American,152.3778,1343.8080,59.8680,57.7864,US
16050,US,US,North American,11.6632,318.5680,7.6860,27.1788,US
16051,US,US,North American,25.1950,1305.6573,0.0000,136.6667,US
16052,US,US,North American,72.5145,2425.3975,41.9195,224.2167,US
16053,US,US,North American,62.1760,257.5200,2.8495,0.9424,US
16054,US,US,North American,29.3832,120.1200,2.8028,0.7700,US
16055,US,US,North American,178.2875,987.8720,18.0485,23.1626,US
16056,US,US,North American,40.0251,393.6750,8.4078,22.4878,US
16057,US,US,North American,34.9896,1494.3196,90.8701,108.1232,US
16058,US,US,North American,69.2399,786.5530,16.7857,52.4830,US
16059,US,US,North American,52.9948,360.4554,15.7921,10.4000,US
16060,US,US,North American,1943.7761,7538.4508,11.7635,3.8666,US
16061,US,US,North American,52.8452,905.6833,68.1745,48.2292,US
16062,US,US,North American,10.4054,406.7880,5.3430,40.0000,US
16063,US,US,North American,24.2096,303.1613,48.4322,2.0388,US
16064,US,US,North American,3.6382,349.4380,14.2640,31.1580,US
16065,US,US,North American,394.9285,2038.5730,71.6274,23.9358,US
16066,US,US,North American,148.9846,1080.4440,18.6630,48.6298,US
16067,US,US,North American,174.1134,1487.9763,29.1235,78.9161,US
16068,US,US,North American,,,,,US
16069,US,US,North American,57.1392,455.7600,7.0520,22.5712,US
16070,US,US,North American,217.2308,1611.4280,40.9776,76.5168,US
16071,US,US,North American,21.4790,198.0074,3.6451,11.1998,US
16072,US,US,North American,291.5076,1214.5190,8.8834,1.3186,US
16073,US,US,North American,15.7140,342.0000,10.6860,28.8000,US
16074,US,US,North American,231.2829,904.3075,2.0553,0.6559,US
16075,US,US,North American,177.7167,4826.9931,58.8572,456.9627,US
16076,US,US,North American,109.9920,443.5400,3.8990,1.2848,US
16077,US,US,North American,107.8990,418.0000,0.1320,0.0000,US
16078,US,US,North American,11.7227,1247.8067,52.2328,108.4898,US
16079,US,US,North American,38.3320,155.4000,0.0000,0.9250,US
16080,US,US,North American,53.8071,208.3750,0.2946,0.1446,US
16081,US,US,North American,143.5205,1220.9134,22.1480,66.4273,US
16082,US,US,North American,3.0518,1220.4170,1.5768,136.2837,US
16083,US,US,North American,12.1527,1265.0095,98.3250,90.5984,US
16084,US,US,North American,254.5906,1419.1406,71.7151,15.2179,US
16085,US,US,North American,243.5544,1548.9200,24.9976,59.1656,US
16086,US,US,North American,,,,,US
16087,US,US,North American,50.2589,194.4704,0.0490,0.0121,US
16088,US,US,North American,814.9981,4916.2503,359.8169,10.7567,US
16089,US,US,North American,360.1782,2512.5380,53.1926,107.6791,US
16090,US,US,North American,22.9194,123.3686,6.1035,5.8501,US
16091,US,US,North American,66.6258,507.2150,17.5881,19.7636,US
16092,US,US,North American,145.6194,654.7647,35.7031,4.2941,US
16093,US,US,North American,2.8913,717.2900,21.2016,66.6792,US
16094,US,US,North American,95.9869,875.2099,45.8014,34.6380,US
16095,US,US,North American,90.3291,1437.0313,33.7173,113.7247,US
16096,US,US,North American,146.4374,1423.7338,36.9873,79.8782,US
16097,US,US,North American,159.6801,2117.7680,37.7281,152.8390,US
16098,US,US,North American,69.7204,812.2792,33.1522,47.2379,US
16099,US,US,North American,30.9453,1201.6756,153.3283,48.8386,US
16100,US,US,North American,32.8322,1378.4900,27.6332,129.0110,US
16101,US,US,North American,119.6620,2561.1420,23.1557,228.0090,US
16102,US,US,North American,41.4957,1094.4964,181.6728,18.2444,US
16103,US,US,North American,26.1027,158.1845,7.1486,3.6301,US
16104,US,US,North American,81.2655,1331.0082,79.0271,82.1579,US
16105,US,US,North American,164.2546,925.8420,14.1634,29.4147,US
16106,US,US,North American,17.9080,1362.4590,8.5901,136.9305,US
16107,US,US,North American,19.8160,1951.4824,58.8934,180.1810,US
16108,US,US,North American,146.8167,1425.5893,71.1034,74.7815,US
16109,US,US,North American,151.6750,907.3283,13.8363,31.8601,US
16110,US,US,North American,2.9417,7393.3025,1616.1616,54.4501,US
16111,US,US,North American,7.2584,74.7000,4.6563,4.1583,US
16112,US,US,North American,28.0200,1999.1600,3.3000,218.3000,US
16113,US,US,North American,18.7606,88.7102,2.4729,0.2287,US
16114,US,US,North American,22.9439,1536.1050,88.0430,121.0247,US
16115,US,US,North American,13.3228,1329.7208,116.4023,86.9208,US
16116,US,US,North American,114.8560,4240.9783,140.4473,363.1498,US
16117,US,US,North American,203.9574,2169.8551,64.0163,121.3646,US
16118,US,US,North American,586.6379,3156.3627,53.1598,77.5389,US
16119,US,US,North American,106.1613,764.5188,33.4381,30.8163,US
16120,US,US,North American,474.9862,2770.7483,64.1210,83.1045,US
16121,US,US,North American,265.5687,1194.2518,28.7602,5.7894,US
16122,US,US,North American,69.2550,377.7759,16.8350,9.4689,US
16123,US,US,North American,75.3372,2236.0718,11.7042,221.6475,US
16124,US,US,North American,340.7665,2529.8778,50.1919,120.8910,US
16125,US,US,North American,385.5659,1640.4329,32.6773,1.4288,US
16126,US,US,North American,20.5692,848.5200,43.5636,67.3812,US
16127,US,US,North American,144.3342,928.6357,65.0009,10.8067,US
16128,US,US,North American,34.4275,383.6348,8.8017,26.6592,US
16129,US,US,North American,25.8553,358.6190,5.1001,28.4918,US
16130,US,US,North American,22.4873,947.1333,28.9407,84.4193,US
16131,US,US,North American,164.8344,3101.2840,67.5080,260.2830,US
16132,US,US,North American,131.9114,1063.3953,43.2579,47.4171,US
16133,US,US,North American,35.2891,725.5155,23.1553,56.2257,US
16134,US,US,North American,105.2270,2170.2198,157.9614,123.7208,US
16135,US,US,North American,36.5080,1675.8000,42.4480,156.4620,US
16136,US,US,North American,92.5833,1321.8176,50.3622,91.0902,US
16137,US,US,North American,37.0960,249.2699,20.3446,4.5515,US
16138,US,US,North American,29.8137,3791.5005,10.8720,414.5296,US
16139,US,US,North American,58.0885,298.6687,13.5513,6.3274,US
16140,US,US,North American,62.1597,777.8545,8.5325,57.4818,US
16141,US,US,North American,230.7502,2921.1625,131.0688,171.3620,US
16142,US,US,North American,0.0000,2083.6603,359.0408,63.5667,US
16143,US,US,North American,112.5887,1294.2173,55.0077,72.2011,US
16144,US,US,North American,28.1723,1193.7734,148.2694,53.0150,US
16145,US,US,North American,617.1498,3255.2442,53.2146,76.5060,US
16146,US,US,North American,434.0769,2280.9900,21.5083,58.4066,US
16147,US,US,North American,9.2282,521.7450,15.0622,44.5328,US
16148,US,US,North American,214.4885,4186.5217,376.5574,199.6271,US
16149,US,US,North American,114.0669,2198.3488,51.1643,177.3428,US
16150,US,US,North American,251.1355,1468.6570,25.2409,45.7721,US
16151,US,US,North American,122.1760,1613.2155,34.3721,122.4680,US
16152,US,US,North American,44.7184,992.5000,52.4734,71.4246,US
16153,US,US,North American,77.1325,2612.9877,39.8618,251.4416,US
16154,US,US,North American,57.3636,394.5480,23.9049,8.7471,US
16155,US,US,North American,21.8031,103.3132,2.5851,1.0557,US
16156,US,US,North American,444.5030,3817.8151,108.6867,182.5222,US
16157,US,US,North American,586.5986,3156.1895,53.1552,77.5387,US
16158,US,US,North American,283.0799,1877.7123,43.6441,72.9998,US
16159,US,US,North American,8.7969,585.0440,7.2998,58.8500,US
16160,US,US,North American,19.4248,716.3165,11.3779,69.3825,US
16161,US,US,North American,86.3348,1552.8333,74.6532,100.2593,US
16162,US,US,North American,0.0000,360.7932,29.9201,26.3556,US
16163,US,US,North American,447.6752,4578.9967,150.6959,253.6858,US
16164,US,US,North American,21.8071,1307.2782,272.2045,7.2106,US
16165,US,US,North American,74.0904,1229.9154,71.8042,76.6018,US
16166,US,US,North American,76.1081,1992.3512,300.7351,48.0895,US
16167,US,US,North American,243.6690,1577.1951,45.3320,65.7853,US
16168,US,US,North American,10.9440,742.7725,22.7630,66.9884,US
16169,US,US,North American,24.7539,339.5890,11.5156,22.8761,US
16170,US,US,North American,6.1866,400.4830,33.5605,25.8447,US
16171,US,US,North American,17.7524,1047.4556,12.5998,106.2413,US
16172,US,US,North American,60.2168,947.6270,106.7375,30.8306,US
16173,US,US,North American,42.3156,453.0261,15.1144,29.0951,US
16174,US,US,North American,13.7631,62.0690,3.2384,0.5397,US
16175,US,US,North American,168.5046,978.2052,31.4729,23.1088,US
16176,US,US,North American,64.0070,520.1897,21.7241,24.2289,US
16177,US,US,North American,1.4336,467.0400,14.1344,44.4528,US
16178,US,US,North American,0.7354,2.8865,0.1195,0.0375,US
16179,US,US,North American,19.0467,775.4027,25.5788,67.1101,US
16180,US,US,North American,10.1704,976.7571,29.4467,90.0905,US
16181,US,US,North American,127.5232,1923.5000,63.2368,134.0472,US
16182,US,US,North American,129.8194,820.4232,37.3609,20.0260,US
16183,US,US,North American,102.8700,2109.4981,245.6320,72.3553,US
16184,US,US,North American,51.3295,725.1650,10.2790,57.3246,US
16185,US,US,North American,1209.5035,9983.0495,330.0468,417.3419,US
16186,US,US,North American,52.2025,797.1408,25.8092,59.6113,US
16187,US,US,North American,97.1580,531.4964,22.6551,12.2207,US
16188,US,US,North American,86.6044,705.5616,30.7846,30.7284,US
16189,US,US,North American,252.3527,1833.9001,52.9451,75.4098,US
16190,US,US,North American,41.3227,862.7836,97.9756,33.5157,US
16191,US,US,North American,65.8139,644.1524,14.2644,38.3924,US
16192,US,US,North American,10.6656,344.7050,3.2235,34.2479,US
16193,US,US,North American,172.2030,3482.9495,129.0586,256.5204,US
16194,US,US,North American,286.9576,3589.6023,282.5318,152.7600,US
16195,US,US,North American,0.0000,403.4676,89.7602,2.2667,US
16196,US,US,North American,185.5199,1387.1307,35.6738,59.4664,US
16197,US,US,North American,54.1818,1108.2644,143.4904,34.7059,US
16198,US,US,North American,1.3987,76.7502,6.5214,4.9665,US
16199,US,US,North American,145.3489,2451.6717,161.0528,136.1390,US
16200,US,US,North American,38.5253,1598.8112,196.6511,69.5053,US
16201,US,US,North American,12.6770,4716.2487,196.2273,450.8544,US
16202,US,US,North American,48.2384,983.1536,187.0448,5.3913,US
16203,US,US,North American,21.6840,1872.5284,187.2934,111.9660,US
16204,US,US,North American,37.5475,790.5550,22.3049,66.9853,US
16205,US,US,North American,114.0159,2405.0432,69.4077,203.1384,US
16206,US,US,North American,27.7668,1073.0729,138.5348,47.6396,US
16207,US,US,North American,194.2913,4341.6764,217.1099,316.2535,US
16208,US,US,North American,,,,,US
16209,US,US,North American,51.0873,2799.1157,370.4078,118.9060,US
16210,US,US,North American,219.1161,2599.5843,200.4205,110.5937,US
16211,US,US,North American,204.3899,1745.1642,128.7363,44.6039,US
16212,US,US,North American,100.7022,1567.1639,157.5514,58.4238,US
16213,US,US,North American,67.5611,1417.2713,193.3475,47.1139,US
16214,US,US,North American,74.0863,3453.1918,346.2729,194.7047,US
16215,US,US,North American,77.6197,988.8706,83.0201,43.7823,US
16216,US,US,North American,215.3005,4821.6155,114.1700,402.1032,US
16217,US,US,North American,196.8673,1806.6159,53.2697,92.7824,US
16218,US,US,North American,52.2827,2187.8010,19.4963,215.9572,US
16219,US,US,North American,4.2675,5530.1858,372.2212,454.6755,US
16220,US,US,North American,347.6912,1931.2379,92.4098,17.0055,US
16221,US,US,North American,25.7005,173.0340,14.5248,2.2995,US
16222,US,US,North American,31.0593,3892.0060,3.9033,437.1073,US
16223,US,US,North American,674.3274,6335.0322,124.3767,362.3650,US
16224,US,US,North American,16.5576,717.8026,88.4763,30.7237,US
16225,US,US,North American,6.7704,32.7320,1.5675,0.6527,US
16226,US,US,North American,70.9860,20308.0970,435.4962,2031.0040,US
16227,US,US,North American,32.7717,4341.9540,30.8081,462.7398,US
16228,US,US,North American,103.0893,3617.8991,397.3343,175.3527,US
16229,US,US,North American,18.8268,9470.2470,2.7789,1090.5285,US
16230,US,US,North American,117.2400,1797.3467,61.1973,130.7420,US
16231,US,US,North American,824.9341,12519.3301,665.0054,725.9831,US
16232,US,US,North American,56.2279,229.9710,0.5791,0.0226,US
16233,US,US,North American,43.3283,186.9469,3.6738,0.4975,US
16234,US,US,North American,4.3179,666.0500,0.1438,68.1130,US
16235,US,US,North American,1.4708,1817.9730,0.2390,205.0750,US
16236,US,US,North American,79.1308,6995.8795,78.0602,719.1926,US
16237,US,US,North American,0.2815,0.8743,0.0142,0.0070,US
16238,US,US,North American,21.8322,12030.7000,266.6644,1206.9264,US
16239,US,US,North American,101.0532,960.0680,21.6847,57.3693,US
16240,US,US,North American,17.3506,584.7016,1.7899,54.6694,US
16241,US,US,North American,141.6873,4355.5450,20.6433,421.7853,US
16242,US,US,North American,2.2404,3643.0870,0.3417,410.3036,US
16243,US,US,North American,15.8697,4102.8478,899.5401,22.8407,US
16244,US,US,North American,16.7972,218.3875,3.3642,15.9717,US
16245,US,US,North American,46.4239,1797.2987,276.7332,51.2021,US
16246,US,US,North American,20.8948,3318.5607,720.9864,18.3834,US
16247,US,US,North American,80.0272,1764.5788,107.6355,109.0095,US
16248,US,US,North American,305.6046,7218.8970,1229.8034,79.3176,US
16249,US,US,North American,340.9665,4418.3560,353.4779,172.3028,US
16250,US,US,North American,155.7501,2611.7238,134.6359,161.2140,US
16251,US,US,North American,35.8790,155.9359,2.6279,1.0690,US
16252,US,US,North American,9.5194,1254.4947,270.6230,6.9150,US
16253,US,US,North American,39.1060,1080.7894,20.7191,100.1680,US
16254,US,US,North American,12.6421,62.4545,1.4444,1.2996,US
16255,US,US,North American,87.8200,3916.9512,123.2492,338.8368,US
16256,US,US,North American,13.3165,690.2342,94.7363,31.0119,US
16257,US,US,North American,956.5986,5273.6669,310.3714,25.0553,US
16258,US,US,North American,51.2704,1678.3340,107.6652,112.5574,US
16259,US,US,North American,109.2443,1608.3759,108.6951,82.7006,US
16260,US,US,North American,142.2127,1275.3208,115.6651,24.7216,US
16261,US,US,North American,73.3698,2706.2784,321.0049,125.7627,US
16262,US,US,North American,144.3949,1221.4036,127.1237,14.3075,US
16263,US,US,North American,25.6912,298.4708,5.1004,20.0240,US
16264,US,US,North American,19.2963,3342.3087,720.6212,18.4109,US
16265,US,US,North American,43.0918,8262.6716,1801.4021,46.3801,US
16266,US,US,North American,255.8168,6371.5984,65.9449,571.8834,US
16267,US,US,North American,18.1697,1951.6508,244.7306,100.9382,US
16268,US,US,North American,156.7740,1009.8576,89.7602,2.2667,US
16269,US,US,North American,315.3118,1649.3372,97.1241,4.5765,US
16270,US,US,North American,150.8261,1418.6268,186.7364,5.8166,US
16271,US,US,North American,98.2915,1735.2226,77.8650,112.7043,US
16272,US,US,North American,449.6726,4054.5336,137.3951,191.0298,US
16273,US,US,North American,72.9831,820.3756,104.4886,10.7453,US
16274,US,US,North American,36.3238,1772.6753,363.7538,9.5367,US
16275,US,US,North American,197.3293,3684.4423,215.3867,229.9262,US
16276,US,US,North American,418.7224,2075.4789,23.3486,38.6026,US
16277,US,US,North American,124.3456,1993.0800,60.5328,146.4012,US
16278,US,US,North American,506.6073,3908.5453,79.4610,197.6676,US
16279,US,US,North American,313.5655,2381.7737,39.3480,124.0303,US
16280,US,US,North American,578.7450,4766.5880,40.7157,274.2643,US
16281,US,US,North American,906.1577,6001.2866,119.6808,252.2828,US
16282,US,US,North American,120.7523,1042.7735,40.0151,48.7950,US
16283,US,US,North American,489.0320,3221.7560,60.3123,128.2117,US
16284,US,US,North American,334.5736,2009.2968,34.1409,67.2037,US
16285,US,US,North American,56.3984,3112.8000,38.4480,313.2056,US
16286,US,US,North American,261.5383,1331.0960,24.0555,24.1825,US
16287,US,US,North American,677.1019,5109.7070,81.8313,249.4551,US
16288,US,US,North American,562.0305,4969.2375,72.0235,288.3805,US
16289,US,US,North American,314.6286,1479.8000,15.5260,23.1564,US
16290,US,US,North American,322.3408,1981.5600,39.9080,71.4932,US
16291,US,US,North American,708.8091,4038.5160,7.1965,145.9027,US
16292,US,US,North American,763.9877,5736.7533,121.1793,280.5497,US
16293,US,US,North American,500.9603,4498.8107,46.8532,271.6109,US
16294,US,US,North American,314.7516,1890.1497,14.8446,71.5565,US
16295,US,US,North American,559.8695,2292.9000,7.4675,9.1570,US
16296,US,US,North American,186.0194,1593.7580,48.4148,78.6160,US
16297,US,US,North American,474.3217,5755.2067,38.8989,428.4632,US
16298,US,US,North American,619.0830,5106.7200,46.3670,297.4520,US
16299,US,US,North American,396.6743,3432.4970,83.0717,187.2301,US
16300,US,US,North American,687.9974,5592.5220,96.8688,286.5363,US
16301,US,US,North American,174.1417,1076.3713,9.4872,43.9456,US
16302,US,US,North American,418.8692,2767.9600,44.5568,115.9828,US
16303,US,US,North American,812.7915,6546.7841,224.0723,288.0323,US
16304,US,US,North American,911.2005,5480.1936,15.6268,216.4953,US
16305,US,US,North American,433.6793,2601.5960,52.7745,81.3775,US
16306,US,US,North American,649.3029,4191.2680,81.6859,208.2513,US
16307,US,US,North American,307.4475,2264.5700,14.6793,113.4921,US
16308,US,US,North American,353.6683,3107.2623,47.6007,179.8815,US
16309,US,US,North American,411.2574,2179.7205,35.6146,66.7917,US
16310,US,US,North American,1084.1802,9962.1133,104.0881,620.4361,US
16311,US,US,North American,265.2131,1698.3288,31.1751,66.2559,US
16312,US,US,North American,516.0617,4591.8537,52.0581,283.0409,US
16313,US,US,North American,471.2822,2136.6260,24.1855,29.3495,US
16314,US,US,North American,328.6345,2281.0493,60.2633,88.6942,US
16315,US,US,North American,587.7864,2646.7270,45.3744,30.3140,US
16316,US,US,North American,611.6708,4997.6133,29.1279,281.4875,US
16317,US,US,North American,663.3300,4747.3634,210.2969,142.4659,US
16318,US,US,North American,165.3849,1764.6120,24.8461,116.8855,US
16319,US,US,North American,508.4866,6827.5900,52.0190,520.3874,US
16320,US,US,North American,228.6469,1522.4110,33.9644,56.3852,US
16321,US,US,North American,477.7769,3121.5260,60.4873,128.9725,US
16322,US,US,North American,325.2057,2606.7753,34.9173,135.1502,US
16323,US,US,North American,608.6186,4289.7394,57.0998,184.3818,US
16324,US,US,North American,477.9847,3127.3460,60.4689,128.9600,US
16325,US,US,North American,464.1513,2791.0960,44.8845,95.9125,US
16326,US,US,North American,375.7590,1962.3720,40.4970,34.9826,US
16327,US,US,North American,67.3655,280.5867,1.5393,1.5080,US
16328,US,US,North American,332.8967,2249.9003,54.7257,85.5276,US
16329,US,US,North American,233.5535,1544.0340,27.6545,62.3575,US
16330,US,US,North American,207.4856,1822.8104,32.5017,104.5822,US
16331,US,US,North American,161.0512,1702.0250,36.3302,110.4994,US
16332,US,US,North American,577.1850,4209.4920,72.0648,203.4780,US
16333,US,US,North American,170.2334,1567.0000,41.7728,87.8462,US
16334,US,US,North American,648.2569,2828.8300,48.8478,39.2671,US
16335,US,US,North American,345.5720,1623.5303,25.8122,23.2874,US
16336,US,US,North American,377.9954,2806.8855,29.3959,138.3415,US
16337,US,US,North American,765.5646,4407.3235,68.8204,137.1024,US
16338,US,US,North American,254.7491,1618.3693,45.8313,55.8088,US
16339,US,US,North American,522.9946,3467.3720,74.2615,134.9436,US
16340,US,US,North American,264.3330,2303.1440,55.3078,124.7138,US
16341,US,US,North American,1190.3969,7892.4747,128.2066,301.8945,US
16342,US,US,North American,121.3020,5569.3000,10.7490,573.8945,US
16343,US,US,North American,335.1463,2687.7069,15.3988,152.1414,US
16344,US,US,North American,485.7508,2530.1340,51.3160,51.2376,US
16345,US,US,North American,435.5398,2690.0300,40.4740,93.4442,US
16346,US,US,North American,512.5963,3484.3386,78.9964,143.8279,US
16347,US,US,North American,472.5596,4080.5037,119.1140,225.2135,US
16348,US,US,North American,512.9954,6633.7700,90.8260,499.9054,US
16349,US,US,North American,572.2184,2817.0360,28.9125,56.2399,US
16350,US,US,North American,431.8256,3438.8294,28.9358,189.8958,US
16351,US,US,North American,338.8785,2933.5020,36.0513,171.0921,US
16352,US,US,North American,442.5122,2698.3805,48.4876,91.2002,US
16353,US,US,North American,440.7422,2237.9727,35.5538,49.7815,US
16354,US,US,North American,212.5383,1380.0140,11.5386,56.6648,US
16355,US,US,North American,35.4180,894.3795,8.8697,86.2614,US
16356,US,US,North American,426.9384,3015.2267,77.3891,132.3805,US
16357,US,US,North American,180.8929,1654.0230,38.6056,93.1904,US
16358,US,US,North American,433.9654,5210.1350,69.5670,375.0163,US
16359,US,US,North American,262.9231,1636.3610,29.3401,57.6787,US
16360,US,US,North American,79.7806,1431.5029,23.1914,121.6468,US
16361,US,US,North American,203.3302,1073.1330,12.8581,31.1986,US
16362,US,US,North American,55.1040,1981.7167,31.0133,188.5520,US
16363,US,US,North American,454.1674,2176.8698,29.9992,39.3925,US
16364,US,US,North American,195.2230,3100.0750,67.8640,243.5610,US
16365,US,US,North American,310.2489,1342.0752,12.8148,9.9254,US
16366,US,US,North American,171.2064,1721.8400,93.1984,72.9108,US
16367,US,US,North American,47.1420,1026.0000,32.0580,86.4000,US
16368,US,US,North American,153.8665,1540.7100,45.7466,89.1910,US
16369,US,US,North American,378.6640,2130.1000,41.6660,66.2050,US
16370,US,US,North American,285.3272,5314.8400,52.7580,470.7948,US
16371,US,US,North American,86.4483,432.7910,8.0086,7.5480,US
16372,US,US,North American,104.0818,439.6607,5.2093,2.2868,US
16373,US,US,North American,679.7552,4990.2540,68.3673,235.2462,US
16374,US,US,North American,13.4881,626.6000,26.2552,52.1332,US
16375,US,US,North American,74.2678,775.3355,30.4095,42.8321,US
16376,US,US,North American,250.2128,2084.3600,93.5440,79.4652,US
16377,US,US,North American,32.9280,689.8200,21.4620,57.6120,US
16378,US,US,North American,104.4736,4265.8279,453.0994,216.4954,US
16379,US,US,North American,57.3373,1357.5437,26.2776,123.9450,US
16380,US,US,North American,539.9371,2291.1093,19.5112,12.1787,US
16381,US,US,North American,146.2275,1369.7960,43.2395,72.7321,US
16382,US,US,North American,280.1246,1741.7160,29.7080,66.0038,US
16383,US,US,North American,15.2968,1112.7800,14.0830,112.3190,US
16384,US,US,North American,1366.7747,7914.8749,235.5792,203.7631,US
16385,US,US,North American,32.6793,839.0960,33.9345,67.1125,US
16386,US,US,North American,328.4765,3050.2400,68.7298,173.0058,US
16387,US,US,North American,74.5505,846.6499,26.3056,56.6644,US
16388,US,US,North American,126.6533,1714.1928,132.6727,75.8145,US
16389,US,US,North American,28.4830,505.5240,3.4080,43.2960,US
16390,US,US,North American,584.6181,2946.7600,52.9743,53.3682,US
16391,US,US,North American,32.0489,1153.7513,125.3196,60.3690,US
16392,US,US,North American,818.8334,8187.0629,35.0928,551.1372,US
16393,US,US,North American,84.8925,1743.4900,210.3638,63.7518,US
16394,US,US,North American,343.0653,3277.8910,13.0478,217.8914,US
16395,US,US,North American,720.4292,4470.2278,28.4135,186.5550,US
16396,US,US,North American,462.9122,3673.8910,5.0041,211.3882,US
16397,US,US,North American,335.2647,2402.7300,56.5020,107.8356,US
16398,US,US,North American,218.1661,3668.3129,403.0818,141.8616,US
16399,US,US,North American,140.4557,1181.9720,27.7175,62.4520,US
16400,US,US,North American,81.8376,1295.9860,23.4880,105.2010,US
16401,US,US,North American,22.1554,163.6300,5.7725,5.9961,US
16402,US,US,North American,321.3860,3595.1480,42.6932,240.5479,US
16403,US,US,North American,323.8751,2751.6342,8.2446,167.1330,US
16404,US,US,North American,129.7276,3138.8629,112.4910,241.3114,US
16405,US,US,North American,399.9200,1548.0000,0.0000,0.0000,US
16406,US,US,North American,13.8073,1448.6967,32.6391,139.3677,US
16407,US,US,North American,186.4820,1185.0035,35.6526,33.6486,US
16408,US,US,North American,5.9064,7608.3225,6.2800,876.7550,US
16409,US,US,North American,449.9984,2793.6800,90.9840,73.3956,US
16410,US,US,North American,270.4663,2151.9150,9.1969,121.1806,US
16411,US,US,North American,218.5057,1132.0867,16.8428,24.6172,US
16412,US,US,North American,353.9259,3284.3482,5.0633,219.0592,US
16413,US,US,North American,283.6726,1407.4963,30.5399,32.1703,US
16414,US,US,North American,8.8425,147.6600,12.2055,7.6200,US
16415,US,US,North American,10.2136,564.4472,2.9713,57.6851,US
16416,US,US,North American,505.8210,3638.4000,61.4440,169.2150,US
16417,US,US,North American,254.0045,1339.4659,31.7330,18.9897,US
16418,US,US,North American,262.0041,3949.4261,151.2479,271.3504,US
16419,US,US,North American,506.3335,3891.8510,76.9696,196.3209,US
16420,US,US,North American,60.7627,1387.6536,196.5361,38.0873,US
16421,US,US,North American,65.2156,1042.9840,21.3720,84.8880,US
16422,US,US,North American,,,,,US
16423,US,US,North American,50.0091,2392.0812,108.6255,198.3810,US
16424,US,US,North American,32.6006,1293.1438,32.7636,120.0466,US
16425,US,US,North American,690.8326,6388.9620,91.7472,389.6655,US
16426,US,US,North American,368.8770,1596.0000,10.6230,17.8800,US
16427,US,US,North American,410.3791,1791.5795,7.1178,15.4683,US
16428,US,US,North American,44.8746,1471.8327,276.8393,11.9987,US
16429,US,US,North American,290.8021,2688.4767,77.7741,153.1053,US
16430,US,US,North American,2.0304,1622.0640,2.0304,181.6080,US
16431,US,US,North American,215.4876,1808.4687,39.1304,93.1700,US
16432,US,US,North American,51.0664,192.5637,0.0000,0.0000,US
16433,US,US,North American,232.6393,1613.0960,33.9345,67.1125,US
16434,US,US,North American,17.8607,204.4904,2.5314,15.0932,US
16435,US,US,North American,87.0140,943.9340,31.9713,56.4704,US
16436,US,US,North American,77.7564,646.9969,33.7407,22.3182,US
16437,US,US,North American,0.0000,2248.4676,89.7602,207.2667,US
16438,US,US,North American,530.9129,3183.5247,36.2450,119.4860,US
16439,US,US,North American,636.0948,2779.6200,24.4908,23.9904,US
16440,US,US,North American,39.0404,988.7475,98.4555,49.0643,US
16441,US,US,North American,1.1166,6.5000,0.2858,0.2802,US
16442,US,US,North American,665.1831,3429.1000,29.2037,77.1015,US
16443,US,US,North American,61.8097,7557.1652,422.9741,619.7357,US
16444,US,US,North American,481.4780,4586.7400,107.0228,259.8688,US
16445,US,US,North American,55.2314,3729.1713,179.1890,321.1777,US
16446,US,US,North American,18.6341,1646.8144,85.1259,134.0983,US
16447,US,US,North American,565.4236,4181.2787,22.9351,221.2787,US
16448,US,US,North American,466.6563,3884.2610,32.5756,226.7127,US
16449,US,US,North American,224.9224,1103.6600,15.3720,15.9576,US
16450,US,US,North American,79.1213,1571.5702,136.5631,80.0035,US
16451,US,US,North American,53.3304,701.9082,55.0407,29.6715,US
16452,US,US,North American,102.6437,879.1298,49.3601,36.2927,US
16453,US,US,North American,202.2680,2751.9163,235.1552,107.4153,US
16454,US,US,North American,156.4331,1623.8095,8.5306,114.3502,US
16455,US,US,North American,2.2019,2031.8594,450.1847,11.4987,US
16456,US,US,North American,552.0184,4240.8107,25.0943,234.1998,US
16457,US,US,North American,38.8423,3451.7530,245.0778,252.8800,US
16458,US,US,North American,49.0950,3275.2440,168.6049,277.7608,US
16459,US,US,North American,256.6064,2675.7173,119.7755,143.5471,US
16460,US,US,North American,76.3576,1894.0880,15.0612,176.7222,US
16461,US,US,North American,41.7131,1553.5756,184.4200,67.3718,US
16462,US,US,North American,20.7080,750.9882,36.9498,59.3254,US
16463,US,US,North American,48.0686,227.0450,16.2114,1.4408,US
16464,US,US,North American,262.2308,3644.1720,56.8586,266.3283,US
16465,US,US,North American,490.9951,2964.7629,40.9212,108.8642,US
16466,US,US,North American,552.8154,5305.3547,25.0981,343.2036,US
16467,US,US,North American,36.8601,277.9132,23.1849,2.8454,US
16468,US,US,North American,441.9233,3102.7760,56.9905,127.8965,US
16469,US,US,North American,441.1648,3022.2040,50.7086,123.1396,US
16470,US,US,North American,0.0180,2017.4155,448.8043,11.3341,US
16471,US,US,North American,28.1424,238.6800,3.6415,12.4785,US
16472,US,US,North American,75.1420,294.3937,0.7593,0.5454,US
16473,US,US,North American,555.9157,3884.2572,336.4241,39.0565,US
16474,US,US,North American,233.2044,2597.7103,363.7312,12.6703,US
16475,US,US,North American,51.2710,6061.4900,22.4800,670.1080,US
16476,US,US,North American,19.0513,4598.9642,400.7326,318.4194,US
16477,US,US,North American,38.9205,174.3825,4.4264,3.1173,US
16478,US,US,North American,441.9233,3102.7760,56.9905,127.8965,US
16479,US,US,North American,245.9312,1469.8344,75.6765,28.5219,US
16480,US,US,North American,43.9967,897.7921,109.2261,32.7958,US
16481,US,US,North American,415.2082,3464.2373,175.8638,121.2998,US
16482,US,US,North American,0.0000,7637.7600,0.0000,864.0000,US
16483,US,US,North American,67.6222,312.6477,0.8235,0.6657,US
16484,US,US,North American,140.7948,1396.8227,45.3385,77.1867,US
16485,US,US,North American,2.3321,428.7075,0.8510,46.5638,US
16486,US,US,North American,47.2464,1823.9718,305.7186,42.7317,US
16487,US,US,North American,,,,,US
16488,US,US,North American,746.6195,4327.1342,321.6907,15.4462,US
16489,US,US,North American,28.9416,8488.0144,1161.2484,384.9221,US
16490,US,US,North American,10.5998,76.2630,4.2566,2.4562,US
16491,US,US,North American,335.7368,1978.1230,34.9770,63.2685,US
16492,US,US,North American,593.4944,3721.7440,153.3790,83.7494,US
16493,US,US,North American,,,,,US
16494,US,US,North American,1074.3278,5428.5223,72.9683,130.5866,US
16495,US,US,North American,276.2941,2432.5410,49.5008,140.7000,US
16496,US,US,North American,86.8397,740.9900,33.2116,37.9084,US
16497,US,US,North American,225.2167,2200.3625,68.0403,124.2888,US
16498,US,US,North American,48.5207,1132.5688,98.2693,60.7641,US
16499,US,US,North American,49.6027,661.1030,42.9281,33.8599,US
16500,US,US,North American,61.5930,266.8940,10.1081,1.7250,US
16501,US,US,North American,127.1172,1261.2042,118.3938,32.1591,US
16502,US,US,North American,396.5702,3071.1580,294.4292,35.9678,US
16503,US,US,North American,250.5353,1631.8609,95.8846,31.6772,US
16504,US,US,North American,265.5555,1506.1870,79.4136,19.3409,US
16505,US,US,North American,185.4741,1252.4368,33.9428,47.0151,US
16506,US,US,North American,616.5582,3271.2814,91.9477,63.5259,US
16507,US,US,North American,16.9353,202.5277,18.0813,7.7408,US
16508,US,US,North American,619.2257,2407.0800,2.1812,1.0703,US
16509,US,US,North American,3.0016,1244.5648,135.2060,76.1606,US
16510,US,US,North American,59.7325,818.1070,40.7434,45.8542,US
16511,US,US,North American,192.0795,1927.0360,39.7338,121.1858,US
16512,US,US,North American,10.4712,222.5053,11.4426,16.5014,US
16513,US,US,North American,5.1500,5240.0370,407.1227,387.4668,US
16514,US,US,North American,76.9364,3113.8805,567.7395,47.0059,US
16515,US,US,North American,131.1192,4057.1697,402.2074,214.4053,US
16516,US,US,North American,11.5615,460.1700,21.6304,36.7677,US
16517,US,US,North American,29.3940,7223.1231,534.1116,538.1903,US
16518,US,US,North American,147.1898,8144.4293,429.5815,641.3993,US
16519,US,US,North American,78.8584,822.3281,112.0956,7.7043,US
16520,US,US,North American,26.7294,4145.9684,448.8717,238.3071,US
16521,US,US,North American,9.3716,1082.9490,82.9107,77.7294,US
16522,US,US,North American,23.3264,2393.2792,150.9963,184.3313,US
16523,US,US,North American,248.8495,2207.3885,109.3496,91.8869,US
16524,US,US,North American,28.9253,4714.5348,451.7301,297.9328,US
16525,US,US,North American,163.4604,6375.2847,380.4686,458.1664,US
16526,US,US,North American,318.7157,3651.2848,232.3314,161.6637,US
16527,US,US,North American,685.1085,4123.8527,332.3436,11.1605,US
16528,US,US,North American,337.0485,10946.5630,338.4570,922.0930,US
16529,US,US,North American,98.3776,442.0830,10.7213,8.3217,US
16530,US,US,North American,44.6831,1816.6332,211.7024,82.9008,US
16531,US,US,North American,185.6936,1773.1003,33.4244,106.2104,US
16532,US,US,North American,66.9220,1231.9365,76.1719,78.4703,US
16533,US,US,North American,118.1730,1268.9352,180.8624,4.6433,US
16534,US,US,North American,23.5397,1299.2592,163.0979,62.2282,US
16535,US,US,North American,436.4764,2645.0769,140.1820,44.8352,US
16536,US,US,North American,24.2419,1321.2407,49.6697,113.6853,US
16537,US,US,North American,17.3188,3762.4200,113.8942,355.9554,US
16538,US,US,North American,404.4663,2190.7897,93.1051,30.5704,US
16539,US,US,North American,12.2374,1178.2614,169.0145,47.6444,US
16540,US,US,North American,12.1309,48.4395,0.3585,0.1125,US
16541,US,US,North American,4.8693,6668.9838,164.1825,677.0923,US
16542,US,US,North American,1022.5492,5549.3600,172.6005,88.0915,US
16543,US,US,North American,326.5874,2021.7641,69.8151,55.3641,US
16544,US,US,North American,259.9262,2001.3210,44.1050,97.1416,US
16545,US,US,North American,473.3186,2329.6200,23.4306,50.9521,US
16546,US,US,North American,429.1261,4069.5349,331.3961,121.4917,US
16547,US,US,North American,100.6036,1106.7384,34.5225,65.1383,US
16548,US,US,North American,171.7353,9109.1142,191.9738,880.2357,US
16549,US,US,North American,21.2744,89.9550,4.4978,0.4498,US
16550,US,US,North American,49.6516,661.7535,25.5593,41.5364,US
16551,US,US,North American,84.5405,1286.4970,99.9191,58.5974,US
16552,US,US,North American,472.5848,3275.7120,67.8640,134.2200,US
16553,US,US,North American,142.3287,2572.4960,165.9775,150.3569,US
16554,US,US,North American,3.3494,248.0200,14.3208,19.8284,US
16555,US,US,North American,37.8522,303.3240,8.2086,14.5080,US
16556,US,US,North American,118.7981,2585.5259,80.7863,217.7285,US
16557,US,US,North American,54.4969,325.7034,0.2968,12.0508,US
16558,US,US,North American,61.4349,775.4535,63.6970,31.0617,US
16559,US,US,North American,411.6232,5961.5000,92.0135,520.7918,US
16560,US,US,North American,0.4903,2.8350,0.3003,0.0441,US
16561,US,US,North American,6.7200,1027.3976,108.3757,60.5267,US
16562,US,US,North American,24.1674,353.0150,11.5192,24.2035,US
16563,US,US,North American,22.9375,7826.2214,560.9352,596.9523,US
16564,US,US,North American,23.2089,271.1027,15.8664,12.8908,US
16565,US,US,North American,151.7997,1448.9875,171.0850,5.5928,US
16566,US,US,North American,11.7855,1063.4352,187.5349,26.1333,US
16567,US,US,North American,248.6559,1277.3613,68.0457,3.8036,US
16568,US,US,North American,151.6539,2537.3050,60.9231,199.1430,US
16569,US,US,North American,63.2309,281.2276,16.6015,1.9958,US
16570,US,US,North American,131.8206,2725.8691,72.5314,212.4418,US
16571,US,US,North American,29.1044,5911.4295,598.4808,364.9589,US
16572,US,US,North American,209.1915,1696.2627,61.0608,70.3930,US
16573,US,US,North American,217.2025,1461.4550,17.4252,64.3327,US
16574,US,US,North American,91.6860,820.1676,21.6392,42.9454,US
16575,US,US,North American,664.3170,3347.2062,9.6135,100.5491,US
16576,US,US,North American,127.1178,8455.2402,181.2740,802.6441,US
16577,US,US,North American,53.8123,1080.9617,117.4830,42.6146,US
16578,US,US,North American,131.4080,2052.0000,21.3720,166.6000,US
16579,US,US,North American,104.8399,1441.7993,103.1817,65.5618,US
16580,US,US,North American,43.5584,166.0000,1.7928,0.3984,US
16581,US,US,North American,485.2736,2242.8637,57.1959,5.6474,US
16582,US,US,North American,34.1151,3679.4446,385.7178,215.8311,US
16583,US,US,North American,21.9546,112.8100,6.0483,1.8509,US
16584,US,US,North American,232.5112,3848.1273,261.4052,202.8801,US
16585,US,US,North American,572.2185,3989.4463,27.0597,184.3677,US
16586,US,US,North American,817.2652,3237.7841,26.6389,3.4932,US
16587,US,US,North American,640.0401,3835.7422,50.2904,128.5808,US
16588,US,US,North American,37.9496,159.1800,3.6458,1.5328,US
16589,US,US,North American,227.5017,2825.1081,219.7242,123.9685,US
16590,US,US,North American,56.3172,3138.0600,45.7751,304.3651,US
16591,US,US,North American,485.1777,2497.5200,48.8268,49.8337,US
16592,US,US,North American,335.8094,2639.0749,48.5178,130.4850,US
16593,US,US,North American,86.5630,1203.0815,82.4240,58.7105,US
16594,US,US,North American,32.7171,2467.0366,285.4896,126.1991,US
16595,US,US,North American,354.2443,2655.8967,75.6979,99.9005,US
16596,US,US,North American,751.6491,5148.9033,30.3630,259.2190,US
16597,US,US,North American,642.3181,4897.4367,59.6985,255.7619,US
16598,US,US,North American,48.5533,1836.9201,109.6456,138.6643,US
16599,US,US,North American,149.5913,5214.5413,431.9017,308.5504,US
16600,US,US,North American,367.3482,3865.5005,26.4322,268.3059,US
16601,US,US,North American,84.4757,483.6165,30.3416,1.4865,US
16602,US,US,North American,0.8961,4.6400,0.4606,0.0351,US
16603,US,US,North American,244.4080,4354.5192,390.1145,196.8774,US
16604,US,US,North American,76.7499,4084.1942,213.3382,318.7470,US
16605,US,US,North American,13.6341,656.3030,12.4797,63.4254,US
16606,US,US,North American,281.8103,3526.0360,49.1105,265.6084,US
16607,US,US,North American,0.7615,68.1333,11.3865,1.9578,US
16608,US,US,North American,12.4821,58.1862,1.1926,0.5546,US
16609,US,US,North American,283.8036,1611.9960,20.7449,45.9879,US
16610,US,US,North American,228.7853,1809.8444,170.4054,29.7055,US
16611,US,US,North American,69.1826,835.8675,17.7808,55.1949,US
16612,US,US,North American,551.4343,4316.3507,31.4244,239.6706,US
16613,US,US,North American,140.2675,798.1882,18.6775,21.4090,US
16614,US,US,North American,292.7301,1140.8200,2.5052,0.7923,US
16615,US,US,North American,148.1975,573.8921,1.4693,0.3673,US
16616,US,US,North American,243.2429,2827.8590,33.7446,204.3938,US
16617,US,US,North American,260.7600,1238.1987,20.3166,14.9051,US
16618,US,US,North American,194.7074,2904.0145,243.9827,132.7410,US
16619,US,US,North American,104.8658,418.0221,4.6117,0.9326,US
16620,US,US,North American,724.7525,3528.0725,108.7041,21.7335,US
16621,US,US,North American,113.0900,1449.9000,11.0960,114.4520,US
16622,US,US,North American,99.7834,801.2950,15.7399,41.8050,US
16623,US,US,North American,82.6882,1510.4631,28.1995,125.8877,US
16624,US,US,North American,582.1071,4124.2216,168.2567,134.3726,US
16625,US,US,North American,146.9201,2668.1207,193.4492,145.8880,US
16626,US,US,North American,1072.9592,8261.8262,160.8855,420.2715,US
16627,US,US,North American,217.8124,1646.5960,43.9983,72.2830,US
16628,US,US,North American,201.9560,1223.0800,6.2800,43.1550,US
16629,US,US,North American,110.9853,691.9715,6.1612,27.7434,US
16630,US,US,North American,196.6065,2324.3560,53.0641,160.1535,US
16631,US,US,North American,274.9817,11061.3090,242.1687,1004.4887,US
16632,US,US,North American,33.0213,1777.8572,181.8159,97.4933,US
16633,US,US,North American,300.4283,3231.5085,139.4057,161.1826,US
16634,US,US,North American,98.0844,394.8100,6.5261,2.5665,US
16635,US,US,North American,58.5165,1198.6540,30.9019,99.5815,US
16636,US,US,North American,63.4778,1191.0316,149.8633,41.7347,US
16637,US,US,North American,37.0793,2858.3400,210.2034,206.1258,US
16638,US,US,North American,144.0931,1901.9360,42.2620,132.0128,US
16639,US,US,North American,409.1479,2659.1440,67.0139,86.1700,US
16640,US,US,North American,609.4193,3685.6681,175.4316,51.5814,US
16641,US,US,North American,358.0364,3642.1707,15.9073,248.0538,US
16642,US,US,North American,0.0000,6052.0137,568.2546,400.9742,US
16643,US,US,North American,107.1055,2370.2900,116.5238,170.6054,US
16644,US,US,North American,84.6455,504.4790,9.1075,15.9309,US
16645,US,US,North American,145.8522,730.8967,9.0303,15.7302,US
16646,US,US,North American,148.3309,2845.8653,170.9563,178.7433,US
16647,US,US,North American,93.9402,6618.3054,764.7265,338.0402,US
16648,US,US,North American,201.9555,1411.8281,25.8381,66.2999,US
16649,US,US,North American,450.7468,1894.7150,12.1214,15.8906,US
16650,US,US,North American,6.1663,714.1931,96.1059,32.3563,US
16651,US,US,North American,,,,,US
16652,US,US,North American,537.2062,5994.1252,90.8018,410.1969,US
16653,US,US,North American,174.3008,12702.7033,578.3694,1077.5665,US
16654,US,US,North American,44.7055,8365.0428,241.0586,805.9375,US
16655,US,US,North American,0.6664,1610.9002,183.2014,97.5149,US
16656,US,US,North American,100.3538,1874.5547,43.4592,154.1163,US
16657,US,US,North American,32.4558,123.6882,1.3358,0.2969,US
16658,US,US,North American,150.7821,584.5427,5.3298,1.4513,US
16659,US,US,North American,56.5988,2891.8144,9.7892,304.2244,US
16660,US,US,North American,269.5403,2463.1242,2.7267,160.9999,US
16661,US,US,North American,,,,,US
16662,US,US,North American,8.2308,453.1270,1.0244,46.5536,US
16663,US,US,North American,9.9734,1335.2942,67.5922,113.7147,US
16664,US,US,North American,57.2268,224.5700,2.9617,0.9705,US
16665,US,US,North American,39.3534,1231.1762,2.8638,120.4697,US
16666,US,US,North American,466.7166,1831.1307,2.3129,3.5158,US
16667,US,US,North American,39.1685,160.9438,3.5205,1.1216,US
16668,US,US,North American,215.5069,2132.9627,134.9803,81.6933,US
16669,US,US,North American,9.3800,627.2234,97.5874,20.8651,US
16670,US,US,North American,111.0474,567.1214,5.5463,14.2504,US
16671,US,US,North American,106.7616,1302.0000,55.5732,75.6396,US
16672,US,US,North American,3.3750,2620.8700,94.8750,248.3750,US
16673,US,US,North American,212.0535,850.6207,2.2403,0.6478,US
16674,US,US,North American,0.0000,1210.4027,269.2806,6.8000,US
16675,US,US,North American,179.8381,1140.2190,20.6600,43.1550,US
16676,US,US,North American,34.3090,2694.6094,303.4903,142.0527,US
16677,US,US,North American,86.3973,440.8027,3.4807,11.5111,US
16678,US,US,North American,231.4977,1172.6200,25.5644,16.2599,US
16679,US,US,North American,208.9255,4022.2096,659.8348,41.2993,US
16681,US,US,North American,108.7210,447.5500,1.6815,2.2380,US
16682,US,US,North American,653.0876,3357.6307,32.0913,70.4006,US
16683,US,US,North American,67.4420,752.3607,3.3808,55.1161,US
16684,US,US,North American,699.3953,4710.2227,73.8033,175.7669,US
16685,US,US,North American,129.6495,1255.2262,8.2676,85.7864,US
16686,US,US,North American,46.4816,437.5636,19.0034,20.8665,US
16687,US,US,North American,14.5881,430.3600,37.8827,25.0353,US
16688,US,US,North American,57.9639,644.3681,2.7334,46.7973,US
16689,US,US,North American,55.1662,378.8282,13.1418,12.9776,US
16690,US,US,North American,82.0676,610.6843,8.2056,32.6098,US
16691,US,US,North American,48.3335,457.7550,13.5178,27.1955,US
16692,US,US,North American,321.1916,2361.2895,13.4436,119.1822,US
16693,US,US,North American,146.1647,1067.3200,20.4778,55.4936,US
16694,US,US,North American,32.4558,240.9202,1.3358,13.8969,US
16695,US,US,North American,9.9050,683.6795,114.6340,18.4958,US
16696,US,US,North American,294.9020,2606.2662,21.2043,158.7359,US
16697,US,US,North American,23.2346,628.7030,36.1352,42.2677,US
16698,US,US,North American,143.4886,1225.9099,40.6119,56.3909,US
16699,US,US,North American,,,,,US
16700,US,US,North American,279.9345,24917.5315,527.8180,2410.4734,US
16701,US,US,North American,208.7029,834.7875,14.9992,3.3334,US
16702,US,US,North American,394.9196,6167.4254,375.3124,344.4740,US
16703,US,US,North American,143.4974,11214.2874,259.5490,1071.6677,US
16704,US,US,North American,47.4619,974.9399,98.7916,44.3485,US
16705,US,US,North American,105.8704,850.6225,9.8707,51.6591,US
16706,US,US,North American,22.6974,1406.4257,204.9656,53.3698,US
16707,US,US,North American,486.8971,3554.4290,41.2895,178.3375,US
16708,US,US,North American,9.9425,179.7550,5.8860,14.4906,US
16709,US,US,North American,160.4348,3292.4845,174.6139,214.9260,US
16710,US,US,North American,455.9730,3303.1542,48.4569,157.6511,US
16711,US,US,North American,487.1050,3180.3720,32.0942,141.8667,US
16712,US,US,North American,0.0000,1210.4027,113.6509,80.1948,US
16713,US,US,North American,3062.2458,13019.8320,33.6159,122.6970,US
16714,US,US,North American,511.6592,4965.0007,32.2842,324.2163,US
16715,US,US,North American,148.2146,666.0121,21.5891,0.8382,US
16716,US,US,North American,45.6899,206.4250,8.5988,1.8028,US
16717,US,US,North American,10.2674,57.1699,4.5706,0.6292,US
16718,US,US,North American,528.1654,2621.9747,80.5759,15.1373,US
16719,US,US,North American,118.6682,554.5149,7.5615,9.6957,US
16720,US,US,North American,27.8425,414.9430,3.9380,29.9456,US
16721,US,US,North American,152.4630,684.0000,1.0305,10.7280,US
16722,US,US,North American,218.5624,1895.5849,214.4055,25.2356,US
16723,US,US,North American,101.4941,2133.9733,63.0126,172.1537,US
16724,US,US,North American,0.0000,3631.2082,340.9528,240.5845,US
16725,US,US,North American,238.0860,2876.6055,211.1723,120.1802,US
16726,US,US,North American,0.0000,2116.9703,359.2398,66.0502,US
16727,US,US,North American,51.1049,1224.5723,42.1552,96.4636,US
16728,US,US,North American,135.6390,642.1000,2.3550,13.5940,US
16729,US,US,North American,34.0686,563.8482,31.5310,35.0057,US
16730,US,US,North American,62.0895,1135.8952,206.8336,8.0663,US
16731,US,US,North American,207.4701,2230.3382,101.3316,118.3668,US
16732,US,US,North American,15.4500,868.8076,116.5302,34.9367,US
16733,US,US,North American,243.5271,3978.9284,70.4377,325.0801,US
16734,US,US,North American,57.1822,1698.2200,37.8828,150.4438,US
16735,US,US,North American,558.0002,5769.3320,88.6438,386.1176,US
16736,US,US,North American,297.1000,1798.3000,28.5640,62.6910,US
16737,US,US,North American,5.5358,235.5305,19.7157,14.5222,US
16738,US,US,North American,383.7089,8389.3522,180.8711,694.3208,US
16739,US,US,North American,751.1276,7178.3345,367.6776,287.2257,US
16740,US,US,North American,252.1032,1614.3767,41.8125,52.0538,US
16741,US,US,North American,22.4262,458.3100,2.7861,40.4811,US
16742,US,US,North American,70.0581,545.6000,25.1728,18.2716,US
16743,US,US,North American,141.5639,1491.2240,101.6534,59.2955,US
16744,US,US,North American,38.1902,1991.8482,57.8734,178.1081,US
16745,US,US,North American,6.5155,37.5477,2.1738,0.0229,US
16746,US,US,North American,410.3175,2422.3110,59.6231,59.4956,US
16747,US,US,North American,38.1840,381.8400,7.0520,22.3600,US
16748,US,US,North American,321.3160,1390.0000,15.2850,17.3700,US
16749,US,US,North American,14.0626,1050.5046,51.2903,86.0871,US
16750,US,US,North American,138.5620,2467.5150,0.4932,224.1663,US
16751,US,US,North American,72.9544,4985.3388,571.4586,252.3031,US
16752,US,US,North American,45.2453,916.1497,113.2177,29.0564,US
16753,US,US,North American,65.7807,338.6356,11.7664,3.2957,US
16754,US,US,North American,165.6503,708.2437,14.7460,2.4078,US
16755,US,US,North American,336.3111,2103.9375,71.9696,59.0303,US
16756,US,US,North American,465.3705,2108.2500,40.4625,3.8610,US
16757,US,US,North American,54.2785,2086.8276,174.8657,133.1016,US
16758,US,US,North American,625.5038,2503.9946,21.2400,12.5609,US
16759,US,US,North American,,,,,US
16760,US,US,North American,329.4845,1425.2500,15.6030,17.5200,US
16761,US,US,North American,0.0000,2340.5394,283.7224,125.8720,US
16762,US,US,North American,0.3858,1993.2171,159.1598,145.8886,US
16763,US,US,North American,6.1137,433.1336,91.5587,2.5154,US
16764,US,US,North American,110.1234,3609.3813,261.8217,230.8183,US
16765,US,US,North American,48.5040,204.6987,1.3506,0.4511,US
16766,US,US,North American,479.2762,3546.3847,304.5260,52.1381,US
16767,US,US,North American,216.4800,825.0000,8.9100,1.9800,US
16768,US,US,North American,33.1909,569.2651,98.1862,3.1387,US
16769,US,US,North American,385.5221,3089.0113,43.5128,165.7505,US
16770,US,US,North American,66.0162,2700.9301,26.4101,266.6838,US
16771,US,US,North American,264.5638,2367.0615,35.2678,140.0736,US
16772,US,US,North American,153.4498,1552.7744,28.4157,100.3430,US
16773,US,US,North American,549.4824,6400.3602,27.7498,478.8439,US
16774,US,US,North American,30.9144,331.5090,18.2635,18.0099,US
16775,US,US,North American,53.4485,1840.6080,29.7013,172.7192,US
16776,US,US,North American,53.6765,1215.9290,106.8268,61.4312,US
16777,US,US,North American,0.3656,164.0812,0.2177,18.0208,US
16778,US,US,North American,112.9705,7517.6795,133.7686,722.1743,US
16779,US,US,North American,347.4218,4033.3920,48.0928,291.7467,US
16780,US,US,North American,478.8263,4662.4860,48.4023,305.5240,US
16781,US,US,North American,1475.0908,10849.5848,567.2351,280.7340,US
16782,US,US,North American,359.9360,1704.9600,13.0240,23.6800,US
16783,US,US,North American,121.0478,548.1054,18.2403,5.8112,US
16784,US,US,North American,101.1319,607.5700,5.9744,24.2507,US
16785,US,US,North American,36.5944,1350.3540,55.2948,114.6000,US
16786,US,US,North American,55.1991,2092.4210,363.8441,36.8477,US
16787,US,US,North American,90.4179,2433.5183,186.1442,143.3252,US
16788,US,US,North American,58.2823,228.5112,0.8804,0.0808,US
16789,US,US,North American,26.9790,649.0465,10.7163,58.1850,US
16790,US,US,North American,221.2299,885.4680,9.2568,3.5528,US
16791,US,US,North American,78.9899,1430.7111,126.4511,72.7538,US
16792,US,US,North American,5.0841,662.9535,1.1018,73.3242,US
16793,US,US,North American,85.3213,1168.0501,168.7733,22.1103,US
16794,US,US,North American,337.7444,2908.5230,35.0737,173.9819,US
16795,US,US,North American,40.7471,2826.6546,230.1348,190.6037,US
16796,US,US,North American,24.5347,800.0275,2.9040,78.9940,US
16797,US,US,North American,110.0408,897.4540,6.9196,50.1570,US
16798,US,US,North American,17.4582,4267.0955,543.5799,213.6141,US
16799,US,US,North American,4.0970,21.7400,1.3024,0.0912,US
16800,US,US,North American,7.8062,601.4947,90.7319,20.0314,US
16801,US,US,North American,37.9632,1047.9171,120.8174,43.3636,US
16802,US,US,North American,4.5093,20.5220,1.0261,0.0453,US
16803,US,US,North American,27.7607,3635.2672,399.4384,204.7382,US
16804,US,US,North American,0.0000,396.9140,0.1665,45.2000,US
16805,US,US,North American,16.6668,12621.5353,11.0780,1389.6827,US
16806,US,US,North American,8.1273,168.1250,9.3697,11.5535,US
16807,US,US,North American,32.9155,892.5000,28.8738,73.6336,US
16808,US,US,North American,28.9482,1414.1630,17.4626,139.1719,US
16809,US,US,North American,67.0526,1387.8730,43.5490,115.5824,US
16810,US,US,North American,224.2997,1754.8400,57.5296,67.9724,US
16811,US,US,North American,12.7062,1284.7600,5.6313,136.3577,US
16812,US,US,North American,71.8279,1427.9250,47.4906,115.9131,US
16813,US,US,North American,109.5368,1904.6066,88.0050,122.3746,US
16814,US,US,North American,467.3396,1871.9285,14.3905,0.3974,US
16815,US,US,North American,9.3197,740.8043,99.3987,32.1363,US
16816,US,US,North American,9.1629,679.9882,68.8206,39.5483,US
16817,US,US,North American,3.9285,1303.8209,86.4448,102.7200,US
16818,US,US,North American,389.7317,11931.5104,1585.5167,461.2842,US
16819,US,US,North American,29.9315,743.2972,98.8302,24.1170,US
16820,US,US,North American,50.9034,1200.3405,30.3724,100.7700,US
16821,US,US,North American,63.9512,1632.6693,96.9100,106.7341,US
16822,US,US,North American,8.7428,267.8525,1.3351,25.5469,US
16823,US,US,North American,4.9424,581.0823,94.0557,17.7363,US
16824,US,US,North American,10.4714,55.9700,0.1280,1.7280,US
16825,US,US,North American,485.3582,3154.5980,56.0526,125.5887,US
16826,US,US,North American,1.4750,6321.5323,94.8406,684.2673,US
16827,US,US,North American,10.0174,325.8001,46.3986,10.3658,US
16828,US,US,North American,58.6879,1340.6123,127.8392,68.5496,US
16829,US,US,North American,109.7905,982.6755,118.8940,8.0732,US
16830,US,US,North American,199.9600,774.0000,0.0000,0.0000,US
16831,US,US,North American,0.7200,377.4640,12.5600,36.7100,US
16832,US,US,North American,31.7735,1125.2943,109.1514,64.6064,US
16833,US,US,North American,238.8852,2475.2080,21.3412,167.7772,US
16834,US,US,North American,331.4103,1945.1671,66.8885,57.4358,US
16835,US,US,North American,2.2417,608.4939,60.1700,38.1707,US
16836,US,US,North American,1332.0498,7518.4152,214.9450,151.8697,US
16837,US,US,North American,19.5000,1134.2518,101.1173,73.0021,US
16838,US,US,North American,7.8334,633.5106,95.5261,21.2951,US
16839,US,US,North American,,,,,US
16840,US,US,North American,47.5446,1133.1731,64.3051,78.5859,US
16841,US,US,North American,366.6099,3378.2475,9.9921,218.4930,US
16842,US,US,North American,,,,,US
16843,US,US,North American,933.9440,5611.7460,101.0622,183.8419,US
16844,US,US,North American,9.2507,976.4127,88.9950,63.6162,US
16845,US,US,North American,204.3756,1483.4440,12.6496,71.5820,US
16846,US,US,North American,2.2951,569.2885,89.6373,19.5680,US
16847,US,US,North American,705.4031,5353.9202,110.9718,259.2648,US
16848,US,US,North American,35.5138,1310.4248,106.5518,81.6582,US
16849,US,US,North American,1.8308,3835.5930,6.5190,440.8300,US
16850,US,US,North American,420.3192,2983.1902,77.2937,126.0644,US
16851,US,US,North American,0.2856,128.5200,0.0000,0.0000,US
16852,US,US,North American,51.9354,310.1697,21.4324,6.6692,US
16853,US,US,North American,47.7881,577.2633,21.0032,36.2696,US
16854,US,US,North American,104.5556,617.0532,10.0620,21.8175,US
16855,US,US,North American,136.9189,2122.9255,48.3220,162.2198,US
16856,US,US,North American,427.2702,2778.6920,13.8216,119.4541,US
16857,US,US,North American,146.9840,2420.9428,85.5656,166.8554,US
16858,US,US,North American,131.2546,2916.4080,34.2528,261.9359,US
16859,US,US,North American,334.6581,1782.1574,45.9897,38.4372,US
16860,US,US,North American,62.2069,473.5520,12.9932,20.7049,US
16861,US,US,North American,21.5847,153.9000,2.6931,7.2000,US
16862,US,US,North American,595.9736,3116.2392,53.0937,77.6135,US
16863,US,US,North American,206.8110,1570.6340,35.5717,73.9244,US
16864,US,US,North American,0.0000,837.5200,0.8584,92.8000,US
16865,US,US,North American,474.0548,2959.1690,228.9169,8.1125,US
16866,US,US,North American,105.0856,549.9055,14.8218,10.6516,US
16867,US,US,North American,47.4482,469.2052,10.9094,30.0417,US
16868,US,US,North American,112.9322,645.2710,29.1946,18.2011,US
16869,US,US,North American,297.9479,4879.6750,54.4944,405.7069,US
16870,US,US,North American,255.0013,2003.2657,11.0713,109.2414,US
16871,US,US,North American,703.1652,5147.9835,144.9025,199.8041,US
16872,US,US,North American,0.0000,558.3467,0.5723,61.8667,US
16873,US,US,North American,480.9399,2209.0300,3.6720,43.9780,US
16874,US,US,North American,108.4784,1300.9974,14.0586,93.0738,US
16875,US,US,North American,46.1809,409.0490,12.3938,22.6843,US
16876,US,US,North American,417.9092,3744.5260,21.6674,234.5534,US
16877,US,US,North American,0.7860,212.8631,0.3340,23.2545,US
16878,US,US,North American,70.1192,1322.9388,161.8213,46.8848,US
16879,US,US,North American,48.8324,1263.7290,19.5780,114.0733,US
16880,US,US,North American,804.7735,3208.3200,0.0234,0.0234,US
16881,US,US,North American,151.4610,942.4829,30.5384,27.5369,US
16882,US,US,North American,190.1334,10754.2159,1423.5000,451.2275,US
16883,US,US,North American,26.9223,850.4897,65.0558,54.0002,US
16884,US,US,North American,1068.0301,5921.4400,92.8619,134.9650,US
16885,US,US,North American,72.2643,3115.6047,406.7654,135.1683,US
16886,US,US,North American,86.1564,1002.4161,106.8104,32.4423,US
16887,US,US,North American,448.2478,2324.8628,40.8515,51.1970,US
16888,US,US,North American,2.0996,8.1270,0.0000,0.0000,US
16889,US,US,North American,38.2698,359.1000,8.0469,21.6000,US
16890,US,US,North American,24.5829,947.5988,4.6582,93.5474,US
16891,US,US,North American,33.4239,1469.0917,213.0280,52.0449,US
16892,US,US,North American,1185.3225,19254.3138,1667.7301,853.1578,US
16893,US,US,North American,45.5766,3117.9604,190.2923,252.5694,US
16894,US,US,North American,64.8386,715.8812,24.2992,43.6010,US
16895,US,US,North American,500.3842,2738.9085,87.5167,37.1929,US
16896,US,US,North American,35.8843,956.8365,24.8298,79.4395,US
16897,US,US,North American,385.9559,3901.8985,205.3480,165.5920,US
16898,US,US,North American,108.1116,820.8600,35.2730,27.7684,US
16899,US,US,North American,12.0363,559.8573,30.4799,43.9619,US
16900,US,US,North American,15.7400,61.0812,0.0000,0.0211,US
16901,US,US,North American,40.2771,1248.2253,77.5742,85.4013,US
16902,US,US,North American,28.3438,109.7125,0.0000,0.0000,US
16903,US,US,North American,7.8300,522.7776,90.7775,11.6777,US
16904,US,US,North American,28.6638,110.6525,0.0300,0.0060,US
16905,US,US,North American,450.0815,4122.4790,189.7765,146.6140,US
16906,US,US,North American,17.6976,653.5400,78.3876,30.5300,US
16907,US,US,North American,38.6587,383.4508,7.1253,22.3787,US
16908,US,US,North American,,,,,US
16909,US,US,North American,418.3956,3560.1211,238.1800,104.1096,US
16910,US,US,North American,64.2193,1291.2438,118.0801,62.4902,US
16911,US,US,North American,64.8473,907.5952,39.7538,59.9495,US
16912,US,US,North American,174.5809,2164.5724,139.5344,103.0033,US
16913,US,US,North American,30.9605,2007.5806,112.1243,160.6937,US
16914,US,US,North American,470.8566,2437.8767,38.9813,59.3790,US
16915,US,US,North American,0.5065,23.2080,3.5983,0.0574,US
16916,US,US,North American,349.1343,2005.0887,132.3896,7.6189,US
16917,US,US,North American,54.7882,813.7438,27.0373,59.4869,US
16918,US,US,North American,41.9820,1240.2865,19.0329,116.1495,US
16919,US,US,North American,125.7958,1019.3602,111.5250,8.8425,US
16920,US,US,North American,309.3452,6999.9694,474.2799,459.1401,US
16921,US,US,North American,844.0412,4811.5983,85.9300,127.8907,US
16922,US,US,North American,38.6420,1114.5724,151.4341,37.2875,US
16923,US,US,North American,57.2760,572.7600,10.5780,33.5400,US
16924,US,US,North American,19.2662,395.6588,20.2647,27.4561,US
16925,US,US,North American,183.2450,2194.0720,56.2083,137.7588,US
16926,US,US,North American,57.2760,572.7600,10.5780,33.5400,US
16927,US,US,North American,43.3754,933.5960,24.6021,79.5142,US
16928,US,US,North American,79.7092,4469.9596,211.7226,365.4849,US
16929,US,US,North American,113.9960,1535.0500,18.0560,117.9760,US
16930,US,US,North American,19.3481,176.1520,3.9767,1.6807,US
16931,US,US,North American,78.7974,1080.9120,45.2783,78.0182,US
16932,US,US,North American,71.8964,2074.1292,296.0011,65.7269,US
16933,US,US,North American,364.0218,2399.9918,83.6518,63.2992,US
16934,US,US,North American,59.7830,1770.7546,129.9302,116.4035,US
16935,US,US,North American,47.7430,1668.4583,110.9838,117.0404,US
16936,US,US,North American,40.6250,1122.3938,83.8861,73.5506,US
16937,US,US,North American,90.5711,1494.0015,43.7610,115.4910,US
16938,US,US,North American,124.8845,809.4920,33.8368,19.8151,US
16939,US,US,North American,2.1319,937.5330,85.2301,63.8503,US
16940,US,US,North American,32.5307,2332.8752,201.7508,154.9333,US
16941,US,US,North American,679.6267,5154.0045,470.2899,69.4765,US
16942,US,US,North American,183.6330,4738.3542,440.4579,254.8917,US
16943,US,US,North American,161.7447,2788.3935,155.2221,177.3346,US
16944,US,US,North American,27.0144,1352.0640,2.9299,136.7923,US
16945,US,US,North American,15.6611,613.9212,95.9104,16.8829,US
16946,US,US,North American,16.0735,69.7000,3.6720,0.3995,US
16947,US,US,North American,36.6639,431.3805,17.1083,24.9228,US
16948,US,US,North American,230.3942,3603.5566,191.2760,234.8544,US
16949,US,US,North American,231.4348,1945.7766,124.4175,52.7722,US
16950,US,US,North American,91.0042,2268.6859,59.4433,197.6028,US
16951,US,US,North American,187.1385,1213.1460,61.6968,32.1460,US
16952,US,US,North American,96.0833,3073.1248,91.1275,264.4152,US
16953,US,US,North American,75.1462,2793.0936,287.5639,152.3528,US
16954,US,US,North American,73.9324,2767.7725,137.9362,213.9296,US
16955,US,US,North American,30.1083,1305.2789,130.3011,74.1830,US
16956,US,US,North American,18.2209,2455.3504,191.5760,174.5440,US
16957,US,US,North American,63.2058,895.0792,91.1471,34.2702,US
16958,US,US,North American,92.8071,2072.5476,304.3919,52.3604,US
16959,US,US,North American,214.2713,2420.0055,198.3433,78.9124,US
16960,US,US,North American,97.1884,1054.3853,21.1270,67.6573,US
16961,US,US,North American,16.5110,841.9240,10.6898,83.3038,US
16962,US,US,North American,250.9645,2688.4114,97.3072,146.9030,US
16963,US,US,North American,96.8204,1922.5354,137.0350,118.3926,US
16964,US,US,North American,221.7364,1712.6103,173.5745,28.8694,US
16965,US,US,North American,55.8753,1135.6144,75.3204,68.6998,US
16966,US,US,North American,39.0404,988.7475,98.4555,49.0643,US
16967,US,US,North American,64.5218,2143.8904,67.9176,181.3524,US
16968,US,US,North American,116.2702,3547.0490,507.7516,130.3874,US
16969,US,US,North American,66.9537,1819.8293,128.8116,118.7483,US
16970,US,US,North American,214.5066,1025.9405,42.4164,5.0385,US
16971,US,US,North American,168.2176,2731.6054,224.4828,127.5323,US
16972,US,US,North American,258.0385,1740.5438,124.3279,25.6621,US
16973,US,US,North American,194.3781,3162.9751,161.8316,187.9638,US
16974,US,US,North American,173.3869,925.6060,9.2183,26.4434,US
16975,US,US,North American,86.7836,477.2050,7.8813,15.1791,US
16976,US,US,North American,441.1086,2202.9725,11.4078,50.2532,US
16977,US,US,North American,32.9316,2515.1054,454.6544,53.0023,US
16978,US,US,North American,31.9028,3837.7622,22.8036,422.5363,US
16979,US,US,North American,6.5380,550.8076,90.5302,15.8367,US
16980,US,US,North American,27.4983,1265.1019,113.8818,77.9130,US
16981,US,US,North American,18.1938,1030.9899,4.1738,109.9908,US
16982,US,US,North American,897.0007,6880.8765,483.7517,150.3345,US
16983,US,US,North American,239.9265,1648.4115,115.7974,22.9418,US
16984,US,US,North American,55.0228,2388.0001,117.5251,189.0444,US
16985,US,US,North American,2.9158,37.2100,1.9215,1.9947,US
16986,US,US,North American,127.3815,1666.2505,91.2002,90.2782,US
16987,US,US,North American,63.9032,1285.7523,194.0886,33.2058,US
16988,US,US,North American,166.0850,3041.2129,220.7629,159.1265,US
16989,US,US,North American,116.6832,2303.0654,134.2749,146.3696,US
16990,US,US,North American,31.4184,398.4165,6.3461,30.1674,US
16991,US,US,North American,382.0720,2979.4484,262.6034,44.9862,US
16992,US,US,North American,215.6372,2289.4124,145.3672,102.1431,US
16993,US,US,North American,44.0664,3285.8200,241.9502,242.5651,US
16994,US,US,North American,154.7301,1902.7158,75.0390,122.4523,US
16995,US,US,North American,34.5140,1611.1028,192.7442,80.5250,US
16996,US,US,North American,51.5308,871.6400,8.1385,71.3627,US
16997,US,US,North American,50.6772,811.3933,85.2933,30.8587,US
16998,US,US,North American,621.8048,3236.8218,146.9896,7.8918,US
16999,US,US,North American,57.5630,5951.1491,237.2704,539.0663,US
17000,US,US,North American,86.0875,2172.3627,293.6800,66.8165,US
17001,US,US,North American,60.4317,522.8230,4.2769,32.7528,US
17002,US,US,North American,123.0183,1568.4115,194.8213,32.7399,US
17003,US,US,North American,112.6493,2288.7941,232.4852,105.6286,US
17004,US,US,North American,15.2420,1063.8598,11.3312,109.3484,US
17005,US,US,North American,135.6298,1209.2807,67.0354,48.2866,US
17006,US,US,North American,23.1568,1775.5124,213.7130,94.4929,US
17007,US,US,North American,68.7688,1749.7930,110.3131,119.9739,US
17008,US,US,North American,37.3214,1578.5058,127.6821,102.0533,US
17009,US,US,North American,46.2533,2564.2162,140.2848,203.6489,US
17010,US,US,North American,86.5962,1608.9576,127.7912,90.8339,US
17011,US,US,North American,53.0079,4757.1345,19.5630,522.5408,US
17012,US,US,North American,160.9570,1445.6735,144.6431,34.3787,US
17013,US,US,North American,95.8407,2377.7901,247.9845,111.4667,US
17014,US,US,North American,150.2541,1374.9250,18.6496,83.1056,US
17015,US,US,North American,9.8501,233.2820,5.7645,19.5841,US
17016,US,US,North American,42.7000,1581.9104,97.9074,113.2747,US
17017,US,US,North American,290.0810,1997.7854,147.1454,49.1684,US
17018,US,US,North American,59.4865,4284.5260,906.1524,24.1769,US
17019,US,US,North American,191.6407,1708.1889,205.3620,8.3126,US
17020,US,US,North American,21.5997,855.6439,100.0561,40.8304,US
17021,US,US,North American,74.9328,3343.7548,220.8738,240.4501,US
17022,US,US,North American,86.3724,1278.6100,29.7996,98.5171,US
17023,US,US,North American,41.8665,761.8450,82.0653,31.3933,US
17024,US,US,North American,162.6234,1675.3976,152.8660,45.2885,US
17025,US,US,North American,323.6448,2642.5196,18.4152,147.5261,US
17026,US,US,North American,40.0166,673.7697,95.5256,16.6378,US
17027,US,US,North American,381.7842,1843.8979,37.5358,17.8215,US
17028,US,US,North American,58.9544,849.3522,104.8885,25.2288,US
17029,US,US,North American,167.1748,2248.9530,142.6673,108.3310,US
17030,US,US,North American,222.5377,1100.9958,13.7784,27.6647,US
17031,US,US,North American,84.9601,3117.4014,236.3422,214.6565,US
17032,US,US,North American,237.2771,1652.0849,95.6542,53.6278,US
17033,US,US,North American,3.1316,134.7680,0.1968,13.5150,US
17034,US,US,North American,16.6020,429.6000,11.3370,38.0730,US
17035,US,US,North American,30.5996,1318.9735,153.7792,60.7485,US
17036,US,US,North American,1125.6468,25126.4115,4624.0542,123.6581,US
17037,US,US,North American,9.7946,1974.5574,112.7416,163.4074,US
17038,US,US,North American,180.3965,1688.8579,81.7084,80.2837,US
17039,US,US,North American,34.4138,632.0096,106.8349,6.6887,US
17040,US,US,North American,82.2588,1499.6084,119.8766,80.6436,US
17041,US,US,North American,98.4307,984.5179,41.8132,50.9838,US
17042,US,US,North American,490.3096,4508.3559,280.1102,157.0102,US
17043,US,US,North American,190.7617,1516.1132,133.5725,24.0706,US
17044,US,US,North American,273.8442,2059.4410,48.0768,100.0155,US
17045,US,US,North American,116.8402,492.8314,9.8755,0.6927,US
17046,US,US,North American,16.5983,698.1333,2.1707,72.9753,US
17047,US,US,North American,130.4262,771.4780,29.9983,13.7608,US
17048,US,US,North American,109.9542,1683.2234,115.5012,89.2585,US
17049,US,US,North American,284.3373,2543.0960,57.4025,143.7845,US
17050,US,US,North American,291.4519,3080.9648,224.8576,110.1725,US
17051,US,US,North American,26.3871,1043.4096,146.4588,38.7041,US
17052,US,US,North American,353.2502,4561.9176,261.0267,226.8013,US
17053,US,US,North American,35.3166,2861.5476,160.3976,236.5449,US
17054,US,US,North American,27.4337,1289.4409,52.0616,107.2569,US
17055,US,US,North American,10.1000,251.0000,12.2600,18.1600,US
17056,US,US,North American,416.2126,2012.7413,17.9830,37.2893,US
17057,US,US,North American,200.5948,2854.3758,152.4951,167.8318,US
17058,US,US,North American,102.7972,1003.0095,15.5202,64.6217,US
17059,US,US,North American,49.3689,1152.4075,113.6918,59.5614,US
17060,US,US,North American,57.3542,1149.7640,27.0171,93.0449,US
17061,US,US,North American,104.0673,1080.4442,89.9744,36.8736,US
17062,US,US,North American,341.7249,1910.9410,25.7936,59.1603,US
17063,US,US,North American,354.3749,3974.2048,50.1156,267.4806,US
17064,US,US,North American,48.2532,6230.2595,509.1060,436.4357,US
17065,US,US,North American,9.2987,65.7710,9.5255,1.1340,US
17066,US,US,North American,166.0989,760.5896,21.8595,3.1247,US
17067,US,US,North American,149.6110,1086.0160,23.0908,48.9521,US
17068,US,US,North American,29.7536,404.7022,12.7239,29.4272,US
17069,US,US,North American,202.2680,2751.9163,235.1552,107.4153,US
17070,US,US,North American,55.5489,2678.4773,392.7464,96.2347,US
17071,US,US,North American,460.0247,2455.6836,130.3914,15.1709,US
17072,US,US,North American,463.3814,3742.9617,38.9550,212.4287,US
17073,US,US,North American,105.0755,16675.2705,425.2128,1619.3318,US
17074,US,US,North American,106.4993,2077.4554,176.6293,107.1250,US
17075,US,US,North American,56.3207,1700.0175,249.9462,48.7826,US
17076,US,US,North American,3.3082,1317.2676,90.1894,103.1667,US
17077,US,US,North American,106.1014,1753.8592,192.8156,61.7650,US
17078,US,US,North American,206.6598,3103.8276,49.1466,245.9558,US
17079,US,US,North American,85.3820,1080.1120,119.7490,27.9376,US
17080,US,US,North American,69.7778,388.4360,8.1467,11.0832,US
17081,US,US,North American,22.0703,109.6050,2.0395,0.2885,US
17082,US,US,North American,44.1446,282.6814,9.4804,11.2619,US
17083,US,US,North American,437.0321,3625.1800,45.2820,227.7264,US
17084,US,US,North American,0.0000,3592.4558,352.3510,230.9695,US
17085,US,US,North American,448.7943,2677.3800,36.0693,98.4801,US
17086,US,US,North American,45.7525,1183.6865,29.6488,105.6609,US
17087,US,US,North American,68.7005,3135.0706,404.2571,128.8701,US
17088,US,US,North American,146.9409,4226.4192,198.9006,320.8479,US
17089,US,US,North American,302.9342,1684.8893,36.9788,50.9343,US
17090,US,US,North American,75.9764,1269.8843,23.7112,101.7677,US
17091,US,US,North American,58.4140,508.0400,28.7800,20.1424,US
17092,US,US,North American,617.2079,6483.7740,64.2765,479.1291,US
17093,US,US,North American,532.7175,4686.1396,265.9054,156.5901,US
17094,US,US,North American,891.9001,4831.0267,59.5061,136.9632,US
17095,US,US,North American,15.1188,932.7902,113.9842,46.5947,US
17096,US,US,North American,111.5924,468.8907,2.8761,0.2201,US
17097,US,US,North American,123.4680,2816.8119,193.6388,167.6707,US
17098,US,US,North American,106.0805,2735.5898,376.3624,82.5546,US
17099,US,US,North American,129.0783,711.3206,17.7824,14.0044,US
17100,US,US,North American,36.5033,1953.2519,178.3311,115.9788,US
17101,US,US,North American,0.0000,530.4012,104.5842,12.1947,US
17102,US,US,North American,39.0059,1624.5789,103.6831,118.1177,US
17103,US,US,North American,644.8347,3465.3160,103.3745,113.9821,US
17104,US,US,North American,85.0371,3100.2457,294.2975,173.8480,US
17105,US,US,North American,38.1071,2132.8783,171.5621,140.7012,US
17106,US,US,North American,20.9751,1158.3064,214.2912,25.0632,US
17107,US,US,North American,2.9754,490.7700,0.5724,54.0450,US
17108,US,US,North American,9.5460,95.4600,1.7630,5.5900,US
17109,US,US,North American,265.1854,4176.0130,55.3053,342.7113,US
17110,US,US,North American,118.0571,2473.6134,201.8515,131.8287,US
17111,US,US,North American,73.1880,957.7600,33.4360,64.0960,US
17112,US,US,North American,213.9680,2416.1300,20.6064,169.1094,US
17113,US,US,North American,39.1111,927.5257,107.6163,39.9610,US
17114,US,US,North American,259.4206,1259.3699,44.6502,24.8084,US
17115,US,US,North American,248.6300,1876.6632,76.2262,65.8475,US
17116,US,US,North American,26.4588,947.9818,165.2898,20.4560,US
17117,US,US,North American,541.0112,3529.8275,19.4446,150.1873,US
17118,US,US,North American,29.4408,128.5910,5.3642,0.5100,US
17119,US,US,North American,38.5000,615.7880,12.1743,48.7926,US
17120,US,US,North American,2.5686,545.9502,105.2862,12.6702,US
17121,US,US,North American,114.6014,444.8796,0.1398,0.0171,US
17122,US,US,North American,407.8739,3202.6360,68.2365,186.0739,US
17123,US,US,North American,403.1920,1611.9600,0.0000,0.0000,US
17124,US,US,North American,32.3804,838.5278,6.0198,77.2966,US
17125,US,US,North American,5.9672,1701.8368,2.7924,186.2808,US
17126,US,US,North American,108.5790,530.1000,7.7510,11.4330,US
17127,US,US,North American,284.6257,1558.3454,112.5886,1.6447,US
17128,US,US,North American,353.8338,1943.8124,24.6907,64.6147,US
17129,US,US,North American,31.9864,973.1729,29.8088,80.4839,US
17130,US,US,North American,,,,,US
17131,US,US,North American,68.5412,433.3680,2.1202,17.7685,US
17132,US,US,North American,135.6215,4071.3679,418.1033,216.9011,US
17133,US,US,North American,39.2363,385.1950,7.1054,22.3966,US
17134,US,US,North American,167.7957,2393.0793,252.0515,87.7225,US
17135,US,US,North American,95.6396,434.5057,15.4675,3.2117,US
17136,US,US,North American,,,,,US
17137,US,US,North American,180.7475,1378.7725,31.8602,64.7151,US
17138,US,US,North American,4.8889,138.5635,0.8824,13.6851,US
17139,US,US,North American,107.3020,2975.7034,473.2043,68.4959,US
17140,US,US,North American,1.2418,6.4860,0.3252,0.2965,US
17141,US,US,North American,738.6113,4187.3196,91.9227,109.5241,US
17142,US,US,North American,45.2179,876.9083,147.0269,12.2192,US
17143,US,US,North American,65.5643,1940.9480,3.4708,186.2695,US
17144,US,US,North American,15.7645,691.4020,28.3283,57.2838,US
17145,US,US,North American,4.6027,1430.4308,181.2471,71.0853,US
17146,US,US,North American,199.1697,4332.3571,15.8106,395.9150,US
17147,US,US,North American,3.9580,1121.1947,180.1866,37.6283,US
17148,US,US,North American,120.6803,1472.1937,126.1927,54.6119,US
17149,US,US,North American,797.1195,7219.7840,67.7819,454.9098,US
17150,US,US,North American,282.0834,1764.2780,32.1580,66.5088,US
17151,US,US,North American,893.1543,6142.2980,170.8737,247.5846,US
17152,US,US,North American,232.9396,2404.3599,111.9306,123.1159,US
17153,US,US,North American,291.1208,1315.9218,17.0815,14.1239,US
17154,US,US,North American,208.9797,1163.4940,30.3110,21.8801,US
17155,US,US,North American,25.3168,1043.3823,29.9105,95.2426,US
17156,US,US,North American,174.6657,985.0356,60.3938,7.6679,US
17157,US,US,North American,,,,,US
17158,US,US,North American,2.5843,1049.4043,13.2301,111.6720,US
17159,US,US,North American,217.8811,1518.1367,60.5819,45.6348,US
17160,US,US,North American,9.5484,184.1440,6.6714,14.4912,US
17161,US,US,North American,15.7767,1718.9126,96.9727,139.9420,US
17162,US,US,North American,245.1265,1957.4690,28.0339,94.8567,US
17163,US,US,North American,143.2830,1665.5090,21.4867,114.4835,US
17164,US,US,North American,212.8594,1624.7800,101.0998,42.1904,US
17165,US,US,North American,2.2032,220.7700,0.8224,23.3132,US
17166,US,US,North American,8.7200,3264.1922,559.1212,96.7767,US
17167,US,US,North American,2.4074,152.6251,1.0866,15.9159,US
17168,US,US,North American,36.8837,189.7237,20.5231,1.2446,US
17169,US,US,North American,383.3903,2452.0252,53.6859,86.8294,US
17170,US,US,North American,194.8518,3833.2631,407.4411,159.8589,US
17171,US,US,North American,33.6896,2840.5600,76.4112,267.7336,US
17172,US,US,North American,194.5612,1740.3062,73.4255,80.0362,US
17173,US,US,North American,71.3466,1009.6884,45.9706,64.2007,US
17174,US,US,North American,0.0000,12.6083,2.8050,0.0708,US
17175,US,US,North American,253.8827,4509.4849,242.1083,295.8567,US
17176,US,US,North American,154.5052,1025.7864,24.2441,43.8469,US
17177,US,US,North American,113.1867,1755.3787,108.9047,96.6344,US
17178,US,US,North American,32.2582,1291.5081,37.5508,114.6686,US
17179,US,US,North American,224.6548,2545.6773,54.1723,161.4633,US
17180,US,US,North American,533.8148,5217.8560,28.6575,350.9530,US
17181,US,US,North American,209.3833,1035.5004,30.6077,11.2253,US
17182,US,US,North American,158.4576,1481.2460,36.5028,88.8800,US
17183,US,US,North American,108.6945,2326.9644,64.5670,183.9386,US
17184,US,US,North American,334.7023,1377.2792,7.9708,9.1129,US
17185,US,US,North American,217.4448,1087.2360,17.0701,22.3509,US
17186,US,US,North American,24.3073,446.4640,6.1764,36.3716,US
17187,US,US,North American,281.6343,1218.2980,10.2085,12.6613,US
17188,US,US,North American,468.3044,2876.3858,50.7327,94.6913,US
17189,US,US,North American,204.3931,2070.6100,106.5128,91.5169,US
17190,US,US,North American,36.8367,448.0020,21.9158,24.1318,US
17191,US,US,North American,594.4733,4290.5612,59.0993,208.7257,US
17192,US,US,North American,62.4313,1749.7136,100.9472,120.9596,US
17193,US,US,North American,29.8071,663.6671,96.5421,16.8312,US
17194,US,US,North American,273.0493,1496.3240,24.1817,42.4454,US
17195,US,US,North American,12.2486,448.7300,10.1870,40.1940,US
17196,US,US,North American,262.7580,2132.8543,152.2523,48.1533,US
17197,US,US,North American,33.5750,855.7320,3.8430,80.7894,US
17198,US,US,North American,142.5145,622.1667,2.7595,7.2000,US
17199,US,US,North American,85.8666,521.8800,18.4806,15.7872,US
17200,US,US,North American,360.9659,1831.9569,65.8506,12.6438,US
17201,US,US,North American,72.5172,1328.4050,12.2701,112.4605,US
17202,US,US,North American,13.5380,725.3296,35.4562,58.2494,US
17203,US,US,North American,253.3398,2507.8430,31.9063,161.4976,US
17204,US,US,North American,53.9033,305.1919,3.6426,10.5198,US
17205,US,US,North American,15.7140,1955.8703,369.7268,37.8667,US
17206,US,US,North American,14.6097,97.8000,12.2670,1.9847,US
17207,US,US,North American,70.4913,814.6258,25.5764,48.3244,US
17209,US,US,North American,17.6844,497.1300,29.9475,34.6491,US
17210,US,US,North American,26.4760,207.5004,9.0662,9.9758,US
17211,US,US,North American,10.1200,180.6248,5.7478,14.4412,US
17212,US,US,North American,4.1000,782.9851,91.5299,42.4623,US
17213,US,US,North American,71.8727,1741.1820,105.3993,117.5950,US
17214,US,US,North American,662.4157,3582.4923,56.8998,77.8861,US
17215,US,US,North American,404.9378,2660.0682,131.9782,64.1443,US
17216,US,US,North American,,,,,US
17217,US,US,North American,77.0504,431.1459,15.0852,6.4749,US
17218,US,US,North American,,,,,US
17219,US,US,North American,14.3622,1714.9141,183.1216,98.3220,US
17220,US,US,North American,88.1467,1858.8625,252.5523,48.1868,US
17221,US,US,North American,50.5062,1066.5883,30.1952,87.4238,US
17222,US,US,North American,2.5783,735.3548,90.2648,37.8940,US
17223,US,US,North American,425.2052,3073.1480,70.8057,140.4007,US
17224,US,US,North American,37.5277,1848.8335,197.3112,102.9062,US
17225,US,US,North American,13.3885,568.3800,3.1015,56.5150,US
17226,US,US,North American,0.4116,1.2808,0.0486,0.0132,US
17227,US,US,North American,55.5473,4318.3096,2.8570,453.8469,US
17228,US,US,North American,60.2856,857.4300,41.4572,52.0526,US
17229,US,US,North American,36.5753,347.3285,12.2169,19.4657,US
17230,US,US,North American,16.2453,354.0960,10.6885,28.8025,US
17231,US,US,North American,10.5043,825.8850,95.6602,43.2060,US
17232,US,US,North American,76.1232,1759.1089,141.9193,98.0966,US
17233,US,US,North American,275.6447,1308.1000,53.5443,6.7184,US
17234,US,US,North American,201.1552,1257.1141,61.8959,26.1401,US
17235,US,US,North American,134.7192,597.3175,7.7019,5.5692,US
17236,US,US,North American,37.3744,330.7550,2.8993,19.0913,US
17237,US,US,North American,76.1873,1905.5283,184.4412,98.9155,US
17238,US,US,North American,,,,,US
17239,US,US,North American,32.4194,52715.5274,2003.3072,4951.8629,US
17240,US,US,North American,3.1751,604.5883,24.0293,54.6593,US
17241,US,US,North American,0.4116,1.2808,0.0486,0.0132,US
17242,US,US,North American,2.3479,975.2927,135.4403,43.2886,US
17243,US,US,North American,183.7071,1107.0400,28.1147,39.0849,US
17244,US,US,North American,4.8650,1861.8503,359.5924,34.2907,US
17245,US,US,North American,68.6649,5297.6000,273.5117,434.2802,US
17246,US,US,North American,27.7731,2988.9541,397.2946,134.1618,US
17247,US,US,North American,7.2012,2012.4508,187.2616,135.2764,US
17248,US,US,North American,14.5790,186.0500,9.6075,9.9735,US
17249,US,US,North American,172.9005,11055.3701,1074.1611,666.7485,US
17250,US,US,North American,101.8990,410.8500,5.5415,1.8655,US
17251,US,US,North American,30.8354,601.3969,7.3271,52.2325,US
17252,US,US,North American,15.7140,342.0000,10.6860,28.8000,US
17253,US,US,North American,19.7133,522.8469,54.5509,23.7057,US
17254,US,US,North American,14.6968,1026.2400,77.5176,72.2888,US
17255,US,US,North American,19.1896,86.5425,3.2321,0.6925,US
17256,US,US,North American,161.2177,789.3350,17.9537,7.0295,US
17257,US,US,North American,438.1993,3377.6560,43.7445,179.0825,US
17258,US,US,North American,49.2927,523.3175,15.9609,31.7917,US
17259,US,US,North American,34.9184,2607.9479,217.8663,171.7856,US
17260,US,US,North American,56.1388,1223.9300,75.3017,79.9713,US
17261,US,US,North American,11.1964,1017.7822,136.8967,43.8357,US
17262,US,US,North American,171.3797,1841.4260,40.7214,112.1191,US
17263,US,US,North American,162.5985,2615.6612,202.1401,117.7631,US
17264,US,US,North American,1.9836,8.9400,0.3816,0.0300,US
17265,US,US,North American,9.9077,3957.2020,75.3337,409.7049,US
17266,US,US,North American,474.3211,3515.3527,73.1381,166.9613,US
17267,US,US,North American,84.1241,1709.9384,143.8259,89.6045,US
17268,US,US,North American,45.0846,5458.0982,16.4254,582.9665,US
17269,US,US,North American,204.8800,9840.6843,256.8262,896.3290,US
17270,US,US,North American,,,,,US
17271,US,US,North American,24.0579,1547.0759,238.8189,49.7185,US
17272,US,US,North American,42.0390,1028.0847,144.5631,32.3755,US
17273,US,US,North American,163.0190,2351.6900,289.2019,57.3387,US
17274,US,US,North American,26.7768,1136.7600,6.2030,113.0301,US
17275,US,US,North American,17.8758,523.6590,39.8029,31.9787,US
17276,US,US,North American,216.2969,3556.7857,247.1523,192.9999,US
17277,US,US,North American,323.8924,1460.0640,33.1827,3.4218,US
17278,US,US,North American,10.9419,895.9506,97.0244,50.6224,US
17279,US,US,North American,522.2734,3475.9117,69.8423,137.9520,US
17280,US,US,North American,1.1927,1061.2656,90.4098,75.9372,US
17281,US,US,North American,531.1608,2642.9660,38.2686,63.5427,US
17282,US,US,North American,91.4864,368.9510,7.7447,1.2000,US
17283,US,US,North American,224.8681,1083.4800,9.4698,15.6530,US
17284,US,US,North American,40.9287,3378.6335,205.5545,265.4136,US
17285,US,US,North American,215.7980,1479.7348,90.2055,28.7414,US
17286,US,US,North American,53.4258,1142.2783,42.5496,92.8738,US
17287,US,US,North American,77.7241,614.3233,18.2816,27.5076,US
17288,US,US,North American,67.0508,1198.1552,197.5200,11.9043,US
17289,US,US,North American,2.7724,57.2000,1.6840,4.6212,US
17290,US,US,North American,155.7477,671.0874,18.1697,8.0304,US
17291,US,US,North American,71.4653,2853.8378,546.5159,28.1170,US
17292,US,US,North American,16.5344,474.6876,91.6682,2.4167,US
17293,US,US,North American,8.7841,660.1725,26.4011,59.1150,US
17294,US,US,North American,117.4512,2046.2775,227.0794,71.2202,US
17295,US,US,North American,1103.1226,10901.9320,119.3985,712.9760,US
17296,US,US,North American,21.5780,1005.3143,101.0419,57.7363,US
17297,US,US,North American,281.7520,1737.1540,25.6500,60.5330,US
17298,US,US,North American,11.8178,1200.6836,97.3480,84.8624,US
17299,US,US,North American,7.1146,97.5340,3.2970,7.4511,US
17300,US,US,North American,139.6387,1279.5880,46.9672,64.4038,US
17301,US,US,North American,102.4189,1082.4400,54.1454,50.8150,US
17302,US,US,North American,119.1283,2825.4047,292.4260,123.0654,US
17303,US,US,North American,4.5095,2245.7102,137.8064,183.0966,US
17304,US,US,North American,164.2253,3966.9091,284.5955,235.7489,US
17305,US,US,North American,135.8493,2084.3800,28.6320,166.7122,US
17306,US,US,North American,116.4577,2382.3302,212.5564,119.2461,US
17307,US,US,North American,18.2438,6149.7466,726.4032,335.1368,US
17308,US,US,North American,201.0786,3458.9680,162.4310,210.7287,US
17309,US,US,North American,70.1387,350.0942,6.1484,9.0828,US
17310,US,US,North American,437.0364,1782.4473,1.9272,6.1320,US
17311,US,US,North American,54.1860,218.3070,0.1817,0.1928,US
17312,US,US,North American,197.9132,2691.9008,4.7793,219.8208,US
17313,US,US,North American,361.9987,3350.7865,12.3088,217.9574,US
17314,US,US,North American,20.4768,2839.7209,547.4580,61.8371,US
17315,US,US,North American,181.4622,965.2865,50.8677,6.0546,US
17316,US,US,North American,197.7223,2624.8000,34.7542,199.9118,US
17317,US,US,North American,24.3938,925.1822,10.9139,92.9836,US
17318,US,US,North American,310.2489,1342.0752,12.8148,9.9254,US
17319,US,US,North American,120.2001,1201.5617,112.0107,32.2248,US
17320,US,US,North American,140.4234,1386.8600,61.6128,63.8544,US
17321,US,US,North American,962.2790,6271.0680,111.1410,249.4250,US
17322,US,US,North American,25.4843,818.7190,38.9826,63.0084,US
17323,US,US,North American,33.5609,509.7315,6.5728,41.9509,US
17324,US,US,North American,46.6830,198.0000,8.8200,0.8700,US
17325,US,US,North American,21.4347,373.2715,17.4196,25.3388,US
17326,US,US,North American,9.7807,965.9509,2.0968,103.8775,US
17327,US,US,North American,542.1400,4040.9950,45.3505,227.7289,US
17328,US,US,North American,58.2467,1488.4800,4.0765,141.7628,US
17329,US,US,North American,605.6331,3598.0140,88.0945,137.9289,US
17330,US,US,North American,158.3711,2578.1369,201.5736,124.4643,US
17331,US,US,North American,5.8664,25.8600,0.9068,0.0908,US
17332,US,US,North American,49.8706,1116.8218,163.4183,29.6910,US
17333,US,US,North American,318.9809,1258.9313,24.7614,11.8269,US
17334,US,US,North American,,,,,US
17335,US,US,North American,540.5054,6654.1420,69.9314,510.2186,US
17336,US,US,North American,181.3769,1226.2781,62.8246,31.3301,US
17337,US,US,North American,,,,,US
17338,US,US,North American,257.3443,1294.3731,64.6284,4.5902,US
17339,US,US,North American,237.4460,918.5000,1.1550,0.1980,US
17340,US,US,North American,5.5770,1245.3536,114.5585,82.8356,US
17341,US,US,North American,58.0766,1516.9283,125.5569,87.8583,US
17342,US,US,North American,120.1306,2392.7150,2.8136,217.4192,US
17343,US,US,North American,302.1703,1713.2106,78.7277,25.0839,US
17344,US,US,North American,140.7197,2227.4827,175.3897,105.6876,US
17345,US,US,North American,64.7813,403.5000,6.3822,15.8155,US
17346,US,US,North American,0.6073,2.0760,0.0468,0.0139,US
17347,US,US,North American,418.1303,3504.8310,13.8392,209.3140,US
17348,US,US,North American,40.1846,771.4700,25.6245,61.7559,US
17349,US,US,North American,196.4029,1501.9517,155.5616,11.4931,US
17350,US,US,North American,0.0000,703.0800,93.9859,33.4303,US
17351,US,US,North American,205.3608,5353.8028,218.5089,408.4485,US
17352,US,US,North American,30.7674,2826.5419,268.0116,173.6049,US
17353,US,US,North American,25.5120,15385.9780,20.2485,1761.4913,US
17354,US,US,North American,38.3320,155.4000,0.0000,0.9250,US
17355,US,US,North American,33.4284,6697.2288,702.5941,419.3063,US
17356,US,US,North American,98.5997,784.5665,51.0102,22.1009,US
17357,US,US,North American,13.0857,992.7128,30.8952,90.4944,US
17358,US,US,North American,171.1380,2468.4766,38.7875,190.8444,US
17359,US,US,North American,66.7266,1397.1903,223.9931,34.8295,US
17360,US,US,North American,50.0841,475.0702,10.3759,30.6206,US
17361,US,US,North American,190.9099,2988.3995,207.3272,155.7242,US
17362,US,US,North American,16.6938,973.3420,90.4645,58.6635,US
17363,US,US,North American,940.1231,8269.2134,141.6435,479.7797,US
17364,US,US,North American,189.7894,1408.4969,105.1697,26.0058,US
17365,US,US,North American,8.4911,1315.0007,180.8183,59.2966,US
17366,US,US,North American,34.2942,506.9670,59.0522,15.9048,US
17367,US,US,North American,208.4423,1775.8742,166.0865,33.4932,US
17368,US,US,North American,40.1482,883.7340,28.2201,71.0043,US
17369,US,US,North American,,,,,US
17370,US,US,North American,170.2912,1757.6773,237.3434,13.5668,US
17371,US,US,North American,476.5337,3120.3440,59.5401,127.6717,US
17372,US,US,North American,569.2161,3055.3220,99.3232,37.0274,US
17373,US,US,North American,91.9669,1296.0787,57.0497,79.7435,US
17374,US,US,North American,489.2868,5342.3760,66.2395,371.6070,US
17375,US,US,North American,485.4432,5320.9140,64.7086,370.3767,US
17376,US,US,North American,524.9009,3626.6001,141.5447,121.7905,US
17377,US,US,North American,25.3660,849.7570,5.2588,82.4652,US
17378,US,US,North American,47.7989,893.1373,104.5703,31.2806,US
17379,US,US,North American,493.4920,4136.1840,66.5708,236.0478,US
17380,US,US,North American,609.5474,6418.3373,35.0668,457.9656,US
17381,US,US,North American,72.5047,1275.9100,0.7228,108.0749,US
17382,US,US,North American,32.8097,1385.6107,124.2047,84.4089,US
17383,US,US,North American,451.3094,2260.3987,36.6423,37.9522,US
17384,US,US,North American,15.0845,309.4822,0.7311,27.2786,US
17385,US,US,North American,14.7073,682.5412,5.8495,69.0500,US
17386,US,US,North American,17.6967,1955.0816,190.6581,121.9197,US
17387,US,US,North American,536.5625,2368.1960,27.6825,23.3155,US
17388,US,US,North American,296.3960,1274.1050,25.8816,0.0864,US
17389,US,US,North American,93.6223,1509.9790,46.8864,117.7480,US
17390,US,US,North American,210.4682,1260.2800,90.5237,54.1134,US
17391,US,US,North American,225.1092,1236.4916,68.5078,10.8827,US
17392,US,US,North American,14.8076,753.5075,22.2380,66.8785,US
17393,US,US,North American,80.2007,438.7117,13.1659,13.9215,US
17394,US,US,North American,31.6441,3146.6400,383.9744,155.3213,US
17395,US,US,North American,367.5339,2767.9080,62.6449,130.2073,US
17396,US,US,North American,182.2475,3906.4955,116.8735,303.0430,US
17397,US,US,North American,132.8647,1867.9067,98.4381,107.7150,US
17398,US,US,North American,65.5950,1127.5870,108.7346,48.2262,US
17399,US,US,North American,76.7302,1592.8913,133.6533,85.8156,US
17400,US,US,North American,14.8770,5691.6900,754.7494,267.6676,US
17401,US,US,North American,242.9597,4740.4380,839.8118,35.5718,US
17402,US,US,North American,216.6617,1471.8600,91.4036,24.5434,US
17403,US,US,North American,34.3946,1511.4849,138.5919,90.0649,US
17404,US,US,North American,131.8041,1625.6210,149.3978,56.2664,US
17405,US,US,North American,88.2088,549.8767,15.1720,15.1672,US
17406,US,US,North American,280.9775,1194.3330,16.8699,17.2170,US
17407,US,US,North American,33.8447,507.1950,7.8896,42.4560,US
17408,US,US,North American,43.0534,169.8932,0.0474,0.0059,US
17409,US,US,North American,527.9777,5037.9600,130.3909,302.0845,US
17410,US,US,North American,9.5548,1120.3229,144.5825,54.3852,US
17411,US,US,North American,14.3821,1764.9063,180.3492,105.2577,US
17412,US,US,North American,562.9910,3696.0627,80.6126,145.6407,US
17413,US,US,North American,207.4463,1112.4438,68.7221,5.4704,US
17414,US,US,North American,185.7158,1742.1669,109.1756,60.1654,US
17415,US,US,North American,107.2919,419.2708,2.0038,0.5028,US
17416,US,US,North American,,,,,US
17417,US,US,North American,170.0202,2849.3963,264.3718,130.8404,US
17418,US,US,North American,5.5994,721.3690,2.7493,78.2014,US
17419,US,US,North American,20.7809,584.5220,4.9180,55.0308,US
17420,US,US,North American,30.5646,90.7500,1.5246,0.2541,US
17421,US,US,North American,30.5786,137.4698,5.5511,1.1701,US
17422,US,US,North American,73.2451,544.4240,2.9326,28.2609,US
17423,US,US,North American,,,,,US
17424,US,US,North American,97.5952,1325.8088,63.3564,78.7025,US
17425,US,US,North American,62.4388,281.3632,1.2597,4.5957,US
17426,US,US,North American,233.2044,2597.7103,363.7312,12.6703,US
17427,US,US,North American,44.3075,1539.3993,199.1417,58.9104,US
17428,US,US,North American,84.9995,3629.2619,735.5521,25.3525,US
17429,US,US,North American,36.2463,161.6301,7.6094,1.1909,US
17430,US,US,North American,271.2418,2352.6587,35.4895,123.2241,US
17431,US,US,North American,900.4748,3497.2500,0.4452,1.2000,US
17432,US,US,North American,14.5463,1219.8658,78.2979,92.6464,US
17433,US,US,North American,15.9306,185.6759,1.9466,13.7775,US
17434,US,US,North American,201.8454,1232.0676,93.3650,2.3306,US
17435,US,US,North American,70.6603,2425.4477,210.6949,140.6510,US
17436,US,US,North American,61.0081,1602.2905,213.4356,55.2237,US
17437,US,US,North American,33.1708,462.5138,67.8497,7.4972,US
17438,US,US,North American,29.1426,2207.3417,195.4963,141.5122,US
17439,US,US,North American,335.1035,1832.5938,80.2616,23.3561,US
17440,US,US,North American,555.7466,2977.3923,49.7510,64.3308,US
17441,US,US,North American,23.8573,2194.1265,363.7076,64.1367,US
17442,US,US,North American,12.1267,59.8830,2.6415,1.7871,US
17443,US,US,North American,28.0310,117.5644,2.5506,5.5144,US
17444,US,US,North American,8.0274,35.5100,1.0230,0.3793,US
17445,US,US,North American,384.0505,3687.9244,109.4429,194.0155,US
17446,US,US,North American,42.6439,10030.2250,1321.0854,470.6866,US
17447,US,US,North American,22.1288,2228.2173,300.8071,107.0448,US
17448,US,US,North American,7.6932,1250.2040,27.2368,129.4996,US
17449,US,US,North American,253.1123,2252.3472,173.2166,64.1461,US
17450,US,US,North American,58.2650,952.4682,91.5088,38.1657,US
17451,US,US,North American,29.9013,135.7779,7.1527,1.1752,US
17452,US,US,North American,19.9273,729.8673,101.2431,25.6090,US
17453,US,US,North American,734.9938,3006.3720,27.0812,17.8296,US
17454,US,US,North American,380.2144,1671.6605,8.6511,15.5458,US
17455,US,US,North American,141.2481,1440.6139,101.8901,50.9329,US
17456,US,US,North American,35.8660,1984.3979,184.0029,122.0720,US
17457,US,US,North American,14.8247,837.8168,39.5695,68.6629,US
17458,US,US,North American,,,,,US
17459,US,US,North American,21.8408,287.3933,47.3318,1.5961,US
17460,US,US,North American,200.7562,4386.0979,121.7011,346.1212,US
17461,US,US,North American,357.6608,2701.3300,100.3328,93.8530,US
17462,US,US,North American,81.6855,1325.6402,101.7275,62.2502,US
17463,US,US,North American,263.3015,1815.8976,147.0666,20.0091,US
17464,US,US,North American,408.1752,3797.5252,63.0593,216.4094,US
17465,US,US,North American,163.5578,1674.8917,139.0190,57.0907,US
17466,US,US,North American,1479.3765,9194.5512,134.7540,353.9455,US
17467,US,US,North American,21.0189,334.3824,13.9388,25.1095,US
17468,US,US,North American,369.4690,5168.4751,102.3412,369.0565,US
17469,US,US,North American,75.6350,2365.7496,99.6335,187.9060,US
17470,US,US,North American,10.7728,738.6112,111.8487,28.5894,US
17471,US,US,North American,94.1395,3437.5534,413.7414,166.0412,US
17472,US,US,North American,204.5889,1632.7368,196.6466,9.4727,US
17473,US,US,North American,0.2123,0.6302,0.0106,0.0018,US
17474,US,US,North American,370.4109,3393.1053,203.2578,131.4357,US
17475,US,US,North American,26.7376,831.3095,40.0863,63.2131,US
17476,US,US,North American,25.5999,949.8560,45.8208,73.5833,US
17477,US,US,North American,137.7155,535.7500,1.3410,0.3480,US
17478,US,US,North American,241.5378,1456.6579,22.8981,43.9869,US
17479,US,US,North American,40.5084,649.2700,7.5444,55.4980,US
17480,US,US,North American,109.4658,596.4900,11.5290,12.5622,US
17481,US,US,North American,152.1126,819.1920,18.8450,14.2700,US
17482,US,US,North American,274.4792,2290.8400,50.4300,123.1788,US
17483,US,US,North American,34.2158,5759.8200,753.5920,268.9456,US
17484,US,US,North American,219.3396,1014.4665,23.0411,7.1025,US
17485,US,US,North American,67.8255,496.5000,14.6145,22.2000,US
17486,US,US,North American,70.3720,1189.8672,90.9921,64.2507,US
17487,US,US,North American,65.4678,3058.6124,174.6283,228.9816,US
17488,US,US,North American,226.2280,6748.7267,600.4969,378.1911,US
17489,US,US,North American,384.6008,3873.5827,37.6770,253.2113,US
17490,US,US,North American,69.5291,8729.0723,358.1700,778.5800,US
17491,US,US,North American,13.6633,1167.3492,90.6926,82.4945,US
17492,US,US,North American,180.4730,2212.6780,115.3346,114.9649,US
17493,US,US,North American,73.4452,1341.8509,20.8481,111.5396,US
17494,US,US,North American,4.0115,353.0333,78.5400,1.9833,US
17495,US,US,North American,29.3544,980.2782,6.0703,95.6049,US
17496,US,US,North American,33.6143,173.7567,5.4379,4.7633,US
17497,US,US,North American,13.7631,511.1260,47.2823,29.4109,US
17498,US,US,North American,38.6246,383.6025,7.0872,22.3645,US
17499,US,US,North American,16.2039,899.8260,6.6688,95.2372,US
17500,US,US,North American,205.4572,2182.7440,79.5116,119.2113,US
17501,US,US,North American,49.7372,2859.5660,526.4412,61.2935,US
17502,US,US,North American,0.4903,3518.2350,470.2299,167.1957,US
17503,US,US,North American,118.3659,702.2842,20.2437,20.4176,US
17504,US,US,North American,28.4231,1076.6410,14.2728,101.4524,US
17505,US,US,North American,65.9524,2011.5588,85.4123,154.5248,US
17506,US,US,North American,322.6458,2000.3360,39.4178,71.8320,US
17507,US,US,North American,50.7682,673.2150,25.7420,40.4725,US
17508,US,US,North American,81.1296,899.1988,123.2580,17.3955,US
17509,US,US,North American,199.2791,1071.6136,65.4597,4.8294,US
17510,US,US,North American,394.9469,3591.8000,14.6168,227.7470,US
17511,US,US,North American,311.5454,1772.8960,81.2448,25.6222,US
17512,US,US,North American,436.5306,1759.2520,3.9936,4.8858,US
17513,US,US,North American,19.0423,74.1375,0.1775,0.2821,US
17514,US,US,North American,887.0377,8566.6807,153.4688,521.8760,US
17515,US,US,North American,57.7161,2584.8400,141.9876,205.5580,US
17516,US,US,North American,21.2744,89.9550,4.4978,0.4498,US
17517,US,US,North American,0.4427,359.4991,0.0327,40.5169,US
17518,US,US,North American,620.0645,5055.7010,27.6117,291.0060,US
17519,US,US,North American,188.5984,6716.8033,436.2667,470.3531,US
17520,US,US,North American,195.2246,1497.7599,67.6633,54.1627,US
17521,US,US,North American,0.5042,2.5257,0.0648,0.0296,US
17522,US,US,North American,4.3297,940.6050,28.4736,88.9888,US
17523,US,US,North American,56.3046,1031.9298,105.6660,44.7461,US
17524,US,US,North American,164.7523,1058.3560,21.5205,38.0815,US
17525,US,US,North American,13.4334,546.6049,41.3344,35.9534,US
17526,US,US,North American,26.2163,621.7384,2.9822,54.9316,US
17527,US,US,North American,124.0460,741.8300,32.6802,19.1732,US
17528,US,US,North American,409.0599,4722.9877,85.8273,314.4166,US
17529,US,US,North American,1.7734,7.0374,0.0089,0.0447,US
17530,US,US,North American,35.3652,811.9981,18.7708,70.9376,US
17531,US,US,North American,61.4438,6028.0900,18.6015,665.7402,US
17532,US,US,North American,119.9869,1541.4332,16.9407,115.2489,US
17533,US,US,North American,128.7456,912.1656,26.5028,35.0117,US
17534,US,US,North American,472.9683,3530.0860,45.0758,178.0519,US
17535,US,US,North American,67.9560,5383.6137,380.2045,395.2621,US
17536,US,US,North American,4.7388,18.4800,0.0000,0.0528,US
17537,US,US,North American,15.8653,682.4625,39.1747,52.2260,US
17538,US,US,North American,460.9332,3747.4560,70.9163,199.2326,US
17539,US,US,North American,,,,,US
17540,US,US,North American,128.1459,2738.4898,13.2853,249.6711,US
17541,US,US,North American,89.4585,2176.3702,260.1675,84.0461,US
17542,US,US,North American,95.9251,2160.0214,154.4269,124.5510,US
17543,US,US,North American,2.5393,849.0330,1.2807,92.9036,US
17544,US,US,North American,38.2487,631.1254,115.6619,4.2779,US
17545,US,US,North American,6.7801,279.3260,1.6913,28.6534,US
17546,US,US,North American,10.5919,1531.0189,146.1268,96.4203,US
17547,US,US,North American,69.6010,408.7850,16.4973,15.9692,US
17548,US,US,North American,225.8165,8056.3040,967.2934,353.3007,US
17549,US,US,North American,53.4349,595.2907,38.2681,33.8830,US
17550,US,US,North American,11.4821,1175.5015,90.4988,82.4244,US
17551,US,US,North American,122.1041,569.9052,16.0406,6.0381,US
17552,US,US,North American,525.4003,3610.2567,65.9248,154.9892,US
17553,US,US,North American,235.3370,1909.1018,195.1632,22.9002,US
17554,US,US,North American,275.5664,1697.0333,52.3647,45.9756,US
17555,US,US,North American,0.0000,298.3500,0.0000,33.7500,US
17556,US,US,North American,245.9697,2307.4312,178.8000,72.6989,US
17557,US,US,North American,329.0162,1980.4700,88.4496,47.4324,US
17558,US,US,North American,379.8987,9034.9806,429.8120,640.2059,US
17559,US,US,North American,22.0194,175.9220,0.8832,0.2176,US
17560,US,US,North American,8.2507,643.7348,123.3976,9.1574,US
17561,US,US,North American,30.7212,1724.0136,318.9943,37.4640,US
17562,US,US,North American,89.0736,1084.6014,135.4803,18.8512,US
17563,US,US,North American,425.2767,3656.7800,24.4479,219.2615,US
17564,US,US,North American,19.3909,106.5201,7.4699,0.7060,US
17565,US,US,North American,2.1608,516.0560,13.8928,51.4204,US
17566,US,US,North American,31.2252,2175.2431,158.3913,154.0112,US
17567,US,US,North American,17.8740,283.5687,9.7318,21.6866,US
17568,US,US,North American,751.8515,10813.6961,658.3523,574.2857,US
17569,US,US,North American,78.4086,1891.6635,65.0524,152.6199,US
17570,US,US,North American,457.8432,3197.5318,44.0670,153.1658,US
17571,US,US,North American,96.5261,940.0482,22.1179,58.0419,US
17572,US,US,North American,39.6323,172.7835,1.6176,1.1431,US
17573,US,US,North American,343.8592,5191.3000,21.0349,431.1380,US
17574,US,US,North American,60.0998,296.9100,12.3940,6.9390,US
17575,US,US,North American,90.0436,3410.8484,481.5159,127.1701,US
17576,US,US,North American,6.8988,3160.4544,269.7696,224.9755,US
17577,US,US,North American,24.9974,917.8342,94.0933,46.8184,US
17578,US,US,North American,192.0243,1580.3536,42.4058,88.0527,US
17579,US,US,North American,103.2490,455.0025,10.3346,5.7192,US
17580,US,US,North American,43.5736,730.2550,57.2902,40.0723,US
17581,US,US,North American,9.7160,2534.0000,108.7800,225.0920,US
17582,US,US,North American,31.7822,782.1970,27.8811,62.6120,US
17583,US,US,North American,226.7296,3055.9560,111.1118,190.5255,US
17584,US,US,North American,89.1027,1401.7275,61.0903,94.5967,US
17585,US,US,North American,4.1253,765.1150,151.4590,11.3454,US
17586,US,US,North American,83.9915,1392.4430,49.5184,101.4507,US
17587,US,US,North American,73.2742,783.3754,63.0167,27.3317,US
17588,US,US,North American,148.1099,8059.2919,492.6997,606.4961,US
17589,US,US,North American,204.6017,6301.9673,364.4180,457.7606,US
17590,US,US,North American,58.5752,12201.9810,267.3811,1212.4051,US
17591,US,US,North American,179.2648,2629.1231,81.4052,188.1159,US
17592,US,US,North American,7.2824,179.4450,5.6276,15.9665,US
17593,US,US,North American,29.4500,409.6433,32.2923,20.0351,US
17594,US,US,North American,31.4280,684.0000,21.3720,57.6000,US
17595,US,US,North American,52.3821,570.8850,23.3459,36.4608,US
17596,US,US,North American,114.0021,2760.8456,101.2854,226.4852,US
17597,US,US,North American,3.9285,85.5000,2.6715,7.2000,US
17598,US,US,North American,387.8146,9732.5805,1336.9416,280.3509,US
17599,US,US,North American,50.0503,843.7042,37.9448,59.6413,US
17600,US,US,North American,9.4349,249.8700,3.7712,22.8637,US
17601,US,US,North American,3.9672,421.3476,90.5234,2.3267,US
17602,US,US,North American,192.3260,3641.3284,299.3038,184.4972,US
17603,US,US,North American,40.0944,1605.3300,9.0826,158.1403,US
17604,US,US,North American,23.2761,369.3740,25.8756,19.1623,US
17605,US,US,North American,27.2800,602.5550,20.6256,49.8058,US
17606,US,US,North American,586.5146,4477.0280,38.0458,248.3225,US
17607,US,US,North American,7.0646,2164.2799,51.1744,224.2035,US
17608,US,US,North American,62.6310,386.6783,5.5913,14.4834,US
17609,US,US,North American,163.3772,1149.3559,35.3715,45.3508,US
17610,US,US,North American,19.9132,358.2540,10.6860,28.8000,US
17611,US,US,North American,17.0568,162.0080,3.9047,9.6302,US
17612,US,US,North American,25.0695,1427.3317,184.7317,66.2970,US
17613,US,US,North American,6.6403,433.6751,90.9471,2.6611,US
17614,US,US,North American,8.8132,45.3350,2.0261,1.5454,US
17615,US,US,North American,1332.8234,10830.9160,85.0568,643.6554,US
17616,US,US,North American,6.1935,286.9576,37.7447,11.5362,US
17617,US,US,North American,1.7288,224.5420,1.6270,23.3012,US
17618,US,US,North American,32.2492,691.8416,21.4901,57.6805,US
17619,US,US,North American,6.8501,421.7300,3.5106,42.9988,US
17620,US,US,North American,19.3890,1240.8615,104.2123,81.5035,US
17621,US,US,North American,101.7000,1889.2727,285.4032,32.9162,US
17622,US,US,North American,42.2419,7969.3191,105.7881,840.5189,US
17623,US,US,North American,25.7541,2941.8431,241.1046,203.4324,US
17624,US,US,North American,152.3789,3420.6674,83.4036,280.2427,US
17625,US,US,North American,32.9678,360.8670,12.8305,21.8124,US
17626,US,US,North American,25.2243,387.6250,11.2782,29.1597,US
17627,US,US,North American,37.1464,1262.9658,18.2750,119.8273,US
17628,US,US,North American,8.8698,1157.9885,197.7414,38.1096,US
17629,US,US,North American,16.0992,344.2626,10.7953,28.8660,US
17630,US,US,North American,0.4657,839.5242,0.9524,92.8122,US
17631,US,US,North American,55.4040,928.8000,22.3080,73.6320,US
17632,US,US,North American,61.6360,1751.1750,71.5910,147.6182,US
17633,US,US,North American,15.2429,112.4836,3.2570,4.6450,US
17634,US,US,North American,35.5348,773.1590,1.4079,71.7053,US
17635,US,US,North American,92.4803,596.1305,37.8555,19.1153,US
17636,US,US,North American,16.4340,485.0000,23.2460,38.3100,US
17637,US,US,North American,6.7244,686.8374,47.7832,51.5431,US
17638,US,US,North American,,,,,US
17639,US,US,North American,62.0595,370.2550,18.7368,4.7387,US
17640,US,US,North American,38.1840,381.8400,7.0520,22.3600,US
17641,US,US,North American,15.2235,420.6320,30.6335,27.1840,US
17642,US,US,North American,3.3291,5722.8902,305.4762,498.6650,US
17643,US,US,North American,7.7805,35.4257,1.2327,0.4774,US
17644,US,US,North American,1.3006,5.9390,0.2548,0.1893,US
17645,US,US,North American,23.7846,813.0150,40.1198,64.4970,US
17646,US,US,North American,7.8570,171.0000,5.3430,14.4000,US
17647,US,US,North American,432.1098,1900.8400,12.5942,17.5312,US
17648,US,US,North American,17.6347,11248.4315,963.3265,783.6378,US
17649,US,US,North American,52.6386,5134.5631,107.9987,511.8511,US
17650,US,US,North American,,,,,US
17651,US,US,North American,65.8648,7492.0072,9.5123,818.8261,US
17652,US,US,North American,,,,,US
17653,US,US,North American,28.2144,5144.2988,410.2659,366.3409,US
17654,US,US,North American,39.7433,2765.8416,239.8245,175.9727,US
17655,US,US,North American,210.8125,2256.1912,254.8652,36.6371,US
17656,US,US,North American,114.7480,507.6000,13.8300,4.1200,US
17657,US,US,North American,38.4113,18050.8131,1612.5930,1225.3583,US
17658,US,US,North American,145.2273,1718.5244,216.0651,28.5823,US
17659,US,US,North American,,,,,US
17660,US,US,North American,34.3970,4242.7674,180.9465,379.5224,US
17661,US,US,North American,,,,,US
17662,US,US,North American,,,,,US
17663,US,US,North American,50.2590,227.5500,2.5200,1.8285,US
17664,US,US,North American,,,,,US
17665,US,US,North American,149.9700,580.5000,0.0000,0.0000,US
17666,US,US,North American,0.0000,806.9352,179.5204,4.5333,US
17667,US,US,North American,66.8272,6889.3854,408.2788,542.9120,US
17668,US,US,North American,1.4467,590.3882,0.7585,60.1317,US
17669,US,US,North American,,,,,US
17670,US,US,North American,197.3401,1821.2538,220.3675,17.8342,US
17671,US,US,North American,19.0920,190.9200,3.5260,11.1800,US
17672,US,US,North American,30.8757,1035.8470,92.0177,58.8987,US
17673,US,US,North American,67.6795,1837.6905,164.9448,99.5673,US
17674,US,US,North American,5.8316,74.4200,3.8430,3.9894,US
17675,US,US,North American,0.0000,3086.4015,423.9469,157.9205,US
17676,US,US,North American,95.4393,1371.6817,63.0342,87.1869,US
17677,US,US,North American,40.9035,1561.8100,113.0839,105.0663,US
17678,US,US,North American,15.2621,270.3738,46.7674,1.6122,US
17679,US,US,North American,88.8152,676.3947,79.0281,4.7118,US
17680,US,US,North American,21.8775,99.1720,3.9244,1.0449,US
17681,US,US,North American,,,,,US
17682,US,US,North American,13.8097,8734.4429,417.3076,768.5352,US
17683,US,US,North American,54.1624,716.2212,104.1960,7.3014,US
17684,US,US,North American,91.6475,869.1521,23.9018,47.6352,US
17685,US,US,North American,4.6554,259.2900,0.8224,27.0550,US
17686,US,US,North American,19.5615,1838.3908,107.7536,145.1771,US
17687,US,US,North American,15.7160,11324.9898,328.5639,1133.9468,US
17688,US,US,North American,144.2087,2371.3661,283.9432,66.5723,US
17689,US,US,North American,61.6324,729.0600,63.8100,24.5508,US
17690,US,US,North American,286.2069,2729.8375,235.4204,75.7113,US
17691,US,US,North American,26.2689,1563.2942,185.0982,78.1100,US
17692,US,US,North American,4.5573,18.8880,0.5221,0.3118,US
17693,US,US,North American,21.0650,1070.0338,85.8466,71.6853,US
17694,US,US,North American,83.3199,1398.8297,112.2840,71.1478,US
17695,US,US,North American,301.7739,1755.6900,53.5362,33.9846,US
17696,US,US,North American,286.0986,2025.7786,77.9230,73.1656,US
17697,US,US,North American,5.3988,473.3340,44.8564,29.1190,US
17698,US,US,North American,45.3224,1737.6508,79.6539,139.2632,US
17699,US,US,North American,119.1251,1106.2165,35.9335,57.3974,US
17700,US,US,North American,801.9321,5260.0110,107.0645,194.9731,US
17701,US,US,North American,32.1553,371.5428,3.5654,27.5682,US
17702,US,US,North American,119.5366,1297.9800,48.3304,72.4226,US
17703,US,US,North American,1.2128,217.5240,18.8406,14.2656,US
17704,US,US,North American,10.2944,651.9302,2.2324,68.1908,US
17705,US,US,North American,50.1524,1665.4987,165.3113,87.3699,US
17706,US,US,North American,328.2588,2685.3778,55.6397,129.7320,US
17707,US,US,North American,7.1420,996.1433,74.2296,73.1081,US
17708,US,US,North American,231.7966,4441.2021,98.6564,356.6853,US
17709,US,US,North American,0.3600,541.2900,6.2800,59.2550,US
17710,US,US,North American,9.3735,151.9133,3.5154,11.9643,US
17711,US,US,North American,302.1991,2245.0226,46.4341,93.3868,US
17712,US,US,North American,44.4954,452.0080,6.9488,29.5590,US
17713,US,US,North American,3.0313,466.5495,44.6474,29.4760,US
17714,US,US,North American,8.2424,1325.2411,181.1979,59.3939,US
17715,US,US,North American,694.7618,4405.9110,103.6438,145.1471,US
17716,US,US,North American,14.6113,178.0950,2.1125,13.7803,US
17717,US,US,North American,119.4408,1115.9260,40.5036,61.8410,US
17718,US,US,North American,16.2885,1325.9864,86.8708,100.9377,US
17719,US,US,North American,447.1475,2344.9050,73.8567,23.7339,US
17720,US,US,North American,221.2605,1594.9618,48.2447,61.4244,US
17721,US,US,North American,830.6350,5157.6512,85.0679,171.8661,US
17722,US,US,North American,3.4029,17.0554,0.6752,0.5685,US
17723,US,US,North American,85.1965,1122.2617,54.9215,66.5722,US
17724,US,US,North American,34.5630,1789.6478,365.6202,12.0118,US
17725,US,US,North American,244.5390,1690.4575,54.8805,49.6335,US
17726,US,US,North American,62.8560,1368.0000,42.7440,115.2000,US
17727,US,US,North American,36.2466,5770.3940,303.9179,490.4533,US
17728,US,US,North American,48.1064,3659.5367,107.2109,339.5333,US
17729,US,US,North American,827.9514,6354.0300,104.2135,308.4642,US
17730,US,US,North American,31.4280,2297.8703,380.4128,66.6667,US
17731,US,US,North American,230.5609,2023.8434,49.2312,101.4920,US
17732,US,US,North American,385.2285,4354.4860,46.1918,300.8225,US
17733,US,US,North American,1034.5787,5023.2772,269.3135,19.6427,US
17734,US,US,North American,33.2720,3090.8375,548.2252,71.3440,US
17735,US,US,North American,111.9589,2385.8764,203.5487,125.0363,US
17736,US,US,North American,2.6250,221.2500,5.3250,21.4500,US
17737,US,US,North American,609.3056,3299.7562,105.0817,59.5709,US
17738,US,US,North American,14.4549,186.2773,0.9504,13.9942,US
17739,US,US,North American,33.3122,6571.5500,143.0037,653.7501,US
17740,US,US,North American,12.2589,48.7366,0.0486,0.0132,US
17741,US,US,North American,7.5774,156.3440,2.0352,14.0280,US
17742,US,US,North American,34.1589,1499.2193,201.0493,62.1639,US
17743,US,US,North American,18.4555,104.3118,6.2053,0.4620,US
17744,US,US,North American,,,,,US
17745,US,US,North American,58.7448,255.8400,5.9040,3.1980,US
17746,US,US,North American,39.1405,7045.3157,131.7878,709.4081,US
17747,US,US,North American,33.8787,1968.3919,184.7148,120.1508,US
17748,US,US,North American,140.1740,4570.2876,114.4106,406.5273,US
17749,US,US,North American,314.8864,2018.3632,91.3058,40.8952,US
17750,US,US,North American,1507.4537,8797.1667,145.0311,250.7240,US
17751,US,US,North American,81.8507,943.3827,116.5914,20.4709,US
17752,US,US,North American,5.3716,131.3793,2.8753,11.7483,US
17753,US,US,North American,57.7945,458.7000,8.9560,22.5225,US
17754,US,US,North American,1308.7939,7640.4700,126.1413,217.4769,US
17755,US,US,North American,101.2496,1915.8100,53.7335,152.5169,US
17756,US,US,North American,8.6353,548.0800,23.2558,47.4178,US
17757,US,US,North American,46.2660,1507.4952,187.4944,60.4233,US
17758,US,US,North American,15.7625,379.8985,5.2374,34.2633,US
17759,US,US,North American,247.1523,1210.9472,81.4730,9.6293,US
17760,US,US,North American,172.0863,2519.7217,68.9439,177.0779,US
17761,US,US,North American,83.5290,1171.5093,47.4935,74.5629,US
17762,US,US,North American,26.3175,580.7615,6.4241,51.1116,US
17763,US,US,North American,57.2069,640.7860,9.6391,41.6911,US
17764,US,US,North American,256.3245,1871.3075,46.0650,70.8085,US
17765,US,US,North American,114.5366,691.2800,4.8492,29.8726,US
17766,US,US,North American,393.3948,4955.5647,130.4857,325.5278,US
17767,US,US,North American,311.8614,2224.8723,97.3562,62.4956,US
17768,US,US,North American,55.2893,1531.4607,45.0158,124.1184,US
17769,US,US,North American,165.8730,2397.2416,133.0531,131.4123,US
17770,US,US,North American,1381.6400,8091.8676,160.2802,225.8667,US
17771,US,US,North American,158.6634,655.1070,4.9694,1.6339,US
17772,US,US,North American,73.1511,1959.3737,192.6627,97.4020,US
17773,US,US,North American,67.8815,303.8398,2.4519,2.1022,US
17774,US,US,North American,104.0202,894.0107,15.8736,50.4667,US
17775,US,US,North American,12.0216,176.2200,1.6440,13.6200,US
17776,US,US,North American,35.3605,1404.4089,169.6181,61.5574,US
17777,US,US,North American,110.8202,5002.3563,399.0002,318.8146,US
17778,US,US,North American,38.7296,2076.3575,150.0458,146.5022,US
17779,US,US,North American,210.3364,1435.2600,37.2844,50.0252,US
17780,US,US,North American,125.6946,1717.6510,61.9662,108.2239,US
17781,US,US,North American,168.9292,1688.3400,27.0620,104.0808,US
17782,US,US,North American,104.2430,6420.7737,40.0512,680.7600,US
17783,US,US,North American,8.3254,610.2432,44.3950,43.7153,US
17784,US,US,North American,0.0000,201.7338,44.8801,1.1333,US
17785,US,US,North American,14.9518,144.2767,8.8310,5.6554,US
17786,US,US,North American,216.3940,1259.0000,23.2460,38.3100,US
17787,US,US,North American,353.9356,1858.5084,67.3697,23.7499,US
17788,US,US,North American,265.4776,3544.6720,57.0530,259.8850,US
17789,US,US,North American,9.8420,1296.8200,94.0504,97.2676,US
17790,US,US,North American,110.8382,1021.4520,26.6122,59.4317,US
17791,US,US,North American,8.6167,2739.4854,372.1287,126.4483,US
17792,US,US,North American,0.4406,1.7625,0.0352,0.0045,US
17793,US,US,North American,0.0000,469.7900,0.0000,54.5000,US
17794,US,US,North American,86.2354,1950.1308,25.2380,173.1170,US
17795,US,US,North American,74.7583,955.3360,39.3705,57.4225,US
17796,US,US,North American,28.6380,286.3800,5.2890,16.7700,US
17797,US,US,North American,311.8596,2443.0327,69.0196,108.3257,US
17798,US,US,North American,8.8145,1032.0565,8.1566,109.0474,US
17799,US,US,North American,245.1814,7124.5364,391.9690,514.9618,US
17800,US,US,North American,3.2985,91.9868,2.9552,0.1161,US
17801,US,US,North American,9.0161,3033.0367,89.9177,290.3533,US
17802,US,US,North American,95.0242,703.3393,27.1867,30.1756,US
17803,US,US,North American,67.7896,505.2128,47.3171,3.2308,US
17804,US,US,North American,1327.5355,9139.6400,158.7088,370.5838,US
17805,US,US,North American,4.9720,1005.5892,14.4888,103.2861,US
17806,US,US,North American,17.0857,74.4611,3.6526,0.6369,US
17807,US,US,North American,22.0753,117.8020,0.0113,0.0085,US
17808,US,US,North American,8.9879,493.3500,24.9298,39.4284,US
17809,US,US,North American,176.5827,2832.4840,60.1012,213.7130,US
17810,US,US,North American,425.3830,1789.5000,12.8810,9.7935,US
17811,US,US,North American,262.0932,1765.1260,38.8852,71.5908,US
17812,US,US,North American,726.9501,6521.1221,277.1161,281.3472,US
17813,US,US,North American,0.4116,1.2808,0.0486,0.0132,US
17814,US,US,North American,78.4021,4626.4765,359.6114,312.3169,US
17815,US,US,North American,4.5810,998.7172,206.4824,10.8773,US
17816,US,US,North American,316.3193,1829.1050,56.0374,46.7026,US
17817,US,US,North American,31.4800,3349.9032,718.0816,18.1755,US
17818,US,US,North American,27.8018,1026.9360,93.3175,60.2120,US
17819,US,US,North American,27.8044,656.3352,109.4409,13.4112,US
17820,US,US,North American,24.6540,1169.7070,62.4006,93.7622,US
17821,US,US,North American,40.1660,2666.8270,192.7378,187.2677,US
17822,US,US,North American,212.1545,934.9360,7.6885,7.9813,US
17823,US,US,North American,219.5479,1984.0916,53.1048,108.4870,US
17824,US,US,North American,185.0128,1332.6952,52.7572,42.1794,US
17825,US,US,North American,48.8505,912.3360,30.5808,66.6119,US
17826,US,US,North American,1.4625,449.7726,89.9650,6.8499,US
17827,US,US,North American,264.2966,2445.8607,107.8420,116.5136,US
17828,US,US,North American,0.7200,1398.8852,192.2239,65.0268,US
17829,US,US,North American,166.4767,871.2991,35.1593,14.3890,US
17830,US,US,North American,34.9817,1000.3307,192.3405,5.4780,US
17831,US,US,North American,346.3074,3960.2707,151.8769,217.4841,US
17832,US,US,North American,548.8010,4220.7950,28.1738,231.7275,US
17833,US,US,North American,153.1330,897.6307,8.0064,31.4510,US
17834,US,US,North American,218.2845,2008.1120,80.1748,94.2706,US
17835,US,US,North American,21.1955,8765.2177,297.4262,843.6503,US
17836,US,US,North American,11.0767,626.1152,37.7442,46.9930,US
17837,US,US,North American,143.4316,2489.3820,370.2911,37.9255,US
17838,US,US,North American,14.9440,64.0000,1.7600,0.1600,US
17839,US,US,North American,37.8480,1250.0200,21.2960,119.9660,US
17840,US,US,North American,333.2504,2074.4835,40.2466,72.0672,US
17841,US,US,North American,10.6490,455.4000,5.6120,44.5050,US
17842,US,US,North American,78.8184,3485.1275,277.2456,219.6606,US
17843,US,US,North American,201.1200,1647.0048,68.0086,77.7689,US
17844,US,US,North American,1232.2944,5242.7470,61.5420,66.3457,US
17845,US,US,North American,7.6494,287.5590,0.7700,27.2700,US
17846,US,US,North American,7.8624,275.4000,0.9720,27.1800,US
17847,US,US,North American,179.4850,1909.4417,269.3967,6.9417,US
17848,US,US,North American,24.2096,1182.1606,136.0468,57.2237,US
17849,US,US,North American,74.4191,1149.6001,82.3643,58.8481,US
17850,US,US,North American,17.7032,77.9972,2.4547,0.5843,US
17851,US,US,North American,38.8692,447.7640,7.2090,30.0620,US
17852,US,US,North American,114.3065,1891.8184,78.1805,130.9236,US
17853,US,US,North American,121.7365,600.5400,15.6955,8.9760,US
17854,US,US,North American,10.9255,2401.1276,97.4372,225.2987,US
17855,US,US,North American,380.4056,2113.9252,84.5227,33.9344,US
17856,US,US,North American,413.4123,2745.8460,47.5240,116.5150,US
17857,US,US,North American,28.5675,3289.0899,384.9131,173.4261,US
17858,US,US,North American,24.4483,88.5667,0.3604,0.0565,US
17859,US,US,North American,90.7794,1216.2760,8.8706,95.3457,US
17860,US,US,North American,39.0850,1570.5077,151.8762,90.5895,US
17861,US,US,North American,93.3370,526.7570,8.2430,12.6187,US
17862,US,US,North American,23.7592,149.8032,4.8384,5.6955,US
17863,US,US,North American,57.2569,1208.6569,11.4807,109.7220,US
17864,US,US,North American,72.9369,690.6200,9.2303,44.5357,US
17865,US,US,North American,1.9942,1990.4380,12.5600,214.5100,US
17866,US,US,North American,52.7261,1674.6072,251.8341,49.5841,US
17867,US,US,North American,142.3125,1940.7826,104.6824,102.8253,US
17868,US,US,North American,30.9412,663.7344,107.3398,12.5134,US
17869,US,US,North American,389.0190,4441.3646,164.5948,242.9286,US
17870,US,US,North American,94.8322,1344.2630,102.4684,64.3041,US
17871,US,US,North American,20.6186,263.2500,5.9215,19.1093,US
17872,US,US,North American,15.8529,1662.7562,109.2776,128.3025,US
17873,US,US,North American,23.5857,1119.2700,35.3196,101.7762,US
17874,US,US,North American,541.5204,5793.0762,471.4334,211.1960,US
17875,US,US,North American,21.3393,419.2020,5.6676,37.1700,US
17876,US,US,North American,7.5504,31.2000,1.3520,0.2288,US
17877,US,US,North American,18.9112,2198.7232,77.3234,203.6203,US
17878,US,US,North American,41.5152,185.7600,6.0048,2.1168,US
17879,US,US,North American,18.5453,80.6269,2.5089,0.3165,US
17880,US,US,North American,130.9050,1203.2871,53.6665,50.3818,US
17881,US,US,North American,22.3670,258.5382,10.3282,15.1591,US
17882,US,US,North American,73.2562,4518.5382,95.1548,436.1894,US
17883,US,US,North American,31.0912,855.0862,150.8855,11.8129,US
17884,US,US,North American,1.9836,631.7350,59.2866,42.0175,US
17885,US,US,North American,,,,,US
17886,US,US,North American,42.7925,1939.9053,319.0760,49.3224,US
17887,US,US,North American,169.4122,3783.1049,158.5001,284.7829,US
17888,US,US,North American,21.7899,780.5446,118.6319,21.8885,US
17889,US,US,North American,195.8343,5687.3692,902.5343,117.4879,US
17890,US,US,North American,172.6132,1207.0500,57.7183,34.7149,US
17891,US,US,North American,18.3345,366.0196,6.6586,32.6799,US
17892,US,US,North American,26.9249,505.2166,95.0427,3.1391,US
17893,US,US,North American,100.5113,399.0960,0.0025,0.0025,US
17894,US,US,North American,35.3920,652.7476,95.2469,17.2057,US
17895,US,US,North American,38.5933,2177.6223,370.5066,50.6530,US
17896,US,US,North American,154.0188,883.3240,20.7977,21.2100,US
17897,US,US,North American,25.7567,318.9800,15.6579,16.3818,US
17898,US,US,North American,4.6381,776.7360,16.1141,78.1315,US
17899,US,US,North American,21.2901,446.3840,17.9406,33.8097,US
17900,US,US,North American,60.7116,817.1004,28.7162,55.0619,US
17901,US,US,North American,153.0326,766.2613,16.1271,8.4527,US
17902,US,US,North American,3.4544,912.8270,88.7083,57.8474,US
17903,US,US,North American,58.8188,10825.7031,2309.0319,88.4002,US
17904,US,US,North American,13.8301,162.2571,24.8223,1.0025,US
17905,US,US,North American,289.0343,4352.5285,222.9889,274.2890,US
17906,US,US,North American,499.0275,4515.7295,57.5349,272.0566,US
17907,US,US,North American,52.7564,1379.9158,61.5469,105.3414,US
17908,US,US,North American,349.4552,1884.3740,38.7204,33.9767,US
17909,US,US,North American,22.7423,237.9503,24.7412,5.5629,US
17910,US,US,North American,99.9800,387.0000,0.0000,0.0000,US
17911,US,US,North American,254.6168,990.4020,3.6016,1.1064,US
17912,US,US,North American,527.0628,2954.2715,94.8060,46.9018,US
17913,US,US,North American,455.4807,10577.5847,1475.9208,291.2457,US
17914,US,US,North American,39.5483,207.9642,10.0720,0.7643,US
17915,US,US,North American,211.0590,1107.1480,35.4967,11.7484,US
17916,US,US,North American,585.0558,19357.9348,3073.7256,430.8969,US
17917,US,US,North American,18.7276,131.6482,5.6604,7.2087,US
17918,US,US,North American,,,,,US
17919,US,US,North American,66.4427,852.6490,16.8081,59.7512,US
17920,US,US,North American,120.1887,1896.3356,234.4180,57.6661,US
17921,US,US,North American,594.0321,3504.4400,131.5105,70.1819,US
17922,US,US,North American,101.0838,996.1532,134.7366,3.4848,US
17923,US,US,North American,58.3895,378.6728,9.6416,12.3377,US
17924,US,US,North American,109.2243,4868.3480,103.5454,445.8639,US
17925,US,US,North American,16.2248,474.2876,92.1150,2.4667,US
17926,US,US,North American,691.4684,3532.4222,113.3289,35.5227,US
17927,US,US,North American,335.2337,1803.6712,63.4983,19.5758,US
17928,US,US,North American,309.1166,7158.5305,1040.8285,171.6350,US
17929,US,US,North American,291.4458,1196.9700,13.3342,11.2055,US
17930,US,US,North American,32.5110,1000.9032,122.0430,40.3789,US
17931,US,US,North American,247.2893,5977.0069,890.8148,140.5116,US
17932,US,US,North American,470.8016,4065.0907,389.5531,115.0738,US
17933,US,US,North American,72.4562,1364.8295,110.1508,69.7405,US
17934,US,US,North American,182.5963,1378.9608,63.3876,52.7007,US
17935,US,US,North American,29.0235,1383.5494,117.7311,86.6818,US
17936,US,US,North American,364.4467,2061.2782,83.1706,34.0157,US
17937,US,US,North American,8.5910,552.0400,12.0545,52.8720,US
17938,US,US,North American,7.4475,34.2032,1.6613,0.3827,US
17939,US,US,North American,26.1939,487.4920,7.5694,41.3144,US
17940,US,US,North American,126.7746,3723.7520,85.4930,339.4050,US
17941,US,US,North American,15.3180,900.7360,104.1953,48.9734,US
17942,US,US,North American,,,,,US
17943,US,US,North American,410.4125,4672.7910,21.8458,342.0636,US
17944,US,US,North American,78.9313,1223.4299,48.3375,83.5159,US
17945,US,US,North American,107.7878,2178.4484,172.3028,125.9816,US
17946,US,US,North American,0.8522,3.0433,0.0838,0.0177,US
17947,US,US,North American,35.3143,486.2807,21.2314,30.4187,US
17948,US,US,North American,57.0210,2040.9200,29.6024,195.0650,US
17949,US,US,North American,22.1000,312.9625,3.9513,24.9251,US
17950,US,US,North American,196.5556,1324.3363,79.1442,28.5365,US
17951,US,US,North American,41.6037,186.0970,8.2092,1.6735,US
17952,US,US,North American,108.7053,1041.9600,40.6442,54.1282,US
17953,US,US,North American,222.5621,3446.5571,265.1669,163.3444,US
17954,US,US,North American,80.8781,333.0125,2.2852,0.7545,US
17955,US,US,North American,429.1342,2730.5325,33.4439,104.4204,US
17956,US,US,North American,64.9947,1355.7449,102.4680,77.4667,US
17957,US,US,North American,294.6720,2597.9867,210.5796,71.0634,US
17958,US,US,North American,15.0724,592.3733,1.0063,58.0103,US
17959,US,US,North American,38.6085,383.1004,7.0732,22.3635,US
17960,US,US,North American,288.4031,1465.6306,79.8607,8.5135,US
17961,US,US,North American,85.0868,678.9670,19.0182,31.3086,US
17962,US,US,North American,20.6899,1707.5812,88.0675,143.1564,US
17963,US,US,North American,207.2061,1767.2354,159.9369,31.3586,US
17964,US,US,North American,112.6109,3398.3600,55.6479,309.8852,US
17965,US,US,North American,15.2046,808.0004,4.5180,82.2660,US
17966,US,US,North American,10.3026,1122.7432,32.1610,107.8223,US
17967,US,US,North American,19.3457,916.3811,57.4496,69.3651,US
17968,US,US,North American,145.0690,570.9800,1.3151,0.6184,US
17969,US,US,North American,56.9935,1190.0942,2.2955,109.5840,US
17970,US,US,North American,77.8000,2327.7418,189.7204,146.0680,US
17971,US,US,North American,0.9918,3198.6567,0.1908,361.3483,US
17972,US,US,North American,6.2031,366.9377,23.3901,27.6696,US
17973,US,US,North American,122.9866,3595.6670,16.3737,345.1085,US
17974,US,US,North American,31.8752,451.1912,19.0149,28.6124,US
17975,US,US,North American,117.1407,865.6048,24.2654,34.2373,US
17976,US,US,North American,,,,,US
17977,US,US,North American,42.8904,168.7200,2.1904,0.9768,US
17978,US,US,North American,37.9834,654.4387,13.7610,50.5842,US
17979,US,US,North American,67.5585,315.3645,13.2205,2.1617,US
17980,US,US,North American,56.4023,777.4278,100.5349,15.8612,US
17981,US,US,North American,1.1000,79.0900,1.6809,7.7695,US
17982,US,US,North American,9.8495,487.1300,8.8710,46.7876,US
17983,US,US,North American,13.9813,57.0330,1.1370,0.2478,US
17984,US,US,North American,62.2700,589.3700,18.1133,35.4113,US
17985,US,US,North American,53.9521,1255.9381,50.9368,99.0311,US
17986,US,US,North American,30.2963,2338.3065,209.3753,148.9492,US
17987,US,US,North American,18.5508,1161.8149,57.2998,95.5718,US
17988,US,US,North American,6.9491,134.6263,2.4035,11.3216,US
17989,US,US,North American,230.4660,3568.6274,224.4184,204.7471,US
17990,US,US,North American,24.2377,120.2670,4.6279,0.7982,US
17991,US,US,North American,22.5368,730.1850,13.6915,66.4656,US
17992,US,US,North American,96.7069,1516.8050,89.6482,84.4123,US
17993,US,US,North American,8.6798,162.3410,0.7832,13.6227,US
17994,US,US,North American,19.8129,168.3100,3.4328,9.7279,US
17995,US,US,North American,27.4358,1046.3299,30.8642,90.4816,US
17996,US,US,North American,125.0800,679.1712,42.3952,2.8156,US
17997,US,US,North American,530.5925,2808.3634,142.8133,26.5226,US
17998,US,US,North American,221.0735,862.1230,1.2878,0.7364,US
17999,US,US,North American,47.8321,1735.1700,42.4389,158.2764,US
18000,US,US,North American,151.2103,1599.6225,33.5573,95.8526,US
18001,US,US,North American,681.1580,4111.2400,162.0056,103.7032,US
18002,US,US,North American,31.0241,150.6200,7.9849,0.8493,US
18003,US,US,North American,37.6482,5534.1857,335.2838,444.4170,US
18004,US,US,North American,52.6630,379.2034,10.7849,16.1358,US
18005,US,US,North American,54.9809,227.0338,5.7519,1.8529,US
18006,US,US,North American,2.3657,128.1790,0.2891,13.5502,US
18007,US,US,North American,102.3497,986.0720,11.2332,61.4449,US
18008,US,US,North American,43.6154,828.7800,53.0200,51.1016,US
18009,US,US,North American,29.7771,251.6800,23.5314,4.5920,US
18010,US,US,North American,36.1086,528.8686,7.5621,42.3763,US
18011,US,US,North American,105.6851,493.0700,10.6624,2.1632,US
18012,US,US,North American,15.9138,68.1040,2.4852,0.8195,US
18013,US,US,North American,18.3623,239.6958,24.9835,7.9527,US
18014,US,US,North American,85.7858,411.0325,3.7727,0.9025,US
18015,US,US,North American,2.5484,231.1800,0.0000,25.6000,US
18016,US,US,North American,20.3914,1779.2277,192.7471,98.4277,US
18017,US,US,North American,0.4116,1.2808,0.0486,0.0132,US
18018,US,US,North American,318.2884,1674.6162,98.1481,6.2921,US
18019,US,US,North American,143.4548,627.7971,12.1307,2.7290,US
18020,US,US,North American,61.4636,941.2459,60.8039,54.8640,US
18021,US,US,North American,21.4072,614.3300,42.0497,39.0800,US
18022,US,US,North American,15.7946,711.7324,3.1139,73.5104,US
18023,US,US,North American,24.6215,697.2412,110.8545,18.1709,US
18024,US,US,North American,590.3218,3032.2600,45.7730,73.0682,US
18025,US,US,North American,36.6832,1172.3901,17.3874,109.5649,US
18026,US,US,North American,25.4398,1385.1617,212.6437,45.9414,US
18027,US,US,North American,49.4952,435.4200,11.9556,21.1314,US
18028,US,US,North American,8.8596,372.4855,30.2454,24.5669,US
18029,US,US,North American,15.2376,65.8400,1.9304,0.2016,US
18030,US,US,North American,477.3215,5950.9317,18.7251,451.1748,US
18031,US,US,North American,24.6937,1079.4070,2.6139,108.2973,US
18032,US,US,North American,90.7072,868.3460,18.0029,51.0730,US
18033,US,US,North American,48.2384,198.6507,1.3493,0.4498,US
18034,US,US,North American,5.8573,79.5483,11.9792,0.7810,US
18035,US,US,North American,308.6685,2539.0400,64.1864,113.1166,US
18036,US,US,North American,1.4786,6.9411,0.2932,0.1856,US
18037,US,US,North American,24.2252,245.8700,13.7540,11.3742,US
18038,US,US,North American,263.4625,2424.6564,32.1568,143.8202,US
18039,US,US,North American,21.0272,2132.8250,281.7707,97.5616,US
18040,US,US,North American,,,,,US
18041,US,US,North American,7.0276,2971.1557,9.1268,326.0527,US
18042,US,US,North American,50.8421,787.9113,108.0237,21.3793,US
18043,US,US,North American,1482.0223,5778.3160,9.9810,2.8692,US
18044,US,US,North American,19.3832,189.1320,1.6478,12.0082,US
18045,US,US,North American,80.2102,2454.3661,184.8571,153.0286,US
18046,US,US,North American,315.5102,1784.7576,67.3797,24.0957,US
18047,US,US,North American,27.6712,717.8100,13.8462,64.3994,US
18048,US,US,North American,264.5218,3040.2681,83.9176,188.0766,US
18049,US,US,North American,87.7539,625.5964,61.9903,7.3709,US
18050,US,US,North American,16.2864,856.3533,51.5371,66.0409,US
18051,US,US,North American,12.8486,793.1702,140.4564,18.0115,US
18052,US,US,North American,24.1430,841.0062,8.4534,85.9275,US
18053,US,US,North American,0.0000,201.7333,44.8800,1.1333,US
18054,US,US,North American,319.3663,2528.0560,62.7439,119.8414,US
18055,US,US,North American,208.1867,1537.1625,40.1640,71.4259,US
18056,US,US,North American,28.3832,139.1081,4.4701,2.5802,US
18057,US,US,North American,9.8506,648.5690,15.4582,61.8989,US
18058,US,US,North American,13.0283,324.3053,39.9926,12.5622,US
18059,US,US,North American,63.7195,759.4882,10.7352,55.5956,US
18060,US,US,North American,120.8796,2920.8342,80.2103,236.3173,US
18061,US,US,North American,410.3968,1941.9860,24.1843,28.6663,US
18062,US,US,North American,112.3668,1877.8603,66.7963,131.5486,US
18063,US,US,North American,4.2489,1062.8064,180.1563,31.5889,US
18064,US,US,North American,0.5076,405.5160,0.5076,45.4020,US
18065,US,US,North American,83.0460,336.6717,4.4326,1.5597,US
18066,US,US,North American,29.6064,1788.7300,33.6403,177.0253,US
18067,US,US,North American,270.6235,2035.1614,76.4805,75.7243,US
18068,US,US,North American,58.3307,2962.6493,249.6521,195.4289,US
18069,US,US,North American,399.0832,1988.7538,66.2604,9.2750,US
18070,US,US,North American,42.6440,2288.4533,45.8880,219.5253,US
18071,US,US,North American,1081.6406,6848.1479,103.3171,248.1676,US
18072,US,US,North American,36.1279,3162.9554,196.2472,242.3550,US
18073,US,US,North American,40.9229,3926.3401,225.3415,313.7103,US
18074,US,US,North American,54.4031,550.6403,13.4057,32.2637,US
18075,US,US,North American,128.3092,1342.7219,117.1281,42.1302,US
18076,US,US,North American,65.3960,485.0263,2.4720,27.9652,US
18077,US,US,North American,191.4534,3212.8193,261.3219,163.0440,US
18078,US,US,North American,241.1821,2985.9905,87.1027,197.7378,US
18079,US,US,North American,402.5444,1650.7200,13.2513,0.2144,US
18080,US,US,North American,347.4066,1350.2240,14.7150,4.4550,US
18081,US,US,North American,89.6286,625.8600,21.4364,23.8231,US
18082,US,US,North American,81.8048,3256.3050,1.8742,327.1699,US
18083,US,US,North American,40.1553,818.0358,35.5150,64.6038,US
18084,US,US,North American,57.9604,825.8561,27.1137,57.1967,US
18085,US,US,North American,24.2923,694.6559,97.6888,21.7524,US
18086,US,US,North American,2.2653,1661.9015,359.2951,13.5923,US
18087,US,US,North American,47.7028,622.1720,100.4721,4.4012,US
18088,US,US,North American,96.0504,1357.6576,51.0581,84.2850,US
18089,US,US,North American,5.3245,631.1676,92.5662,24.5192,US
18090,US,US,North American,11.4566,742.8994,96.7130,33.5149,US
18091,US,US,North American,67.2925,907.3008,96.8620,26.5519,US
18092,US,US,North American,96.0020,757.0453,14.0066,37.9073,US
18093,US,US,North American,39.5304,995.2051,98.1722,51.8283,US
18094,US,US,North American,169.5280,678.5500,9.3088,0.8355,US
18095,US,US,North American,140.7370,7176.5954,35.9261,729.8117,US
18096,US,US,North American,24.7111,642.9603,11.5931,55.7603,US
18097,US,US,North American,243.4444,1108.7042,43.0462,16.1904,US
18098,US,US,North American,8.1430,1832.0349,177.2372,115.7576,US
18099,US,US,North American,189.2655,2812.5603,404.0699,41.7161,US
18100,US,US,North American,10.1253,799.2176,90.6387,41.6983,US
18101,US,US,North American,397.8010,5185.9058,269.8126,298.8386,US
18102,US,US,North American,0.2936,203.5738,45.0505,1.1749,US
18103,US,US,North American,83.2713,5471.4797,159.3151,521.0560,US
18104,US,US,North American,242.9575,1883.4900,31.1399,90.8446,US
18105,US,US,North American,5.8318,1108.1139,195.0214,28.9543,US
18106,US,US,North American,49.0743,1072.8376,192.6051,10.4508,US
18107,US,US,North American,4.6903,191.5142,1.3721,19.0181,US
18108,US,US,North American,2.5725,249.8057,0.3288,27.3533,US
18109,US,US,North American,86.9619,367.2472,6.2286,1.8825,US
18110,US,US,North American,30.1260,1572.8214,142.1827,96.7555,US
18111,US,US,North American,228.4826,1341.7500,28.2630,39.0913,US
18112,US,US,North American,216.7877,2871.6951,437.2452,23.1229,US
18113,US,US,North American,12.5518,1124.9801,103.9994,72.4512,US
18114,US,US,North American,378.7629,2058.8120,34.2986,53.3671,US
18115,US,US,North American,29.6629,18882.4773,2773.8135,767.9359,US
18116,US,US,North American,399.9200,1548.0000,0.0000,0.0000,US
18117,US,US,North American,189.4337,753.5283,4.3939,0.9559,US
18118,US,US,North American,21.5974,1196.5592,1.5769,123.5631,US
18119,US,US,North American,22.9998,560.5138,86.9573,11.5765,US
18120,US,US,North American,40.6596,1119.3842,118.5847,54.8653,US
18121,US,US,North American,62.0474,1594.1097,18.1370,146.3037,US
18122,US,US,North American,157.6313,2186.0192,235.0003,63.9137,US
18123,US,US,North American,35.1658,956.5009,110.5396,43.4427,US
18124,US,US,North American,153.8405,3543.4418,233.8891,226.4779,US
18125,US,US,North American,26.5484,2424.6036,138.7796,193.7846,US
18126,US,US,North American,168.7628,2867.3541,326.3972,97.1884,US
18127,US,US,North American,144.9281,1358.4422,124.4379,30.6246,US
18128,US,US,North American,4.2638,1979.6034,191.0207,131.5173,US
18129,US,US,North American,8.5275,5151.4762,652.6821,269.8799,US
18130,US,US,North American,31.5441,1814.7753,154.0834,120.9980,US
18131,US,US,North American,189.6872,1019.9560,16.6768,24.1554,US
18132,US,US,North American,111.3048,1814.6153,232.5637,49.4238,US
18133,US,US,North American,29.8880,1803.0400,5.2368,185.9200,US
18134,US,US,North American,43.0953,2019.8466,405.7133,10.3600,US
18135,US,US,North American,78.9884,1025.5620,32.0656,67.7982,US
18136,US,US,North American,130.9539,1064.1541,106.4992,12.4016,US
18137,US,US,North American,122.2674,1699.6553,154.6934,71.2158,US
18138,US,US,North American,35.4955,418.8750,17.5675,25.2201,US
18139,US,US,North American,585.8540,3294.6360,100.4939,59.3775,US
18140,US,US,North American,30.2510,1362.5142,116.9518,92.1472,US
18141,US,US,North American,25.2107,1978.0938,60.5403,181.0400,US
18142,US,US,North American,15.3852,1212.0130,230.6512,20.1557,US
18143,US,US,North American,24.2105,510.9466,94.4510,2.9314,US
18144,US,US,North American,16.4494,344.8865,10.8055,28.8375,US
18145,US,US,North American,71.5690,695.4116,22.1702,43.6558,US
18146,US,US,North American,16.3474,1289.4416,43.6738,119.9530,US
18147,US,US,North American,32.1136,663.7407,65.7397,31.0513,US
18148,US,US,North American,82.2128,2408.1284,286.1880,97.5836,US
18149,US,US,North American,35.0951,2231.3753,361.2444,63.7515,US
18150,US,US,North American,39.0124,678.6900,5.5065,57.4748,US
18151,US,US,North American,252.9702,1347.3377,22.3730,33.2757,US
18152,US,US,North American,156.8994,2066.4770,54.3512,150.1870,US
18153,US,US,North American,31.4280,1490.9352,200.8924,62.1333,US
18154,US,US,North American,26.9683,1500.4643,23.8219,146.0628,US
18155,US,US,North American,32.6117,608.3400,29.2130,42.5348,US
18156,US,US,North American,457.6023,2328.1580,35.0426,63.1335,US
18157,US,US,North American,24.5974,103.9425,2.2453,1.0160,US
18158,US,US,North American,31.7718,595.6200,73.3938,19.0470,US
18159,US,US,North American,31.4251,232.7400,11.6093,13.1957,US
18160,US,US,North American,92.4808,961.9050,13.4342,61.4990,US
18161,US,US,North American,40.7345,1870.5537,110.7616,144.3755,US
18162,US,US,North American,145.7896,1591.7318,38.6809,98.5360,US
18163,US,US,North American,1.8543,256.9400,12.8909,21.5919,US
18164,US,US,North American,512.1340,2737.9900,30.2280,77.5260,US
18165,US,US,North American,6.1916,7329.1200,12.4190,824.4804,US
18166,US,US,North American,112.2787,1099.3436,43.1127,61.7940,US
18167,US,US,North American,50.3666,355.4806,14.3118,15.2398,US
18168,US,US,North American,5.5618,1073.8660,75.8998,80.5565,US
18169,US,US,North American,148.7339,1033.7288,18.3610,46.4936,US
18170,US,US,North American,44.0316,1015.8303,109.8198,47.4495,US
18171,US,US,North American,92.8937,889.7175,109.4816,10.3329,US
18172,US,US,North American,307.1338,1979.1130,127.4701,30.3497,US
18173,US,US,North American,64.8313,618.8007,17.9078,34.1780,US
18174,US,US,North American,45.1911,746.0690,24.6104,58.1397,US
18175,US,US,North American,28.1201,543.2330,16.1200,41.3401,US
18176,US,US,North American,100.3883,2298.1390,139.7947,154.2278,US
18177,US,US,North American,46.2172,3398.1106,563.0167,96.5176,US
18178,US,US,North American,116.1038,1719.7040,107.3523,89.8039,US
18179,US,US,North American,67.0336,2483.2262,83.5759,229.5619,US
18180,US,US,North American,56.6674,681.7387,21.5332,40.9331,US
18181,US,US,North American,7.4907,489.6140,6.7342,50.1919,US
18182,US,US,North American,574.1108,3671.3357,51.8799,136.1012,US
18183,US,US,North American,32.0991,1437.1500,50.7720,123.7530,US
18184,US,US,North American,124.0742,1376.6880,34.7731,81.4206,US
18185,US,US,North American,15.5978,82.8222,2.9216,1.0333,US
18186,US,US,North American,120.1116,1578.5658,40.8147,116.1105,US
18187,US,US,North American,,,,,US
18188,US,US,North American,19.9340,827.5862,8.2399,85.7811,US
18189,US,US,North American,109.2550,510.9632,13.0719,2.2095,US
18190,US,US,North American,311.7594,2351.8550,42.4785,125.5645,US
18191,US,US,North American,339.0257,2471.5140,28.6765,125.8823,US
18192,US,US,North American,19.5202,319.8400,13.0290,22.3788,US
18193,US,US,North American,87.3216,2587.9935,188.1641,161.7136,US
18194,US,US,North American,35.3573,1842.9018,90.9298,146.6484,US
18195,US,US,North American,184.2572,2644.9440,31.9401,201.5981,US
18196,US,US,North American,30.7287,172.1207,3.4168,4.5254,US
18197,US,US,North American,43.7813,605.3080,10.5448,45.4650,US
18198,US,US,North American,37.4619,2745.7074,158.6362,215.6330,US
18199,US,US,North American,37.4619,2745.7074,158.6362,215.6330,US
18200,US,US,North American,173.2080,1562.0140,1.3364,103.3650,US
18201,US,US,North American,34.1968,156.8510,5.1541,3.9960,US
18202,US,US,North American,326.0859,1713.2575,27.7006,39.9828,US
18203,US,US,North American,714.4737,3630.2834,35.4271,83.1523,US
18204,US,US,North American,53.4006,233.2060,7.4312,3.7038,US
18205,US,US,North American,194.3565,3452.6200,40.4100,289.8650,US
18207,US,US,North American,371.3365,3387.6017,42.8807,217.5946,US
18208,US,US,North American,479.8653,3133.0960,55.5705,124.7125,US
18209,US,US,North American,4.4598,1821.0639,152.6162,132.4343,US
18210,US,US,North American,0.7200,143.0000,12.5600,9.5100,US
18211,US,US,North American,28.4392,139.4769,4.4383,3.4014,US
18212,US,US,North American,130.3541,5380.5148,403.3496,366.7497,US
18213,US,US,North American,3.5219,652.2350,0.7038,72.0849,US
18214,US,US,North American,76.5160,537.2400,7.0520,23.2850,US
18215,US,US,North American,33.9889,1357.9038,80.6429,103.1974,US
18216,US,US,North American,156.7469,1427.3195,173.6752,14.0780,US
18217,US,US,North American,40.4766,463.1163,13.5376,27.5158,US
18218,US,US,North American,18.3649,77.5350,1.0320,0.1988,US
18219,US,US,North American,354.5668,2465.3855,113.7715,73.8043,US
18220,US,US,North American,65.8932,1344.9027,103.7627,74.2287,US
18221,US,US,North American,15.7200,21137.3810,1917.9535,1427.6805,US
18222,US,US,North American,82.5869,606.2039,15.0192,29.6164,US
18223,US,US,North American,5.5462,1236.4327,270.5754,6.9582,US
18224,US,US,North American,4.4126,5271.3501,692.9585,277.8188,US
18225,US,US,North American,103.2732,1322.6567,28.2309,92.5406,US
18226,US,US,North American,13.7443,2749.6615,97.8677,255.0201,US
18227,US,US,North American,17.4965,75.9104,0.0710,0.9020,US
18228,US,US,North American,171.5378,1542.8175,128.1960,40.5687,US
18229,US,US,North American,20.8503,459.4435,2.2555,42.2463,US
18230,US,US,North American,12.9007,618.3578,56.1774,37.8050,US
18231,US,US,North American,16.7058,514.2033,34.4161,36.3063,US
18232,US,US,North American,32.0728,1587.0199,67.9175,130.8244,US
18233,US,US,North American,23.9393,2795.0217,303.2743,166.5551,US
18234,US,US,North American,22.3045,144.1040,3.8321,5.9242,US
18235,US,US,North American,14.3679,165.8884,9.3247,8.1878,US
18236,US,US,North American,11.6549,174.0960,1.6832,14.0134,US
18237,US,US,North American,168.4909,973.0417,18.9069,29.8231,US
18238,US,US,North American,171.6216,2067.1154,120.8921,102.0499,US
18239,US,US,North American,19.6723,9128.6056,811.8020,620.8859,US
18240,US,US,North American,54.5004,837.3060,27.3288,66.6981,US
18241,US,US,North American,0.0000,806.9352,179.5204,4.5333,US
18242,US,US,North American,6.6132,75.2025,2.5256,4.9284,US
18243,US,US,North American,205.4194,3253.8348,279.5039,161.3731,US
18244,US,US,North American,18.5133,1135.8767,181.9405,31.7733,US
18245,US,US,North American,27.1613,302.1022,10.8974,9.2083,US
18246,US,US,North American,111.1435,716.6202,41.2300,20.0525,US
18247,US,US,North American,41.3131,1349.0679,229.1630,32.0918,US
18248,US,US,North American,71.0425,1270.1128,10.2518,111.1218,US
18249,US,US,North American,460.2065,3926.4829,456.0160,17.5587,US
18250,US,US,North American,375.7694,2042.9385,98.3053,21.2523,US
18251,US,US,North American,246.2477,1114.7475,13.7835,16.9097,US
18252,US,US,North American,60.0167,5837.9467,300.4897,489.9157,US
18253,US,US,North American,66.6142,1369.7400,201.8230,31.9720,US
18254,US,US,North American,326.4852,1809.6833,84.1301,20.4575,US
18255,US,US,North American,317.6640,2398.6381,154.7959,54.0221,US
18256,US,US,North American,21.7174,95.7994,4.2204,0.6282,US
18257,US,US,North American,11.7868,2024.0743,360.8111,49.7937,US
18258,US,US,North American,45.0992,458.1760,22.7395,20.6363,US
18259,US,US,North American,262.5795,1657.8858,43.4682,57.4834,US
18260,US,US,North American,13.4516,1108.9008,139.7744,52.0487,US
18261,US,US,North American,39.7820,388.3182,7.0520,22.3986,US
18262,US,US,North American,87.1817,5765.9164,609.0554,335.1393,US
18263,US,US,North American,476.3008,2301.7414,48.0989,8.9467,US
18264,US,US,North American,139.6491,1180.5007,32.3061,67.4122,US
18265,US,US,North American,118.3927,499.0730,2.6298,1.9139,US
18266,US,US,North American,9.2754,3701.5376,359.3325,235.8713,US
18267,US,US,North American,102.9341,1697.7155,217.5168,44.8884,US
18268,US,US,North American,194.5084,1672.0317,45.5807,79.0242,US
18269,US,US,North American,38.1840,381.8400,7.0520,22.3600,US
18270,US,US,North American,26.7462,136.7850,7.7578,0.5615,US
18271,US,US,North American,408.3983,3397.2035,20.9025,196.0727,US
18272,US,US,North American,,,,,US
18273,US,US,North American,16.0214,909.0856,77.1681,57.3219,US
18274,US,US,North American,466.5528,3228.6300,67.8690,134.2250,US
18275,US,US,North American,5.9236,23.7279,0.0000,0.0000,US
18276,US,US,North American,297.9433,3309.5862,481.7950,18.8436,US
18277,US,US,North American,397.7575,2490.6075,53.7654,78.2153,US
18278,US,US,North American,54.6338,333.2875,3.5260,11.1800,US
18279,US,US,North American,,,,,US
18280,US,US,North American,149.1296,4673.9386,26.5285,449.5797,US
18281,US,US,North American,56.5122,2331.8513,214.5851,137.0377,US
18282,US,US,North American,1515.8413,8401.1407,149.9137,234.1681,US
18283,US,US,North American,1.6345,9.4500,1.0010,0.1470,US
18284,US,US,North American,286.3033,1899.4427,39.8278,73.1445,US
18285,US,US,North American,112.8119,787.8190,28.4654,26.3083,US
18286,US,US,North American,308.0962,1517.3907,22.7451,33.0607,US
18287,US,US,North American,235.9005,925.7940,3.5564,1.0485,US
18288,US,US,North American,663.6777,3774.6237,62.5428,113.8014,US
18289,US,US,North American,47.2110,738.8570,21.3720,57.6000,US
18290,US,US,North American,432.9118,3982.4879,459.9159,40.9472,US
18291,US,US,North American,599.8800,4339.3379,448.8010,11.3334,US
18292,US,US,North American,254.7584,1011.3067,3.4656,3.4496,US
18293,US,US,North American,0.0000,1127.7428,0.0000,127.5727,US
18294,US,US,North American,182.1180,3334.6200,33.9320,285.1100,US
18295,US,US,North American,231.6536,1464.0480,21.3733,57.6013,US
18296,US,US,North American,41.6108,1144.4000,14.1406,105.6014,US
18297,US,US,North American,26.3630,797.4000,16.2980,73.3050,US
18298,US,US,North American,92.3353,3685.8462,289.9997,239.1039,US
18299,US,US,North American,1134.8490,5460.0895,84.0350,98.5699,US
18300,US,US,North American,508.9739,2890.3498,54.0605,84.6753,US
18301,US,US,North American,224.7995,1239.7232,23.7849,35.4346,US
18302,US,US,North American,3.5044,419.2611,90.3694,2.4896,US
18303,US,US,North American,107.0283,503.9351,12.1394,6.4901,US
18304,US,US,North American,204.3254,860.1267,5.8933,6.1640,US
18305,US,US,North American,54.6548,2213.7730,22.2230,228.9390,US
18306,US,US,North American,336.2234,1285.2200,11.3586,1.6771,US
18307,US,US,North American,495.2132,4648.2460,46.4945,295.3045,US
18308,US,US,North American,709.4327,4894.8740,103.2045,204.5563,US
18309,US,US,North American,97.1311,1471.4136,21.1341,113.6444,US
18310,US,US,North American,10.9934,457.0200,5.6702,44.5332,US
18311,US,US,North American,68.3110,1155.9783,69.9559,69.8191,US
18312,US,US,North American,291.4940,1792.8467,39.2453,58.6970,US
18313,US,US,North American,182.9244,2142.9101,175.7578,82.1064,US
18314,US,US,North American,841.3539,5202.8624,79.9662,185.0320,US
18315,US,US,North American,399.9200,1548.0000,0.0000,0.0000,US
18316,US,US,North American,660.9120,4198.3467,75.7348,163.0480,US
18317,US,US,North American,404.4354,5911.8964,34.5308,477.5699,US
18318,US,US,North American,636.9691,4823.8825,93.4608,227.5247,US
18319,US,US,North American,63.7439,4275.0382,92.9485,406.1449,US
18320,US,US,North American,473.5778,2843.4582,35.9471,105.4953,US
18321,US,US,North American,19.0479,295.8800,9.5649,22.2472,US
18322,US,US,North American,146.6739,595.2415,4.7459,0.4877,US
18323,US,US,North American,131.0968,975.6600,14.1040,44.7728,US
18324,US,US,North American,828.3880,3907.2900,41.8284,64.5909,US
18325,US,US,North American,245.7606,2988.1765,22.3910,220.5426,US
18326,US,US,North American,450.0978,1770.6059,3.2035,3.2900,US
18327,US,US,North American,1.3502,161.0100,3.7244,15.6282,US
18328,US,US,North American,79.7525,979.9687,31.8840,64.9482,US
18329,US,US,North American,2.4473,11.2025,0.3878,0.1727,US
18330,US,US,North American,736.7333,3679.0960,34.2695,76.7185,US
18331,US,US,North American,172.5104,2396.0620,196.1131,100.1437,US
18332,US,US,North American,77.1848,708.4590,19.8029,39.9626,US
18333,US,US,North American,2.5484,3989.5000,0.0000,461.6000,US
18334,US,US,North American,259.8677,1584.3506,77.1489,30.6724,US
18335,US,US,North American,191.0358,1671.7828,28.2080,89.4400,US
18336,US,US,North American,38.2574,510.5018,7.6123,39.2481,US
18337,US,US,North American,0.0000,1353.8825,196.2031,57.7361,US
18338,US,US,North American,24.9840,200.7022,4.9831,11.8941,US
18339,US,US,North American,14.2487,1520.7440,56.2553,137.7466,US
18340,US,US,North American,65.3586,907.2434,38.4864,59.1145,US
18341,US,US,North American,4.8528,3669.2587,369.1333,231.0317,US
18342,US,US,North American,222.8629,2657.2042,7.6530,203.6866,US
18343,US,US,North American,467.5057,3438.0452,142.0963,122.3114,US
18344,US,US,North American,27.7626,1106.4280,97.0697,65.9228,US
18345,US,US,North American,35.4532,735.3267,26.2784,54.8967,US
18346,US,US,North American,122.9270,2619.5153,408.8773,52.0389,US
18347,US,US,North American,43.5197,2604.6924,298.3186,142.6765,US
18348,US,US,North American,102.1328,385.1274,0.0000,0.0000,US
18349,US,US,North American,192.0127,1510.3514,69.8710,55.7557,US
18350,US,US,North American,36.1043,1288.2933,198.3417,35.0591,US
18351,US,US,North American,3.8226,7256.1140,0.0000,820.0000,US
18352,US,US,North American,237.3464,2549.1975,163.9249,112.9538,US
18353,US,US,North American,111.4400,2374.7858,168.1661,143.4286,US
18354,US,US,North American,230.7140,1238.4581,71.0255,7.1888,US
18355,US,US,North American,52.1331,1268.8542,122.5244,61.2279,US
18356,US,US,North American,31.7737,1200.6774,129.9350,61.7395,US
18357,US,US,North American,32.3803,571.0314,16.9564,42.0393,US
18358,US,US,North American,96.4465,1323.7223,39.4373,94.4866,US
18359,US,US,North American,528.4327,3037.7153,163.3142,48.4272,US
18360,US,US,North American,39.3011,1563.9500,44.2152,137.8611,US
18361,US,US,North American,17.0631,606.2140,11.9030,59.2180,US
18362,US,US,North American,3.8226,459.9220,0.0000,51.2000,US
18363,US,US,North American,261.9057,4740.4147,404.3833,228.9537,US
18364,US,US,North American,4.7796,49.6133,2.5620,2.6596,US
18365,US,US,North American,36.6490,1484.6994,34.0753,133.7463,US
18366,US,US,North American,269.9851,2065.2275,28.7383,105.1011,US
18367,US,US,North American,0.0000,7262.4165,681.9055,481.1691,US
18368,US,US,North American,46.6337,1317.1750,68.0424,97.8834,US
18369,US,US,North American,328.4918,2037.6135,19.8931,78.2823,US
18370,US,US,North American,36.7168,2597.9671,75.8289,238.4506,US
18371,US,US,North American,2.0344,8.7188,0.0656,0.0353,US
18372,US,US,North American,182.9772,16968.0385,1085.0476,1345.5330,US
18373,US,US,North American,5.0142,1118.7439,155.0818,49.1944,US
18374,US,US,North American,274.5877,1895.5400,61.3475,64.5828,US
18375,US,US,North American,2.1600,1476.7996,105.4921,112.7168,US
18376,US,US,North American,56.8301,1354.9640,42.4489,108.5250,US
18377,US,US,North American,2.9484,1569.4315,64.6370,142.1107,US
18378,US,US,North American,402.3923,1987.5201,31.0641,33.6578,US
18379,US,US,North American,39.0262,1311.5912,40.0939,112.3225,US
18380,US,US,North American,152.7428,2200.7435,50.2216,155.7299,US
18381,US,US,North American,21.8354,834.2444,111.6525,35.1493,US
18382,US,US,North American,142.1109,1722.4360,134.7745,74.4465,US
18383,US,US,North American,86.1394,1032.8520,34.1188,67.2381,US
18384,US,US,North American,61.6194,1022.8465,16.2591,79.6447,US
18385,US,US,North American,245.9467,2183.0307,161.8390,65.5208,US
18386,US,US,North American,499.5318,2706.2574,80.5778,43.1846,US
18387,US,US,North American,398.0236,4492.6518,280.2836,193.5192,US
18388,US,US,North American,208.1800,1794.0000,8.5200,108.2400,US
18389,US,US,North American,66.0425,2633.2845,185.1424,179.4307,US
18390,US,US,North American,242.4017,1364.4960,24.3437,36.1265,US
18391,US,US,North American,347.7784,1689.2251,2.7974,37.1932,US
18392,US,US,North American,94.9927,1388.8177,41.1086,94.0774,US
18393,US,US,North American,,,,,US
18394,US,US,North American,418.4502,2137.4380,24.0980,49.1340,US
18395,US,US,North American,152.5690,4047.8995,261.4380,270.0349,US
18396,US,US,North American,1002.3079,3897.5913,12.6997,2.4884,US
18397,US,US,North American,238.6706,1997.3875,13.8276,121.8317,US
18398,US,US,North American,2.2875,94.5500,13.4810,3.1720,US
18399,US,US,North American,119.6756,722.3560,18.7020,19.1257,US
18400,US,US,North American,234.8525,2760.9507,214.6528,105.9750,US
18401,US,US,North American,785.8317,14043.5655,477.3108,1006.9326,US
18402,US,US,North American,135.3882,13046.2849,139.7158,1388.2848,US
18403,US,US,North American,46.5828,756.2400,25.4424,58.4560,US
18404,US,US,North American,131.8315,704.2490,17.1134,17.5222,US
18405,US,US,North American,158.6668,1324.9198,18.5973,73.4832,US
18406,US,US,North American,326.9708,2181.0250,38.6748,91.2692,US
18407,US,US,North American,108.4459,5984.6690,304.0962,493.8757,US
18408,US,US,North American,328.1922,4153.2500,15.2684,322.8756,US
18409,US,US,North American,366.2182,1993.7120,21.3770,57.6930,US
18410,US,US,North American,200.1331,1658.5140,39.1535,88.4081,US
18411,US,US,North American,4.6710,5238.7340,407.0745,387.4068,US
18412,US,US,North American,13.4961,175.9200,6.9545,11.2294,US
18413,US,US,North American,50.0290,3013.5627,550.5430,56.7781,US
18414,US,US,North American,172.9370,3731.9740,48.5565,333.0010,US
18415,US,US,North American,70.0767,1124.8520,36.7025,86.9915,US
18416,US,US,North American,159.3769,1815.9404,27.6601,129.6823,US
18417,US,US,North American,23.8506,4730.5098,447.8133,303.2919,US
18418,US,US,North American,289.2590,1436.4196,29.3118,25.1223,US
18419,US,US,North American,203.1080,2866.1500,37.6845,217.2715,US
18420,US,US,North American,2.3959,160.9085,0.1904,17.0258,US
18421,US,US,North American,301.2980,1916.5193,18.5447,77.4104,US
18422,US,US,North American,179.6724,798.3517,13.7282,11.8948,US
18423,US,US,North American,478.9589,4331.3720,75.5525,251.2013,US
18424,US,US,North American,74.5600,1179.3920,9.3987,96.1387,US
18425,US,US,North American,0.2701,239.7328,0.0411,27.0148,US
18426,US,US,North American,249.8935,2290.2160,38.6317,129.6229,US
18427,US,US,North American,237.5040,2012.9100,9.4598,124.3515,US
18428,US,US,North American,438.4553,3060.0960,28.1905,144.1945,US
18429,US,US,North American,293.2433,1661.3350,77.2598,24.4705,US
18430,US,US,North American,39.2093,4609.2489,330.8155,353.4860,US
18431,US,US,North American,67.3438,1886.0782,77.6367,147.9163,US
18432,US,US,North American,267.4855,3260.6255,83.8697,222.8648,US
18433,US,US,North American,252.8450,2995.4965,99.1099,184.8586,US
18434,US,US,North American,15.6794,3206.2270,177.2066,265.3981,US
18435,US,US,North American,34.2362,423.5330,14.6136,29.1665,US
18436,US,US,North American,5.1265,2133.9578,364.6116,63.4601,US
18437,US,US,North American,63.1197,497.7083,25.5120,19.0266,US
18438,US,US,North American,57.2133,297.6835,14.3135,2.2499,US
18439,US,US,North American,97.6415,6147.3669,21.8072,661.9854,US
18440,US,US,North American,427.9820,2110.8160,30.9707,42.5328,US
18441,US,US,North American,25.1205,1930.8611,186.5862,115.2936,US
18442,US,US,North American,205.4140,1745.5163,171.8572,30.5745,US
18443,US,US,North American,429.2877,3483.0227,36.4248,193.8865,US
18444,US,US,North American,468.6646,3140.6720,75.0000,139.4400,US
18445,US,US,North American,246.2793,1747.9000,53.6239,71.3862,US
18446,US,US,North American,123.2307,1520.6403,110.7089,64.9887,US
18447,US,US,North American,92.8982,2816.8991,103.1453,230.1214,US
18448,US,US,North American,82.0350,1449.0986,105.7050,81.3311,US
18449,US,US,North American,12.2366,2213.2348,419.4181,53.3638,US
18450,US,US,North American,3.5395,2032.4821,449.4385,11.4521,US
18451,US,US,North American,85.7416,877.2700,10.1016,58.6480,US
18452,US,US,North American,12.4258,5610.7578,178.5813,551.9716,US
18453,US,US,North American,47.5765,5023.6936,137.4752,480.1773,US
18454,US,US,North American,6.5281,234.1110,3.1132,22.5141,US
18455,US,US,North American,49.8571,807.1820,25.2150,61.5894,US
18456,US,US,North American,97.8056,1278.8985,36.5624,85.8473,US
18457,US,US,North American,64.0596,969.1705,98.2156,33.7152,US
18458,US,US,North American,288.3404,3818.6196,192.2551,208.2962,US
18459,US,US,North American,502.8268,2535.8693,36.9091,50.6102,US
18460,US,US,North American,1.9836,938.4400,64.7024,73.0948,US
18461,US,US,North American,,,,,US
18462,US,US,North American,72.9650,359.3602,18.2185,1.6754,US
18463,US,US,North American,44.9105,7041.8842,373.7945,588.1659,US
18464,US,US,North American,62.1445,2854.9716,147.9686,231.0299,US
18465,US,US,North American,94.5335,1454.1632,16.2461,118.1535,US
18466,US,US,North American,71.8501,2639.8876,95.1549,229.2814,US
18467,US,US,North American,231.7065,2506.0950,56.4486,164.3020,US
18468,US,US,North American,8.8281,437.6676,89.7710,2.2667,US
18469,US,US,North American,70.6541,5500.4880,286.7295,460.7579,US
18470,US,US,North American,313.1599,2153.3648,117.4144,53.6915,US
18471,US,US,North American,66.0757,581.1094,3.9888,35.6694,US
18472,US,US,North American,33.4294,262.2812,5.0987,14.7143,US
18473,US,US,North American,49.7081,762.8900,23.6138,57.8552,US
18474,US,US,North American,25.1950,97.5240,0.0000,0.0000,US
18475,US,US,North American,,,,,US
18476,US,US,North American,323.3544,1738.9433,102.9405,8.2959,US
18477,US,US,North American,8.9014,1320.3148,149.3839,78.0180,US
18478,US,US,North American,366.8105,2618.7340,47.6245,118.1650,US
18479,US,US,North American,16.4659,1150.7225,62.0658,93.1741,US
18480,US,US,North American,46.6968,2143.2740,4.1939,221.6608,US
18481,US,US,North American,364.4473,2606.4693,35.8292,121.0165,US
18482,US,US,North American,56.3941,1045.6420,122.3684,32.9403,US
18483,US,US,North American,275.7785,1669.1790,33.6580,59.1634,US
18484,US,US,North American,83.6049,986.6882,110.1138,27.7570,US
18485,US,US,North American,34.1390,1608.7569,201.2318,74.2612,US
18486,US,US,North American,1129.8930,4372.1500,3.9915,2.1590,US
18487,US,US,North American,113.3101,650.1687,8.1101,21.8103,US
18488,US,US,North American,3.9900,306.3000,2.2890,32.8080,US
18489,US,US,North American,,,,,US
18490,US,US,North American,56.9577,4502.4281,361.8722,318.6404,US
18491,US,US,North American,58.5776,2183.1493,381.0789,39.7398,US
18492,US,US,North American,23.9562,380.7478,12.0762,29.4726,US
18493,US,US,North American,33.8185,1466.0952,206.4796,53.4065,US
18494,US,US,North American,115.7491,1006.4548,52.4593,51.2508,US
18495,US,US,North American,391.2743,2368.7156,125.9970,41.2616,US
18496,US,US,North American,17.6830,858.7598,98.1311,42.5043,US
18497,US,US,North American,346.1962,4056.2619,293.1002,176.8834,US
18498,US,US,North American,8.0088,871.2930,1.8674,92.9450,US
18499,US,US,North American,47.9520,1296.5352,181.3924,36.5973,US
18500,US,US,North American,237.3780,2028.9313,87.8684,95.1782,US
18501,US,US,North American,35.7478,1948.9837,113.7614,153.0127,US
18502,US,US,North American,67.3110,2289.4103,375.0798,52.1537,US
18503,US,US,North American,59.2415,232.0724,2.9045,1.1522,US
18504,US,US,North American,103.9003,2306.6600,336.0282,68.4056,US
18505,US,US,North American,9.8462,207.0100,33.4525,3.8808,US
18506,US,US,North American,0.6209,480.6030,0.1626,54.1482,US
18507,US,US,North American,28.7279,119.3349,3.9799,0.6492,US
18508,US,US,North American,10.2740,282.6800,1.2100,27.1100,US
18509,US,US,North American,367.4064,5876.2663,145.6456,425.8946,US
18510,US,US,North American,101.6395,531.6812,1.7438,14.2812,US
18511,US,US,North American,5.4416,848.9114,48.1730,69.8045,US
18512,US,US,North American,13.1450,56.6602,0.8999,0.2550,US
18513,US,US,North American,1164.5892,8103.8751,621.2498,88.1553,US
18514,US,US,North American,20.3722,185.1274,8.4458,8.3190,US
18515,US,US,North American,40.0445,1138.4148,195.2910,21.1769,US
18516,US,US,North American,3.7166,148.1044,4.1065,13.8911,US
18517,US,US,North American,220.1846,6375.0280,26.6476,619.2040,US
18518,US,US,North American,0.9918,4.4700,0.1908,0.0150,US
18519,US,US,North American,70.1387,350.0942,6.1484,9.0828,US
18520,US,US,North American,737.3492,4081.3540,81.1438,95.9560,US
18521,US,US,North American,22.4203,155.1250,11.0907,3.7756,US
18522,US,US,North American,301.6380,1166.0417,0.0847,0.0141,US
18523,US,US,North American,370.1371,12881.0392,586.0391,1117.3019,US
18524,US,US,North American,50.5370,2111.4000,22.1000,216.1530,US
18525,US,US,North American,31.1122,733.8767,136.7396,4.1924,US
18526,US,US,North American,72.3863,1237.9342,27.1063,99.6719,US
18527,US,US,North American,414.2942,2472.9699,133.6003,38.1501,US
18528,US,US,North American,678.3605,4800.8500,52.1687,213.1512,US
18529,US,US,North American,394.4527,2726.4460,294.9287,17.4505,US
18530,US,US,North American,118.5435,1384.2900,15.7185,100.8510,US
18531,US,US,North American,90.5452,3172.7929,32.2667,310.4336,US
18532,US,US,North American,31.0063,930.0362,15.0943,90.4406,US
18533,US,US,North American,31.1694,1869.1580,187.2490,106.8683,US
18534,US,US,North American,43.6874,2075.2684,19.8903,214.8607,US
18535,US,US,North American,17.5091,2868.7718,379.7717,135.9995,US
18536,US,US,North American,67.3710,266.4512,0.1065,0.0604,US
18537,US,US,North American,181.7665,2521.7263,79.1062,163.9905,US
18538,US,US,North American,507.8552,2678.4800,28.7048,64.0480,US
18539,US,US,North American,76.2493,401.3950,7.9715,9.9370,US
18540,US,US,North American,50.5413,930.6681,148.3709,10.8000,US
18541,US,US,North American,76.3680,763.6800,14.1040,44.7200,US
18542,US,US,North American,38.1840,381.8400,7.0520,22.3600,US
18543,US,US,North American,27.8061,1062.2529,27.4187,100.1026,US
18544,US,US,North American,31.1740,373.6657,3.0113,28.1654,US
18545,US,US,North American,95.3525,624.0120,6.5535,29.9775,US
18546,US,US,North American,113.6876,1512.5362,194.0750,27.9301,US
18547,US,US,North American,167.1682,4393.8052,414.9525,220.0113,US
18548,US,US,North American,6.1988,423.7849,90.1783,2.5022,US
18549,US,US,North American,83.1456,2617.0748,119.0440,223.5904,US
18550,US,US,North American,11.4281,2147.5160,361.5942,64.7121,US
18551,US,US,North American,102.0265,1684.7702,226.1296,37.2002,US
18552,US,US,North American,75.6300,483.6875,5.2493,21.8374,US
18553,US,US,North American,12.8960,55.8000,0.8680,0.2480,US
18554,US,US,North American,21.0140,1042.0862,27.0799,100.0461,US
18555,US,US,North American,149.4330,1284.1200,23.9742,67.7730,US
18556,US,US,North American,6.6307,1069.6240,180.2516,31.6076,US
18557,US,US,North American,134.7268,959.9435,24.8082,39.1962,US
18558,US,US,North American,227.3447,3585.7690,74.1639,264.5669,US
18559,US,US,North American,76.1900,3241.6881,578.6517,54.3020,US
18560,US,US,North American,182.9964,1052.6862,9.6609,33.7140,US
18561,US,US,North American,146.4979,1381.2583,60.5359,62.6758,US
18562,US,US,North American,122.9626,3930.4011,304.2745,255.5546,US
18563,US,US,North American,22.3651,385.2420,2.5768,32.4760,US
18564,US,US,North American,249.9500,1282.7083,70.1250,1.7708,US
18565,US,US,North American,4.3008,1401.1200,42.4032,133.3584,US
18566,US,US,North American,19.0545,109.7912,4.5366,1.5229,US
18567,US,US,North American,166.0561,3146.8045,549.5543,21.1707,US
18568,US,US,North American,66.6110,2218.4884,67.3716,185.5001,US
18569,US,US,North American,4.7904,90.0160,1.1629,7.9244,US
18570,US,US,North American,0.0960,16.8000,2.7360,0.5280,US
18571,US,US,North American,452.7541,3467.0342,124.7164,131.6946,US
18572,US,US,North American,222.3588,5448.3428,489.0409,292.5709,US
18573,US,US,North American,145.4257,4489.8880,441.5041,230.5506,US
18574,US,US,North American,131.3667,2489.8500,43.6174,200.5504,US
18575,US,US,North American,176.0890,1108.3773,12.1170,43.9764,US
18576,US,US,North American,334.6570,3387.9540,15.2555,228.9585,US
18577,US,US,North American,76.5370,394.3015,3.8646,8.0014,US
18578,US,US,North American,53.4386,3629.6900,210.9596,287.7515,US
18579,US,US,North American,236.1227,1386.4648,70.5005,20.7611,US
18580,US,US,North American,0.8808,535.9212,105.0954,12.3195,US
18581,US,US,North American,372.2637,3897.1467,323.4345,124.0834,US
18582,US,US,North American,231.3168,1951.9290,109.1351,59.6839,US
18583,US,US,North American,22.4515,2485.2241,162.9655,189.3236,US
18584,US,US,North American,10.8635,531.5810,91.2755,12.0172,US
18585,US,US,North American,16.9874,624.4440,41.2482,42.8940,US
18586,US,US,North American,1.8112,217.7625,18.9424,14.3066,US
18587,US,US,North American,49.5274,497.5814,22.2745,25.0625,US
18588,US,US,North American,57.3910,3865.6192,383.0513,224.9808,US
18589,US,US,North American,82.8030,442.2950,24.1928,2.7122,US
18590,US,US,North American,15.6186,450.5260,33.5502,27.7844,US
18591,US,US,North American,67.1119,1672.9040,68.1543,135.3068,US
18592,US,US,North American,387.6640,4305.7384,332.1446,173.3875,US
18593,US,US,North American,12.5721,1893.4854,178.4385,120.3638,US
18594,US,US,North American,309.6842,1664.3708,33.2184,31.8840,US
18595,US,US,North American,37.6635,753.3330,18.4267,64.5392,US
18596,US,US,North American,103.0649,459.5275,14.1180,3.3500,US
18597,US,US,North American,47.8400,2793.9595,287.7278,156.8364,US
18598,US,US,North American,338.4393,1882.0561,101.1016,18.2009,US
18599,US,US,North American,257.7018,4917.3150,457.4497,222.5935,US
18600,US,US,North American,35.4251,1169.4150,95.2061,72.2621,US
18601,US,US,North American,200.7980,1634.1641,42.1041,76.0428,US
18602,US,US,North American,161.8581,2482.6166,288.3214,73.6276,US
18603,US,US,North American,218.7826,2394.0879,186.5205,86.2467,US
18604,US,US,North American,115.8853,5563.4018,420.8856,374.4947,US
18605,US,US,North American,41.3321,811.9862,126.4327,20.0079,US
18606,US,US,North American,196.2995,3358.9308,25.2068,285.7153,US
18607,US,US,North American,8.1016,1035.4594,57.1657,86.7816,US
18608,US,US,North American,35.8634,304.6100,19.5964,8.7650,US
18609,US,US,North American,128.5404,1003.2044,33.0553,49.9884,US
18610,US,US,North American,50.7922,1784.4448,291.7008,38.7732,US
18611,US,US,North American,41.1618,3274.2930,22.6858,343.3194,US
18612,US,US,North American,,,,,US
18613,US,US,North American,2.0010,8.1000,0.0000,0.0000,US
18614,US,US,North American,18.7725,1682.4057,91.6515,138.0411,US
18615,US,US,North American,312.9312,1822.8320,44.5086,40.2875,US
18616,US,US,North American,244.6966,1306.4406,72.4531,7.3529,US
18617,US,US,North American,402.3090,2879.2560,26.3140,137.9205,US
18618,US,US,North American,211.9330,2031.3300,236.2342,26.5351,US
18619,US,US,North American,306.5834,5023.6680,13.2992,420.1778,US
18620,US,US,North American,6.8733,194.1200,18.9493,9.7350,US
18621,US,US,North American,306.5834,4949.8680,13.2992,420.1778,US
18622,US,US,North American,83.3948,1704.5771,190.4988,63.7106,US
18623,US,US,North American,,,,,US
18624,US,US,North American,75.2124,2324.2225,204.5672,132.4254,US
18625,US,US,North American,55.5696,1786.7064,185.1759,87.8357,US
18626,US,US,North American,79.7945,1653.1455,164.3792,77.7650,US
18627,US,US,North American,423.7675,1648.3500,0.2175,0.0000,US
18628,US,US,North American,239.1193,2003.8897,25.4955,109.7065,US
18629,US,US,North American,149.8500,1556.1269,43.3077,91.7146,US
18630,US,US,North American,512.0401,2125.5000,35.4330,6.8430,US
18631,US,US,North American,361.2394,2508.4420,53.6692,100.0905,US
18632,US,US,North American,495.9410,3218.2653,106.7934,96.8008,US
18633,US,US,North American,379.5533,1617.6583,31.8800,6.0842,US
18634,US,US,North American,24.1360,817.6000,1.8800,79.0000,US
18635,US,US,North American,463.3639,2653.1680,56.8015,64.1196,US
18636,US,US,North American,501.2150,2636.9100,23.0560,61.3780,US
18637,US,US,North American,586.5532,4700.2774,60.6521,239.3419,US
18638,US,US,North American,397.2589,1694.3290,14.7971,17.2440,US
18639,US,US,North American,68.9905,1107.9854,190.2788,6.5875,US
18640,US,US,North American,22.3574,330.3699,13.9336,23.0284,US
18641,US,US,North American,69.0256,1907.9200,167.7344,104.5736,US
18642,US,US,North American,21.1785,1556.8155,48.2497,146.9309,US
18643,US,US,North American,742.3335,4558.9546,224.0677,90.8688,US
18644,US,US,North American,287.1789,1917.3900,49.6326,72.0684,US
18645,US,US,North American,82.4798,4843.4996,155.0106,428.9776,US
18646,US,US,North American,0.0000,806.9352,179.5204,4.5333,US
18647,US,US,North American,37.6274,1382.4741,131.1121,79.0210,US
18648,US,US,North American,89.2132,1268.7904,122.6727,54.2526,US
18649,US,US,North American,38.0415,3868.9359,457.1344,198.4037,US
18650,US,US,North American,106.7168,2831.2901,88.6511,239.7921,US
18651,US,US,North American,83.1135,2053.9090,60.4057,170.5376,US
18652,US,US,North American,424.9397,4151.2712,60.8288,287.8146,US
18653,US,US,North American,61.9610,3197.4183,432.6877,130.1208,US
18654,US,US,North American,714.3834,4285.3701,156.3664,99.4530,US
18655,US,US,North American,5.8506,2983.9341,322.0933,176.4084,US
18656,US,US,North American,106.5398,2487.6082,206.6325,131.0820,US
18657,US,US,North American,19.3938,356.5550,11.0264,28.9501,US
18658,US,US,North American,236.6774,1887.5658,40.4801,91.3948,US
18659,US,US,North American,108.8999,1766.2149,130.8932,88.8266,US
18660,US,US,North American,2.7817,966.7316,0.4739,108.3423,US
18661,US,US,North American,42.2195,1261.2529,15.8497,119.6128,US
18662,US,US,North American,130.3356,1947.1199,87.3873,125.6473,US
18663,US,US,North American,474.0327,3783.4824,82.5938,182.9396,US
18664,US,US,North American,60.1796,1292.7200,40.3378,103.3181,US
18665,US,US,North American,166.3479,2273.3530,191.6464,97.1104,US
18666,US,US,North American,70.2247,3085.5794,313.2902,176.2719,US
18667,US,US,North American,173.7698,778.2850,27.8650,4.0637,US
18668,US,US,North American,454.3518,2100.1470,27.4472,35.2840,US
18669,US,US,North American,101.2151,935.4240,8.8650,59.9775,US
18670,US,US,North American,14.0475,827.0946,99.0261,40.8680,US
18671,US,US,North American,72.5273,860.2040,26.3965,58.4909,US
18672,US,US,North American,88.0383,1657.0950,173.9508,68.4030,US
18673,US,US,North American,5.7297,404.2018,68.3813,10.3935,US
18674,US,US,North American,225.7520,885.6000,1.7360,0.4960,US
18675,US,US,North American,11.2066,2735.2561,293.0345,161.1083,US
18676,US,US,North American,186.2523,1993.8010,8.1780,141.4820,US
18677,US,US,North American,186.1667,852.2495,18.1410,4.4828,US
18678,US,US,North American,,,,,US
18679,US,US,North American,108.4213,1743.7842,137.1705,92.9968,US
18680,US,US,North American,199.9600,2586.2000,0.0000,205.0000,US
18681,US,US,North American,61.1439,850.0480,50.2087,46.2915,US
18682,US,US,North American,34.0594,2628.6912,173.2267,199.9844,US
18683,US,US,North American,169.5975,2007.5215,22.0941,145.3337,US
18684,US,US,North American,,,,,US
18685,US,US,North American,27.2668,537.0900,17.2678,43.8002,US
18686,US,US,North American,15.8979,955.5692,100.6907,54.2761,US
18687,US,US,North American,40.7869,983.2354,118.8364,36.9725,US
18688,US,US,North American,15.3556,527.6741,11.5991,46.9982,US
18689,US,US,North American,184.2103,1578.0795,93.4069,48.7470,US
18690,US,US,North American,32.4605,1495.4590,201.1036,62.2947,US
18691,US,US,North American,63.8873,1893.2193,372.0364,10.6154,US
18692,US,US,North American,258.4420,2665.7600,34.9440,176.3960,US
18693,US,US,North American,95.0710,1382.5212,54.0205,92.9929,US
18694,US,US,North American,128.3589,978.5440,33.0665,41.8585,US
18695,US,US,North American,207.2160,1089.4540,26.5528,19.0740,US
18696,US,US,North American,363.4739,1757.9922,53.9191,10.7866,US
18697,US,US,North American,13.1683,1594.5702,81.0322,136.9014,US
18698,US,US,North American,134.7410,2390.4502,206.9296,108.9331,US
18699,US,US,North American,148.7597,835.3787,3.9020,27.6425,US
18700,US,US,North American,37.3043,1062.7550,96.0602,58.7876,US
18701,US,US,North American,16.0213,1428.3547,116.1917,101.4548,US
18702,US,US,North American,371.8896,2414.4096,36.1777,95.6123,US
18703,US,US,North American,44.2704,417.5510,24.8626,18.2516,US
18704,US,US,North American,103.5844,1740.9992,65.3952,125.9658,US
18705,US,US,North American,251.2917,1516.5838,40.1206,47.6130,US
18706,US,US,North American,104.8035,1844.2406,214.9649,57.3556,US
18707,US,US,North American,334.8242,2090.3788,71.1049,51.3431,US
18708,US,US,North American,252.8076,1473.5690,43.6685,31.3308,US
18709,US,US,North American,89.4413,3904.9995,583.5780,120.4550,US
18710,US,US,North American,283.1242,1828.4804,98.1819,39.9001,US
18711,US,US,North American,18.0467,570.4593,66.8749,26.0281,US
18712,US,US,North American,118.5413,1584.7752,130.9453,73.4708,US
18713,US,US,North American,103.7413,1181.7841,117.8500,27.5057,US
18714,US,US,North American,21.9659,1823.4335,366.8482,20.0278,US
18715,US,US,North American,1.0498,4.0635,0.0000,0.0000,US
18716,US,US,North American,0.0000,703.0800,93.9859,33.4303,US
18717,US,US,North American,14.4061,848.8545,133.8247,25.8281,US
18718,US,US,North American,330.9252,1492.4263,40.7076,8.8779,US
18719,US,US,North American,452.6277,2693.5640,54.1805,84.6013,US
18720,US,US,North American,1833.7580,12857.6587,448.0759,444.8483,US
18721,US,US,North American,303.9896,1767.0955,50.0606,35.0788,US
18722,US,US,North American,142.5724,2936.7906,192.9009,190.9763,US
18723,US,US,North American,47.7560,1311.1092,219.0424,21.5949,US
18724,US,US,North American,22.6209,708.1029,42.2399,49.1816,US
18725,US,US,North American,13.6306,297.7112,1.7954,27.1812,US
18726,US,US,North American,27.0598,933.5680,44.9255,70.9937,US
18727,US,US,North American,36.3327,418.0238,12.2747,29.0391,US
18728,US,US,North American,181.5393,812.3337,6.4660,11.3779,US
18729,US,US,North American,103.2990,1400.9426,61.3422,85.3055,US
18730,US,US,North American,157.2527,1591.7756,37.1991,96.3873,US
18731,US,US,North American,487.8850,4303.3720,70.6810,243.1726,US
18732,US,US,North American,900.3539,5564.8200,10.0253,233.0037,US
18733,US,US,North American,14.0219,3308.6185,282.4915,227.7247,US
18734,US,US,North American,389.6138,4537.1161,202.4509,237.5961,US
18735,US,US,North American,5.2133,299.9983,3.0139,30.4222,US
18736,US,US,North American,20.9460,1142.6238,105.0507,71.1558,US
18737,US,US,North American,12.0393,879.6367,6.1932,90.9858,US
18738,US,US,North American,62.8560,1771.4676,132.5042,117.4667,US
18739,US,US,North American,16.8785,68.9640,3.0079,0.8996,US
18740,US,US,North American,6.7590,105.0682,1.0087,8.7992,US
18741,US,US,North American,40.6778,4143.4332,239.1137,331.4071,US
18742,US,US,North American,81.7857,339.4800,7.4811,2.8378,US
18743,US,US,North American,640.4238,3501.0145,77.2679,80.8271,US
18744,US,US,North American,603.1813,4501.9870,25.3203,237.9591,US
18745,US,US,North American,78.0808,1279.3600,52.1160,89.5152,US
18746,US,US,North American,319.1439,3115.7900,38.6945,200.1695,US
18747,US,US,North American,91.7845,1255.6311,119.4459,48.6541,US
18748,US,US,North American,32.0118,1159.5831,19.9432,109.2653,US
18749,US,US,North American,57.5598,1132.5436,76.6953,64.0774,US
18750,US,US,North American,231.0365,1998.8520,17.5007,116.4903,US
18751,US,US,North American,86.3903,2241.4440,85.2780,169.8120,US
18752,US,US,North American,62.4388,1288.3200,42.8660,95.7692,US
18753,US,US,North American,192.3710,2806.2576,311.5600,81.3956,US
